fattening_day,wts,yr,DOY,RAD,MINT,MAXT,VPR,WIND,RAIN,AHA,OKTA,is_observed,source_day,updated_at,season_start_date
1,1,1998,1,2481,6,6.8,0.933,1.7,2.2,0.920257639,6.16523966,1,1,2026-04-28T16:35:19Z,1998-01-01
2,1,1998,2,2671,4.3,9.6,0.858,5,5,0.915413096,5.935020311,1,2,2026-04-28T16:35:19Z,1998-01-01
3,1,1998,3,2745,4.1,12.6,0.893,5.3,2.2,0.910269181,5.829516618,1,3,2026-04-28T16:35:19Z,1998-01-01
4,1,1998,4,3859,2.5,11.9,0.753,5.2,1.2,0.904840361,4.037483894,1,4,2026-04-28T16:35:19Z,1998-01-01
5,1,1998,5,4838,3.4,10.8,0.743,6.1,5,0.89914155,2.120449931,1,5,2026-04-28T16:35:19Z,1998-01-01
6,1,1998,6,2652,6.7,10.3,0.943,3.3,4,0.893188024,6.051566937,1,6,2026-04-28T16:35:19Z,1998-01-01
7,1,1998,7,4297,4.9,12.9,0.918,2.9,0,0.886995327,3.203149524,1,7,2026-04-28T16:35:19Z,1998-01-01
8,1,1998,8,6140,2.9,13.7,0.813,1.8,0,0.880579186,0,1,8,2026-04-28T16:35:19Z,1998-01-01
9,1,1998,9,7065,-1,11.6,0.713,1.2,0,0.873955426,0,1,9,2026-04-28T16:35:19Z,1998-01-01
10,1,1998,10,7299,-0.2,11.6,0.768,2.2,0,0.867139891,0,1,10,2026-04-28T16:35:19Z,1998-01-01
11,1,1998,11,5322,2.9,13.9,0.768,2.9,0,0.860148369,1.664654373,1,11,2026-04-28T16:35:19Z,1998-01-01
12,1,1998,12,2947,2.3,11.6,0.808,2.7,0,0.852996519,5.938656774,1,12,2026-04-28T16:35:19Z,1998-01-01
13,1,1998,13,3816,7.8,14.1,0.903,7,2.4,0.845699807,4.582023328,1,13,2026-04-28T16:35:19Z,1998-01-01
14,1,1998,14,2917,5.5,8.7,0.828,3.4,0,0.87732203,6.063786278,1,14,2026-04-28T16:35:19Z,1998-01-01
15,1,1998,15,3289,-1.5,5.7,0.728,3.1,7.8,0.868981344,5.659010055,1,15,2026-04-28T16:35:19Z,1998-01-01
16,1,1998,16,2812,4.9,8.7,0.903,5,9,0.860539152,6.26130705,1,16,2026-04-28T16:35:19Z,1998-01-01
17,1,1998,17,5637,3.4,7.2,0.713,2.4,0,0.852011406,1.911606813,1,17,2026-04-28T16:35:19Z,1998-01-01
18,1,1998,18,2876,-2.7,8.2,0.708,4,14,0.843413505,6.371350225,1,18,2026-04-28T16:35:19Z,1998-01-01
19,1,1998,19,3105,5.1,8.8,0.828,5.1,4,0.83476026,6.069294969,1,19,2026-04-28T16:35:19Z,1998-01-01
20,1,1998,20,3075,0.7,2.7,0.638,6.5,0,0.826065862,6.266167152,1,20,2026-04-28T16:35:19Z,1998-01-01
21,1,1998,21,3774,2.1,4.2,0.598,5.2,0,0.817343865,5.476302909,1,21,2026-04-28T16:35:19Z,1998-01-01
22,1,1998,22,5886,-2.6,1.6,0.478,4.1,0,0.808607167,2.582911943,1,22,2026-04-28T16:35:19Z,1998-01-01
23,1,1998,23,8236,-2.4,3.8,0.508,1.6,0,0.799868001,0,1,23,2026-04-28T16:35:19Z,1998-01-01
24,1,1998,24,3092,-4.6,0.1,0.508,2.5,0.4,0.791137932,6.521872881,1,24,2026-04-28T16:35:19Z,1998-01-01
25,1,1998,25,3132,-0.9,0.5,0.523,2.8,0.4,0.782427851,6.518498835,1,25,2026-04-28T16:35:19Z,1998-01-01
26,1,1998,26,3381,-7.3,-1.1,0.458,1.3,0,0.773747984,6.350396196,1,26,2026-04-28T16:35:19Z,1998-01-01
27,1,1998,27,3215,-2.5,0.5,0.508,1.6,0,0.765107895,6.538547831,1,27,2026-04-28T16:35:19Z,1998-01-01
28,1,1998,28,3258,-2.6,0.5,0.543,1.6,0,0.790308266,6.523233387,1,28,2026-04-28T16:35:19Z,1998-01-01
29,1,1998,29,3302,-3.4,-1.9,0.503,1.7,0,0.780890464,6.553608275,1,29,2026-04-28T16:35:19Z,1998-01-01
30,1,1998,30,4691,-2.5,1.9,0.498,2.1,0,0.771555899,5.127385017,1,30,2026-04-28T16:35:19Z,1998-01-01
31,1,1998,31,4235,-1.7,3.2,0.518,2,0,0.762312065,5.701619419,1,31,2026-04-28T16:35:19Z,1998-01-01
32,1,1998,32,4284,-1.9,3.1,0.582,2.1,0,0.753165771,5.667673868,1,32,2026-04-28T16:35:19Z,1998-01-01
33,1,1998,33,3487,-1.1,-0.4,0.553,1.6,0,0.744123172,6.549267829,1,33,2026-04-28T16:35:19Z,1998-01-01
34,1,1998,34,5277,-3.2,-0.6,0.478,2.2,0,0.735189799,4.833717214,1,34,2026-04-28T16:35:19Z,1998-01-01
35,1,1998,35,7959,-6.1,1,0.423,1.3,0,0.726370585,1.590158362,1,35,2026-04-28T16:35:19Z,1998-01-01
36,1,1998,36,6462,-7.8,0.4,0.428,1,0,0.717669902,3.725734732,1,36,2026-04-28T16:35:19Z,1998-01-01
37,1,1998,37,6768,-6.7,1,0.448,1.1,0,0.709091585,3.446316541,1,37,2026-04-28T16:35:19Z,1998-01-01
38,1,1998,38,3777,-6,2.5,0.548,1.4,2.2,0.700638963,6.551003571,1,38,2026-04-28T16:35:19Z,1998-01-01
39,1,1998,39,7328,-1.4,4.8,0.628,1.3,0,0.692314894,2.730337936,1,39,2026-04-28T16:35:19Z,1998-01-01
40,1,1998,40,9720,-4.2,10.5,0.573,1.3,0,0.712938557,0,1,40,2026-04-28T16:35:19Z,1998-01-01
41,1,1998,41,11175,-2.7,12.9,0.603,1.2,0,0.704071371,0,1,41,2026-04-28T16:35:19Z,1998-01-01
42,1,1998,42,11577,-3,14.3,0.578,1.1,0,0.695363207,0,1,42,2026-04-28T16:35:19Z,1998-01-01
43,1,1998,43,11583,-2.4,16,0.613,1,0,0.686814892,0,1,43,2026-04-28T16:35:19Z,1998-01-01
44,1,1998,44,11750,-2.7,15.6,0.648,1.2,0,0.678426888,0,1,44,2026-04-28T16:35:19Z,1998-01-01
45,1,1998,45,11632,-1.6,14.6,0.728,1.1,0,0.670199317,0,1,45,2026-04-28T16:35:19Z,1998-01-01
46,1,1998,46,9816,-1.7,13.3,0.748,1.1,0,0.66213199,0.481203344,1,46,2026-04-28T16:35:19Z,1998-01-01
47,1,1998,47,6958,-1.6,15.2,0.853,2.5,0,0.654224435,3.984286222,1,47,2026-04-28T16:35:19Z,1998-01-01
48,1,1998,48,6453,5.8,10,0.793,2.9,0,0.646475927,4.664641264,1,48,2026-04-28T16:35:19Z,1998-01-01
49,1,1998,49,8785,-1.6,10.7,0.703,1.6,0,0.638885506,2.416219655,1,49,2026-04-28T16:35:19Z,1998-01-01
50,1,1998,50,9835,-1.9,13.5,0.753,1.3,0,0.656811025,1.263885363,1,50,2026-04-28T16:35:19Z,1998-01-01
51,1,1998,51,10286,-1.6,17.3,0.768,2,0,0.648818374,0.878821727,1,51,2026-04-28T16:35:19Z,1998-01-01
52,1,1998,52,8699,3.7,16.8,0.848,3.5,16,0.641004231,2.784273175,1,52,2026-04-28T16:35:19Z,1998-01-01
53,1,1998,53,5757,7.4,10.1,0.883,2.8,2.2,0.633366193,5.651862205,1,53,2026-04-28T16:35:19Z,1998-01-01
54,1,1998,54,4435,2.1,6.6,0.683,5.6,0,0.62590173,6.775057976,1,54,2026-04-28T16:35:19Z,1998-01-01
55,1,1998,55,12763,-0.6,11.6,0.758,4.6,0,0.618608203,0,1,55,2026-04-28T16:35:19Z,1998-01-01
56,1,1998,56,5481,3.5,12.1,0.923,2.6,0,0.611482882,6.046160658,1,56,2026-04-28T16:35:19Z,1998-01-01
57,1,1998,57,5280,4.7,11,0.948,0.8,0,0.604522961,6.239013798,1,57,2026-04-28T16:35:19Z,1998-01-01
58,1,1998,58,4935,6,11.7,0.943,1.8,0,0.59772557,6.530326842,1,58,2026-04-28T16:35:19Z,1998-01-01
59,1,1998,59,5464,6.9,11.2,0.853,3.9,1.4,0.613844997,6.268345158,1,59,2026-04-28T16:35:19Z,1998-01-01
60,1,1998,60,8512,4.7,10.2,0.738,2.7,0,0.606735159,4.109828693,1,60,2026-04-28T16:35:19Z,1998-01-01
61,1,1998,61,6312,4.1,11.7,0.723,1.6,0,0.599801648,6.515299754,1,61,2026-04-28T16:35:19Z,1998-01-01
62,1,1998,62,6245,1.3,15.4,0.733,3.6,0,0.593040663,6.595485948,1,62,2026-04-28T16:35:19Z,1998-01-01
63,1,1998,63,5507,10.1,16.3,0.903,5.8,2,0.586448418,6.968414769,1,63,2026-04-28T16:35:19Z,1998-01-01
64,1,1998,64,12719,6.9,12.3,0.703,4.5,0,0.580021147,2.668048227,1,64,2026-04-28T16:35:19Z,1998-01-01
65,1,1998,65,12262,1.9,16.2,0.658,2.7,0,0.573755117,3.163268988,1,65,2026-04-28T16:35:19Z,1998-01-01
66,1,1998,66,5620,2.5,14.2,0.863,3.8,1.6,0.567646628,7.030556335,1,66,2026-04-28T16:35:19Z,1998-01-01
67,1,1998,67,5541,8.1,8.9,0.893,4.1,12.6,0.561692025,7.095125677,1,67,2026-04-28T16:35:19Z,1998-01-01
68,1,1998,68,7748,5,6,0.608,4.5,0,0.576272815,6.167487555,1,68,2026-04-28T16:35:19Z,1998-01-01
69,1,1998,69,15255,-4.5,8.9,0.393,2.2,6,0.570074303,1.73240136,1,69,2026-04-28T16:35:19Z,1998-01-01
70,1,1998,70,5749,0.7,5.6,0.723,3.1,7,0.564038867,7.129547868,1,70,2026-04-28T16:35:19Z,1998-01-01
71,1,1998,71,5818,2.3,4.1,0.673,5,0.8,0.558162305,7.140501434,1,71,2026-04-28T16:35:19Z,1998-01-01
72,1,1998,72,11269,-1.6,7.8,0.578,2.9,0,0.5524405,4.571153358,1,72,2026-04-28T16:35:19Z,1998-01-01
73,1,1998,73,5958,0.2,7.8,0.713,2.7,0,0.546869425,7.140884869,1,73,2026-04-28T16:35:19Z,1998-01-01
74,1,1998,74,6028,6,9.3,0.803,4.2,0,0.541445145,7.131405437,1,74,2026-04-28T16:35:19Z,1998-01-01
75,1,1998,75,6151,5.6,11.2,0.903,3.1,0,0.536163816,7.100914195,1,75,2026-04-28T16:35:19Z,1998-01-01
76,1,1998,76,9118,6.4,12,0.838,3.7,0,0.531021683,5.879666075,1,76,2026-04-28T16:35:19Z,1998-01-01
77,1,1998,77,15623,3.5,14.2,0.793,2.9,0,0.544330752,2.306724336,1,77,2026-04-28T16:35:19Z,1998-01-01
78,1,1998,78,15649,1.9,12.5,0.638,3.9,0,0.538996489,2.512889068,1,78,2026-04-28T16:35:19Z,1998-01-01
79,1,1998,79,18680,-0.9,10.7,0.548,3.9,0,0.533807621,0.701260975,1,79,2026-04-28T16:35:19Z,1998-01-01
80,1,1998,80,10018,2.6,11.8,0.663,4.1,0,0.528760099,5.729797375,1,80,2026-04-28T16:35:19Z,1998-01-01
81,1,1998,81,19247,-2.1,10.8,0.423,2.9,0,0.523849989,0.745298742,1,81,2026-04-28T16:35:19Z,1998-01-01
82,1,1998,82,8450,-2.4,7,0.598,3,0,0.51907347,6.500410956,1,82,2026-04-28T16:35:19Z,1998-01-01
83,1,1998,83,10183,-1.5,6.3,0.533,4.1,0,0.514426832,5.852594426,1,83,2026-04-28T16:35:19Z,1998-01-01
84,1,1998,84,17918,-4.4,10.1,0.423,2.5,0,0.509906477,2.007373394,1,84,2026-04-28T16:35:19Z,1998-01-01
85,1,1998,85,18387,-4.5,13.8,0.458,1.2,0,0.505508909,1.818799918,1,85,2026-04-28T16:35:19Z,1998-01-01
86,1,1998,86,11909,5.9,15.5,0.778,1.3,0,0.517790752,5.180961115,1,86,2026-04-28T16:35:19Z,1998-01-01
87,1,1998,87,13306,2.4,19.6,0.828,2.5,0,0.513240555,4.573575298,1,87,2026-04-28T16:35:19Z,1998-01-01
88,1,1998,88,19642,4.2,22.5,0.788,3.1,0,0.508817472,1.186250908,1,88,2026-04-28T16:35:19Z,1998-01-01
89,1,1998,89,19551,5,19.7,0.768,1.9,0,0.504517862,1.386015755,1,89,2026-04-28T16:35:19Z,1998-01-01
90,1,1998,90,16310,5.3,21.9,0.893,3,0.8,0.500338201,3.266961049,1,90,2026-04-28T16:35:19Z,1998-01-01
91,1,1998,91,7962,10.2,13.9,1.123,1.6,2,0.496275078,6.890706239,1,91,2026-04-28T16:35:19Z,1998-01-01
92,1,1998,92,8497,6.7,13.8,1.123,3,4,0.492325194,6.736107212,1,92,2026-04-28T16:35:19Z,1998-01-01
93,1,1998,93,11478,11,20.5,1.113,5.9,12,0.488485354,5.653923564,1,93,2026-04-28T16:35:19Z,1998-01-01
94,1,1998,94,10689,5.3,13.5,0.863,4.4,0,0.48475247,6.059142182,1,94,2026-04-28T16:35:19Z,1998-01-01
95,1,1998,95,10665,5,13.8,0.833,3.5,1,0.496223403,6.113504911,1,95,2026-04-28T16:35:19Z,1998-01-01
96,1,1998,96,11271,3.5,14,0.853,3.4,7.2,0.492368759,5.923700504,1,96,2026-04-28T16:35:19Z,1998-01-01
97,1,1998,97,10582,7.8,13.7,0.908,3.8,3,0.488624255,6.2026256,1,97,2026-04-28T16:35:19Z,1998-01-01
98,1,1998,98,11495,5.5,13.5,0.823,2.6,3,0.484986738,5.928152737,1,98,2026-04-28T16:35:19Z,1998-01-01
99,1,1998,99,12297,3.1,14,0.803,3.7,2.4,0.48145316,5.675381619,1,99,2026-04-28T16:35:19Z,1998-01-01
100,1,1998,100,12559,3.4,10,0.778,2.2,1,0.478020575,5.625611076,1,100,2026-04-28T16:35:19Z,1998-01-01
101,1,1998,101,7515,3,8.7,0.693,2.8,1,0.474686139,7.308617172,1,101,2026-04-28T16:35:19Z,1998-01-01
102,1,1998,102,9340,2.4,8.1,0.723,3.1,5.4,0.471447102,6.795731706,1,102,2026-04-28T16:35:19Z,1998-01-01
103,1,1998,103,9713,0.1,5.9,0.638,2.2,1,0.468300807,6.721760266,1,103,2026-04-28T16:35:19Z,1998-01-01
104,1,1998,104,20222,-2.9,10.7,0.528,3.6,0.4,0.465244685,2.709544787,1,104,2026-04-28T16:35:19Z,1998-01-01
105,1,1998,105,8262,5.9,11.1,0.798,5.8,4,0.475908629,7.163162827,1,105,2026-04-28T16:35:19Z,1998-01-01
106,1,1998,106,16749,1.3,11.7,0.658,4.6,2,0.472760827,4.311905485,1,106,2026-04-28T16:35:19Z,1998-01-01
107,1,1998,107,11905,6.5,11.9,0.748,6.5,9,0.4697056,6.117003109,1,107,2026-04-28T16:35:19Z,1998-01-01
108,1,1998,108,9688,2.9,8.9,0.738,5.3,3.4,0.466740365,6.829557295,1,108,2026-04-28T16:35:19Z,1998-01-01
109,1,1998,109,14414,3.6,11.9,0.803,1.6,2,0.463862624,5.305533838,1,109,2026-04-28T16:35:19Z,1998-01-01
110,1,1998,110,13934,3.2,14.5,0.968,2.4,1,0.461069968,5.472348433,1,110,2026-04-28T16:35:19Z,1998-01-01
111,1,1998,111,20450,6.2,19.9,1.078,1.6,0,0.458360066,2.832679165,1,111,2026-04-28T16:35:19Z,1998-01-01
112,1,1998,112,23374,5.8,22.3,0.993,2.3,0,0.455730671,1.554370411,1,112,2026-04-28T16:35:19Z,1998-01-01
113,1,1998,113,19766,8.3,19.5,1.133,2.8,0,0.453179608,3.245883707,1,113,2026-04-28T16:35:19Z,1998-01-01
114,1,1998,114,11526,8.8,16.2,1.043,2.6,0,0.463429149,6.371676005,1,114,2026-04-28T16:35:19Z,1998-01-01
115,1,1998,115,15072,8.2,19.2,1.243,2.1,6,0.460806845,5.183341196,1,115,2026-04-28T16:35:19Z,1998-01-01
116,1,1998,116,9115,11.5,16.1,1.323,2.8,52,0.458264942,7.064860062,1,116,2026-04-28T16:35:19Z,1998-01-01
117,1,1998,117,10507,5.5,11,0.938,3.4,6,0.455801274,6.749712215,1,117,2026-04-28T16:35:19Z,1998-01-01
118,1,1998,118,17269,5.5,14.7,0.863,1.7,0.4,0.453413747,4.604289098,1,118,2026-04-28T16:35:19Z,1998-01-01
119,1,1998,119,14658,1.3,15.7,0.928,1.8,4.2,0.45110034,5.53548901,1,119,2026-04-28T16:35:19Z,1998-01-01
120,1,1998,120,11071,8.7,16,1.178,1.8,10,0.4488591,6.614564721,1,120,2026-04-28T16:35:19Z,1998-01-01
121,1,1998,121,13183,7.4,16.1,1.153,2,0,0.446688144,6.014283485,1,121,2026-04-28T16:35:19Z,1998-01-01
122,1,1998,122,12472,8.8,15,1.173,2.1,1,0.444585649,6.249076216,1,122,2026-04-28T16:35:19Z,1998-01-01
123,1,1998,123,10854,7.2,14.1,1.128,4.2,0,0.442549859,6.734313359,1,123,2026-04-28T16:35:19Z,1998-01-01
124,1,1998,124,11880,8.9,12.5,0.943,6,0,0.440579076,6.496661773,1,124,2026-04-28T16:35:19Z,1998-01-01
125,1,1998,125,17384,3,15.1,0.918,3.2,0,0.450340943,4.798882615,1,125,2026-04-28T16:35:19Z,1998-01-01
126,1,1998,126,13745,9.3,15.6,0.983,3,0,0.448324705,5.989509948,1,126,2026-04-28T16:35:19Z,1998-01-01
127,1,1998,127,26564,4.9,20.9,0.998,1.6,0,0.446375327,1.122297363,1,127,2026-04-28T16:35:19Z,1998-01-01
128,1,1998,128,23316,7.6,24.4,0.983,4.3,0,0.444491132,2.619643994,1,128,2026-04-28T16:35:19Z,1998-01-01
129,1,1998,129,24564,9.3,25.9,1.068,2.1,0,0.442670499,2.097595034,1,129,2026-04-28T16:35:19Z,1998-01-01
130,1,1998,130,26927,7.6,27.6,1.163,1.8,0,0.440911866,1.043964497,1,130,2026-04-28T16:35:19Z,1998-01-01
131,1,1998,131,26345,10.4,28.5,1.238,1.9,0,0.439213724,1.328963142,1,131,2026-04-28T16:35:19Z,1998-01-01
132,1,1998,132,25365,10.8,27.6,1.278,1.8,0,0.437574618,1.800990513,1,132,2026-04-28T16:35:19Z,1998-01-01
133,1,1998,133,19642,11.4,26.6,1.413,1.6,0,0.435993145,4.102718949,1,133,2026-04-28T16:35:19Z,1998-01-01
134,1,1998,134,22466,11.8,28.2,1.558,2.4,0,0.434467955,3.001220608,1,134,2026-04-28T16:35:19Z,1998-01-01
135,1,1998,135,26154,13.6,24.5,1.273,3.4,0,0.432997745,1.599347096,1,135,2026-04-28T16:35:19Z,1998-01-01
136,1,1998,136,28330,9.1,20.5,1.003,4,0,0.442558373,0.821201517,1,136,2026-04-28T16:35:19Z,1998-01-01
137,1,1998,137,23411,6.6,20.7,0.938,3.9,0,0.441066499,2.975116231,1,137,2026-04-28T16:35:19Z,1998-01-01
138,1,1998,138,28587,6.3,20.8,0.953,3.7,0,0.439631499,0.834834436,1,138,2026-04-28T16:35:19Z,1998-01-01
139,1,1998,139,28314,6.3,22.7,1.013,2.5,0,0.438252101,0.966583969,1,139,2026-04-28T16:35:19Z,1998-01-01
140,1,1998,140,27973,7,23.2,1.113,2.3,0,0.436927082,1.104349649,1,140,2026-04-28T16:35:19Z,1998-01-01
141,1,1998,141,24837,9.8,22.6,1.198,3.1,0,0.435655264,2.430275681,1,141,2026-04-28T16:35:19Z,1998-01-01
142,1,1998,142,20498,11.5,18.6,0.998,3.8,0,0.434435517,4.168405153,1,142,2026-04-28T16:35:19Z,1998-01-01
143,1,1998,143,27532,3.8,18.2,0.823,2.9,0,0.433266755,1.582307953,1,143,2026-04-28T16:35:19Z,1998-01-01
144,1,1998,144,21450,4.9,18.9,0.943,3.1,0,0.432147936,3.900790743,1,144,2026-04-28T16:35:19Z,1998-01-01
145,1,1998,145,17821,6,20.4,1.093,2,0,0.431078065,5.083238649,1,145,2026-04-28T16:35:19Z,1998-01-01
146,1,1998,146,12651,9.6,19,1.213,2.3,1,0.430056185,6.545803182,1,146,2026-04-28T16:35:19Z,1998-01-01
147,1,1998,147,11546,11.3,19.3,1.278,2.1,4,0.429081385,6.821575524,1,147,2026-04-28T16:35:19Z,1998-01-01
148,1,1998,148,10171,11.4,14.9,1.368,1.8,6,0.428152795,7.142850564,1,148,2026-04-28T16:35:19Z,1998-01-01
149,1,1998,149,18091,10.5,19,1.243,1.5,0,0.427269586,5.020419764,1,149,2026-04-28T16:35:19Z,1998-01-01
150,1,1998,150,19996,7.8,22.1,1.298,3.6,9,0.426430969,4.400072314,1,150,2026-04-28T16:35:19Z,1998-01-01
151,1,1998,151,12525,12.1,15.8,1.298,2,15,0.425636195,6.605147082,1,150,2026-04-28T16:35:19Z,1998-01-01
152,1,1998,152,17106,5.6,23.1,1.218,3.3,0,0.424884555,5.364415097,1,150,2026-04-28T16:35:19Z,1998-01-01
153,1,1998,153,13580,14.8,22.7,1.423,3.1,7,0.434340454,6.330560393,1,150,2026-04-28T16:35:19Z,1998-01-01
154,1,1998,154,23195,11.5,22.9,1.493,1,0.2,0.433609877,3.269536198,1,150,2026-04-28T16:35:19Z,1998-01-01
155,1,1998,155,23691,12.8,26.5,1.723,1.4,0,0.432924714,3.024472115,1,150,2026-04-28T16:35:19Z,1998-01-01
156,1,1998,156,19888,15.1,30.5,1.888,1.6,0,0.432284312,4.368820375,1,150,2026-04-28T16:35:19Z,1998-01-01
157,1,1998,157,15947,15.4,25.5,1.878,1.8,5,0.43168806,5.63145226,1,150,2026-04-28T16:35:19Z,1998-01-01
158,1,1998,158,15562,14.9,20.3,1.463,3.5,1,0.431135388,5.815534153,1,150,2026-04-28T16:35:19Z,1998-01-01
159,1,1998,159,18537,9.7,20.5,1.203,2.1,0,0.430625765,4.99348355,1,150,2026-04-28T16:35:19Z,1998-01-01
160,1,1998,160,19091,10.7,25,1.478,1.8,16,0.430158703,4.76009245,1,150,2026-04-28T16:35:19Z,1998-01-01
161,1,1998,161,13592,16.3,20.6,1.518,2.9,3.2,0.429733751,6.356066514,1,150,2026-04-28T16:35:19Z,1998-01-01
162,1,1998,162,18447,11.8,17.3,1.063,4.3,5,0.4293505,5.074457592,1,150,2026-04-28T16:35:19Z,1998-01-01
163,1,1998,163,14693,8,15.3,1.008,3.8,0.4,0.42900858,6.153788805,1,150,2026-04-28T16:35:19Z,1998-01-01
164,1,1998,164,20489,5.3,18.2,1.068,1.9,0.2,0.428707659,4.440301695,1,150,2026-04-28T16:35:19Z,1998-01-01
165,1,1998,165,13703,11.3,18.4,1.293,2.9,11.8,0.428447449,6.369446969,1,150,2026-04-28T16:35:19Z,1998-01-01
166,1,1998,166,16268,10.7,18.7,1.243,2.4,3.6,0.428227696,5.687621277,1,150,2026-04-28T16:35:19Z,1998-01-01
167,1,1998,167,22329,9.2,18.8,1.053,3,0.2,0.428048187,3.841007812,1,150,2026-04-28T16:35:19Z,1998-01-01
168,1,1998,168,24622,6.2,19.9,1.063,1.5,0,0.427908749,3.02412154,1,150,2026-04-28T16:35:19Z,1998-01-01
169,1,1998,169,27722,7.5,23.2,1.163,1.4,0,0.427809248,1.784947148,1,150,2026-04-28T16:35:19Z,1998-01-01
170,1,1998,170,29407,10,26.2,1.328,1.6,0,0.427749585,1.003838567,1,150,2026-04-28T16:35:19Z,1998-01-01
171,1,1998,171,30080,11.4,31,1.473,2.3,0,0.427729704,0.638845603,1,150,2026-04-28T16:35:19Z,1998-01-01
172,1,1998,172,25571,13.8,31.3,1.483,2.6,0,0.427749585,2.498790988,1,150,2026-04-28T16:35:19Z,1998-01-01
173,1,1998,173,14334,17.1,24.4,1.678,2.6,0,0.427809248,6.153004125,1,150,2026-04-28T16:35:19Z,1998-01-01
174,1,1998,174,22334,13.6,24.8,1.333,2.6,0.4,0.427908749,3.742458009,1,150,2026-04-28T16:35:19Z,1998-01-01
175,1,1998,175,29862,11.7,26.6,1.463,1.9,0,0.428048187,0.721444024,1,150,2026-04-28T16:35:19Z,1998-01-01
176,1,1998,176,16608,14.3,22.7,1.583,2.5,0.8,0.428227696,5.521177162,1,150,2026-04-28T16:35:19Z,1998-01-01
177,1,1998,177,12499,15.2,21.5,1.663,1.3,0,0.428447449,6.622905413,1,150,2026-04-28T16:35:19Z,1998-01-01
178,1,1998,178,19012,14.9,26.7,1.788,2.6,0,0.428707659,4.729480595,1,150,2026-04-28T16:35:19Z,1998-01-01
179,1,1998,179,19137,15,22.7,1.388,2.6,0,0.42900858,4.772820504,1,150,2026-04-28T16:35:19Z,1998-01-01
180,1,1998,180,29604,8.7,25.4,1.238,1.4,0,0.4293505,0.895178365,1,150,2026-04-28T16:35:19Z,1998-01-01
181,1,1998,181,14813,11.5,24.5,1.433,2,0,0.429733751,6.033843765,1,150,2026-04-28T16:35:19Z,1998-01-01
182,1,1998,182,18338,12.9,25.1,1.588,2.5,17,0.430158703,4.960587227,1,150,2026-04-28T16:35:19Z,1998-01-01
183,1,1998,183,14918,15.3,24,1.818,2.1,10,0.430625765,5.936593643,1,150,2026-04-28T16:35:19Z,1998-01-01
184,1,1998,184,16244,15.3,23,1.653,2.9,0,0.431135388,5.572785188,1,150,2026-04-28T16:35:19Z,1998-01-01
185,1,1998,185,23736,11.4,22.3,1.353,2.4,0,0.43168806,3.129972337,1,150,2026-04-28T16:35:19Z,1998-01-01
186,1,1998,186,28406,12.5,24.4,1.408,2.5,0,0.432284312,1.215000865,1,150,2026-04-28T16:35:19Z,1998-01-01
187,1,1998,187,29652,11.4,26.3,1.458,1.9,0,0.432924714,0.622191686,1,150,2026-04-28T16:35:19Z,1998-01-01
188,1,1998,188,15966,14.3,23.3,1.423,3.6,0,0.433609877,5.660633161,1,150,2026-04-28T16:35:19Z,1998-01-01
189,1,1998,189,19823,11.2,21.5,1.183,2.2,0,0.434340454,4.504071556,1,150,2026-04-28T16:35:19Z,1998-01-01
190,1,1998,190,23743,10.5,23.4,1.313,2.5,0,0.424884555,3.05403969,1,150,2026-04-28T16:35:19Z,1998-01-01
191,1,1998,191,14155,14.8,22.9,1.468,2.6,0,0.425636195,6.137624097,1,150,2026-04-28T16:35:19Z,1998-01-01
192,1,1998,192,20140,15.5,24.7,1.493,3.2,0.2,0.426430969,4.266284555,1,150,2026-04-28T16:35:19Z,1998-01-01
193,1,1998,193,29186,13.8,29,1.483,2,0,0.427269586,0.642336677,1,150,2026-04-28T16:35:19Z,1998-01-01
194,1,1998,194,14408,13.4,24,1.603,2,1,0.428152795,6.017054031,1,150,2026-04-28T16:35:19Z,1998-01-01
195,1,1998,195,27573,10.2,21.5,1.093,3,0,0.429081385,1.482450823,1,150,2026-04-28T16:35:19Z,1998-01-01
196,1,1998,196,21472,9.6,22.1,1.118,2.3,0,0.430056185,3.831563061,1,150,2026-04-28T16:35:19Z,1998-01-01
197,1,1998,197,11786,11.8,24.8,1.358,2.1,0,0.431078065,6.720015756,1,150,2026-04-28T16:35:19Z,1998-01-01
198,1,1998,198,18203,14.2,26.6,1.523,2.3,0,0.432147936,4.804625978,1,150,2026-04-28T16:35:19Z,1998-01-01
199,1,1998,199,23014,15.2,29.2,1.598,2.1,0,0.433266755,3.010928169,1,150,2026-04-28T16:35:19Z,1998-01-01
200,1,1998,200,26615,14.6,33.8,1.733,2.8,5,0.434435517,1.415624508,1,150,2026-04-28T16:35:19Z,1998-01-01
201,1,1998,201,27429,18.2,34.6,1.368,4.8,0,0.435655264,1.174004108,1,150,2026-04-28T16:35:19Z,1998-01-01
202,1,1998,202,16785,16.2,25.1,1.628,2.6,0.2,0.436927082,5.169569614,1,150,2026-04-28T16:35:19Z,1998-01-01
203,1,1998,203,24808,14.3,28.1,1.533,1.5,0,0.438252101,2.160384447,1,150,2026-04-28T16:35:19Z,1998-01-01
204,1,1998,204,25020,14.2,30.7,1.598,2.1,0,0.439631499,2.002948341,1,150,2026-04-28T16:35:19Z,1998-01-01
205,1,1998,205,23935,14.2,29.3,1.498,2.1,0,0.441066499,2.46184887,1,150,2026-04-28T16:35:19Z,1998-01-01
206,1,1998,206,26555,14.7,27.9,1.368,2.2,0,0.442558373,1.333324,1,150,2026-04-28T16:35:19Z,1998-01-01
207,1,1998,207,23886,12.7,30.2,1.348,1.9,0,0.432997745,2.458297444,1,150,2026-04-28T16:35:19Z,1998-01-01
208,1,1998,208,13551,14.7,23.4,1.668,2.6,10,0.434467955,6.054541546,1,150,2026-04-28T16:35:19Z,1998-01-01
209,1,1998,209,11014,15.8,21.6,1.518,2.8,0,0.435993145,6.767359835,1,150,2026-04-28T16:35:19Z,1998-01-01
210,1,1998,210,19093,15.9,26.1,1.518,2.7,0,0.437574618,4.186116841,1,150,2026-04-28T16:35:19Z,1998-01-01
211,1,1998,211,15113,15.7,26.2,1.643,3.1,0,0.439213724,5.513288191,1,150,2026-04-28T16:35:19Z,1998-01-01
212,1,1998,212,21916,15,24.1,1.323,2.4,1,0.440911866,3.068158412,1,150,2026-04-28T16:35:19Z,1998-01-01
213,1,1998,213,10116,15,16.8,1.448,1.3,15,0.442670499,6.955476115,1,150,2026-04-28T16:35:19Z,1998-01-01
214,1,1998,214,10981,11.9,17.6,1.458,1.1,0,0.444491132,6.71142645,1,150,2026-04-28T16:35:19Z,1998-01-01
215,1,1998,215,19315,10.6,23.2,1.428,3,0,0.446375327,3.944829009,1,150,2026-04-28T16:35:19Z,1998-01-01
216,1,1998,216,22038,11.9,25.8,1.548,3.3,0,0.448324705,2.743419054,1,150,2026-04-28T16:35:19Z,1998-01-01
217,1,1998,217,26948,14.9,25.2,1.433,3.9,0,0.450340943,0.434570213,1,150,2026-04-28T16:35:19Z,1998-01-01
218,1,1998,218,26994,11.3,28,1.303,2.4,0,0.440579076,0.406198703,1,150,2026-04-28T16:35:19Z,1998-01-01
219,1,1998,219,26843,12.3,30.2,1.388,1.9,0,0.442549859,0.357944787,1,150,2026-04-28T16:35:19Z,1998-01-01
220,1,1998,220,26562,12.2,32.5,1.683,1.4,0,0.444585649,0.2702812,1,150,2026-04-28T16:35:19Z,1998-01-01
221,1,1998,221,26152,15.7,34.6,1.773,1,0,0.446688144,0.359753482,1,150,2026-04-28T16:35:19Z,1998-01-01
222,1,1998,222,23347,15.7,35.8,1.718,1.5,0,0.4488591,1.718835585,1,150,2026-04-28T16:35:19Z,1998-01-01
223,1,1998,223,24245,16.2,36.6,1.798,1.4,0,0.45110034,1.166712494,1,150,2026-04-28T16:35:19Z,1998-01-01
224,1,1998,224,20492,18.5,35.5,1.888,2.5,0.4,0.453413747,2.867901133,1,150,2026-04-28T16:35:19Z,1998-01-01
225,1,1998,225,17897,16.7,26.3,1.598,2.3,0,0.455801274,4.021507716,1,150,2026-04-28T16:35:19Z,1998-01-01
226,1,1998,226,24414,11.2,26.6,1.103,2.3,0,0.458264942,1.174947355,1,150,2026-04-28T16:35:19Z,1998-01-01
227,1,1998,227,24507,10.3,32,1.278,1.5,0,0.460806845,0.946387682,1,150,2026-04-28T16:35:19Z,1998-01-01
228,1,1998,228,22263,14.3,31.8,1.503,1.5,0,0.463429149,1.891179469,1,150,2026-04-28T16:35:19Z,1998-01-01
229,1,1998,229,21416,14,32.2,1.678,2.4,3,0.453179608,2.16287761,1,150,2026-04-28T16:35:19Z,1998-01-01
230,1,1998,230,19001,16.3,27.3,1.913,2.1,4.2,0.455730671,3.169485016,1,150,2026-04-28T16:35:19Z,1998-01-01
231,1,1998,231,22351,15.2,27.7,1.568,1.9,0,0.458360066,1.575386521,1,150,2026-04-28T16:35:19Z,1998-01-01
232,1,1998,232,22376,13,28.8,1.373,2.3,0,0.461069968,1.563699042,1,150,2026-04-28T16:35:19Z,1998-01-01
233,1,1998,233,9414,15.7,23.6,1.478,3.8,2.6,0.463862624,6.802153433,1,150,2026-04-28T16:35:19Z,1998-01-01
234,1,1998,234,8423,15.1,19.3,1.848,2.8,2.8,0.466740365,7.040454201,1,150,2026-04-28T16:35:19Z,1998-01-01
235,1,1998,235,18298,14,24.1,1.538,2.4,0,0.4697056,3.278286327,1,150,2026-04-28T16:35:19Z,1998-01-01
236,1,1998,236,11315,13.3,19.2,1.508,2.5,5.2,0.472760827,6.099479344,1,150,2026-04-28T16:35:19Z,1998-01-01
237,1,1998,237,18229,9,22.8,1.273,1.8,0,0.475908629,3.260862452,1,150,2026-04-28T16:35:19Z,1998-01-01
238,1,1998,238,23506,7.9,27.1,1.243,1.8,0,0.465244685,0.404770073,1,150,2026-04-28T16:35:19Z,1998-01-01
239,1,1998,239,14200,10.7,19.7,1.113,3.8,0,0.468300807,4.967838524,1,150,2026-04-28T16:35:19Z,1998-01-01
240,1,1998,240,19328,7.1,19.2,0.883,4.6,0,0.471447102,2.659273317,1,150,2026-04-28T16:35:19Z,1998-01-01
241,1,1998,241,22179,5.7,19.3,0.838,2.7,0,0.474686139,1.077169798,1,150,2026-04-28T16:35:19Z,1998-01-01
242,1,1998,242,22782,4.4,21.8,0.908,1.6,0,0.478020575,0.570083179,1,150,2026-04-28T16:35:19Z,1998-01-01
243,1,1998,243,20621,5.7,28.4,1.113,1.1,0,0.48145316,1.569592987,1,150,2026-04-28T16:35:19Z,1998-01-01
244,1,1998,244,10185,14.2,26.3,1.658,1.4,0,0.484986738,6.212648058,1,150,2026-04-28T16:35:19Z,1998-01-01
245,1,1998,245,10110,15,27.5,1.713,1.9,3,0.488624255,6.197017297,1,150,2026-04-28T16:35:19Z,1998-01-01
246,1,1998,246,14590,17.1,23.2,1.558,3.5,0.2,0.492368759,4.27142761,1,150,2026-04-28T16:35:19Z,1998-01-01
247,1,1998,247,7838,9.6,17.4,1.543,1.6,10,0.496223403,6.958224741,1,150,2026-04-28T16:35:19Z,1998-01-01
248,1,1998,248,13632,13.6,21.4,1.443,2.9,1,0.48475247,4.621896191,1,150,2026-04-28T16:35:19Z,1998-01-01
249,1,1998,249,19138,11.2,22.7,1.318,1.3,0,0.488485354,1.654167231,1,150,2026-04-28T16:35:19Z,1998-01-01
250,1,1998,250,12976,12.5,22,1.518,1.4,2,0.492325194,4.785145915,1,150,2026-04-28T16:35:19Z,1998-01-01
251,1,1998,251,11094,12.8,22.4,1.398,2.4,0,0.496275078,5.599767449,1,150,2026-04-28T16:35:19Z,1998-01-01
252,1,1998,252,15895,12.9,29.3,1.553,2.4,0,0.500338201,3.121194679,1,150,2026-04-28T16:35:19Z,1998-01-01
253,1,1998,253,7316,15.9,18,1.638,1.7,22,0.504517862,6.967790233,1,150,2026-04-28T16:35:19Z,1998-01-01
254,1,1998,254,9411,13.7,19.1,1.453,2.4,16,0.508817472,6.157062926,1,150,2026-04-28T16:35:19Z,1998-01-01
255,1,1998,255,9614,10.5,16.4,1.063,4.6,3,0.513240555,6.097720611,1,150,2026-04-28T16:35:19Z,1998-01-01
256,1,1998,256,8124,5.9,12.3,0.948,4.1,10,0.517790752,6.664679488,1,150,2026-04-28T16:35:19Z,1998-01-01
257,1,1998,257,11745,8.5,16.3,0.993,3.9,1.4,0.505508909,5.059721282,1,150,2026-04-28T16:35:19Z,1998-01-01
258,1,1998,258,10483,9.7,16.9,1.123,4.1,4,0.509906477,5.559990182,1,150,2026-04-28T16:35:19Z,1998-01-01
259,1,1998,259,10061,10.8,18.2,1.303,3.8,1.4,0.514426832,5.661789679,1,150,2026-04-28T16:35:19Z,1998-01-01
260,1,1998,260,13334,10,18,1.118,2.7,0,0.51907347,3.972382019,1,150,2026-04-28T16:35:19Z,1998-01-01
261,1,1998,261,17444,5.7,19.1,1.053,2,0,0.523849989,1.331478969,1,150,2026-04-28T16:35:19Z,1998-01-01
262,1,1998,262,19432,4.8,19.6,1.038,1.8,0,0.528760099,0,1,150,2026-04-28T16:35:19Z,1998-01-01
263,1,1998,263,18040,5.2,18.8,1.058,1.6,0,0.533807621,0.59842254,1,150,2026-04-28T16:35:19Z,1998-01-01
264,1,1998,264,17526,5.3,20,1.128,1.3,0,0.538996489,0.770152378,1,150,2026-04-28T16:35:19Z,1998-01-01
265,1,1998,265,15676,6.7,21.6,1.253,1.4,0,0.544330752,1.885589988,1,150,2026-04-28T16:35:19Z,1998-01-01
266,1,1998,266,17089,8.2,22.2,1.293,1.4,0,0.531021683,0.673723492,1,150,2026-04-28T16:35:19Z,1998-01-01
267,1,1998,267,6555,11,18.9,1.368,1.6,0,0.536163816,6.84749338,1,150,2026-04-28T16:35:19Z,1998-01-01
268,1,1998,268,13404,8.2,22.9,1.353,3.5,0.2,0.541445145,3.026655431,1,150,2026-04-28T16:35:19Z,1998-01-01
269,1,1998,269,5412,15.6,18.6,1.418,4.7,21,0.546869425,7.248745239,1,150,2026-04-28T16:35:19Z,1998-01-01
270,1,1998,270,9720,10.8,20,1.253,4.5,3.4,0.5524405,5.155150892,1,150,2026-04-28T16:35:19Z,1998-01-01
271,1,1998,271,6423,11.7,16.9,1.473,2.2,4.8,0.558162305,6.743552157,1,150,2026-04-28T16:35:19Z,1998-01-01
272,1,1998,272,6708,12.7,17.7,1.458,1.4,5,0.564038867,6.57082668,1,150,2026-04-28T16:35:19Z,1998-01-01
273,1,1998,273,7900,13.8,18.1,1.378,2.2,1,0.570074303,5.930569738,1,150,2026-04-28T16:35:19Z,1998-01-01
274,1,1998,274,9429,7.3,17.3,1.178,1.5,1.8,0.576272815,5.039425805,1,150,2026-04-28T16:35:19Z,1998-01-01
275,1,1998,275,6035,10.8,15.9,1.328,2,3,0.561692025,6.782649458,1,150,2026-04-28T16:35:19Z,1998-01-01
276,1,1998,276,6313,10.3,12.6,1.198,2.8,2.6,0.567646628,6.623770978,1,150,2026-04-28T16:35:19Z,1998-01-01
277,1,1998,277,5549,8.8,12.1,1.238,1.9,3.2,0.573755117,6.947198368,1,150,2026-04-28T16:35:19Z,1998-01-01
278,1,1998,278,6948,8.5,13.4,1.153,1.3,0.4,0.580021147,6.205272854,1,150,2026-04-28T16:35:19Z,1998-01-01
279,1,1998,279,5414,7.2,10,1.128,2.2,9.4,0.586448418,6.950829762,1,150,2026-04-28T16:35:19Z,1998-01-01
280,1,1998,280,5442,8.5,11.4,1.063,3.3,0.8,0.593040663,6.906930474,1,150,2026-04-28T16:35:19Z,1998-01-01
281,1,1998,281,5375,6.9,11.7,1.093,1.8,2.4,0.599801648,6.896567374,1,150,2026-04-28T16:35:19Z,1998-01-01
282,1,1998,282,10375,5.4,14.3,1.093,1,0,0.606735159,3.648003513,1,150,2026-04-28T16:35:19Z,1998-01-01
283,1,1998,283,5146,6.4,14.7,1.153,2.4,4,0.613844997,6.9257059,1,150,2026-04-28T16:35:19Z,1998-01-01
284,1,1998,284,5919,10.2,15.7,1.238,2.7,7,0.59772557,6.448660055,1,150,2026-04-28T16:35:19Z,1998-01-01
285,1,1998,285,6401,9.8,13.7,1.138,2.7,0,0.604522961,6.126598769,1,150,2026-04-28T16:35:19Z,1998-01-01
286,1,1998,286,9126,4.6,14.6,0.983,1.6,0.8,0.611482882,4.20546662,1,150,2026-04-28T16:35:19Z,1998-01-01
287,1,1998,287,5066,7.9,16.2,1.308,1.6,0.2,0.618608203,6.784063212,1,150,2026-04-28T16:35:19Z,1998-01-01
288,1,1998,288,4865,11.9,16.8,1.423,0.9,0,0.62590173,6.840715922,1,150,2026-04-28T16:35:19Z,1998-01-01
289,1,1998,289,9230,11.7,19.6,1.358,1.9,0,0.633366193,3.639605407,1,150,2026-04-28T16:35:19Z,1998-01-01
290,1,1998,290,9219,10.6,21.6,1.318,4.1,9,0.641004231,3.537559504,1,150,2026-04-28T16:35:19Z,1998-01-01
291,1,1998,291,7795,9,13.8,1.038,1.7,0,0.648818374,4.720071426,1,150,2026-04-28T16:35:19Z,1998-01-01
292,1,1998,292,8931,3.5,12.9,0.883,2.4,0,0.656811025,3.717085906,1,150,2026-04-28T16:35:19Z,1998-01-01
293,1,1998,293,9350,3.8,12.6,0.873,1.4,0,0.638885506,3.211398386,1,150,2026-04-28T16:35:19Z,1998-01-01
294,1,1998,294,6544,0.9,14,0.858,1.2,0,0.646475927,5.483893665,1,150,2026-04-28T16:35:19Z,1998-01-01
295,1,1998,295,10884,1.6,18.4,1.003,0.9,0,0.654224435,1.245742516,1,150,2026-04-28T16:35:19Z,1998-01-01
296,1,1998,296,5672,7.1,18.7,1.238,2.3,7,0.66213199,5.90671855,1,150,2026-04-28T16:35:19Z,1998-01-01
297,1,1998,297,5726,10.6,16,1.243,3.7,10,0.670199317,5.795807579,1,150,2026-04-28T16:35:19Z,1998-01-01
298,1,1998,298,6025,10.6,15.6,1.118,4.6,1,0.678426888,5.512574925,1,150,2026-04-28T16:35:19Z,1998-01-01
299,1,1998,299,6442,7.4,13,0.993,2.9,1,0.686814892,5.114547493,1,150,2026-04-28T16:35:19Z,1998-01-01
300,1,1998,300,9048,5.6,14.3,0.948,2.8,0.2,0.695363207,2.445449313,1,150,2026-04-28T16:35:19Z,1998-01-01
301,1,1998,301,4517,8.5,19.6,1.153,4.9,0,0.704071371,6.480986575,1,150,2026-04-28T16:35:19Z,1998-01-01
302,1,1998,302,6014,14.7,15.5,1.043,4.6,9,0.712938557,5.214432223,1,150,2026-04-28T16:35:19Z,1998-01-01
303,1,1998,303,4278,3.4,11.1,0.918,3.1,8,0.692314894,6.594782785,1,150,2026-04-28T16:35:19Z,1998-01-01
304,1,1998,304,3946,7.2,12.4,1.078,2.5,2,0.700638963,6.765880975,1,150,2026-04-28T16:35:19Z,1998-01-01
305,1,1998,305,3814,8.9,12.4,1.093,3.2,7,0.709091585,6.816338821,1,150,2026-04-28T16:35:19Z,1998-01-01
306,1,1998,306,8766,3,12.6,0.968,2.6,0.8,0.717669902,1.766788852,1,150,2026-04-28T16:35:19Z,1998-01-01
307,1,1998,307,3823,9,12.5,1.068,3,4.6,0.726370585,6.723039063,1,150,2026-04-28T16:35:19Z,1998-01-01
308,1,1998,308,5510,7.1,12.8,0.923,2.5,1.8,0.735189799,5.214868165,1,150,2026-04-28T16:35:19Z,1998-01-01
309,1,1998,309,7394,4.2,9.2,0.778,2,0,0.744123172,3.112614303,1,150,2026-04-28T16:35:19Z,1998-01-01
310,1,1998,310,6344,-3,10.7,0.718,1,0,0.753165771,4.232296594,1,150,2026-04-28T16:35:19Z,1998-01-01
311,1,1998,311,7302,0.9,9.6,0.788,1.5,0,0.762312065,2.939708725,1,150,2026-04-28T16:35:19Z,1998-01-01
312,1,1998,312,9441,-2.7,13.7,0.738,1.5,0,0.771555899,0,1,150,2026-04-28T16:35:19Z,1998-01-01
313,1,1998,313,7101,2.2,14.5,0.978,1.7,8,0.780890464,2.813249061,1,150,2026-04-28T16:35:19Z,1998-01-01
314,1,1998,314,3404,9.8,12.7,1.123,2.6,5,0.790308266,6.739357484,1,150,2026-04-28T16:35:19Z,1998-01-01
315,1,1998,315,6772,1.3,7.3,0.733,2.4,0,0.765107895,3.109495871,1,150,2026-04-28T16:35:19Z,1998-01-01
316,1,1998,316,3279,0.1,4.8,0.748,1.9,3,0.773747984,6.82383528,1,150,2026-04-28T16:35:19Z,1998-01-01
317,1,1998,317,3829,2.1,8.3,0.788,1.6,0.4,0.782427851,6.270759466,1,150,2026-04-28T16:35:19Z,1998-01-01
318,1,1998,318,4265,3.5,9.8,0.808,4.4,1.8,0.791137932,5.770800344,1,150,2026-04-28T16:35:19Z,1998-01-01
319,1,1998,319,3290,3.6,8,0.783,2.9,0.8,0.799868001,6.683112981,1,150,2026-04-28T16:35:19Z,1998-01-01
320,1,1998,320,5597,2.6,6.8,0.693,3.1,0.6,0.808607167,4.091079628,1,150,2026-04-28T16:35:19Z,1998-01-01
321,1,1998,321,8100,-0.8,5,0.548,2.8,0,0.817343865,0.310631517,1,150,2026-04-28T16:35:19Z,1998-01-01
322,1,1998,322,3471,-5,0.6,0.443,1.8,0,0.826065862,6.458843324,1,150,2026-04-28T16:35:19Z,1998-01-01
323,1,1998,323,8075,-6.6,3.2,0.463,1.8,0,0.83476026,0.07314774,1,150,2026-04-28T16:35:19Z,1998-01-01
324,1,1998,324,5301,-1.6,1.8,0.463,3.7,0,0.843413505,4.218485161,1,150,2026-04-28T16:35:19Z,1998-01-01
325,1,1998,325,8447,-4.8,1.2,0.343,5.2,0,0.852011406,0,1,150,2026-04-28T16:35:19Z,1998-01-01
326,1,1998,326,7560,-8.4,0.2,0.333,1.4,0,0.860539152,0.613183727,1,150,2026-04-28T16:35:19Z,1998-01-01
327,1,1998,327,7412,-9,1.9,0.363,1,0,0.868981344,0.676529487,1,150,2026-04-28T16:35:19Z,1998-01-01
328,1,1998,328,6006,-8.2,2.4,0.408,0.8,0,0.87732203,2.841697097,1,150,2026-04-28T16:35:19Z,1998-01-01
329,1,1998,329,2799,-6.2,-0.3,0.528,1.3,4,0.845699807,6.832545172,1,150,2026-04-28T16:35:19Z,1998-01-01
330,1,1998,330,2769,-0.4,2.5,0.698,2.6,3.2,0.852996519,6.797497522,1,150,2026-04-28T16:35:19Z,1998-01-01
331,1,1998,331,2741,1.1,5.8,0.783,1.8,6,0.860148369,6.78097112,1,150,2026-04-28T16:35:19Z,1998-01-01
332,1,1998,332,1614,-1.1,0.9,0.658,1.7,4,0.867139891,7.826526268,1,150,2026-04-28T16:35:19Z,1998-01-01
333,1,1998,333,2688,0.9,5.2,0.793,5,7,0.873955426,6.775862543,1,150,2026-04-28T16:35:19Z,1998-01-01
334,1,1998,334,2663,3,3.1,0.643,4.4,0,0.880579186,6.803704811,1,150,2026-04-28T16:35:19Z,1998-01-01
335,1,1998,335,2639,0.1,2.6,0.563,3.6,0,0.886995327,6.819673276,1,150,2026-04-28T16:35:19Z,1998-01-01
336,1,1998,336,2616,-0.2,0.6,0.553,1.7,0,0.893188024,6.821399981,1,150,2026-04-28T16:35:19Z,1998-01-01
337,1,1998,337,5548,-2.3,2.7,0.538,1.3,0,0.89914155,2.642797902,1,150,2026-04-28T16:35:19Z,1998-01-01
338,1,1998,338,2574,-4.1,-0.6,0.538,3,0.2,0.904840361,6.823847847,1,150,2026-04-28T16:35:19Z,1998-01-01
339,1,1998,339,4106,-0.9,3,0.568,3.4,3,0.910269181,4.824805829,1,150,2026-04-28T16:35:19Z,1998-01-01
340,1,1998,340,5177,-1.4,2.9,0.568,2.9,0.6,0.915413096,3.056425356,1,150,2026-04-28T16:35:19Z,1998-01-01
341,1,1998,341,3703,-3.5,2,0.528,1.7,0,0.920257639,5.342455474,1,150,2026-04-28T16:35:19Z,1998-01-01
342,1,1998,342,3857,-3.6,1,0.518,0.8,0,0.924788888,5.095098711,1,150,2026-04-28T16:35:19Z,1998-01-01
343,1,1998,343,2489,-2.1,2,0.563,1.2,0,0.928993555,6.820063143,1,150,2026-04-28T16:35:19Z,1998-01-01
344,1,1998,344,2797,0.3,7.8,0.758,2,10.6,0.93285908,6.395999868,1,150,2026-04-28T16:35:19Z,1998-01-01
345,1,1998,345,3001,5.3,9.3,0.943,3,1,0.936373714,6.07493304,1,150,2026-04-28T16:35:19Z,1998-01-01
346,1,1998,346,2452,4.4,8.2,0.973,3,3.4,0.93952661,6.746953371,1,150,2026-04-28T16:35:19Z,1998-01-01
347,1,1998,347,4586,7.7,13.4,0.998,2.4,0,0.942307902,3.551891844,1,150,2026-04-28T16:35:19Z,1998-01-01
348,1,1998,348,6016,-1.7,8.6,0.683,0.7,0,0.944708778,0.940851974,1,150,2026-04-28T16:35:19Z,1998-01-01
349,1,1998,349,4668,-2.7,5.6,0.623,0.6,0,0.94672155,3.553462829,1,150,2026-04-28T16:35:19Z,1998-01-01
350,1,1998,350,4144,-1.9,8.9,0.748,1.3,0,0.948339715,4.361768147,1,150,2026-04-28T16:35:19Z,1998-01-01
351,1,1998,351,4482,1.4,6.9,0.773,2,0,0.949558004,3.768481753,1,150,2026-04-28T16:35:19Z,1998-01-01
352,1,1998,352,4483,-2,5.6,0.648,1.3,0.8,0.95037243,3.82429102,1,150,2026-04-28T16:35:19Z,1998-01-01
353,1,1998,353,3843,-0.6,10.2,0.748,2.7,0.2,0.950780316,4.82579104,1,150,2026-04-28T16:35:19Z,1998-01-01
354,1,1998,354,2406,-0.2,2.2,0.648,4.3,11.4,0.950780316,6.819555035,1,150,2026-04-28T16:35:19Z,1998-01-01
355,1,1998,355,3294,-1.2,2.1,0.548,4.8,0,0.95037243,5.71414458,1,150,2026-04-28T16:35:19Z,1998-01-01
356,1,1998,356,4420,-3.1,0.1,0.493,2.3,0,0.949558004,4.030255313,1,150,2026-04-28T16:35:19Z,1998-01-01
357,1,1998,357,4877,-7,0.8,0.468,1.2,0,0.948339715,3.276307366,1,150,2026-04-28T16:35:19Z,1998-01-01
358,1,1998,358,2412,-2.5,2.5,0.633,2.4,3,0.94672155,6.831708049,1,150,2026-04-28T16:35:19Z,1998-01-01
359,1,1998,359,2417,-1.9,2.7,0.608,2.5,0,0.944708778,6.838680547,1,150,2026-04-28T16:35:19Z,1998-01-01
360,1,1998,360,2969,-0.4,6.6,0.668,2.5,0,0.942307902,6.159926799,1,150,2026-04-28T16:35:19Z,1998-01-01
361,1,1998,361,2516,3.9,10.3,0.738,3.9,0.2,0.93952661,6.717748875,1,150,2026-04-28T16:35:19Z,1998-01-01
362,1,1998,362,5012,4.6,13.5,0.848,3.7,0.4,0.936373713,2.939739016,1,150,2026-04-28T16:35:19Z,1998-01-01
363,1,1998,363,6912,2.4,12.1,0.773,5.5,0,0.932859079,0,1,150,2026-04-28T16:35:19Z,1998-01-01
364,1,1998,364,6412,7.3,13,0.728,6.2,0,0.928993555,0.361572033,1,150,2026-04-28T16:35:19Z,1998-01-01
365,1,1998,365,2585,7.6,11.4,0.713,4.8,0,0.924788887,6.702604893,1,150,2026-04-28T16:35:19Z,1998-01-01
366,1,1999,366,2744,4.9,10.3,0.793,2,0,0.920257639,6.518944376,1,150,2026-04-28T16:35:19Z,1998-01-01
367,1,1999,367,2847,0.3,8.4,0.813,3,2,0.915413096,6.413679548,1,150,2026-04-28T16:35:19Z,1998-01-01
368,1,1999,368,2510,5,10.1,0.878,3.6,3,0.910269181,6.81699479,1,150,2026-04-28T16:35:19Z,1998-01-01
369,1,1999,369,2526,6.4,12,1.088,2.3,0.4,0.904840361,6.787435703,1,150,2026-04-28T16:35:19Z,1998-01-01
370,1,1999,370,6234,2.8,14.6,0.948,1.1,0,0.89914155,1.10040853,1,150,2026-04-28T16:35:19Z,1998-01-01
371,1,1999,371,7201,0.1,13.2,0.788,1.8,0,0.893188024,0,1,150,2026-04-28T16:35:19Z,1998-01-01
372,1,1999,372,4748,0.1,12.9,0.838,3.1,0.2,0.886995327,3.973966991,1,150,2026-04-28T16:35:19Z,1998-01-01
373,1,1999,373,2603,7.6,9,0.888,3.3,7,0.880579186,6.834427283,1,150,2026-04-28T16:35:19Z,1998-01-01
374,1,1999,374,3386,2.5,7,0.703,2.8,2,0.873955426,6.017158826,1,150,2026-04-28T16:35:19Z,1998-01-01
375,1,1999,375,2648,0,1,0.598,2.9,13,0.867139891,6.896224827,1,150,2026-04-28T16:35:19Z,1998-01-01
376,1,1999,376,2673,-0.7,-0.2,0.578,1.1,9,0.860148369,6.90224519,1,150,2026-04-28T16:35:19Z,1998-01-01
377,1,1999,377,4189,-8.3,-2.5,0.418,1.2,3,0.852996519,5.274990604,1,150,2026-04-28T16:35:19Z,1998-01-01
378,1,1999,378,2725,-4.6,2,0.628,2.6,6,0.845699807,6.899784202,1,150,2026-04-28T16:35:19Z,1998-01-01
379,1,1999,379,2462,0.6,3.8,0.698,2.6,0.8,0.87732203,7.167984624,1,150,2026-04-28T16:35:19Z,1998-01-01
380,1,1999,380,5180,-1.9,2.9,0.593,1.7,0,0.868981344,4.084711537,1,150,2026-04-28T16:35:19Z,1998-01-01
381,1,1999,381,4185,-1.5,8.3,0.658,4.2,0,0.860539152,5.426033078,1,150,2026-04-28T16:35:19Z,1998-01-01
382,1,1999,382,3004,6.3,11.2,0.883,4.1,13,0.852011406,6.714156731,1,150,2026-04-28T16:35:19Z,1998-01-01
383,1,1999,383,2876,4.9,6.3,0.883,2,0,0.843413505,6.874957645,1,150,2026-04-28T16:35:19Z,1998-01-01
384,1,1999,384,4339,2,6.7,0.773,1.8,0,0.83476026,5.400299028,1,150,2026-04-28T16:35:19Z,1998-01-01
385,1,1999,385,5931,0.5,11.2,0.778,2.3,0,0.826065862,3.433630427,1,150,2026-04-28T16:35:19Z,1998-01-01
386,1,1999,386,6853,0,10.8,0.743,1.3,0,0.817343865,2.232776044,1,150,2026-04-28T16:35:19Z,1998-01-01
387,1,1999,387,6253,-1.3,8.1,0.693,0.7,0,0.808607167,3.26778043,1,150,2026-04-28T16:35:19Z,1998-01-01
388,1,1999,388,5173,-2,6.5,0.648,0.3,0,0.799868001,4.776987411,1,150,2026-04-28T16:35:19Z,1998-01-01
389,1,1999,389,7638,-4.1,10,0.628,0.9,0,0.791137932,1.596996505,1,150,2026-04-28T16:35:19Z,1998-01-01
390,1,1999,390,3132,-0.2,8,0.768,2.8,0,0.782427851,6.926681463,1,150,2026-04-28T16:35:19Z,1998-01-01
391,1,1999,391,3173,6.1,8.2,0.838,3.7,13,0.773747984,6.919216987,1,150,2026-04-28T16:35:19Z,1998-01-01
392,1,1999,392,3946,2.8,6.2,0.688,4.4,6,0.765107895,6.317779476,1,150,2026-04-28T16:35:19Z,1998-01-01
393,1,1999,393,3293,2.1,10.2,0.863,6.5,7,0.790308266,6.894959807,1,150,2026-04-28T16:35:19Z,1998-01-01
394,1,1999,394,5604,2.5,6.3,0.588,5.5,0,0.780890464,4.849604549,1,150,2026-04-28T16:35:19Z,1998-01-01
395,1,1999,395,9783,-3.8,0.1,0.328,5,0,0.771555899,0,1,150,2026-04-28T16:35:19Z,1998-01-01
396,1,1999,396,9201,-4.8,0.1,0.328,5.8,0,0.762312065,0.903336814,1,150,2026-04-28T16:35:19Z,1998-01-01
397,1,1999,397,8611,-6.6,3.2,0.378,5,0,0.753165771,1.822561019,1,150,2026-04-28T16:35:19Z,1998-01-01
398,1,1999,398,3487,-0.5,3.1,0.643,3.8,0,0.744123172,6.98445689,1,150,2026-04-28T16:35:19Z,1998-01-01
399,1,1999,399,3536,-0.1,4.3,0.678,2.9,0,0.735189799,6.983172312,1,150,2026-04-28T16:35:19Z,1998-01-01
400,1,1999,400,3585,1.4,6.9,0.818,2.7,0.5,0.726370585,6.965614615,1,150,2026-04-28T16:35:19Z,1998-01-01
401,1,1999,401,3636,5,7.6,0.848,4.5,0.2,0.717669902,6.964664627,1,150,2026-04-28T16:35:19Z,1998-01-01
402,1,1999,402,3878,3.9,7.4,0.768,5.7,0.8,0.709091585,6.847003372,1,150,2026-04-28T16:35:19Z,1998-01-01
403,1,1999,403,3932,3.9,6,0.708,4.5,4,0.700638963,6.862838408,1,150,2026-04-28T16:35:19Z,1998-01-01
404,1,1999,404,3831,-2.7,0.9,0.583,3.8,22,0.692314894,6.996046952,1,150,2026-04-28T16:35:19Z,1998-01-01
405,1,1999,405,3846,-0.6,2.8,0.648,3.8,6,0.712938557,7.015032727,1,150,2026-04-28T16:35:19Z,1998-01-01
406,1,1999,406,5719,-3.4,0.3,0.493,3.8,0.6,0.704071371,5.760614805,1,150,2026-04-28T16:35:19Z,1998-01-01
407,1,1999,407,6428,-3.7,0.8,0.458,4.3,1,0.695363207,5.284064291,1,150,2026-04-28T16:35:19Z,1998-01-01
408,1,1999,408,11623,-7.9,-0.8,0.333,3.9,0,0.686814892,0.3118536,1,150,2026-04-28T16:35:19Z,1998-01-01
409,1,1999,409,11262,-8.2,-0.7,0.288,4.8,0,0.678426888,0.993374714,1,150,2026-04-28T16:35:19Z,1998-01-01
410,1,1999,410,6668,-7.7,0.7,0.413,3,0.2,0.670199317,5.361400121,1,150,2026-04-28T16:35:19Z,1998-01-01
411,1,1999,411,4185,-2.6,0.6,0.548,2.3,2.2,0.66213199,7.060830438,1,150,2026-04-28T16:35:19Z,1998-01-01
412,1,1999,412,2376,-0.1,3.9,0.688,2.9,0.2,0.654224435,8,1,150,2026-04-28T16:35:19Z,1998-01-01
413,1,1999,413,4810,0.1,4,0.691,3.4,5,0.646475927,6.745990904,1,150,2026-04-28T16:35:19Z,1998-01-01
414,1,1999,414,4492,2.2,8.9,0.923,4.2,3,0.638885506,6.940718239,1,150,2026-04-28T16:35:19Z,1998-01-01
415,1,1999,415,4426,5.7,8.9,1.008,3,11,0.656811025,7.007622997,1,150,2026-04-28T16:35:19Z,1998-01-01
416,1,1999,416,5763,7.2,9.8,1.098,3.3,6,0.648818374,6.226644507,1,150,2026-04-28T16:35:19Z,1998-01-01
417,1,1999,417,4550,4.2,10.5,1.053,5.1,4,0.641004231,7.011472623,1,150,2026-04-28T16:35:19Z,1998-01-01
418,1,1999,418,6476,5.3,8.5,0.773,8.8,0.2,0.633366193,5.961121097,1,150,2026-04-28T16:35:19Z,1998-01-01
419,1,1999,419,9964,1.4,7.2,0.543,5,0.2,0.62590173,3.606102089,1,150,2026-04-28T16:35:19Z,1998-01-01
420,1,1999,420,4740,0,5.8,0.723,3.4,1.6,0.618608203,7.071392631,1,150,2026-04-28T16:35:19Z,1998-01-01
421,1,1999,421,5617,3.6,6.7,0.728,1.8,0,0.611482882,6.646972142,1,150,2026-04-28T16:35:19Z,1998-01-01
422,1,1999,422,11202,-3,11.1,0.648,1.2,0,0.604522961,2.924302293,1,150,2026-04-28T16:35:19Z,1998-01-01
423,1,1999,423,11969,0,15,0.778,2.8,4,0.59772557,2.347180799,1,150,2026-04-28T16:35:19Z,1998-01-01
424,1,1999,424,9032,5.7,10.1,0.823,2.4,0.4,0.613844997,4.709180211,1,150,2026-04-28T16:35:19Z,1998-01-01
425,1,1999,425,9460,-1.1,11.2,0.728,2.9,0,0.606735159,4.546724882,1,150,2026-04-28T16:35:19Z,1998-01-01
426,1,1999,426,5331,7.5,12.9,0.983,3.4,0,0.599801648,6.965314313,1,150,2026-04-28T16:35:19Z,1998-01-01
427,1,1999,427,5201,7,11.1,0.958,3.3,11,0.593040663,7.067809793,1,150,2026-04-28T16:35:19Z,1998-01-01
428,1,1999,428,7708,3.4,9.2,0.773,4.1,2.2,0.586448418,5.858739722,1,150,2026-04-28T16:35:19Z,1998-01-01
429,1,1999,429,6300,2.7,7.6,0.683,3.5,1,0.580021147,6.667201229,1,150,2026-04-28T16:35:19Z,1998-01-01
430,1,1999,430,6279,1.5,4.1,0.653,2,2.4,0.573755117,6.725566974,1,150,2026-04-28T16:35:19Z,1998-01-01
431,1,1999,431,7644,-0.8,6.8,0.603,3.4,0.6,0.567646628,6.113107073,1,150,2026-04-28T16:35:19Z,1998-01-01
432,1,1999,432,5640,1.6,9.9,0.747,3.4,0,0.561692025,7.072746869,1,150,2026-04-28T16:35:19Z,1998-01-01
433,1,1999,433,9193,8.8,15.3,0.848,7.1,0,0.576272815,5.336886386,1,150,2026-04-28T16:35:19Z,1998-01-01
434,1,1999,434,6983,5.7,15.4,0.888,2.8,0,0.570074303,6.524801149,1,150,2026-04-28T16:35:19Z,1998-01-01
435,1,1999,435,12161,4.9,18.4,1.013,1.9,0,0.564038867,3.646080475,1,150,2026-04-28T16:35:19Z,1998-01-01
436,1,1999,436,10571,8.4,20.5,0.818,3.7,0,0.558162305,4.794367953,1,150,2026-04-28T16:35:19Z,1998-01-01
437,1,1999,437,11936,6.5,18.2,0.878,1.8,0,0.5524405,4.050028725,1,150,2026-04-28T16:35:19Z,1998-01-01
438,1,1999,438,8329,7.7,18,1.008,1.5,0,0.546869425,6.057971712,1,150,2026-04-28T16:35:19Z,1998-01-01
439,1,1999,439,16212,4.1,18.5,0.988,2.3,0,0.541445145,1.355452382,1,150,2026-04-28T16:35:19Z,1998-01-01
440,1,1999,440,14837,4.3,15.7,0.853,3.5,0,0.536163816,2.537511274,1,150,2026-04-28T16:35:19Z,1998-01-01
441,1,1999,441,17756,2.1,13.7,0.593,4.4,0,0.531021683,0.830903014,1,150,2026-04-28T16:35:19Z,1998-01-01
442,1,1999,442,15464,-0.2,14,0.538,3.5,0,0.544330752,2.573379873,1,150,2026-04-28T16:35:19Z,1998-01-01
443,1,1999,443,8334,6.5,8.6,0.668,4.3,0,0.538996489,6.367247418,1,150,2026-04-28T16:35:19Z,1998-01-01
444,1,1999,444,14543,0.1,9.8,0.588,3.5,0,0.533807621,3.333271536,1,150,2026-04-28T16:35:19Z,1998-01-01
445,1,1999,445,14773,-1.9,12.4,0.653,2.9,5,0.528760099,3.26571362,1,150,2026-04-28T16:35:19Z,1998-01-01
446,1,1999,446,6791,5.3,7.7,0.808,4.1,3.2,0.523849989,7.054584814,1,150,2026-04-28T16:35:19Z,1998-01-01
447,1,1999,447,6589,1.9,7.7,0.858,1.9,1.2,0.51907347,7.147907141,1,150,2026-04-28T16:35:19Z,1998-01-01
448,1,1999,448,15908,2.5,17.7,0.843,2.9,0,0.514426832,2.815587195,1,150,2026-04-28T16:35:19Z,1998-01-01
449,1,1999,449,7922,8.6,13.8,0.833,5.6,2,0.509906477,6.729805482,1,150,2026-04-28T16:35:19Z,1998-01-01
450,1,1999,450,6799,7.5,9.3,0.978,2.6,12,0.505508909,7.140373362,1,150,2026-04-28T16:35:19Z,1998-01-01
451,1,1999,451,6869,3.4,7.2,0.793,2.7,1,0.517790752,7.165602592,1,150,2026-04-28T16:35:19Z,1998-01-01
452,1,1999,452,6938,3.1,6.7,0.813,2.9,0.6,0.513240555,7.165680943,1,150,2026-04-28T16:35:19Z,1998-01-01
453,1,1999,453,14939,1.8,12.2,0.793,1.8,0,0.508817472,3.851770082,1,150,2026-04-28T16:35:19Z,1998-01-01
454,1,1999,454,19267,-0.7,15,0.818,1.5,0,0.504517862,1.524792358,1,150,2026-04-28T16:35:19Z,1998-01-01
455,1,1999,455,20202,0.8,18.1,0.868,1.3,0,0.500338201,1.048524097,1,150,2026-04-28T16:35:19Z,1998-01-01
456,1,1999,456,20511,3.7,21,0.808,3.2,3,0.496275078,1.029879531,1,150,2026-04-28T16:35:19Z,1998-01-01
457,1,1999,457,10347,9.2,14.6,1.058,1.6,3,0.492325194,6.069481055,1,150,2026-04-28T16:35:19Z,1998-01-01
458,1,1999,458,7874,4.5,12.7,1.198,1.6,7,0.488485354,6.964808063,1,150,2026-04-28T16:35:19Z,1998-01-01
459,1,1999,459,12328,10.3,17.1,1.248,2.7,0,0.48475247,5.320985202,1,150,2026-04-28T16:35:19Z,1998-01-01
460,1,1999,460,12947,4.7,16.2,1.083,1.4,0,0.496223403,5.1518457,1,150,2026-04-28T16:35:19Z,1998-01-01
461,1,1999,461,18584,4.2,22.5,1.198,2.1,1.4,0.492368759,2.475586455,1,150,2026-04-28T16:35:19Z,1998-01-01
462,1,1999,462,9042,10.2,12.7,1.093,4.3,0.2,0.488624255,6.701816419,1,150,2026-04-28T16:35:19Z,1998-01-01
463,1,1999,463,11259,6.1,12.3,0.868,5.3,0.8,0.484986738,6.004197002,1,150,2026-04-28T16:35:19Z,1998-01-01
464,1,1999,464,19352,3.5,14.9,0.883,3.1,0.8,0.48145316,2.506205707,1,150,2026-04-28T16:35:19Z,1998-01-01
465,1,1999,465,16104,3.2,16.7,0.983,3.5,0.8,0.478020575,4.102697522,1,150,2026-04-28T16:35:19Z,1998-01-01
466,1,1999,466,9632,7.4,11.1,0.893,4.3,0.6,0.474686139,6.651037136,1,150,2026-04-28T16:35:19Z,1998-01-01
467,1,1999,467,8977,2.5,9.1,0.853,3.4,4,0.471447102,6.885656302,1,150,2026-04-28T16:35:19Z,1998-01-01
468,1,1999,468,12451,5.3,11.2,0.848,5.1,4.6,0.468300807,5.767251093,1,150,2026-04-28T16:35:19Z,1998-01-01
469,1,1999,469,11250,2.2,12.6,0.758,5.4,1,0.465244685,6.236877457,1,150,2026-04-28T16:35:19Z,1998-01-01
470,1,1999,470,10466,2.8,7.5,0.678,3.4,0.4,0.475908629,6.534147834,1,150,2026-04-28T16:35:19Z,1998-01-01
471,1,1999,471,17793,0.4,12.2,0.623,1.6,0,0.472760827,3.890978275,1,150,2026-04-28T16:35:19Z,1998-01-01
472,1,1999,472,22518,-0.8,13.3,0.623,2.3,4.2,0.4697056,1.784601527,1,150,2026-04-28T16:35:19Z,1998-01-01
473,1,1999,473,12723,3.1,10.9,0.758,3.9,2,0.466740365,5.873836544,1,150,2026-04-28T16:35:19Z,1998-01-01
474,1,1999,474,13731,4.6,12.2,0.783,1.6,0.2,0.463862624,5.554911929,1,150,2026-04-28T16:35:19Z,1998-01-01
475,1,1999,475,8510,6.6,14.8,1.108,3.6,5,0.461069968,7.149860735,1,150,2026-04-28T16:35:19Z,1998-01-01
476,1,1999,476,12572,10,17.4,1.128,3.8,1,0.458360066,5.940915572,1,150,2026-04-28T16:35:19Z,1998-01-01
477,1,1999,477,18228,5,17.5,0.968,2.4,0.2,0.455730671,3.908024552,1,150,2026-04-28T16:35:19Z,1998-01-01
478,1,1999,478,10324,4.3,13.4,0.978,2.6,2.4,0.453179608,6.715558437,1,150,2026-04-28T16:35:19Z,1998-01-01
479,1,1999,479,13858,6.5,13.6,0.848,2.6,0.8,0.463429149,5.665322352,1,150,2026-04-28T16:35:19Z,1998-01-01
480,1,1999,480,22730,0.6,17.3,0.913,1.4,0,0.460806845,2.139552727,1,150,2026-04-28T16:35:19Z,1998-01-01
481,1,1999,481,8798,10.3,11.5,1.153,1.4,4,0.458264942,7.165631616,1,150,2026-04-28T16:35:19Z,1998-01-01
482,1,1999,482,15981,7.8,18.4,1.238,1.8,3,0.455801274,4.929674005,1,150,2026-04-28T16:35:19Z,1998-01-01
483,1,1999,483,12356,7.2,18.7,1.248,2.9,0,0.453413747,6.18096463,1,150,2026-04-28T16:35:19Z,1998-01-01
484,1,1999,484,17985,9.5,22.7,1.213,2.5,0,0.45110034,4.264224538,1,150,2026-04-28T16:35:19Z,1998-01-01
485,1,1999,485,19021,11.2,19.5,1.248,1.8,0,0.4488591,3.890878966,1,150,2026-04-28T16:35:19Z,1998-01-01
486,1,1999,486,21672,6.2,23.6,1.163,1.5,0,0.446688144,2.873838237,1,150,2026-04-28T16:35:19Z,1998-01-01
487,1,1999,487,16983,8.1,22.5,1.253,1,0,0.444585649,4.745156276,1,150,2026-04-28T16:35:19Z,1998-01-01
488,1,1999,488,15569,9,22.6,1.403,1.8,4,0.442549859,5.240898397,1,150,2026-04-28T16:35:19Z,1998-01-01
489,1,1999,489,9225,13.4,18.1,1.518,2.9,0.6,0.440579076,7.133712701,1,150,2026-04-28T16:35:19Z,1998-01-01
490,1,1999,490,9275,12.5,18.3,1.583,1.2,0.6,0.450340943,7.128165088,1,150,2026-04-28T16:35:19Z,1998-01-01
491,1,1999,491,20828,9,22.4,1.318,1.4,0.4,0.448324705,3.412676712,1,150,2026-04-28T16:35:19Z,1998-01-01
492,1,1999,492,15821,9.4,22.7,1.408,3,28,0.446375327,5.268954522,1,150,2026-04-28T16:35:19Z,1998-01-01
493,1,1999,493,15616,11.7,18.1,1.268,1.9,0.8,0.444491132,5.392551349,1,150,2026-04-28T16:35:19Z,1998-01-01
494,1,1999,494,26590,4.6,21.8,1.158,2,0,0.442670499,1.142850544,1,150,2026-04-28T16:35:19Z,1998-01-01
495,1,1999,495,12327,11,21.8,1.418,2.1,4,0.440911866,6.405193308,1,150,2026-04-28T16:35:19Z,1998-01-01
496,1,1999,496,9950,13,20.8,1.683,1.1,0.9,0.439213724,7.022247413,1,150,2026-04-28T16:35:19Z,1998-01-01
497,1,1999,497,10520,15.1,21.6,1.713,1.8,7.8,0.437574618,6.886357345,1,150,2026-04-28T16:35:19Z,1998-01-01
498,1,1999,498,13064,12.3,21.6,1.608,1.6,8.2,0.435993145,6.219559544,1,150,2026-04-28T16:35:19Z,1998-01-01
499,1,1999,499,9949,12.1,16.7,1.463,2,2,0.434467955,7.075001895,1,150,2026-04-28T16:35:19Z,1998-01-01
500,1,1999,500,13355,10.7,18.3,1.173,2.6,0,0.432997745,6.232676895,1,150,2026-04-28T16:35:19Z,1998-01-01
501,1,1999,501,26416,6.6,18.9,1.038,2.5,3,0.442558373,1.649705859,1,150,2026-04-28T16:35:19Z,1998-01-01
502,1,1999,502,9806,8.8,13.5,1.263,2.1,33,0.441066499,7.156323457,1,150,2026-04-28T16:35:19Z,1998-01-01
503,1,1999,503,21368,9.8,22.7,1.318,3.2,0,0.439631499,3.64290985,1,150,2026-04-28T16:35:19Z,1998-01-01
504,1,1999,504,15981,9.8,18.4,1.273,2.3,0.2,0.438252101,5.510921892,1,150,2026-04-28T16:35:19Z,1998-01-01
505,1,1999,505,10648,8.9,14.7,1.273,2.4,11,0.436927082,6.981903151,1,150,2026-04-28T16:35:19Z,1998-01-01
506,1,1999,506,12480,10.5,16.1,1.353,4.9,1,0.435655264,6.521298506,1,150,2026-04-28T16:35:19Z,1998-01-01
507,1,1999,507,10187,11.6,16.5,1.408,2.8,0.2,0.434435517,7.094615875,1,150,2026-04-28T16:35:19Z,1998-01-01
508,1,1999,508,11220,10.6,16.8,1.228,1.7,0,0.433266755,6.874707337,1,150,2026-04-28T16:35:19Z,1998-01-01
509,1,1999,509,27114,7.2,22.8,1.298,1.4,0.2,0.432147936,1.538247826,1,150,2026-04-28T16:35:19Z,1998-01-01
510,1,1999,510,22022,11.1,23.2,1.443,1.8,0,0.431078065,3.545670405,1,150,2026-04-28T16:35:19Z,1998-01-01
511,1,1999,511,28270,10.1,24.6,1.468,1.6,0,0.430056185,1.022840064,1,150,2026-04-28T16:35:19Z,1998-01-01
512,1,1999,512,24907,10.6,27.9,1.313,3.6,0,0.429081385,2.533946708,1,150,2026-04-28T16:35:19Z,1998-01-01
513,1,1999,513,26483,14.1,27.7,1.523,1.6,0,0.428152795,1.831227504,1,150,2026-04-28T16:35:19Z,1998-01-01
514,1,1999,514,24782,14.8,29.3,1.383,3.6,0,0.427269586,2.604766417,1,150,2026-04-28T16:35:19Z,1998-01-01
515,1,1999,515,21938,15.8,29.9,1.453,1.8,0,0.426430969,3.676875085,1,150,2026-04-28T16:35:19Z,1998-01-01
516,1,1999,516,17682,14.4,26.2,1.778,1.6,0.2,0.425636195,5.061730188,1,150,2026-04-28T16:35:19Z,1998-01-01
517,1,1999,517,23873,13.7,30.3,1.913,1.4,10.6,0.424884555,2.844835186,1,150,2026-04-28T16:35:19Z,1998-01-01
518,1,1999,518,16195,16.2,24.2,1.663,2.4,6,0.434340454,5.560799153,1,150,2026-04-28T16:35:19Z,1998-01-01
519,1,1999,519,22659,9.7,25.2,1.428,2.8,1.6,0.433609877,3.488047231,1,150,2026-04-28T16:35:19Z,1998-01-01
520,1,1999,520,13288,11.9,19,1.223,2.6,3,0.432924714,6.447064881,1,150,2026-04-28T16:35:19Z,1998-01-01
521,1,1999,521,10355,11.4,13.2,1.278,2.8,16,0.432284312,7.147128762,1,150,2026-04-28T16:35:19Z,1998-01-01
522,1,1999,522,15879,9.7,18.5,1.243,2.9,0,0.43168806,5.75877272,1,150,2026-04-28T16:35:19Z,1998-01-01
523,1,1999,523,17511,10.2,20.3,1.288,1.6,1.4,0.431135388,5.280076374,1,150,2026-04-28T16:35:19Z,1998-01-01
524,1,1999,524,22099,10,17.5,1.063,3.2,0,0.430625765,3.868759902,1,150,2026-04-28T16:35:19Z,1998-01-01
525,1,1999,525,29308,5.7,19.8,1.018,2.1,0,0.430158703,1.144268967,1,150,2026-04-28T16:35:19Z,1998-01-01
526,1,1999,526,21525,8.3,20.7,1.248,2.2,0,0.429733751,4.021878161,1,150,2026-04-28T16:35:19Z,1998-01-01
527,1,1999,527,19725,9,20.6,1.303,2.2,0,0.4293505,4.611509296,1,150,2026-04-28T16:35:19Z,1998-01-01
528,1,1999,528,23975,10.4,22.7,1.213,1.8,0,0.42900858,3.180093554,1,150,2026-04-28T16:35:19Z,1998-01-01
529,1,1999,529,19614,10.5,22.6,1.308,3,0,0.428707659,4.655894872,1,150,2026-04-28T16:35:19Z,1998-01-01
530,1,1999,530,13030,10.4,17.6,1.378,3.3,8,0.428447449,6.528506516,1,150,2026-04-28T16:35:19Z,1998-01-01
531,1,1999,531,21382,12.6,23.9,1.413,3.6,0,0.428227696,4.048516472,1,150,2026-04-28T16:35:19Z,1998-01-01
532,1,1999,532,28185,10.6,24.8,1.293,2.4,0,0.428048187,1.528085596,1,150,2026-04-28T16:35:19Z,1998-01-01
533,1,1999,533,27259,11.4,25.3,1.408,2.9,0,0.427908749,1.858036094,1,150,2026-04-28T16:35:19Z,1998-01-01
534,1,1999,534,22609,13.3,22,1.298,3.3,0,0.427809248,3.663786522,1,150,2026-04-28T16:35:19Z,1998-01-01
535,1,1999,535,28801,8.8,22.3,1.078,3,0,0.427749585,1.389051982,1,150,2026-04-28T16:35:19Z,1998-01-01
536,1,1999,536,14605,9.2,21.7,1.268,2.7,0.4,0.427729704,6.142769774,1,150,2026-04-28T16:35:19Z,1998-01-01
537,1,1999,537,18238,12.1,18.4,1.068,4.6,0,0.427749585,5.154804362,1,150,2026-04-28T16:35:19Z,1998-01-01
538,1,1999,538,26847,5.1,18.6,0.863,2.7,0,0.427809248,2.278043787,1,150,2026-04-28T16:35:19Z,1998-01-01
539,1,1999,539,28658,5.4,22.5,0.928,2.1,0,0.427908749,1.520861257,1,150,2026-04-28T16:35:19Z,1998-01-01
540,1,1999,540,30199,8.5,25.4,1.063,2,0,0.428048187,0.792729055,1,150,2026-04-28T16:35:19Z,1998-01-01
541,1,1999,541,29048,9.8,29.5,1.288,2,0,0.428227696,1.151377049,1,150,2026-04-28T16:35:19Z,1998-01-01
542,1,1999,542,15927,15.8,23.5,1.558,1.7,22,0.428447449,5.719412395,1,150,2026-04-28T16:35:19Z,1998-01-01
543,1,1999,543,15248,14.3,22,1.598,2.4,14,0.428707659,5.901264293,1,150,2026-04-28T16:35:19Z,1998-01-01
544,1,1999,544,17725,10.5,20.8,1.223,2.3,0,0.42900858,5.248537939,1,150,2026-04-28T16:35:19Z,1998-01-01
545,1,1999,545,15295,10.4,23.7,1.548,1.9,0.2,0.4293505,5.887287825,1,150,2026-04-28T16:35:19Z,1998-01-01
546,1,1999,546,17029,14.9,23.3,1.543,2.9,0,0.429733751,5.379746263,1,150,2026-04-28T16:35:19Z,1998-01-01
547,1,1999,547,29703,11.4,26,1.448,1.4,0,0.430158703,0.711439189,1,150,2026-04-28T16:35:19Z,1998-01-01
548,1,1999,548,29414,12.5,30.4,1.738,1.2,0,0.430625765,0.683345986,1,150,2026-04-28T16:35:19Z,1998-01-01
549,1,1999,549,26307,17,29.8,1.893,1.6,0,0.431135388,1.940432244,1,150,2026-04-28T16:35:19Z,1998-01-01
550,1,1999,550,24877,17.2,32.9,1.633,2.5,4,0.43168806,2.593588025,1,150,2026-04-28T16:35:19Z,1998-01-01
551,1,1999,551,13662,16.9,22.6,1.798,2.4,14,0.432284312,6.266193867,1,150,2026-04-28T16:35:19Z,1998-01-01
552,1,1999,552,18599,13.6,21.3,1.603,2.3,2,0.432924714,4.825900362,1,150,2026-04-28T16:35:19Z,1998-01-01
553,1,1999,553,14560,14.3,22.4,1.688,3.1,0.8,0.433609877,6.019565287,1,150,2026-04-28T16:35:19Z,1998-01-01
554,1,1999,554,21632,13.2,24.2,1.603,4.3,0,0.434340454,3.760397852,1,150,2026-04-28T16:35:19Z,1998-01-01
555,1,1999,555,25816,13.8,24.2,1.473,5,0,0.424884555,2.177848416,1,150,2026-04-28T16:35:19Z,1998-01-01
556,1,1999,556,11883,14,22.2,1.763,2.7,8,0.425636195,6.699861687,1,150,2026-04-28T16:35:19Z,1998-01-01
557,1,1999,557,14129,17.6,25,2.068,1.3,1,0.426430969,6.0542896,1,150,2026-04-28T16:35:19Z,1998-01-01
558,1,1999,558,17839,15.2,27.6,2.023,1.4,0,0.427269586,4.909864541,1,150,2026-04-28T16:35:19Z,1998-01-01
559,1,1999,559,23678,17,27.7,1.998,2.2,5,0.428152795,2.761326015,1,150,2026-04-28T16:35:19Z,1998-01-01
560,1,1999,560,20442,16.9,23.6,1.643,3.5,0,0.429081385,4.064251808,1,150,2026-04-28T16:35:19Z,1998-01-01
561,1,1999,561,15812,15.2,22.3,1.468,2.7,0,0.430056185,5.604977414,0,150,2026-04-28T16:35:19Z,1998-01-01
562,1,1999,562,22365,12.8,24.9,1.578,2.1,0,0.431078065,3.325747206,0,150,2026-04-28T16:35:19Z,1998-01-01
563,1,1999,563,28573,11.8,28.3,1.718,1.3,0,0.432147936,0.616832814,0,150,2026-04-28T16:35:19Z,1998-01-01
564,1,1999,564,22096,15.6,30.8,1.858,1.3,4.2,0.433266755,3.290837966,0,150,2026-04-28T16:35:19Z,1998-01-01
565,1,1999,565,15008,16.3,26.1,1.968,1.6,0.4,0.434435517,5.706930023,0,150,2026-04-28T16:35:19Z,1998-01-01
566,1,1999,566,22655,17.4,28.4,1.858,1.9,0,0.435655264,3.009305505,0,150,2026-04-28T16:35:19Z,1998-01-01
567,1,1999,567,17908,18.3,25.8,1.678,2.2,0,0.436927082,4.786135589,0,150,2026-04-28T16:35:19Z,1998-01-01
568,1,1999,568,14824,14.3,20.4,1.248,3.8,0,0.438252101,5.831292642,0,150,2026-04-28T16:35:19Z,1998-01-01
569,1,1999,569,12205,9.2,19.1,1.133,3.2,0,0.439631499,6.566035558,0,150,2026-04-28T16:35:19Z,1998-01-01
570,1,1999,570,28461,6.6,23.8,1.143,2.8,0,0.441066499,0.63179383,0,150,2026-04-28T16:35:19Z,1998-01-01
571,1,1999,571,28729,10,26.6,1.393,1.8,0,0.442558373,0.309584954,0,150,2026-04-28T16:35:19Z,1998-01-01
572,1,1999,572,28467,11.2,28.2,1.533,1.8,0,0.432997745,0.304321059,0,150,2026-04-28T16:35:19Z,1998-01-01
573,1,1999,573,21503,14.2,29.7,1.823,1.8,0,0.434467955,3.238019891,0,150,2026-04-28T16:35:19Z,1998-01-01
574,1,1999,574,12129,17.3,25.4,1.953,1.9,1,0.435993145,6.414793559,0,150,2026-04-28T16:35:19Z,1998-01-01
575,1,1999,575,20797,17.9,28.3,1.808,2.5,3.2,0.437574618,3.448708045,0,150,2026-04-28T16:35:19Z,1998-01-01
576,1,1999,576,25250,14.3,28.4,1.488,2.1,0,0.439213724,1.609437227,0,150,2026-04-28T16:35:19Z,1998-01-01
577,1,1999,577,23027,13.3,28.4,1.498,1.4,1,0.440911866,2.536729589,0,150,2026-04-28T16:35:19Z,1998-01-01
578,1,1999,578,24980,14.4,28.8,1.548,1.5,0,0.442670499,1.593318673,0,150,2026-04-28T16:35:19Z,1998-01-01
579,1,1999,579,24389,12.6,30.3,1.643,1.6,10,0.444491132,1.767720383,0,150,2026-04-28T16:35:19Z,1998-01-01
580,1,1999,580,19833,16.7,26.4,1.853,1.6,0.2,0.446375327,3.620192703,0,150,2026-04-28T16:35:19Z,1998-01-01
581,1,1999,581,11532,17.1,28,1.903,2.6,3,0.448324705,6.472953907,0,150,2026-04-28T16:35:19Z,1998-01-01
582,1,1999,582,9992,19,25.1,2.163,1.3,0.2,0.450340943,6.866456218,0,150,2026-04-28T16:35:19Z,1998-01-01
583,1,1999,583,18498,16.2,30.8,1.968,2.6,20,0.440579076,4.001679428,0,150,2026-04-28T16:35:19Z,1998-01-01
584,1,1999,584,18915,15.7,25.8,1.898,1.8,1,0.442549859,3.807331249,0,150,2026-04-28T16:35:19Z,1998-01-01
585,1,1999,585,19745,16.6,27.4,1.823,2.1,0.6,0.444585649,3.435593488,0,150,2026-04-28T16:35:19Z,1998-01-01
586,1,1999,586,22814,15.7,28.7,1.793,2.4,0,0.446688144,2.013828989,0,150,2026-04-28T16:35:19Z,1998-01-01
587,1,1999,587,11848,16.9,25.1,1.573,2.8,3,0.4488591,6.297717607,0,150,2026-04-28T16:35:19Z,1998-01-01
588,1,1999,588,16452,15.4,22.1,1.483,2.9,0,0.45110034,4.709393302,0,150,2026-04-28T16:35:19Z,1998-01-01
589,1,1999,589,13004,13.2,21.4,1.468,2.9,8.2,0.453413747,5.896096201,0,150,2026-04-28T16:35:19Z,1998-01-01
590,1,1999,590,21648,10.3,22.8,1.293,2.1,0,0.455801274,2.488466844,0,150,2026-04-28T16:35:19Z,1998-01-01
591,1,1999,591,12242,10.6,25.8,1.483,3.3,0.2,0.458264942,6.087314553,0,150,2026-04-28T16:35:19Z,1998-01-01
592,1,1999,592,16098,14.8,22.7,1.398,3.2,0.4,0.460806845,4.699584604,0,150,2026-04-28T16:35:19Z,1998-01-01
593,1,1999,593,10157,11.1,20.3,1.588,1.6,0.4,0.463429149,6.674736558,0,150,2026-04-28T16:35:19Z,1998-01-01
594,1,1999,594,12550,13.9,22.4,1.518,1.7,0,0.453179608,5.893357982,0,150,2026-04-28T16:35:19Z,1998-01-01
595,1,1999,595,12671,14.6,23.9,1.523,3.5,4,0.455730671,5.819774013,0,150,2026-04-28T16:35:19Z,1998-01-01
596,1,1999,596,12536,13,21.7,1.368,1.8,0,0.458360066,5.861032844,0,150,2026-04-28T16:35:19Z,1998-01-01
597,1,1999,597,20629,11.2,23.3,1.328,1.6,0,0.461069968,2.459783469,0,150,2026-04-28T16:35:19Z,1998-01-01
598,1,1999,598,24012,9.8,23.8,1.158,2.5,0,0.463862624,0.714118323,0,150,2026-04-28T16:35:19Z,1998-01-01
599,1,1999,599,24150,9.7,25.2,1.303,1.5,0,0.466740365,0.450168851,0,150,2026-04-28T16:35:19Z,1998-01-01
600,1,1999,600,9042,12.5,23.4,1.663,1,0,0.4697056,6.850930294,0,150,2026-04-28T16:35:19Z,1998-01-01
601,1,1999,601,23001,13.4,31.4,1.863,1.6,0,0.472760827,0.603774624,0,150,2026-04-28T16:35:19Z,1998-01-01
602,1,1999,602,16576,15.9,34.4,1.878,2.7,2.6,0.475908629,3.848905181,0,150,2026-04-28T16:35:19Z,1998-01-01
603,1,1999,603,8301,18.5,25.9,1.988,1.8,0,0.465244685,6.98258813,0,150,2026-04-28T16:35:19Z,1998-01-01
604,1,1999,604,18157,15.3,28,1.933,1.5,0,0.468300807,2.924493195,0,150,2026-04-28T16:35:19Z,1998-01-01
605,1,1999,605,16203,16.5,24.6,1.637,2.6,0,0.471447102,3.891962611,0,150,2026-04-28T16:35:19Z,1998-01-01
606,1,1999,606,17545,13.1,24.4,1.449,2.9,0,0.474686139,3.232081125,0,150,2026-04-28T16:35:19Z,1998-01-01
607,1,1999,607,20196,12.5,25.2,1.373,2.3,0,0.478020575,1.781903356,0,150,2026-04-28T16:35:19Z,1998-01-01
608,1,1999,608,20142,11.5,26.1,1.328,2.5,0,0.48145316,1.730394587,0,150,2026-04-28T16:35:19Z,1998-01-01
609,1,1999,609,22114,11.9,26.8,1.368,2.7,0,0.484986738,0.43742222,0,150,2026-04-28T16:35:19Z,1998-01-01
610,1,1999,610,21157,11.3,27.2,1.258,2.9,0,0.488624255,0.952467394,0,150,2026-04-28T16:35:19Z,1998-01-01
611,1,1999,611,21625,7.9,25.1,1.168,2.1,0,0.492368759,0.595691648,0,150,2026-04-28T16:35:19Z,1998-01-01
612,1,1999,612,15408,9.3,22.5,1.273,1.7,2.2,0.496223403,3.888076894,0,150,2026-04-28T16:35:19Z,1998-01-01
613,1,1999,613,20314,11.2,27.9,1.463,2.7,12,0.48475247,0.988089895,0,150,2026-04-28T16:35:19Z,1998-01-01
614,1,1999,614,10270,15.4,24.3,1.738,2.7,19.4,0.488485354,5.975381796,0,150,2026-04-28T16:35:19Z,1998-01-01
615,1,1999,615,14777,14.2,24.6,1.678,2.3,0.2,0.492325194,3.856020621,0,150,2026-04-28T16:35:19Z,1998-01-01
616,1,1999,616,18953,12.2,25.9,1.538,1.3,0.2,0.496275078,1.42699337,0,150,2026-04-28T16:35:19Z,1998-01-01
617,1,1999,617,19229,11.3,27.3,1.553,1.5,0,0.500338201,1.118276812,0,150,2026-04-28T16:35:19Z,1998-01-01
618,1,1999,618,20589,12.9,28.4,1.558,1.2,0.2,0.504517862,0.067455027,0,150,2026-04-28T16:35:19Z,1998-01-01
619,1,1999,619,20055,11.6,30.4,1.493,1.5,0,0.508817472,0.317506965,0,150,2026-04-28T16:35:19Z,1998-01-01
620,1,1999,620,19070,13.2,29.4,1.558,1.1,0,0.513240555,0.807187412,0,150,2026-04-28T16:35:19Z,1998-01-01
621,1,1999,621,18263,12.5,29.3,1.393,1.6,0,0.517790752,1.288988715,0,150,2026-04-28T16:35:19Z,1998-01-01
622,1,1999,622,12702,12,25.8,1.508,2.1,1,0.505508909,4.439507075,0,150,2026-04-28T16:35:19Z,1998-01-01
623,1,1999,623,7028,14.7,17.2,1.558,3.2,0,0.509906477,6.934985869,0,150,2026-04-28T16:35:19Z,1998-01-01
624,1,1999,624,15656,10.8,21.8,1.338,1.5,0.2,0.514426832,2.616161278,0,150,2026-04-28T16:35:19Z,1998-01-01
625,1,1999,625,9753,8.9,18.7,1.333,1.6,1,0.51907347,5.74513026,0,150,2026-04-28T16:35:19Z,1998-01-01
626,1,1999,626,13444,8.2,21.8,1.253,1.3,0,0.523849989,3.773566015,0,150,2026-04-28T16:35:19Z,1998-01-01
627,1,1999,627,6584,11.9,20.4,1.453,4.3,35,0.528760099,6.992578611,0,150,2026-04-28T16:35:19Z,1998-01-01
628,1,1999,628,13279,11.5,21.3,1.293,2.8,0.6,0.533807621,3.664113555,0,150,2026-04-28T16:35:19Z,1998-01-01
629,1,1999,629,10372,12.4,22.6,1.303,3.5,3,0.538996489,5.207132179,0,150,2026-04-28T16:35:19Z,1998-01-01
630,1,1999,630,7393,14,24.2,1.563,4.5,2,0.544330752,6.538463692,0,150,2026-04-28T16:35:19Z,1998-01-01
631,1,1999,631,10821,17.1,25.1,1.773,3,1.8,0.531021683,4.708640217,0,150,2026-04-28T16:35:19Z,1998-01-01
632,1,1999,632,12095,13.2,25.9,1.858,1.7,29.2,0.536163816,3.829405809,0,150,2026-04-28T16:35:19Z,1998-01-01
633,1,1999,633,7164,15.6,20,1.778,2.2,0.8,0.541445145,6.490169212,0,150,2026-04-28T16:35:19Z,1998-01-01
634,1,1999,634,9953,13.6,19.5,1.468,2,0,0.546869425,5.045354973,0,150,2026-04-28T16:35:19Z,1998-01-01
635,1,1999,635,9806,9.9,21.4,1.433,2.6,6,0.5524405,5.062907121,0,150,2026-04-28T16:35:19Z,1998-01-01
636,1,1999,636,6475,12.9,18.1,1.563,3.2,5.8,0.558162305,6.709004793,0,150,2026-04-28T16:35:19Z,1998-01-01
637,1,1999,637,8086,13.8,23.6,1.523,3,3,0.564038867,5.864156541,0,150,2026-04-28T16:35:19Z,1998-01-01
638,1,1999,638,7343,14.5,17.6,1.438,3,12,0.570074303,6.211903434,0,150,2026-04-28T16:35:19Z,1998-01-01
639,1,1999,639,6308,11.9,16.7,1.378,3.2,0,0.576272815,6.686826593,0,150,2026-04-28T16:35:19Z,1998-01-01
640,1,1999,640,6086,10.2,17.2,1.403,2.8,8.2,0.561692025,6.748979509,0,150,2026-04-28T16:35:19Z,1998-01-01
641,1,1999,641,6212,10.2,14.4,1.203,2.7,4,0.567646628,6.672705173,0,150,2026-04-28T16:35:19Z,1998-01-01
642,1,1999,642,8700,6.5,14.5,1.008,2.4,7,0.573755117,5.295786849,0,150,2026-04-28T16:35:19Z,1998-01-01
643,1,1999,643,9881,3.7,11.8,0.863,1.7,0.4,0.580021147,4.511723526,0,150,2026-04-28T16:35:19Z,1998-01-01
644,1,1999,644,11621,2.2,14,0.838,2,0,0.586448418,3.180144139,0,150,2026-04-28T16:35:19Z,1998-01-01
645,1,1999,645,10975,1.1,13.4,0.858,0.8,0,0.593040663,3.533341115,0,150,2026-04-28T16:35:19Z,1998-01-01
646,1,1999,646,12442,0.3,15.5,0.923,1.3,0,0.599801648,2.198342599,0,150,2026-04-28T16:35:19Z,1998-01-01
647,1,1999,647,5449,8.9,15.4,1.213,1.8,0,0.606735159,6.801791302,0,150,2026-04-28T16:35:19Z,1998-01-01
648,1,1999,648,5850,10.7,15,1.143,1.2,0,0.613844997,6.551578228,0,150,2026-04-28T16:35:19Z,1998-01-01
649,1,1999,649,7644,5.7,15.9,1.118,0.8,0,0.59772557,5.406869567,0,150,2026-04-28T16:35:19Z,1998-01-01
650,1,1999,650,7093,5.3,14.6,1.153,0.9,0.2,0.604522961,5.687984427,0,150,2026-04-28T16:35:19Z,1998-01-01
651,1,1999,651,5178,8.8,13.9,1.353,1.1,3.8,0.611482882,6.758750582,0,150,2026-04-28T16:35:19Z,1998-01-01
652,1,1999,652,5339,11.1,16.4,1.433,1.1,0.2,0.618608203,6.610556712,0,150,2026-04-28T16:35:19Z,1998-01-01
653,1,1999,653,5316,9.3,14.5,1.263,1.4,0,0.62590173,6.599157625,0,150,2026-04-28T16:35:19Z,1998-01-01
654,1,1999,654,4756,8.8,10.8,1.148,1.3,0,0.633366193,6.894684397,0,150,2026-04-28T16:35:19Z,1998-01-01
655,1,1999,655,6023,8.9,15.5,1.193,1.8,0,0.641004231,6.054489899,0,150,2026-04-28T16:35:19Z,1998-01-01
656,1,1999,656,4630,6.7,8.6,0.978,1.9,4,0.648818374,6.906319339,0,150,2026-04-28T16:35:19Z,1998-01-01
657,1,1999,657,4567,6.1,12.9,1.183,1,6,0.656811025,6.87296184,0,150,2026-04-28T16:35:19Z,1998-01-01
658,1,1999,658,5674,9.3,15.8,1.263,2.1,13,0.638885506,6.092327364,0,150,2026-04-28T16:35:19Z,1998-01-01
659,1,1999,659,8730,10.4,18.2,1.293,1.4,0.2,0.646475927,3.481138802,0,150,2026-04-28T16:35:19Z,1998-01-01
660,1,1999,660,7286,6.9,19.1,1.273,4.2,23,0.654224435,4.68033725,0,150,2026-04-28T16:35:19Z,1998-01-01
661,1,1999,661,7164,9.7,18.1,1.283,3.2,0,0.66213199,4.685556732,0,150,2026-04-28T16:35:19Z,1998-01-01
662,1,1999,662,4556,9.5,17.9,1.248,3.4,9,0.670199317,6.643850835,0,150,2026-04-28T16:35:19Z,1998-01-01
663,1,1999,663,8133,9.3,18,1.238,1.4,0.4,0.678426888,3.565977338,0,150,2026-04-28T16:35:19Z,1998-01-01
664,1,1999,664,11857,4.3,18.8,1.053,1.1,0,0.686814892,0,0,150,2026-04-28T16:35:19Z,1998-01-01
665,1,1999,665,10919,4.1,18.7,1.093,0.8,0,0.695363207,0.104518057,0,150,2026-04-28T16:35:19Z,1998-01-01
666,1,1999,666,7458,6.2,20.2,1.313,0.8,0,0.704071371,3.844521022,0,150,2026-04-28T16:35:19Z,1998-01-01
667,1,1999,667,5134,10.4,18.4,1.468,0.9,0.2,0.712938557,5.880016192,0,150,2026-04-28T16:35:19Z,1998-01-01
668,1,1999,668,8393,10.9,22.6,1.428,2.8,2,0.692314894,2.486901562,0,150,2026-04-28T16:35:19Z,1998-01-01
669,1,1999,669,10337,8.1,16.7,1.053,1.8,0,0.700638963,0.012543414,0,150,2026-04-28T16:35:19Z,1998-01-01
670,1,1999,670,8054,3.2,20.7,1.178,3.2,0.8,0.709091585,2.696728589,0,150,2026-04-28T16:35:19Z,1998-01-01
671,1,1999,671,3761,14.1,15.3,1.413,3.3,6,0.717669902,6.768685776,0,150,2026-04-28T16:35:19Z,1998-01-01
672,1,1999,672,5612,7.2,11.2,0.953,3.3,0.2,0.726370585,5.191959888,0,150,2026-04-28T16:35:19Z,1998-01-01
673,1,1999,673,3885,2.5,8.4,0.808,1.7,0,0.735189799,6.671668692,0,150,2026-04-28T16:35:19Z,1998-01-01
674,1,1999,674,6021,1.3,13,0.953,2.4,0.8,0.744123172,4.591570565,0,150,2026-04-28T16:35:19Z,1998-01-01
675,1,1999,675,5783,7.6,11.6,0.916,3.2,0.5,0.753165771,4.759983314,0,150,2026-04-28T16:35:19Z,1998-01-01
676,1,1999,676,5938,3.4,8.1,0.828,3.1,0,0.762312065,4.528108753,0,150,2026-04-28T16:35:19Z,1998-01-01
677,1,1999,677,7987,-0.3,10.4,0.778,3.3,0,0.771555899,1.88847719,0,150,2026-04-28T16:35:19Z,1998-01-01
678,1,1999,678,3414,5.9,9.6,1.018,3,0,0.780890464,6.78999398,0,150,2026-04-28T16:35:19Z,1998-01-01
679,1,1999,679,3440,6.1,8.4,0.888,4.2,0.8,0.790308266,6.745761889,0,150,2026-04-28T16:35:19Z,1998-01-01
680,1,1999,680,3323,5.4,6.1,0.818,2.8,2.4,0.765107895,6.814878502,0,150,2026-04-28T16:35:19Z,1998-01-01
681,1,1999,681,3808,1.7,5.9,0.738,1.8,0,0.773747984,6.35356328,0,150,2026-04-28T16:35:19Z,1998-01-01
682,1,1999,682,6793,1.8,7.7,0.723,2.2,0,0.782427851,2.823363092,0,150,2026-04-28T16:35:19Z,1998-01-01
683,1,1999,683,3194,0.7,3.5,0.668,2.2,0.2,0.791137932,6.83244065,0,150,2026-04-28T16:35:19Z,1998-01-01
684,1,1999,684,4732,0.7,6.2,0.661,3.5,0,0.799868001,5.240079169,0,150,2026-04-28T16:35:19Z,1998-01-01
685,1,1999,685,3521,-1.2,3.3,0.543,1.9,2,0.808607167,6.475698322,0,150,2026-04-28T16:35:19Z,1998-01-01
686,1,1999,686,3412,-1.6,4.3,0.668,3.1,1.2,0.817343865,6.503834322,0,150,2026-04-28T16:35:19Z,1998-01-01
687,1,1999,687,3036,0.6,3.9,0.648,4.2,18.2,0.826065862,6.822660869,0,150,2026-04-28T16:35:19Z,1998-01-01
688,1,1999,688,3431,0.3,3.5,0.633,4.6,4,0.83476026,6.402442439,0,150,2026-04-28T16:35:19Z,1998-01-01
689,1,1999,689,4049,-0.9,1.6,0.508,4.5,0,0.843413505,5.729796659,0,150,2026-04-28T16:35:19Z,1998-01-01
690,1,1999,690,3221,-4.2,-1.1,0.423,3.5,0,0.852011406,6.581412916,0,150,2026-04-28T16:35:19Z,1998-01-01
691,1,1999,691,2894,-2.1,-0.4,0.403,2.3,0,0.860539152,6.866316665,0,150,2026-04-28T16:35:19Z,1998-01-01
692,1,1999,692,2861,-4.2,0.6,0.578,1.9,0.8,0.868981344,6.825224028,0,150,2026-04-28T16:35:19Z,1998-01-01
693,1,1999,693,2829,0.6,5.4,0.763,1.8,0,0.87732203,6.787818869,0,150,2026-04-28T16:35:19Z,1998-01-01
694,1,1999,694,2799,1.3,4,0.748,1.1,0,0.845699807,6.788659866,0,150,2026-04-28T16:35:19Z,1998-01-01
695,1,1999,695,6797,-0.7,7.9,0.648,1.6,0,0.852996519,1.056144926,0,150,2026-04-28T16:35:19Z,1998-01-01
696,1,1999,696,6745,-2.6,10.4,0.678,1.6,0,0.860148369,0.9937702,0,150,2026-04-28T16:35:19Z,1998-01-01
697,1,1999,697,7000,-3.4,10.6,0.673,1.6,0,0.867139891,0.379660935,0,150,2026-04-28T16:35:19Z,1998-01-01
698,1,1999,698,7594,-1.8,11.8,0.648,1,0,0.873955426,0,0,150,2026-04-28T16:35:19Z,1998-01-01
699,1,1999,699,7538,-4,9.5,0.573,0.8,0,0.880579186,0,0,150,2026-04-28T16:35:19Z,1998-01-01
700,1,1999,700,2760,-2.9,6.1,0.673,0.5,0.4,0.886995327,6.664651649,0,150,2026-04-28T16:35:19Z,1998-01-01
701,1,1999,701,2616,3.2,8.8,0.943,1.8,0.2,0.893188024,6.747143297,0,150,2026-04-28T16:35:19Z,1998-01-01
702,1,1999,702,6483,2.8,8.8,0.818,2.1,0,0.89914155,0.654703361,0,150,2026-04-28T16:35:19Z,1998-01-01
703,1,1999,703,2323,3.1,7.5,0.828,4.4,3.6,0.904840361,7.04116522,0,150,2026-04-28T16:35:19Z,1998-01-01
704,1,1999,704,4914,2,2.6,0.698,3.1,0,0.910269181,3.48659819,0,150,2026-04-28T16:35:19Z,1998-01-01
705,1,1999,705,5624,-3.7,6,0.553,1.8,0,0.915413096,2.267454908,0,150,2026-04-28T16:35:19Z,1998-01-01
706,1,1999,706,6454,-4.1,8.4,0.588,2.2,0.2,0.920257639,0.534590518,0,150,2026-04-28T16:35:19Z,1998-01-01
707,1,1999,707,2769,2.5,10.3,0.803,2.7,0,0.924788888,6.457387594,0,150,2026-04-28T16:35:19Z,1998-01-01
708,1,1999,708,2489,3,8.7,0.858,2.9,5.2,0.928993555,6.763068577,0,150,2026-04-28T16:35:19Z,1998-01-01
709,1,1999,709,4199,4.1,8,0.748,3.5,6,0.93285908,4.407403111,0,150,2026-04-28T16:35:19Z,1998-01-01
710,1,1999,710,2463,0.9,8.6,0.913,4.5,2.2,0.936373714,6.755850081,0,150,2026-04-28T16:35:19Z,1998-01-01
711,1,1999,711,3556,7.5,12.7,0.833,7.7,0.4,0.93952661,5.310127615,0,150,2026-04-28T16:35:19Z,1998-01-01
712,1,1999,712,3977,3.8,9,0.748,4.6,7,0.942307902,4.679866688,0,150,2026-04-28T16:35:19Z,1998-01-01
713,1,1999,713,2434,4.6,7.1,0.793,2.9,4,0.944708778,6.780028723,0,150,2026-04-28T16:35:19Z,1998-01-01
714,1,1999,714,2916,-0.9,3.2,0.603,4.1,0,0.94672155,6.219317955,0,150,2026-04-28T16:35:19Z,1998-01-01
715,1,1999,715,5010,-2.4,0.3,0.428,5.5,0,0.948339715,3.062845009,0,150,2026-04-28T16:35:19Z,1998-01-01
716,1,1999,716,2904,-6.7,0.1,0.463,3.8,4,0.949558004,6.262433279,0,150,2026-04-28T16:35:19Z,1998-01-01
717,1,1999,717,2411,-0.1,6.5,0.848,4.3,5,0.95037243,6.777400333,0,150,2026-04-28T16:35:19Z,1998-01-01
718,1,1999,718,2408,6.3,10.6,0.868,4.9,2,0.950780316,6.776294646,0,150,2026-04-28T16:35:19Z,1998-01-01
719,1,1999,719,3783,-3,0.4,0.468,4.5,0,0.950780316,5.038512368,0,150,2026-04-28T16:35:19Z,1998-01-01
720,1,1999,720,2979,-5,0.2,0.463,1.8,0,0.95037243,6.164100878,0,150,2026-04-28T16:35:19Z,1998-01-01
721,1,1999,721,5220,-5.6,2.7,0.488,1.9,0,0.949558004,2.621988699,0,150,2026-04-28T16:35:19Z,1998-01-01
722,1,1999,722,2357,-1.5,3.6,0.638,1.3,1,0.948339715,6.88801665,0,150,2026-04-28T16:35:19Z,1998-01-01
723,1,1999,723,4022,-0.5,9.4,0.803,3.6,1,0.94672155,4.556373231,0,150,2026-04-28T16:35:19Z,1998-01-01
724,1,1999,724,2378,7,11.9,0.928,5.3,11,0.944708778,6.826381163,0,150,2026-04-28T16:35:19Z,1998-01-01
725,1,1999,725,3805,5.3,13.3,0.928,7.5,17,0.942307902,4.890375978,0,150,2026-04-28T16:35:19Z,1998-01-01
726,1,1999,726,2429,5.6,6.3,0.758,7.5,16,0.93952661,6.815802119,0,150,2026-04-28T16:35:19Z,1998-01-01
727,1,1999,727,3451,0.9,4.8,0.683,8.3,6,0.936373713,5.539765288,0,150,2026-04-28T16:35:19Z,1998-01-01
728,1,1999,728,2881,0.9,3.3,0.633,4,1,0.932859079,6.32889806,0,150,2026-04-28T16:35:19Z,1998-01-01
729,1,1999,729,3097,-0.4,4.2,0.643,2.4,1,0.928993555,6.073161145,0,150,2026-04-28T16:35:19Z,1998-01-01
730,1,1999,730,2468,0,2.6,0.708,2.9,1.2,0.924788887,6.837348863,0,150,2026-04-28T16:35:19Z,1998-01-01
731,1,2000,731,2481,2.6,6,0.878,1.3,1.2,0.920257639,6.810083242,0,150,2026-04-28T16:35:19Z,1998-01-01
732,1,2000,732,3023,5,7.2,0.883,1.3,0,0.915413096,6.180620959,0,150,2026-04-28T16:35:19Z,1998-01-01
733,1,2000,733,6404,0.8,7.6,0.698,1.7,0,0.910269181,0.754864141,0,150,2026-04-28T16:35:19Z,1998-01-01
734,1,2000,734,4839,-3.1,6.9,0.698,1.8,0.2,0.904840361,3.698793286,0,150,2026-04-28T16:35:19Z,1998-01-01
735,1,2000,735,5790,5.4,12.7,0.858,1.6,0,0.89914155,2.016384322,0,150,2026-04-28T16:35:19Z,1998-01-01
736,1,2000,736,4272,-0.4,7.5,0.723,1.4,0,0.893188024,4.683935193,0,150,2026-04-28T16:35:19Z,1998-01-01
737,1,2000,737,2612,0.2,7.1,0.778,1.1,0,0.886995327,6.817192994,0,150,2026-04-28T16:35:19Z,1998-01-01
738,1,2000,738,2603,-1.1,5.5,0.758,1.7,4.8,0.880579186,6.856983575,0,150,2026-04-28T16:35:19Z,1998-01-01
739,1,2000,739,1702,3.8,5.9,0.833,2.9,4,0.873955426,7.728986573,0,150,2026-04-28T16:35:19Z,1998-01-01
740,1,2000,740,2648,2.3,3.1,0.703,3.7,0,0.867139891,6.875850085,0,150,2026-04-28T16:35:19Z,1998-01-01
741,1,2000,741,2673,1.7,3.5,0.673,2.1,0,0.860148369,6.88403342,0,150,2026-04-28T16:35:19Z,1998-01-01
742,1,2000,742,2698,1.5,3.9,0.668,0.8,0,0.852996519,6.8890038,0,150,2026-04-28T16:35:19Z,1998-01-01
743,1,2000,743,6187,-1.5,7.5,0.578,1.6,0,0.845699807,2.356601778,0,150,2026-04-28T16:35:19Z,1998-01-01
744,1,2000,744,7119,-3.2,8.2,0.578,1.5,0,0.87732203,0.884833067,0,150,2026-04-28T16:35:19Z,1998-01-01
745,1,2000,745,4258,-2.4,3,0.538,1.9,0,0.868981344,5.319566774,0,150,2026-04-28T16:35:19Z,1998-01-01
746,1,2000,746,3352,-0.7,0.4,0.604,3.7,0,0.860539152,6.378065426,0,150,2026-04-28T16:35:19Z,1998-01-01
747,1,2000,747,3133,-4.3,1.6,0.593,3.5,0,0.852011406,6.644320893,0,150,2026-04-28T16:35:19Z,1998-01-01
748,1,2000,748,2876,1.3,3.9,0.738,3.8,0.1,0.843413505,6.899299892,0,150,2026-04-28T16:35:19Z,1998-01-01
749,1,2000,749,4704,1.6,4.5,0.568,4.8,0,0.83476026,5.04323132,0,150,2026-04-28T16:35:19Z,1998-01-01
750,1,2000,750,6293,-3.1,3.7,0.518,2.1,0,0.826065862,3.079794107,0,150,2026-04-28T16:35:19Z,1998-01-01
751,1,2000,751,2979,0.3,3.6,0.583,2.5,0,0.817343865,6.941953705,0,150,2026-04-28T16:35:19Z,1998-01-01
752,1,2000,752,3083,1,3.6,0.673,4.1,2,0.808607167,6.870312689,0,150,2026-04-28T16:35:19Z,1998-01-01
753,1,2000,753,3054,0.9,3.1,0.653,5.3,0.4,0.799868001,6.937698169,0,150,2026-04-28T16:35:19Z,1998-01-01
754,1,2000,754,4045,-0.4,1.3,0.493,3.5,0.2,0.791137932,6.114692492,0,150,2026-04-28T16:35:19Z,1998-01-01
755,1,2000,755,6020,-7.9,-3.7,0.328,1.6,0,0.782427851,4.133636728,0,150,2026-04-28T16:35:19Z,1998-01-01
756,1,2000,756,8731,-5.2,-1,0.348,1.2,0,0.773747984,0.577288869,0,150,2026-04-28T16:35:19Z,1998-01-01
757,1,2000,757,8856,-8.7,4.6,0.423,1.3,0,0.765107895,0.493666818,0,150,2026-04-28T16:35:19Z,1998-01-01
758,1,2000,758,6700,-5.6,7.6,0.548,1.9,0,0.790308266,3.505832619,0,150,2026-04-28T16:35:19Z,1998-01-01
759,1,2000,759,3302,-0.3,6.4,0.743,4.1,0.8,0.780890464,6.947502831,0,150,2026-04-28T16:35:19Z,1998-01-01
760,1,2000,760,3736,5.5,11.1,0.998,4.4,0,0.771555899,6.592498284,0,150,2026-04-28T16:35:19Z,1998-01-01
761,1,2000,761,4989,2.9,11.4,0.858,1.6,0,0.762312065,5.54606761,0,150,2026-04-28T16:35:19Z,1998-01-01
762,1,2000,762,6444,-2.1,10,0.713,1.7,1,0.753165771,4.185222874,0,150,2026-04-28T16:35:19Z,1998-01-01
763,1,2000,763,2815,3.1,9.6,1.013,3.4,8,0.744123172,7.409911788,0,150,2026-04-28T16:35:19Z,1998-01-01
764,1,2000,764,4576,0.8,4.8,0.703,3.1,0,0.735189799,6.164840974,0,150,2026-04-28T16:35:19Z,1998-01-01
765,1,2000,765,5949,-0.8,7.1,0.643,1.9,0,0.726370585,5.024451711,0,150,2026-04-28T16:35:19Z,1998-01-01
766,1,2000,766,9226,-2.6,12.3,0.688,1.4,0,0.717669902,1.47852118,0,150,2026-04-28T16:35:19Z,1998-01-01
767,1,2000,767,8870,0.9,14,0.783,1.8,1,0.709091585,2.028914344,0,150,2026-04-28T16:35:19Z,1998-01-01
768,1,2000,768,5479,5.5,11.3,0.858,3.3,0.8,0.700638963,5.624582446,0,150,2026-04-28T16:35:19Z,1998-01-01
769,1,2000,769,4865,7.1,9.6,0.854,2.6,2,0.692314894,6.19551761,0,150,2026-04-28T16:35:19Z,1998-01-01
770,1,2000,770,5524,2.3,8.8,0.758,3.1,0,0.712938557,5.761002977,0,150,2026-04-28T16:35:19Z,1998-01-01
771,1,2000,771,8561,-1.9,10.9,0.723,2.5,3,0.704071371,3.043614686,0,150,2026-04-28T16:35:19Z,1998-01-01
772,1,2000,772,7984,1.7,6.3,0.623,4.1,0,0.695363207,3.81639237,0,150,2026-04-28T16:35:19Z,1998-01-01
773,1,2000,773,9208,-1.2,6.2,0.558,2.6,2,0.686814892,2.773118229,0,150,2026-04-28T16:35:19Z,1998-01-01
774,1,2000,774,2871,2.4,6.7,0.758,2.9,3.2,0.678426888,7.698912239,0,150,2026-04-28T16:35:19Z,1998-01-01
775,1,2000,775,4209,2.4,9,0.918,1.9,2,0.670199317,6.946993389,0,150,2026-04-28T16:35:19Z,1998-01-01
776,1,2000,776,4682,6.1,10.8,0.993,3.8,3.2,0.66213199,6.680034911,0,150,2026-04-28T16:35:19Z,1998-01-01
777,1,2000,777,5293,5.3,8.9,0.718,4.9,10,0.654224435,6.383872454,0,150,2026-04-28T16:35:19Z,1998-01-01
778,1,2000,778,6706,0.4,6.3,0.648,3.6,2.6,0.646475927,5.481510661,0,150,2026-04-28T16:35:19Z,1998-01-01
779,1,2000,779,4365,1.1,9.4,0.853,5.1,6.4,0.638885506,7.024347382,0,150,2026-04-28T16:35:19Z,1998-01-01
780,1,2000,780,6529,5.8,9.4,0.783,5.8,6,0.656811025,5.71702835,0,150,2026-04-28T16:35:19Z,1998-01-01
781,1,2000,781,9203,0.8,5.5,0.533,3.7,0,0.648818374,3.868742793,0,150,2026-04-28T16:35:19Z,1998-01-01
782,1,2000,782,12235,-3.6,6.6,0.463,1.9,0,0.641004231,1.331880538,0,150,2026-04-28T16:35:19Z,1998-01-01
783,1,2000,783,11297,-3.5,7.3,0.478,1.5,0,0.633366193,2.370929945,0,150,2026-04-28T16:35:19Z,1998-01-01
784,1,2000,784,12615,-4,9.5,0.508,1.6,0,0.62590173,1.293402005,0,150,2026-04-28T16:35:19Z,1998-01-01
785,1,2000,785,4829,-0.6,10.4,0.728,2.2,0,0.618608203,7.024821193,0,150,2026-04-28T16:35:19Z,1998-01-01
786,1,2000,786,4804,7,12.1,0.943,2,0,0.611482882,7.044379877,0,150,2026-04-28T16:35:19Z,1998-01-01
787,1,2000,787,6783,5.5,13.1,0.948,1.6,0,0.604522961,5.980264652,0,150,2026-04-28T16:35:19Z,1998-01-01
788,1,2000,788,10541,1.7,16.9,0.898,1.6,0,0.59772557,3.456316451,0,150,2026-04-28T16:35:19Z,1998-01-01
789,1,2000,789,10610,6.2,16.9,0.913,5.6,11,0.613844997,3.519407261,0,150,2026-04-28T16:35:19Z,1998-01-01
790,1,2000,790,5067,5.9,10,0.968,3.9,20,0.606735159,7.05766756,0,150,2026-04-28T16:35:19Z,1998-01-01
791,1,2000,791,5935,6.3,9.8,0.843,4.2,8.2,0.599801648,6.68662496,0,150,2026-04-28T16:35:19Z,1998-01-01
792,1,2000,792,10570,1.5,8.4,0.618,3,0,0.593040663,4.034473791,0,150,2026-04-28T16:35:19Z,1998-01-01
793,1,2000,793,5268,0.9,9.7,0.683,4.2,4,0.586448418,7.110347861,0,150,2026-04-28T16:35:19Z,1998-01-01
794,1,2000,794,12528,4.5,8.2,0.628,4.1,0,0.580021147,2.857833963,0,150,2026-04-28T16:35:19Z,1998-01-01
795,1,2000,795,15959,-3.7,6.9,0.418,2.7,0,0.573755117,0.459995095,0,150,2026-04-28T16:35:19Z,1998-01-01
796,1,2000,796,16060,-4.5,11.6,0.498,1.3,0,0.567646628,0.48028987,0,150,2026-04-28T16:35:19Z,1998-01-01
797,1,2000,797,15172,-1.8,13.3,0.598,1.4,0,0.561692025,1.292080685,0,150,2026-04-28T16:35:19Z,1998-01-01
798,1,2000,798,15215,-1.1,14.8,0.703,1.6,0,0.576272815,1.342597664,0,150,2026-04-28T16:35:19Z,1998-01-01
799,1,2000,799,16258,2.1,18,0.818,1.9,0,0.570074303,0.59480667,0,150,2026-04-28T16:35:19Z,1998-01-01
800,1,2000,800,7011,7.6,13.4,0.993,2.4,0,0.564038867,6.538348747,0,150,2026-04-28T16:35:19Z,1998-01-01
801,1,2000,801,13470,2.7,16.2,0.858,1.6,0,0.558162305,2.958278478,0,150,2026-04-28T16:35:19Z,1998-01-01
802,1,2000,802,15727,4.8,13.4,0.788,2.5,0,0.5524405,1.534278472,0,150,2026-04-28T16:35:19Z,1998-01-01
803,1,2000,803,15658,-0.1,14.5,0.763,1.8,0,0.546869425,1.751419753,0,150,2026-04-28T16:35:19Z,1998-01-01
804,1,2000,804,12627,3,15.3,0.903,3.1,2,0.541445145,3.813123376,0,150,2026-04-28T16:35:19Z,1998-01-01
805,1,2000,805,12637,5.3,9.4,0.653,5.6,0,0.536163816,4.014582334,0,150,2026-04-28T16:35:19Z,1998-01-01
806,1,2000,806,9908,-1,10.2,0.628,3.1,0,0.531021683,5.559427316,0,150,2026-04-28T16:35:19Z,1998-01-01
807,1,2000,807,11273,3.7,12.7,0.798,4.2,0,0.544330752,4.880511806,0,150,2026-04-28T16:35:19Z,1998-01-01
808,1,2000,808,6308,6.8,8.6,0.748,4.8,0,0.538996489,7.151250275,0,150,2026-04-28T16:35:19Z,1998-01-01
809,1,2000,809,11913,0.8,12.1,0.688,5,0,0.533807621,4.737720415,0,150,2026-04-28T16:35:19Z,1998-01-01
810,1,2000,810,18503,2.9,12.8,0.568,3.9,0,0.528760099,0.960707947,0,150,2026-04-28T16:35:19Z,1998-01-01
811,1,2000,811,18214,-2.4,15.8,0.633,1.2,0,0.523849989,1.250407668,0,150,2026-04-28T16:35:19Z,1998-01-01
812,1,2000,812,16221,0.8,17.4,0.703,2.1,0,0.51907347,2.595032502,0,150,2026-04-28T16:35:19Z,1998-01-01
813,1,2000,813,7319,4.8,14.2,0.733,3.2,2,0.514426832,6.934741239,0,150,2026-04-28T16:35:19Z,1998-01-01
814,1,2000,814,8281,6.9,12.6,0.933,2.5,0,0.509906477,6.57728183,0,150,2026-04-28T16:35:19Z,1998-01-01
815,1,2000,815,15992,2.6,15.8,0.828,2.2,2.4,0.505508909,2.986047461,0,150,2026-04-28T16:35:19Z,1998-01-01
816,1,2000,816,9109,5.1,11,0.783,3.3,0.8,0.517790752,6.360840226,0,150,2026-04-28T16:35:19Z,1998-01-01
817,1,2000,817,9022,2.7,8.8,0.733,2.5,0,0.513240555,6.442898725,0,150,2026-04-28T16:35:19Z,1998-01-01
818,1,2000,818,9275,1.1,8,0.743,3.6,3.2,0.508817472,6.383575078,0,150,2026-04-28T16:35:19Z,1998-01-01
819,1,2000,819,7076,2.4,4.2,0.723,3.5,1.2,0.504517862,7.182321233,0,150,2026-04-28T16:35:19Z,1998-01-01
820,1,2000,820,7375,1.6,9,0.703,2,0,0.500338201,7.113982371,0,150,2026-04-28T16:35:19Z,1998-01-01
821,1,2000,821,16022,-2.1,13.8,0.708,2.1,0.6,0.496275078,3.59003592,0,150,2026-04-28T16:35:19Z,1998-01-01
822,1,2000,822,10753,2.1,11.6,0.763,1.9,0.2,0.492325194,5.975905693,0,150,2026-04-28T16:35:19Z,1998-01-01
823,1,2000,823,18864,-1.1,16.1,0.733,4.5,0,0.488485354,2.264147858,0,150,2026-04-28T16:35:19Z,1998-01-01
824,1,2000,824,9113,8.9,17.5,0.918,4.1,9,0.48475247,6.615017796,0,150,2026-04-28T16:35:19Z,1998-01-01
825,1,2000,825,9072,5.5,14,0.938,3.8,2.2,0.496223403,6.656238224,0,150,2026-04-28T16:35:19Z,1998-01-01
826,1,2000,826,7553,5.6,7,0.858,4.1,0.4,0.492368759,7.177606903,0,150,2026-04-28T16:35:19Z,1998-01-01
827,1,2000,827,8391,4,8.4,0.733,4.7,0,0.488624255,6.962838135,0,150,2026-04-28T16:35:19Z,1998-01-01
828,1,2000,828,22210,-1.6,13.4,0.568,2.6,0,0.484986738,1.077550331,0,150,2026-04-28T16:35:19Z,1998-01-01
829,1,2000,829,21742,-1.3,17.7,0.693,1.5,0,0.48145316,1.352464289,0,150,2026-04-28T16:35:19Z,1998-01-01
830,1,2000,830,7998,3.2,11.8,0.828,1.9,0,0.478020575,7.135428015,0,150,2026-04-28T16:35:19Z,1998-01-01
831,1,2000,831,11259,5.8,15.7,0.933,1.2,2,0.474686139,6.099189729,0,150,2026-04-28T16:35:19Z,1998-01-01
832,1,2000,832,10611,6.7,15.1,0.923,3.2,5.4,0.471447102,6.355125365,0,150,2026-04-28T16:35:19Z,1998-01-01
833,1,2000,833,14638,2,12.7,0.708,4.6,1,0.468300807,4.984043384,0,150,2026-04-28T16:35:19Z,1998-01-01
834,1,2000,834,8747,5.1,14.2,0.783,3.4,0,0.465244685,7.008020171,0,150,2026-04-28T16:35:19Z,1998-01-01
835,1,2000,835,17328,6.4,19,0.923,6.1,1,0.475908629,3.900132278,0,150,2026-04-28T16:35:19Z,1998-01-01
836,1,2000,836,13244,6.1,15.2,0.778,4.5,0,0.472760827,5.615892979,0,150,2026-04-28T16:35:19Z,1998-01-01
837,1,2000,837,8264,2.3,15.2,0.883,4.2,13,0.4697056,7.189139177,0,150,2026-04-28T16:35:19Z,1998-01-01
838,1,2000,838,11482,5.8,14.2,0.908,3,0,0.466740365,6.251766158,0,150,2026-04-28T16:35:19Z,1998-01-01
839,1,2000,839,22366,2.3,16.8,0.853,1.8,1,0.463862624,1.883869729,0,150,2026-04-28T16:35:19Z,1998-01-01
840,1,2000,840,15995,8.5,15.4,0.843,2.8,0,0.461069968,4.74487858,0,150,2026-04-28T16:35:19Z,1998-01-01
841,1,2000,841,20682,1.3,19.6,0.888,1.3,0,0.458360066,2.814395516,0,150,2026-04-28T16:35:19Z,1998-01-01
842,1,2000,842,15635,7.5,20.6,1.238,1.9,2,0.455730671,4.856721306,0,150,2026-04-28T16:35:19Z,1998-01-01
843,1,2000,843,19200,8.5,24.5,1.173,3.3,1,0.453179608,3.477032261,0,150,2026-04-28T16:35:19Z,1998-01-01
844,1,2000,844,8684,11.2,11.3,1.148,2.2,20,0.463429149,7.164883036,0,150,2026-04-28T16:35:19Z,1998-01-01
845,1,2000,845,19566,5.9,15.1,0.883,2.3,0,0.460806845,3.549821015,0,150,2026-04-28T16:35:19Z,1998-01-01
846,1,2000,846,25365,3.5,21.2,0.978,2.6,0,0.458264942,0.906130091,0,150,2026-04-28T16:35:19Z,1998-01-01
847,1,2000,847,22921,12.1,22.2,0.963,4.7,0,0.455801274,2.165438587,0,150,2026-04-28T16:35:19Z,1998-01-01
848,1,2000,848,9867,7.4,16.1,1.228,1.5,9,0.453413747,6.905900267,0,150,2026-04-28T16:35:19Z,1998-01-01
849,1,2000,849,8963,11.1,11.5,1.203,1.7,5,0.45110034,7.162498563,0,150,2026-04-28T16:35:19Z,1998-01-01
850,1,2000,850,15238,6.6,15.9,1.048,1.3,0,0.4488591,5.342511801,0,150,2026-04-28T16:35:19Z,1998-01-01
851,1,2000,851,23278,4.1,21.6,1.088,1.6,0,0.446688144,2.200980019,0,150,2026-04-28T16:35:19Z,1998-01-01
852,1,2000,852,21627,8.2,23,1.298,1.8,0,0.444585649,2.89337366,0,150,2026-04-28T16:35:19Z,1998-01-01
853,1,2000,853,21577,10.2,22.8,1.448,2.4,2.2,0.442549859,2.91162994,0,150,2026-04-28T16:35:19Z,1998-01-01
854,1,2000,854,18232,10.3,23.5,1.443,1.8,0,0.440579076,4.305917173,0,150,2026-04-28T16:35:19Z,1998-01-01
855,1,2000,855,24408,9.9,25.9,1.283,1.7,0,0.450340943,1.840313,0,150,2026-04-28T16:35:19Z,1998-01-01
856,1,2000,856,16863,11.5,24.5,1.273,2.3,2,0.448324705,4.91498477,0,150,2026-04-28T16:35:19Z,1998-01-01
857,1,2000,857,10284,8.8,19.2,1.418,1.5,4.2,0.446375327,6.911878803,0,150,2026-04-28T16:35:19Z,1998-01-01
858,1,2000,858,16859,10.4,23.4,1.423,1.3,0.4,0.444491132,4.940956942,0,150,2026-04-28T16:35:19Z,1998-01-01
859,1,2000,859,19729,13.1,24,1.443,1.1,0,0.442670499,3.925128454,0,150,2026-04-28T16:35:19Z,1998-01-01
860,1,2000,860,19215,11.3,24.3,1.498,1.2,17,0.440911866,4.138921634,0,150,2026-04-28T16:35:19Z,1998-01-01
861,1,2000,861,15707,12.9,20.5,1.603,1.5,14,0.439213724,5.36993312,0,150,2026-04-28T16:35:19Z,1998-01-01
862,1,2000,862,22276,10.3,23.9,1.518,4,0,0.437574618,3.013640236,0,150,2026-04-28T16:35:19Z,1998-01-01
863,1,2000,863,22537,11.3,22.7,1.483,2,0.2,0.435993145,2.959580806,0,150,2026-04-28T16:35:19Z,1998-01-01
864,1,2000,864,19106,12.3,22.8,1.483,2.6,0,0.434467955,4.308596366,0,150,2026-04-28T16:35:19Z,1998-01-01
865,1,2000,865,20677,11.3,24.1,1.528,1.7,0.2,0.432997745,3.746014568,0,150,2026-04-28T16:35:19Z,1998-01-01
866,1,2000,866,24762,10.8,27.2,1.593,1.2,0,0.442558373,2.110827153,0,150,2026-04-28T16:35:19Z,1998-01-01
867,1,2000,867,27468,13.3,28.1,1.353,2.6,0.6,0.441066499,1.067828156,0,150,2026-04-28T16:35:19Z,1998-01-01
868,1,2000,868,9977,14.4,15.5,1.433,1.6,9,0.439631499,7.108792077,0,150,2026-04-28T16:35:19Z,1998-01-01
869,1,2000,869,13795,10.3,16.2,1.088,3.2,1.4,0.438252101,6.182467864,0,150,2026-04-28T16:35:19Z,1998-01-01
870,1,2000,870,10781,8.4,15.2,1.008,2.5,1,0.436927082,6.980313806,0,150,2026-04-28T16:35:19Z,1998-01-01
871,1,2000,871,17993,8.4,17.2,1.013,2.1,0,0.435655264,4.978853234,0,150,2026-04-28T16:35:19Z,1998-01-01
872,1,2000,872,13912,5.2,19.3,1.068,3,3,0.434435517,6.192842984,0,150,2026-04-28T16:35:19Z,1998-01-01
873,1,2000,873,19876,8.1,15.7,0.933,2.8,0,0.433266755,4.424871822,0,150,2026-04-28T16:35:19Z,1998-01-01
874,1,2000,874,28112,3.8,19.7,0.938,2.1,0,0.432147936,1.303033384,0,150,2026-04-28T16:35:19Z,1998-01-01
875,1,2000,875,26291,6.3,24.3,1.198,1.4,0,0.431078065,1.965385229,0,150,2026-04-28T16:35:19Z,1998-01-01
876,1,2000,876,14252,13.7,20.9,1.408,1.9,0.2,0.430056185,6.089812246,0,150,2026-04-28T16:35:19Z,1998-01-01
877,1,2000,877,21835,10.1,25.6,1.413,2.8,11.2,0.429081385,3.668526525,0,150,2026-04-28T16:35:19Z,1998-01-01
878,1,2000,878,18325,9.8,17.9,1.113,2.5,0,0.428152795,4.965122847,0,150,2026-04-28T16:35:19Z,1998-01-01
879,1,2000,879,12472,11.5,18.1,1.248,3.3,4,0.427269586,6.610900942,0,150,2026-04-28T16:35:19Z,1998-01-01
880,1,2000,880,18390,8.3,17.3,0.968,2.9,0.2,0.426430969,5.010655264,0,150,2026-04-28T16:35:19Z,1998-01-01
881,1,2000,881,12325,11,21.8,1.308,3.5,1.6,0.425636195,6.653897789,0,150,2026-04-28T16:35:19Z,1998-01-01
882,1,2000,882,17510,12.7,20.5,1.383,2.9,1,0.424884555,5.206092367,0,150,2026-04-28T16:35:19Z,1998-01-01
883,1,2000,883,26721,9.4,25.2,1.383,1.5,0.2,0.434340454,1.912600391,0,150,2026-04-28T16:35:19Z,1998-01-01
884,1,2000,884,24335,11.5,29.2,1.603,1.7,0,0.433609877,2.799562531,0,150,2026-04-28T16:35:19Z,1998-01-01
885,1,2000,885,24451,13.9,29.6,1.688,1.7,12,0.432924714,2.742302115,0,150,2026-04-28T16:35:19Z,1998-01-01
886,1,2000,886,20025,15.5,27.2,1.768,2,0.2,0.432284312,4.349337085,0,150,2026-04-28T16:35:19Z,1998-01-01
887,1,2000,887,13531,14.8,23.9,1.543,2.9,2.4,0.43168806,6.351258713,0,150,2026-04-28T16:35:19Z,1998-01-01
888,1,2000,888,11195,11.4,17.9,1.213,3.4,0,0.431135388,6.970306465,0,150,2026-04-28T16:35:19Z,1998-01-01
889,1,2000,889,25122,9,20.2,1.138,2.9,0,0.430625765,2.745129357,0,150,2026-04-28T16:35:19Z,1998-01-01
890,1,2000,890,29577,7.4,29.3,1.308,2.8,0,0.430158703,0.870511222,0,150,2026-04-28T16:35:19Z,1998-01-01
891,1,2000,891,28049,17.5,29,1.448,5.6,0,0.429733751,1.465758227,0,150,2026-04-28T16:35:19Z,1998-01-01
892,1,2000,892,15422,14.7,23.1,1.648,5,49,0.4293505,5.844888564,0,150,2026-04-28T16:35:19Z,1998-01-01
893,1,2000,893,10523,12.5,14.4,1.388,4.1,2,0.42900858,7.118432195,0,150,2026-04-28T16:35:19Z,1998-01-01
894,1,2000,894,25399,10.9,22,1.403,3.4,0,0.428707659,2.578512769,0,150,2026-04-28T16:35:19Z,1998-01-01
895,1,2000,895,14646,12.3,24.4,1.623,2.4,0,0.428447449,6.072792567,0,150,2026-04-28T16:35:19Z,1998-01-01
896,1,2000,896,27234,15.3,26.6,1.703,3.3,0.2,0.428227696,1.739542866,0,150,2026-04-28T16:35:19Z,1998-01-01
897,1,2000,897,26165,13.2,26.3,1.643,2.1,0,0.428048187,2.201706706,0,150,2026-04-28T16:35:19Z,1998-01-01
898,1,2000,898,27315,12.5,24.1,1.418,2.7,0,0.427908749,1.830963997,0,150,2026-04-28T16:35:19Z,1998-01-01
899,1,2000,899,30145,10.6,25.3,1.068,2.9,0,0.427809248,0.830413894,0,150,2026-04-28T16:35:19Z,1998-01-01
900,1,2000,900,29676,9.1,29.7,1.458,2.1,0,0.427749585,0.823201339,0,150,2026-04-28T16:35:19Z,1998-01-01
901,1,2000,901,29744,14.4,30.8,1.428,2.8,0,0.427729704,0.80782628,0,150,2026-04-28T16:35:19Z,1998-01-01
902,1,2000,902,29205,13.1,30.6,1.038,4,0,0.427749585,1.241196466,0,150,2026-04-28T16:35:19Z,1998-01-01
903,1,2000,903,27990,10.9,29.6,1.203,2.1,0,0.427809248,1.651397675,0,150,2026-04-28T16:35:19Z,1998-01-01
904,1,2000,904,11035,16.5,19.4,1.448,2.5,0.2,0.427908749,7.001067204,0,150,2026-04-28T16:35:19Z,1998-01-01
905,1,2000,905,14598,11.6,20,1.193,2.5,0,0.428048187,6.151640499,0,150,2026-04-28T16:35:19Z,1998-01-01
906,1,2000,906,13784,13.2,19.4,1.168,3.3,0,0.428227696,6.365014609,0,150,2026-04-28T16:35:19Z,1998-01-01
907,1,2000,907,14584,11.4,18.9,1.028,1.9,0,0.428447449,6.178584772,0,150,2026-04-28T16:35:19Z,1998-01-01
908,1,2000,908,27951,6.9,21.3,0.953,2.9,0,0.428707659,1.761570278,0,150,2026-04-28T16:35:19Z,1998-01-01
909,1,2000,909,27804,7.3,25.3,1.038,2,0,0.42900858,1.764471346,0,150,2026-04-28T16:35:19Z,1998-01-01
910,1,2000,910,13346,12.9,23.2,1.388,2.4,0,0.4293505,6.432976703,0,150,2026-04-28T16:35:19Z,1998-01-01
911,1,2000,911,24887,11.7,24.4,1.238,2.4,0,0.429733751,2.792851203,0,150,2026-04-28T16:35:19Z,1998-01-01
912,1,2000,912,29233,10,26.6,1.198,1.5,0,0.430158703,1.044498496,0,150,2026-04-28T16:35:19Z,1998-01-01
913,1,2000,913,20019,12.1,29.9,1.528,1.9,1,0.430625765,4.418770013,0,150,2026-04-28T16:35:19Z,1998-01-01
914,1,2000,914,26158,15.9,33.6,1.678,3.3,23,0.431135388,2.080295951,0,150,2026-04-28T16:35:19Z,1998-01-01
915,1,2000,915,15812,14.7,25.7,1.833,2,19,0.43168806,5.663167306,0,150,2026-04-28T16:35:19Z,1998-01-01
916,1,2000,916,18755,15,23.9,1.523,3.4,0.2,0.432284312,4.804343965,0,150,2026-04-28T16:35:19Z,1998-01-01
917,1,2000,917,21211,12.2,23.8,1.313,2.2,0,0.432924714,4.024043604,0,150,2026-04-28T16:35:19Z,1998-01-01
918,1,2000,918,26677,11.6,29.6,1.493,2.4,2,0.433609877,1.861942046,0,150,2026-04-28T16:35:19Z,1998-01-01
919,1,2000,919,22768,16.6,26.6,1.623,4.6,0.6,0.434340454,3.337035797,0,150,2026-04-28T16:35:19Z,1998-01-01
920,1,2000,920,18259,13.2,19,1.218,4.2,1,0.424884555,4.986401397,0,150,2026-04-28T16:35:19Z,1998-01-01
921,1,2000,921,10545,10.1,18.2,1.328,3.8,15.2,0.425636195,7.066442487,0,150,2026-04-28T16:35:19Z,1998-01-01
922,1,2000,922,13393,14.3,20.1,1.348,3.9,2,0.426430969,6.351449823,0,150,2026-04-28T16:35:19Z,1998-01-01
923,1,2000,923,12634,10.9,15.9,1.188,3,7,0.427269586,6.562319763,0,150,2026-04-28T16:35:19Z,1998-01-01
924,1,2000,924,12207,9.8,16.8,1.148,3.2,0,0.428152795,6.667204403,0,150,2026-04-28T16:35:19Z,1998-01-01
925,1,2000,925,11845,8.1,19.6,1.278,2.9,0.8,0.429081385,6.732542021,0,150,2026-04-28T16:35:19Z,1998-01-01
926,1,2000,926,10950,13.5,16.9,1.458,3.4,7,0.430056185,6.923960378,0,150,2026-04-28T16:35:19Z,1998-01-01
927,1,2000,927,13050,10.7,15.6,1.228,3.2,0.4,0.431078065,6.411045906,0,150,2026-04-28T16:35:19Z,1998-01-01
928,1,2000,928,11955,8.9,17.5,1.078,2.8,0.2,0.432147936,6.703978806,0,150,2026-04-28T16:35:19Z,1998-01-01
929,1,2000,929,24275,6.8,20.6,1.103,1.8,0,0.433266755,2.699678753,0,150,2026-04-28T16:35:19Z,1998-01-01
930,1,2000,930,27878,8.3,23.3,1.203,1.7,0,0.434435517,1.101364113,0,150,2026-04-28T16:35:19Z,1998-01-01
931,1,2000,931,25441,10.8,23.4,1.203,2.8,0,0.435655264,2.111189033,0,150,2026-04-28T16:35:19Z,1998-01-01
932,1,2000,932,26515,11.5,24.2,1.258,2.8,0,0.436927082,1.587471226,0,150,2026-04-28T16:35:19Z,1998-01-01
933,1,2000,933,28314,10.3,26,1.273,2.4,0,0.438252101,0.728879418,0,150,2026-04-28T16:35:19Z,1998-01-01
934,1,2000,934,25218,10.5,28.3,1.478,1.8,0,0.439631499,1.96590775,0,150,2026-04-28T16:35:19Z,1998-01-01
935,1,2000,935,16454,16.6,26.9,1.478,3,8,0.441066499,5.244677827,0,150,2026-04-28T16:35:19Z,1998-01-01
936,1,2000,936,20230,15.1,24.6,1.558,2.6,0.2,0.442558373,3.878505772,0,150,2026-04-28T16:35:19Z,1998-01-01
937,1,2000,937,16558,14,22.7,1.613,1.8,6,0.432997745,5.138740746,0,150,2026-04-28T16:35:19Z,1998-01-01
938,1,2000,938,19925,14.2,24.9,1.563,2.6,0.2,0.434467955,3.927997714,0,150,2026-04-28T16:35:19Z,1998-01-01
939,1,2000,939,13782,13.1,23.5,1.648,1.5,2,0.435993145,5.970586404,0,150,2026-04-28T16:35:19Z,1998-01-01
940,1,2000,940,20471,14.3,23.7,1.543,2.9,0.4,0.437574618,3.654648538,0,150,2026-04-28T16:35:19Z,1998-01-01
941,1,2000,941,14523,13.3,21.9,1.438,2.9,0.2,0.439213724,5.736858984,0,150,2026-04-28T16:35:19Z,1998-01-01
942,1,2000,942,24724,11,23.9,1.358,1.3,0,0.440911866,1.849569594,0,150,2026-04-28T16:35:19Z,1998-01-01
943,1,2000,943,27850,10.6,26.5,1.338,1.6,0,0.442670499,0.326689542,0,150,2026-04-28T16:35:19Z,1998-01-01
944,1,2000,944,25430,11.2,31.6,1.533,1.8,10,0.444491132,1.329952689,0,150,2026-04-28T16:35:19Z,1998-01-01
945,1,2000,945,11290,17.3,21.6,1.698,2,5,0.446375327,6.582534538,0,150,2026-04-28T16:35:19Z,1998-01-01
946,1,2000,946,13736,13,20.8,1.538,1,6,0.448324705,5.853301699,0,150,2026-04-28T16:35:19Z,1998-01-01
947,1,2000,947,18990,12.6,21.6,1.388,3.3,0,0.450340943,4.002107855,0,150,2026-04-28T16:35:19Z,1998-01-01
948,1,2000,948,13482,12.1,20.9,1.448,4.4,15.8,0.440579076,5.900610722,0,150,2026-04-28T16:35:19Z,1998-01-01
949,1,2000,949,19044,14.5,23.2,1.483,4.1,0.2,0.442549859,3.868035801,0,150,2026-04-28T16:35:19Z,1998-01-01
950,1,2000,950,21162,11.3,24.8,1.543,2.8,0.2,0.444585649,2.913667951,0,150,2026-04-28T16:35:19Z,1998-01-01
951,1,2000,951,16463,12.9,25,1.663,1.5,0,0.446688144,4.74107771,0,150,2026-04-28T16:35:19Z,1998-01-01
952,1,2000,952,23949,15,27.2,1.663,1.5,0,0.4488591,1.447749731,0,150,2026-04-28T16:35:19Z,1998-01-01
953,1,2000,953,24976,13,29.2,1.673,1.1,0,0.45110034,0.849259156,0,150,2026-04-28T16:35:19Z,1998-01-01
954,1,2000,954,25302,13.6,31.1,1.778,1,0.2,0.453413747,0.546505383,0,150,2026-04-28T16:35:19Z,1998-01-01
955,1,2000,955,19614,14.6,30.2,1.723,1.6,0,0.455801274,3.253052005,0,150,2026-04-28T16:35:19Z,1998-01-01
956,1,2000,956,23843,14.9,30.1,1.718,1.6,0,0.458264942,1.163087394,0,150,2026-04-28T16:35:19Z,1998-01-01
957,1,2000,957,22801,15.9,29.5,1.878,1.9,0,0.460806845,1.548964582,0,150,2026-04-28T16:35:19Z,1998-01-01
958,1,2000,958,20437,18.5,27.8,1.818,2.4,0,0.463429149,2.657777464,0,150,2026-04-28T16:35:19Z,1998-01-01
959,1,2000,959,23051,15.2,29.7,1.728,1.3,0,0.453179608,1.314945698,0,150,2026-04-28T16:35:19Z,1998-01-01
960,1,2000,960,14740,16.4,25.6,1.818,1.4,1.4,0.455730671,5.006472209,0,150,2026-04-28T16:35:19Z,1998-01-01
961,1,2000,961,11350,17.4,27.4,2.068,1.7,1,0.458360066,6.165205234,0,150,2026-04-28T16:35:19Z,1998-01-01
962,1,2000,962,19009,16.8,31.9,1.678,1.5,0,0.461069968,3.106455454,0,150,2026-04-28T16:35:19Z,1998-01-01
963,1,2000,963,20035,18.1,32.9,1.723,2.5,5,0.463862624,2.523744313,0,150,2026-04-28T16:35:19Z,1998-01-01
964,1,2000,964,8979,16.8,18.6,1.823,1.8,16.2,0.466740365,6.876660301,0,150,2026-04-28T16:35:19Z,1998-01-01
965,1,2000,965,17188,11,22.4,1.533,1.5,0.2,0.4697056,3.791628824,0,150,2026-04-28T16:35:19Z,1998-01-01
966,1,2000,966,23554,11.7,27.1,1.703,1.8,0.2,0.472760827,0.358903754,0,150,2026-04-28T16:35:19Z,1998-01-01
967,1,2000,967,23378,13.1,29.8,1.833,1.3,0,0.475908629,0.285473038,0,150,2026-04-28T16:35:19Z,1998-01-01
968,1,2000,968,22591,15,30.3,1.893,1.3,0,0.465244685,0.607153708,0,150,2026-04-28T16:35:19Z,1998-01-01
969,1,2000,969,16574,15.8,27.3,1.743,3.5,4,0.468300807,3.754874771,0,150,2026-04-28T16:35:19Z,1998-01-01
970,1,2000,970,15207,14.6,22.3,1.498,2.4,0.6,0.471447102,4.3836571,0,150,2026-04-28T16:35:19Z,1998-01-01
971,1,2000,971,15720,10.6,22.3,1.333,1.6,0.2,0.474686139,4.137727356,0,150,2026-04-28T16:35:19Z,1998-01-01
972,1,2000,972,19834,10.3,23.8,1.303,1.6,0,0.478020575,2.012719307,0,150,2026-04-28T16:35:19Z,1998-01-01
973,1,2000,973,12090,13.6,23.5,1.568,1.9,6.6,0.48145316,5.532487342,0,150,2026-04-28T16:35:19Z,1998-01-01
974,1,2000,974,11256,13.5,21.1,1.603,1.7,0.2,0.484986738,5.81359002,0,150,2026-04-28T16:35:19Z,1998-01-01
975,1,2000,975,16524,12.2,25.2,1.438,3.6,0,0.488624255,3.431332742,0,150,2026-04-28T16:35:19Z,1998-01-01
976,1,2000,976,9857,12.9,20.1,1.333,3.2,2.4,0.492368759,6.30954302,0,150,2026-04-28T16:35:19Z,1998-01-01
977,1,2000,977,10076,13,18.2,1.403,2.6,0.2,0.496223403,6.180913607,0,150,2026-04-28T16:35:19Z,1998-01-01
978,1,2000,978,12872,10.5,17.6,1.163,2.4,0,0.48475247,5.038006044,0,150,2026-04-28T16:35:19Z,1998-01-01
979,1,2000,979,17272,6.9,19.4,1.108,1.8,0,0.488485354,2.81577755,0,150,2026-04-28T16:35:19Z,1998-01-01
980,1,2000,980,12571,6.5,21.4,1.208,2.1,0,0.492325194,5.046604684,0,150,2026-04-28T16:35:19Z,1998-01-01
981,1,2000,981,15080,15.7,22.1,1.303,3.4,0,0.496275078,3.733530904,0,150,2026-04-28T16:35:19Z,1998-01-01
982,1,2000,982,21184,9.6,23.4,1.193,1.5,0,0.500338201,0.0309377,0,150,2026-04-28T16:35:19Z,1998-01-01
983,1,2000,983,20818,8.8,24.9,1.358,1.3,0.2,0.504517862,0.024558233,0,150,2026-04-28T16:35:19Z,1998-01-01
984,1,2000,984,20396,10,27,1.553,1.1,0,0.508817472,0.048848802,0,150,2026-04-28T16:35:19Z,1998-01-01
985,1,2000,985,20429,10.7,28,1.578,0.9,0.2,0.513240555,0,0,150,2026-04-28T16:35:19Z,1998-01-01
986,1,2000,986,16685,11.2,28.5,1.668,1.6,7,0.517790752,2.185231999,0,150,2026-04-28T16:35:19Z,1998-01-01
987,1,2000,987,11970,13.7,24,1.728,1,0.2,0.505508909,4.765572607,0,150,2026-04-28T16:35:19Z,1998-01-01
988,1,2000,988,15050,13.7,26.4,1.723,1.6,0,0.509906477,2.95594187,0,150,2026-04-28T16:35:19Z,1998-01-01
989,1,2000,989,17760,12.3,29.8,1.648,2.8,0,0.514426832,1.091140208,0,150,2026-04-28T16:35:19Z,1998-01-01
990,1,2000,990,13386,14.9,20.7,1.218,3.7,0,0.51907347,3.908783506,0,150,2026-04-28T16:35:19Z,1998-01-01
991,1,2000,991,15141,7.6,20.7,1.103,1.5,0,0.523849989,2.812736139,0,150,2026-04-28T16:35:19Z,1998-01-01
992,1,2000,992,17091,5.5,22.1,1.123,1.4,0,0.528760099,1.391758145,0,150,2026-04-28T16:35:19Z,1998-01-01
993,1,2000,993,12629,6.5,24.4,1.328,3.4,14,0.533807621,4.03632434,0,150,2026-04-28T16:35:19Z,1998-01-01
994,1,2000,994,6822,10.1,15.1,1.253,2,0,0.538996489,6.855501402,0,150,2026-04-28T16:35:19Z,1998-01-01
995,1,2000,995,15944,7,19.9,1.138,1.5,0,0.544330752,1.755563952,0,150,2026-04-28T16:35:19Z,1998-01-01
996,1,2000,996,16293,11.5,22.7,1.368,1.4,0,0.531021683,1.235434814,0,150,2026-04-28T16:35:19Z,1998-01-01
997,1,2000,997,14681,8.5,23.9,1.433,1.3,0.2,0.536163816,2.234607231,0,150,2026-04-28T16:35:19Z,1998-01-01
998,1,2000,998,16183,7.7,26.3,1.403,1.9,0,0.541445145,0.985702034,0,150,2026-04-28T16:35:19Z,1998-01-01
999,1,2000,999,10631,15.3,22.6,1.618,1.3,0.2,0.546869425,4.614682883,0,150,2026-04-28T16:35:19Z,1998-01-01
1000,1,2000,1000,16635,11.2,27.1,1.533,2,2,0.5524405,0.2033236,0,150,2026-04-28T16:35:19Z,1998-01-01
,,,1001,9661,13.6,22,1.603,1.2,0.2,0.5581623,5.032178,,,,
,,,1002,9871,12.6,25.9,1.498,4.1,16,0.5640389,4.851972,,,,
,,,1003,5823,13.7,16.6,1.493,1.1,22.2,0.5700743,6.937847,,,,
,,,1004,8518,11.5,16.5,1.268,1.3,0,0.5762728,5.549883,,,,
,,,1005,9184,8.5,17.9,1.213,1.1,2,0.561692,5.100423,,,,
,,,1006,6758,8.6,14,1.143,2.8,8,0.5676466,6.408692,,,,
,,,1007,10767,6.2,15.9,1.033,2.3,0,0.5737551,3.945754,,,,
,,,1008,13298,6.6,17.7,1.108,1.3,0,0.5800211,1.848743,,,,
,,,1009,5414,7.5,14.8,1.188,2.1,1.4,0.5864484,6.94329,,,,
,,,1010,10355,7.1,14,0.933,3.3,0,0.5930407,3.955697,,,,
,,,1011,7571,2,12.7,0.833,1.7,0,0.5998016,5.73888,,,,
,,,1012,9052,1.8,15.5,0.978,1.7,12,0.6067352,4.659491,,,,
,,,1013,7684,8,15.2,1.073,2.4,8,0.613845,5.466568,,,,
,,,1014,9836,8.5,15,0.913,5.9,8,0.5977256,3.904193,,,,
,,,1015,5014,10,13.1,1.048,4.8,1,0.604523,6.929271,,,,
,,,1016,5041,6.4,12.7,1.053,1.4,4,0.6114829,6.873917,,,,
,,,1017,4884,7.5,10.7,1.118,1.8,4,0.6186082,6.910023,,,,
,,,1018,4865,8.7,11.6,1.158,1.7,1,0.6259017,6.874087,,,,
,,,1019,4756,10,12.4,1.268,2,4,0.6333662,6.879255,,,,
,,,1020,8774,6.6,17,1.158,2.4,7,0.6410042,3.981734,,,,
,,,1021,7400,8.9,15,1.093,1.6,0,0.6488184,5.012728,,,,
,,,1022,9889,4,16.7,1.008,0.8,0.6,0.656811,2.776376,,,,
,,,1023,4505,6.5,13.7,1.208,0.7,3.2,0.6388855,6.864277,,,,
,,,1024,6672,7.8,19.5,1.223,3.8,0,0.6464759,5.288726,,,,
,,,1025,10672,13.7,21.6,1.153,3.6,0,0.6542244,1.390696,,,,
,,,1026,12200,5.7,21.1,1.163,1.4,0,0.662132,0,,,,
,,,1027,11195,6,21.2,1.278,2,1,0.6701993,0.3000464,,,,
,,,1028,6317,12.9,18,1.433,1.2,0.4,0.6784269,5.193311,,,,
,,,1029,9436,8.4,20.9,1.278,1.6,3,0.6868149,2.000009,,,,
,,,1030,4090,11.9,15.5,1.343,2,0.8,0.6953632,6.808067,,,,
,,,1031,8504,8.7,15.6,1.033,1.1,0,0.7040714,2.847757,,,,
,,,1032,10803,2.6,18.5,1.023,2.6,1,0.7129386,0,,,,
,,,1033,7637,9.2,14.6,1.018,3.5,0,0.6923149,3.519727,,,,
,,,1034,5476,6.2,16.6,1.038,6.1,6,0.700639,5.533883,,,,
,,,1035,4745,7.8,13.2,0.993,3.4,0,0.7090916,6.103534,,,,
,,,1036,5225,5,13.4,0.918,3.9,0.2,0.7176699,5.640258,,,,
,,,1037,4778,6.9,14.9,1.018,4.2,9,0.7263706,5.943306,,,,
,,,1038,4790,7.6,11.2,0.978,2.7,0.4,0.7351898,5.874837,,,,
,,,1039,3869,4.3,9.7,0.838,2.1,2,0.7441232,6.630507,,,,
,,,1040,8197,1.8,13.2,0.818,5.8,11,0.7531658,1.913621,,,,
,,,1041,3803,9.5,13.5,0.928,7,0,0.7623121,6.570483,,,,
,,,1042,3680,8.4,10.6,0.793,6,1,0.7715559,6.650775,,,,
,,,1043,4536,6.4,9.6,0.783,4.5,0.2,0.7808905,5.82641,,,,
,,,1044,5730,6.2,11.2,0.778,3,0.2,0.7903083,4.484619,,,,
,,,1045,3643,2,9.5,0.758,2.1,0,0.7651079,6.548287,,,,
,,,1046,9051,-2.5,11.8,0.653,2.3,0,0.773748,0,,,,
,,,1047,4074,4.3,15.9,1.003,5.9,12,0.7824279,5.981103,,,,
,,,1048,3194,10.7,13.2,1.198,2.4,23,0.7911379,6.744711,,,,
,,,1049,3941,7.1,10.1,0.933,1.8,0,0.799868,6.015139,,,,
,,,1050,5663,1.5,9.8,0.763,2,0,0.8086072,3.970928,,,,
,,,1051,8572,-1.6,10.4,0.713,1.3,0,0.8173439,0,,,,
,,,1052,3772,3.2,7.3,0.748,3.1,0.2,0.8260659,6.070323,,,,
,,,1053,3563,1.5,8.4,0.748,1.3,0.4,0.8347603,6.238838,,,,
,,,1054,2963,1.1,8.7,0.858,3.6,3,0.8434135,6.778449,,,,
,,,1055,3972,3.1,9.6,0.813,2.3,5,0.8520114,5.661838,,,,
,,,1056,4970,0.7,9.8,0.778,4,1.6,0.8605392,4.333658,,,,
,,,1057,3021,6.2,12.1,1.008,3.9,5,0.8689813,6.581521,,,,
,,,1058,2957,8.7,14.1,1.008,5.6,16.6,0.877322,6.612132,,,,
,,,1059,4893,5.3,9.5,0.803,1.8,0,0.8456998,4.186936,,,,
,,,1060,6453,0.7,10.8,0.793,3.4,10,0.8529965,1.565224,,,,
,,,1061,4992,6.2,11,0.843,4.1,2,0.8601484,3.863787,,,,
,,,1062,2714,4.2,9.3,0.923,2.6,2.8,0.8671399,6.754345,,,,
,,,1063,4663,7.4,12.9,1.118,2.3,0,0.8739554,4.100748,,,,
,,,1064,2755,6.9,15.1,1.103,3.5,0,0.8805792,6.618966,,,,
,,,1065,6937,8.7,16.5,1.133,2.1,0,0.8869953,0,,,,
,,,1066,2828,9.4,15.6,0.998,7.1,1,0.893188,6.49453,,,,
,,,1067,3226,10.9,13.6,1.053,3.9,6,0.8991416,5.961507,,,,
,,,1068,3774,6.5,11.7,0.858,1.4,0,0.9048404,5.234591,,,,
,,,1069,3480,-0.6,9.9,0.778,2,1,0.9102692,5.628673,,,,
,,,1070,5150,3.3,14,0.903,4.8,0,0.9154131,2.900396,,,,
,,,1071,2608,11.3,13.1,1.063,4.8,1,0.9202576,6.622841,,,,
,,,1072,2504,8.5,15.5,1.058,9.4,4.4,0.9247889,6.728661,,,,
,,,1073,2694,12.1,12.4,1.103,3.8,0,0.9289936,6.473305,,,,
,,,1074,2680,5,10,0.908,3.1,0,0.9328591,6.509368,,,,
,,,1075,2870,4.3,11.3,0.868,3.7,0.8,0.9363737,6.26278,,,,
,,,1076,5445,0.6,11.3,0.813,1.7,0,0.9395266,2.080255,,,,
,,,1077,2442,2.5,10.6,0.873,1.8,0,0.9423079,6.765249,,,,
,,,1078,2636,7.9,13.4,0.913,2.6,0.2,0.9447088,6.512351,,,,
,,,1079,2426,5.5,8.4,0.858,2.4,1.4,0.9467216,6.77064,,,,
,,,1080,3800,5.1,7.8,0.723,3.1,1,0.9483397,4.91948,,,,
,,,1081,3450,3.1,7.4,0.698,2.4,1,0.949558,5.444281,,,,
,,,1082,2439,3,7,0.693,2.2,0.4,0.9503724,6.772777,,,,
,,,1083,5220,1.3,11.1,0.788,1.9,0,0.9507803,2.389205,,,,
,,,1084,4931,4.1,12.4,0.828,1.5,0,0.9507803,2.917654,,,,
,,,1085,5332,0.6,12.3,0.753,1.4,0,0.9503724,2.201245,,,,
,,,1086,4095,-0.1,9.2,0.708,1.6,0,0.949558,4.453047,,,,
,,,1087,4212,0,4.4,0.673,1.4,0,0.9483397,4.289912,,,,
,,,1088,4822,-1.6,5.4,0.593,1.9,0,0.9467216,3.308563,,,,
,,,1089,2531,-0.6,10,0.723,2.4,2.2,0.9447088,6.681643,,,,
,,,1090,2508,4.7,7.5,0.913,2.1,2.8,0.9423079,6.683503,,,,
,,,1091,3322,2.1,8.4,0.813,2.5,0.2,0.9395266,5.659823,,,,
,,,1092,3016,4.8,10.1,0.858,2.9,2,0.9363737,6.082246,,,,
,,,1093,4738,3.7,6.7,0.663,2.5,0,0.9328591,3.571894,,,,
,,,1094,3416,-1,5.2,0.583,2.1,0.2,0.9289936,5.67028,,,,
,,,1095,4042,-0.2,3.2,0.548,2.5,0,0.9247889,4.824278,,,,
,,,1096,4035,-2.4,1.7,0.513,2.5,0,0.9202576,4.888894,,,,
,,,1097,3095,-1.7,9.6,0.713,5.6,2,0.9154131,6.131363,,,,
,,,1098,3668,7.4,12.6,0.923,4.2,0.8,0.9102692,5.34083,,,,
,,,1099,4812,5,11.7,0.748,3.1,0.4,0.9048404,3.716534,,,,
,,,1100,3267,3.9,11.9,0.818,4.6,4,0.8991416,5.980245,,,,
,,,1101,2544,5.3,12.7,0.958,5.4,23,0.893188,6.835068,,,,
,,,1102,2562,7.9,8.4,0.888,3.5,5.8,0.8869953,6.852067,,,,
,,,1103,2853,3.3,7.7,0.798,1.9,1.4,0.8805792,6.577301,,,,
,,,1104,2694,1.8,5.5,0.743,3.1,0.8,0.8739554,6.7913,,,,
,,,1105,3687,0,3.4,0.618,2.1,0,0.8671399,5.720878,,,,
,,,1106,3259,1.4,11.7,0.883,4.2,0.6,0.8601484,6.204822,,,,
,,,1107,2765,8.2,13.6,1.008,2.1,0.2,0.8529965,6.762659,,,,
,,,1108,2946,7.6,9,0.958,2.4,1.2,0.8456998,6.613157,,,,
,,,1109,2725,1,2,0.543,3.6,0,0.877322,6.947012,,,,
,,,1110,3760,-1,0.9,0.448,2.3,0,0.8689813,5.93648,,,,
,,,1111,2813,-0.9,3.2,0.553,1.4,0,0.8605392,6.925102,,,,
,,,1112,5298,0.3,6.1,0.628,1.3,2,0.8520114,4.083404,,,,
,,,1113,3804,-0.4,5.1,0.683,2.1,2.4,0.8434135,5.971507,,,,
,,,1114,5236,1.5,8.8,0.713,1.9,4,0.8347603,4.309696,,,,
,,,1115,1987,3.3,5.2,0.763,1.2,0,0.8260659,7.700001,,,,
,,,1116,2944,-0.2,3.6,0.628,1.6,1,0.8173439,6.964202,,,,
,,,1117,3607,-5,4.3,0.553,1.4,0,0.8086072,6.414528,,,,
,,,1118,4519,-0.9,11.1,0.733,5,3,0.799868,5.487609,,,,
,,,1119,3087,6.3,11.9,0.933,4.8,0,0.7911379,6.900432,,,,
,,,1120,3736,9.3,11.1,0.928,3.6,10,0.7824279,6.357005,,,,
,,,1121,3440,2.6,8,0.773,2.6,2,0.773748,6.702363,,,,
,,,1122,7005,1.8,10,0.693,5.3,3,0.7651079,2.896632,,,,
,,,1123,4015,5.1,8.5,0.628,4.3,0,0.7903083,6.323755,,,,
,,,1124,3644,-2.1,5.3,0.583,1.8,0,0.7808905,6.702183,,,,
,,,1125,3727,1.9,5.6,0.628,4.8,0.2,0.7715559,6.670658,,,,
,,,1126,3955,1.2,4.8,0.603,3.8,0,0.7623121,6.538128,,,,
,,,1127,6714,-2.5,5.5,0.538,2.7,0,0.7531658,3.977306,,,,
,,,1128,5109,-1.3,6,0.498,3.5,0,0.7441232,5.697695,,,,
,,,1129,4185,-0.4,3.3,0.523,3,0.2,0.7351898,6.526737,,,,
,,,1130,3536,1.6,7.7,0.843,3.5,15,0.7263706,6.997005,,,,
,,,1131,5045,7.1,13.4,0.968,3.4,0.2,0.7176699,5.828479,,,,
,,,1132,4088,6.1,11.1,0.883,4.7,0.6,0.7090916,6.674021,,,,
,,,1133,4715,7.2,15.1,0.903,5.5,0,0.700639,6.243076,,,,
,,,1134,4046,11.8,15.9,0.838,8.7,0,0.6923149,6.80473,,,,
,,,1135,5275,10.5,14.5,0.863,4.3,5.4,0.7129386,5.933901,,,,
,,,1136,6314,4.4,8.8,0.703,3.4,5,0.7040714,5.198398,,,,
,,,1137,9201,2.1,8.6,0.683,1.6,0,0.6953632,2.539271,,,,
,,,1138,7708,-1.8,13.4,0.703,0.8,0,0.6868149,4.156885,,,,
,,,1139,9610,0.6,15.2,0.838,2.6,1,0.6784269,2.328297,,,,
,,,1140,4069,6.3,9,0.903,5.2,0.4,0.6701993,7.03535,,,,
,,,1141,10117,3.5,9.6,0.713,3.1,0,0.662132,2.203331,,,,
,,,1142,9936,-2.6,11.3,0.673,1,0,0.6542244,2.572324,,,,
,,,1143,9425,-2.8,11.7,0.688,2.3,0,0.6464759,3.199189,,,,
,,,1144,4304,2.4,4,0.658,4.3,0,0.6388855,7.088482,,,,
,,,1145,4833,1.3,6.1,0.638,3.5,0,0.656811,6.832465,,,,
,,,1146,10172,-2.9,8.3,0.583,2.4,0,0.6488184,3.004264,,,,
,,,1147,5398,-1.5,5.9,0.598,3.1,0,0.6410042,6.606392,,,,
,,,1148,11230,-1.7,7.7,0.593,2.4,0,0.6333662,2.345117,,,,
,,,1149,4613,1.3,7.4,0.823,2.4,1,0.6259017,7.085474,,,,
,,,1150,4720,5.5,8.6,0.838,3.8,3,0.6186082,7.064877,,,,
,,,1151,7606,0.7,5.1,0.583,2.4,1,0.6114829,5.495922,,,,
,,,1152,6705,-4.2,1.8,0.458,3.8,0,0.604523,6.152744,,,,
,,,1153,12575,-6.1,4.4,0.378,2.1,0,0.5977256,2.130608,,,,
,,,1154,5349,-5.3,7.6,0.508,4.6,0,0.613845,6.955905,,,,
,,,1155,6671,-0.1,6.6,0.608,3.3,2,0.6067352,6.298792,,,,
,,,1156,7170,0,6.8,0.603,3.1,3,0.5998016,6.082858,,,,
,,,1157,5134,-2.5,4.4,0.628,2.1,19,0.5930407,7.145106,,,,
,,,1158,5534,1.5,7.3,0.833,2.6,11,0.5864484,6.965914,,,,
,,,1159,5268,5.4,9.5,0.888,2.4,5,0.5800211,7.11553,,,,
,,,1160,11754,3,12.4,0.803,1.4,0,0.5737551,3.449587,,,,
,,,1161,12250,0.7,16.2,0.918,2,1,0.5676466,3.160514,,,,
,,,1162,7482,11.2,19.1,1.248,2.4,4,0.561692,6.113561,,,,
,,,1163,5541,9.9,11.2,1.143,2.7,5,0.5762728,7.097835,,,,
,,,1164,6605,5.2,13.1,0.948,2.8,7.2,0.5700743,6.689406,,,,
,,,1165,9324,7.7,14.1,1.103,4.1,2.4,0.5640389,5.337502,,,,
,,,1166,6052,5.6,13.1,1.007,3,3,0.5581623,6.998825,,,,
,,,1167,5818,10.7,12.2,1.118,3.4,9.2,0.5524405,7.114661,,,,
,,,1168,8195,3.3,11.6,0.838,5.5,3.2,0.5468694,6.157315,,,,
,,,1169,6320,6,11.8,0.913,3.5,1,0.5414451,7.001468,,,,
,,,1170,8299,7.6,16.2,0.963,2.1,0,0.5361638,6.181975,,,,
,,,1171,13580,2.2,18,0.938,5.3,3,0.5310217,3.418397,,,,
,,,1172,6168,7.6,10.3,1.058,2,20,0.5443308,7.135337,,,,
,,,1173,9810,3.8,12.5,0.923,4.4,2.2,0.5389965,5.643734,,,,
,,,1174,9193,3.5,12.1,0.813,3,0,0.5338076,6.008964,,,,
,,,1175,9097,3.5,13.2,0.925,2.4,9,0.5287601,6.076149,,,,
,,,1176,6449,6.1,14.5,1.233,3.1,6,0.52385,7.12742,,,,
,,,1177,14462,10.1,17.1,1.033,5.2,0.2,0.5190735,3.468072,,,,
,,,1178,12116,9.1,20.6,1.148,2.7,0,0.5144268,4.7756,,,,
,,,1179,12440,7.6,23,1.123,2.6,0,0.5099065,4.690777,,,,
,,,1180,7449,10.7,14.3,0.983,3.8,5,0.5055089,6.912236,,,,
,,,1181,6799,6.2,11.3,0.908,1.9,0,0.5177908,7.174532,,,,
,,,1182,14433,4.7,15,0.943,1.4,1,0.5132406,3.967036,,,,
,,,1183,8572,7.1,14.8,0.948,4.1,7.2,0.5088175,6.607286,,,,
,,,1184,9330,7.1,12.4,0.898,3.9,6,0.5045179,6.370587,,,,
,,,1185,9014,4.9,10.7,0.803,3.5,0,0.5003382,6.540092,,,,
,,,1186,20088,-0.4,14.8,0.723,1.7,0,0.4962751,1.344532,,,,
,,,1187,20223,2.4,16.5,0.823,1.9,0,0.4923252,1.318051,,,,
,,,1188,20300,4.2,21.6,0.873,3.8,5,0.4884854,1.360634,,,,
,,,1189,11944,8.1,16.6,0.988,1.7,1,0.4847525,5.540714,,,,
,,,1190,8879,8.8,13.4,0.968,3.5,6,0.4962234,6.71654,,,,
,,,1191,13416,2.7,12.3,0.823,2.3,3.4,0.4923688,5.082267,,,,
,,,1192,7671,7.8,15.1,1.138,3.8,5,0.4886243,7.131998,,,,
,,,1193,12006,6.8,13,0.893,4.1,4.8,0.4849867,5.72091,,,,
,,,1194,9532,6.2,11.6,0.878,5.9,0.8,0.4814532,6.630542,,,,
,,,1195,6507,5.3,10.7,0.978,3.3,3.4,0.4780206,7.535543,,,,
,,,1196,9799,3.5,11.7,0.998,4.5,9,0.4746861,6.580613,,,,
,,,1197,8667,5.9,9,0.918,5.5,1.8,0.4714471,6.969606,,,,
,,,1198,10127,5.9,12,0.828,5.3,0,0.4683008,6.558554,,,,
,,,1199,16523,1.1,9.6,0.598,4.9,0,0.4652447,4.31756,,,,
,,,1200,22050,-1.6,9,0.493,4.1,0,0.4759086,1.933357,,,,
,,,1201,8139,1.8,8.4,0.788,3.3,9,0.4727608,7.216583,,,,
,,,1202,11276,5.8,10.8,0.853,3.7,0.8,0.4697056,6.299603,,,,
,,,1203,10301,2.2,10.8,0.738,2.6,0,0.4667404,6.649524,,,,
,,,1204,10866,0.6,10.5,0.773,2.8,4,0.4638626,6.497183,,,,
,,,1205,10622,3.4,8.2,0.683,1.8,0,0.46107,6.611379,,,,
,,,1206,14308,0.8,7.7,0.648,2.8,3,0.4583601,5.464684,,,,
,,,1207,13699,0.6,8.4,0.663,5.1,1,0.4557307,5.702301,,,,
,,,1208,17098,-0.1,11.1,0.643,2.1,3,0.4531796,4.532366,,,,
,,,1209,8626,2.9,9.6,0.808,2.1,0.2,0.4634291,7.217648,,,,
,,,1210,13671,2.8,19.2,1.038,2.9,1,0.4608068,5.715444,,,,
,,,1211,12285,8,13.6,1.013,3.9,2.4,0.4582649,6.193708,,,,
,,,1212,16602,5.6,15.3,0.833,2.4,0,0.4558013,4.818508,,,,
,,,1213,14838,4.8,19,0.963,2.1,0.4,0.4534137,5.435756,,,,
,,,1214,13569,9.5,17.7,1.013,3,4.4,0.4511003,5.869719,,,,
,,,1215,9027,9.6,14.2,1.278,1.4,37,0.4488591,7.152838,,,,
,,,1216,10493,8.7,16.6,1.163,2.4,2,0.4466881,6.794568,,,,
,,,1217,9199,9.8,15.3,1.063,2.5,0.8,0.4445856,7.158265,,,,
,,,1218,11277,8.1,16.3,1.223,0.9,15,0.4425499,6.60524,,,,
,,,1219,14469,9.6,17,1.178,1.8,0.4,0.4405791,5.679041,,,,
,,,1220,9225,9.1,11.5,1.193,3.1,40,0.4503409,7.176518,,,,
,,,1221,9275,8.1,10.7,1.118,4.8,3,0.4483247,7.18388,,,,
,,,1222,9454,7.7,10.1,1.033,4.6,0.8,0.4463753,7.161201,,,,
,,,1223,9372,7.9,11.8,1.068,3.5,0,0.4444911,7.188792,,,,
,,,1224,9746,9.5,16.3,1.228,1.9,0,0.4426705,7.092923,,,,
,,,1225,21427,7.5,22,1.368,1.4,0,0.4409119,3.325402,,,,
,,,1226,9512,13,21.2,1.478,1.3,0,0.4392137,7.148688,,,,
,,,1227,24379,12.2,23.5,1.258,3.1,0,0.4375746,2.236743,,,,
,,,1228,27795,8.1,24.4,1.178,1.8,0,0.4359931,0.8052742,,,,
,,,1229,22407,8.5,26.1,1.353,2.4,6,0.434468,3.096034,,,,
,,,1230,12004,12.7,20.7,1.383,2.8,16.4,0.4329977,6.571264,,,,
,,,1231,14740,11.7,19.7,1.358,2.3,1.2,0.4425584,5.817396,,,,
,,,1232,13137,10.3,22.2,1.483,2.6,14,0.4410665,6.276025,,,,
,,,1233,13443,13.2,19.4,1.398,2.9,7,0.4396315,6.216796,,,,
,,,1234,19646,6.4,15.4,0.978,3.5,0,0.4382521,4.397934,,,,
,,,1235,26989,5.9,18.9,1.038,3.2,0,0.4369271,1.573863,,,,
,,,1236,25185,6,22.2,1.168,2.5,0,0.4356553,2.301855,,,,
,,,1237,22133,9.9,23,1.333,2.4,0,0.4344355,3.464503,,,,
,,,1238,19232,9.4,23.3,1.483,1.8,0,0.4332668,4.485379,,,,
,,,1239,18743,12.3,23.9,1.553,1.4,0.4,0.4321479,4.65412,,,,
,,,1240,19318,13,23.5,1.703,1.9,0.2,0.4310781,4.442411,,,,
,,,1241,19290,15.1,24.3,1.698,3.6,1,0.4300562,4.471933,,,,
,,,1242,21064,14,22.5,1.633,3.4,0.2,0.4290814,3.883828,,,,
,,,1243,22502,13.6,25.9,1.738,1.6,0.2,0.4281528,3.343709,,,,
,,,1244,27352,13.5,27.6,1.738,1.4,0.2,0.4272696,1.400108,,,,
,,,1245,29330,13.2,29,1.768,1.8,0,0.426431,0.5371877,,,,
,,,1246,28832,14.9,29.5,1.838,1.6,0.4,0.4256362,0.7607686,,,,
,,,1247,21367,17.4,23.6,1.588,3.3,0,0.4248846,3.875866,,,,
,,,1248,23809,8.5,19.8,1.013,3.1,0,0.4343405,3.201583,,,,
,,,1249,12708,8.7,20.7,1.223,2.5,3.8,0.4336099,6.587808,,,,
,,,1250,19974,8.4,15.4,0.923,3.7,0,0.4329247,4.582805,,,,
,,,1251,29529,3,19.1,0.858,2,0,0.4322843,1.082539,,,,
,,,1252,24118,5.2,24.4,1.063,2,0,0.4316881,3.126805,,,,
,,,1253,15477,12,20.6,1.283,3.4,1,0.4311354,5.870465,,,,
,,,1254,19459,11.4,20.5,1.173,2.7,3,0.4306258,4.711315,,,,
,,,1255,10741,10.6,18.6,1.453,1.4,8,0.4301587,7.056257,,,,
,,,1256,10419,12.4,16.9,1.533,1.6,0.2,0.4297338,7.124555,,,,
,,,1257,11643,11.8,17.4,1.288,2.4,0.8,0.4293505,6.869592,,,,
,,,1258,22010,7.2,17.4,0.983,2.6,0,0.4290086,3.958005,,,,
,,,1259,27473,4.7,21.9,0.993,1.4,0,0.4287077,1.948899,,,,
,,,1260,24927,9.2,25.3,1.233,1.7,0,0.4284474,2.83081,,,,
,,,1261,24198,12.2,23.9,1.373,1.3,0,0.4282277,3.055639,,,,
,,,1262,11894,13.6,19.9,1.628,1.4,8.2,0.4280482,6.781899,,,,
,,,1263,20310,11.9,21.6,1.388,3.3,0,0.4279087,4.42013,,,,
,,,1264,12645,13.3,16.9,1.318,3.3,5.2,0.4278092,6.635788,,,,
,,,1265,17573,11.4,19.9,1.238,4.1,0,0.4277496,5.314612,,,,
,,,1266,22679,7.4,21.7,1.279,2.5,0,0.4277297,3.645296,,,,
,,,1267,30013,7,24.6,1.118,1.9,0,0.4277496,0.8553816,,,,
,,,1268,29809,9.7,27.4,1.318,1.8,0,0.4278092,0.8300101,,,,
,,,1269,29470,12.1,26.9,1.383,2.2,0,0.4279087,0.9376995,,,,
,,,1270,28457,10.4,26.3,1.263,1.8,0,0.4280482,1.419152,,,,
,,,1271,25813,11.3,26.5,1.328,1.2,0,0.4282277,2.447162,,,,
,,,1272,29586,11.8,31,1.523,1.9,0,0.4284474,0.7950867,,,,
,,,1273,26415,15,33.2,1.763,2,0.2,0.4287077,2.023246,,,,
,,,1274,11533,17.9,21.8,1.773,2.7,8.2,0.4290086,6.843167,,,,
,,,1275,20278,13.6,23.8,1.538,3.3,0.2,0.4293505,4.355617,,,,
,,,1276,29939,11.9,27.3,1.413,2.2,0,0.4297338,0.6422799,,,,
,,,1277,27103,12.7,30.1,1.468,2.5,0,0.4301587,1.808583,,,,
,,,1278,27824,14.1,25.8,1.323,3.3,0,0.4306258,1.558977,,,,
,,,1279,29750,13.2,28.4,1.423,2.9,0,0.4311354,0.6651677,,,,
,,,1280,28118,13.8,30.7,1.743,1.3,0,0.4316881,1.211195,,,,
,,,1281,17641,17.1,28,1.903,2.2,0.6,0.4322843,5.083938,,,,
,,,1282,16610,17.4,28.7,1.848,2.2,4,0.4329247,5.404389,,,,
,,,1283,21145,16.1,29.6,1.843,2.9,1.2,0.4336099,3.887748,,,,
,,,1284,13823,13.6,21.8,1.628,2.6,2.2,0.4343405,6.222728,,,,
,,,1285,14336,16.3,22.9,1.558,2.5,0,0.4248846,6.083501,,,,
,,,1286,25814,11.8,25.1,1.393,1.6,0,0.4256362,2.187096,,,,
,,,1287,20704,12.4,26.5,1.533,2.6,0,0.426431,4.058867,,,,
,,,1288,18471,15.1,23.2,1.363,3.9,1,0.4272696,4.841373,,,,
,,,1289,18508,11.5,23.9,1.393,3.3,7,0.4281528,4.80645,,,,
,,,1290,14741,15,26.1,1.673,2.8,0.4,0.4290814,5.89961,,,,
,,,1291,10019,18.4,23.8,1.783,2.5,14,0.4300562,7.116849,,,,
,,,1292,10151,13.3,15.5,1.478,2.2,7,0.4310781,7.104697,,,,
,,,1293,20435,9.8,20.4,1.303,1.8,0.2,0.4321479,4.095278,,,,
,,,1294,17074,9.7,22.2,1.438,2.3,10,0.4332668,5.172341,,,,
,,,1295,17301,14,21.8,1.368,4.1,1.6,0.4344355,5.096125,,,,
,,,1296,15139,11.8,20.4,1.328,3.1,4,0.4356553,5.755924,,,,
,,,1297,21264,12.2,20.5,1.193,3.3,0,0.4369271,3.72641,,,,
,,,1298,28899,8.2,23.9,1.213,1.6,0,0.4382521,0.4917334,,,,
,,,1299,28710,10.9,28.6,1.533,1.1,0,0.4396315,0.3553227,,,,
,,,1300,21255,14.1,26.4,1.788,2.1,3,0.4410665,3.452836,,,,
,,,1301,21647,13.5,26.3,1.653,1.4,0.2,0.4425584,3.303593,,,,
,,,1302,27477,14,29.3,1.898,2.1,0,0.4329977,0.6104087,,,,
,,,1303,26692,15.6,30.8,1.938,0.9,0,0.434468,0.9143872,,,,
,,,1304,18875,16.6,30.4,1.978,1.4,0.6,0.4359931,4.186891,,,,
,,,1305,19607,17,28.5,2.048,1.8,0,0.4375746,3.856348,,,,
,,,1306,24794,16.1,29.5,2.013,2.2,0,0.4392137,1.608951,,,,
,,,1307,27082,16.9,29.6,1.733,2.1,0,0.4409119,0.571428,,,,
,,,1308,26357,15.3,30.9,1.738,1.7,0.2,0.4426705,0.8581075,,,,
,,,1309,25960,16.5,31.1,1.958,1.8,0,0.4444911,0.8923717,,,,
,,,1310,14235,18.5,32.9,2.003,2.2,0.2,0.4463753,5.644464,,,,
,,,1311,11646,18.6,21.6,1.898,2.4,15,0.4483247,6.440278,,,,
,,,1312,12504,15.1,22.5,1.558,2.3,0.2,0.4503409,6.208432,,,,
,,,1313,19894,11,22.6,1.418,2.5,4.4,0.4405791,3.589619,,,,
,,,1314,12590,14.6,23.6,1.773,2.8,3.2,0.4425499,6.10897,,,,
,,,1315,15692,16.8,25.7,1.723,2.7,4,0.4445856,5.0468,,,,
,,,1316,18265,17.3,24.7,1.628,3.8,0,0.4466881,4.051731,,,,
,,,1317,11200,14.2,21.3,1.528,1.9,0,0.4488591,6.498651,,,,
,,,1318,23821,11.3,21.1,1.188,3.2,0,0.4511003,1.65502,,,,
,,,1319,25842,8.4,22.1,1.128,2.1,0,0.4534137,0.6061393,,,,
,,,1320,25429,8.1,25.9,1.173,1.3,0,0.4558013,0.7046188,,,,
,,,1321,25843,8.8,27.5,1.353,1.3,0,0.4582649,0.2946074,,,,
,,,1322,25365,10.7,32.5,1.438,2.5,0,0.4608068,0.4097407,,,,
,,,1323,22231,16.2,32.6,1.593,2.5,0.4,0.4634291,1.869729,,,,
,,,1324,8834,15.7,21.9,1.958,1.3,8,0.4531796,7.006492,,,,
,,,1325,10538,16.7,22.9,1.923,1.5,0.2,0.4557307,6.474403,,,,
,,,1326,18123,13.6,29.2,1.768,3,20,0.4583601,3.550106,,,,
,,,1327,16476,14,24.8,1.818,1.8,8.4,0.46107,4.203677,,,,
,,,1328,14041,16,23.5,1.843,2.4,0,0.4638626,5.147311,,,,
,,,1329,21405,13.3,25.7,1.763,1.6,0.2,0.4667404,1.724785,,,,
,,,1330,22974,14.1,27.6,1.773,1.6,0.2,0.4697056,0.7667321,,,,
,,,1331,23112,13.5,28.3,1.823,1.5,0.2,0.4727608,0.5579185,,,,
,,,1332,23800,14.4,30,1.843,1.5,0.2,0.4759086,0.02965832,,,,
,,,1333,23072,13.4,32.6,1.823,1.1,0,0.4652447,0.3554762,,,,
,,,1334,21004,14.1,32.4,1.908,1.1,0,0.4683008,1.407008,,,,
,,,1335,20102,16.4,30.6,2.048,1.9,0.2,0.4714471,1.761017,,,,
,,,1336,22601,15.8,27.3,1.808,2.1,0,0.4746861,0.2900222,,,,
,,,1337,16032,14.5,27.7,1.773,2.3,28,0.4780206,3.800058,,,,
,,,1338,10032,15.8,19.8,1.723,2.3,8,0.4814532,6.294645,,,,
,,,1339,11877,14.1,20.2,1.473,3,12,0.4849867,5.590508,,,,
,,,1340,11557,10.8,18.3,1.338,3.3,0,0.4886243,5.699291,,,,
,,,1341,17415,11,21.3,1.368,1.6,0.2,0.4923688,2.909266,,,,
,,,1342,19437,8.6,23.9,1.358,1.6,9,0.4962234,1.68492,,,,
,,,1343,9192,12.1,17.5,1.333,3.1,4,0.4847525,6.483704,,,,
,,,1344,9821,7.4,15.9,1.043,2.1,0.4,0.4884854,6.262234,,,,
,,,1345,15465,6.2,19.5,1.213,1.9,0,0.4923252,3.646005,,,,
,,,1346,13151,13.6,19.4,1.413,2.8,0,0.4962751,4.664464,,,,
,,,1347,10169,11.7,19.8,1.403,3.5,2,0.5003382,5.941,,,,
,,,1348,12443,9.8,17.2,1.133,2.9,0,0.5045179,4.944658,,,,
,,,1349,11606,5.8,15.1,0.958,2.3,0,0.5088175,5.315443,,,,
,,,1350,16354,8.3,17.8,0.998,2,0,0.5132406,2.782548,,,,
,,,1351,9274,7.5,18.3,1.163,1.8,0,0.5177908,6.175831,,,,
,,,1352,10827,7,20.9,1.158,3.5,1,0.5055089,5.449423,,,,
,,,1353,10514,10.9,15.9,1.158,4.1,3,0.5099065,5.537862,,,,
,,,1354,12822,6.3,18.3,1.158,2.1,0,0.5144268,4.321999,,,,
,,,1355,10337,10.5,16.4,1.128,3.1,4,0.5190735,5.514787,,,,
,,,1356,10248,6.1,13.4,0.983,3,1.2,0.52385,5.533756,,,,
,,,1357,7147,6.4,13,1.028,2.8,0.8,0.5287601,6.824353,,,,
,,,1358,7183,8.7,15,1.188,4.1,3.2,0.5338076,6.752847,,,,
,,,1359,10681,11.3,20.5,1.258,2.7,0,0.5389965,5.056188,,,,
,,,1360,14567,9.5,20.2,1.328,1.3,0,0.5443308,2.612741,,,,
,,,1361,7872,10.4,16.6,1.293,1.6,1,0.5310217,6.318758,,,,
,,,1362,6307,10.5,11.5,1.268,1.9,22,0.5361638,6.962448,,,,
,,,1363,12676,8.1,17,1.193,2.4,0,0.5414451,3.566555,,,,
,,,1364,10152,6,17.4,1.163,1.1,1,0.5468694,5.008135,,,,
,,,1365,14591,5.5,19.2,1.143,1.2,0,0.5524405,2.022432,,,,
,,,1366,15239,5.1,21,1.163,0.8,0,0.5581623,1.36736,,,,
,,,1367,13923,5.1,22.7,1.213,1.7,2,0.5640389,2.198776,,,,
,,,1368,6198,11.6,16.9,1.428,3.3,7,0.5700743,6.77325,,,,
,,,1369,10432,11.1,20.5,1.498,1.6,0,0.5762728,4.321627,,,,
,,,1370,11944,13.9,26,1.623,3.9,0,0.561692,3.114421,,,,
,,,1371,16475,14.3,25.9,1.623,5.1,0,0.5676466,0,,,,
,,,1372,5816,16.2,21.2,1.593,3.9,50,0.5737551,6.77727,,,,
,,,1373,12493,9.5,18,1.253,1.4,0,0.5800211,2.43642,,,,
,,,1374,6799,8.1,18.1,1.383,1.3,1,0.5864484,6.193583,,,,
,,,1375,11330,12.2,24.2,1.663,1.8,13,0.5930407,2.932742,,,,
,,,1376,11310,13.6,20.6,1.498,2.1,0.2,0.5998016,2.873424,,,,
,,,1377,5422,12.7,13.9,1.273,2.2,3.2,0.6067352,6.808059,,,,
,,,1378,5212,8,12.7,1.208,1.4,9.8,0.613845,6.884559,,,,
,,,1379,11305,8.2,16.8,1.213,0.9,0,0.5977256,2.570037,,,,
,,,1380,8386,6.5,16.2,1.233,1.1,0.2,0.604523,4.778075,,,,
,,,1381,10472,9.3,21.2,1.433,1.6,0.2,0.6114829,2.92166,,,,
,,,1382,12196,8.8,24.9,1.518,0.8,0.4,0.6186082,1.085933,,,,
,,,1383,9615,12.1,22,1.533,1,0.2,0.6259017,3.369667,,,,
,,,1384,11273,9.9,23.3,1.458,1.6,0.2,0.6333662,1.681901,,,,
,,,1385,13124,9.4,20.6,1.278,1.7,0,0.6410042,0,,,,
,,,1386,11836,6.7,22.5,1.253,2.4,0,0.6488184,0.8245502,,,,
,,,1387,4718,13.7,16.3,1.488,2.2,10.2,0.656811,6.742381,,,,
,,,1388,11547,9.5,23.3,1.458,3.8,2,0.6388855,0.6207763,,,,
,,,1389,4721,14.5,16.6,1.408,2.7,9,0.6464759,6.657045,,,,
,,,1390,7616,9,19,1.178,3.6,2,0.6542244,4.422429,,,,
,,,1391,10884,7.3,19.9,1.188,1.4,0,0.662132,0.9377701,,,,
,,,1392,5039,7.8,13,1.228,1.5,6.2,0.6701993,6.310525,,,,
,,,1393,5601,7,17,1.233,1.9,4,0.6784269,5.824588,,,,
,,,1394,5281,10.7,15.9,1.208,1.8,0,0.6868149,6.010999,,,,
,,,1395,10132,3.5,17.9,1.098,1.3,0.2,0.6953632,1.091646,,,,
,,,1396,8601,5.5,19,1.203,1.3,0,0.7040714,2.658454,,,,
,,,1397,9955,7.7,20.8,1.333,1,0,0.7129386,0.769396,,,,
,,,1398,9283,7.9,20.9,1.348,0.7,0.2,0.6923149,1.430169,,,,
,,,1399,6054,8.5,16.5,1.383,1.2,0.4,0.700639,4.908429,,,,
,,,1400,7359,8.8,18.8,1.263,2.4,2.4,0.7090916,3.467489,,,,
,,,1401,10069,4.3,11.5,0.838,4.4,0,0.7176699,0.1126087,,,,
,,,1402,10497,1.9,11.9,0.763,2.2,0,0.7263706,0,,,,
,,,1403,9167,-0.1,12.8,0.788,1.1,0,0.7351898,0.9883453,,,,
,,,1404,6907,0.7,13,0.828,0.8,0,0.7441232,3.660868,,,,
,,,1405,3607,2.9,8.8,0.888,2.4,0,0.7531658,6.784506,,,,
,,,1406,3966,3.4,10.1,0.893,2.9,1,0.7623121,6.438532,,,,
,,,1407,3582,7.5,13.2,1.128,4.2,3.6,0.7715559,6.676148,,,,
,,,1408,3461,9.3,11.5,0.973,5.3,0.6,0.7808905,6.75762,,,,
,,,1409,3885,0.5,3.2,0.608,4.8,0,0.7903083,6.416429,,,,
,,,1410,8099,-1.4,4,0.488,4.8,0,0.7651079,1.452366,,,,
,,,1411,8186,-4.5,3.9,0.483,2.9,0,0.773748,1.154131,,,,
,,,1412,5743,-2.9,3.8,0.558,2.4,3,0.7824279,4.276417,,,,
,,,1413,3236,2.2,7.5,0.798,3.1,1,0.7911379,6.771542,,,,
,,,1414,4579,1.9,5.6,0.593,6.2,0.2,0.799868,5.435454,,,,
,,,1415,8470,-1.5,4.7,0.498,2.8,0,0.8086072,0,,,,
,,,1416,8487,-6,5.6,0.508,1.4,0,0.8173439,0,,,,
,,,1417,7762,-5,7.2,0.548,1.1,0,0.8260659,0.7003074,,,,
,,,1418,5010,-2.2,8.5,0.678,1.2,0,0.8347603,4.576868,,,,
,,,1419,2999,0,0.8,0.633,3,0,0.8434135,6.785821,,,,
,,,1420,3590,-0.1,3.7,0.593,1.9,0,0.8520114,6.153244,,,,
,,,1421,2928,-3.5,2.1,0.573,0.9,0,0.8605392,6.794991,,,,
,,,1422,2926,-1.4,2.8,0.633,2,5,0.8689813,6.749518,,,,
,,,1423,5527,1.7,6.1,0.663,2.9,0,0.877322,3.403704,,,,
,,,1424,3885,-2.5,4.4,0.653,1.4,2.2,0.8456998,5.591629,,,,
,,,1425,2799,2.7,7.4,0.913,2.1,0,0.8529965,6.728233,,,,
,,,1426,2769,5.7,9.2,0.953,1,4,0.8601484,6.72128,,,,
,,,1427,3991,5.7,6.8,0.778,2.5,0.2,0.8671399,5.254165,,,,
,,,1428,2868,-0.7,6.7,0.758,2,2,0.8739554,6.586667,,,,
,,,1429,4725,0.1,9.6,0.823,2,19.4,0.8805792,4.056304,,,,
,,,1430,2663,5.5,11.9,1.143,3,2.4,0.8869953,6.6883,,,,
,,,1431,3281,7.4,11.3,1.108,1.1,0,0.893188,5.913589,,,,
,,,1432,3707,8.2,12.6,1.028,0.8,0,0.8991416,5.319575,,,,
,,,1433,4104,4,11.2,0.958,1.8,0,0.9048404,4.717861,,,,
,,,1434,2574,5,10.1,0.998,2.4,2.4,0.9102692,6.715093,,,,
,,,1435,2913,6.7,11.4,1.088,2.5,1,0.9154131,6.265663,,,,
,,,1436,3369,8.4,10.3,0.933,2.8,0,0.9202576,5.672283,,,,
,,,1437,7132,-0.1,7.8,0.633,3.6,0,0.9247889,0,,,,
,,,1438,4478,-2.2,4.7,0.563,1.7,0,0.9289936,4.085076,,,,
,,,1439,2489,-4.2,-0.5,0.528,1.3,0,0.9328591,6.813265,,,,
,,,1440,2476,-3.3,1.2,0.543,1.7,0,0.9363737,6.81168,,,,
,,,1441,4119,-4,0.2,0.463,1.2,0,0.9395266,4.61377,,,,
,,,1442,2452,-5.4,0.9,0.543,2.3,0,0.9423079,6.817412,,,,
,,,1443,6554,-0.4,4.5,0.488,6,0,0.9447088,0,,,,
,,,1444,5813,-8,-3,0.218,4.9,0,0.9467216,1.804061,,,,
,,,1445,6117,-11.4,-4.2,0.263,2.2,0,0.9483397,1.122055,,,,
,,,1446,4985,-11.3,-1.4,0.303,2.1,0,0.949558,3.198859,,,,
,,,1447,6611,-9,1.3,0.348,2,0,0.9503724,0,,,,
,,,1448,2411,-8.7,-1.4,0.403,1.6,0,0.9507803,6.867438,,,,
,,,1449,2408,-5.5,-2.4,0.428,1.1,0,0.9507803,6.865068,,,,
,,,1450,2406,-4.1,-1.1,0.428,2.4,0,0.9503724,6.869106,,,,
,,,1451,3355,-8.1,-0.9,0.418,2.4,0,0.949558,5.68457,,,,
,,,1452,2407,-3,1.5,0.513,2.8,0.8,0.9483397,6.856394,,,,
,,,1453,3126,-4.4,0,0.428,3.5,0,0.9467216,6.005291,,,,
,,,1454,5776,-9.5,-1.2,0.348,2.3,0,0.9447088,1.762934,,,,
,,,1455,2417,-3.7,3.3,0.478,3.8,1,0.9423079,6.875582,,,,
,,,1456,2595,0.7,2.1,0.573,3.9,0.6,0.9395266,6.659531,,,,
,,,1457,2429,-2.2,2.3,0.593,3.4,2.2,0.9363737,6.859638,,,,
,,,1458,2437,1.8,6.7,0.808,4.2,6.2,0.9328591,6.823327,,,,
,,,1459,2649,4.9,10.3,0.883,5.4,5,0.9289936,6.575796,,,,
,,,1460,3127,0.2,2.3,0.598,2,0,0.9247889,6.071008,,,,
,,,1461,4161,-3.5,0.9,0.458,2.4,0,0.9202576,4.730466,,,,
,,,1462,6814,-7.1,0.4,0.368,1.5,0,0.9154131,0.1738822,,,,
,,,1463,6757,-8.4,4.9,0.398,1.6,0,0.9102692,0.3528141,,,,
,,,1464,5962,-6.1,2.9,0.423,1.3,0,0.9048404,1.952372,,,,
,,,1465,3297,-2.6,5,0.533,1.6,0,0.8991416,6.024522,,,,
,,,1466,6534,-4.5,4.2,0.498,0.8,0,0.893188,1.003364,,,,
,,,1467,2562,-7.5,-2.8,0.433,1,0,0.8869953,6.939939,,,,
,,,1468,2582,-5.4,-2.2,0.463,1.7,0,0.8805792,6.937819,,,,
,,,1469,4563,-6.2,0.5,0.463,1.4,0,0.8739554,4.571798,,,,
,,,1470,5297,-5.9,2.2,0.458,0.7,0,0.8671399,3.564207,,,,
,,,1471,4724,-6.7,1.4,0.458,0.5,0,0.8601484,4.480595,,,,
,,,1472,7106,-5.9,7.3,0.518,0.8,0,0.8529965,0.6737914,,,,
,,,1473,6819,-1.6,7.7,0.583,0.9,0,0.8456998,1.271558,,,,
,,,1474,3441,-2.6,3,0.593,1.1,3,0.877322,6.19728,,,,
,,,1475,2753,-0.1,1.9,0.658,0.9,1,0.8689813,6.92951,,,,
,,,1476,2782,-0.1,4,0.713,2,9,0.8605392,6.924378,,,,
,,,1477,3004,1,5.3,0.728,2.3,0,0.8520114,6.742602,,,,
,,,1478,3999,0,4.2,0.603,1.7,0,0.8434135,5.780748,,,,
,,,1479,3005,-2.8,4.1,0.583,0.7,0,0.8347603,6.844949,,,,
,,,1480,2909,-0.8,4.1,0.658,2,0.6,0.8260659,6.954015,,,,
,,,1481,5209,0.4,9.6,0.698,2.1,0,0.8173439,4.533244,,,,
,,,1482,8474,-0.1,11.6,0.603,2.2,0,0.8086072,0,,,,
,,,1483,4650,0.6,11.7,0.713,2.7,0,0.799868,5.350215,,,,
,,,1484,3054,-0.7,10.5,0.758,5,1,0.7911379,6.95713,,,,
,,,1485,4213,7,11.4,0.913,4.4,0.2,0.7824279,5.892636,,,,
,,,1486,4401,4.4,10.7,0.878,2.2,0.4,0.773748,5.77304,,,,
,,,1487,5935,4.5,12.2,0.868,3.1,0,0.7651079,4.158868,,,,
,,,1488,3215,6.9,11.6,0.993,3.8,5.2,0.7903083,6.939198,,,,
,,,1489,4136,8.5,15,1.033,2.4,0,0.7808905,6.178749,,,,
,,,1490,4718,0.5,12,0.818,1.4,0,0.7715559,5.746067,,,,
,,,1491,5886,1.8,13,0.848,2.6,0,0.7623121,4.63134,,,,
,,,1492,5377,3.3,12.5,0.853,1.6,3,0.7531658,5.246505,,,,
,,,1493,5695,5.8,13.3,0.928,2.1,2,0.7441232,4.99142,,,,
,,,1494,9879,3.4,18.1,0.728,4.9,0,0.7351898,0.1645411,,,,
,,,1495,7467,8,15.8,0.673,7.5,0,0.7263706,3.435037,,,,
,,,1496,7548,3.1,13.2,0.903,2.4,0,0.7176699,3.356903,,,,
,,,1497,3636,8.1,11.7,0.958,4.2,3.4,0.7090916,6.988918,,,,
,,,1498,4601,6.5,10,0.833,3.9,3.2,0.700639,6.346763,,,,
,,,1499,7586,1.4,8.2,0.668,3.7,0,0.6923149,3.81581,,,,
,,,1500,4412,1,9.2,0.818,2.2,0.6,0.7129386,6.596868,,,,
,,,1501,3846,5.2,12.4,0.948,3.3,0.4,0.7040714,7.009138,,,,
,,,1502,4177,6.7,10.8,0.868,3.7,0.6,0.6953632,6.8453,,,,
,,,1503,9424,3.1,14.6,0.853,2.6,0,0.6868149,2.353926,,,,
,,,1504,5626,5.9,14.1,0.928,2.4,0,0.6784269,5.918025,,,,
,,,1505,7483,5.3,16.1,0.908,2.2,11,0.6701993,4.494202,,,,
,,,1506,4127,5.6,6,0.853,3,6,0.662132,7.046484,,,,
,,,1507,4185,2.9,3.3,0.643,4,0,0.6542244,7.082745,,,,
,,,1508,5249,1.9,5.8,0.578,1.4,0,0.6464759,6.497865,,,,
,,,1509,5907,-1.7,9.2,0.638,1.2,0,0.6388855,6.113319,,,,
,,,1510,4875,-0.3,6.6,0.643,3.1,1,0.656811,6.807178,,,,
,,,1511,5371,0.9,8.7,0.693,3.1,0.4,0.6488184,6.551706,,,,
,,,1512,4487,5.1,7.1,0.828,6,14,0.6410042,7.076435,,,,
,,,1513,7148,3,5.2,0.543,5.7,0.2,0.6333662,5.58886,,,,
,,,1514,5142,-3.9,6.2,0.608,3.6,0.4,0.6259017,6.839745,,,,
,,,1515,4809,4.7,10,0.788,5.5,3.2,0.6186082,7.026043,,,,
,,,1516,6130,3.1,7.4,0.698,4.3,0.4,0.6114829,6.365148,,,,
,,,1517,5076,4.3,12.2,0.873,3.4,0,0.604523,6.952682,,,,
,,,1518,4869,6.7,11.3,0.933,4.6,1.4,0.5977256,7.086256,,,,
,,,1519,4935,8.8,11.3,0.968,3.7,4,0.613845,7.085392,,,,
,,,1520,7132,4.2,11.5,0.713,3.2,0.2,0.6067352,6.015043,,,,
,,,1521,5440,1.7,8.3,0.788,1.6,12.6,0.5998016,6.941057,,,,
,,,1522,7392,4.2,8.8,0.768,1.7,0,0.5930407,5.976119,,,,
,,,1523,7907,1.5,7.1,0.623,1.6,0,0.5864484,5.788558,,,,
,,,1524,14367,-3.2,11,0.578,1.3,0,0.5800211,1.455141,,,,
,,,1525,5819,0.1,8.3,0.663,2,0,0.5737551,6.936195,,,,
,,,1526,7157,0.7,8.8,0.723,4,0,0.5676466,6.330674,,,,
,,,1527,5522,4.4,10.7,0.883,2.7,0,0.561692,7.104626,,,,
,,,1528,13494,7,15.9,0.873,2.8,0,0.5762728,2.540301,,,,
,,,1529,9544,0.8,13.1,0.828,2.8,0,0.5700743,5.218372,,,,
,,,1530,15257,1.2,13.3,0.713,1.8,0,0.5640389,1.626509,,,,
,,,1531,12166,0.6,18.9,0.633,3.6,0,0.5581623,3.918222,,,,
,,,1532,12534,7.9,18.4,0.713,5,0,0.5524405,3.752825,,,,
,,,1533,16546,4,21.8,0.758,3.2,0,0.5468694,1.103907,,,,
,,,1534,9671,9.2,15.8,0.818,5.4,0.8,0.5414451,5.496543,,,,
,,,1535,8470,8.6,13,0.888,4.5,0.4,0.5361638,6.118568,,,,
,,,1536,10074,1.1,14.3,0.848,2.9,0,0.5310217,5.411969,,,,
,,,1537,13385,3.5,17.7,0.853,2.5,1,0.5443308,3.676987,,,,
,,,1538,9420,7,16.7,1.013,3.9,4,0.5389965,5.806913,,,,
,,,1539,6415,10.5,16.6,1.218,5.6,0.2,0.5338076,7.083651,,,,
,,,1540,7453,12.6,17.7,1.193,4.2,0,0.5287601,6.717998,,,,
,,,1541,8179,9.2,17.2,1.143,3.3,0,0.52385,6.469704,,,,
,,,1542,7063,8.2,14.9,1.028,3.5,0,0.5190735,6.955765,,,,
,,,1543,15290,4.9,11.6,0.703,4,0,0.5144268,3.247098,,,,
,,,1544,19268,-0.2,9.8,0.513,4.5,0,0.5099065,1.087578,,,,
,,,1545,18914,-2.8,9.4,0.473,3.5,0,0.5055089,1.483207,,,,
,,,1546,19278,-4.1,10.2,0.463,2.8,0,0.5177908,1.399908,,,,
,,,1547,19475,-3.2,10.5,0.478,2.3,0,0.5132406,1.398434,,,,
,,,1548,19052,-3.2,15.1,0.568,1.8,0,0.5088175,1.706758,,,,
,,,1549,14997,-1.7,15,0.638,1.3,0,0.5045179,3.974066,,,,
,,,1550,12716,3.3,16.1,0.643,1.7,0,0.5003382,5.104809,,,,
,,,1551,16937,-0.7,17,0.713,1.3,0,0.4962751,3.116064,,,,
,,,1552,20051,0.9,19.5,0.778,1,0,0.4923252,1.449618,,,,
,,,1553,17350,2.3,20.2,0.843,1.7,0,0.4884854,3.01526,,,,
,,,1554,19154,1.9,16,0.753,1.8,0,0.4847525,2.196646,,,,
,,,1555,19514,6.1,18.9,0.963,4.4,0,0.4962234,1.98173,,,,
,,,1556,11353,9.2,15.5,1.028,4.3,0,0.4923688,5.854163,,,,
,,,1557,12744,2.2,15.6,0.713,2.7,0,0.4886243,5.43889,,,,
,,,1558,7620,5.7,9.9,0.723,2.1,2,0.4849867,7.217395,,,,
,,,1559,7686,5.4,11.9,0.928,1.8,2.2,0.4814532,7.193643,,,,
,,,1560,21324,2,15,0.563,3.8,0,0.4780206,1.77641,,,,
,,,1561,16884,3.1,13.3,0.618,2.6,0.6,0.4746861,3.970183,,,,
,,,1562,16264,5.9,18.4,0.808,2.4,0,0.4714471,4.222261,,,,
,,,1563,11096,5.7,15.1,0.823,4.3,0.2,0.4683008,6.243291,,,,
,,,1564,8012,6.6,9,0.888,4.3,0.6,0.4652447,7.202733,,,,
,,,1565,10822,4.8,10.2,0.673,3.3,0,0.4759086,6.42335,,,,
,,,1566,14878,-0.8,11.3,0.588,2.5,0,0.4727608,5.076008,,,,
,,,1567,11338,-0.3,12.2,0.703,2,0,0.4697056,6.31042,,,,
,,,1568,18630,4.1,15.1,0.753,1.6,0,0.4667404,3.594181,,,,
,,,1569,16748,1.5,16,0.768,2.1,0,0.4638626,4.428209,,,,
,,,1570,19819,0.6,15.5,0.678,2.6,0,0.46107,3.239583,,,,
,,,1571,18484,1.5,15.6,0.683,3.3,0,0.4583601,3.864907,,,,
,,,1572,21266,2.7,17.2,0.803,3.9,0,0.4557307,2.660714,,,,
,,,1573,22620,3.1,20.6,0.938,2.1,0,0.4531796,2.030237,,,,
,,,1574,19449,6.5,21.5,0.983,3.3,0,0.4634291,3.501267,,,,
,,,1575,21875,7.6,22.5,1.123,2.7,0,0.4608068,2.430898,,,,
,,,1576,20514,7.2,23.7,1.183,2.1,0,0.4582649,3.079932,,,,
,,,1577,10386,8.7,18.6,1.163,2.9,3,0.4558013,6.752427,,,,
,,,1578,21522,4.2,15.7,0.773,2.6,0,0.4534137,2.947661,,,,
,,,1579,14527,1.8,18.7,0.813,3.3,1,0.4511003,5.60735,,,,
,,,1580,10243,9.5,14.3,0.873,3.9,1,0.4488591,6.883765,,,,
,,,1581,24988,2.5,23.7,0.803,3.8,8,0.4466881,1.577645,,,,
,,,1582,9070,8.5,9.6,1.053,3.2,13,0.4445856,7.191386,,,,
,,,1583,10475,7.8,12,0.953,1.9,2,0.4425499,6.859003,,,,
,,,1584,9174,6.3,9.7,0.943,3.3,1,0.4405791,7.202855,,,,
,,,1585,10260,6.4,10.9,0.903,3.2,1.2,0.4503409,6.950833,,,,
,,,1586,10053,5,9.8,0.828,3.2,0.4,0.4483247,7.026482,,,,
,,,1587,21218,0.2,15.1,0.813,1.7,0,0.4463753,3.498559,,,,
,,,1588,21355,6.3,19.6,0.983,2.6,0,0.4444911,3.414806,,,,
,,,1589,14704,8.8,20.4,1.303,2.2,0,0.4426705,5.700206,,,,
,,,1590,11297,12.7,20.1,1.313,2.3,0.8,0.4409119,6.700003,,,,
,,,1591,19268,6,20.2,1.153,2.1,1.2,0.4392137,4.252991,,,,
,,,1592,9622,10.4,14.7,1.133,3.1,0,0.4375746,7.165459,,,,
,,,1593,12752,9.6,15.1,1.068,1.5,4,0.4359931,6.386358,,,,
,,,1594,20759,2.9,21.4,1.038,3.1,3,0.434468,3.841706,,,,
,,,1595,27605,5.6,21.6,0.968,2.4,0,0.4329977,1.119012,,,,
,,,1596,26748,5.7,22.4,1.018,1.8,0,0.4425584,1.516452,,,,
,,,1597,27010,7.3,27.7,1.193,1.9,0,0.4410665,1.35398,,,,
,,,1598,21382,12.1,27.6,1.158,4.5,5,0.4396315,3.691655,,,,
,,,1599,10241,12.7,16,1.328,2.6,0.4,0.4382521,7.064825,,,,
,,,1600,22346,8.7,20,1.158,2.4,0,0.4369271,3.390014,,,,
,,,1601,24789,12.1,22.5,1.243,1.6,0,0.4356553,2.430399,,,,
,,,1602,25437,9.6,27,1.133,5.2,0,0.4344355,2.249019,,,,
,,,1603,10387,16.9,20.2,1.153,5.4,40,0.4332668,7.081036,,,,
,,,1604,10886,9.5,15.1,1.193,1.9,0,0.4321479,6.967107,,,,
,,,1605,21249,8.1,19.9,1.138,2.4,4,0.4310781,3.925036,,,,
,,,1606,14619,8.9,16.9,1.123,2.7,0.2,0.4300562,6.035894,,,,
,,,1607,16590,7.8,17.7,1.003,2.8,0,0.4290814,5.508748,,,,
,,,1608,17692,6.1,16.5,0.988,1.8,0.8,0.4281528,5.194294,,,,
,,,1609,14115,8,17.9,1.068,1.8,0.6,0.4272696,6.212293,,,,
,,,1610,15482,10.2,17.3,1.033,2.5,0,0.426431,5.854338,,,,
,,,1611,29033,4.9,21.1,0.998,1.6,0,0.4256362,1.091455,,,,
,,,1612,29270,7,23.5,1.078,2,0,0.4248846,0.9690696,,,,
,,,1613,22201,8.6,25.5,1.323,1.4,0,0.4343405,3.672251,,,,
,,,1614,26453,10.4,27.4,1.428,1,0.4,0.4336099,2.023257,,,,
,,,1615,17895,14.1,24.6,1.703,2.2,5.2,0.4329247,5.051464,,,,
,,,1616,16577,14.8,24.4,1.598,2.8,7,0.4322843,5.483932,,,,
,,,1617,13175,14.5,19.1,1.433,4.3,15,0.4316881,6.457871,,,,
,,,1618,10776,11.6,15.3,1.308,4.7,8,0.4311354,7.056282,,,,
,,,1619,16099,10.9,18.1,1.063,2.8,1,0.4306258,5.744532,,,,
,,,1620,10540,11.4,16.8,1.223,1.9,0,0.4301587,7.123777,,,,
,,,1621,13010,11.8,18.1,1.228,3.8,0.4,0.4297338,6.543285,,,,
,,,1622,15006,10.4,18.3,1.088,2.6,0.4,0.4293505,6.052875,,,,
,,,1623,17238,8.9,21.2,1.173,2.1,0.2,0.4290086,5.413695,,,,
,,,1624,27204,9,26.2,1.423,1.6,0,0.4287077,1.854238,,,,
,,,1625,25332,13.5,27.9,1.683,1.5,0.2,0.4284474,2.508302,,,,
,,,1626,29043,14.2,32,1.738,1.7,0,0.4282277,0.9574975,,,,
,,,1627,21583,17,29.2,1.863,1.7,0,0.4280482,3.861245,,,,
,,,1628,23070,17.5,31,1.893,1.6,0.2,0.4279087,3.316826,,,,
,,,1629,28459,16.5,34.5,1.628,2.2,0,0.4278092,1.266459,,,,
,,,1630,28462,16.8,33.6,1.643,3.5,0,0.4277496,1.259342,,,,
,,,1631,22477,19.2,30.6,2.108,2.2,0,0.4277297,3.480237,,,,
,,,1632,18508,17.5,28.3,1.978,2.5,0,0.4277496,4.874982,,,,
,,,1633,24159,16.7,28.8,1.988,2.5,0,0.4278092,2.875137,,,,
,,,1634,25907,17.7,31.5,1.858,1.5,0,0.4279087,2.223948,,,,
,,,1635,23575,18,30.7,2.008,2.4,27,0.4280482,3.084564,,,,
,,,1636,18452,16.9,24.4,1.594,2.5,0,0.4282277,4.958522,,,,
,,,1637,25672,13.2,25.3,1.263,3.1,0.2,0.4284474,2.521154,,,,
,,,1638,29710,11.9,27.3,1.373,1.9,0,0.4287077,0.8045937,,,,
,,,1639,22036,13.3,26.8,1.558,2.2,0.8,0.4290086,3.751257,,,,
,,,1640,20680,14.1,21.2,1.143,3.4,0,0.4293505,4.330333,,,,
,,,1641,29335,8.5,22.2,1.023,2.2,0,0.4297338,1.114818,,,,
,,,1642,28379,9,24,1.078,2.1,0,0.4301587,1.467676,,,,
,,,1643,22586,11.1,26.7,1.268,2.8,1,0.4306258,3.606128,,,,
,,,1644,15591,14.9,21.5,1.338,3.5,0,0.4311354,5.815793,,,,
,,,1645,14367,9.8,22.3,1.328,3.8,8,0.4316881,6.148155,,,,
,,,1646,17166,11.8,20.7,1.208,2.6,0,0.4322843,5.367991,,,,
,,,1647,23380,7.7,24.5,1.268,1.6,11.4,0.4329247,3.261274,,,,
,,,1648,17731,13.3,21.4,1.463,2.4,0,0.4336099,5.120419,,,,
,,,1649,25941,11.8,24.4,1.408,1.3,0.2,0.4343405,2.176351,,,,
,,,1650,27037,12.1,30.6,1.618,2.4,14.4,0.4248846,1.611022,,,,
,,,1651,18593,16.6,29,1.733,2.9,15.2,0.4256362,4.748634,,,,
,,,1652,15959,12.6,21.1,1.398,2.8,0.2,0.426431,5.625397,,,,
,,,1653,20874,11.3,23.5,1.313,2.2,0,0.4272696,4.043123,,,,
,,,1654,24315,12.6,25,1.383,2,4,0.4281528,2.715752,,,,
,,,1655,15874,14.4,21.2,1.458,3.8,3,0.4290814,5.602091,,,,
,,,1656,10779,13.6,19.2,1.483,5.8,0,0.4300562,6.962723,,,,
,,,1657,10151,15.5,18.7,1.708,5.8,1,0.4310781,7.084611,,,,
,,,1658,10123,16.9,20.5,1.768,4.3,0.2,0.4321479,7.078678,,,,
,,,1659,12219,15.4,23.3,1.618,3.2,0,0.4332668,6.558085,,,,
,,,1660,23346,11.2,24.4,1.498,1.9,0.2,0.4344355,2.88238,,,,
,,,1661,28475,10.7,25,1.303,1.7,0,0.4356553,0.7345051,,,,
,,,1662,27760,9.8,29.7,1.563,1.5,0.2,0.4369271,0.8853707,,,,
,,,1663,16054,18.3,25.3,1.653,2.6,0,0.4382521,5.380161,,,,
,,,1664,28776,10.9,25,1.228,2.1,0,0.4396315,0.4887504,,,,
,,,1665,28388,10.2,27.7,1.273,1.9,0,0.4410665,0.5918678,,,,
,,,1666,11375,15.3,21.5,1.438,3.9,0.4,0.4425584,6.719477,,,,
,,,1667,18189,13.4,23.3,1.443,3.4,0,0.4329977,4.620141,,,,
,,,1668,12676,16,24.5,1.603,1.8,0.2,0.434468,6.317249,,,,
,,,1669,27548,13,28.9,1.633,2,0,0.4359931,0.5817464,,,,
,,,1670,27679,14.4,32.1,1.813,1.4,0,0.4375746,0.3702898,,,,
,,,1671,26628,16.6,33.1,1.848,1.9,0,0.4392137,0.8052844,,,,
,,,1672,21785,17.1,26.7,1.858,4,0,0.4409119,2.943224,,,,
,,,1673,12642,17.5,21.8,1.653,2.8,8.2,0.4426705,6.23383,,,,
,,,1674,16375,13.2,20.8,1.323,2.4,0.2,0.4444911,5.079075,,,,
,,,1675,21394,11,26.1,1.363,2,6,0.4463753,3.131591,,,,
,,,1676,10478,14.1,20.5,1.573,1.4,2.6,0.4483247,6.804266,,,,
,,,1677,13866,14.1,22.4,1.513,1.6,0.2,0.4503409,5.792015,,,,
,,,1678,17693,10.1,25.1,1.448,1.6,7,0.4405791,4.442724,,,,
,,,1679,13042,14.2,20.8,1.583,2.2,2,0.4425499,5.994319,,,,
,,,1680,14081,15,22.9,1.588,2.7,0,0.4445856,5.630752,,,,
,,,1681,16530,12.7,23.9,1.593,2.5,0.6,0.4466881,4.731692,,,,
,,,1682,11199,14.3,19.5,1.453,2.5,10,0.4488591,6.508498,,,,
,,,1683,15628,12.4,19,1.268,3,0,0.4511003,5.064652,,,,
,,,1684,12428,10.6,20.5,1.328,5,3,0.4534137,6.104844,,,,
,,,1685,9882,12.8,19.1,1.483,3.2,0,0.4558013,6.826423,,,,
,,,1686,20505,12.6,23.8,1.463,2.6,0.2,0.4582649,2.88011,,,,
,,,1687,25555,10.8,26.6,1.438,1.8,0,0.4608068,0.3076586,,,,
,,,1688,24697,11.3,29.2,1.633,1.6,0.2,0.4634291,0.5755475,,,,
,,,1689,24156,13.6,29.9,1.658,1.5,0,0.4531796,0.7615505,,,,
,,,1690,22984,13.2,30.3,1.563,1.3,0,0.4557307,1.33527,,,,
,,,1691,20519,13.1,28.6,1.6,2,0,0.4583601,2.481905,,,,
,,,1692,22600,14.7,32.8,1.718,2.4,2,0.46107,1.292513,,,,
,,,1693,10847,16.3,22,1.798,1.9,3.8,0.4638626,6.309923,,,,
,,,1694,20906,13.9,24.1,1.408,1.6,0.2,0.4667404,2.128457,,,,
,,,1695,19321,10.4,23.7,1.378,1.8,0,0.4697056,2.846058,,,,
,,,1696,15029,12.5,26.1,1.633,1.8,8,0.4727608,4.648554,,,,
,,,1697,12053,15,23.6,1.778,1.4,4,0.4759086,5.756666,,,,
,,,1698,12348,16.2,25.5,1.783,2.4,10,0.4652447,5.605342,,,,
,,,1699,11250,15.7,24.6,1.813,2.1,41,0.4683008,5.97591,,,,
,,,1700,13227,15.5,22.2,1.708,2.3,0.2,0.4714471,5.182609,,,,
,,,1701,13207,14.1,22.3,1.688,2.8,1,0.4746861,5.146888,,,,
,,,1702,10951,16.8,23.9,1.928,3.9,0.2,0.4780206,5.961825,,,,
,,,1703,11596,17.8,25.1,1.943,2,9,0.4814532,5.667235,,,,
,,,1704,7863,18,20.8,1.948,1.9,4.2,0.4849867,6.987462,,,,
,,,1705,8157,14.9,19.2,1.563,3.5,0,0.4886243,6.902201,,,,
,,,1706,9515,13.7,21.3,1.633,1.5,0,0.4923688,6.392819,,,,
,,,1707,10210,14.8,22.8,1.748,1.8,3,0.4962234,6.078416,,,,
,,,1708,16080,13.9,23.1,1.518,2.5,1,0.4847525,3.387233,,,,
,,,1709,7537,14,15.8,1.563,2,18.2,0.4884854,7.00569,,,,
,,,1710,10795,13.7,20.9,1.488,3.1,0,0.4923252,5.756831,,,,
,,,1711,15531,13,23,1.463,1.1,0,0.4962751,3.441692,,,,
,,,1712,14619,12.2,24.3,1.588,1.9,18,0.5003382,3.804191,,,,
,,,1713,10257,14.9,20.4,1.618,3,2,0.5045179,5.821311,,,,
,,,1714,16355,11.6,20.8,1.333,2.2,0.2,0.5088175,2.740426,,,,
,,,1715,15217,8.3,19.2,1.228,2.5,0,0.5132406,3.332734,,,,
,,,1716,8255,10.5,18.9,1.353,2.1,0.2,0.5177908,6.555478,,,,
,,,1717,18207,9.6,20.8,1.323,1.8,0.2,0.5055089,1.225398,,,,
,,,1718,18749,6.6,21.5,1.083,2.6,0,0.5099065,0.852452,,,,
,,,1719,15387,8.2,20.1,1.183,2.7,0,0.5144268,2.846736,,,,
,,,1720,19700,5.8,21,1.078,1.7,0,0.5190735,0,,,,
,,,1721,18951,7.2,23.4,1.348,1.4,0.2,0.52385,0.07676253,,,,
,,,1722,16401,10.2,25.8,1.483,2.1,4,0.5287601,1.687796,,,,
,,,1723,9688,15.5,24.3,1.793,1.8,14,0.5338076,5.521777,,,,
,,,1724,12089,13.6,23.6,1.778,1.4,0.2,0.5389965,4.135094,,,,
,,,1725,8974,14,21.1,1.563,1.6,2.8,0.5443308,5.80138,,,,
,,,1726,13752,10.7,17.7,1.153,3.1,0.2,0.5310217,3.105623,,,,
,,,1727,9440,8,14,1.058,4.5,0.6,0.5361638,5.552249,,,,
,,,1728,6291,7.1,10.4,0.883,4.9,0,0.5414451,6.984519,,,,
,,,1729,13928,2.1,13.9,0.808,3.2,0,0.5468694,2.799662,,,,
,,,1730,6464,7.2,15,1.118,2.4,0.2,0.5524405,6.809098,,,,
,,,1731,8412,9.3,15.6,1.153,2.6,0,0.5581623,5.821397,,,,
,,,1732,12865,6.6,17.5,1.013,2.2,0,0.5640389,3.060587,,,,
,,,1733,16863,1.6,18.4,1.105,1.8,0,0.5700743,0,,,,
,,,1734,16007,3.1,21.2,1.063,1.2,0,0.5762728,0.269269,,,,
,,,1735,15565,4.1,21.7,1.123,1.7,0.2,0.561692,0.423059,,,,
,,,1736,8934,5.7,20,1.098,1.4,0,0.5676466,5.205212,,,,
,,,1737,13652,3.5,21.2,1.218,1.6,2,0.5737551,1.653422,,,,
,,,1738,6533,14.2,18.1,1.423,2.9,0.8,0.5800211,6.38516,,,,
,,,1739,13008,5.3,17.1,0.993,2.1,0,0.5864484,1.996298,,,,
,,,1740,6141,5.9,13.2,1.128,3,0.4,0.5930407,6.540662,,,,
,,,1741,6597,7,13.3,1.003,1.9,0,0.5998016,6.263625,,,,
,,,1742,9717,2.4,13.5,0.918,1.1,0,0.6067352,4.208584,,,,
,,,1743,5355,3.2,15.4,1.093,1.8,4,0.613845,6.825163,,,,
,,,1744,5334,9,13.7,1.258,1.3,1,0.5977256,6.771659,,,,
,,,1745,5360,10.3,13.6,1.278,1.7,0,0.604523,6.71096,,,,
,,,1746,5477,6.9,13.7,1.133,2,1,0.6114829,6.620056,,,,
,,,1747,11785,2.5,15.7,0.958,2.3,0,0.6186082,1.7958,,,,
,,,1748,4884,11,13.4,1.263,1.4,0.4,0.6259017,6.849689,,,,
,,,1749,4865,9.7,17.4,1.473,1.5,1.6,0.6333662,6.790922,,,,
,,,1750,7353,11.1,21.7,1.493,2.9,4,0.6410042,5.033965,,,,
,,,1751,4781,11.5,13.5,1.128,2.9,2.2,0.6488184,6.796343,,,,
,,,1752,6653,5.5,13.1,0.958,3.2,7,0.656811,5.528667,,,,
,,,1753,10366,5.9,13.3,0.873,1.4,0,0.6388855,2.225773,,,,
,,,1754,11855,1.8,19,1.018,3,6,0.6464759,0.3338087,,,,
,,,1755,6459,13,19.9,1.373,5.2,4,0.6542244,5.341187,,,,
,,,1756,4978,10.9,17.3,1.243,4.7,1,0.662132,6.406959,,,,
,,,1757,7228,11.8,15,1.028,3.9,5,0.6701993,4.609049,,,,
,,,1758,8566,4.6,14.6,0.953,3.5,3.8,0.6784269,3.252821,,,,
,,,1759,4205,9.5,15.6,1.298,4.8,4,0.6868149,6.780337,,,,
,,,1760,10710,10.4,18,1.048,2.6,0,0.6953632,0.4045714,,,,
,,,1761,7462,5.1,19.7,1.018,3.3,0,0.7040714,3.950156,,,,
,,,1762,11324,3.3,13.4,0.803,1.5,0,0.7129386,0,,,,
,,,1763,10923,-1.1,16.5,0.813,1.4,0,0.6923149,0,,,,
,,,1764,9143,3.3,19,1.088,1.2,0,0.700639,1.569628,,,,
,,,1765,6378,5.6,14.8,1.173,1.8,0,0.7090916,4.550238,,,,
,,,1766,4942,10.6,15,1.183,2.3,0.4,0.7176699,5.83026,,,,
,,,1767,3761,8.2,13.7,1.343,2.8,30,0.7263706,6.731555,,,,
,,,1768,6572,12.6,15.9,1.238,3.7,2,0.7351898,3.994026,,,,
,,,1769,5171,8.7,12,0.998,3.9,2.8,0.7441232,5.441329,,,,
,,,1770,4992,5.8,10.4,0.918,2.4,0,0.7531658,5.559866,,,,
,,,1771,4225,2.8,9.4,0.888,1.8,17,0.7623121,6.212976,,,,
,,,1772,5534,5.6,9.8,0.863,4.7,2,0.7715559,4.859086,,,,
,,,1773,4630,2.1,9.2,0.778,3.2,12.8,0.7808905,5.736432,,,,
,,,1774,3414,5.2,12.9,1.108,4.1,7.2,0.7903083,6.732967,,,,
,,,1775,3368,7.8,12.7,1.263,2.8,6.4,0.7651079,6.707159,,,,
,,,1776,5453,11.6,14.8,1.108,3.8,0.8,0.773748,4.49652,,,,
,,,1777,6836,2.3,13.4,0.888,2.2,1,0.7824279,2.666855,,,,
,,,1778,7563,6.6,15.9,0.988,5.3,0.9,0.7911379,1.365026,,,,
,,,1779,3678,9.9,11.7,1.038,3.5,14,0.799868,6.260407,,,,
,,,1780,3941,7,13.8,1.123,1.4,7.8,0.8086072,5.913698,,,,
,,,1781,3113,7.7,9.7,1.088,1.3,0.2,0.8173439,6.712731,,,,
,,,1782,7424,3.9,14.4,0.953,1.9,0,0.8260659,0.9322938,,,,
,,,1783,6345,1,11.1,0.868,1.5,0,0.8347603,2.593163,,,,
,,,1784,4755,3.4,11.2,0.823,0.9,0,0.8434135,4.764163,,,,
,,,1785,4906,0.5,14.2,0.913,2.8,0,0.8520114,4.449579,,,,
,,,1786,2928,11,14,0.973,5.3,3.6,0.8605392,6.720554,,,,
,,,1787,5130,5.6,12.2,0.853,3.3,0,0.8689813,3.989095,,,,
,,,1788,2925,5.4,12.6,0.933,2.2,6.2,0.877322,6.658748,,,,
,,,1789,2829,6.5,8.8,1.063,1.8,23,0.8456998,6.704699,,,,
,,,1790,3751,6.1,13.6,0.963,3.1,0,0.8529965,5.615666,,,,
,,,1791,2895,6.3,9.4,0.923,2.5,0,0.8601484,6.590221,,,,
,,,1792,4458,3.1,11.6,0.893,1.4,0,0.8671399,4.563278,,,,
,,,1793,3274,1.8,13.2,0.963,1.9,5,0.8739554,6.069833,,,,
,,,1794,3491,6.1,9.8,0.893,2.4,1.2,0.8805792,5.774907,,,,
,,,1795,2786,3.7,8.1,0.883,3.1,0.2,0.8869953,6.593326,,,,
,,,1796,2853,2.7,7.7,0.883,3.3,5,0.893188,6.487345,,,,
,,,1797,2646,4.2,8.4,0.823,2.9,3,0.8991416,6.709757,,,,
,,,1798,2775,4.4,6.9,0.823,3.7,0,0.9048404,6.536542,,,,
,,,1799,2664,3.7,6.4,0.778,1.5,9,0.9102692,6.65081,,,,
,,,1800,2793,2.3,5.9,0.773,3.6,3,0.9154131,6.477474,,,,
,,,1801,2536,4.7,5.5,0.763,5.4,0,0.9202576,6.760036,,,,
,,,1802,2520,2.5,3,0.688,2,0,0.9247889,6.775122,,,,
,,,1803,2504,2.3,4.3,0.663,0.7,0,0.9289936,6.782251,,,,
,,,1804,2918,2.3,5.3,0.643,1,0,0.9328591,6.272644,,,,
,,,1805,2505,0.8,4.4,0.678,2,0.8,0.9363737,6.749877,,,,
,,,1806,2958,0.9,4.8,0.668,1.5,4,0.9395266,6.18252,,,,
,,,1807,2626,0.6,5.1,0.728,0.9,0,0.9423079,6.571825,,,,
,,,1808,2760,-0.2,5.4,0.723,0.5,0,0.9447088,6.396819,,,,
,,,1809,3357,0.5,9.1,0.808,2.4,7,0.9467216,5.560515,,,,
,,,1810,3032,5.6,12.2,0.923,3.3,9,0.9483397,5.97568,,,,
,,,1811,2420,5.9,8.7,0.963,2.4,8,0.949558,6.749902,,,,
,,,1812,2415,6.6,8.5,0.968,1.2,7.6,0.9503724,6.752328,,,,
,,,1813,2641,2.8,6.3,0.723,2.8,0,0.9507803,6.520435,,,,
,,,1814,3210,-0.3,4.2,0.653,1.9,0,0.9507803,5.792734,,,,
,,,1815,2406,0.1,6.5,0.818,1.5,1.4,0.9503724,6.789559,,,,
,,,1816,2406,5.6,8.6,0.993,1.6,3,0.949558,6.76349,,,,
,,,1817,2407,5.5,11.3,1.093,3,3,0.9483397,6.751614,,,,
,,,1818,2409,5.6,9.9,1.053,1.3,0,0.9467216,6.761828,,,,
,,,1819,2412,4.9,8.7,0.953,1,0.4,0.9447088,6.782065,,,,
,,,1820,2474,4.7,9.8,0.983,1.6,4,0.9423079,6.712511,,,,
,,,1821,3863,5.8,14.3,1.008,4,2,0.9395266,4.795562,,,,
,,,1822,2429,9.3,14.9,1.028,6,19.2,0.9363737,6.782651,,,,
,,,1823,2437,6.6,9.8,1.013,3.3,1.4,0.9328591,6.789378,,,,
,,,1824,2446,6.3,9.6,0.993,3.3,2,0.9289936,6.797191,,,,
,,,1825,2485,8.1,11.3,0.998,3.2,0.8,0.9247889,6.767696,,,,
,,,1826,1460,7.4,9.3,0.978,3,1.4,0.9202576,7.835785,,,,
,,,1827,3174,3.4,7.8,0.838,3,3.2,0.9154131,5.998452,,,,
,,,1828,2948,4.2,11.5,0.838,3.8,3,0.9102692,6.310938,,,,
,,,1829,3108,3.3,8.6,0.759,2.6,0.6,0.9048404,6.161519,,,,
,,,1830,3325,3.6,7.4,0.721,3.3,2.4,0.8991416,5.93302,,,,
,,,1831,3069,-1.2,2.6,0.567,3,0,0.893188,6.321503,,,,
,,,1832,3667,-1.9,0,0.423,4.4,0,0.8869953,5.680615,,,,
,,,1833,5773,-6.5,-1.1,0.363,3.2,0,0.8805792,2.703598,,,,
,,,1834,2633,-7.3,-3.4,0.368,2,1,0.8739554,6.933897,,,,
,,,1835,2625,-4.8,-2.2,0.388,2.1,0,0.8671399,6.963373,,,,
,,,1836,4205,-9.4,-5.7,0.268,2.5,0,0.8601484,5.273865,,,,
,,,1837,2827,-10.3,-3.6,0.303,2.3,0,0.8529965,6.843324,,,,
,,,1838,7408,-11.5,-3.2,0.253,2.2,0,0.8456998,0.5930215,,,,
,,,1839,5533,-14.1,-1.8,0.318,1.2,0.6,0.877322,3.669685,,,,
,,,1840,2753,-3.1,2.1,0.623,1.3,0,0.8689813,6.936003,,,,
,,,1841,5276,0.2,6,0.623,1.2,0.6,0.8605392,4.024367,,,,
,,,1842,2812,-3.3,3.5,0.628,1.5,0,0.8520114,6.944695,,,,
,,,1843,3932,-2.6,2.3,0.583,1.3,0,0.8434135,5.86139,,,,
,,,1844,3005,-3.2,5.1,0.638,0.7,0,0.8347603,6.833856,,,,
,,,1845,2909,-2.8,7.2,0.688,2.8,0.4,0.8260659,6.948622,,,,
,,,1846,3534,-0.9,10.2,0.718,3.3,3,0.8173439,6.396021,,,,
,,,1847,4700,6.2,10.9,0.838,4.3,1.4,0.8086072,5.175639,,,,
,,,1848,3483,4.4,9.1,0.788,3.6,3.2,0.799868,6.52504,,,,
,,,1849,3054,3.3,5.9,0.793,5,1,0.7911379,6.951286,,,,
,,,1850,8250,4.8,5.7,0.623,4.7,0,0.7824279,0.8376349,,,,
,,,1851,8163,-3.4,4.6,0.523,3.1,0.8,0.773748,1.242933,,,,
,,,1852,3173,-0.9,6.1,0.743,2,1.6,0.7651079,6.97304,,,,
,,,1853,3215,2.9,8,0.928,1.8,0.8,0.7903083,6.948644,,,,
,,,1854,6279,7,8.7,0.828,4.5,5,0.7808905,3.984511,,,,
,,,1855,3620,1.3,4.4,0.668,5.8,6,0.7715559,6.749259,,,,
,,,1856,4313,1.1,4,0.578,4.8,6,0.7623121,6.243142,,,,
,,,1857,8012,-2.7,-1.1,0.418,5.1,1,0.7531658,2.54164,,,,
,,,1858,5300,-6.5,0.3,0.433,2.1,0.6,0.7441232,5.550119,,,,
,,,1859,4147,-2.6,4,0.628,3.5,1.4,0.7351898,6.531713,,,,
,,,1860,3536,2.8,7.6,0.803,4.7,30,0.7263706,7.003205,,,,
,,,1861,6655,0.8,3.8,0.623,5.1,2,0.7176699,4.438075,,,,
,,,1862,6165,-0.4,3,0.513,4.5,0.4,0.7090916,5.05325,,,,
,,,1863,5899,-2.8,1.9,0.493,2.4,0,0.700639,5.382961,,,,
,,,1864,3893,-4.8,3.6,0.503,0.5,0,0.6923149,6.970288,,,,
,,,1865,9188,0.3,8.5,0.623,0.9,0,0.7129386,2.26974,,,,
,,,1866,7055,-1.4,7.5,0.698,1.9,2.8,0.7040714,4.542364,,,,
,,,1867,4808,2.3,6.3,0.728,0.9,0,0.6953632,6.438628,,,,
,,,1868,5193,2,6.3,0.613,0.9,0,0.6868149,6.249724,,,,
,,,1869,4335,-2.5,1.5,0.488,1.6,0,0.6784269,6.901267,,,,
,,,1870,2463,-2.1,-1.1,0.413,2.2,0,0.6701993,7.952591,,,,
,,,1871,4373,-2.7,0.9,0.428,1.6,0,0.662132,6.974093,,,,
,,,1872,7165,-2.2,1.4,0.398,1.6,0,0.6542244,5.153637,,,,
,,,1873,6166,-5.5,-0.4,0.363,4,0,0.6464759,5.962587,,,,
,,,1874,10753,-3.6,2,0.358,3.5,0,0.6388855,2.336979,,,,
,,,1875,11678,-7.7,2,0.348,1.2,0,0.656811,1.623453,,,,
,,,1876,8974,-8.4,7.5,0.403,0.8,0,0.6488184,4.131856,,,,
,,,1877,6524,0.8,8.8,0.473,1,0,0.6410042,5.951546,,,,
,,,1878,12846,-5.3,11.1,0.463,0.7,0,0.6333662,0.9213293,,,,
,,,1879,12894,-4.7,13.2,0.528,2,0,0.6259017,1.006073,,,,
,,,1880,9744,-2.1,12.4,0.618,1.6,0,0.6186082,3.859294,,,,
,,,1881,12807,-1.6,12.6,0.608,3.4,0,0.6114829,1.389595,,,,
,,,1882,9280,3.6,13.7,0.483,5.4,0,0.604523,4.488994,,,,
,,,1883,5372,7.4,12.5,0.508,5.4,0,0.5977256,6.904961,,,,
,,,1884,5073,5.7,12.8,0.723,2.5,0.2,0.613845,7.052644,,,,
,,,1885,8848,3.5,14.5,0.833,1.6,0.2,0.6067352,4.920289,,,,
,,,1886,5769,7.5,13.8,0.978,2.6,10,0.5998016,6.748766,,,,
,,,1887,8056,5.6,12.5,0.843,3.8,4,0.5930407,5.572835,,,,
,,,1888,9476,-0.5,9.4,0.668,0.9,0,0.5864484,4.835376,,,,
,,,1889,5268,1.5,11,0.903,0.7,1.2,0.5800211,7.113587,,,,
,,,1890,13251,5.8,17.9,1.033,2.6,1,0.5737551,2.212576,,,,
,,,1891,5939,9,9.5,0.878,2.8,5,0.5676466,6.884909,,,,
,,,1892,9494,-0.9,9.9,0.668,1.4,0,0.561692,5.148872,,,,
,,,1893,11371,1.6,11.9,0.703,2.3,0,0.5762728,4.080874,,,,
,,,1894,15165,0.7,16.5,0.723,0.8,0,0.5700743,1.530254,,,,
,,,1895,16258,-0.7,19.2,0.768,0.8,0,0.5640389,0.8130835,,,,
,,,1896,12517,4.7,21.2,0.823,2.6,0,0.5581623,3.60669,,,,
,,,1897,10142,6.4,15.3,0.903,3.1,0,0.5524405,5.085464,,,,
,,,1898,16700,1.3,12.3,0.698,5.3,0,0.5468694,1.033976,,,,
,,,1899,17465,0.5,11.4,0.478,3.4,0,0.5414451,0.8203189,,,,
,,,1900,17199,-2,10.9,0.493,2.4,0,0.5361638,1.16039,,,,
,,,1901,17450,-2,12.1,0.493,2.3,0,0.5310217,1.13859,,,,
,,,1902,17493,-2.4,13.2,0.508,1.8,0,0.5443308,1.249234,,,,
,,,1903,17691,-1,14.8,0.553,1.9,0,0.5389965,1.226016,,,,
,,,1904,17837,-1.6,15.3,0.568,2,0,0.5338076,1.264623,,,,
,,,1905,18035,0.4,16.4,0.598,2.6,0,0.5287601,1.25249,,,,
,,,1906,9855,-0.1,10.9,0.598,1.5,0,0.52385,5.874035,,,,
,,,1907,17452,-2.9,16.7,0.653,1.4,0,0.5190735,1.866194,,,,
,,,1908,18246,0.7,18.4,0.688,1.5,0,0.5144268,1.466627,,,,
,,,1909,19157,0.6,19.4,0.643,1.1,0,0.5099065,1.050073,,,,
,,,1910,19136,-0.9,19.5,0.668,0.9,0,0.5055089,1.184274,,,,
,,,1911,18386,-1,19.5,0.658,1,0,0.5177908,1.790897,,,,
,,,1912,14824,4.1,19.6,0.778,2.9,0,0.5132406,3.833008,,,,
,,,1913,8911,6.9,19.1,0.808,2.2,0,0.5088175,6.506752,,,,
,,,1914,12671,8.4,19.5,0.888,0.9,0,0.5045179,4.985018,,,,
,,,1915,17047,4.5,20.8,0.958,1.2,2,0.5003382,2.838693,,,,
,,,1916,14420,8,18.6,1.028,2.9,0.8,0.4962751,4.252289,,,,
,,,1917,17979,1.9,19.1,0.838,2.5,4,0.4923252,2.586838,,,,
,,,1918,13068,6.6,9.2,0.768,6.4,2,0.4884854,5.081481,,,,
,,,1919,12352,2.7,8.5,0.538,6.9,0,0.4847525,5.504759,,,,
,,,1920,20916,0.7,11.2,0.533,6.3,0,0.4962234,1.484766,,,,
,,,1921,21224,0.3,14.8,0.638,4.6,0,0.4923688,1.344684,,,,
,,,1922,13925,4.6,11.3,0.603,5.3,0,0.4886243,5.000518,,,,
,,,1923,17737,-0.7,7.8,0.358,5.1,0,0.4849867,3.521034,,,,
,,,1924,21377,-6.4,10.3,0.373,1.3,0,0.4814532,1.804929,,,,
,,,1925,14506,0.4,12.6,0.658,1.3,2,0.4780206,4.902625,,,,
,,,1926,12018,2.3,8.3,0.658,2.8,0,0.4746861,5.894481,,,,
,,,1927,11561,-1.7,10.7,0.718,1.1,0.8,0.4714471,6.075352,,,,
,,,1928,11701,6,14.6,0.818,1.5,0,0.4683008,6.038577,,,,
,,,1929,19075,0.1,18.8,0.748,2.8,0,0.4652447,3.121107,,,,
,,,1930,14178,9.8,20.8,0.823,3.4,0,0.4759086,5.218474,,,,
,,,1931,21247,7.2,22.9,0.883,1.4,0,0.4727608,2.16497,,,,
,,,1932,22896,4,23.2,0.928,1.4,0,0.4697056,1.393035,,,,
,,,1933,21099,5.5,23.3,0.998,1.4,0,0.4667404,2.343156,,,,
,,,1934,23558,5.4,22.5,0.723,2.4,0,0.4638626,1.371953,,,,
,,,1935,21994,3,17.5,0.808,2.6,0.8,0.46107,2.171375,,,,
,,,1936,8946,10.3,16.4,1.063,2.8,0.2,0.4583601,7.053376,,,,
,,,1937,19140,5.4,19.4,1.013,2.3,0,0.4557307,3.505496,,,,
,,,1938,22997,7.3,20.4,0.998,2.2,0,0.4531796,1.816746,,,,
,,,1939,23918,5.8,21.2,0.883,2,0,0.4634291,1.514614,,,,
,,,1940,21055,4,23.9,1.003,1.3,0,0.4608068,2.856293,,,,
,,,1941,13426,10.7,24.7,1.093,4.3,3,0.4582649,5.815086,,,,
,,,1942,9242,11.2,15.3,1.193,3.4,16,0.4558013,7.060717,,,,
,,,1943,16874,6,19.1,1.008,1.8,0,0.4534137,4.703958,,,,
,,,1944,16185,8.5,23.6,0.998,6.6,2,0.4511003,4.993577,,,,
,,,1945,17089,11.6,22.9,1.238,1.9,1,0.4488591,4.636929,,,,
,,,1946,7561,12.9,18,1.253,2.8,15,0.4466881,7.523752,,,,
,,,1947,20643,4,18.8,0.938,1,0,0.4445856,3.446808,,,,
,,,1948,11314,7.3,19.9,1.073,3.2,0.4,0.4425499,6.615931,,,,
,,,1949,23772,6.1,18.3,0.898,1.9,0,0.4405791,2.255418,,,,
,,,1950,25989,3.4,27.6,1.013,2.7,0,0.4503409,1.252184,,,,
,,,1951,12712,12.9,24.2,1.338,2,0,0.4483247,6.234074,,,,
,,,1952,20050,11.3,23.5,1.423,3.2,0,0.4463753,3.72987,,,,
,,,1953,19987,10.4,25,1.558,2.2,0.6,0.4444911,3.753923,,,,
,,,1954,19472,13.6,22.6,1.328,1.9,0,0.4426705,4.056385,,,,
,,,1955,14041,10.7,19.7,1.248,2.8,0,0.4409119,5.93434,,,,
,,,1956,15471,10.7,19.2,1.228,2.3,0,0.4392137,5.519763,,,,
,,,1957,17363,7.5,21.7,1.273,1.6,5.8,0.4375746,4.915964,,,,
,,,1958,17482,10.3,20.5,1.308,1.6,3,0.4359931,4.892559,,,,
,,,1959,15960,10.8,15.6,1.018,2.9,2,0.434468,5.477526,,,,
,,,1960,21083,4.4,15.2,0.818,2.2,0.2,0.4329977,3.838801,,,,
,,,1961,25034,1.7,16.8,0.748,1.6,0,0.4425584,2.388414,,,,
,,,1962,23971,2.1,21.9,0.883,1.7,9,0.4410665,2.780995,,,,
,,,1963,11989,10.8,18.5,1.338,1.9,0.2,0.4396315,6.617763,,,,
,,,1964,11765,13,21.8,1.498,2.3,2.2,0.4382521,6.667946,,,,
,,,1965,12666,12.6,22.7,1.408,3.2,6,0.4369271,6.45339,,,,
,,,1966,16556,8.4,16.9,1.083,3.8,5,0.4356553,5.410914,,,,
,,,1967,11881,8.8,15,1.073,2.9,2.2,0.4344355,6.722387,,,,
,,,1968,12915,10.5,19.6,1.388,1.6,0.2,0.4332668,6.423453,,,,
,,,1969,26200,8.4,25.7,1.403,1.3,0.2,0.4321479,1.878542,,,,
,,,1970,14318,14,23.4,1.293,2.9,9,0.4310781,6.078641,,,,
,,,1971,10151,10.1,13.6,1.198,2.2,0.8,0.4300562,7.151458,,,,
,,,1972,10381,10,16.4,1.238,3.8,0,0.4290814,7.101303,,,,
,,,1973,10677,13.1,20.3,1.463,2.9,0,0.4281528,7.016707,,,,
,,,1974,19263,11.9,24.5,1.663,1.4,0.2,0.4272696,4.540189,,,,
,,,1975,24180,12.4,26.6,1.713,1.4,0,0.426431,2.746981,,,,
,,,1976,27494,12.6,28.5,1.718,0.8,0.2,0.4256362,1.401078,,,,
,,,1977,24113,13.6,29.1,1.748,0.8,0,0.4248846,2.801893,,,,
,,,1978,21194,15.6,29.3,1.878,1.3,2,0.4343405,3.876673,,,,
,,,1979,13876,16.2,24.5,1.813,1.6,0.2,0.4336099,6.206606,,,,
,,,1980,17897,13.6,28.1,1.773,2.1,2.2,0.4329247,5.037223,,,,
,,,1981,24430,14.7,30.4,1.653,2.6,0,0.4322843,2.777658,,,,
,,,1982,16600,15.5,26.8,1.728,1.8,1,0.4316881,5.461818,,,,
,,,1983,19869,16.2,28,1.898,1.4,0,0.4311354,4.392775,,,,
,,,1984,24190,16,25.9,1.622,1.9,0,0.4306258,2.919676,,,,
,,,1985,22525,14.2,26.8,1.546,2.6,0,0.4301587,3.571807,,,,
,,,1986,23394,13.2,25.3,1.562,2.2,0,0.4297338,3.258326,,,,
,,,1987,22939,13.8,33.8,1.988,2.8,5,0.4293505,3.310877,,,,
,,,1988,24971,19.6,32,2.108,1.4,0,0.4290086,2.499718,,,,
,,,1989,26127,18.5,34.8,1.968,2.4,0,0.4287077,2.085694,,,,
,,,1990,19614,19.5,32.6,2.023,1.6,0,0.4284474,4.496383,,,,
,,,1991,25544,19.3,35.2,2.003,2.2,0,0.4282277,2.321865,,,,
,,,1992,20642,18.3,30.6,2.113,1.8,0.6,0.4280482,4.132613,,,,
,,,1993,28319,17.9,30,1.608,2.3,0,0.4279087,1.332469,,,,
,,,1994,22874,15.7,29.1,1.758,3.5,0,0.4278092,3.428522,,,,
,,,1995,24154,16.3,25.5,1.388,3.4,0,0.4277496,3.074595,,,,
,,,1996,29810,11.8,28.5,1.453,2.4,0,0.4277297,0.7667223,,,,
,,,1997,28936,15.8,31.2,1.713,1.9,0,0.4277496,1.022934,,,,
,,,1998,29473,14.7,30.4,1.263,1.8,0,0.4278092,1.002715,,,,
,,,1999,26107,12.2,37.1,1.278,1.7,0,0.4279087,2.364663,,,,
,,,2000,26036,20.8,34.9,1.473,3.4,0,0.4280482,2.308264,,,,
,,,2001,26096,17.8,34.8,1.688,1.2,0,0.4282277,2.196587,,,,
,,,2002,25344,19.7,34.3,1.808,1.9,16,0.4284474,2.446909,,,,
,,,2003,23056,19.6,27.4,1.993,2.9,0.2,0.4287077,3.265297,,,,
,,,2004,25533,14.3,27,1.478,2.6,0,0.4290086,2.472303,,,,
,,,2005,25721,13.3,27,1.368,1.3,0,0.4293505,2.430805,,,,
,,,2006,25641,14.9,34.3,1.483,2.1,0,0.4297338,2.405366,,,,
,,,2007,18380,20.3,30,1.803,2.5,3,0.4301587,4.903353,,,,
,,,2008,17552,15.6,21.7,1.498,3.6,8,0.4306258,5.215913,,,,
,,,2009,16731,14.3,22.8,1.313,3.6,2,0.4311354,5.491886,,,,
,,,2010,17116,13.6,22.5,1.348,3.1,0.6,0.4316881,5.362181,,,,
,,,2011,13075,13.5,21.3,1.433,2.1,5,0.4322843,6.46691,,,,
,,,2012,15941,11.1,22.1,1.248,1.3,0,0.4329247,5.709409,,,,
,,,2013,26497,10.2,25.6,1.253,1.8,0,0.4336099,2.039481,,,,
,,,2014,26276,12.7,27.9,1.388,1.4,0,0.4343405,2.048374,,,,
,,,2015,24978,14.4,28.6,1.348,2,0,0.4248846,2.563153,,,,
,,,2016,26752,15.1,29.1,1.328,2.4,0,0.4256362,1.829572,,,,
,,,2017,23818,15.4,27.5,1.438,1.6,0,0.426431,2.937671,,,,
,,,2018,26086,15.6,31.4,1.413,2.2,0,0.4272696,2.015644,,,,
,,,2019,27384,15.8,32.8,1.493,1.8,0,0.4281528,1.40096,,,,
,,,2020,29214,16.7,33.4,1.328,1.5,0,0.4290814,0.6376595,,,,
,,,2021,28639,15.8,35.6,1.398,1.7,0,0.4300562,0.8220143,,,,
,,,2022,27598,17.8,35.5,1.498,2.1,0,0.4310781,1.199614,,,,
,,,2023,21033,18.2,28.7,1.548,3,0,0.4321479,3.808055,,,,
,,,2024,21593,16.2,25.6,1.228,2.8,0,0.4332668,3.676133,,,,
,,,2025,29122,10.6,29.7,1.083,1.1,0,0.4344355,0.6106508,,,,
,,,2026,27811,12.4,35.3,1.193,1.2,0,0.4356553,1.093187,,,,
,,,2027,25042,19.5,35.1,1.673,2.3,12,0.4369271,2.04608,,,,
,,,2028,13467,17.6,25.7,1.988,1.8,4,0.4382521,6.117324,,,,
,,,2029,20311,16,29.3,1.818,1.4,0,0.4396315,3.839492,,,,
,,,2030,25284,17.4,30.4,1.498,1.6,0,0.4410665,1.885624,,,,
,,,2031,16916,17.6,26.2,1.473,2.6,0.2,0.4425584,5.071963,,,,
,,,2032,19373,14.7,29.1,1.428,1.6,0,0.4329977,4.20125,,,,
,,,2033,18269,19.4,32.4,1.768,1.8,19,0.434468,4.487649,,,,
,,,2034,12302,18.6,21.6,1.998,1.3,9.2,0.4359931,6.360357,,,,
,,,2035,21380,15,24.6,1.518,2.5,0.4,0.4375746,3.30281,,,,
,,,2036,26431,13.4,26.4,1.298,2.6,0,0.4392137,1.15615,,,,
,,,2037,20344,15.3,27.4,1.623,2.2,0,0.4409119,3.603529,,,,
,,,2038,16433,14,23.1,1.403,2.8,0,0.4426705,5.069901,,,,
,,,2039,27002,12.5,30,1.453,2.6,0,0.4444911,0.6128913,,,,
,,,2040,26731,16,33.1,1.608,1.3,0,0.4463753,0.5998469,,,,
,,,2041,26589,16.5,35.8,1.643,0.9,0,0.4483247,0.5825052,,,,
,,,2042,26511,17.9,37.3,1.638,1.1,0,0.4503409,0.5509648,,,,
,,,2043,26042,18.8,38.2,1.593,1,0,0.4405791,0.7338628,,,,
,,,2044,24797,19.2,38.2,1.593,1.4,0,0.4425499,1.276758,,,,
,,,2045,25297,19.1,38.1,1.518,1.6,0,0.4445856,0.9935022,,,,
,,,2046,23476,18,37.7,1.398,0.6,0,0.4466881,1.859437,,,,
,,,2047,25511,17,37.8,1.373,1,0,0.4488591,0.8053246,,,,
,,,2048,25166,18,38.4,1.383,1,0,0.4511003,0.8932222,,,,
,,,2049,24629,18.6,38.5,1.193,1.2,0,0.4534137,1.181437,,,,
,,,2050,25111,18.2,39.2,1.248,1.2,0,0.4558013,0.8254352,,,,
,,,2051,21965,18.4,38.7,1.458,1.4,0,0.4582649,2.203027,,,,
,,,2052,16054,19.5,30.7,1.708,1.6,1,0.4608068,4.643649,,,,
,,,2053,9269,20.3,27.9,1.818,1.8,0,0.4634291,6.912149,,,,
,,,2054,15455,16.9,31,1.818,1.1,2,0.4531796,4.768864,,,,
,,,2055,16477,18.3,31,2.028,1.7,20.6,0.4557307,4.25867,,,,
,,,2056,15051,16.4,27.7,1.858,1.7,0,0.4583601,4.833187,,,,
,,,2057,21237,16,30.7,1.673,0.9,0,0.46107,2.020191,,,,
,,,2058,10910,16.8,24.5,1.813,1.6,1,0.4638626,6.287032,,,,
,,,2059,21900,16.1,28.1,1.493,1.8,0,0.4667404,1.577325,,,,
,,,2060,24212,12.6,30.2,1.248,1.6,0,0.4697056,0.3376969,,,,
,,,2061,24037,14.4,31.3,1.293,1.3,0,0.4727608,0.2986748,,,,
,,,2062,18080,16.2,31.6,1.428,1.3,0,0.4759086,3.2766,,,,
,,,2063,18966,18.5,31.5,1.523,2.5,0,0.4652447,2.73188,,,,
,,,2064,23018,15.6,30.9,1.388,2,0,0.4683008,0.491372,,,,
,,,2065,21806,16.2,32.5,1.288,1,0.4,0.4714471,1.130106,,,,
,,,2066,12539,17.9,30.8,1.793,2.8,13,0.4746861,5.401248,,,,
,,,2067,17166,16.2,26.4,1.663,3.4,0,0.4780206,3.273771,,,,
,,,2068,9552,16.2,22.4,1.613,1.8,18,0.4814532,6.479608,,,,
,,,2069,19064,12.3,20.5,1.218,1.9,0,0.4849867,2.274468,,,,
,,,2070,16865,9.1,20.3,0.968,2.3,0,0.4886243,3.436591,,,,
,,,2071,20624,7.3,20.8,0.908,3.3,0,0.4923688,1.351626,,,,
,,,2072,22216,6.4,22,0.868,2,0,0.4962234,0.2982775,,,,
,,,2073,21145,5.9,26.6,1.063,0.8,0,0.4847525,0.696622,,,,
,,,2074,7595,12.7,20.1,1.403,1.1,1,0.4884854,7.00222,,,,
,,,2075,12020,14.4,23,1.498,1.3,3.2,0.4923252,5.226869,,,,
,,,2076,8507,12.2,20.2,1.568,1.2,9,0.4962751,6.605669,,,,
,,,2077,10342,9.8,20.3,1.348,1.6,5.6,0.5003382,5.879079,,,,
,,,2078,7722,13.7,18.5,1.468,3.8,0.4,0.5045179,6.840621,,,,
,,,2079,9604,11.6,18.5,1.333,3.6,1.6,0.5088175,6.097229,,,,
,,,2080,9697,13.8,19.5,1.513,3.7,1,0.5132406,5.984041,,,,
,,,2081,8085,14.2,20,1.603,2.1,0.2,0.5177908,6.590117,,,,
,,,2082,15955,12.7,22.2,1.353,2.7,0,0.5055089,2.64833,,,,
,,,2083,20318,9.5,21.8,1.093,1.9,0,0.5099065,0,,,,
,,,2084,20008,6.4,24.2,1.168,0.9,0,0.5144268,0,,,,
,,,2085,16162,7,24.9,1.198,1.1,2.4,0.5190735,2.240256,,,,
,,,2086,19006,9.8,26.5,1.303,1,0.2,0.52385,0.06317998,,,,
,,,2087,19249,8,29.1,1.233,1,0,0.5287601,0,,,,
,,,2088,19105,9.4,30.3,1.143,1.2,0,0.5338076,0,,,,
,,,2089,19069,11.4,29.5,1.013,2.5,0,0.5389965,0,,,,
,,,2090,15320,9.4,23.7,1.143,1.4,0,0.5443308,2.186698,,,,
,,,2091,11082,12.3,25.5,1.578,1.9,12,0.5310217,4.604371,,,,
,,,2092,8855,14.5,17.8,1.238,2.2,0.4,0.5361638,5.808526,,,,
,,,2093,18164,5.2,17.6,0.883,3.2,0,0.5414451,0,,,,
,,,2094,17598,3.8,23.1,1.113,1.3,0,0.5468694,0,,,,
,,,2095,13860,9.3,24.5,1.283,1.4,0.2,0.5524405,2.489749,,,,
,,,2096,7428,14,20.4,1.513,1,0.8,0.5581623,6.259336,,,,
,,,2097,7194,13.4,20,1.443,1.7,0.2,0.5640389,6.336517,,,,
,,,2098,13549,9.5,18.4,1.053,1.4,0,0.5700743,2.416689,,,,
,,,2099,12459,2.8,20.2,1.013,1.8,7,0.5762728,3.101313,,,,
,,,2100,8822,10.8,22.6,1.728,2.7,11,0.561692,5.204703,,,,
,,,2101,13179,15.2,26,1.758,2.5,5.2,0.5676466,1.956933,,,,
,,,2102,10475,13.8,22.6,1.493,3.7,9,0.5737551,3.996009,,,,
,,,2103,8060,13.1,16.6,1.308,3.8,11,0.5800211,5.538224,,,,
,,,2104,6947,6.3,10.5,0.978,4.2,2.4,0.5864484,6.184483,,,,
,,,2105,12930,5,15,0.883,3.1,0.4,0.5930407,1.968852,,,,
,,,2106,5346,9.4,13.2,1.118,3.9,7,0.5998016,6.907787,,,,
,,,2107,8384,5.5,14.8,1.063,2.5,1,0.6067352,5.088274,,,,
,,,2108,5592,9.7,16.7,1.418,3,0.6,0.613845,6.654459,,,,
,,,2109,7498,9.3,16.3,1.213,2.1,0,0.5977256,5.48067,,,,
,,,2110,11049,7.1,16.6,1.103,1.2,0,0.604523,2.698868,,,,
,,,2111,10656,5.2,19,1.198,1.3,0.2,0.6114829,2.856818,,,,
,,,2112,5087,9,16.5,1.408,1,2,0.6186082,6.759804,,,,
,,,2113,5612,12,17.5,1.378,1.6,13,0.6259017,6.402878,,,,
,,,2114,8203,6.2,13.9,0.933,1.7,0,0.6333662,4.631224,,,,
,,,2115,10816,3.2,14.1,0.863,2,0,0.6410042,2.278008,,,,
,,,2116,9438,4.1,15.1,0.983,1.6,0,0.6488184,3.348147,,,,
,,,2117,9427,4,14.3,0.973,1.7,0,0.656811,3.228102,,,,
,,,2118,8188,4.2,15,1.078,1.4,3.6,0.6388855,4.171917,,,,
,,,2119,4505,9.7,13.1,1.238,2.2,11,0.6464759,6.817046,,,,
,,,2120,5686,4.9,10.6,0.803,3.5,0.8,0.6542244,6.055414,,,,
,,,2121,10927,-1.6,12,0.723,1.2,2,0.662132,1.204558,,,,
,,,2122,5839,5.3,9.2,0.813,2.1,0.2,0.6701993,5.809606,,,,
,,,2123,3695,2.2,4.1,0.618,3.3,0,0.6784269,7.239489,,,,
,,,2124,9249,1.5,12.4,0.818,2.1,0,0.6868149,2.460706,,,,
,,,2125,8539,0.9,11.8,0.824,1.8,0,0.6953632,3.063852,,,,
,,,2126,9438,3,11.4,0.838,2.5,0,0.7040714,1.900557,,,,
,,,2127,8236,1.3,13.1,0.876,2,5,0.7129386,3.074852,,,,
,,,2128,6194,6.2,13.2,1.003,2.2,9,0.6923149,4.973638,,,,
,,,2129,5514,5.9,12.1,0.944,3.5,4,0.700639,5.524851,,,,
,,,2130,5316,5.7,14.7,1.039,3.5,48,0.7090916,5.601126,,,,
,,,2131,6192,3.6,12.8,0.975,1.9,0,0.7176699,4.704116,,,,
,,,2132,7611,5,13.3,0.943,4,1,0.7263706,3.047516,,,,
,,,2133,4929,8.3,15.2,0.998,3.1,0.4,0.7351898,5.743868,,,,
,,,2134,9443,2.8,14,0.928,1.3,0,0.7441232,0.280325,,,,
,,,2135,6977,0.6,13.2,0.873,1.4,0,0.7531658,3.429476,,,,
,,,2136,5040,1.6,9.3,0.828,0.8,0,0.7623121,5.463498,,,,
,,,2137,7190,-0.3,8.5,0.678,2,0,0.7715559,3.006457,,,,
,,,2138,6959,-1.3,10,0.708,1.3,0,0.7808905,3.145592,,,,
,,,2139,3414,1.4,11.9,0.993,1.3,2,0.7903083,6.75071,,,,
,,,2140,6630,6.2,16.2,1.033,0.9,0,0.7651079,3.142197,,,,
,,,2141,6907,1.8,11.3,0.878,0.7,0,0.773748,2.710696,,,,
,,,2142,3279,3.2,8.5,0.963,1.2,8,0.7824279,6.746835,,,,
,,,2143,5611,5.5,10.5,0.913,2.2,0,0.7911379,4.177678,,,,
,,,2144,3966,-0.5,8.1,0.738,1.3,0.6,0.799868,6.038104,,,,
,,,2145,3529,2.8,8.7,0.943,1.3,4,0.8086072,6.377491,,,,
,,,2146,3113,5.5,11.2,1.078,2.1,12,0.8173439,6.714294,,,,
,,,2147,6447,5.2,8.8,0.788,2.4,0,0.8260659,2.615048,,,,
,,,2148,4343,-0.1,10.1,0.828,1.3,0,0.8347603,5.345608,,,,
,,,2149,2999,7,8.4,0.988,1.3,0,0.8434135,6.721358,,,,
,,,2150,5036,4.7,11,0.918,1.6,0,0.8520114,4.269931,,,,
,,,2151,6477,0.9,15.7,0.983,1.6,0,0.8605392,1.916851,,,,
,,,2152,2926,9.5,16.4,1.108,6.3,0,0.8689813,6.664654,,,,
,,,2153,3054,14.6,17,1.043,6.8,1,0.877322,6.502146,,,,
,,,2154,2957,11.4,13.9,1.178,2,18,0.8456998,6.548392,,,,
,,,2155,3973,4.7,12.8,1.003,1.6,1,0.8529965,5.319271,,,,
,,,2156,4691,3.4,10.8,0.953,1.8,16.8,0.8601484,4.269163,,,,
,,,2157,2741,6.4,6.5,0.908,3.8,3,0.8671399,6.727896,,,,
,,,2158,2714,4.1,5.1,0.723,3.5,0,0.8739554,6.761315,,,,
,,,2159,5190,-1.6,6.5,0.673,1.7,3,0.8805792,3.397498,,,,
,,,2160,2663,4.5,9.9,1.023,3.9,1.6,0.8869953,6.707442,,,,
,,,2161,2639,8.5,11.3,1.028,3.8,57,0.893188,6.707164,,,,
,,,2162,2616,5.2,8.1,0.968,1.6,27,0.8991416,6.718074,,,,
,,,2163,2624,4.3,8.5,0.923,1.9,0,0.9048404,6.692801,,,,
,,,2164,2583,4.3,6.3,0.828,1.9,0,0.9102692,6.734237,,,,
,,,2165,2555,-0.4,4.6,0.748,1,0,0.9154131,6.760344,,,,
,,,2166,2536,2,2.6,0.733,1.4,0,0.9202576,6.765734,,,,
,,,2167,5714,1,3.9,0.593,2.8,0,0.9247889,1.930806,,,,
,,,2168,5917,-1.9,7.2,0.593,1.4,0,0.9289936,1.471512,,,,
,,,2169,4477,-4.4,3,0.538,1,0,0.9328591,4.063437,,,,
,,,2170,4023,-3.4,4.4,0.558,1.2,0,0.9363737,4.739528,,,,
,,,2171,4341,-4,6.1,0.553,1.5,7,0.9395266,4.213557,,,,
,,,2172,2912,2,7.2,0.81,1.8,0.2,0.9423079,6.192962,,,,
,,,2173,2908,3,8.2,0.87,2.1,1,0.9447088,6.172549,,,,
,,,2174,3338,3.6,8.9,0.807,2.9,0,0.9467216,5.588004,,,,
,,,2175,3007,1.7,6,0.67,2.9,0.2,0.9483397,6.07417,,,,
,,,2176,5101,-1.1,5,0.619,2.8,0,0.949558,2.742004,,,,
,,,2177,3779,-1.4,2.7,0.553,1.6,0,0.9503724,5.007581,,,,
,,,2178,5108,-2.6,8.3,0.633,1.3,0,0.9507803,2.706001,,,,
,,,2179,2551,1.6,5.3,0.813,1.5,0,0.9507803,6.613382,,,,
,,,2180,3986,2.7,8.8,0.883,3.4,8.4,0.9503724,4.549965,,,,
,,,2181,4499,7.2,8.9,0.833,5.2,10.4,0.949558,3.713628,,,,
,,,2182,2579,0.8,1.8,0.608,4.6,2,0.9483397,6.633295,,,,
,,,2183,2874,-0.8,3.9,0.548,3.2,0,0.9467216,6.291826,,,,
,,,2184,5030,-1,4.9,0.601,2.6,0,0.9447088,2.953268,,,,
,,,2185,3916,-2.4,4.3,0.582,1.8,0,0.9423079,4.853819,,,,
,,,2186,4130,-1.8,5.2,0.618,2.7,0,0.9395266,4.529116,,,,
,,,2187,2753,1.3,7.4,0.751,3.4,0,0.9363737,6.442505,,,,
,,,2188,2771,2.7,7.6,0.716,4.5,1,0.9328591,6.444625,,,,
,,,2189,4278,-0.4,4.8,0.634,2.2,0,0.9289936,4.384089,,,,
,,,2190,4594,-0.7,4.6,0.622,3.2,0.2,0.9247889,3.923498,,,,
,,,2191,2834,0.1,4.1,0.638,4.3,0,0.9202576,6.446018,,,,
,,,2192,2466,-0.2,1.1,0.568,1.2,1.2,0.9154131,6.90291,,,,
,,,2193,2480,-0.5,2.3,0.618,3.1,4,0.9102692,6.897279,,,,
,,,2194,2495,-1.6,-1.3,0.458,2.8,0,0.9048404,6.935426,,,,
,,,2195,3506,-3.4,0,0.411,1.7,0,0.8991416,5.807688,,,,
,,,2196,3246,-2.3,3.5,0.525,1,0,0.893188,6.123741,,,,
,,,2197,4855,-2.9,3.9,0.531,1,0,0.8869953,3.967335,,,,
,,,2198,5354,-3.6,4,0.521,1,0,0.8805792,3.264524,,,,
,,,2199,3014,-4.6,8,0.628,2.7,0,0.8739554,6.468027,,,,
,,,2200,2793,5.5,9.5,0.888,3,0.4,0.8671399,6.688968,,,,
,,,2201,3472,5.1,9.5,0.901,2.4,5,0.8601484,5.948728,,,,
,,,2202,2698,6.4,11.7,1.058,3.5,4,0.8529965,6.824832,,,,
,,,2203,2745,7.6,13.7,1.031,5,17,0.8456998,6.812352,,,,
,,,2204,2877,9.4,15.4,1.161,5.8,4,0.877322,6.688477,,,,
,,,2205,2779,5.7,8.8,0.798,4.7,4,0.8689813,6.879669,,,,
,,,2206,3636,2.3,6.3,0.615,3.6,0.1,0.8605392,6.070913,,,,
,,,2207,2796,1.8,8,0.705,5.3,4.2,0.8520114,6.945728,,,,
,,,2208,3235,4.6,7.1,0.801,3.8,19,0.8434135,6.539279,,,,
,,,2209,3054,0.4,4.2,0.628,6.3,2,0.8347603,6.790183,,,,
,,,2210,4857,-2.2,2.5,0.531,3.3,12,0.8260659,4.953363,,,,
,,,2211,2927,-0.3,6.7,0.818,2.9,4.4,0.8173439,6.94641,,,,
,,,2212,3361,4.3,6,0.825,2,0.2,0.8086072,6.58653,,,,
,,,2213,4184,1.1,4.4,0.695,1.2,4,0.799868,5.855719,,,,
,,,2214,3443,1.1,4.4,0.705,1.1,0,0.7911379,6.625558,,,,
,,,2215,3075,0.7,5.6,0.751,2.3,3.2,0.7824279,6.977402,,,,
,,,2216,4033,0.5,5.8,0.655,1.6,4,0.773748,6.191143,,,,
,,,2217,4337,-1.7,8.7,0.668,5.4,5,0.7651079,5.956677,,,,
,,,2218,3290,1,1.5,0.568,3.6,1,0.7903083,6.948956,,,,
,,,2219,3381,-1,1.1,0.561,3,5,0.7808905,6.91832,,,,
,,,2220,6320,-2.1,1.2,0.465,3.2,0,0.7715559,4.231305,,,,
,,,2221,9060,-7.3,4.4,0.408,2.6,0,0.7623121,1.005305,,,,
,,,2222,6980,-1.2,12,0.761,6.2,0.9,0.7531658,3.553767,,,,
,,,2223,8743,5.5,14.5,0.821,2.7,0,0.7441232,1.455718,,,,
,,,2224,9357,2.7,15.3,0.751,1.8,0,0.7351898,0.8715004,,,,
,,,2225,9882,-0.1,14.1,0.705,1.6,0,0.7263706,0.3982691,,,,
,,,2226,10191,-0.4,14.7,0.665,1.6,0,0.7176699,0.2264155,,,,
,,,2227,9663,-0.2,14.8,0.705,1.6,0,0.7090916,1.09633,,,,
,,,2228,8882,1.6,17,0.785,2.5,0.8,0.700639,2.180768,,,,
,,,2229,6270,7.4,12,0.791,3.7,0.4,0.6923149,5.028803,,,,
,,,2230,4395,3.8,7.3,0.701,3.3,2,0.7129386,6.631932,,,,
,,,2231,10709,0.8,6.2,0.538,2.6,0,0.7040714,0.7477292,,,,
,,,2232,10748,-4,7.7,0.465,1.5,0,0.6953632,0.9802745,,,,
,,,2233,4336,-2.6,5.2,0.601,1.8,0,0.6868149,6.833961,,,,
,,,2234,9016,2.7,8.5,0.695,3.5,0,0.6784269,3.029389,,,,
,,,2235,8976,-2,6.8,0.595,1.6,0,0.6701993,3.26839,,,,
,,,2236,8341,-3,6,0.575,1.3,0,0.662132,3.993131,,,,
,,,2237,4162,-3.1,5.3,0.648,0.7,0,0.6542244,7.095164,,,,
,,,2238,5741,2.4,7.8,0.658,1.5,0,0.6464759,6.157802,,,,
,,,2239,6706,-0.6,8.8,0.671,2.1,0,0.6388855,5.550767,,,,
,,,2240,4599,1.4,4.8,0.625,3.6,0,0.656811,6.968205,,,,
,,,2241,4690,-1.4,3,0.505,4,0,0.6488184,6.980789,,,,
,,,2242,11782,-2.3,8.9,0.518,2.4,0.2,0.6410042,1.721008,,,,
,,,2243,5785,2.3,11.6,0.785,1.8,5,0.6333662,6.388724,,,,
,,,2244,4588,5.6,9.1,0.955,2,30,0.6259017,7.080726,,,,
,,,2245,5342,-0.3,2.5,0.545,4.2,0.4,0.6186082,6.787608,,,,
,,,2246,12264,-2.9,3.3,0.408,2.3,0,0.6114829,2.049566,,,,
,,,2247,13786,-7,5,0.398,1.6,0,0.604523,0.8639394,,,,
,,,2248,6860,-2.8,2.5,0.431,2,0,0.5977256,6.130772,,,,
,,,2249,12067,-5.6,3.8,0.351,2,0,0.613845,2.721059,,,,
,,,2250,7526,-5,2.7,0.411,1.9,0,0.6067352,5.881114,,,,
,,,2251,8488,-3.4,2.5,0.471,2.9,0,0.5998016,5.362986,,,,
,,,2252,12413,-4.1,2.7,0.388,5.7,0,0.5930407,2.842861,,,,
,,,2253,14476,-4.4,5.3,0.418,4.3,0,0.5864484,1.338946,,,,
,,,2254,14975,-4.2,9.9,0.451,2.2,0,0.5800211,1.067182,,,,
,,,2255,6804,-1.9,9.9,0.558,1.4,6.6,0.5737551,6.494033,,,,
,,,2256,5376,4.4,8.8,0.881,1.8,4.4,0.5676466,7.135062,,,,
,,,2257,5444,5.1,6.7,0.771,2.2,3,0.561692,7.152937,,,,
,,,2258,8601,-0.3,6.5,0.651,2.1,0,0.5762728,5.718434,,,,
,,,2259,7415,0.5,7,0.635,3.5,0,0.5700743,6.372981,,,,
,,,2260,10502,-3.4,5.6,0.505,2,0,0.5640389,4.874174,,,,
,,,2261,7373,-1.5,2.5,0.508,2.2,0.2,0.5581623,6.514675,,,,
,,,2262,11428,-2.8,5.2,0.478,1.8,0,0.5524405,4.526934,,,,
,,,2263,5858,0.1,10.2,0.738,4.4,11,0.5468694,7.176241,,,,
,,,2264,5928,6.3,7.6,0.891,2,35,0.5414451,7.158761,,,,
,,,2265,15800,2.5,14.2,0.851,1.5,0,0.5361638,1.881831,,,,
,,,2266,17407,1.2,17.8,0.741,1.7,0,0.5310217,0.9638092,,,,
,,,2267,17941,1.5,19.8,0.831,1.6,0,0.5443308,0.6698946,,,,
,,,2268,16596,5.2,22.1,0.901,1.9,0.2,0.5389965,1.725734,,,,
,,,2269,15088,8.3,21.3,0.838,2.6,0,0.5338076,2.867886,,,,
,,,2270,10305,9.2,16.3,0.945,3,0,0.5287601,5.521307,,,,
,,,2271,6670,10.2,16,1.071,4.3,0,0.52385,7.064895,,,,
,,,2272,8020,10.4,13.2,0.868,4.5,7,0.5190735,6.616429,,,,
,,,2273,11703,4.3,9.9,0.725,2.6,5,0.5144268,5.106759,,,,
,,,2274,8620,2.3,7.3,0.695,3.4,8.2,0.5099065,6.490373,,,,
,,,2275,7769,1.7,8,0.688,4,2.2,0.5055089,6.842443,,,,
,,,2276,6765,1.4,5.7,0.615,3.5,0.2,0.5177908,7.224105,,,,
,,,2277,9280,-0.6,6.7,0.501,4.6,0,0.5132406,6.398299,,,,
,,,2278,18291,-2.8,8.1,0.448,3.2,0,0.5088175,2.241784,,,,
,,,2279,20469,-2.8,13.3,0.501,2.1,0,0.5045179,1.03567,,,,
,,,2280,20764,-1.8,16.2,0.561,2.5,0,0.5003382,0.9362464,,,,
,,,2281,15489,0.6,16.9,0.715,2.1,0,0.4962751,3.852913,,,,
,,,2282,10463,5.9,17.1,0.845,3.1,0.8,0.4923252,6.068417,,,,
,,,2283,16879,5.6,18.1,0.858,3.3,0,0.4884854,3.252077,,,,
,,,2284,7393,8.9,13.7,0.858,3.6,2,0.4847525,7.181766,,,,
,,,2285,13745,3.3,15.3,0.835,2.2,0,0.4962234,4.88285,,,,
,,,2286,7921,6,14.9,0.975,2.6,1.2,0.4923688,7.050912,,,,
,,,2287,9734,6.6,12.6,0.831,3.3,0.4,0.4886243,6.512023,,,,
,,,2288,8731,6.6,10.2,0.801,4.1,5,0.4849867,6.871947,,,,
,,,2289,11763,3,9.5,0.708,2.9,0,0.4814532,5.897019,,,,
,,,2290,10408,1.2,9.2,0.715,1.9,1,0.4780206,6.401476,,,,
,,,2291,8465,1.2,8.5,0.701,3.8,6.4,0.4746861,7.037661,,,,
,,,2292,9982,1.8,10.8,0.688,3.7,0,0.4714471,6.602759,,,,
,,,2293,9902,1.4,10.4,0.761,2.9,0,0.4683008,6.641189,,,,
,,,2294,18264,1.6,14.1,0.681,3.5,0,0.4652447,3.525954,,,,
,,,2295,14102,1.7,13.1,0.688,3.3,0,0.4759086,5.28819,,,,
,,,2296,19538,2.4,15.1,0.755,2.1,0,0.4727608,3.051026,,,,
,,,2297,17053,3.6,15.3,0.805,2.2,0,0.4697056,4.182787,,,,
,,,2298,14623,2.1,18.4,0.871,1.8,0.2,0.4667404,5.168004,,,,
,,,2299,8286,9.9,12.4,1.061,2.1,2.6,0.4638626,7.198299,,,,
,,,2300,11159,4,13.3,0.851,3.6,7,0.46107,6.418254,,,,
,,,2301,13295,3,12.2,0.725,2.9,0.2,0.4583601,5.788251,,,,
,,,2302,9052,5.4,15.5,0.941,2.7,0,0.4557307,7.056696,,,,
,,,2303,24108,5.9,22.8,1.071,2.4,0,0.4531796,1.227111,,,,
,,,2304,13212,11,18.4,1.175,2.6,0,0.4634291,5.809645,,,,
,,,2305,8853,11.1,14.8,1.168,3.7,0,0.4608068,7.134166,,,,
,,,2306,25310,5.7,18,0.865,4.3,0,0.4582649,1.006243,,,,
,,,2307,25626,5.1,18.2,0.741,4.3,0,0.4558013,1.018988,,,,
,,,2308,25043,4.2,19.3,0.855,1.9,0,0.4534137,1.303759,,,,
,,,2309,19069,7.7,22,1.031,2.9,4,0.4511003,3.899709,,,,
,,,2310,9268,11.1,13.7,1.008,2.2,3.2,0.4488591,7.119683,,,,
,,,2311,9018,7.9,14.6,1.148,1.2,3.8,0.4466881,7.181507,,,,
,,,2312,12997,8.4,16.7,1.108,2.2,0.5,0.4445856,6.102613,,,,
,,,2313,21900,4.1,17.7,0.878,1.6,0,0.4425499,3.008296,,,,
,,,2314,17019,7,18.4,0.935,2.2,0.2,0.4405791,4.888175,,,,
,,,2315,16690,7.5,18.8,1.085,1.5,0,0.4503409,4.99184,,,,
,,,2316,16744,8.9,18.4,0.991,2.9,3,0.4483247,5.029205,,,,
,,,2317,17312,5.4,14.2,0.818,3.2,0.6,0.4463753,4.917674,,,,
,,,2318,16011,4.7,13.7,0.805,2.7,0,0.4444911,5.377506,,,,
,,,2319,14679,5.1,12.2,0.808,2.9,0,0.4426705,5.812727,,,,
,,,2320,9858,5.8,11.8,0.868,3.9,9,0.4409119,7.117612,,,,
,,,2321,10123,6,11.2,0.878,2.6,1,0.4392137,7.063822,,,,
,,,2322,17911,6,17.2,1.015,1.6,0,0.4375746,4.798672,,,,
,,,2323,20584,6.6,19.8,1.095,2,0,0.4359931,3.854026,,,,
,,,2324,20147,7,17.8,1.061,3.9,0,0.434468,4.057605,,,,
,,,2325,11014,7.6,13.1,0.951,3.7,0,0.4329977,6.881361,,,,
,,,2326,21075,5.7,18.1,0.908,2.8,0,0.4425584,3.836425,,,,
,,,2327,27105,4.7,20.9,0.971,2.7,0,0.4410665,1.43308,,,,
,,,2328,27783,7.2,22.7,1.085,4.5,0,0.4396315,1.11541,,,,
,,,2329,28418,7.6,23.8,1.075,2.3,0,0.4382521,0.8833102,,,,
,,,2330,28478,9.2,26.5,1.165,1.6,0,0.4369271,0.8498882,,,,
,,,2331,28534,10.9,25.9,1.208,1.9,0,0.4356553,0.8445775,,,,
,,,2332,24673,9.4,26.9,1.261,1.7,0,0.4344355,2.502801,,,,
,,,2333,12614,12.4,17.7,1.375,1.9,16,0.4332668,6.504576,,,,
,,,2334,17511,9.8,16,0.981,4.6,0,0.4321479,5.192544,,,,
,,,2335,29147,3.9,17,0.708,5.1,0,0.4310781,1.046262,,,,
,,,2336,29328,3.6,18.9,0.691,2.9,0,0.4300562,1.016049,,,,
,,,2337,28702,4.1,22.5,0.861,1.6,0,0.4290814,1.200393,,,,
,,,2338,27006,8.6,24.5,1.095,1.9,0,0.4281528,1.808671,,,,
,,,2339,13441,11.9,18.4,1.175,1.9,0.4,0.4272696,6.372845,,,,
,,,2340,28380,6.6,21,0.891,2.2,0,0.426431,1.404496,,,,
,,,2341,28643,7.8,23.2,0.901,1.8,0,0.4256362,1.314464,,,,
,,,2342,17330,8,21.9,1.238,1.6,3,0.4248846,5.292489,,,,
,,,2343,12150,12.3,19.3,1.368,1.8,4.2,0.4343405,6.702179,,,,
,,,2344,10918,12,19.4,1.571,2.6,8,0.4336099,6.982318,,,,
,,,2345,14175,13.7,19.7,1.388,3.5,0,0.4329247,6.190764,,,,
,,,2346,11363,9.7,15.3,1.215,2.7,0.4,0.4322843,6.923472,,,,
,,,2347,16554,9.5,20.9,1.338,2.7,0,0.4316881,5.546526,,,,
,,,2348,15281,13.1,21.3,1.408,1.9,0,0.4311354,5.903594,,,,
,,,2349,29236,8.7,22.6,1.158,2.7,0,0.4306258,1.081565,,,,
,,,2350,30020,9.3,27.5,1.325,1.7,0,0.4301587,0.6689229,,,,
,,,2351,29724,13.2,29.9,1.458,1.7,0,0.4297338,0.7439748,,,,
,,,2352,29743,14.8,31.2,1.485,2,0,0.4293505,0.7346677,,,,
,,,2353,29035,15.3,31.8,1.455,2.1,0,0.4290086,1.066487,,,,
,,,2354,15499,16.8,23.5,1.798,1.7,3,0.4287077,5.807178,,,,
,,,2355,22556,15.6,22.8,1.308,3,0,0.4284474,3.668621,,,,
,,,2356,17234,9.5,19.6,1.155,4.1,0,0.4282277,5.428104,,,,
,,,2357,26209,9.8,23,1.195,4.7,0,0.4280482,2.364824,,,,
,,,2358,16391,10.6,22.9,1.325,2.3,0,0.4279087,5.640016,,,,
,,,2359,22099,12.6,23.7,1.361,3,0,0.4278092,3.822544,,,,
,,,2360,29727,9.7,26.4,1.238,2.2,0,0.4277496,0.9140658,,,,
,,,2361,28006,12.9,25.2,1.308,3,0,0.4277297,1.599742,,,,
,,,2362,12434,11.3,20.7,1.235,2,1,0.4277496,6.697041,,,,
,,,2363,14650,10.4,18.3,1.151,2.3,0,0.4278092,6.148448,,,,
,,,2364,18053,10.8,21.7,1.118,1.9,2,0.4279087,5.194284,,,,
,,,2365,19604,14,25.8,1.505,3.3,12.2,0.4280482,4.614001,,,,
,,,2366,13647,15.9,24.2,1.608,4,0,0.4282277,6.338791,,,,
,,,2367,21115,14.1,22.3,1.238,2.7,0,0.4284474,4.176611,,,,
,,,2368,25793,12.4,22.7,1.095,1.9,0,0.4287077,2.538391,,,,
,,,2369,27524,9.1,28.5,1.251,1.5,0,0.4290086,1.77255,,,,
,,,2370,18723,15.9,29.8,1.718,2,0,0.4293505,4.825194,,,,
,,,2371,24291,17.6,26.3,1.465,2.4,0,0.4297338,2.934215,,,,
,,,2372,28743,11.5,25.4,1.108,2.5,0,0.4301587,1.300051,,,,
,,,2373,27099,10.6,29.9,1.141,1.8,0,0.4306258,1.942389,,,,
,,,2374,12767,16.2,22.5,1.218,2.5,0,0.4311354,6.584295,,,,
,,,2375,17868,14,22,1.161,3.1,0,0.4316881,5.176186,,,,
,,,2376,21413,11,22.6,1.048,2.2,0,0.4322843,4.052366,,,,
,,,2377,27826,9.5,29.3,1.141,2.2,2,0.4329247,1.569265,,,,
,,,2378,11480,15.3,22,1.651,2,3,0.4336099,6.829849,,,,
,,,2379,14019,14.9,24.6,1.731,1.9,2.6,0.4343405,6.15547,,,,
,,,2380,15534,15.2,28.4,1.668,2.6,10,0.4248846,5.725563,,,,
,,,2381,14280,13,20.1,1.418,3.1,3,0.4256362,6.110799,,,,
,,,2382,16375,12.6,20.4,1.091,3.6,2,0.426431,5.564392,,,,
,,,2383,17785,9.5,19.9,1.145,1.9,0,0.4272696,5.112187,,,,
,,,2384,17843,9.7,20.3,1.128,2.7,7,0.4281528,5.083631,,,,
,,,2385,12310,11,18.7,1.321,1.9,4,0.4290814,6.61003,,,,
,,,2386,14686,11,19.3,1.255,1.7,0,0.4300562,5.970795,,,,
,,,2387,28562,8.2,22.9,1.141,1.5,0,0.4310781,0.9547471,,,,
,,,2388,22345,11.4,24.6,1.501,1.9,0,0.4321479,3.330989,,,,
,,,2389,26343,14.1,29.9,1.725,1.8,0,0.4332668,1.578426,,,,
,,,2390,24592,16.2,30,1.651,3.2,0,0.4344355,2.319282,,,,
,,,2391,13649,16.1,22.2,1.588,2,4,0.4356553,6.146613,,,,
,,,2392,23399,14,27.9,1.795,1.8,2,0.4369271,2.69322,,,,
,,,2393,19345,17.2,27.6,1.885,1.6,4.2,0.4382521,4.209707,,,,
,,,2394,19561,15.2,28,1.888,1.8,0.2,0.4396315,4.102337,,,,
,,,2395,24393,16.2,32,1.898,1.8,0,0.4410665,2.121595,,,,
,,,2396,13986,18.4,28,1.961,2.1,14,0.4425584,5.918441,,,,
,,,2397,17926,17.4,24.4,1.798,2.6,0,0.4329977,4.631225,,,,
,,,2398,27575,12.1,25,1.268,2.8,0,0.434468,0.8105556,,,,
,,,2399,17139,12.6,22.5,1.361,2.6,0,0.4359931,4.948615,,,,
,,,2400,25343,13.2,24.1,1.358,2.7,0,0.4375746,1.680332,,,,
,,,2401,27905,10.8,26.7,1.315,1.8,0,0.4392137,0.4474123,,,,
,,,2402,27353,12.5,29.6,1.518,1.8,0,0.4409119,0.542705,,,,
,,,2403,26139,16.5,29.5,1.601,2.1,0,0.4426705,1.025101,,,,
,,,2404,26248,15.7,31.3,1.651,1.8,0,0.4444911,0.8849285,,,,
,,,2405,26913,15.9,32.7,1.668,2,0,0.4463753,0.4802749,,,,
,,,2406,23660,17.4,33.3,1.791,1.8,0,0.4483247,1.928944,,,,
,,,2407,15442,18,28.3,1.888,1.9,0,0.4503409,5.199258,,,,
,,,2408,19467,16,28.4,1.881,2,7.4,0.4405791,3.630132,,,,
,,,2409,14804,16.6,24.4,1.945,2.1,0,0.4425499,5.352396,,,,
,,,2410,15688,17.5,25.2,1.931,1.5,0,0.4445856,5.00836,,,,
,,,2411,23308,15.7,29.6,1.858,1.5,0,0.4466881,1.753418,,,,
,,,2412,21733,17.1,31.8,1.821,2.4,0.6,0.4488591,2.444637,,,,
,,,2413,14459,18.6,29.6,1.901,1.8,0.2,0.4511003,5.355851,,,,
,,,2414,9473,18.3,22.9,2.048,1.6,24,0.4534137,6.906358,,,,
,,,2415,23520,16,28,1.865,1.3,0,0.4558013,1.348452,,,,
,,,2416,16541,16.8,24.3,1.688,2.7,4,0.4582649,4.499906,,,,
,,,2417,17845,15.7,23.6,1.485,3,0,0.4608068,3.974026,,,,
,,,2418,18688,13.6,23.6,1.465,2.4,0,0.4634291,3.566508,,,,
,,,2419,24429,12.8,26.2,1.548,1.6,0,0.4531796,0.6677029,,,,
,,,2420,11377,15.5,25.1,1.715,1.8,11,0.4557307,6.228247,,,,
,,,2421,8658,17,19.8,1.861,2.2,30,0.4583601,7.028596,,,,
,,,2422,21017,14.5,29.1,1.801,3.5,60,0.46107,2.083257,,,,
,,,2423,10382,15.7,24.7,1.851,1.7,10,0.4638626,6.456597,,,,
,,,2424,15661,14.3,23,1.478,2.6,1,0.4667404,4.525892,,,,
,,,2425,13568,13.3,19.1,1.208,2.8,0,0.4697056,5.374192,,,,
,,,2426,20785,8.9,22.2,1.318,1.3,0,0.4727608,2.056895,,,,
,,,2427,20555,11.7,28.6,1.681,3.3,19,0.4759086,1.935235,,,,
,,,2428,12312,16.7,22.4,1.671,2.5,14,0.4652447,5.637837,,,,
,,,2429,12768,10.8,20,1.391,2.7,12.4,0.4683008,5.473142,,,,
,,,2430,13573,13.2,19.5,1.421,2.7,0.2,0.4714471,5.100185,,,,
,,,2431,22134,10.2,23.4,1.405,1.2,0,0.4746861,0.7694806,,,,
,,,2432,17109,12.7,23.2,1.521,1.5,1,0.4780206,3.34742,,,,
,,,2433,13418,15.5,23.4,1.745,1.5,0.4,0.4814532,4.942691,,,,
,,,2434,10229,15.8,20.1,1.551,2.4,0.4,0.4849867,6.211532,,,,
,,,2435,18055,11.4,20.8,1.258,1.7,0,0.4886243,2.704032,,,,
,,,2436,22882,8,22.7,1.288,1.6,0,0.4923688,0,,,,
,,,2437,18673,11.6,26.7,1.651,1.9,0,0.4962234,2.002661,,,,
,,,2438,21592,14.7,28.1,1.821,1.5,0.2,0.4847525,0,,,,
,,,2439,21463,14.9,28.3,1.898,2,0,0.4884854,0,,,,
,,,2440,21645,14.2,27.6,1.831,1.5,0,0.4923252,0,,,,
,,,2441,19328,14.7,29.6,1.775,1.3,0,0.4962751,1.084594,,,,
,,,2442,20912,14.8,27.3,1.808,1.4,0,0.5003382,0,,,,
,,,2443,20971,13.6,26.8,1.661,1.8,0,0.5045179,0,,,,
,,,2444,20833,12,29.2,1.485,1.7,0,0.5088175,0,,,,
,,,2445,11722,15.8,26.3,1.465,2.2,0,0.5132406,5.078186,,,,
,,,2446,11022,16,23.9,1.598,1.7,5.6,0.5177908,5.322276,,,,
,,,2447,15765,14.5,21.6,1.481,2.1,0.2,0.5055089,2.713402,,,,
,,,2448,16136,10.6,25,1.408,2.5,0,0.5099065,2.401271,,,,
,,,2449,7237,14.5,20.6,1.515,1.3,3.6,0.5144268,6.828724,,,,
,,,2450,11737,10.3,18.6,1.271,2.1,0,0.5190735,4.785732,,,,
,,,2451,17629,7.2,18.5,1.038,2.9,0,0.52385,1.21293,,,,
,,,2452,18367,5.4,20.6,1.081,1.7,0.2,0.5287601,0.5079692,,,,
,,,2453,19374,7,24.7,1.181,1.8,0,0.5338076,0,,,,
,,,2454,9349,11.3,21.2,1.421,1.7,0.6,0.5389965,5.699095,,,,
,,,2455,14923,8.7,20.7,1.231,1.7,0.2,0.5443308,2.415361,,,,
,,,2456,10286,12,19.8,1.211,2.2,0,0.5310217,5.137827,,,,
,,,2457,13787,9,17.4,1.061,2.2,0,0.5361638,3.008154,,,,
,,,2458,6206,10.1,17.7,1.465,3.1,3,0.5414451,6.949423,,,,
,,,2459,11097,9.8,15.3,1.135,2.7,0.2,0.5468694,4.468496,,,,
,,,2460,6730,5.2,12.7,0.998,2.1,0,0.5524405,6.709155,,,,
,,,2461,6311,8.6,14.7,1.141,1.5,0.2,0.5581623,6.835721,,,,
,,,2462,8726,7.2,18.5,1.255,1.5,0,0.5640389,5.569005,,,,
,,,2463,7501,12.3,18.1,1.378,1.1,0,0.5700743,6.140184,,,,
,,,2464,8509,12.9,19.6,1.385,1.2,0.2,0.5762728,5.530284,,,,
,,,2465,13627,8.3,21.9,1.371,1.6,0,0.561692,1.910746,,,,
,,,2466,13669,11.7,23.4,1.398,1.6,0,0.5676466,1.708563,,,,
,,,2467,8184,11.5,19.4,1.305,1.3,0,0.5737551,5.533367,,,,
,,,2468,14274,10.7,21.9,1.338,1.1,0.2,0.5800211,0.879857,,,,
,,,2469,14304,10.5,26.6,1.371,3.3,0,0.5864484,0.6473377,,,,
,,,2470,14431,14.3,27,1.228,4,0,0.5930407,0.4188391,,,,
,,,2471,5481,15,16.4,1.448,2,25,0.5998016,6.797748,,,,
,,,2472,5252,11.4,15.5,1.435,1.3,2,0.6067352,6.876882,,,,
,,,2473,10425,12.9,23.6,1.681,1.7,0.2,0.613845,3.272983,,,,
,,,2474,6159,11.9,19.5,1.608,1.4,9,0.5977256,6.252213,,,,
,,,2475,11330,11.8,18.8,1.375,1.8,0.4,0.604523,2.325045,,,,
,,,2476,6942,9.1,17.2,1.278,1.4,1.2,0.6114829,5.691296,,,,
,,,2477,8497,9.8,18.5,1.275,1.4,0,0.6186082,4.492306,,,,
,,,2478,9039,9.1,17.5,1.198,1.4,5,0.6259017,3.977735,,,,
,,,2479,5278,10,12.7,1.155,2.2,10,0.6333662,6.58887,,,,
,,,2480,5450,7.8,12.6,0.965,2.9,0.2,0.6410042,6.464992,,,,
,,,2481,6836,5.3,12.8,0.888,2.2,10,0.6488184,5.491473,,,,
,,,2482,6727,5.2,13.7,0.945,2.9,2.4,0.656811,5.477875,,,,
,,,2483,5748,5.7,14.2,1.068,1.7,7.2,0.6388855,6.078348,,,,
,,,2484,4481,9.6,14.6,1.391,1.9,5,0.6464759,6.812713,,,,
,,,2485,4938,13.7,21,1.658,3.9,2.8,0.6542244,6.427765,,,,
,,,2486,9265,13.4,19.7,1.291,2.2,0.6,0.662132,2.672165,,,,
,,,2487,10262,10.9,21.6,1.411,1.4,0.2,0.6701993,1.340948,,,,
,,,2488,11077,10.3,22.3,1.398,1.9,0.2,0.6784269,0.1490989,,,,
,,,2489,11428,12.4,23.8,1.411,4,0,0.6868149,0,,,,
,,,2490,4152,14.2,15.8,1.408,1.5,31,0.6953632,6.75661,,,,
,,,2491,4313,9.1,10.6,1.091,2,6,0.7040714,6.63952,,,,
,,,2492,5258,4.3,15.2,1.055,2.8,10,0.7129386,5.860549,,,,
,,,2493,4197,11.1,15.7,1.361,2.3,7,0.6923149,6.585383,,,,
,,,2494,5227,10.1,15.8,1.255,2.6,19,0.700639,5.702835,,,,
,,,2495,11130,6.4,16.8,0.988,2.5,0,0.7090916,0,,,,
,,,2496,4237,5.8,11.3,1.028,2.3,11.6,0.7176699,6.453748,,,,
,,,2497,4823,8.4,13.1,1.125,1,0.8,0.7263706,5.879674,,,,
,,,2498,3688,5.6,9.8,1.091,1.2,23,0.7351898,6.7784,,,,
,,,2499,4450,7.8,12.9,1.208,1.1,7.2,0.7441232,6.065889,,,,
,,,2500,3688,10.3,14.1,1.375,1.3,20.4,0.7531658,6.644764,,,,
,,,2501,3538,10.6,12,1.115,2.6,0,0.7623121,6.760123,,,,
,,,2502,4031,4,9.4,0.828,2.2,0,0.7715559,6.34212,,,,
,,,2503,4272,3.6,9.8,0.878,1.9,0,0.7808905,6.054001,,,,
,,,2504,5480,1.7,8.2,0.745,1.3,0,0.7903083,4.780548,,,,
,,,2505,6207,0.7,6.3,0.631,1.9,0,0.7651079,3.883312,,,,
,,,2506,3970,-1.4,5.3,0.648,1.6,0.8,0.773748,6.223636,,,,
,,,2507,5100,0.2,5.8,0.645,2.4,0,0.7824279,4.987721,,,,
,,,2508,3920,-0.2,3.7,0.628,1.5,0.2,0.7911379,6.169166,,,,
,,,2509,5565,0.7,7.4,0.655,4,0.2,0.799868,4.250728,,,,
,,,2510,6424,0,5.6,0.538,5.9,0,0.8086072,3.068575,,,,
,,,2511,8980,-1.7,6.5,0.505,3.9,0,0.8173439,0,,,,
,,,2512,3056,-1.8,4.4,0.691,1.1,0,0.8260659,6.795687,,,,
,,,2513,3018,3.5,7.7,0.835,1.5,0,0.8347603,6.766885,,,,
,,,2514,2981,5.6,8.8,0.878,1.8,1,0.8434135,6.757487,,,,
,,,2515,4668,6.6,9.4,0.745,3.5,2,0.8520114,4.828996,,,,
,,,2516,4072,-1.2,6.8,0.645,1.5,1,0.8605392,5.537329,,,,
,,,2517,2920,2.9,7.4,0.841,1.6,0.4,0.8689813,6.715564,,,,
,,,2518,3298,6,11.2,0.931,1.2,0,0.877322,6.254827,,,,
,,,2519,2920,5.2,11.5,1.005,1.4,0,0.8456998,6.616642,,,,
,,,2520,5780,4.8,10.9,0.875,1.7,0,0.8529965,2.680278,,,,
,,,2521,5522,0.9,9.5,0.731,1.3,0,0.8601484,3.088733,,,,
,,,2522,5785,-0.2,10.5,0.801,1,0,0.8671399,2.507872,,,,
,,,2523,5257,2.8,10.5,0.841,1.3,0,0.8739554,3.277223,,,,
,,,2524,2796,0.3,8.9,0.818,2.1,13,0.8805792,6.623859,,,,
,,,2525,2647,5.1,5.4,0.841,1.6,13,0.8869953,6.756422,,,,
,,,2526,2623,3.5,4.8,0.801,1.4,8,0.893188,6.764321,,,,
,,,2527,6013,1,11.2,0.738,1.7,1,0.8991416,1.641898,,,,
,,,2528,4662,1,11.9,0.858,2,0.8,0.9048404,3.882143,,,,
,,,2529,2779,6.3,9.7,0.975,1.8,0.2,0.9102692,6.477298,,,,
,,,2530,2539,5.6,6.7,0.871,2.3,0,0.9154131,6.756179,,,,
,,,2531,2522,3.9,5.3,0.748,2.4,0,0.9202576,6.778858,,,,
,,,2532,2663,1.4,2.7,0.635,1.8,0,0.9247889,6.6207,,,,
,,,2533,2489,-1.9,0.9,0.588,1.1,0,0.9289936,6.814751,,,,
,,,2534,2474,-0.5,0.8,0.601,1.8,0,0.9328591,6.814622,,,,
,,,2535,2579,-0.2,2.1,0.595,0.9,0,0.9363737,6.680935,,,,
,,,2536,3702,-1.2,2.7,0.605,1,0,0.9395266,5.177012,,,,
,,,2537,2438,-1.1,-0.4,0.575,0.8,0,0.9423079,6.826623,,,,
,,,2538,2856,-2.1,0.3,0.558,0.7,0,0.9447088,6.317483,,,,
,,,2539,3934,-3,2,0.541,0.6,0,0.9467216,4.802764,,,,
,,,2540,3924,-4.1,2.4,0.515,0.5,0,0.9483397,4.81829,,,,
,,,2541,4107,-4.1,3.5,0.548,0.6,0,0.949558,4.506049,,,,
,,,2542,4212,-2.3,10.2,0.771,2.3,5,0.9503724,4.222164,,,,
,,,2543,2396,5,8.6,0.838,4.3,12.2,0.9507803,6.795798,,,,
,,,2544,3951,2.5,6.8,0.658,3.4,3,0.9507803,4.693827,,,,
,,,2545,2411,2.6,10.1,0.841,4.7,9,0.9503724,6.779558,,,,
,,,2546,5041,-1.3,1.7,0.481,3.5,0,0.949558,2.957314,,,,
,,,2547,5505,-4.1,2.7,0.408,1.5,0,0.9483397,2.170238,,,,
,,,2548,4876,-5,1,0.488,2.1,2,0.9467216,3.283104,,,,
,,,2549,2397,-0.3,6.4,0.795,2.9,2,0.9447088,6.826513,,,,
,,,2550,2460,5.4,9.8,0.898,2.4,0,0.9423079,6.743632,,,,
,,,2551,2446,2.3,6.9,0.741,1.9,2.2,0.9395266,6.799193,,,,
,,,2552,2414,1.1,2.7,0.661,4.2,3,0.9363737,6.863206,,,,
,,,2553,2636,1.1,1.7,0.551,4.4,0,0.9328591,6.644678,,,,
,,,2554,2587,-2.1,2,0.538,3,11.8,0.9289936,6.720639,,,,
,,,2555,2500,-0.7,2.1,0.615,2.3,2,0.9247889,6.819536,,,,
,,,2556,3686,-0.3,2.9,0.615,1.3,0,0.9202576,5.345992,,,,
,,,2557,2466,-0.5,4.8,0.748,1.6,1.6,0.9154131,6.868494,,,,
,,,2558,2510,4.5,8.2,0.983,2.1,2.8,0.9102692,6.799793,,,,
,,,2559,2759,6.6,8.6,0.843,3.6,0.2,0.9048404,6.561971,,,,
,,,2560,3131,0.5,5.4,0.688,2,0,0.8991416,6.182929,,,,
,,,2561,5041,-2.7,3.6,0.583,1,0,0.893188,3.572454,,,,
,,,2562,4333,-4.1,9.6,0.673,2.4,1,0.8869953,4.673614,,,,
,,,2563,3582,4.9,11.7,0.908,1.9,0,0.8805792,5.672703,,,,
,,,2564,6672,2.5,10.1,0.793,2.1,0,0.8739554,0.8316547,,,,
,,,2565,5719,-0.7,12.9,0.768,2.3,0,0.8671399,2.685608,,,,
,,,2566,4543,6.5,12.8,0.828,1.4,0,0.8601484,4.56559,,,,
,,,2567,7360,-1,12.2,0.728,1.6,0,0.8529965,0,,,,
,,,2568,6985,-1.1,11.2,0.713,1.5,0.6,0.8456998,0.8594939,,,,
,,,2569,2760,4.3,8.1,0.868,1.7,1.2,0.877322,6.854139,,,,
,,,2570,5192,4.5,7.5,0.773,2,0,0.8689813,3.977748,,,,
,,,2571,2753,-1.5,0.6,0.593,1.9,0,0.8605392,6.97363,,,,
,,,2572,4485,-2.3,2.9,0.578,1.8,0,0.8520114,5.159003,,,,
,,,2573,3674,-2.2,2.7,0.598,1.4,0,0.8434135,6.13527,,,,
,,,2574,4604,-3.3,4.1,0.578,1.3,0,0.8347603,5.158624,,,,
,,,2575,3038,-1.6,7.4,0.703,4.8,8,0.8260659,6.828489,,,,
,,,2576,3920,1,7,0.683,3.9,3,0.8173439,6.014303,,,,
,,,2577,2944,0.9,9.6,0.908,4.1,2.2,0.8086072,6.953738,,,,
,,,2578,2979,7.7,10,0.983,4.9,7,0.799868,6.948906,,,,
,,,2579,3016,4.6,6,0.798,2.1,22,0.7911379,6.982847,,,,
,,,2580,4331,1.3,3.8,0.628,4.1,11.2,0.7824279,5.850103,,,,
,,,2581,5230,-2.5,1.2,0.478,5.4,1,0.773748,5.040373,,,,
,,,2582,6415,-4.3,-1,0.383,6.4,0.2,0.7651079,3.84081,,,,
,,,2583,4866,-4.7,-1.5,0.343,7.5,1.4,0.7903083,5.627162,,,,
,,,2584,8648,-5.8,-1.7,0.323,5.4,0.2,0.7808905,1.29513,,,,
,,,2585,3258,-7,-1.6,0.408,1.7,0,0.7715559,7.082299,,,,
,,,2586,8230,-6.1,-1.1,0.338,4.5,0,0.7623121,2.183094,,,,
,,,2587,4886,-8.8,-1.7,0.343,4.1,0,0.7531658,5.885533,,,,
,,,2588,3392,-2.1,1.8,0.588,2.8,0.4,0.7441232,7.063302,,,,
,,,2589,4240,0.9,5.6,0.663,3.9,0.2,0.7351898,6.44987,,,,
,,,2590,3561,-0.7,3.7,0.658,2.6,1,0.7263706,7.008551,,,,
,,,2591,4687,1.4,6,0.663,3.5,0,0.7176699,6.203096,,,,
,,,2592,3735,-1.7,2.6,0.568,1.4,0,0.7090916,6.982974,,,,
,,,2593,6575,-5.1,2.6,0.533,1.1,0,0.700639,4.758172,,,,
,,,2594,5438,-2.6,5.2,0.628,1.7,0,0.6923149,5.797927,,,,
,,,2595,6276,-0.9,7.2,0.648,1.3,0,0.7129386,5.163999,,,,
,,,2596,10663,-2,11.8,0.583,1.5,0,0.7040714,0.7604895,,,,
,,,2597,10350,-3.2,10.5,0.613,1,0,0.6953632,1.306979,,,,
,,,2598,4652,-2.2,10,0.683,1.9,0,0.6868149,6.608919,,,,
,,,2599,3956,2.5,7.1,0.883,3.1,16,0.6784269,7.068125,,,,
,,,2600,4012,7.1,12.1,1.063,5.5,2.4,0.6701993,7.049165,,,,
,,,2601,4883,4.6,7.2,0.678,6.3,8,0.662132,6.60753,,,,
,,,2602,4455,-0.3,3.2,0.598,6.4,0.6,0.6542244,6.932881,,,,
,,,2603,6380,0.2,1.9,0.538,5.9,0,0.6464759,5.753235,,,,
,,,2604,5831,-1.2,1.3,0.443,6.4,0,0.6388855,6.218617,,,,
,,,2605,5613,-3.1,0.8,0.433,4.9,0,0.656811,6.415387,,,,
,,,2606,4705,-1.7,0.7,0.423,3.5,2,0.6488184,6.989412,,,,
,,,2607,4855,-2.6,3.1,0.563,3.8,1,0.6410042,6.920356,,,,
,,,2608,5829,-1.4,1.6,0.538,3.6,1,0.6333662,6.41906,,,,
,,,2609,6338,-1.3,2,0.513,3.4,0,0.6259017,6.178275,,,,
,,,2610,5229,-4,1.1,0.473,1.8,0.1,0.6186082,6.86274,,,,
,,,2611,5965,-3.6,1.2,0.468,1.6,0.5,0.6114829,6.513219,,,,
,,,2612,5503,-5.4,0.8,0.453,1.3,0.2,0.604523,6.808961,,,,
,,,2613,10322,-5.6,2.8,0.418,1.6,0,0.5977256,3.878809,,,,
,,,2614,10249,-7.1,2.3,0.408,2.4,0,0.613845,4.049782,,,,
,,,2615,4935,-4.4,-0.6,0.393,4.8,1,0.6067352,7.207923,,,,
,,,2616,14595,-8.1,-2.1,0.243,5.8,0,0.5998016,1.080342,,,,
,,,2617,14881,-12.3,0.7,0.243,1.2,0,0.5930407,1.020399,,,,
,,,2618,14321,-11.2,5.2,0.303,2.3,0,0.5864484,1.583824,,,,
,,,2619,5248,-1.5,4.2,0.478,2.4,0,0.5800211,7.185172,,,,
,,,2620,5987,-3,0.7,0.513,3.7,0,0.5737551,6.887822,,,,
,,,2621,6108,-2.6,2.4,0.548,3.8,0.6,0.5676466,6.864695,,,,
,,,2622,5696,-1.5,1.1,0.463,4.6,0,0.561692,7.095619,,,,
,,,2623,5473,-6.9,0.6,0.468,3.2,0.2,0.5762728,7.218345,,,,
,,,2624,5591,-1.3,4.5,0.633,3.3,0.2,0.5700743,7.175296,,,,
,,,2625,5610,0.8,5.1,0.648,2.3,0,0.5640389,7.196447,,,,
,,,2626,7437,1.1,6.5,0.608,2.5,0,0.5581623,6.462578,,,,
,,,2627,12266,-1.1,8.2,0.528,2.5,0,0.5524405,4.010444,,,,
,,,2628,6327,-1.2,8.4,0.608,3.4,0.8,0.5468694,7.011814,,,,
,,,2629,14242,-1.7,8.4,0.553,1.7,0.2,0.5414451,2.981653,,,,
,,,2630,11892,-3.5,13.6,0.578,1.6,0,0.5361638,4.473564,,,,
,,,2631,17044,0.2,18.6,0.823,1.4,0,0.5310217,1.166504,,,,
,,,2632,17503,1.1,16.7,0.823,1.7,0,0.5443308,0.9932687,,,,
,,,2633,17282,3.5,22,0.923,2,0,0.5389965,1.237583,,,,
,,,2634,18115,4.6,21.2,1.048,1.8,0.2,0.5338076,0.7209705,,,,
,,,2635,17624,3.4,22.2,0.933,1.9,0,0.5287601,1.293589,,,,
,,,2636,18034,5.1,20.7,1.078,1.8,0.2,0.52385,1.069188,,,,
,,,2637,11854,4.4,19.5,1.023,2.8,0,0.5190735,4.873327,,,,
,,,2638,6519,11.5,12.4,1.018,3.9,17.2,0.5144268,7.17983,,,,
,,,2639,11680,5.2,18.2,1.073,1.8,0,0.5099065,5.077827,,,,
,,,2640,6659,8.1,14.5,1.158,1.6,4.2,0.5055089,7.168231,,,,
,,,2641,8223,5.5,14.9,1.138,1.4,0.2,0.5177908,6.638638,,,,
,,,2642,9863,7.4,18.2,1.143,1.9,5,0.5132406,6.032005,,,,
,,,2643,8046,8.9,14.8,1.138,2,5.4,0.5088175,6.770061,,,,
,,,2644,8460,8.7,15.6,1.123,2.4,0.4,0.5045179,6.655219,,,,
,,,2645,8651,5.5,15.3,1.083,2.4,4,0.5003382,6.624872,,,,
,,,2646,11635,6.9,14.3,1.023,1.7,0.9,0.4962751,5.51263,,,,
,,,2647,10583,7.2,13.5,1.033,3.9,0.8,0.4923252,5.982801,,,,
,,,2648,16367,3.6,17.3,0.983,1.3,0,0.4884854,3.458419,,,,
,,,2649,20185,4.2,19,0.813,3.3,0,0.4847525,1.582421,,,,
,,,2650,16015,5.2,18.3,0.733,2.2,0,0.4962234,3.895581,,,,
,,,2651,18405,6.3,18.7,0.728,2.3,3,0.4923688,2.802646,,,,
,,,2652,10364,7.9,16.7,0.988,1.9,0.2,0.4886243,6.265019,,,,
,,,2653,13513,6.2,19.3,1.033,4,1.2,0.4849867,5.087874,,,,
,,,2654,7679,9.9,11.9,1.128,5,10,0.4814532,7.173802,,,,
,,,2655,11376,6.3,12.4,0.803,4.2,0.6,0.4780206,6.050381,,,,
,,,2656,9007,2.1,6.1,0.563,7.3,0,0.4746861,6.899903,,,,
,,,2657,11122,0.1,10.7,0.653,5.7,0,0.4714471,6.239527,,,,
,,,2658,16686,4.8,14.4,0.678,6.1,0,0.4683008,4.154716,,,,
,,,2659,9797,3.4,13.9,0.783,3,0,0.4652447,6.695542,,,,
,,,2660,10867,3.9,15.3,0.943,1.8,0,0.4759086,6.356758,,,,
,,,2661,18450,5.3,19.7,0.898,2.5,6,0.4727608,3.478572,,,,
,,,2662,8262,5.2,7.8,0.863,3,8,0.4697056,7.192063,,,,
,,,2663,8202,3.8,6.1,0.858,4.5,38,0.4667404,7.226281,,,,
,,,2664,8264,4.8,9.2,0.853,5.7,0.6,0.4638626,7.22722,,,,
,,,2665,8326,4.7,11.7,0.968,1.8,6,0.46107,7.214301,,,,
,,,2666,13606,4.2,13.3,0.883,2.4,3.4,0.4583601,5.643218,,,,
,,,2667,13871,3.8,13.3,0.823,3.7,0,0.4557307,5.601305,,,,
,,,2668,14447,5.4,13.7,0.823,2.4,0,0.4531796,5.437339,,,,
,,,2669,21554,0.4,17.8,0.793,1.8,0.8,0.4634291,2.671753,,,,
,,,2670,9381,9.5,16.4,1.148,2.8,8,0.4608068,6.995245,,,,
,,,2671,9694,8.8,13.6,1.223,1.8,21,0.4582649,6.918792,,,,
,,,2672,13234,8.2,14.9,1.128,2.5,1.2,0.4558013,5.899162,,,,
,,,2673,21113,6.1,19.2,1.078,2,2,0.4534137,2.980961,,,,
,,,2674,11908,10.7,17.6,1.158,1.7,0.4,0.4511003,6.354473,,,,
,,,2675,14525,7.4,22,1.193,1.3,0,0.4488591,5.549177,,,,
,,,2676,24511,8.6,25.7,1.333,1.7,0.2,0.4466881,1.513315,,,,
,,,2677,24604,9.1,27.9,1.323,1.6,0,0.4445856,1.541493,,,,
,,,2678,22701,11,27.9,1.058,3.1,0,0.4425499,2.585681,,,,
,,,2679,13055,15.2,23.3,1.013,4.6,0,0.4405791,6.146323,,,,
,,,2680,11757,13.2,19.2,1.343,2.3,9,0.4503409,6.489781,,,,
,,,2681,13757,9.9,15.6,1.158,3.5,2.2,0.4483247,5.952178,,,,
,,,2682,11156,9.4,13.6,1.068,4.5,0,0.4463753,6.724988,,,,
,,,2683,11989,6.1,14.5,1.043,2.9,0,0.4444911,6.520095,,,,
,,,2684,10675,8.5,15.8,1.093,2.6,0,0.4426705,6.875462,,,,
,,,2685,22729,4.9,15.7,0.813,2.2,0,0.4409119,3.033026,,,,
,,,2686,20380,3.1,15.6,0.763,1.8,0,0.4392137,3.9878,,,,
,,,2687,17370,4.8,16.2,0.738,2.8,0,0.4375746,5.06156,,,,
,,,2688,26804,2.1,17.4,0.698,3.1,0,0.4359931,1.543747,,,,
,,,2689,18073,3.2,20.5,1.028,2.1,1.2,0.434468,4.792287,,,,
,,,2690,14973,11.6,23,1.363,1.9,4,0.4329977,5.7286,,,,
,,,2691,15220,11.8,18.9,1.263,2.6,0.2,0.4425584,5.690741,,,,
,,,2692,19226,9.1,20.2,1.123,1.4,0.2,0.4410665,4.447615,,,,
,,,2693,19740,10.9,18.1,1.148,2,0.2,0.4396315,4.286725,,,,
,,,2694,15695,6.7,18.6,1.038,3.4,0,0.4382521,5.646886,,,,
,,,2695,20309,4.6,15.5,0.773,3.8,0,0.4369271,4.267581,,,,
,,,2696,26922,2.7,20.2,0.858,1.3,0,0.4356553,1.742721,,,,
,,,2697,25966,6,27.2,1.188,2.2,14,0.4344355,2.005278,,,,
,,,2698,12944,12.6,21,1.478,1.8,19,0.4332668,6.403667,,,,
,,,2699,10320,11.4,14.6,1.363,2,21,0.4321479,7.082744,,,,
,,,2700,19010,9.8,17.8,1.113,2.6,0.8,0.4310781,4.696316,,,,
,,,2701,28779,5.6,21.3,1.023,1.8,0,0.4300562,1.035938,,,,
,,,2702,24625,7.5,25.5,1.243,1.3,0.2,0.4290814,2.673753,,,,
,,,2703,28271,10.5,29.5,1.463,1.5,0,0.4281528,1.090911,,,,
,,,2704,29249,11.9,30.7,1.418,2.3,0,0.4272696,0.7117357,,,,
,,,2705,26280,14.2,28.8,1.423,1.8,0,0.426431,2.009027,,,,
,,,2706,27992,14.6,30,1.733,2.2,4,0.4256362,1.178503,,,,
,,,2707,15109,15.8,18.8,1.468,3.5,2,0.4248846,5.898903,,,,
,,,2708,28868,7.3,20.2,1.058,3.1,0,0.4343405,1.176799,,,,
,,,2709,28031,7.4,21.6,1.078,2.7,0,0.4336099,1.538984,,,,
,,,2710,29738,8.7,24.8,1.208,1.8,0,0.4329247,0.7640627,,,,
,,,2711,22591,11.1,28.8,1.583,2.5,9,0.4322843,3.49269,,,,
,,,2712,19663,13,20,1.273,2.9,0,0.4316881,4.601942,,,,
,,,2713,18076,11.2,20.2,1.173,3.1,0.2,0.4311354,5.13515,,,,
,,,2714,11179,12.9,18.2,1.393,2.1,1,0.4306258,6.958287,,,,
,,,2715,21340,13.1,18.5,1.113,4.5,0,0.4301587,4.119542,,,,
,,,2716,28885,5.2,19,0.793,4.3,0,0.4297338,1.468226,,,,
,,,2717,24268,7.6,21,0.808,4.4,0,0.4293505,3.235088,,,,
,,,2718,29864,8.8,20.5,0.803,3,0,0.4290086,1.080906,,,,
,,,2719,29544,6.9,22.9,1.003,1.6,0,0.4287077,1.098239,,,,
,,,2720,25790,9.2,25.1,1.308,1.4,6,0.4284474,2.470776,,,,
,,,2721,17666,12.5,24.1,1.618,2.3,14,0.4282277,5.203688,,,,
,,,2722,12358,14,18.9,1.658,2.1,8.4,0.4280482,6.665452,,,,
,,,2723,20978,10.5,23.6,1.433,1.7,0,0.4279087,4.1851,,,,
,,,2724,14793,15.2,24,1.583,2.5,0,0.4278092,6.043871,,,,
,,,2725,28997,12.9,27,1.663,2.6,0,0.4277496,1.021374,,,,
,,,2726,29808,15.5,28.9,1.888,1.9,0.2,0.4277297,0.5657393,,,,
,,,2727,29878,15.7,29.9,1.843,1.7,0.2,0.4277496,0.5519398,,,,
,,,2728,28667,14.5,31.3,1.793,1.7,0,0.4278092,1.1016,,,,
,,,2729,21266,16.9,30.6,2.068,2,0,0.4279087,3.920717,,,,
,,,2730,27452,18.8,32.1,1.943,2.1,0,0.4280482,1.550614,,,,
,,,2731,24823,19.4,33.2,2.078,1.6,2.2,0.4282277,2.57436,,,,
,,,2732,22197,17.9,32.6,1.958,2.5,2.6,0.4284474,3.598929,,,,
,,,2733,21040,16.4,29.7,1.958,1.1,0,0.4287077,4.006092,,,,
,,,2734,27358,16.8,28,2.088,1.7,0,0.4290086,1.500997,,,,
,,,2735,27615,18.7,34.9,2.103,1.7,0,0.4293505,1.372748,,,,
,,,2736,21354,18.7,34,2.043,2,0,0.4297338,3.850537,,,,
,,,2737,15429,18.6,26.5,1.913,2,2,0.4301587,5.783385,,,,
,,,2738,15351,15.4,24.6,1.578,2.5,4,0.4306258,5.850087,,,,
,,,2739,19163,13.6,22.2,1.338,3.3,0,0.4311354,4.737118,,,,
,,,2740,16017,16.1,24.5,1.633,1.7,0.2,0.4316881,5.635186,,,,
,,,2741,29058,14.4,29.1,1.728,1.7,0,0.4322843,0.7829227,,,,
,,,2742,12556,17,20.8,1.553,3,9,0.4329247,6.578648,,,,
,,,2743,25055,9.5,21.4,1.083,2.6,2,0.4336099,2.684685,,,,
,,,2744,13040,13,20.3,1.388,3.3,9,0.4343405,6.462022,,,,
,,,2745,11881,11.9,17.5,1.283,2.8,2.6,0.4248846,6.759859,,,,
,,,2746,10923,12.2,16.9,1.338,2,3.2,0.4256362,6.977327,,,,
,,,2747,12975,11.5,18.7,1.383,1.9,0.4,0.426431,6.456369,,,,
,,,2748,23044,12.1,24.5,1.463,4.6,0.2,0.4272696,3.203545,,,,
,,,2749,28222,13.9,26.6,1.463,3.9,0,0.4281528,1.048318,,,,
,,,2750,27518,13.9,27.5,1.453,3.9,0.2,0.4290814,1.327566,,,,
,,,2751,28414,14.7,28.7,1.478,2.8,0.2,0.4300562,0.8832852,,,,
,,,2752,28973,15,30,1.563,1.5,0,0.4310781,0.5477709,,,,
,,,2753,25668,15.5,33.3,1.618,2.1,0,0.4321479,1.948927,,,,
,,,2754,25026,18.4,32.4,1.813,2.1,0,0.4332668,2.113229,,,,
,,,2755,27576,18,32.6,1.818,2.1,0,0.4344355,0.9461127,,,,
,,,2756,14978,18.4,25.8,1.683,4.3,0,0.4356553,5.743644,,,,
,,,2757,18390,16.2,24.7,1.348,4.2,0.2,0.4369271,4.699134,,,,
,,,2758,19542,13.1,25,1.328,2.5,0,0.4382521,4.280642,,,,
,,,2759,20227,13.5,25.7,1.388,2.7,0,0.4396315,3.988798,,,,
,,,2760,22427,13.3,25.1,1.253,2.4,0,0.4410665,3.165539,,,,
,,,2761,15839,11,25.1,1.353,1.5,0.4,0.4425584,5.445517,,,,
,,,2762,13090,16.3,29.8,1.728,1.4,0.4,0.4329977,6.198069,,,,
,,,2763,13246,18.3,26.6,1.773,2.2,0,0.434468,6.130149,,,,
,,,2764,26428,15.4,29.9,1.668,1.6,0,0.4359931,1.098136,,,,
,,,2765,24460,16.4,35.5,1.558,3.7,0,0.4375746,1.987941,,,,
,,,2766,23676,18.6,36,1.603,2.9,11,0.4392137,2.265088,,,,
,,,2767,14375,19,26.6,1.893,1.5,4,0.4409119,5.686873,,,,
,,,2768,17859,14.2,24.7,1.453,2.6,6,0.4426705,4.55623,,,,
,,,2769,21852,12.8,23.6,1.263,2.6,0,0.4444911,3.025693,,,,
,,,2770,16571,12.3,23.9,1.248,2,7,0.4463753,4.99966,,,,
,,,2771,10460,14.8,21.3,1.568,3.3,3.2,0.4483247,6.809659,,,,
,,,2772,22367,12.5,25,1.418,2.8,0.2,0.4503409,2.595317,,,,
,,,2773,23398,12.1,23.8,1.228,3,0,0.4405791,2.159598,,,,
,,,2774,25654,11.5,27.4,1.233,2.1,0,0.4425499,1.03408,,,,
,,,2775,20340,17.1,25.1,1.403,3,0,0.4445856,3.314087,,,,
,,,2776,13693,15.4,22,1.178,2.8,0,0.4466881,5.805754,,,,
,,,2777,25791,8.2,21.8,0.978,2.4,0,0.4488591,0.8885306,,,,
,,,2778,26088,7,25.5,0.988,1.7,0,0.4511003,0.652731,,,,
,,,2779,23245,10.7,27.5,1.113,2.4,0,0.4534137,1.894402,,,,
,,,2780,24500,12.4,25.8,1.173,3.2,0,0.4558013,1.175647,,,,
,,,2781,19121,11.3,28.1,1.288,2.1,0,0.4582649,3.550881,,,,
,,,2782,19106,13.6,25.8,1.218,2.5,0,0.4608068,3.525631,,,,
,,,2783,13066,11.5,22.7,1.288,3,0.6,0.4634291,5.788642,,,,
,,,2784,15337,10.3,21,1.183,3.3,0,0.4531796,4.9603,,,,
,,,2785,24723,8.5,24.7,1.223,2.6,0,0.4557307,0.5875211,,,,
,,,2786,23176,8.7,28.6,1.313,1.5,0,0.4583601,1.26542,,,,
,,,2787,15614,13.4,26.9,1.518,2.1,0,0.46107,4.635428,,,,
,,,2788,13162,15.3,25,1.508,3,0.6,0.4638626,5.543339,,,,
,,,2789,16085,13.2,20.9,1.333,3.7,0,0.4667404,4.387426,,,,
,,,2790,8793,11.7,20.3,1.353,5.3,1,0.4697056,6.957902,,,,
,,,2791,11519,14.6,22.3,1.418,5.3,0.8,0.4727608,6.042286,,,,
,,,2792,9535,13.2,20.2,1.503,3.3,4,0.4759086,6.666304,,,,
,,,2793,14081,14.4,24,1.453,2.5,0,0.4652447,4.982015,,,,
,,,2794,8486,13.5,22.4,1.553,2.3,4.2,0.4683008,6.942881,,,,
,,,2795,12145,12,20.9,1.288,1.8,0,0.4714471,5.691146,,,,
,,,2796,11636,8.1,21.1,1.283,1.2,0.2,0.4746861,5.844471,,,,
,,,2797,21753,8.7,25.7,1.288,1.9,0,0.4780206,0.9394128,,,,
,,,2798,23086,10.7,28.2,1.458,1.4,0,0.4814532,0,,,,
,,,2799,22481,12.1,31.7,1.613,1.3,0.2,0.4849867,0.07605834,,,,
,,,2800,22538,13.4,33.3,1.493,2.5,0,0.4886243,0,,,,
,,,2801,15615,16.5,27,1.648,2.9,0,0.4923688,3.745707,,,,
,,,2802,19613,16.2,29.5,1.678,2.1,0,0.4962234,1.436688,,,,
,,,2803,20916,16.2,31.7,1.678,1.6,0,0.4847525,0.5023375,,,,
,,,2804,21085,14.3,32.7,1.638,1.3,0,0.4884854,0.2765214,,,,
,,,2805,11555,16.3,22.5,1.843,1.4,2.8,0.4923252,5.367426,,,,
,,,2806,7762,13.7,20.5,1.848,1.5,7.4,0.4962751,6.846509,,,,
,,,2807,15939,13.9,25.8,1.723,1.4,0,0.5003382,3.039336,,,,
,,,2808,10978,12.7,25.6,1.693,1.6,0.2,0.5045179,5.492331,,,,
,,,2809,16584,13.3,26.3,1.608,1.4,0,0.5088175,2.497556,,,,
,,,2810,8918,12.6,21.6,1.603,2.1,0.4,0.5132406,6.295118,,,,
,,,2811,7988,13.7,18.2,1.538,1.7,2,0.5177908,6.635757,,,,
,,,2812,9955,11.7,21.3,1.538,1.9,0,0.5055089,5.770542,,,,
,,,2813,11391,13.8,23.4,1.633,1.6,0.2,0.5099065,5.0122,,,,
,,,2814,10234,12.1,22.8,1.553,1.3,0.2,0.5144268,5.532365,,,,
,,,2815,18895,9.8,26,1.463,1.4,0.2,0.5190735,0.2177716,,,,
,,,2816,11335,11,22.7,1.413,3.3,6,0.52385,4.887642,,,,
,,,2817,10962,8.2,15.3,0.923,6.2,0,0.5287601,5.139788,,,,
,,,2818,13279,6.8,15.7,0.848,5.3,0,0.5338076,3.835181,,,,
,,,2819,11266,7.9,16.3,0.928,2.9,0,0.5389965,4.83898,,,,
,,,2820,18150,6.4,19.4,0.913,2.4,0,0.5443308,0.278758,,,,
,,,2821,18816,4.5,21,0.908,1.9,0,0.5310217,0,,,,
,,,2822,18563,4,22.3,0.973,1.1,0,0.5361638,0,,,,
,,,2823,14753,5,25,1.113,1.2,0,0.5414451,2.197469,,,,
,,,2824,16265,9,24.8,1.183,1.1,0,0.5468694,0.8799966,,,,
,,,2825,10468,8.8,23.5,1.403,2,1,0.5524405,4.68258,,,,
,,,2826,9797,14.1,21.4,1.498,1.2,0,0.5581623,4.976023,,,,
,,,2827,9651,11.5,23.3,1.408,1.5,0,0.5640389,5.005514,,,,
,,,2828,6732,11.3,18.7,1.363,1.6,0,0.5700743,6.527888,,,,
,,,2829,7882,11.7,17.7,1.238,2.5,4.2,0.5762728,5.907854,,,,
,,,2830,9272,5.5,17,1.068,1.2,0.2,0.561692,5.085817,,,,
,,,2831,5754,11.9,15.5,1.298,2.8,6,0.5676466,6.880643,,,,
,,,2832,6836,8.9,13.1,1.063,4.6,0.4,0.5737551,6.332824,,,,
,,,2833,5667,8.4,11.8,1.078,5.3,5.2,0.5800211,6.873536,,,,
,,,2834,5549,9.8,11.5,1.208,3.6,2,0.5864484,6.8749,,,,
,,,2835,7292,9.9,15,1.203,2.3,0,0.5930407,5.884563,,,,
,,,2836,6966,8.3,15.8,1.193,1.6,0.2,0.5998016,6.016156,,,,
,,,2837,10256,6.2,18.4,1.148,1.1,0.2,0.6067352,3.718211,,,,
,,,2838,12064,5.1,22.4,1.148,1.1,0,0.613845,2.088551,,,,
,,,2839,12086,5.2,23,1.168,0.9,0,0.5977256,1.897132,,,,
,,,2840,14781,5.8,24.2,1.163,1.4,0,0.604523,0,,,,
,,,2841,14359,7.5,22.5,1.098,3,0,0.6114829,0,,,,
,,,2842,11306,12.6,21.8,1.083,3.4,0,0.6186082,2.175788,,,,
,,,2843,10960,7.8,22.3,1.063,1.6,0,0.6259017,2.350781,,,,
,,,2844,13666,4.9,21.8,1.093,1.1,0,0.6333662,0,,,,
,,,2845,12582,5.1,23.2,1.158,1.1,0,0.6410042,0.2778886,,,,
,,,2846,8471,9.6,21.6,1.358,1.2,0,0.6488184,4.057365,,,,
,,,2847,10331,8.9,20.8,1.218,1.3,0.2,0.656811,2.238142,,,,
,,,2848,4806,8.9,18.6,1.298,1.6,5.2,0.6388855,6.664975,,,,
,,,2849,8225,12.7,20,1.448,1.7,0,0.6464759,3.899129,,,,
,,,2850,8482,8.8,20.5,1.358,1.7,0.2,0.6542244,3.565857,,,,
,,,2851,5259,12.2,20.7,1.443,3.3,3.2,0.662132,6.175054,,,,
,,,2852,8124,12.8,21.8,1.493,2.8,3,0.6701993,3.612135,,,,
,,,2853,5587,11.7,18.2,1.418,1.5,7,0.6784269,5.798507,,,,
,,,2854,7481,8.2,17.5,1.303,1.2,0,0.6868149,4.063236,,,,
,,,2855,9253,9.1,21.9,1.278,2.7,0,0.6953632,2.03909,,,,
,,,2856,11775,9.5,22.4,1.273,1.8,0,0.7040714,0,,,,
,,,2857,11812,10.3,22.5,1.293,5.4,0,0.7129386,0,,,,
,,,2858,7781,14.4,22,1.293,5.2,0,0.6923149,3.247714,,,,
,,,2859,8089,16.3,22.3,1.288,5.4,0,0.700639,2.754679,,,,
,,,2860,10726,10,22.7,1.318,4.5,0,0.7090916,0,,,,
,,,2861,5477,15.6,23.1,1.388,4.7,35,0.7176699,5.290454,,,,
,,,2862,7698,9.7,17.9,1.233,1.3,0.2,0.7263706,2.803295,,,,
,,,2863,4763,6.5,18.9,1.228,1.8,0.2,0.7351898,5.843489,,,,
,,,2864,8175,8.5,20.8,1.338,1.9,19,0.7441232,1.813362,,,,
,,,2865,3658,12.5,13,1.343,1.9,6.2,0.7531658,6.674193,,,,
,,,2866,8106,6.1,12.2,0.958,2.2,0,0.7623121,1.775948,,,,
,,,2867,7531,2.1,11.8,0.813,1.1,0,0.7715559,2.482361,,,,
,,,2868,8294,0.6,16,0.833,0.9,0,0.7808905,1.238232,,,,
,,,2869,9296,2.5,18.7,0.868,3.1,0,0.7903083,0,,,,
,,,2870,3450,5.1,12.6,1.033,2.3,6,0.7651079,6.669214,,,,
,,,2871,3440,6.7,8,0.923,3,0,0.773748,6.652197,,,,
,,,2872,3465,3.8,8.5,0.823,1.5,0,0.7824279,6.603374,,,,
,,,2873,3561,-0.1,10.9,0.953,1.6,10,0.7911379,6.442296,,,,
,,,2874,5644,8,15.3,1.108,1.7,0.2,0.799868,3.952493,,,,
,,,2875,3194,4.7,6.3,0.853,1.6,0,0.8086072,6.716676,,,,
,,,2876,3221,4.6,7,0.843,1.1,0,0.8173439,6.651301,,,,
,,,2877,3113,3.8,9.4,0.898,2.2,0.5,0.8260659,6.70368,,,,
,,,2878,6349,0.2,5.8,0.643,2.4,0,0.8347603,2.727925,,,,
,,,2879,5919,-2.2,3.4,0.568,2.1,0,0.8434135,3.295379,,,,
,,,2880,7481,-2.5,5.9,0.513,2.2,0,0.8520114,0.7074942,,,,
,,,2881,4342,-4.8,1.6,0.483,1.4,0,0.8605392,5.274246,,,,
,,,2882,6098,-3.7,4.9,0.558,2,0,0.8689813,2.692679,,,,
,,,2883,8144,-0.4,4.9,0.528,5.8,0,0.877322,0,,,,
,,,2884,6561,-0.9,4.7,0.473,6,0,0.8456998,1.760556,,,,
,,,2885,4590,-3.2,1.6,0.483,3.3,5,0.8529965,4.689609,,,,
,,,2886,3876,-1,2.8,0.578,2.4,0.8,0.8601484,5.524796,,,,
,,,2887,6103,-3.8,4,0.498,2,0.4,0.8671399,2.179032,,,,
,,,2888,2741,-4.8,0.9,0.553,2.5,2,0.8739554,6.768263,,,,
,,,2889,2745,0,2.9,0.618,2.8,8,0.8805792,6.720994,,,,
,,,2890,2749,0.5,2.9,0.668,1.8,6,0.8869953,6.677868,,,,
,,,2891,2663,0.6,2.4,0.563,2.3,0,0.893188,6.768439,,,,
,,,2892,6662,-5.2,5,0.513,2,0,0.8991416,0.5793245,,,,
,,,2893,2616,-1.5,11.3,0.788,5.5,0.2,0.9048404,6.726427,,,,
,,,2894,3257,3.5,10.7,0.763,3.6,1,0.9102692,5.928067,,,,
,,,2895,2844,6.2,12.2,0.828,5.3,6,0.9154131,6.40409,,,,
,,,2896,3510,5.3,8.9,0.768,2.2,0.4,0.9202576,5.5253,,,,
,,,2897,2864,1.5,5.6,0.698,2.4,4,0.9247889,6.364692,,,,
,,,2898,2520,1.5,5,0.723,2.2,2.2,0.9289936,6.751971,,,,
,,,2899,2886,1.1,6.5,0.773,3.1,4,0.9328591,6.280917,,,,
,,,2900,3223,3.8,5.6,0.698,4.8,0,0.9363737,5.84091,,,,
,,,2901,4666,-2.6,3.4,0.518,2.5,0,0.9395266,3.694822,,,,
,,,2902,6338,-5.5,2.3,0.443,1.8,0,0.9423079,0.541649,,,,
,,,2903,6169,-7.3,0.5,0.428,1.4,0,0.9447088,0.8715934,,,,
,,,2904,2791,-5.7,3.8,0.578,2.8,0,0.9467216,6.384675,,,,
,,,2905,1939,0.9,3.5,0.568,4.6,0,0.9483397,7.354052,,,,
,,,2906,3494,1.5,6.4,0.693,3.8,0,0.949558,5.381961,,,,
,,,2907,2420,3.4,6.5,0.813,4,8,0.9503724,6.772854,,,,
,,,2908,4341,2.4,3.6,0.558,4,0,0.9507803,4.110196,,,,
,,,2909,3384,-4,2,0.473,2.2,0,0.9507803,5.613865,,,,
,,,2910,3613,-5.3,1.8,0.483,0.9,0.2,0.9503724,5.286324,,,,
,,,2911,2406,-0.3,0.6,0.568,1.2,0,0.949558,6.840979,,,,
,,,2912,2406,-1.3,-0.5,0.503,1.5,0,0.9483397,6.859748,,,,
,,,2913,3179,-1.3,0.6,0.453,1.4,0,0.9467216,5.926419,,,,
,,,2914,4049,-4.9,3.2,0.548,1.1,0,0.9447088,4.644251,,,,
,,,2915,2412,-0.7,1.2,0.613,1.1,0,0.9423079,6.852528,,,,
,,,2916,2445,-1,1.9,0.618,0.8,0,0.9395266,6.824293,,,,
,,,2917,3286,-2,3.4,0.518,1.8,0.8,0.9363737,5.822023,,,,
,,,2918,3783,-4.8,-0.8,0.423,2.5,0.4,0.9328591,5.197306,,,,
,,,2919,2437,-7.3,-3,0.408,4.2,0,0.9289936,6.919023,,,,
,,,2920,3894,-4.1,-3.5,0.348,2.3,0,0.9247889,5.138452,,,,
,,,2921,2573,-16.1,-1.3,0.403,2.3,10,0.9202576,6.80459,,,,
,,,2922,2555,-1.3,6.2,0.803,3.5,12,0.9154131,6.7585,,,,
,,,2923,2979,1.4,4.7,0.713,3.3,4,0.9102692,6.302195,,,,
,,,2924,2495,2.6,4.9,0.723,4.1,0,0.9048404,6.882117,,,,
,,,2925,2835,2.2,5,0.623,4,0,0.8991416,6.54811,,,,
,,,2926,3566,-2,0.8,0.538,2.5,0,0.893188,5.722749,,,,
,,,2927,2544,-1,0.4,0.563,0.5,2.2,0.8869953,6.930379,,,,
,,,2928,2592,-1.1,2.1,0.613,0.6,1.8,0.8805792,6.895943,,,,
,,,2929,2582,-0.1,2.8,0.633,0.8,0.6,0.8739554,6.928984,,,,
,,,2930,3508,0.3,5.4,0.623,0.8,0,0.8671399,5.937055,,,,
,,,2931,4536,-3.1,1.6,0.528,0.4,0,0.8601484,4.704641,,,,
,,,2932,4480,-5.5,1.1,0.473,0.8,0,0.8529965,4.872587,,,,
,,,2933,2673,-5,-1.6,0.498,0.8,0.4,0.8456998,6.9762,,,,
,,,2934,2884,-2.9,2.5,0.603,0.8,0,0.877322,6.779143,,,,
,,,2935,4163,-1.4,4.8,0.563,1.8,0,0.8689813,5.425317,,,,
,,,2936,5303,-5.4,5.5,0.493,1.1,0,0.8605392,4.059224,,,,
,,,2937,5318,-7.2,6.8,0.473,1.4,0,0.8520114,4.141754,,,,
,,,2938,3571,-1.5,5.8,0.568,3.1,0,0.8434135,6.251594,,,,
,,,2939,2843,2.7,6,0.783,3.6,8.8,0.8347603,6.957078,,,,
,,,2940,2876,4.6,7.1,0.898,2.6,0.2,0.8260659,6.943853,,,,
,,,2941,4999,2.8,9,0.803,1.6,0.2,0.8173439,4.7503,,,,
,,,2942,2944,0.5,5.7,0.778,1.4,0.8,0.8086072,6.974266,,,,
,,,2943,5331,3.5,6.8,0.763,2.6,0,0.799868,4.538712,,,,
,,,2944,6590,1.9,6.8,0.633,4.2,0,0.7911379,3.094019,,,,
,,,2945,7258,-2.9,3.7,0.438,3,0,0.7824279,2.456445,,,,
,,,2946,7845,-6.9,3.8,0.408,1.1,0,0.773748,1.814683,,,,
,,,2947,7686,-6.7,6.3,0.473,1,0,0.7651079,2.137066,,,,
,,,2948,3173,-3.8,0.4,0.508,2.5,2.2,0.7903083,7.052308,,,,
,,,2949,3215,-3.1,-2.1,0.438,2.1,3,0.7808905,7.071122,,,,
,,,2950,3328,-5.3,-1,0.418,2,0.4,0.7715559,7.028052,,,,
,,,2951,5040,-1.9,2,0.458,1.2,0,0.7623121,5.630217,,,,
,,,2952,8676,-5.9,4.3,0.438,1.2,0,0.7531658,1.678667,,,,
,,,2953,8733,-6,5.5,0.448,0.8,0,0.7441232,1.773144,,,,
,,,2954,7093,-6.9,4.6,0.418,1.2,0.4,0.7351898,3.873289,,,,
,,,2955,3487,-2.7,-1.1,0.503,1.4,0,0.7263706,7.087957,,,,
,,,2956,3536,-3.4,-2.7,0.453,1.4,0,0.7176699,7.101453,,,,
,,,2957,3585,-4.5,-4,0.393,2.1,0,0.7090916,7.118058,,,,
,,,2958,3749,-4.7,0.5,0.433,3,0,0.700639,7.039819,,,,
,,,2959,3916,-3.8,3,0.593,2.8,0.2,0.6923149,6.937432,,,,
,,,2960,3739,0.5,3,0.648,1.8,0,0.7129386,7.084429,,,,
,,,2961,3792,0.4,4.8,0.658,2.1,2,0.7040714,7.087533,,,,
,,,2962,4003,1.1,5.5,0.668,2.1,1.6,0.6953632,6.991688,,,,
,,,2963,6549,-2.9,3.4,0.503,1.9,0,0.6868149,5.251796,,,,
,,,2964,7748,-4.4,4.8,0.473,2,0,0.6784269,4.347471,,,,
,,,2965,7838,-5.9,2.8,0.453,1.5,0.2,0.6701993,4.387495,,,,
,,,2966,4069,-1.6,1.4,0.608,1.4,1,0.662132,7.117979,,,,
,,,2967,5481,0.3,10.2,0.758,1.3,0.8,0.6542244,6.249253,,,,
,,,2968,4185,3.5,6,0.843,4.3,10,0.6464759,7.090403,,,,
,,,2969,6121,5.5,13.1,0.893,5.7,3,0.6388855,5.903488,,,,
,,,2970,6833,3.8,10.4,0.728,4.3,6,0.656811,5.518397,,,,
,,,2971,7171,5.2,11.3,0.693,4.3,0,0.6488184,5.366977,,,,
,,,2972,4683,2.6,11.2,0.698,3.5,7,0.6410042,6.99018,,,,
,,,2973,6177,1.2,10.4,0.733,2.4,1,0.6333662,6.160371,,,,
,,,2974,8438,0.9,10.5,0.733,1.6,0,0.6259017,4.696479,,,,
,,,2975,4613,0.1,4.6,0.683,2.2,0,0.6186082,7.141876,,,,
,,,2976,4676,0.9,3.8,0.653,2.2,0,0.6114829,7.150045,,,,
,,,2977,4740,0.3,4.1,0.598,2.6,0,0.604523,7.161998,,,,
,,,2978,4985,0.5,4.2,0.563,1.1,0,0.5977256,7.084715,,,,
,,,2979,5828,-2.1,5.5,0.548,3.3,0,0.613845,6.708463,,,,
,,,2980,14037,-3.3,4.1,0.363,4.8,0,0.6067352,1.237618,,,,
,,,2981,5470,-4.2,2.7,0.498,2.9,0.4,0.5998016,6.977332,,,,
,,,2982,10022,-2.1,4,0.453,2.9,0,0.5930407,4.488135,,,,
,,,2983,7395,-3.1,6.7,0.523,3.8,4,0.5864484,6.098404,,,,
,,,2984,6150,0.1,11.1,0.783,5.8,7.4,0.5800211,6.72122,,,,
,,,2985,5268,4.8,10.3,0.788,3.4,19,0.5737551,7.161704,,,,
,,,2986,11753,-2,2.6,0.513,4.2,0,0.5676466,3.717555,,,,
,,,2987,8129,-1.5,5.7,0.578,3.3,0.2,0.561692,5.926595,,,,
,,,2988,6846,-1.6,6.3,0.598,2.5,6,0.5762728,6.600804,,,,
,,,2989,5541,1.1,9.5,0.933,5.3,4,0.5700743,7.155134,,,,
,,,2990,6158,7.2,12.2,0.903,5.6,2,0.5640389,6.932806,,,,
,,,2991,9240,4,9.8,0.688,4.5,4,0.5581623,5.564346,,,,
,,,2992,6103,0.4,5.9,0.663,5.4,0.8,0.5524405,7.059847,,,,
,,,2993,12890,-2.7,0.7,0.348,4.9,0,0.5468694,3.842322,,,,
,,,2994,17007,-5,2.9,0.338,4,0,0.5414451,1.293294,,,,
,,,2995,17052,-6.1,6.1,0.413,1.8,0,0.5361638,1.339423,,,,
,,,2996,17044,-4.4,8.3,0.498,1.8,0,0.5310217,1.418239,,,,
,,,2997,16353,-3,7.9,0.518,2.3,0,0.5443308,2.012185,,,,
,,,2998,16123,-3.2,10.5,0.548,1.8,0,0.5389965,2.272053,,,,
,,,2999,9155,-1.8,11.8,0.638,2,0.2,0.5338076,6.068741,,,,
,,,3000,7322,3.9,11.2,0.783,1.1,0,0.5287601,6.829574,,,,
,,,3001,14276,4.9,16.4,0.873,3.4,0,0.52385,3.545568,,,,
,,,3002,10718,6.3,15.6,0.958,1.8,1,0.5190735,5.441219,,,,
,,,3003,7770,3.6,12.1,0.943,1,8,0.5144268,6.735669,,,,
,,,3004,9216,6.5,12.4,0.958,1.3,9,0.5099065,6.200853,,,,
,,,3005,8090,5.9,16,1.058,4.6,0.6,0.5055089,6.665872,,,,
,,,3006,8557,9.6,15.1,1.113,2.8,1.2,0.5177908,6.51542,,,,
,,,3007,14711,9.8,22.8,1.173,4.2,0,0.5132406,3.735555,,,,
,,,3008,10342,12.3,19.6,1.123,4.5,0.2,0.5088175,5.884167,,,,
,,,3009,9755,8.6,13,0.923,3.8,4,0.5045179,6.203419,,,,
,,,3010,9896,5.7,14,0.903,3.3,2.6,0.5003382,6.192969,,,,
,,,3011,8330,7.6,17.4,1.168,3.8,11,0.4962751,6.758227,,,,
,,,3012,13844,9.5,18.6,1.093,2.4,0.2,0.4923252,4.57316,,,,
,,,3013,11416,4.8,16.4,1.018,2.2,2,0.4884854,5.699971,,,,
,,,3014,12548,4.2,16.7,0.988,3.2,2,0.4847525,5.291823,,,,
,,,3015,15086,5.5,14.3,0.803,3.2,1,0.4962234,4.29861,,,,
,,,3016,17995,-0.1,15.3,0.763,1.6,6,0.4923688,2.992572,,,,
,,,3017,7486,5.1,5.5,0.753,3.5,8,0.4886243,7.231898,,,,
,,,3018,21887,-1.1,10,0.553,3.4,0,0.4849867,1.26941,,,,
,,,3019,22079,-2,12.8,0.568,2,0,0.4814532,1.262826,,,,
,,,3020,18757,-1.3,17.6,0.708,1.9,0.2,0.4780206,2.982947,,,,
,,,3021,7752,7.1,7.9,0.863,2.3,31,0.4746861,7.221867,,,,
,,,3022,7818,2.8,5.9,0.758,4.1,8,0.4714471,7.235017,,,,
,,,3023,18434,-0.3,10,0.633,3.7,0.2,0.4683008,3.403671,,,,
,,,3024,9400,3.1,11.1,0.768,2.9,2,0.4652447,6.818324,,,,
,,,3025,8377,2.6,12.6,0.863,1.9,0,0.4759086,7.122915,,,,
,,,3026,17840,8.9,17.8,1.008,1.6,0,0.4727608,3.705602,,,,
,,,3027,8568,6.9,16.9,1.023,4.2,0.8,0.4697056,7.088776,,,,
,,,3028,11215,8.5,17.1,1.013,2.7,0,0.4667404,6.31837,,,,
,,,3029,14929,4.7,16.6,0.993,3,0,0.4638626,5.061563,,,,
,,,3030,18544,7.7,14.6,0.883,3.5,0,0.46107,3.696014,,,,
,,,3031,22554,2.9,16.6,0.798,2.4,0,0.4583601,1.987118,,,,
,,,3032,23346,5.7,19.2,0.893,1.6,0,0.4557307,1.626113,,,,
,,,3033,24080,4.6,21.8,0.953,2.4,0,0.4531796,1.310025,,,,
,,,3034,23372,6,21.6,1.048,1.6,0,0.4634291,1.686173,,,,
,,,3035,24106,6.6,22.7,1.083,1.6,0.8,0.4608068,1.387568,,,,
,,,3036,13606,8,22.3,1.238,1.9,15,0.4582649,5.726659,,,,
,,,3037,18051,8.9,20.9,1.308,1.6,0,0.4558013,4.118997,,,,
,,,3038,13623,10,18.3,1.248,2.5,0,0.4534137,5.777972,,,,
,,,3039,10572,10.8,16.7,1.258,3.9,0.4,0.4511003,6.725784,,,,
,,,3040,10057,9,15.3,0.963,4.7,0,0.4488591,6.920759,,,,
,,,3041,13442,2.9,12.3,0.633,3.5,0,0.4466881,6.044918,,,,
,,,3042,20434,-0.3,13.9,0.643,2.2,0,0.4445856,3.662385,,,,
,,,3043,13831,4,17,0.863,1.7,0,0.4425499,5.920538,,,,
,,,3044,23429,5.1,22.9,1.083,3.1,0,0.4405791,2.312814,,,,
,,,3045,23900,8.1,24.5,1.048,1.6,0,0.4503409,2.179587,,,,
,,,3046,23919,8.5,25.4,1.178,1.6,1,0.4483247,2.165277,,,,
,,,3047,15781,12.5,21.1,1.413,3.1,14,0.4463753,5.281276,,,,
,,,3048,11599,11.9,20.7,1.463,1.6,10,0.4444911,6.569389,,,,
,,,3049,13800,12.1,19.9,1.433,1.6,3.4,0.4426705,5.955059,,,,
,,,3050,10789,10.9,14.8,1.168,2.4,16,0.4409119,6.850311,,,,
,,,3051,15152,6.9,15.4,0.963,3.3,7,0.4392137,5.676173,,,,
,,,3052,12458,6.9,12.8,0.963,1.9,10,0.4375746,6.468401,,,,
,,,3053,19329,5.7,19,1.118,1.6,0,0.4359931,4.303227,,,,
,,,3054,16629,6.8,20.7,1.163,2,5.2,0.434468,5.232223,,,,
,,,3055,11288,7.8,16.4,1.303,1.5,6,0.4329977,6.768197,,,,
,,,3056,19305,9.6,20.4,1.268,1.4,0,0.4425584,4.351668,,,,
,,,3057,17223,9.6,25.6,1.458,2,18,0.4410665,5.038333,,,,
,,,3058,15063,13.1,21.4,1.618,2.2,0.2,0.4396315,5.710284,,,,
,,,3059,13756,11.6,26,1.748,1.4,0.8,0.4382521,6.092499,,,,
,,,3060,11765,16.9,18,1.538,2.7,10,0.4369271,6.674131,,,,
,,,3061,16977,9.3,18.6,1.143,2.7,1,0.4356553,5.267021,,,,
,,,3062,13370,11.8,18.3,1.103,4.5,1.2,0.4344355,6.333303,,,,
,,,3063,22048,11.2,23.5,1.158,4.4,0,0.4332668,3.582832,,,,
,,,3064,11717,14.8,19.1,1.253,3.6,7,0.4321479,6.758278,,,,
,,,3065,23072,7.3,17,0.953,2.8,0.2,0.4310781,3.334755,,,,
,,,3066,24914,4.1,17,0.888,2.8,0,0.4300562,2.693349,,,,
,,,3067,12086,5.2,17,1.078,2.4,0.2,0.4290814,6.714511,,,,
,,,3068,10648,12.5,20.8,1.478,2.4,0,0.4281528,7.022083,,,,
,,,3069,18361,14.4,23.1,1.628,2.2,0,0.4272696,4.84703,,,,
,,,3070,20802,12.4,22.6,1.618,3.1,0.2,0.426431,4.036636,,,,
,,,3071,12874,14.1,16.8,1.313,3.2,3,0.4256362,6.514802,,,,
,,,3072,16047,5.5,13.2,0.873,3,0.2,0.4248846,5.749279,,,,
,,,3073,17550,4.3,13.3,0.838,3.5,0,0.4343405,5.334657,,,,
,,,3074,11545,6.4,12.6,0.903,3.1,2,0.4336099,6.910572,,,,
,,,3075,17603,5.3,14.5,0.908,4.1,0,0.4329247,5.319016,,,,
,,,3076,29568,5,19.2,0.878,4.2,0,0.4322843,1.053308,,,,
,,,3077,22214,7.2,20.6,1.118,3.3,0,0.4316881,3.789,,,,
,,,3078,24790,8.8,21.1,1.153,2.9,0,0.4311354,2.852318,,,,
,,,3079,26424,8,20.5,1.038,2.6,0,0.4306258,2.288901,,,,
,,,3080,29134,5.8,21,0.918,2.6,0,0.4301587,1.275981,,,,
,,,3081,30028,6.5,23.4,1.028,1.7,0,0.4297338,0.8468567,,,,
,,,3082,29577,7.4,26.2,1.168,2,0,0.4293505,0.9709588,,,,
,,,3083,29998,10.5,27.7,1.123,2,0,0.4290086,0.82693,,,,
,,,3084,29006,10.9,28.8,1.348,2,0,0.4287077,1.139683,,,,
,,,3085,29558,12.7,29.1,1.353,2.5,0,0.4284474,0.9089713,,,,
,,,3086,29705,13.1,29.9,1.343,1.8,0,0.4282277,0.8571733,,,,
,,,3087,28639,13.3,31.2,1.378,1.7,0,0.4280482,1.298445,,,,
,,,3088,28446,13.6,30.5,1.168,1.9,0,0.4279087,1.485429,,,,
,,,3089,17350,14.9,28.6,1.573,1.7,0,0.4278092,5.312508,,,,
,,,3090,18746,16.9,29.4,1.833,1.8,10.2,0.4277496,4.828165,,,,
,,,3091,25569,13.8,29.8,1.698,1.9,1.2,0.4277297,2.42304,,,,
,,,3092,18166,16.6,28.9,1.868,1.8,17,0.4277496,5.004444,,,,
,,,3093,17000,16.3,25.9,1.913,2.4,0,0.4278092,5.355158,,,,
,,,3094,20321,17.2,25.7,1.748,2.5,0,0.4279087,4.322302,,,,
,,,3095,13795,17,22.7,1.513,2.6,0,0.4280482,6.314856,,,,
,,,3096,30004,11,24.9,1.293,1.9,0,0.4282277,0.7392143,,,,
,,,3097,21456,12.2,29,1.673,2.3,5,0.4284474,3.937672,,,,
,,,3098,18759,16.5,27,1.958,2.2,14,0.4287077,4.777445,,,,
,,,3099,17122,15.9,25,1.728,1.9,10,0.4290086,5.329258,,,,
,,,3100,20675,15.7,26.4,1.898,2.4,0,0.4293505,4.132918,,,,
,,,3101,23436,16.1,27.8,1.898,1.6,0,0.4297338,3.120689,,,,
,,,3102,26581,15.3,28,1.783,2.1,0,0.4301587,1.898854,,,,
,,,3103,29050,15.5,28.9,1.603,2.1,0,0.4306258,0.9055605,,,,
,,,3104,29703,15.3,29.9,1.603,2.1,0,0.4311354,0.5971683,,,,
,,,3105,29750,14.1,30.3,1.653,1.5,0.2,0.4316881,0.5306484,,,,
,,,3106,29124,14.9,31.7,1.808,1.6,0,0.4322843,0.7181023,,,,
,,,3107,25146,17.2,33.1,1.858,2.1,0,0.4329247,2.373421,,,,
,,,3108,18352,17.7,26.3,1.798,2.9,17,0.4336099,4.85357,,,,
,,,3109,13106,16.1,22.8,1.813,1.8,5.2,0.4343405,6.392018,,,,
,,,3110,21189,14,24.2,1.748,2.5,0,0.4248846,3.863869,,,,
,,,3111,22165,15.1,27.3,1.713,1.6,0,0.4256362,3.498013,,,,
,,,3112,12374,14.3,26.7,1.843,1.4,0.2,0.426431,6.558114,,,,
,,,3113,29259,16.2,29.8,1.833,2,0,0.4272696,0.4420171,,,,
,,,3114,28622,15.9,32.5,2.003,2.1,0,0.4281528,0.626268,,,,
,,,3115,25915,19.2,31.5,1.998,2.6,0,0.4290814,1.801756,,,,
,,,3116,25279,18.1,31.1,1.968,2,0,0.4300562,2.052222,,,,
,,,3117,21842,17.8,31.5,2.088,2.6,0,0.4310781,3.38123,,,,
,,,3118,26865,18.6,30.7,2.083,1.8,0,0.4321479,1.246062,,,,
,,,3119,28220,18.5,32,1.738,2,0,0.4332668,0.7280987,,,,
,,,3120,29038,15.3,32.4,1.418,1.8,0,0.4344355,0.4601537,,,,
,,,3121,27528,14.6,33.7,1.708,2,0,0.4356553,0.9716074,,,,
,,,3122,22374,18.1,34.3,1.773,3.1,0,0.4369271,3.114781,,,,
,,,3123,26102,17.8,33.8,1.753,1.4,0,0.4382521,1.508945,,,,
,,,3124,27111,18.3,35.5,1.793,1.7,0,0.4396315,0.9861981,,,,
,,,3125,16455,20.4,31.5,1.783,3,0,0.4410665,5.185368,,,,
,,,3126,26341,19.8,30.8,1.658,3.5,0,0.4425584,1.299465,,,,
,,,3127,26878,17.8,33.7,1.633,2.1,0,0.4329977,1.011275,,,,
,,,3128,26554,18.5,35.3,1.703,1.8,0,0.434468,1.078155,,,,
,,,3129,24717,18.3,36.4,1.738,1.8,0,0.4359931,1.853301,,,,
,,,3130,23502,19,32.6,1.758,3.4,17,0.4375746,2.333315,,,,
,,,3131,20198,17.1,28.8,1.923,2.3,0,0.4392137,3.617632,,,,
,,,3132,22041,16.4,29.3,1.868,1.9,0,0.4409119,2.831603,,,,
,,,3133,18971,16.9,30.1,1.888,1.4,0,0.4426705,4.032463,,,,
,,,3134,9900,17.9,23,1.928,1.5,1.8,0.4444911,6.95393,,,,
,,,3135,19374,16.2,26,1.528,3.8,0.2,0.4463753,3.892918,,,,
,,,3136,12479,14.7,22.4,1.448,3.4,27,0.4483247,6.252024,,,,
,,,3137,16580,14.5,23.2,1.558,3.9,4.2,0.4503409,4.861173,,,,
,,,3138,12634,14.3,20.9,1.478,3.4,0,0.4405791,6.159163,,,,
,,,3139,12386,12.2,21.5,1.448,3.5,0.2,0.4425499,6.217286,,,,
,,,3140,18079,12.8,23.4,1.518,3.5,0,0.4445856,4.197269,,,,
,,,3141,23105,11.9,25.4,1.453,2.5,0,0.4466881,2.009974,,,,
,,,3142,18654,14.8,24.7,1.573,4.2,3,0.4488591,3.863581,,,,
,,,3143,17426,13.9,23.4,1.313,3,0,0.4511003,4.380696,,,,
,,,3144,20045,15,23,1.273,2.8,0,0.4534137,3.272041,,,,
,,,3145,9682,12.9,19.3,1.323,3.1,5.6,0.4558013,6.900085,,,,
,,,3146,13068,12.1,18.5,1.358,2.8,3.6,0.4582649,5.836196,,,,
,,,3147,10905,12.5,18.2,1.318,4.2,8.2,0.4608068,6.505226,,,,
,,,3148,15031,12.1,20.7,1.333,2.4,0.2,0.4634291,5.07911,,,,
,,,3149,20650,8.7,23.8,1.358,2.1,2,0.4531796,2.654208,,,,
,,,3150,16904,13.8,24.6,1.623,2.4,3,0.4557307,4.175713,,,,
,,,3151,15568,14.7,25.3,1.733,2.8,43,0.4583601,4.651702,,,,
,,,3152,22701,11.6,25.2,1.443,3.1,0,0.46107,1.361448,,,,
,,,3153,14163,11.8,23.3,1.583,2.3,7.2,0.4638626,5.150821,,,,
,,,3154,14523,13.6,22.1,1.523,2,0,0.4667404,4.977986,,,,
,,,3155,17554,12.2,21.7,1.413,2.7,0.2,0.4697056,3.662926,,,,
,,,3156,16411,15.7,23.1,1.558,2.2,0.2,0.4727608,4.070679,,,,
,,,3157,21632,10.2,24.5,1.473,1.1,0,0.4759086,1.444216,,,,
,,,3158,16789,13.9,22,1.353,3.3,1,0.4652447,3.835779,,,,
,,,3159,17190,10.8,21.2,1.273,1.8,0,0.4683008,3.60954,,,,
,,,3160,13493,12.3,21.5,1.508,2.8,8.8,0.4714471,5.114062,,,,
,,,3161,14202,11.6,20.3,1.358,2.5,0,0.4746861,4.800882,,,,
,,,3162,8236,10,19.3,1.503,2.2,15,0.4780206,6.957123,,,,
,,,3163,8796,11.9,15.9,1.323,2.1,7,0.4814532,6.771656,,,,
,,,3164,13616,9.8,18.8,1.233,1.6,0,0.4849867,4.920148,,,,
,,,3165,22718,6.9,21.5,1.163,1.4,0.2,0.4886243,0.05441081,,,,
,,,3166,22413,7.7,26.3,1.363,1.6,0,0.4923688,0,,,,
,,,3167,10525,15,23.8,1.683,1.3,0,0.4962234,5.964305,,,,
,,,3168,14236,16.8,27.6,1.938,1.8,0,0.4847525,4.210956,,,,
,,,3169,9842,17.6,25.7,2.033,1.7,0,0.4884854,6.106778,,,,
,,,3170,19495,15.9,27.5,1.948,1.5,0.2,0.4923252,1.031464,,,,
,,,3171,15754,15.7,27.7,2.078,1.1,6,0.4962751,3.130455,,,,
,,,3172,14485,16.3,28.9,2.048,2,0.4,0.5003382,3.74983,,,,
,,,3173,18142,13.4,22.8,1.408,3,0,0.5045179,1.745491,,,,
,,,3174,19287,9.4,26.1,1.533,1.6,0.2,0.5088175,0.8162745,,,,
,,,3175,11208,14.5,26.6,1.848,1.3,0,0.5132406,5.245243,,,,
,,,3176,19941,13.1,29.4,1.713,1.3,0,0.5177908,0,,,,
,,,3177,19524,12.2,28.7,1.508,1.6,0,0.5055089,0.2172374,,,,
,,,3178,15222,13.6,28.1,1.533,3.1,1,0.5099065,2.917055,,,,
,,,3179,12981,15.5,25.6,1.723,3.1,12,0.5144268,4.072419,,,,
,,,3180,6860,15.6,16.8,1.708,2.4,8,0.5190735,6.923081,,,,
,,,3181,15875,11.6,23.6,1.603,1.5,0.2,0.52385,2.127286,,,,
,,,3182,10858,14.1,20.2,1.633,4.1,0,0.5287601,5.015987,,,,
,,,3183,11312,11.9,21.1,1.543,2.4,0,0.5338076,4.719972,,,,
,,,3184,14100,11.6,21.5,1.438,2.1,0,0.5389965,2.994661,,,,
,,,3185,18745,11.7,23.9,1.498,1.1,0.4,0.5443308,0,,,,
,,,3186,18440,10.2,26.8,1.363,5,0,0.5310217,0,,,,
,,,3187,7660,18.4,24,1.443,3.5,2,0.5361638,6.348281,,,,
,,,3188,9440,14.5,25.2,1.688,1.8,1.4,0.5414451,5.354934,,,,
,,,3189,6238,16.5,20.8,1.583,2.8,5,0.5468694,6.889127,,,,
,,,3190,7059,11.4,17.6,1.403,2,0.2,0.5524405,6.500491,,,,
,,,3191,9120,12.2,18.7,1.393,3,0.2,0.5581623,5.388069,,,,
,,,3192,11206,10.1,19.4,1.363,1.6,0.2,0.5640389,4.049297,,,,
,,,3193,11358,8.8,21.3,1.413,0.8,0.2,0.5700743,3.829554,,,,
,,,3194,13598,8.6,24.2,1.478,1.3,8,0.5762728,2.0357,,,,
,,,3195,8206,13.4,22.1,1.743,1.8,8,0.561692,5.570256,,,,
,,,3196,6760,15.7,21.8,1.833,1.9,0,0.5676466,6.307755,,,,
,,,3197,7883,10.9,23.6,1.673,2.9,3.2,0.5737551,5.64061,,,,
,,,3198,6262,16.5,19.3,1.453,3.9,12,0.5800211,6.52457,,,,
,,,3199,8897,6.7,16.7,1.133,1.4,1.4,0.5864484,4.982631,,,,
,,,3200,10953,6.4,17.5,1.178,1.8,0.2,0.5930407,3.412256,,,,
,,,3201,7353,11.3,19.9,1.358,2.5,13,0.5998016,5.752404,,,,
,,,3202,9728,11.8,17,1.223,2.4,0,0.6067352,4.090794,,,,
,,,3203,11439,5.2,18.7,1.118,1.2,0.2,0.613845,2.644744,,,,
,,,3204,13362,7.6,22.8,1.288,1.1,0.2,0.5977256,0.61838,,,,
,,,3205,13559,7.8,23.6,1.313,1,0,0.604523,0.2016439,,,,
,,,3206,6013,9,19.8,1.293,1.5,2,0.6114829,6.279,,,,
,,,3207,7068,11.3,19.2,1.463,1.4,0,0.6186082,5.496062,,,,
,,,3208,3865,10.9,15.7,1.458,1.5,0,0.6259017,7.377412,,,,
,,,3209,5566,12.9,16.9,1.453,1,0,0.6333662,6.366048,,,,
,,,3210,7031,9.1,17.8,1.353,1.3,0.2,0.6410042,5.310498,,,,
,,,3211,9900,7.7,19.3,1.293,1.1,0.2,0.6488184,2.78218,,,,
,,,3212,10683,5.3,20.1,1.093,2.9,0,0.656811,1.94588,,,,
,,,3213,7490,10.5,19.7,1.083,4.6,0.2,0.6388855,4.758938,,,,
,,,3214,5090,13.7,17.1,1.378,4.1,8,0.6464759,6.416772,,,,
,,,3215,5111,10.9,19.2,1.453,2.6,9,0.6542244,6.336444,,,,
,,,3216,9460,10.8,20.5,1.418,2,2,0.662132,2.409801,,,,
,,,3217,9354,9.1,20.6,1.388,4.4,1,0.6701993,2.374904,,,,
,,,3218,4576,14.8,20.5,1.618,4.7,0.8,0.6784269,6.528024,,,,
,,,3219,7688,13.7,19.6,1.153,2.9,0,0.6868149,3.913749,,,,
,,,3220,9254,9,22,1.283,4.8,0,0.6953632,2.035436,,,,
,,,3221,9521,16.2,25.6,1.373,4.7,0,0.7040714,1.49191,,,,
,,,3222,10552,14,24.4,1.528,1.3,0,0.7129386,0,,,,
,,,3223,6773,10.6,20.8,1.498,0.8,0.4,0.6923149,4.257963,,,,
,,,3224,4895,9.8,18.8,1.503,1.5,0,0.700639,5.942584,,,,
,,,3225,7956,10.1,16.6,1.223,1.7,0,0.7090916,2.792858,,,,
,,,3226,4808,4.7,16.5,1.168,1.7,0,0.7176699,5.951054,,,,
,,,3227,5406,8.7,11.1,0.888,3.7,0,0.7263706,5.407316,,,,
,,,3228,10498,-0.3,8.7,0.523,3.6,0,0.7351898,0,,,,
,,,3229,10499,-3.7,8.6,0.548,2.8,0,0.7441232,0,,,,
,,,3230,9556,-3.2,10,0.583,1.2,0,0.7531658,0.2070586,,,,
,,,3231,8100,-4.3,8.9,0.613,0.9,0,0.7623121,2.022129,,,,
,,,3232,5262,-1.9,7.3,0.653,1.4,0,0.7715559,5.220142,,,,
,,,3233,5975,0.3,10.5,0.743,1.8,0,0.7808905,4.31861,,,,
,,,3234,4117,-0.2,15.9,0.973,1.1,0,0.7903083,6.119878,,,,
,,,3235,3414,4.9,13.5,1.098,0.8,0,0.7651079,6.690729,,,,
,,,3236,6449,1.7,9,0.803,1.6,0,0.773748,3.369759,,,,
,,,3237,3323,0,8.5,0.898,1.8,5,0.7824279,6.718475,,,,
,,,3238,4300,8.3,12,1.088,2.9,0,0.7911379,5.660373,,,,
,,,3239,3340,6.4,12.1,1.063,2.2,0.8,0.799868,6.585965,,,,
,,,3240,4543,8.9,16,1.113,1.3,0,0.8086072,5.238448,,,,
,,,3241,8265,4,18.3,1.078,5.3,0,0.8173439,0,,,,
,,,3242,3964,14.5,18.7,1.103,8.6,19,0.8260659,5.773906,,,,
,,,3243,3141,9.7,10.6,1.128,2.8,1,0.8347603,6.596743,,,,
,,,3244,5580,2,12.8,0.933,1.2,1.4,0.8434135,3.588962,,,,
,,,3245,2999,3.3,11.9,0.958,2.4,4,0.8520114,6.688418,,,,
,,,3246,5369,-1,9.4,0.803,3,3.2,0.8605392,3.757549,,,,
,,,3247,3483,7.3,12.2,1.003,4.1,7,0.8689813,6.074949,,,,
,,,3248,4839,2.2,9.5,0.783,3.4,2,0.877322,4.351361,,,,
,,,3249,4534,5.6,15.1,1.093,3.6,0.2,0.8456998,4.591566,,,,
,,,3250,2861,8.3,16.7,1.168,7.3,0.8,0.8529965,6.619437,,,,
,,,3251,2799,16.1,18.8,1.208,7.6,9,0.8601484,6.647363,,,,
,,,3252,4726,8.7,13.6,1.133,1.4,0,0.8671399,4.071243,,,,
,,,3253,6244,4.9,18.1,1.093,1.7,0,0.8739554,1.382091,,,,
,,,3254,6257,6.6,18.4,1.123,2.2,2,0.8805792,1.221174,,,,
,,,3255,3614,7.5,10.3,0.973,2.8,0,0.8869953,5.549176,,,,
,,,3256,2907,3.3,8.3,0.838,1.7,0,0.893188,6.433337,,,,
,,,3257,5230,1.7,14.2,0.848,1.3,0,0.8991416,2.996542,,,,
,,,3258,2798,3.7,12.9,0.998,2.5,0,0.9048404,6.475366,,,,
,,,3259,5640,8.6,15.9,1.113,4,3.8,0.9102692,1.939324,,,,
,,,3260,2604,7,13.4,1.158,4,3.6,0.9154131,6.632698,,,,
,,,3261,3718,9.9,16.5,1.248,3.5,5,0.9202576,5.085568,,,,
,,,3262,2596,7.6,9.8,0.973,2.5,3,0.9247889,6.63355,,,,
,,,3263,2964,-0.1,7.5,0.808,2.8,4,0.9289936,6.192368,,,,
,,,3264,2798,6.4,13.8,0.918,5.4,3.2,0.9328591,6.360396,,,,
,,,3265,2753,0.8,7.4,0.773,1.7,0.6,0.9363737,6.431406,,,,
,,,3266,3794,2.1,7.2,0.718,2,0,0.9395266,4.995697,,,,
,,,3267,5726,-3.2,6.4,0.618,2.1,0.2,0.9423079,1.628404,,,,
,,,3268,2452,2.3,6.8,0.768,1.6,1,0.9447088,6.763353,,,,
,,,3269,4707,2.4,6.6,0.728,1.8,0,0.9467216,3.424817,,,,
,,,3270,2434,-1.6,1.5,0.598,0.8,0,0.9483397,6.804874,,,,
,,,3271,4267,-2.1,5.2,0.613,1.1,0,0.949558,4.213391,,,,
,,,3272,3571,-2.3,11.1,0.793,1.2,0.4,0.9503724,5.22878,,,,
,,,3273,2415,5,6.5,0.793,2.8,1,0.9507803,6.781186,,,,
,,,3274,3015,0.1,4.6,0.678,4.3,0,0.9507803,6.050246,,,,
,,,3275,6225,-1.5,4.6,0.493,4.6,0,0.9503724,0.5951571,,,,
,,,3276,6451,-4.1,3,0.433,2,0,0.949558,0.1944606,,,,
,,,3277,5934,-5.4,3,0.468,1.3,0,0.9483397,1.264448,,,,
,,,3278,3011,-6.3,-0.4,0.453,0.8,0,0.9467216,6.145933,,,,
,,,3279,2409,-4.9,-2.4,0.473,0.9,0,0.9447088,6.876777,,,,
,,,3280,2412,-3.6,-2.6,0.488,1.2,0,0.9423079,6.878977,,,,
,,,3281,2417,-3,-1.2,0.513,1.6,0,0.9395266,6.878206,,,,
,,,3282,2422,-2.5,-1.4,0.498,1.6,0,0.9363737,6.88763,,,,
,,,3283,2429,-3.7,-2.3,0.478,1.1,0,0.9328591,6.897342,,,,
,,,3284,3908,-5.8,0.4,0.473,0.8,0,0.9289936,5.022799,,,,
,,,3285,3921,-5.8,2,0.498,1,0,0.9247889,5.025432,,,,
,,,3286,3185,-3.9,11.9,0.758,3,0,0.9202576,5.976981,,,,
,,,3287,2357,4.5,12.1,0.973,2.5,0.8,0.9154131,6.952829,,,,
,,,3288,2910,4.7,8.5,0.853,3.3,14,0.9102692,6.354026,,,,
,,,3289,2818,2.8,7.9,0.768,5.6,1.4,0.9048404,6.508481,,,,
,,,3290,4224,3.7,9.1,0.748,2.4,0,0.8991416,4.690052,,,,
,,,3291,2526,1,7.9,0.833,3,5,0.893188,6.875137,,,,
,,,3292,2544,5.5,8.3,0.928,1.6,0.2,0.8869953,6.864979,,,,
,,,3293,3490,5.3,11.8,0.973,2.8,0.4,0.8805792,5.773937,,,,
,,,3294,2612,7.6,10.4,1.013,2.3,1,0.8739554,6.832444,,,,
,,,3295,2815,5.6,11.6,1.038,4,5.8,0.8671399,6.638756,,,,
,,,3296,3259,8.5,9.3,1.168,2.8,0,0.8601484,6.144426,,,,
,,,3297,2801,3.8,12.9,1.023,2.2,1,0.8529965,6.722306,,,,
,,,3298,4304,6,13.3,0.938,3,0.8,0.8456998,4.988751,,,,
,,,3299,4618,7.7,12.3,1.003,2.4,0,0.877322,4.610081,,,,
,,,3300,3285,7,10.9,0.988,1.5,0.2,0.8689813,6.320584,,,,
,,,3301,3443,4,11.7,0.978,1.6,0,0.8605392,6.194413,,,,
,,,3302,2782,1.9,6.3,0.783,1,0.2,0.8520114,6.945614,,,,
,,,3303,2812,-0.4,8.3,0.838,1,0,0.8434135,6.942365,,,,
,,,3304,4061,5.8,13.1,0.988,2.9,0.2,0.8347603,5.660152,,,,
,,,3305,2876,9.2,13.1,1.088,5.9,0.5,0.8260659,6.916101,,,,
,,,3306,2909,10.4,13.6,1.253,3.4,0.6,0.8173439,6.900145,,,,
,,,3307,3141,9.6,14.5,1.118,2.8,3,0.8086072,6.742784,,,,
,,,3308,5000,5.9,10.1,0.833,2.3,0,0.799868,4.907881,,,,
,,,3309,3016,1,5.3,0.703,1.8,18,0.7911379,6.998664,,,,
,,,3310,3054,0.8,1.5,0.578,4.5,7.6,0.7824279,7.024661,,,,
,,,3311,4347,-4.9,-1.3,0.383,4,0,0.773748,5.978102,,,,
,,,3312,6043,-11.4,-2.7,0.323,2.5,0,0.7651079,4.315327,,,,
,,,3313,8869,-10.1,-1.9,0.308,2.2,0,0.7903083,0.8102086,,,,
,,,3314,3215,-10.8,-0.6,0.443,2.2,0,0.7808905,7.070098,,,,
,,,3315,5511,-1.3,2.1,0.558,2,0,0.7715559,5.048801,,,,
,,,3316,5996,-1.6,4.5,0.613,1.7,0,0.7623121,4.610988,,,,
,,,3317,3347,0.8,2.8,0.618,1.1,0,0.7531658,7.052154,,,,
,,,3318,3392,0.1,1.7,0.598,1.3,0,0.7441232,7.061523,,,,
,,,3319,3439,0.2,4.8,0.708,3.5,0,0.7351898,7.047975,,,,
,,,3320,4697,2.2,7.4,0.743,1.7,0,0.7263706,6.114484,,,,
,,,3321,5835,2.3,10.1,0.738,3.5,0,0.7176699,5.18406,,,,
,,,3322,10058,-2.1,9.2,0.603,1.4,0,0.7090916,0.6737425,,,,
,,,3323,6508,-3.3,9.8,0.693,1.6,1,0.700639,4.75187,,,,
,,,3324,3687,3,4.9,0.753,1.6,0.8,0.6923149,7.062962,,,,
,,,3325,3970,0.5,8.4,0.778,2.9,3,0.7129386,6.910915,,,,
,,,3326,3792,4.1,9.5,0.828,3.4,5,0.7040714,7.061347,,,,
,,,3327,9800,-1.7,11.4,0.733,2.3,2,0.6953632,1.84446,,,,
,,,3328,4296,3.8,9,0.843,3,9,0.6868149,6.815943,,,,
,,,3329,6392,5.4,13.9,0.868,4.4,6.2,0.6784269,5.335454,,,,
,,,3330,4374,6.4,11.7,0.878,5.4,0.6,0.6701993,6.849606,,,,
,,,3331,6589,5.2,11.4,0.723,4,0.2,0.662132,5.387471,,,,
,,,3332,4127,1.5,9.5,0.843,4,8,0.6542244,7.086177,,,,
,,,3333,11718,3.9,10.8,0.763,3,0,0.6464759,0.8251394,,,,
,,,3334,11719,-1,15.8,0.703,1.7,0,0.6388855,1.070549,,,,
,,,3335,6497,4.1,15.2,0.718,2.8,0,0.656811,5.757579,,,,
,,,3336,8233,4.3,13,0.858,1.8,0,0.6488184,4.506157,,,,
,,,3337,9917,6,13.4,0.893,2.2,0,0.6410042,3.19651,,,,
,,,3338,9765,-1.4,12.7,0.783,1.3,0,0.6333662,3.515702,,,,
,,,3339,6474,-0.8,11.3,0.813,1.3,1,0.6259017,6.015997,,,,
,,,3340,11616,1.9,15.2,0.883,1.4,0,0.6186082,2.124627,,,,
,,,3341,9743,1.8,15.9,0.873,2,5,0.6114829,3.855372,,,,
,,,3342,6579,6.9,13.3,0.948,4.2,5.8,0.604523,6.103498,,,,
,,,3343,7291,7.4,12.3,0.903,5,4,0.5977256,5.743596,,,,
,,,3344,5508,6.4,9.8,0.868,5,6.2,0.613845,6.813212,,,,
,,,3345,6315,2.8,10.7,0.883,3.1,0.8,0.6067352,6.432013,,,,
,,,3346,7041,8.2,15.8,0.918,4.8,0,0.5998016,6.078307,,,,
,,,3347,5067,8.5,11.9,0.973,4.5,44,0.5930407,7.128187,,,,
,,,3348,7207,6.4,12.4,1.043,3.2,10,0.5864484,6.076407,,,,
,,,3349,10093,9.2,15.1,1.038,4.4,0.4,0.5800211,4.391399,,,,
,,,3350,13265,3,17.2,0.958,2.5,0,0.5737551,2.241927,,,,
,,,3351,10548,9.1,14.7,0.843,3.6,0,0.5676466,4.354527,,,,
,,,3352,5940,2.1,13.7,0.818,2.9,2.2,0.561692,6.930934,,,,
,,,3353,9543,6.8,13.9,0.918,2.8,7,0.5762728,5.116015,,,,
,,,3354,10480,6.2,12.3,0.803,3.3,0.8,0.5700743,4.684035,,,,
,,,3355,7703,1.3,11.5,0.753,3.3,2.2,0.5640389,6.258534,,,,
,,,3356,15807,1.2,10.7,0.623,4.2,0,0.5581623,1.438597,,,,
,,,3357,16759,-1.2,13.3,0.588,3,0,0.5524405,0.9146865,,,,
,,,3358,16909,-1.7,16.2,0.653,1.2,0,0.5468694,0.9130595,,,,
,,,3359,16751,-0.5,17.5,0.738,1.6,0,0.5414451,1.126568,,,,
,,,3360,16278,2.4,16.6,0.808,2.7,0,0.5361638,1.572805,,,,
,,,3361,13773,1.8,15.7,0.888,1.5,0,0.5310217,3.321574,,,,
,,,3362,13895,2.6,15.4,0.818,2.1,0,0.5443308,3.386905,,,,
,,,3363,10225,0.4,12.7,0.788,3.2,0,0.5389965,5.48053,,,,
,,,3364,6450,6.6,12.8,0.928,3.3,5,0.5338076,7.104571,,,,
,,,3365,7910,2.6,5.6,0.653,4.3,1.2,0.5287601,6.624741,,,,
,,,3366,8097,0,4.5,0.553,6.3,0,0.52385,6.609933,,,,
,,,3367,9693,-0.7,6.4,0.598,5.3,2,0.5190735,5.993191,,,,
,,,3368,6628,0.6,3.8,0.653,4.1,2,0.5144268,7.18841,,,,
,,,3369,10694,1.3,7.3,0.613,3.4,1,0.5099065,5.659706,,,,
,,,3370,6714,1.8,3.9,0.703,2.6,3,0.5055089,7.20369,,,,
,,,3371,14536,1.2,9,0.678,1.8,0,0.5177908,3.942586,,,,
,,,3372,18943,-2,15.1,0.728,1.5,0.2,0.5132406,1.528783,,,,
,,,3373,18803,-0.5,17.3,0.743,1.3,0,0.5088175,1.730032,,,,
,,,3374,17249,2.9,16.4,0.763,1.5,0,0.5045179,2.726891,,,,
,,,3375,12390,1.2,15,0.838,2.1,3,0.5003382,5.184345,,,,
,,,3376,7760,4.7,7.8,0.768,2.1,3,0.4962751,7.005623,,,,
,,,3377,12012,-2.4,9.4,0.673,1.6,0,0.4923252,5.500263,,,,
,,,3378,12798,1.7,12.8,0.863,1.7,0.4,0.4884854,5.167658,,,,
,,,3379,12259,3,19.3,0.948,1.3,0,0.4847525,5.422073,,,,
,,,3380,9734,7.9,16,0.968,3.3,0.6,0.4962234,6.422725,,,,
,,,3381,9758,3.2,9.1,0.698,5.3,0.8,0.4923688,6.497455,,,,
,,,3382,18583,0.8,14.5,0.753,2,0,0.4886243,2.788698,,,,
,,,3383,21474,0.4,17.8,0.738,1.6,0,0.4849867,1.358875,,,,
,,,3384,21131,1.9,20.3,0.913,2,0,0.4814532,1.543624,,,,
,,,3385,21615,4.8,18.1,0.918,2.3,0,0.4780206,1.380663,,,,
,,,3386,20904,2.3,20.8,0.968,1.3,0,0.4746861,1.837291,,,,
,,,3387,22348,3.8,20.7,0.908,2,0,0.4714471,1.19608,,,,
,,,3388,22354,4.6,21.8,0.973,1.3,0,0.4683008,1.25671,,,,
,,,3389,13579,8,21.7,1.198,1.8,0.2,0.4652447,5.305688,,,,
,,,3390,10748,11,21.4,1.343,2.2,0,0.4759086,6.331026,,,,
,,,3391,18695,12.4,22.2,1.428,3.4,0.2,0.4727608,3.160522,,,,
,,,3392,18859,10.6,24.4,1.458,3.1,0,0.4697056,3.144187,,,,
,,,3393,22834,10,24.9,1.313,3.1,0,0.4667404,1.308008,,,,
,,,3394,22518,8.4,24.1,1.283,2.8,0,0.4638626,1.579097,,,,
,,,3395,22381,7.8,18.5,0.968,2.8,0,0.46107,1.894161,,,,
,,,3396,24044,3.2,19.7,0.833,2,0,0.4583601,1.230615,,,,
,,,3397,24157,3.7,21.9,0.883,1.8,0,0.4557307,1.229047,,,,
,,,3398,24268,4,23,0.958,1.9,0,0.4531796,1.21291,,,,
,,,3399,24251,4.9,25,1.023,1.3,0,0.4634291,1.267394,,,,
,,,3400,24106,7.1,26.4,1.138,1.5,0,0.4608068,1.357595,,,,
,,,3401,24274,8,26.2,1.138,1.4,0,0.4582649,1.355062,,,,
,,,3402,20579,7.1,27,1.238,1.8,1,0.4558013,3.089281,,,,
,,,3403,15908,13.8,26,1.518,1.7,5.6,0.4534137,4.928127,,,,
,,,3404,12674,13.8,21.6,1.468,1.8,0.4,0.4511003,6.071607,,,,
,,,3405,20714,7.4,24.1,1.213,1.4,0,0.4488591,3.208414,,,,
,,,3406,22479,8.7,23.9,1.293,2.2,8.4,0.4466881,2.466972,,,,
,,,3407,20306,10.5,22,1.383,1.3,4,0.4445856,3.418939,,,,
,,,3408,20965,8.4,22.2,1.333,1.4,5.2,0.4425499,3.211425,,,,
,,,3409,12860,11,15,1.203,2.2,4,0.4405791,6.17098,,,,
,,,3410,15246,4.4,17.8,1.093,1.6,0,0.4503409,5.473049,,,,
,,,3411,17121,6.4,19.7,1.143,3.5,3.6,0.4483247,4.858406,,,,
,,,3412,10573,9.7,15.5,1.228,5.2,6.2,0.4463753,6.857862,,,,
,,,3413,20181,9.8,18,1.218,4.7,0,0.4444911,3.78447,,,,
,,,3414,10024,8.2,16.9,1.213,2.8,0,0.4426705,7.025736,,,,
,,,3415,9876,13,19.1,1.413,4.3,0.6,0.4409119,7.054096,,,,
,,,3416,13975,13.8,19.5,1.238,3.1,0,0.4392137,5.975472,,,,
,,,3417,25880,6.8,26.8,1.163,3,0,0.4375746,1.62858,,,,
,,,3418,12901,13.6,19.8,1.228,3.6,0.6,0.4359931,6.320149,,,,
,,,3419,18074,13.8,22.4,1.238,2.8,0,0.434468,4.734584,,,,
,,,3420,16552,10.3,25.6,1.323,4,4.2,0.4329977,5.242833,,,,
,,,3421,9751,13.2,13.3,1.208,2.8,13,0.4425584,7.165634,,,,
,,,3422,17908,7.4,16.6,0.968,2.9,0.8,0.4410665,4.93543,,,,
,,,3423,10229,7.5,16,1.173,3.5,12,0.4396315,7.074655,,,,
,,,3424,9806,10.5,16.2,1.493,3.7,8,0.4382521,7.152353,,,,
,,,3425,12628,13.1,19,1.448,1.6,0,0.4369271,6.458282,,,,
,,,3426,25796,7.7,23.9,1.488,1.3,2.2,0.4356553,1.908423,,,,
,,,3427,15960,15.2,26,1.683,2,5.2,0.4344355,5.4907,,,,
,,,3428,20784,11.1,26,1.478,2.5,0,0.4332668,3.941035,,,,
,,,3429,27548,11,26.9,1.633,1.8,0.2,0.4321479,1.19568,,,,
,,,3430,26533,13.8,26.9,1.708,2.6,0,0.4310781,1.642798,,,,
,,,3431,18717,13.6,27.2,1.673,1.4,0.8,0.4300562,4.671799,,,,
,,,3432,25358,13.7,30.6,1.533,2.1,1.6,0.4290814,2.265122,,,,
,,,3433,18190,13.8,25.6,1.563,2.7,7,0.4281528,4.901957,,,,
,,,3434,11145,11.7,17,1.223,3.1,0.8,0.4272696,6.937447,,,,
,,,3435,12979,8.9,14.3,0.983,5.2,2.4,0.426431,6.528715,,,,
,,,3436,18560,6.1,16,0.823,4.3,0,0.4256362,5.012528,,,,
,,,3437,23545,3.3,20.6,1.008,1.8,4.2,0.4248846,3.283356,,,,
,,,3438,11588,8.3,16.5,1.308,1.1,12,0.4343405,6.845618,,,,
,,,3439,15566,9.2,17.6,1.188,2.5,0.4,0.4336099,5.835677,,,,
,,,3440,11971,8.7,19.7,1.368,4,0.2,0.4329247,6.756611,,,,
,,,3441,22928,10.4,23.2,1.473,2.6,2,0.4322843,3.403366,,,,
,,,3442,19930,12.5,24.9,1.658,2.1,41,0.4316881,4.417456,,,,
,,,3443,15591,14,25.2,1.778,2.4,0,0.4311354,5.756946,,,,
,,,3444,21789,13.5,25.4,1.733,2.2,1.2,0.4306258,3.773615,,,,
,,,3445,16100,15.2,24.6,1.898,1.8,0,0.4301587,5.601518,,,,
,,,3446,17191,16.6,25.6,1.983,1.4,0,0.4297338,5.264276,,,,
,,,3447,21981,15.1,27.2,1.933,1.2,0,0.4293505,3.677351,,,,
,,,3448,20114,15.5,26.9,2.003,1.7,2,0.4290086,4.322697,,,,
,,,3449,14479,15.9,23.1,1.818,2.2,0.1,0.4287077,6.08911,,,,
,,,3450,15027,15.5,24.3,1.853,1.8,0.2,0.4284474,5.935188,,,,
,,,3451,23449,13.1,27.4,1.823,1.6,15.4,0.4282277,3.189912,,,,
,,,3452,14162,15.8,25.6,1.808,2.4,9,0.4280482,6.18227,,,,
,,,3453,17506,15,21.8,1.628,2.1,13.2,0.4279087,5.254043,,,,
,,,3454,20983,10.6,23.2,1.368,2.5,0,0.4278092,4.202588,,,,
,,,3455,15876,10.9,25.4,1.628,2.4,9,0.4277496,5.735011,,,,
,,,3456,23483,13.2,27.6,1.833,1.7,0,0.4277297,3.181473,,,,
,,,3457,25100,13.8,30.9,1.903,2.2,0,0.4277496,2.537304,,,,
,,,3458,16571,16.7,24.6,1.668,3.1,23,0.4278092,5.524618,,,,
,,,3459,18170,14.3,23,1.528,2.2,3.2,0.4279087,5.066718,,,,
,,,3460,19581,12.1,22.2,1.328,4,0.4,0.4280482,4.665034,,,,
,,,3461,16820,13.7,21.5,1.248,3,0.2,0.4282277,5.523034,,,,
,,,3462,23339,10.3,26.2,1.458,1.4,9.4,0.4284474,3.327029,,,,
,,,3463,15935,15.1,19.4,1.388,3.6,6,0.4287077,5.742635,,,,
,,,3464,12500,12.6,17.8,1.223,3.7,4.6,0.4290086,6.669464,,,,
,,,3465,11148,11.6,16.7,1.183,2.5,1,0.4293505,6.99059,,,,
,,,3466,12215,9.2,18.9,1.123,2.1,0,0.4297338,6.744622,,,,
,,,3467,16706,8.5,22.5,1.238,2.6,0,0.4301587,5.52867,,,,
,,,3468,26431,9.2,24.2,1.413,1.3,0,0.4306258,2.090133,,,,
,,,3469,17063,11.6,23.5,1.703,2,28,0.4311354,5.318197,,,,
,,,3470,13846,14.4,20.8,1.488,2.9,0.6,0.4316881,6.263977,,,,
,,,3471,10610,12,16.7,1.478,2.4,15,0.4322843,7.062411,,,,
,,,3472,19714,12.5,20,1.263,4.3,3.4,0.4329247,4.544234,,,,
,,,3473,13595,11.6,19.6,1.233,3.5,0.8,0.4336099,6.346837,,,,
,,,3474,17060,13.7,23.9,1.593,2.9,0,0.4343405,5.291176,,,,
,,,3475,24736,13.4,26.9,1.638,1.6,0.2,0.4248846,2.551297,,,,
,,,3476,8673,14.9,21.5,1.793,2.5,5,0.4256362,7.447268,,,,
,,,3477,16385,14,20.3,1.353,4,12,0.426431,5.507428,,,,
,,,3478,11815,9.8,15,1.268,2.4,6.8,0.4272696,6.756943,,,,
,,,3479,15265,11.4,19.3,1.323,2.5,0,0.4281528,5.818063,,,,
,,,3480,23646,10.9,22.7,1.343,1.4,0,0.4290814,2.965827,,,,
,,,3481,29080,11,28.4,1.483,2.4,0,0.4300562,0.579045,,,,
,,,3482,23441,14,30.2,1.418,2.5,0,0.4310781,2.963691,,,,
,,,3483,28863,15,31.2,1.023,4.8,0,0.4321479,0.8500587,,,,
,,,3484,20635,18.9,31.6,1.213,4,0,0.4332668,4.027967,,,,
,,,3485,19998,16.5,25.9,1.658,2.1,0.2,0.4344355,4.105495,,,,
,,,3486,20291,17.4,25.7,1.938,2.5,10,0.4356553,3.902019,,,,
,,,3487,16932,16.6,25.4,1.993,2.1,1.6,0.4369271,5.052847,,,,
,,,3488,15431,16.2,21.1,1.718,2.5,1.2,0.4382521,5.564921,,,,
,,,3489,15922,12.5,22.2,1.508,1.4,0.4,0.4396315,5.429416,,,,
,,,3490,22890,11.9,23.6,1.438,1.4,0,0.4410665,2.913707,,,,
,,,3491,13526,14.9,23.8,1.553,3.1,19,0.4425584,6.11199,,,,
,,,3492,17840,13.8,22.4,1.513,3.3,4,0.4329977,4.724942,,,,
,,,3493,22735,13.2,23.9,1.543,1.9,0.2,0.434468,2.823014,,,,
,,,3494,27480,11.4,27.4,1.633,2.1,0,0.4359931,0.6145159,,,,
,,,3495,26102,15.3,26.6,1.613,2,0,0.4375746,1.21791,,,,
,,,3496,16983,14.7,24.7,1.733,2.5,0.2,0.4392137,4.865821,,,,
,,,3497,14705,16.7,24.3,1.748,3.8,5,0.4409119,5.603708,,,,
,,,3498,20868,14.1,20.9,1.318,2.9,0.2,0.4426705,3.45051,,,,
,,,3499,26749,7.9,22.1,1.083,2.3,0,0.4444911,0.9368333,,,,
,,,3500,26219,8.2,29.5,1.418,2.4,11,0.4463753,0.943537,,,,
,,,3501,18986,16.4,24,1.618,3.1,0,0.4483247,3.979527,,,,
,,,3502,21002,13.6,22.4,1.363,1.9,0.2,0.4503409,3.198911,,,,
,,,3503,25538,11.1,26.2,1.538,1.8,0,0.4405791,1.009641,,,,
,,,3504,26365,12.4,31.1,1.828,1.5,0.2,0.4425499,0.3836484,,,,
,,,3505,15498,16.4,25.2,1.908,2.1,26,0.4445856,5.081543,,,,
,,,3506,9440,15.7,18.3,1.668,2.3,9.2,0.4466881,6.998548,,,,
,,,3507,17237,11.1,19.7,1.418,3.7,0,0.4488591,4.467611,,,,
,,,3508,9531,12.7,16.7,1.328,3.9,12,0.4511003,6.975313,,,,
,,,3509,9095,11.2,15.2,1.478,3.6,1.4,0.4534137,7.061442,,,,
,,,3510,12619,14.3,23,1.773,2.4,0.4,0.4558013,5.948001,,,,
,,,3511,15425,14.6,25.8,1.873,1.8,0,0.4582649,4.895058,,,,
,,,3512,17770,14.2,24.1,1.723,1.9,0,0.4608068,3.940002,,,,
,,,3513,19406,13,27,1.698,1.8,0,0.4634291,3.174307,,,,
,,,3514,18373,16.7,30.4,1.883,3.3,20,0.4531796,3.524831,,,,
,,,3515,16337,15.8,22.2,1.513,2.6,0,0.4557307,4.438717,,,,
,,,3516,19154,13.1,20.3,1.248,2.8,0,0.4583601,3.25258,,,,
,,,3517,23014,9,22.4,1.198,1.3,0.2,0.46107,1.319171,,,,
,,,3518,14351,11.1,22.3,1.473,2.1,5,0.4638626,5.10125,,,,
,,,3519,11159,12,18.3,1.333,2.5,15,0.4667404,6.241529,,,,
,,,3520,11464,12.1,17.6,1.443,1.7,2.2,0.4697056,6.090092,,,,
,,,3521,10900,11,20.1,1.473,2.2,4.6,0.4727608,6.247607,,,,
,,,3522,12437,13.1,22.6,1.548,2.2,2.2,0.4759086,5.651316,,,,
,,,3523,19925,11.6,24.8,1.618,1.2,0.2,0.4652447,2.202664,,,,
,,,3524,23011,13.2,27,1.763,1.3,0.2,0.4683008,0.3035759,,,,
,,,3525,14469,14.4,26.9,1.893,1.4,0,0.4714471,4.616784,,,,
,,,3526,22354,14.8,28.2,1.923,1.5,0.2,0.4746861,0.3871979,,,,
,,,3527,11085,15.8,23.8,1.883,1.9,0.4,0.4780206,5.917121,,,,
,,,3528,9016,15.8,17,1.678,2.5,16,0.4814532,6.6568,,,,
,,,3529,14961,12.2,20.3,1.333,4.1,0.2,0.4849867,4.292764,,,,
,,,3530,13736,8.9,19.1,1.308,3.5,0,0.4886243,4.791547,,,,
,,,3531,7799,12.3,17.8,1.443,2.1,0.2,0.4923688,7.006143,,,,
,,,3532,19496,9.6,22.5,1.413,1.4,0.2,0.4962234,1.624601,,,,
,,,3533,10450,10,19.7,1.388,2.5,4.2,0.4847525,6.000024,,,,
,,,3534,16786,9.1,17.2,1.023,3.8,0,0.4884854,3.114261,,,,
,,,3535,20725,5,17,0.908,3,0,0.4923252,0.7967147,,,,
,,,3536,14123,7.8,18.4,1.178,3.3,0,0.4962751,4.258953,,,,
,,,3537,15419,11.5,19.6,1.348,4.3,0,0.5003382,3.453973,,,,
,,,3538,19354,8,22.3,1.273,3,0.2,0.5045179,1.046513,,,,
,,,3539,15671,8.6,21.5,1.248,3.1,0,0.5088175,3.165995,,,,
,,,3540,19788,7.8,20.7,1.233,2.4,0,0.5132406,0.4975383,,,,
,,,3541,15162,10.6,17.8,1.108,3.3,0,0.5177908,3.315168,,,,
,,,3542,16636,5.7,19.5,1.123,1.9,0,0.5055089,2.333385,,,,
,,,3543,19501,6.1,23.3,1.373,1.3,0,0.5099065,0.1511877,,,,
,,,3544,19085,10.1,25,1.498,1.6,0.4,0.5144268,0.2210917,,,,
,,,3545,18282,10.9,23.4,1.323,1.6,0.2,0.5190735,0.7399584,,,,
,,,3546,18924,8,25.9,1.378,1.6,0,0.52385,0.07893808,,,,
,,,3547,11569,11.4,24,1.633,2.3,19,0.5287601,4.634485,,,,
,,,3548,12404,11.2,17,1.198,3.3,0,0.5338076,4.207121,,,,
,,,3549,15132,4.7,16.7,0.948,2.3,0,0.5389965,2.538745,,,,
,,,3550,18853,3.2,19.2,0.988,0.9,0,0.5443308,0,,,,
,,,3551,18116,4.7,23.4,1.238,1.2,0.2,0.5310217,0,,,,
,,,3552,12846,9.4,22.6,1.438,1.9,11,0.5361638,3.475264,,,,
,,,3553,9124,13.7,20.2,1.663,1.5,0,0.5414451,5.529971,,,,
,,,3554,10566,13.5,22.1,1.553,2.4,2,0.5468694,4.668762,,,,
,,,3555,11309,10.3,16.8,1.123,2.5,0.6,0.5524405,4.25449,,,,
,,,3556,7349,8.1,14.6,1.138,3.4,15,0.5581623,6.357271,,,,
,,,3557,3712,7.6,9.6,1.088,4.7,17,0.5640389,7.84146,,,,
,,,3558,8050,8.6,15.5,1.168,4.2,1,0.5700743,5.890588,,,,
,,,3559,11448,6.8,18.7,1.25,1.8,1,0.5762728,3.715905,,,,
,,,3560,13777,10.5,22.8,1.573,1.5,0.2,0.561692,1.696337,,,,
,,,3561,15213,11.1,24.7,1.613,1.5,0,0.5676466,0.257123,,,,
,,,3562,9633,13.7,23.5,1.663,1,0.5,0.5737551,4.531784,,,,
,,,3563,10080,11.3,23.4,1.583,1.3,0.2,0.5800211,4.146917,,,,
,,,3564,8394,14.2,19.4,1.668,1.4,0.6,0.5864484,5.179333,,,,
,,,3565,7838,10.3,20,1.495,1.3,2,0.5930407,5.49373,,,,
,,,3566,8068,11.9,19.2,1.479,2.3,0.2,0.5998016,5.274534,,,,
,,,3567,11410,9,18.5,1.29,1.8,0,0.6067352,2.734911,,,,
,,,3568,9387,8.4,17.7,1.278,1.4,0.4,0.613845,4.221257,,,,
,,,3569,8675,8.4,17.4,1.193,2,5,0.5977256,4.672325,,,,
,,,3570,6932,10.8,14.7,1.253,2.5,0.4,0.604523,5.770944,,,,
,,,3571,10254,7.9,16,1.118,1.9,0,0.6114829,3.2379,,,,
,,,3572,7376,4.1,12.8,1.053,1.9,0,0.6186082,5.376299,,,,
,,,3573,6828,8.3,14.6,1.103,1.4,0,0.6259017,5.666087,,,,
,,,3574,9752,3.2,18.3,1.108,1.1,0,0.6333662,3.279987,,,,
,,,3575,13844,4.4,22,1.153,0.8,0.2,0.6410042,0,,,,
,,,3576,12182,4.4,20.4,1.138,2.1,0,0.6488184,0.5182408,,,,
,,,3577,10461,7.2,21.2,1.353,2,1,0.656811,2.040779,,,,
,,,3578,11097,8.7,13.4,0.958,3.2,0,0.6388855,1.415903,,,,
,,,3579,12289,2.5,11.7,0.713,3.1,0,0.6464759,0.07762334,,,,
,,,3580,13240,0.2,10.2,0.568,5,0,0.6542244,0,,,,
,,,3581,12974,-0.6,10.5,0.563,3.4,0,0.662132,0,,,,
,,,3582,11863,2.5,9.1,0.638,3.6,0,0.6701993,0,,,,
,,,3583,8453,-2.1,8.7,0.638,2.4,0,0.6784269,3.527031,,,,
,,,3584,4849,0.1,7.4,0.708,2.2,0,0.6868149,6.434065,,,,
,,,3585,11116,0.9,11.7,0.758,1.5,0,0.6953632,0.1188256,,,,
,,,3586,4147,0.6,6.8,0.798,1.7,0,0.7040714,6.804066,,,,
,,,3587,5715,5.9,10.7,0.833,0.8,0,0.7129386,5.534899,,,,
,,,3588,7257,-0.5,12,0.793,0.8,0,0.6923149,4.0165,,,,
,,,3589,7010,1.2,14.8,0.958,1.9,4,0.700639,4.085298,,,,
,,,3590,7045,8,11.1,0.928,4.3,0.2,0.7090916,3.94582,,,,
,,,3591,10493,2.3,12.1,0.778,4.6,0,0.7176699,0,,,,
,,,3592,8632,0.8,12.9,0.763,3.3,0,0.7263706,1.898079,,,,
,,,3593,9460,2.8,12.8,0.873,2.9,0,0.7351898,0.5126699,,,,
,,,3594,4435,5.5,10.4,1.033,1.8,0.2,0.7441232,6.114564,,,,
,,,3595,5437,8.7,13.9,1.043,3.6,0,0.7531658,5.080471,,,,
,,,3596,9004,0.6,11.5,0.743,2.1,0,0.7623121,0.6551509,,,,
,,,3597,5228,1.1,9.7,0.738,2,0.4,0.7715559,5.224507,,,,
,,,3598,7704,-0.8,10,0.738,2.6,0,0.7808905,2.141886,,,,
,,,3599,5795,6.1,11.9,0.903,2.7,1,0.7903083,4.359045,,,,
,,,3600,5402,6.3,8.8,0.773,3.6,2,0.7651079,4.767458,,,,
,,,3601,3368,-3.4,7.2,0.753,2.4,0.8,0.773748,6.746178,,,,
,,,3602,3750,5.6,10.9,0.953,4.8,2,0.7824279,6.312119,,,,
,,,3603,7045,4.4,8.3,0.738,2.7,0,0.7911379,2.317959,,,,
,,,3604,5573,-2.2,7.6,0.648,2.2,9,0.799868,4.244138,,,,
,,,3605,4922,3,7.3,0.688,5.4,0.2,0.8086072,4.931021,,,,
,,,3606,4148,-2.7,2.7,0.483,5.4,0,0.8173439,5.809404,,,,
,,,3607,7941,-3.6,2.8,0.438,4.9,0,0.8260659,0.5167204,,,,
,,,3608,8706,-5.3,3.4,0.443,2.9,0,0.8347603,0,,,,
,,,3609,5210,-4.5,3.2,0.493,1.9,0.8,0.8434135,4.321623,,,,
,,,3610,2999,-1.6,10.7,0.698,3.9,0.4,0.8520114,6.735885,,,,
,,,3611,3193,9.9,14.2,0.813,7.8,0.2,0.8605392,6.476959,,,,
,,,3612,2225,12.4,13.7,1.073,3.4,38,0.8689813,7.350922,,,,
,,,3613,2532,7.9,10.9,1.168,1.1,8,0.877322,7.023886,,,,
,,,3614,2861,6.7,9.6,1.043,1.4,1.2,0.8456998,6.674056,,,,
,,,3615,2829,5,5.5,0.793,4.3,0,0.8529965,6.717321,,,,
,,,3616,2990,-0.6,4.4,0.693,2.6,0,0.8601484,6.532153,,,,
,,,3617,4156,2.9,7.7,0.723,3,0,0.8671399,5.052192,,,,
,,,3618,6027,-1.6,7.1,0.603,2.9,0,0.8739554,2.122245,,,,
,,,3619,1997,-2.7,1.5,0.558,1,0,0.8805792,7.476503,,,,
,,,3620,2997,-0.4,3.9,0.643,1.7,1,0.8869953,6.403605,,,,
,,,3621,2724,2.5,8.2,0.793,1.4,0,0.893188,6.653111,,,,
,,,3622,2639,-1,6.1,0.768,1.9,3,0.8991416,6.72799,,,,
,,,3623,2616,1.8,10,0.873,4.9,6,0.9048404,6.710804,,,,
,,,3624,3259,5.5,10.3,0.918,6.5,2,0.9102692,5.884935,,,,
,,,3625,2754,6,9.7,0.908,2.9,0,0.9154131,6.496706,,,,
,,,3626,4529,1.7,12.3,0.863,2.3,0.6,0.9202576,3.938465,,,,
,,,3627,3459,6.8,13.1,1.028,3.1,1.2,0.9247889,5.491834,,,,
,,,3628,2609,8.6,13.2,0.993,5.5,5,0.9289936,6.596873,,,,
,,,3629,2858,4.5,7.5,0.798,4.6,3.6,0.9328591,6.310557,,,,
,,,3630,3489,4.9,10.4,0.873,4.8,4,0.9363737,5.416397,,,,
,,,3631,2904,5.8,7.3,0.858,6.5,1,0.9395266,6.205808,,,,
,,,3632,2551,2.8,5.8,0.718,5,1.2,0.9423079,6.664448,,,,
,,,3633,2452,-0.1,4,0.628,4.3,0,0.9447088,6.790698,,,,
,,,3634,3720,1,6.1,0.633,3.4,0,0.9467216,5.088307,,,,
,,,3635,3477,-3.2,2.9,0.523,2.6,0,0.9483397,5.476518,,,,
,,,3636,4594,-5.1,1.4,0.413,2.5,0,0.949558,3.785992,,,,
,,,3637,2997,-7.2,-2,0.378,1.7,0,0.9503724,6.168541,,,,
,,,3638,2674,-8,-0.7,0.403,1.1,0,0.9507803,6.559883,,,,
,,,3639,2411,-7.6,-2.2,0.388,1.3,0,0.9507803,6.871463,,,,
,,,3640,2408,-6.3,5.3,0.383,1.4,1.7,0.9503724,6.877869,,,,
,,,3641,2406,-7.1,-1,0.413,1.1,0,0.949558,6.875935,,,,
,,,3642,2406,-6.6,-0.1,0.418,1.2,0,0.9483397,6.879384,,,,
,,,3643,2407,-6.6,1.1,0.478,0.7,0,0.9467216,6.870356,,,,
,,,3644,2984,-5.1,2,0.473,0.5,0,0.9447088,6.18468,,,,
,,,3645,2412,-7.4,0.8,0.428,0.4,0,0.9423079,6.892755,,,,
,,,3646,2417,-7.6,-0.8,0.413,0.7,0,0.9395266,6.901024,,,,
,,,3647,2595,-5.3,1.9,0.578,1,0.2,0.9363737,6.67158,,,,
,,,3648,2429,0,3.2,0.678,1.1,0,0.9328591,6.856209,,,,
,,,3649,2437,0.8,3,0.618,1.8,0,0.9289936,6.873479,,,,
,,,3650,3551,-4.4,4.2,0.628,1.6,2,0.9247889,5.497343,,,,
,,,3651,2806,2.1,5.7,0.753,2.2,0,0.9202576,6.453066,,,,
,,,3652,3785,1.3,5.4,0.683,2.4,0,0.9154131,5.216861,,,,
,,,3653,2569,-0.4,1.9,0.578,1.5,0,0.9102692,6.808123,,,,
,,,3654,3349,-2.9,2.9,0.528,1.8,0.6,0.9048404,5.927283,,,,
,,,3655,2687,-2.3,7.6,0.668,1.9,1,0.8991416,6.70491,,,,
,,,3656,3388,1.9,9.4,0.738,2.1,0,0.893188,5.885244,,,,
,,,3657,2544,2.6,10.1,0.933,3.5,23,0.8869953,6.864181,,,,
,,,3658,2562,6.9,10,1.078,2.4,7,0.8805792,6.848737,,,,
,,,3659,3638,8.1,12.8,0.943,3.6,0.6,0.8739554,5.637214,,,,
,,,3660,4786,-1.4,8.6,0.678,1.2,0.6,0.8671399,4.208695,,,,
,,,3661,2747,1.7,10.1,0.873,1.8,2.2,0.8601484,6.772389,,,,
,,,3662,3845,4,11.7,0.873,3.3,0,0.8529965,5.546296,,,,
,,,3663,2704,5.3,14.2,0.918,6.4,5,0.8456998,6.870798,,,,
,,,3664,3630,3.5,7.6,0.678,3.5,0,0.877322,5.960949,,,,
,,,3665,5008,-4.2,6.8,0.573,2,0,0.8689813,4.333066,,,,
,,,3666,2753,0.9,8.9,0.758,3.6,0.6,0.8605392,6.944262,,,,
,,,3667,2782,2.1,9.3,0.773,6.1,3,0.8520114,6.94727,,,,
,,,3668,3483,6,9.1,0.848,4,3,0.8434135,6.274288,,,,
,,,3669,2976,3.5,9.9,0.858,3.2,0.2,0.8347603,6.820939,,,,
,,,3670,3555,6.6,12,1.038,2.5,0.4,0.8260659,6.257234,,,,
,,,3671,2909,9.4,12.7,1.033,1.7,0,0.8173439,6.929994,,,,
,,,3672,6721,7.8,14.1,0.858,1.3,0,0.8086072,2.500034,,,,
,,,3673,5955,-0.8,9.2,0.783,2.5,0.8,0.799868,3.738574,,,,
,,,3674,4651,6.6,9.6,0.813,4.5,2,0.7911379,5.390338,,,,
,,,3675,8875,-2.3,8.4,0.558,2.1,0,0.7824279,0,,,,
,,,3676,8488,-3.6,9.6,0.598,1.3,0.2,0.773748,0.6797543,,,,
,,,3677,6248,3.9,9.3,0.733,3.1,0,0.7651079,3.840159,,,,
,,,3678,4903,-3,3.1,0.548,1.2,0,0.7903083,5.507847,,,,
,,,3679,6239,-5,2.9,0.508,0.6,0,0.7808905,4.189907,,,,
,,,3680,8491,-4.8,8.4,0.543,1,0,0.7715559,1.471056,,,,
,,,3681,4044,-4.4,2.5,0.563,0.8,0,0.7623121,6.474372,,,,
,,,3682,3776,-1,4.7,0.633,1.7,1,0.7531658,6.723671,,,,
,,,3683,5139,0.5,6,0.613,2.9,2,0.7441232,5.630172,,,,
,,,3684,4284,-0.1,6.6,0.662,3.4,6,0.7351898,6.414834,,,,
,,,3685,6075,0.6,6.3,0.618,2.5,0,0.7263706,4.913326,,,,
,,,3686,7315,-2.8,8.6,0.606,3.4,2,0.7176699,3.764482,,,,
,,,3687,5000,2.3,7.7,0.698,3.3,0.6,0.7090916,6.001118,,,,
,,,3688,5014,-0.9,7.8,0.67,2.6,0,0.700639,6.061171,,,,
,,,3689,5592,2.7,14.2,0.803,3,0,0.6923149,5.618377,,,,
,,,3690,10164,-0.1,11,0.658,2,2,0.7129386,1.098085,,,,
,,,3691,11012,-2.8,10.9,0.608,1.4,0,0.7040714,0.3060264,,,,
,,,3692,11093,-3.5,11.3,0.588,1.2,0.2,0.6953632,0.4452197,,,,
,,,3693,11254,-3.7,10.5,0.568,1.4,0.2,0.6868149,0.4881806,,,,
,,,3694,11018,-3.2,9.5,0.598,1.3,0,0.6784269,0.9446574,,,,
,,,3695,11019,-3.9,9.4,0.568,1.3,0.2,0.6701993,1.168105,,,,
,,,3696,11262,-4.7,10.7,0.583,1.2,0.2,0.662132,1.079788,,,,
,,,3697,11222,-4.8,10.3,0.568,1,0,0.6542244,1.328117,,,,
,,,3698,5961,-5,2.2,0.518,2.3,0.2,0.6464759,6.048859,,,,
,,,3699,7251,-3.7,3.8,0.478,1.6,0,0.6388855,5.22371,,,,
,,,3700,11551,-5.4,9.4,0.518,1.1,0,0.656811,1.586971,,,,
,,,3701,12230,-5.1,10.6,0.558,1.6,0.2,0.6488184,1.055713,,,,
,,,3702,11202,-3.2,13.2,0.643,1.5,0,0.6410042,2.173879,,,,
,,,3703,4487,1.4,11.7,0.803,1.3,2,0.6333662,7.117512,,,,
,,,3704,8390,6.4,11.8,0.908,2.1,0.2,0.6259017,4.667866,,,,
,,,3705,8491,0.2,14.4,0.853,1.1,0,0.6186082,4.708071,,,,
,,,3706,11608,3.9,15.7,0.903,1.3,0,0.6114829,2.278659,,,,
,,,3707,13299,0.8,18.7,0.833,2.4,0.2,0.604523,0.9385741,,,,
,,,3708,10863,2.4,16,0.823,0.9,0,0.5977256,3.23668,,,,
,,,3709,7558,0.5,15.8,0.993,2.1,2.4,0.613845,5.624501,,,,
,,,3710,5532,7.4,11.4,0.963,1.6,0,0.6067352,6.828408,,,,
,,,3711,6235,1.1,14.2,0.918,1.1,0.2,0.5998016,6.518116,,,,
,,,3712,3823,8.5,14.7,1.123,2.5,0,0.5930407,7.654796,,,,
,,,3713,4384,10.7,15.1,1.033,5.5,0,0.5864484,7.45424,,,,
,,,3714,6978,6.7,14.9,0.908,2.7,0,0.5800211,6.281461,,,,
,,,3715,4351,7.8,13,0.908,3,0,0.5737551,7.530896,,,,
,,,3716,4099,2,5.1,0.628,4.8,0,0.5676466,7.678521,,,,
,,,3717,8485,-0.3,5.2,0.423,6.9,0,0.561692,5.79128,,,,
,,,3718,13520,-3.4,7.5,0.413,5,0,0.5762728,2.817641,,,,
,,,3719,6249,-2.5,8.1,0.648,3,0,0.5700743,6.897537,,,,
,,,3720,5472,3.4,9.3,0.758,2.2,0,0.5640389,7.236202,,,,
,,,3721,7913,-1.1,11.7,0.693,2.8,0,0.5581623,6.222469,,,,
,,,3722,5157,1.6,9.4,0.718,5.5,3,0.5524405,7.416902,,,,
,,,3723,6335,3.8,9.8,0.913,4.2,3,0.5468694,6.96218,,,,
,,,3724,7244,9,14.8,0.958,5.4,3,0.5414451,6.609375,,,,
,,,3725,5522,5.2,11.3,0.753,2.4,0,0.5361638,7.355153,,,,
,,,3726,7474,6.6,16.1,0.868,2,0,0.5310217,6.606588,,,,
,,,3727,11070,0.5,19.3,0.918,2.6,3.2,0.5443308,4.948169,,,,
,,,3728,6470,7.1,13.7,0.883,4.3,9,0.5389965,7.073085,,,,
,,,3729,3913,6.5,8.9,0.893,3.9,0.4,0.5338076,7.946635,,,,
,,,3730,11676,1.9,8.1,0.538,4.6,0,0.5287601,4.988554,,,,
,,,3731,12119,-2.3,6.7,0.513,3.8,0.6,0.52385,4.850869,,,,
,,,3732,9345,-3,7.1,0.543,3.4,1,0.5190735,6.153792,,,,
,,,3733,4721,2,7.5,0.698,5.3,14.2,0.5144268,7.784673,,,,
,,,3734,8206,0,8,0.618,2.7,2.2,0.5099065,6.662831,,,,
,,,3735,6260,0.1,3.6,0.523,3.7,0,0.5055089,7.375196,,,,
,,,3736,8153,-3.2,5.3,0.578,4.2,5,0.5177908,6.757433,,,,
,,,3737,5865,0.6,6.8,0.618,3.3,0.2,0.5132406,7.525827,,,,
,,,3738,6464,1.4,11,0.703,3.6,3,0.5088175,7.354457,,,,
,,,3739,9876,3.9,10.7,0.633,3.9,0,0.5045179,6.219555,,,,
,,,3740,11965,-0.2,12.7,0.743,3,0.4,0.5003382,5.395997,,,,
,,,3741,16373,4.3,15.1,0.668,3.1,0,0.4962751,3.431843,,,,
,,,3742,13161,2.7,17,0.793,5.8,12,0.4923252,4.975807,,,,
,,,3743,10365,4.5,12.6,0.853,2.2,0,0.4884854,6.143376,,,,
,,,3744,15297,2.1,14.4,0.863,3,0,0.4847525,4.107977,,,,
,,,3745,5890,7.7,14,0.988,2.8,2,0.4962234,7.622452,,,,
,,,3746,10627,7.2,13.2,0.888,3.4,0.2,0.4923688,6.153743,,,,
,,,3747,16882,0.7,13.3,0.708,3.2,0,0.4886243,3.647459,,,,
,,,3748,18002,-0.1,15.4,0.778,2.6,0.2,0.4849867,3.151943,,,,
,,,3749,9781,2.2,11.2,0.673,3.6,0.8,0.4814532,6.586144,,,,
,,,3750,14295,-1.4,9.1,0.468,2.4,0,0.4780206,5.060493,,,,
,,,3751,6893,0,8.7,0.703,1.6,0.4,0.4746861,7.475322,,,,
,,,3752,7487,6.5,15.4,1.148,2.3,14,0.4714471,7.285331,,,,
,,,3753,5869,7.7,10.9,1.118,1.8,4,0.4683008,7.730239,,,,
,,,3754,7661,7,9.8,0.898,3.3,5,0.4652447,7.298182,,,,
,,,3755,11893,1.4,13.4,0.798,2.1,0,0.4759086,6.045018,,,,
,,,3756,11996,4.2,16.4,0.873,3.8,3,0.4727608,6.026888,,,,
,,,3757,11756,5.9,12.5,0.778,4.3,5,0.4697056,6.15926,,,,
,,,3758,13197,1.3,11.2,0.728,2.5,0.2,0.4667404,5.719457,,,,
,,,3759,15112,-1.3,11.7,0.598,2.1,0,0.4638626,5.116526,,,,
,,,3760,8495,1.3,11.8,0.793,2.5,8.8,0.46107,7.189901,,,,
,,,3761,12256,3.9,14.4,0.983,2.8,8,0.4583601,6.073041,,,,
,,,3762,15461,7.6,17.4,0.903,3.5,0,0.4557307,5.013747,,,,
,,,3763,6561,9.4,15.9,1.003,3.6,1.4,0.4531796,7.688477,,,,
,,,3764,9859,8,15.4,1.003,2.6,0.8,0.4634291,6.863662,,,,
,,,3765,7096,8.2,15,1.108,3,0,0.4608068,7.577917,,,,
,,,3766,8806,10.4,17.6,1.193,3.2,0,0.4582649,7.159491,,,,
,,,3767,12628,9.6,18.4,1.088,2.6,0,0.4558013,6.099,,,,
,,,3768,18185,7.4,17.9,1.033,2.1,0,0.4534137,4.1997,,,,
,,,3769,23638,4.9,21.1,0.928,1.8,0,0.4511003,1.991147,,,,
,,,3770,23184,5.4,24.6,1.063,2.2,4.4,0.4488591,2.19332,,,,
,,,3771,5433,10.5,11.2,1.058,2.6,14.2,0.4466881,7.9938,,,,
,,,3772,14070,4.3,15.5,0.923,2.6,0,0.4445856,5.808705,,,,
,,,3773,9590,7.5,12.8,0.943,3.3,2,0.4425499,7.087392,,,,
,,,3774,18388,3,17,0.848,1.8,0,0.4405791,4.429764,,,,
,,,3775,23109,4.2,21.6,0.978,1.3,0,0.4503409,2.55626,,,,
,,,3776,23839,7.8,24.8,1.118,1,0,0.4483247,2.22838,,,,
,,,3777,22677,7.8,24.2,1.233,1.2,0,0.4463753,2.728885,,,,
,,,3778,22197,9.4,22.7,1.153,2.2,0,0.4444911,3.00814,,,,
,,,3779,23006,6.1,22.4,1.163,1.5,0.2,0.4426705,2.716267,,,,
,,,3780,19195,7.7,24.2,1.233,1.2,0,0.4409119,4.222138,,,,
,,,3781,24936,7.8,25,1.108,1.9,0,0.4392137,2.019182,,,,
,,,3782,15003,9.5,23.5,1.163,1.4,0,0.4375746,5.699777,,,,
,,,3783,17588,11.5,25.5,1.263,1.6,0.2,0.4359931,4.867764,,,,
,,,3784,16688,9.4,24.3,1.283,2.1,2,0.434468,5.185576,,,,
,,,3785,19918,9,23,1.193,1.4,0,0.4329977,4.127388,,,,
,,,3786,23590,7.8,23.7,1.238,1.3,0,0.4425584,2.739464,,,,
,,,3787,17383,10.9,24.4,1.298,1.6,5,0.4410665,5.02194,,,,
,,,3788,10679,12.6,18.8,1.363,2.5,2,0.4396315,6.946234,,,,
,,,3789,18021,9.1,21.9,1.363,2.3,18,0.4382521,4.839257,,,,
,,,3790,11749,11.5,19.4,1.383,1.8,6,0.4369271,6.696231,,,,
,,,3791,12274,11.1,19.4,1.273,2.4,3,0.4356553,6.585559,,,,
,,,3792,14958,7.2,18.9,1.193,3.5,0,0.4344355,5.877221,,,,
,,,3793,17871,8.7,19.1,1.098,4.8,0,0.4332668,5.032276,,,,
,,,3794,17175,8,18,1.028,2.7,0,0.4321479,5.283981,,,,
,,,3795,13038,6.3,19.1,1.018,1.7,0,0.4310781,6.466031,,,,
,,,3796,23344,5.2,21.9,1.123,1.4,0.4,0.4300562,3.188788,,,,
,,,3797,13684,12.1,23.6,1.368,3.4,8,0.4290814,6.261647,,,,
,,,3798,11664,10.2,18.6,1.563,1.9,6,0.4281528,6.768164,,,,
,,,3799,11266,12.9,20.3,1.708,1.6,20,0.4272696,6.858416,,,,
,,,3800,15264,14.8,24.2,1.863,1.8,2,0.426431,5.774899,,,,
,,,3801,14115,13.2,24,1.533,2.6,14,0.4256362,6.156608,,,,
,,,3802,11115,13.2,20.6,1.658,1.6,6,0.4248846,6.917458,,,,
,,,3803,8943,15,22,1.733,1,11.6,0.4343405,7.409232,,,,
,,,3804,11900,14.5,21.1,1.743,1.6,3,0.4336099,6.728451,,,,
,,,3805,9529,13.8,18.6,1.638,1.5,4,0.4329247,7.295976,,,,
,,,3806,11229,14,20.5,1.633,1.5,0.4,0.4322843,6.91179,,,,
,,,3807,12538,12.6,19.8,1.468,2.5,2.2,0.4316881,6.61466,,,,
,,,3808,12384,9.5,18.7,1.313,2.6,0,0.4311354,6.675875,,,,
,,,3809,7107,12.2,15,1.398,3.2,8,0.4306258,7.813357,,,,
,,,3810,7265,10.8,13.7,1.313,2,1.2,0.4301587,7.78984,,,,
,,,3811,7012,10.2,12.8,1.298,2.4,9,0.4297338,7.839266,,,,
,,,3812,11292,11.8,19.7,1.503,3.6,0.2,0.4293505,6.929208,,,,
,,,3813,19827,10.8,24.9,1.523,2.1,0,0.4290086,4.528397,,,,
,,,3814,17922,13.4,25.9,1.698,1.3,0.2,0.4287077,5.103271,,,,
,,,3815,13531,14.5,22,1.678,2.5,1,0.4284474,6.362537,,,,
,,,3816,18063,9.8,21.2,1.313,2.9,1,0.4282277,5.146112,,,,
,,,3817,13133,7.7,16.1,1.068,2.1,0.2,0.4280482,6.548648,,,,
,,,3818,18821,4.7,18.7,0.983,1.8,6,0.4279087,5.000979,,,,
,,,3819,7876,9.9,14.6,1.248,0.7,2,0.4278092,7.685361,,,,
,,,3820,7671,11,14.5,1.428,1.1,6.6,0.4277496,7.714043,,,,
,,,3821,11659,12.8,20.6,1.583,1.4,0.2,0.4277297,6.844034,,,,
,,,3822,25920,9.9,24,1.393,1.4,0,0.4277496,2.397502,,,,
,,,3823,25249,10.6,26.2,1.383,2.3,0,0.4278092,2.658382,,,,
,,,3824,19843,13.7,26,1.713,1.6,0,0.4279087,4.490283,,,,
,,,3825,27409,14.8,30,1.898,1.3,0.2,0.4280482,1.585575,,,,
,,,3826,26648,16.9,32.2,2.038,2,0,0.4282277,1.846553,,,,
,,,3827,26098,17.1,31.3,2.053,1.3,0,0.4284474,2.060769,,,,
,,,3828,17285,17.9,29.3,2.033,1.3,0,0.4287077,5.231658,,,,
,,,3829,20647,16.9,25.7,1.818,3,0,0.4290086,4.169074,,,,
,,,3830,26488,13.3,27.1,1.658,1.8,0,0.4293505,2.011021,,,,
,,,3831,20917,17,24.2,1.568,3.4,0.2,0.4297338,4.122611,,,,
,,,3832,26904,12.9,26.3,1.568,2,0,0.4301587,1.84901,,,,
,,,3833,26679,14.9,28.6,1.813,2,0,0.4306258,1.831549,,,,
,,,3834,23097,17.6,27.3,1.818,2.7,0.2,0.4311354,3.235065,,,,
,,,3835,28354,14.6,31.9,1.778,1.8,0,0.4316881,1.093812,,,,
,,,3836,18873,18.3,31.7,1.913,3,97,0.4322843,4.682503,,,,
,,,3837,9861,14.8,18.1,1.643,2.4,8.2,0.4329247,7.214161,,,,
,,,3838,24859,10.2,23.2,1.373,1.4,0,0.4336099,2.641779,,,,
,,,3839,17713,12.2,27.1,1.543,1.7,2,0.4343405,5.097879,,,,
,,,3840,8833,14.2,17.1,1.548,2.3,10,0.4248846,7.433374,,,,
,,,3841,17447,11.9,21.5,1.298,3.1,0.2,0.4256362,5.208417,,,,
,,,3842,9642,12.7,20.3,1.373,2.5,1.2,0.426431,7.261316,,,,
,,,3843,24516,12.1,25.4,1.498,1.3,0,0.4272696,2.619061,,,,
,,,3844,25865,12.2,29.1,1.688,1.8,1,0.4281528,1.968088,,,,
,,,3845,13943,15.3,24.6,1.828,2.1,2,0.4290814,6.105733,,,,
,,,3846,13136,14.9,21.9,1.493,1.7,2,0.4300562,6.361584,,,,
,,,3847,10454,13.5,20,1.443,2.4,5,0.4310781,7.036558,,,,
,,,3848,15773,9.4,21.3,1.218,2.5,0.2,0.4321479,5.635157,,,,
,,,3849,26898,9.5,25.2,1.283,1.5,0,0.4332668,1.53082,,,,
,,,3850,20851,11.3,26.7,1.588,2,0,0.4344355,3.812497,,,,
,,,3851,11693,15.2,23.1,1.568,2.1,0,0.4356553,6.679737,,,,
,,,3852,19780,12.6,24.5,1.333,2.1,0,0.4369271,4.220781,,,,
,,,3853,18993,12.6,27.9,1.623,2.2,0,0.4382521,4.398244,,,,
,,,3854,21050,15.8,24.8,1.508,3.2,0,0.4396315,3.645871,,,,
,,,3855,18036,8.6,20.5,1.033,2.5,0,0.4410665,4.831157,,,,
,,,3856,24851,7.9,22.2,1.088,2.3,0,0.4425584,2.209462,,,,
,,,3857,26113,9.1,24.7,1.188,3,0.2,0.4329977,1.569777,,,,
,,,3858,26338,9.1,26.8,1.348,1.4,0,0.434468,1.339833,,,,
,,,3859,15351,13.6,26.1,1.783,2.3,1,0.4359931,5.458296,,,,
,,,3860,17791,16.8,25.1,1.838,3.3,0,0.4375746,4.585644,,,,
,,,3861,17131,14.7,27.9,1.883,2.1,0,0.4392137,4.782865,,,,
,,,3862,23931,15.3,29.9,1.988,1.8,1,0.4409119,1.959694,,,,
,,,3863,13947,16.9,24.8,2.023,1.8,0,0.4426705,5.782124,,,,
,,,3864,19441,17.8,27.9,2.153,1.3,1,0.4444911,3.744263,,,,
,,,3865,23404,15.6,31.1,2.063,2,0.6,0.4463753,2.008938,,,,
,,,3866,4743,19.1,19.6,1.798,1.9,10,0.4483247,8,,,,
,,,3867,13094,11.9,24.7,1.713,1.4,0,0.4503409,6.005224,,,,
,,,3868,15287,17.4,26.6,1.933,1.7,0,0.4405791,5.215449,,,,
,,,3869,13184,17.2,25.9,1.913,2.2,0,0.4425499,5.901048,,,,
,,,3870,17541,17.2,26.7,1.873,1.5,0.2,0.4445856,4.320242,,,,
,,,3871,18188,14.4,28.3,1.963,1.1,0.4,0.4466881,3.998491,,,,
,,,3872,14150,17.3,25.8,1.943,2.6,1,0.4488591,5.48964,,,,
,,,3873,16450,15.5,23.7,1.463,3.4,0,0.4511003,4.714964,,,,
,,,3874,19119,12.4,23.6,1.438,1.8,0.2,0.4534137,3.610448,,,,
,,,3875,23218,10.6,27.2,1.548,1.4,0,0.4558013,1.631321,,,,
,,,3876,11146,15.5,21.4,1.848,1.5,5,0.4582649,6.387293,,,,
,,,3877,8955,17.1,22.6,1.838,3.2,20,0.4608068,7.017671,,,,
,,,3878,18630,10.8,23.2,1.343,2.3,0.2,0.4634291,3.630916,,,,
,,,3879,9920,10.9,19.7,1.388,1.3,3.4,0.4531796,6.746968,,,,
,,,3880,11913,11.5,19.2,1.373,2.6,0.4,0.4557307,6.101022,,,,
,,,3881,14902,7.6,21.2,1.338,1.2,0.2,0.4583601,5.004444,,,,
,,,3882,11482,13.8,22.6,1.548,1.4,0.4,0.46107,6.160325,,,,
,,,3883,21437,11,28.7,1.598,2.5,0,0.4638626,1.86303,,,,
,,,3884,7553,14.6,20.8,1.708,2.2,14,0.4667404,7.299306,,,,
,,,3885,9142,13,21.2,1.453,1.5,0,0.4697056,6.842467,,,,
,,,3886,20397,10.5,24.7,1.438,1.3,0,0.4727608,2.204731,,,,
,,,3887,8642,12.5,20.7,1.533,2.3,11,0.4759086,6.941512,,,,
,,,3888,10663,12.9,19.9,1.338,2.3,0,0.4652447,6.286909,,,,
,,,3889,16588,8.6,22.3,1.373,1.1,0,0.4683008,3.856591,,,,
,,,3890,11379,13.4,21.9,1.578,2.1,0,0.4714471,5.927405,,,,
,,,3891,13912,12.2,23.5,1.533,1.8,0.2,0.4746861,4.883019,,,,
,,,3892,19904,12.1,25.7,1.623,1.6,0,0.4780206,1.836574,,,,
,,,3893,19645,13.4,24.6,1.633,1.8,0.2,0.4814532,1.874865,,,,
,,,3894,20362,10.9,24.7,1.588,1.7,0.2,0.4849867,1.375597,,,,
,,,3895,20568,12.4,28.8,1.833,1.3,0.2,0.4886243,1.028655,,,,
,,,3896,14083,14.8,28.7,1.798,2,2,0.4923688,4.452115,,,,
,,,3897,9121,14.9,22.1,1.658,2,0,0.4962234,6.499977,,,,
,,,3898,18145,9.3,25.1,1.563,2,0.2,0.4847525,2.237109,,,,
,,,3899,9213,14.3,21.8,1.748,1.3,6.6,0.4884854,6.387282,,,,
,,,3900,7148,14.1,17.9,1.653,1.7,10,0.4923252,7.102545,,,,
,,,3901,7918,13.3,25.5,1.778,3.4,2,0.4962751,6.797542,,,,
,,,3902,4771,15.7,16.8,1.618,2.2,4,0.5003382,7.799866,,,,
,,,3903,12336,8.9,20.4,1.318,2,0,0.5045179,4.946863,,,,
,,,3904,18066,10.2,22.8,1.378,1,0.2,0.5088175,1.683434,,,,
,,,3905,15332,9.5,24.2,1.533,1.3,0.4,0.5132406,3.157309,,,,
,,,3906,15092,14,25.9,1.833,1,0.2,0.5177908,3.100024,,,,
,,,3907,10848,15.4,28.3,1.843,2.3,25,0.5055089,5.30012,,,,
,,,3908,8386,11.6,16.8,1.343,3,0.2,0.5099065,6.429452,,,,
,,,3909,7474,9,15,1.258,3.7,4,0.5144268,6.767353,,,,
,,,3910,10924,10.9,17.6,1.163,3.9,0.2,0.5190735,5.223615,,,,
,,,3911,16707,4.8,15.7,0.888,2.9,0.2,0.52385,1.922952,,,,
,,,3912,16607,3.8,16,0.923,2.6,0.2,0.5287601,1.836968,,,,
,,,3913,16892,1.7,17.5,1.013,1.4,0,0.5338076,1.448391,,,,
,,,3914,12010,6.2,19.1,1.293,0.9,0,0.5389965,4.31575,,,,
,,,3915,11811,10.6,18.2,1.238,1.8,0.2,0.5443308,4.360861,,,,
,,,3916,16222,6.4,19,1.063,2.2,0.2,0.5310217,1.453296,,,,
,,,3917,15968,2.7,15.6,0.918,2,0.2,0.5361638,1.575675,,,,
,,,3918,16737,2.2,17,0.938,2.2,0.2,0.5414451,0.8333939,,,,
,,,3919,10736,3.6,16.3,0.918,2.6,0,0.5468694,4.748792,,,,
,,,3920,11493,2.8,16.5,0.953,1.7,0.2,0.5524405,4.200865,,,,
,,,3921,12003,4.7,17.4,1.033,3.4,0.2,0.5581623,3.748446,,,,
,,,3922,10021,5.5,16.3,0.998,2.4,0,0.5640389,4.897531,,,,
,,,3923,11179,2.8,16.1,0.943,1.3,0.4,0.5700743,4.112536,,,,
,,,3924,10545,2.6,18,0.963,0.9,0.2,0.5762728,4.415108,,,,
,,,3925,10039,2.6,18.7,1.023,1.2,0,0.561692,4.625425,,,,
,,,3926,9964,6.1,16.4,1.058,2.5,0.2,0.5676466,4.573124,,,,
,,,3927,5430,10.4,16.3,1.148,3.3,2.2,0.5737551,7.013535,,,,
,,,3928,5830,10.2,15.3,1.068,2.7,2.6,0.5800211,6.79577,,,,
,,,3929,6580,6.4,13.4,0.888,3.7,5,0.5864484,6.399421,,,,
,,,3930,8875,4.5,12.4,0.778,2.3,0.2,0.5930407,5.022421,,,,
,,,3931,12163,0.2,16.2,0.843,2.8,0.2,0.5998016,2.476339,,,,
,,,3932,4134,11,16.9,1.233,2.1,3,0.6067352,7.440382,,,,
,,,3933,7844,8.6,23,1.318,2.2,1,0.613845,5.3027,,,,
,,,3934,3411,12.6,14.3,1.403,2.3,27,0.5977256,7.700121,,,,
,,,3935,3670,9.9,13.5,1.323,2,0.2,0.604523,7.565514,,,,
,,,3936,5796,11.3,18.6,1.363,0.9,0.2,0.6114829,6.39896,,,,
,,,3937,10614,7.8,22,1.323,1.2,0.2,0.6186082,2.697334,,,,
,,,3938,10703,7.8,23.2,1.348,1.2,0.2,0.6259017,2.453494,,,,
,,,3939,7671,9.3,22.5,1.478,0.9,0,0.6333662,4.882407,,,,
,,,3940,9009,11,22.7,1.608,0.9,0.2,0.6410042,3.624996,,,,
,,,3941,3883,13.5,17.9,1.583,1.8,6,0.6488184,7.261408,,,,
,,,3942,4618,12.4,16.7,1.418,2.6,7,0.656811,6.812548,,,,
,,,3943,8141,6.3,13.5,0.958,2.2,0.2,0.6388855,4.256665,,,,
,,,3944,8345,0.3,13.6,0.808,1.2,0.2,0.6464759,4.028973,,,,
,,,3945,10299,0.1,16.1,0.883,0.8,0.4,0.6542244,1.956452,,,,
,,,3946,6814,3.9,20.6,1.303,1.9,0.2,0.662132,4.981743,,,,
,,,3947,3560,13.5,18.3,1.428,3,32,0.6701993,7.25979,,,,
,,,3948,2939,7.4,7.5,0.958,3.5,5.2,0.6784269,7.628377,,,,
,,,3949,5518,2.9,10.2,0.858,1.7,0,0.6868149,5.905221,,,,
,,,3950,4723,4.1,12.1,0.978,0.8,0.2,0.6953632,6.414483,,,,
,,,3951,7451,5.3,13.7,0.963,1.6,0.4,0.7040714,3.983273,,,,
,,,3952,8836,0.6,16.5,0.873,0.9,0,0.7129386,2.406363,,,,
,,,3953,2975,5.5,10.4,1.053,1.7,6,0.6923149,7.461995,,,,
,,,3954,3170,6.5,8.7,0.938,1.8,0,0.700639,7.320038,,,,
,,,3955,3464,3.5,6.1,0.783,2.5,0,0.7090916,7.109906,,,,
,,,3956,4652,2.2,6.6,0.733,3.6,1.2,0.7176699,6.17895,,,,
,,,3957,3940,4.7,10.3,0.963,1.8,9,0.7263706,6.649199,,,,
,,,3958,4390,7,16.9,1.093,2.8,36,0.7351898,6.202005,,,,
,,,3959,4026,7.6,13.4,1.138,1.4,1.4,0.7441232,6.447757,,,,
,,,3960,6374,7.7,17.3,1.018,2.1,0,0.7531658,4.071591,,,,
,,,3961,3280,4.7,12,1.058,1.8,5,0.7623121,6.9753,,,,
,,,3962,2814,8.5,13.6,1.123,1.8,0.2,0.7715559,7.288625,,,,
,,,3963,2652,6.9,11.7,1.078,1.2,0.4,0.7808905,7.382916,,,,
,,,3964,5077,7.7,13.5,1.078,1.4,0.4,0.7903083,5.113546,,,,
,,,3965,5930,4.7,14.3,0.993,1,0.2,0.7651079,4.057832,,,,
,,,3966,2923,5.6,14.8,1.098,3,0,0.773748,7.071913,,,,
,,,3967,4138,8.9,16.7,1.113,4.6,0,0.7824279,5.890722,,,,
,,,3968,2152,11.6,14.3,1.068,2.7,1,0.7911379,7.625147,,,,
,,,3969,4521,4.3,12.5,0.913,1.1,0.6,0.799868,5.39414,,,,
,,,3970,4543,3.7,9.4,0.798,3.6,0.2,0.8086072,5.332678,,,,
,,,3971,6021,0.2,7.5,0.698,3.2,0,0.8173439,3.410407,,,,
,,,3972,3885,1.6,6.9,0.808,2.8,0.8,0.8260659,5.933692,,,,
,,,3973,2133,5.9,9.3,1.043,2.3,0.4,0.8347603,7.52681,,,,
,,,3974,3217,8.3,11,0.988,2.4,2.2,0.8434135,6.501528,,,,
,,,3975,2069,5,9.2,0.973,1.8,2,0.8520114,7.541771,,,,
,,,3976,2335,5.9,10.1,0.968,2,0.2,0.8605392,7.288246,,,,
,,,3977,2587,4.5,9.2,0.928,2.2,0.2,0.8689813,7.031349,,,,
,,,3978,2153,5.9,10.7,1.003,4.1,4,0.877322,7.399995,,,,
,,,3979,3464,2.8,4.3,0.653,3.4,2,0.8456998,6.090244,,,,
,,,3980,4166,-2.4,3.8,0.598,4.1,7,0.8529965,5.201512,,,,
,,,3981,1950,0.7,5,0.723,2,1,0.8601484,7.551213,,,,
,,,3982,2303,1,4.2,0.603,3.5,0,0.8671399,7.22424,,,,
,,,3983,4084,-0.5,4.7,0.583,2.8,0,0.8739554,5.148444,,,,
,,,3984,2267,-4.8,-0.3,0.513,0.7,0.2,0.8805792,7.230309,,,,
,,,3985,1689,-3.6,-1.4,0.528,0.8,0,0.8869953,7.737052,,,,
,,,3986,3212,-2.9,4.2,0.623,1.7,8.2,0.893188,6.121134,,,,
,,,3987,3440,1.1,9.3,0.688,4.3,0,0.8991416,5.780139,,,,
,,,3988,1583,2.1,4.3,0.713,2.1,1,0.9048404,7.773735,,,,
,,,3989,3464,2.2,4.8,0.653,2.5,0,0.9102692,5.689271,,,,
,,,3990,2090,-0.7,6.2,0.653,3.8,0.2,0.9154131,7.276272,,,,
,,,3991,1959,1.1,6.7,0.778,4.7,8,0.9202576,7.377781,,,,
,,,3992,3029,4.9,10.4,0.818,4.2,2.8,0.9247889,6.128111,,,,
,,,3993,2595,4.2,8,0.788,3.1,2,0.9289936,6.651491,,,,
,,,3994,4112,1.5,7.1,0.688,2.2,0,0.9328591,4.571507,,,,
,,,3995,3062,-2.9,4.4,0.573,1.4,0.2,0.9363737,6.090979,,,,
,,,3996,2638,-3.8,3.5,0.613,1.8,1.6,0.9395266,6.594129,,,,
,,,3997,1506,-0.1,1.4,0.628,3.8,0,0.9423079,7.781193,,,,
,,,3998,1712,0,2.8,0.583,3.2,0,0.9447088,7.58744,,,,
,,,3999,3572,-4.6,-0.2,0.483,1.9,0,0.9467216,5.367168,,,,
,,,4000,2100,-5.2,2.4,0.533,2.1,2.2,0.9483397,7.19054,,,,
,,,4001,1667,1.4,4.6,0.683,1.6,2,0.949558,7.609484,,,,
,,,4002,1996,-0.7,2.5,0.643,2.1,0,0.9503724,7.278084,,,,
,,,4003,1375,0.1,1.2,0.633,2.3,0,0.9507803,7.885658,,,,
,,,4004,1449,-0.5,0.7,0.593,1.9,2.2,0.9507803,7.822656,,,,
,,,4005,2179,-0.5,4.2,0.703,2.3,3.6,0.9503724,7.07049,,,,
,,,4006,2129,2.2,7.1,0.838,1.7,0.8,0.949558,7.108236,,,,
,,,4007,1867,0.6,7.8,0.853,1.9,0.6,0.9483397,7.392304,,,,
,,,4008,1629,5.7,9.5,0.978,1.8,0,0.9467216,7.624588,,,,
,,,4009,1591,5.7,8.1,0.833,1.8,0,0.9447088,7.679092,,,,
,,,4010,2152,2.1,8.6,0.783,2.1,0.2,0.9423079,7.114536,,,,
,,,4011,1789,0.3,3.5,0.683,1.7,0.4,0.9395266,7.514082,,,,
,,,4012,2285,0.7,5.6,0.648,4.1,0,0.9363737,7.010106,,,,
,,,4013,4054,0.4,4.4,0.458,4,0,0.9328591,4.782722,,,,
,,,4014,5092,-5.6,1.3,0.418,1.7,0,0.9289936,3.170037,,,,
,,,4015,5001,-6.7,1.9,0.428,1.4,0,0.9247889,3.368652,,,,
,,,4016,3833,-5.4,3.4,0.458,1.1,0.2,0.9202576,5.204732,,,,
,,,4017,2071,-1,2.9,0.608,1.6,3,0.9154131,7.30825,,,,
,,,4018,1721,0,4.4,0.733,1.6,2,0.9102692,7.641251,,,,
,,,4019,1549,-1.4,0.2,0.568,2,0,0.9048404,7.821746,,,,
,,,4020,1376,-0.7,-0.2,0.538,1.9,0,0.8991416,7.97763,,,,
,,,4021,1259,-1.4,-1.2,0.453,2,0,0.893188,8,,,,
,,,4022,5028,-7.1,-0.7,0.388,1.4,0,0.8869953,3.794279,,,,
,,,4023,1915,-8.6,-3,0.398,1.3,0,0.8805792,7.580286,,,,
,,,4024,1655,-4.8,-2.5,0.408,3,0,0.8739554,7.811561,,,,
,,,4025,1781,-3.9,-2.9,0.363,3.8,0,0.8671399,7.72896,,,,
,,,4026,4739,-9.2,-1,0.323,1.4,0,0.8601484,4.539681,,,,
,,,4027,3382,-8.3,1.6,0.393,0.9,0,0.8529965,6.237645,,,,
,,,4028,5666,-8.7,1.6,0.393,0.8,0,0.8456998,3.319972,,,,
,,,4029,5897,-9.5,2.7,0.383,0.4,0.2,0.877322,3.079198,,,,
,,,4030,4819,-9.8,1,0.388,0.6,0,0.8689813,4.684015,,,,
,,,4031,5676,-8.6,3.2,0.423,0.5,0.2,0.8605392,3.581265,,,,
,,,4032,3425,-5.2,6,0.608,1.3,0.2,0.8520114,6.345479,,,,
,,,4033,3372,-0.6,1.1,0.578,1.8,0,0.8434135,6.452,,,,
,,,4034,3293,-3,3.6,0.548,1.7,0.2,0.8347603,6.580667,,,,
,,,4035,5794,-5,9,0.568,0.8,0.2,0.8260659,3.740201,,,,
,,,4036,2580,-3.2,8.2,0.708,3.5,4,0.8173439,7.262179,,,,
,,,4037,2313,3.1,10.1,0.818,4.8,0.8,0.8086072,7.490358,,,,
,,,4038,4615,0.9,8.7,0.648,1.4,0,0.799868,5.411615,,,,
,,,4039,3339,-1.1,6.5,0.633,1.2,0.6,0.7911379,6.732834,,,,
,,,4040,3298,-3.5,4.1,0.643,3,6,0.7824279,6.807835,,,,
,,,4041,3654,2.7,12.4,0.798,6.3,14,0.773748,6.507777,,,,
,,,4042,2309,0.3,5.7,0.713,3.3,7,0.7651079,7.627265,,,,
,,,4043,6577,-2.2,7.3,0.613,1.6,1,0.7903083,3.617851,,,,
,,,4044,2611,-0.6,5.7,0.668,1.2,0,0.7808905,7.473557,,,,
,,,4045,2512,-0.6,4.1,0.678,2.9,0.2,0.7715559,7.567088,,,,
,,,4046,3099,1.1,3.9,0.583,2.1,0,0.7623121,7.201749,,,,
,,,4047,7060,-5.3,3.5,0.483,0.9,0.2,0.7531658,3.622168,,,,
,,,4048,6393,-6.1,3.1,0.478,1.2,0,0.7441232,4.465041,,,,
,,,4049,4623,-4.4,4.2,0.528,1.3,0.2,0.7351898,6.173065,,,,
,,,4050,2275,-1.5,1.4,0.538,1.7,0.4,0.7263706,7.844211,,,,
,,,4051,3153,-0.4,7.3,0.683,2,2.4,0.7176699,7.317875,,,,
,,,4052,1772,0.8,1.8,0.643,2.3,0.6,0.7090916,8,,,,
,,,4053,4589,-4.1,6.9,0.668,1.3,5,0.700639,6.392541,,,,
,,,4054,4810,1.2,13,0.828,2.8,0,0.6923149,6.243956,,,,
,,,4055,2899,2.3,7.2,0.768,1.6,0.4,0.7129386,7.580761,,,,
,,,4056,2549,0.9,4.7,0.648,3.9,0.2,0.7040714,7.809109,,,,
,,,4057,3437,-0.2,2.4,0.538,3.5,0,0.6953632,7.357189,,,,
,,,4058,3383,-3,6.9,0.653,4,0.2,0.6868149,7.403755,,,,
,,,4059,4211,6.4,9.7,0.678,7,0.4,0.6784269,6.942475,,,,
,,,4060,6050,0.3,5.3,0.578,3.3,0.4,0.6701993,5.766923,,,,
,,,4061,4550,0,3.3,0.558,4.1,1,0.662132,6.840893,,,,
,,,4062,2825,-1.9,1.8,0.558,1.9,0.4,0.6542244,7.807897,,,,
,,,4063,4549,-0.8,3.2,0.498,3.2,0.2,0.6464759,6.938662,,,,
,,,4064,9164,-4.9,3.2,0.418,2.6,0,0.6388855,3.727692,,,,
,,,4065,4008,-5.2,1.8,0.458,1.6,0.6,0.656811,7.314758,,,,
,,,4066,3184,-0.1,5.1,0.743,3.1,2.8,0.6488184,7.710491,,,,
,,,4067,3220,4.4,5.6,0.703,2.5,0.2,0.6410042,7.720874,,,,
,,,4068,8037,-4.6,4.4,0.423,2.1,0,0.6333662,5.026426,,,,
,,,4069,9131,-4.4,8.1,0.488,1.6,0,0.6259017,4.289392,,,,
,,,4070,6818,-0.3,7.4,0.628,2.9,0,0.6186082,5.912594,,,,
,,,4071,3204,2.1,5,0.733,2.2,3.6,0.6114829,7.811239,,,,
,,,4072,3103,3.2,6.3,0.803,2.5,1,0.604523,7.866825,,,,
,,,4073,4037,3.5,7.5,0.688,3.5,0,0.5977256,7.504888,,,,
,,,4074,11371,-3,8.5,0.578,1.2,0.2,0.613845,3.104095,,,,
,,,4075,10500,-3.7,9.9,0.623,1.1,0.2,0.6067352,3.860288,,,,
,,,4076,11823,1.3,12.2,0.698,2,0,0.5998016,2.949003,,,,
,,,4077,13215,-1.1,15.8,0.723,2.4,0,0.5930407,1.968182,,,,
,,,4078,5409,4.3,11.9,0.863,2.3,0.6,0.5864484,7.019753,,,,
,,,4079,3378,5.8,8.2,0.888,1.3,0.6,0.5800211,7.884008,,,,
,,,4080,8172,0.3,11.1,0.668,1.4,0.2,0.5737551,5.75522,,,,
,,,4081,4496,0.1,8.8,0.678,4.4,3,0.5676466,7.521832,,,,
,,,4082,5382,0.6,5.8,0.598,4,0,0.561692,7.203819,,,,
,,,4083,6178,1,7.8,0.548,5.5,0,0.5762728,6.909324,,,,
,,,4084,9427,-2.2,8.9,0.563,1.8,0,0.5700743,5.371054,,,,
,,,4085,4982,3.1,11.3,0.778,3.8,2.6,0.5640389,7.424586,,,,
,,,4086,9240,1.4,10.2,0.673,4.4,0.4,0.5581623,5.568897,,,,
,,,4087,4225,2.2,7,0.778,3.2,5,0.5524405,7.741726,,,,
,,,4088,8656,5.2,10.7,0.763,2.7,0,0.5468694,5.955115,,,,
,,,4089,14347,-1.8,12.7,0.638,1.4,0.2,0.5414451,2.8609,,,,
,,,4090,12894,1.8,15.1,0.778,1.2,0,0.5361638,3.804773,,,,
,,,4091,13865,0.4,17.7,0.913,2.4,0,0.5310217,3.252676,,,,
,,,4092,11786,7.1,14.3,0.798,3.4,0,0.5443308,4.6067,,,,
,,,4093,15893,1.5,14.6,0.728,3,0.2,0.5389965,2.29925,,,,
,,,4094,16484,0.6,15.9,0.758,2.1,0.2,0.5338076,2.026764,,,,
,,,4095,16873,1.4,18.1,0.688,2.4,0,0.5287601,1.951689,,,,
,,,4096,17168,-0.3,16,0.493,3.8,0,0.52385,2.035783,,,,
,,,4097,14556,1.6,8.7,0.403,5.4,0,0.5190735,3.730146,,,,
,,,4098,17030,-4.1,9.9,0.348,3.9,0,0.5144268,2.480513,,,,
,,,4099,16841,-1.9,13.1,0.508,3.6,0,0.5099065,2.580053,,,,
,,,4100,13432,-1.1,13.6,0.718,3.9,5.2,0.5055089,4.406135,,,,
,,,4101,8417,2.6,7.9,0.658,5.3,0,0.5177908,6.646383,,,,
,,,4102,6079,-1.5,8,0.693,4.3,1,0.5132406,7.452721,,,,
,,,4103,7039,3.9,12.8,0.753,3.3,0.2,0.5088175,7.165763,,,,
,,,4104,7900,7,13.8,0.893,3.5,5,0.5045179,6.886,,,,
,,,4105,4969,5.7,9.1,0.833,2.5,3,0.5003382,7.809919,,,,
,,,4106,14320,1.8,10.5,0.673,4,0.2,0.4962751,4.432129,,,,
,,,4107,9522,-0.1,10.8,0.648,3.5,0,0.4923252,6.4572,,,,
,,,4108,18729,0,14.9,0.733,3.3,0,0.4884854,2.338103,,,,
,,,4109,15232,3.6,14.6,0.798,2.1,0.2,0.4847525,4.164153,,,,
,,,4110,8169,2,13.3,0.868,1.7,0,0.4962234,6.962508,,,,
,,,4111,8384,5.7,16.4,1.028,1.8,0.2,0.4923688,6.897988,,,,
,,,4112,15069,1.9,16.9,0.948,1.9,0.2,0.4886243,4.385464,,,,
,,,4113,17656,5.1,18.2,0.948,2.1,0,0.4849867,3.242321,,,,
,,,4114,20317,3.5,22,0.873,3.3,0,0.4814532,2.007169,,,,
,,,4115,5372,7.5,12.1,1.033,1.8,3.8,0.4780206,7.822247,,,,
,,,4116,14299,6,16.6,0.963,1.6,0,0.4746861,4.939506,,,,
,,,4117,20479,3.2,20.9,0.938,2.4,0.2,0.4714471,2.169585,,,,
,,,4118,15850,8.5,21.6,0.978,5.4,0,0.4683008,4.397249,,,,
,,,4119,10460,9.4,19,1.108,2.1,0.1,0.4652447,6.432685,,,,
,,,4120,12518,9.3,19,1.243,3,0,0.4759086,5.733092,,,,
,,,4121,6908,10.5,16.3,1.273,3.9,0,0.4727608,7.496228,,,,
,,,4122,16812,10.2,20.9,1.173,1.7,0,0.4697056,4.154156,,,,
,,,4123,11092,10.3,19.1,0.948,4,0,0.4667404,6.369063,,,,
,,,4124,9587,8,14.4,0.968,2.1,0.8,0.4638626,6.845957,,,,
,,,4125,13444,2.2,16.2,0.908,1.6,0.6,0.46107,5.65882,,,,
,,,4126,13261,4.3,16.4,0.943,1.8,0,0.4583601,5.747103,,,,
,,,4127,11397,1.9,17.1,0.973,2.3,0.2,0.4557307,6.37378,,,,
,,,4128,11588,8.9,18.4,1.163,3.8,6.2,0.4531796,6.308113,,,,
,,,4129,16949,8.5,20.8,1.108,4.9,0,0.4634291,4.474335,,,,
,,,4130,20747,7.6,20.3,1.013,4,0.2,0.4608068,2.987841,,,,
,,,4131,22554,4,18.2,0.798,2.6,0,0.4582649,2.353711,,,,
,,,4132,23071,1.4,17.8,0.743,1.8,0.2,0.4558013,2.219894,,,,
,,,4133,11195,5.6,18.4,1.048,1.8,11,0.4534137,6.558579,,,,
,,,4134,6221,9.6,12.1,1.228,1.8,24,0.4511003,7.806668,,,,
,,,4135,13313,7.2,14.7,0.948,2.1,2,0.4488591,5.989223,,,,
,,,4136,10026,6,15.7,0.898,3.2,0.6,0.4466881,6.953061,,,,
,,,4137,9917,5.3,13.4,0.863,2.6,0.6,0.4445856,7.000726,,,,
,,,4138,15828,2.4,16.1,0.913,1.6,0,0.4425499,5.269305,,,,
,,,4139,12794,4.2,17.7,1.018,2.7,0.2,0.4405791,6.222331,,,,
,,,4140,17471,7.1,20.4,1.148,3.3,0,0.4503409,4.701221,,,,
,,,4141,20237,7.2,20,1.173,3.1,1,0.4483247,3.697465,,,,
,,,4142,11247,9.1,16.3,0.963,3,1,0.4463753,6.715784,,,,
,,,4143,10070,3.8,15.2,0.913,2.3,0,0.4444911,7.036869,,,,
,,,4144,13532,9.5,20.1,1.233,1.4,0.2,0.4426705,6.068532,,,,
,,,4145,17826,5.3,26,1.288,1.8,0,0.4409119,4.696669,,,,
,,,4146,10599,10.9,17.8,1.418,2.4,0.2,0.4392137,6.883367,,,,
,,,4147,16483,9.6,23.2,1.253,2.2,0.9,0.4375746,5.212705,,,,
,,,4148,9240,9.4,20.5,1.318,1.8,1.8,0.4359931,7.247629,,,,
,,,4149,16446,9.9,25.8,1.263,3,1,0.434468,5.268296,,,,
,,,4150,16015,13.8,24.4,1.528,1.9,2.2,0.4329977,5.373392,,,,
,,,4151,13787,11.1,22.6,1.528,1.8,3,0.4425584,6.069937,,,,
,,,4152,7469,13.4,19.2,1.478,2.1,12,0.4410665,7.657457,,,,
,,,4153,9080,10.9,15.9,1.203,2.3,1,0.4396315,7.336141,,,,
,,,4154,20640,6,21.3,1.123,2,0,0.4382521,4.001883,,,,
,,,4155,16574,9.7,22.4,1.343,2.8,3,0.4369271,5.330675,,,,
,,,4156,18685,8.1,19.9,1.248,1.4,0.2,0.4356553,4.689246,,,,
,,,4157,24253,7.1,24.9,1.318,1.7,0,0.4344355,2.648306,,,,
,,,4158,17262,10.3,27.6,1.488,2.1,0,0.4332668,5.135777,,,,
,,,4159,16904,15.8,27,1.583,2.2,0.6,0.4321479,5.246664,,,,
,,,4160,14847,13.7,23.5,1.698,1.7,0,0.4310781,5.864361,,,,
,,,4161,17972,12,28,1.818,1.7,0,0.4300562,4.888771,,,,
,,,4162,24479,16.3,31.1,1.898,1.4,0,0.4290814,2.493928,,,,
,,,4163,25501,13.6,32.5,1.378,3,0,0.4281528,2.295617,,,,
,,,4164,12676,16,20.9,1.448,3.8,1.2,0.4272696,6.533589,,,,
,,,4165,23218,5.8,18.2,0.973,2.4,0,0.426431,3.380667,,,,
,,,4166,11618,11.1,18.4,1.298,2.6,0.4,0.4256362,6.828306,,,,
,,,4167,26285,9.7,22.6,1.093,4.5,0,0.4248846,2.198928,,,,
,,,4168,26917,6.3,22.9,0.923,2.4,0,0.4343405,2.053417,,,,
,,,4169,25138,8.8,23.1,1.088,2.9,0,0.4336099,2.687864,,,,
,,,4170,21548,7.7,22.5,1.133,3.4,0,0.4329247,3.990933,,,,
,,,4171,27401,10.8,25.2,1.248,4.5,0,0.4322843,1.752452,,,,
,,,4172,26180,10.4,24.6,1.113,3.2,0,0.4316881,2.321402,,,,
,,,4173,22939,8.7,22.6,1.063,2.1,0,0.4311354,3.564832,,,,
,,,4174,14191,7.8,21.9,1.193,1.9,26.8,0.4306258,6.238618,,,,
,,,4175,14518,12.5,21.1,1.368,3.2,0.1,0.4301587,6.128774,,,,
,,,4176,12874,11,20.5,1.158,3.4,3,0.4297338,6.586664,,,,
,,,4177,13924,9.9,21.4,1.308,2.8,6,0.4293505,6.302396,,,,
,,,4178,17912,10.5,22,1.258,3.5,0.4,0.4290086,5.194193,,,,
,,,4179,17772,8.1,24.1,1.283,3.3,0.2,0.4287077,5.234719,,,,
,,,4180,21168,15.1,21.4,1.183,3.8,0,0.4284474,4.185291,,,,
,,,4181,26763,9,24,1.248,1.3,0.2,0.4282277,2.119903,,,,
,,,4182,28092,10.6,27.4,1.498,1.3,0,0.4280482,1.472609,,,,
,,,4183,18596,13.6,29.3,1.843,2,11,0.4279087,4.872912,,,,
,,,4184,11169,17.7,24.7,2.028,1.6,22,0.4278092,6.919975,,,,
,,,4185,18643,13.3,22.8,1.438,2.1,0,0.4277496,4.944382,,,,
,,,4186,26471,10.9,27.1,1.548,1.5,0.2,0.4277297,2.120009,,,,
,,,4187,20430,16.3,28.6,2.043,1.3,0,0.4277496,4.223065,,,,
,,,4188,8618,16.5,21.2,1.728,1.9,5,0.4278092,7.506831,,,,
,,,4189,15231,11,19.5,1.178,4,0,0.4279087,5.986831,,,,
,,,4190,15224,8.6,19.8,1.168,3.3,0,0.4280482,5.988427,,,,
,,,4191,21864,10.9,19.5,1.063,3.8,0,0.4282277,3.984684,,,,
,,,4192,20110,8.4,21.5,1.108,4.2,0,0.4284474,4.546019,,,,
,,,4193,22487,11.1,24.1,1.403,2.3,0.2,0.4287077,3.645036,,,,
,,,4194,18968,12.9,26.1,1.593,1.7,0,0.4290086,4.779714,,,,
,,,4195,12532,15.1,25.2,1.758,2.2,14,0.4293505,6.595291,,,,
,,,4196,15424,14,24.1,1.648,2.6,0,0.4297338,5.830153,,,,
,,,4197,26805,12.6,27.6,1.713,1.5,0.2,0.4301587,1.832622,,,,
,,,4198,26164,15.5,29.3,1.868,2,0.2,0.4306258,2.024841,,,,
,,,4199,25203,16.8,30.2,1.938,2.1,0,0.4311354,2.376892,,,,
,,,4200,22640,17,30.8,1.973,2.1,0.2,0.4316881,3.34949,,,,
,,,4201,19229,16.3,31.1,1.953,2,0,0.4322843,4.555422,,,,
,,,4202,17925,19.6,28.4,1.873,2.6,0,0.4329247,4.988438,,,,
,,,4203,19991,18.3,28.1,1.873,2.4,0.8,0.4336099,4.287286,,,,
,,,4204,11985,18.7,25.5,1.948,2.5,3,0.4343405,6.668917,,,,
,,,4205,19188,13.9,26,1.513,2.5,0,0.4248846,4.614769,,,,
,,,4206,11795,15,22,1.333,3,0.1,0.4256362,6.768385,,,,
,,,4207,15630,12.4,22.6,1.273,2.4,1,0.426431,5.744633,,,,
,,,4208,17950,13.4,22.3,1.208,3,0,0.4272696,5.045162,,,,
,,,4209,12599,10.4,22.1,1.188,2.8,0,0.4281528,6.562825,,,,
,,,4210,18327,11,23.9,1.268,1.3,0,0.4290814,4.878969,,,,
,,,4211,14569,14.6,30,1.593,2.5,0,0.4300562,5.949017,,,,
,,,4212,16044,17.5,30.8,2.008,2.5,26,0.4310781,5.427438,,,,
,,,4213,13933,18.3,25.6,2.043,2.9,23,0.4321479,6.044636,,,,
,,,4214,11029,16.2,24.8,1.838,1.3,0.2,0.4332668,6.84187,,,,
,,,4215,25762,15.6,31.6,1.988,1.8,9,0.4344355,1.695017,,,,
,,,4216,8156,16.1,19.3,1.498,3.8,0.2,0.4356553,7.523697,,,,
,,,4217,12940,12,20.4,1.183,4.3,1,0.4369271,6.388462,,,,
,,,4218,13074,13.7,21.5,1.378,2.6,0,0.4382521,6.309944,,,,
,,,4219,25337,11.6,27.2,1.488,1.4,0,0.4396315,1.910324,,,,
,,,4220,23449,15.4,28.4,1.593,4.4,4,0.4410665,2.629616,,,,
,,,4221,17941,16.6,31.3,1.528,4,0.6,0.4425584,4.712342,,,,
,,,4222,15239,19.3,28,1.653,3.3,6,0.4329977,5.558915,,,,
,,,4223,12707,14.1,22.1,1.528,2.5,0,0.434468,6.318394,,,,
,,,4224,19593,12.5,22.4,1.308,2.2,0.2,0.4359931,4.092562,,,,
,,,4225,25825,10.2,26.7,1.318,1.3,0,0.4375746,1.481695,,,,
,,,4226,20135,11.7,29.7,1.523,2.7,0.2,0.4392137,3.753684,,,,
,,,4227,22994,13,25.6,1.498,1.7,0,0.4409119,2.550898,,,,
,,,4228,25069,11.6,31.5,1.523,2.5,0,0.4426705,1.563081,,,,
,,,4229,17195,16.6,23.4,1.333,3.4,0,0.4444911,4.791581,,,,
,,,4230,23178,11.2,25.1,1.243,1.8,0.2,0.4463753,2.4203,,,,
,,,4231,26051,9.9,33.4,1.408,2.7,8,0.4483247,0.9619367,,,,
,,,4232,9545,16,20.7,1.538,2.7,7.2,0.4503409,7.040374,,,,
,,,4233,19284,10.3,22.8,1.218,1.9,0.2,0.4405791,3.8978,,,,
,,,4234,23874,11.2,25.4,1.273,2.1,0,0.4425499,1.860004,,,,
,,,4235,23339,10.9,28.1,1.448,1.4,0.2,0.4445856,1.967313,,,,
,,,4236,24492,12.2,31,1.583,1.1,3,0.4466881,1.28861,,,,
,,,4237,12285,17.6,26.4,1.928,2.4,0.6,0.4488591,6.11419,,,,
,,,4238,12660,18.2,26.2,1.988,2.8,0,0.4511003,5.959038,,,,
,,,4239,11727,15.5,24.2,1.938,1.4,2.2,0.4534137,6.241496,,,,
,,,4240,11655,16.3,25,1.813,2.3,0.4,0.4558013,6.255369,,,,
,,,4241,21896,12.3,26.9,1.573,2.2,0,0.4582649,2.190081,,,,
,,,4242,20561,15.9,27.3,1.673,2,0.2,0.4608068,2.715585,,,,
,,,4243,22471,14.1,30,1.703,2.2,0,0.4634291,1.70509,,,,
,,,4244,22135,14.7,28.7,1.693,1.6,0.2,0.4531796,1.79887,,,,
,,,4245,23612,14.3,33.9,1.578,1.4,0,0.4557307,0.9978454,,,,
,,,4246,21221,14.5,34,1.653,1.3,0,0.4583601,2.115564,,,,
,,,4247,19421,15.6,32.3,1.813,1.8,0.2,0.46107,2.867477,,,,
,,,4248,22643,16.9,32.9,1.888,1.6,0,0.4638626,1.102518,,,,
,,,4249,22820,17.2,36.6,1.733,1.3,0,0.4667404,0.9733778,,,,
,,,4250,22109,17.5,37.6,1.563,3.7,21,0.4697056,1.339711,,,,
,,,4251,9502,17.7,24.7,1.793,2.2,0.6,0.4727608,6.669841,,,,
,,,4252,20684,13.6,25.9,1.403,1.9,0.2,0.4759086,1.982351,,,,
,,,4253,22470,10.7,28,1.248,1.4,0,0.4652447,0.9914077,,,,
,,,4254,18763,11.8,31.3,1.643,2.3,14,0.4683008,2.710455,,,,
,,,4255,7157,16.8,20.3,1.933,1.9,6.8,0.4714471,7.291061,,,,
,,,4256,16793,13.5,27,1.778,1.1,0.2,0.4746861,3.499891,,,,
,,,4257,16647,13.6,29.7,1.818,1.3,0.2,0.4780206,3.486333,,,,
,,,4258,12474,17.7,24.9,1.593,2.4,0,0.4814532,5.371795,,,,
,,,4259,18467,10.6,21.1,1.043,2.4,0.2,0.4849867,2.673403,,,,
,,,4260,21261,7.6,23.7,0.983,1.8,0.2,0.4886243,1.051567,,,,
,,,4261,22516,7.8,30.6,1.263,2.7,0,0.4923688,0,,,,
,,,4262,10277,16.4,27.5,1.788,2.4,12.2,0.4962234,6.046576,,,,
,,,4263,8559,13.2,19.8,1.588,1.3,0.8,0.4847525,6.678437,,,,
,,,4264,6971,15.8,22,1.598,3,0.2,0.4884854,7.188733,,,,
,,,4265,10165,15.1,21.5,1.298,3.3,3.2,0.4923252,6.045916,,,,
,,,4266,14687,5.1,19.3,1.013,2,0.2,0.4962751,4.034525,,,,
,,,4267,19447,6.3,21.9,1.073,1.5,0.2,0.5003382,1.231273,,,,
,,,4268,20057,6.8,26.7,1.233,1.3,0.2,0.5045179,0.6105957,,,,
,,,4269,20131,8.4,27.7,1.363,1.1,0.2,0.5088175,0.3382393,,,,
,,,4270,19001,9.4,26.9,1.303,1.5,0.2,0.5132406,0.9855049,,,,
,,,4271,18899,9.9,25.7,1.328,3.2,0,0.5177908,0.8986134,,,,
,,,4272,7828,13,22.6,1.463,3.9,0.2,0.5055089,6.672392,,,,
,,,4273,10299,10.9,20.9,1.278,3.2,0,0.5099065,5.611107,,,,
,,,4274,17427,8.7,22.9,1.098,3,0,0.5144268,1.592943,,,,
,,,4275,13156,9.2,18.8,1.043,3.9,0.2,0.5190735,4.097455,,,,
,,,4276,7132,6.4,15.2,1.153,1.5,2,0.52385,6.846925,,,,
,,,4277,5251,10.1,15.6,1.408,1.7,2.2,0.5287601,7.484072,,,,
,,,4278,9154,13.3,22.1,1.493,1.2,0,0.5338076,5.835938,,,,
,,,4279,10174,10.7,23.1,1.548,1.1,0.2,0.5389965,5.256159,,,,
,,,4280,10979,10.3,22.6,1.468,1.7,0.2,0.5443308,4.768677,,,,
,,,4281,4967,12.7,16.3,1.538,1.8,14.2,0.5310217,7.484959,,,,
,,,4282,10536,13,23.7,1.638,3.2,0.2,0.5361638,4.824731,,,,
,,,4283,8434,12.5,23.8,1.623,1.9,0.2,0.5414451,5.89544,,,,
,,,4284,11308,11.3,24,1.513,1.2,0.4,0.5468694,4.228621,,,,
,,,4285,11659,10.5,24.3,1.363,2.4,0.2,0.5524405,3.956636,,,,
,,,4286,6980,11.4,18.5,1.448,3,0.4,0.5581623,6.486811,,,,
,,,4287,11057,9.9,22.2,1.343,1.4,0.2,0.5640389,4.152298,,,,
,,,4288,10352,8.7,23.7,1.383,0.8,0.2,0.5700743,4.497931,,,,
,,,4289,11279,9.7,24.1,1.263,1,0.2,0.5762728,3.827121,,,,
,,,4290,15802,6.4,23.3,1.168,1.1,0.2,0.561692,0.1854361,,,,
,,,4291,15605,6.3,23.3,1.208,1.1,0.2,0.5676466,0.1401025,,,,
,,,4292,9855,7.2,22.1,1.228,1.5,0.2,0.5737551,4.500908,,,,
,,,4293,9009,7.5,18.7,1.078,2.1,0,0.5800211,5.008186,,,,
,,,4294,14919,4.4,20.2,0.973,1.1,0.2,0.5864484,0.3352503,,,,
,,,4295,9761,5.6,19.4,0.983,1.2,0.2,0.5930407,4.357822,,,,
,,,4296,6467,5.7,24.1,1.218,2,0,0.5998016,6.297709,,,,
,,,4297,5955,12.9,22.7,1.678,2.1,0.2,0.6067352,6.466553,,,,
,,,4298,12305,11.5,27.8,1.513,3,0.8,0.613845,1.693406,,,,
,,,4299,4185,15.7,17.5,1.713,1.7,13.2,0.5977256,7.318697,,,,
,,,4300,4737,11.6,18.7,1.583,0.9,3,0.604523,7.014234,,,,
,,,4301,5216,13.5,18.1,1.558,2,3.2,0.6114829,6.712055,,,,
,,,4302,7781,10.3,19.1,1.333,2.3,4,0.6186082,5.016691,,,,
,,,4303,6542,11.9,14.5,1.088,3.8,0.2,0.6259017,5.861245,,,,
,,,4304,9324,3.3,13.8,0.818,2.3,0,0.6333662,3.776677,,,,
,,,4305,11722,1.9,11.9,0.658,2.9,0.2,0.6410042,1.535227,,,,
,,,4306,11698,-2.2,8.7,0.473,3.6,0,0.6488184,1.533368,,,,
,,,4307,10725,-2.6,11.5,0.663,3.4,0.4,0.656811,2.168656,,,,
,,,4308,6897,2.8,11.4,0.778,2.9,0.2,0.6388855,5.320642,,,,
,,,4309,7989,-0.6,11,0.678,2.1,0.2,0.6464759,4.393178,,,,
,,,4310,6434,-3.2,10.4,0.618,1,0.2,0.6542244,5.56411,,,,
,,,4311,6986,-1,17.1,0.858,5.9,0,0.662132,4.967418,,,,
,,,4312,3826,12.2,15.6,1.123,3,21,0.6701993,7.130393,,,,
,,,4313,4354,4.9,14.5,1.153,0.9,0.2,0.6784269,6.745796,,,,
,,,4314,7116,8.9,16,1.093,1.3,0.2,0.6868149,4.480651,,,,
,,,4315,4430,5,16.2,1.238,1.7,5,0.6953632,6.582912,,,,
,,,4316,6303,11.2,16.3,1.238,1.9,0,0.7040714,4.987828,,,,
,,,4317,7222,3.3,15.9,0.968,1,0.2,0.7129386,4.09367,,,,
,,,4318,8323,1.9,13.8,0.863,1.1,0.2,0.6923149,2.840304,,,,
,,,4319,8995,-0.1,18.9,0.923,0.5,0.2,0.700639,1.853961,,,,
,,,4320,8654,2.3,17.5,0.993,1,0.4,0.7090916,2.063101,,,,
,,,4321,3332,2.8,9.2,0.948,1.3,0,0.7176699,7.142077,,,,
,,,4322,4237,5.9,13.5,1.053,0.9,0,0.7263706,6.395438,,,,
,,,4323,4410,7.7,17.5,1.313,2.5,13.4,0.7351898,6.143413,,,,
,,,4324,3877,9.3,11.9,0.993,3.1,5,0.7441232,6.596168,,,,
,,,4325,2917,5.3,10.4,1.043,3.3,7,0.7531658,7.286255,,,,
,,,4326,4587,7.9,12.8,0.923,3.1,1,0.7623121,5.873718,,,,
,,,4327,4253,4.7,10.4,0.868,2.4,1.8,0.7715559,6.133721,,,,
,,,4328,4887,4.7,12.1,0.848,1.4,0.6,0.7808905,5.45961,,,,
,,,4329,2942,2.8,8.2,0.833,2.6,5,0.7903083,7.160075,,,,
,,,4330,5454,-0.2,9.2,0.743,2.3,0,0.7651079,4.720198,,,,
,,,4331,2489,3.6,7,0.803,4.4,1.4,0.773748,7.449283,,,,
,,,4332,2716,4.3,6.9,0.793,2.6,0,0.7824279,7.246599,,,,
,,,4333,3744,-0.6,8.1,0.708,1.4,4.2,0.7911379,6.320038,,,,
,,,4334,2885,1.2,10.5,0.958,2,1.2,0.799868,7.016523,,,,
,,,4335,4276,5.9,15.7,1.128,3.4,0,0.8086072,5.542574,,,,
,,,4336,2469,12.9,15.7,1.048,5,3,0.8173439,7.298025,,,,
,,,4337,2598,4.1,12.1,1.073,0.8,1.8,0.8260659,7.153828,,,,
,,,4338,3730,10.2,16.8,1.303,1.4,0.2,0.8347603,5.937523,,,,
,,,4339,3253,8.2,16.7,1.178,2.6,0.2,0.8434135,6.430665,,,,
,,,4340,6806,3.8,13.9,0.918,1.2,0.2,0.8520114,1.538723,,,,
,,,4341,4388,0.6,14.1,0.923,1.2,0.2,0.8605392,5.054059,,,,
,,,4342,6040,7.3,19.4,1.023,1.5,0.2,0.8689813,2.498109,,,,
,,,4343,5377,4.9,17.7,1.003,3.1,1,0.877322,3.460293,,,,
,,,4344,2750,10.4,14.6,1.043,3.7,3,0.8456998,6.79066,,,,
,,,4345,2279,7.3,12.3,1.053,3.7,6.4,0.8529965,7.231802,,,,
,,,4346,1971,9.8,14.3,1.068,2.9,0.2,0.8601484,7.496321,,,,
,,,4347,5212,2.4,12.9,0.848,2.1,1.2,0.8671399,3.432822,,,,
,,,4348,4878,7,14,0.838,2.5,0.2,0.8739554,3.884588,,,,
,,,4349,2730,4.5,11.6,0.793,2.8,0.6,0.8805792,6.701682,,,,
,,,4350,2666,3.4,10.8,0.763,3.8,0,0.8869953,6.749986,,,,
,,,4351,2247,7.6,12.9,0.893,4,11,0.893188,7.15046,,,,
,,,4352,1879,3.5,7.1,0.808,1.3,0.6,0.8991416,7.506742,,,,
,,,4353,1950,3.7,6.9,0.773,2.8,0.4,0.9048404,7.428171,,,,
,,,4354,2389,-0.7,8,0.693,3.1,0.2,0.9102692,6.973608,,,,
,,,4355,2138,6.3,9.2,0.843,3.3,7,0.9154131,7.199751,,,,
,,,4356,3203,2.6,4.8,0.673,2.6,1,0.9202576,5.966138,,,,
,,,4357,2303,0.5,10,0.758,3.1,0.6,0.9247889,7.005634,,,,
,,,4358,1989,5.8,12,0.973,2.7,5.4,0.9289936,7.299668,,,,
,,,4359,1813,8.2,11.7,1.158,2,6,0.9328591,7.452499,,,,
,,,4360,2544,4.1,9.5,0.808,2.3,2,0.9363737,6.678532,,,,
,,,4361,1648,5.2,9,1.008,1.2,2.6,0.9395266,7.616467,,,,
,,,4362,1688,8.2,11.5,1.038,1.3,0.2,0.9423079,7.568271,,,,
,,,4363,2849,0.7,6.3,0.738,2.5,0.2,0.9447088,6.28018,,,,
,,,4364,1616,2,3.5,0.628,4.4,0.6,0.9467216,7.670285,,,,
,,,4365,1708,0.8,1.4,0.488,3.8,0,0.9483397,7.596023,,,,
,,,4366,3558,-2.8,1.5,0.453,3,0,0.949558,5.382111,,,,
,,,4367,1222,-2.9,-1.8,0.383,2.8,0,0.9503724,8,,,,
,,,4368,1392,-2.7,-2,0.408,2.1,0.1,0.9507803,7.892569,,,,
,,,4369,2455,-5.9,-1.3,0.418,1.7,0.2,0.9507803,6.81374,,,,
,,,4370,1584,-3.8,-0.7,0.473,3.1,0.1,0.9503724,7.712219,,,,
,,,4371,2676,-9.3,-5.1,0.283,2.8,0.1,0.949558,6.600853,,,,
,,,4372,2234,-13.6,0.4,0.403,3.7,0.5,0.9483397,7.073377,,,,
,,,4373,2301,-1.8,8.2,0.628,5.1,0.1,0.9467216,6.959611,,,,
,,,4374,2530,7.5,14.2,0.903,4.1,3,0.9447088,6.648632,,,,
,,,4375,1731,2,5.1,0.773,1.9,6,0.9423079,7.554331,,,,
,,,4376,1837,3.4,10.5,0.948,2,2.4,0.9395266,7.435721,,,,
,,,4377,3780,4.7,8.5,0.658,4.3,0.2,0.9363737,5.073665,,,,
,,,4378,3668,-5.1,2.3,0.518,0.6,0.2,0.9328591,5.318885,,,,
,,,4379,3254,-5,6.4,0.578,2.5,0.2,0.9289936,5.888452,,,,
,,,4380,1775,0.8,5,0.728,1.5,5,0.9247889,7.557651,,,,
,,,4381,2656,4.2,15,1.063,2.4,12,0.9202576,6.573761,,,,
,,,4382,1780,7.4,11.6,1.078,1.9,6,0.9154131,7.539851,,,,
,,,4383,3782,6.1,13,0.958,1.6,3,0.9102692,5.167565,,,,
,,,4384,1385,4.5,5.4,0.743,3.6,1,0.9048404,7.944461,,,,
,,,4385,4449,-2.7,2,0.478,2,0.2,0.8991416,4.484972,,,,
,,,4386,2623,-5.5,0.1,0.458,0.8,0,0.893188,6.845936,,,,
,,,4387,1590,-3.1,-1.3,0.448,2.2,0,0.8869953,7.834407,,,,
,,,4388,1570,-4.3,-2.6,0.428,1.6,0.1,0.8805792,7.865139,,,,
,,,4389,2613,-3.7,0.5,0.453,1.4,0,0.8739554,6.934259,,,,
,,,4390,1982,-6.5,0.2,0.473,1.3,2,0.8671399,7.544462,,,,
,,,4391,1507,-2,-1.2,0.473,5.8,0.1,0.8601484,7.946126,,,,
,,,4392,1435,-4.7,-4.1,0.398,4.3,0.1,0.8529965,8,,,,
,,,4393,1745,-4.9,-2.3,0.453,1.9,0,0.8456998,7.792192,,,,
,,,4394,1620,-4.7,-2.3,0.413,0.7,0,0.877322,7.906592,,,,
,,,4395,1759,-4.4,-2.4,0.438,1.5,0.6,0.8689813,7.814804,,,,
,,,4396,2343,-3.7,6.1,0.658,2.1,1,0.8605392,7.332752,,,,
,,,4397,2554,-1.9,2.8,0.638,1.4,7,0.8520114,7.177629,,,,
,,,4398,1764,0.8,4.3,0.723,1.3,0.2,0.8434135,7.832801,,,,
,,,4399,1172,1.6,6.1,0.753,3.3,3,0.8347603,8,,,,
,,,4400,3456,5.7,9.7,0.803,2.9,0.6,0.8260659,6.406736,,,,
,,,4401,3075,1.9,7.9,0.713,1.5,0,0.8173439,6.831228,,,,
,,,4402,2435,-4.8,0.1,0.553,1.4,0.2,0.8086072,7.429108,,,,
,,,4403,1866,-1.9,5.2,0.643,1.7,4,0.799868,7.856003,,,,
,,,4404,3797,0.4,7.8,0.683,1.3,0,0.7911379,6.301638,,,,
,,,4405,1358,-2.5,2.5,0.608,0.9,0.2,0.7824279,8,,,,
,,,4406,3427,-1.1,4.1,0.613,1.4,0.2,0.773748,6.745156,,,,
,,,4407,3011,-1.6,5.7,0.678,1.1,1.8,0.7651079,7.112958,,,,
,,,4408,1604,2.3,4,0.683,2.4,0,0.7903083,8,,,,
,,,4409,1203,-1,0.8,0.518,4.3,0,0.7808905,8,,,,
,,,4410,1170,-3.5,-2.5,0.388,3.5,0,0.7715559,8,,,,
,,,4411,1114,-3.8,-0.7,0.513,1.8,0.8,0.7623121,8,,,,
,,,4412,1795,-0.9,3,0.648,3.5,4.6,0.7531658,8,,,,
,,,4413,3651,-0.8,2.6,0.533,3.4,0.1,0.7441232,6.884589,,,,
,,,4414,4835,-4.7,0.4,0.438,1.8,0.2,0.7351898,6.024569,,,,
,,,4415,4400,-8,1.3,0.463,1.7,0.1,0.7263706,6.427375,,,,
,,,4416,3214,-1.3,4.5,0.593,2.8,0.2,0.7176699,7.290955,,,,
,,,4417,4298,2.2,9.3,0.593,2.5,0,0.7090916,6.575697,,,,
,,,4418,7783,-3.5,11.3,0.643,3,6,0.700639,3.498634,,,,
,,,4419,4625,2.6,7.8,0.818,3.3,3,0.6923149,6.387291,,,,
,,,4420,3746,1.3,8.2,0.808,2.3,4,0.7129386,7.05491,,,,
,,,4421,2239,3,3.8,0.703,3.2,1.4,0.7040714,7.963743,,,,
,,,4422,3284,0.8,4.1,0.603,1.4,0.6,0.6953632,7.436212,,,,
,,,4423,2723,-2,0.9,0.573,2,1,0.6868149,7.770155,,,,
,,,4424,3298,-2.7,-1,0.418,4.1,0.1,0.6784269,7.512892,,,,
,,,4425,2948,-8,-3.7,0.348,5,0.1,0.6701993,7.728253,,,,
,,,4426,2959,-4.5,-1.5,0.433,4.2,0.2,0.662132,7.734951,,,,
,,,4427,2920,-4.2,-1.2,0.428,2.8,0.1,0.6542244,7.776567,,,,
,,,4428,2461,-3.2,-2.1,0.428,1.9,0,0.6464759,8,,,,
,,,4429,3257,-3.7,-1.7,0.368,0.9,0,0.6388855,7.670517,,,,
,,,4430,4901,-10.4,2.2,0.418,0.8,3.8,0.656811,6.839697,,,,
,,,4431,3568,-0.4,5.9,0.733,1,7,0.6488184,7.528363,,,,
,,,4432,6028,2.9,12.5,0.808,1.4,3.6,0.6410042,6.176065,,,,
,,,4433,3033,3.8,5.8,0.688,2.5,0.2,0.6333662,7.8271,,,,
,,,4434,5494,-1.2,6.1,0.588,2.2,1.2,0.6259017,6.650084,,,,
,,,4435,6522,-0.7,11.1,0.668,4.6,0.9,0.6186082,6.083881,,,,
,,,4436,6808,5.6,15.1,0.858,4.9,4,0.6114829,5.922672,,,,
,,,4437,5792,6.4,13.5,0.963,2.7,5,0.604523,6.55518,,,,
,,,4438,4485,4.9,11,0.888,2.4,2.8,0.5977256,7.277259,,,,
,,,4439,4497,5.3,12.1,0.903,3.3,4,0.613845,7.301349,,,,
,,,4440,7046,6.1,11.8,0.728,4.3,2.8,0.6067352,6.060286,,,,
,,,4441,7851,0.3,12.6,0.683,6.6,4,0.5998016,5.670375,,,,
,,,4442,7952,8.9,14.8,0.748,7.2,0.2,0.5930407,5.660871,,,,
,,,4443,8919,-1.1,11.4,0.708,1.4,1.2,0.5864484,5.167576,,,,
,,,4444,6658,3.3,13.6,0.793,2.5,0.2,0.5800211,6.468754,,,,
,,,4445,4818,2.9,7.1,0.728,1.6,0,0.5737551,7.36028,,,,
,,,4446,7679,1.8,8.4,0.533,3.3,0,0.5676466,6.114435,,,,
,,,4447,12142,-2.3,5.1,0.358,3.9,0,0.561692,3.668754,,,,
,,,4448,6544,-5.3,4.3,0.448,2.2,0.2,0.5762728,6.770147,,,,
,,,4449,6899,-4.1,1,0.378,4.2,0,0.5700743,6.671659,,,,
,,,4450,12797,-4.1,5.2,0.283,5.7,0,0.5640389,3.633998,,,,
,,,4451,10967,-4.1,1.6,0.258,7.8,0,0.5581623,4.820652,,,,
,,,4452,5686,-3.8,0.4,0.348,4.4,0,0.5524405,7.274335,,,,
,,,4453,4060,-3.4,0.4,0.483,2.5,0.2,0.5468694,7.84048,,,,
,,,4454,10148,-5.8,6.2,0.463,2.2,0.2,0.5414451,5.371648,,,,
,,,4455,12192,-4.6,7.9,0.468,2.8,0,0.5361638,4.359791,,,,
,,,4456,4902,-0.4,5.5,0.538,2.5,0,0.5310217,7.61747,,,,
,,,4457,9963,-0.4,11.3,0.623,2.5,0,0.5443308,5.594911,,,,
,,,4458,15765,-2.6,12.6,0.568,1.6,0.2,0.5389965,2.486061,,,,
,,,4459,16551,-2.8,18.1,0.543,1.8,0,0.5338076,2.131771,,,,
,,,4460,12492,1.9,18.3,0.593,3.7,0,0.5287601,4.553206,,,,
,,,4461,10461,8.2,20.6,0.858,3.9,1,0.52385,5.528985,,,,
,,,4462,5968,10.5,15.6,1.098,5.1,0.1,0.5190735,7.335886,,,,
,,,4463,4816,11.9,14.5,1.023,3,0.2,0.5144268,7.73137,,,,
,,,4464,16102,1.8,16.5,0.753,1.4,1,0.5099065,2.857613,,,,
,,,4465,17761,0.1,18.7,0.753,1.3,0,0.5055089,1.984221,,,,
,,,4466,14397,3.5,19.7,0.883,4.8,0,0.5177908,3.925871,,,,
,,,4467,9971,12.1,20,0.973,7.6,2,0.5132406,6.021335,,,,
,,,4468,7673,5.7,13.3,0.898,3,1.2,0.5088175,6.934073,,,,
,,,4469,7641,3.5,11.4,0.893,4.4,0.2,0.5045179,6.974075,,,,
,,,4470,5620,7.1,13.2,1.023,2.6,0.2,0.5003382,7.613881,,,,
,,,4471,13440,4.9,20,0.883,4,0,0.4962751,4.760972,,,,
,,,4472,7641,8.3,12.2,0.768,5,34,0.4923252,7.069238,,,,
,,,4473,8797,4.1,13.2,0.708,3.8,9,0.4884854,6.727731,,,,
,,,4474,11195,2.8,10.8,0.703,2.1,0,0.4847525,5.905699,,,,
,,,4475,11481,0.4,14.3,0.743,3.2,5.8,0.4962234,5.829008,,,,
,,,4476,5086,5.7,10.9,0.913,2.4,10.4,0.4923688,7.852626,,,,
,,,4477,10170,5.5,12.9,0.778,2.9,1,0.4886243,6.373166,,,,
,,,4478,11851,2.1,12.5,0.708,1.6,0.2,0.4849867,5.82497,,,,
,,,4479,21114,-0.3,20.3,0.688,2.2,0.2,0.4814532,1.697109,,,,
,,,4480,10027,8.6,16.2,0.933,2.2,3,0.4780206,6.487564,,,,
,,,4481,5541,7.6,10.6,1.053,3,0,0.4746861,7.791209,,,,
,,,4482,9614,8.4,17.4,1.073,3,0,0.4714471,6.656053,,,,
,,,4483,19654,4.1,17.1,0.868,3.1,0,0.4683008,2.705639,,,,
,,,4484,18001,3,13.7,0.653,5.4,0.2,0.4652447,3.657154,,,,
,,,4485,11777,0.9,11.4,0.648,4.5,0,0.4759086,6.118955,,,,
,,,4486,12590,2.9,13.3,0.733,2.4,0.2,0.4727608,5.856728,,,,
,,,4487,15481,0.8,15,0.753,2.1,0,0.4697056,4.833741,,,,
,,,4488,14056,2.7,14.9,0.753,2.4,0,0.4667404,5.409735,,,,
,,,4489,21016,1.6,16.1,0.778,2.8,0.2,0.4638626,2.574633,,,,
,,,4490,21933,2.5,18.3,0.808,1.7,0,0.46107,2.200525,,,,
,,,4491,22531,1.9,21,0.858,1.1,0.2,0.4583601,1.963002,,,,
,,,4492,21051,3.5,21.3,0.843,1.3,0,0.4557307,2.737556,,,,
,,,4493,18398,6,20.8,0.913,1.5,0,0.4531796,3.912268,,,,
,,,4494,21171,4.5,20.4,0.908,1.7,0,0.4634291,2.784652,,,,
,,,4495,14874,6.5,20.4,0.788,2.1,0,0.4608068,5.369516,,,,
,,,4496,14702,9.7,19.6,0.873,2,0,0.4582649,5.43935,,,,
,,,4497,23071,5.1,23,0.873,1.6,0,0.4558013,2.145084,,,,
,,,4498,22458,6.6,24.1,1.033,1.9,0.2,0.4534137,2.40772,,,,
,,,4499,19675,9.1,20.3,1.043,2.3,0,0.4511003,3.652003,,,,
,,,4500,23358,5.5,21.5,0.893,2,0.2,0.4488591,2.202084,,,,
,,,4501,23532,4.9,25.4,0.983,1.1,0,0.4466881,2.139011,,,,
,,,4502,22462,9.2,27.1,1.093,2.5,0.4,0.4445856,2.617894,,,,
,,,4503,4703,13.6,15.3,1.343,1.4,4,0.4425499,8,,,,
,,,4504,7416,9.5,14.8,1.318,0.9,2.4,0.4405791,7.581291,,,,
,,,4505,10244,9.7,15.9,1.138,1.4,6.2,0.4503409,6.925432,,,,
,,,4506,10247,7,11.6,0.903,4,0,0.4483247,6.96798,,,,
,,,4507,6888,5.8,10.9,0.878,5,1.8,0.4463753,7.750934,,,,
,,,4508,4639,5.9,5.9,0.868,2.9,17,0.4444911,8,,,,
,,,4509,6539,4.6,7.4,0.878,1.6,1,0.4426705,7.835399,,,,
,,,4510,9554,5.2,13.9,0.883,0.4,0,0.4409119,7.18796,,,,
,,,4511,12866,6.1,16.9,1.008,1.2,3.4,0.4392137,6.333583,,,,
,,,4512,9583,6.5,16,1.213,0.6,11,0.4375746,7.166735,,,,
,,,4513,12302,9.8,20.5,1.288,1,8.6,0.4359931,6.476341,,,,
,,,4514,9062,8.3,15.7,1.21,1.1,5,0.434468,7.307285,,,,
,,,4515,6800,8.4,11.1,1.125,2,0.8,0.4329977,7.803142,,,,
,,,4516,7559,5.9,11.4,1.036,1.9,0.4,0.4425584,7.661739,,,,
,,,4517,9194,6.4,12.4,1.039,1.8,0,0.4410665,7.317988,,,,
,,,4518,8111,6.6,11.8,1.045,2.5,0.2,0.4396315,7.559055,,,,
,,,4519,11651,6.5,15.8,1.027,1.6,0,0.4382521,6.755973,,,,
,,,4520,12572,5.7,16.7,0.988,1.8,0.2,0.4369271,6.53848,,,,
,,,4521,16329,4.1,17.7,0.888,1.5,0,0.4356553,5.526212,,,,
,,,4522,17994,5.9,16.8,0.773,2.6,0,0.4344355,5.067241,,,,
,,,4523,12682,7.8,18.7,0.983,2.9,0,0.4332668,6.543135,,,,
,,,4524,25893,7.2,21.8,1.148,3.4,0,0.4321479,2.12108,,,,
,,,4525,25308,8.2,23.3,1.163,2.6,0.2,0.4310781,2.382035,,,,
,,,4526,27603,8.6,25.2,1.188,2.1,0,0.4300562,1.451213,,,,
,,,4527,28036,8.7,27.6,1.348,1.2,0.2,0.4290814,1.2172,,,,
,,,4528,25631,11.2,28.8,1.263,2.2,8,0.4281528,2.291648,,,,
,,,4529,10260,14.1,23.3,1.533,1.6,8.8,0.4272696,7.113331,,,,
,,,4530,11562,12,19.9,1.398,1.6,0,0.426431,6.824511,,,,
,,,4531,14411,11.9,20.5,1.273,2.4,0.2,0.4256362,6.115506,,,,
,,,4532,13168,8.8,21.1,1.253,2,1,0.4248846,6.454664,,,,
,,,4533,10064,13.2,21.8,1.523,3.9,18,0.4343405,7.178436,,,,
,,,4534,12998,10.4,18.1,1.198,2.8,0.2,0.4336099,6.518443,,,,
,,,4535,9330,8.9,18.1,1.218,1.8,0.9,0.4329247,7.371956,,,,
,,,4536,14560,12.2,20.3,1.303,2.6,0,0.4322843,6.106643,,,,
,,,4537,26944,9.1,22.2,1.258,4.3,0.2,0.4316881,1.95084,,,,
,,,4538,27539,9.9,25.7,1.488,1.9,0,0.4311354,1.620163,,,,
,,,4539,27325,13,29,1.678,1,0,0.4306258,1.645064,,,,
,,,4540,13201,16.1,25.3,1.788,2,7,0.4301587,6.420716,,,,
,,,4541,15533,13.2,22.6,1.488,1.2,0,0.4297338,5.835015,,,,
,,,4542,10725,13.5,21,1.698,1.3,6.6,0.4293505,7.042864,,,,
,,,4543,9889,14.9,22,1.733,1.3,6,0.4290086,7.230681,,,,
,,,4544,8991,16.5,24.7,1.768,2.4,1,0.4287077,7.423784,,,,
,,,4545,16500,11.2,25.9,1.478,2.6,0.2,0.4284474,5.574714,,,,
,,,4546,20434,11,23.6,1.483,2,0,0.4282277,4.349769,,,,
,,,4547,13654,13,22.7,1.493,2.1,0.2,0.4280482,6.357487,,,,
,,,4548,12936,13.6,20.9,1.393,2,6,0.4279087,6.553871,,,,
,,,4549,8347,12.8,19.1,1.588,2.9,0.2,0.4278092,7.571416,,,,
,,,4550,8152,15.1,16,1.548,2.3,10.8,0.4277496,7.612952,,,,
,,,4551,6857,13.6,15.9,1.608,1.4,25,0.4277297,7.858393,,,,
,,,4552,9717,13.2,18.8,1.543,2.3,0.8,0.4277496,7.288133,,,,
,,,4553,8570,12.5,14.1,1.273,3.1,2.8,0.4278092,7.546565,,,,
,,,4554,14078,8,15.8,0.983,5.3,0.8,0.4279087,6.324079,,,,
,,,4555,16185,6.8,17.6,1.008,4.3,0,0.4280482,5.756156,,,,
,,,4556,23733,6.4,20,0.993,2.9,0,0.4282277,3.359327,,,,
,,,4557,27370,8.9,23.4,1.123,2.9,0,0.4284474,1.915964,,,,
,,,4558,28347,10,25.8,1.288,2.2,0,0.4287077,1.426781,,,,
,,,4559,27259,12.7,27.4,1.468,1.7,0.2,0.4290086,1.783943,,,,
,,,4560,27291,13.8,28.5,1.543,1.7,0.2,0.4293505,1.727153,,,,
,,,4561,27478,14.3,30,1.638,1.3,0,0.4297338,1.596552,,,,
,,,4562,25234,15.3,30,1.728,1.6,0.2,0.4301587,2.464411,,,,
,,,4563,21306,18.8,29.1,1.863,2.8,0,0.4306258,3.891069,,,,
,,,4564,25998,16.6,29,1.628,1.7,0,0.4311354,2.164158,,,,
,,,4565,27433,15.3,31.5,1.603,1.2,0,0.4316881,1.562671,,,,
,,,4566,26959,17.5,33.2,1.868,1.8,0,0.4322843,1.638294,,,,
,,,4567,21499,18.3,30.8,2.043,2.4,0,0.4329247,3.725058,,,,
,,,4568,18982,18.3,28.2,1.998,2.3,0,0.4336099,4.604849,,,,
,,,4569,24434,14.9,28.6,1.563,2.6,0.2,0.4343405,2.718315,,,,
,,,4570,24289,14.9,25.1,1.383,2.8,0,0.4248846,2.818985,,,,
,,,4571,28341,11.8,28.5,1.273,1.7,0.2,0.4256362,1.182727,,,,
,,,4572,28743,12.2,32.7,1.558,1.3,0,0.426431,0.83779,,,,
,,,4573,24078,17.8,33.9,1.858,1.7,18,0.4272696,2.670145,,,,
,,,4574,18161,19.4,30.6,2.158,1.8,8.2,0.4281528,4.761328,,,,
,,,4575,26148,17.5,32.4,2.198,1.1,0,0.4290814,1.630831,,,,
,,,4576,15889,19.4,29.8,2.173,1.7,4.2,0.4300562,5.465638,,,,
,,,4577,18884,17.3,28.6,2.038,0.9,0.4,0.4310781,4.481118,,,,
,,,4578,23778,17.8,33.3,1.858,3.3,19,0.4321479,2.650335,,,,
,,,4579,18278,17.3,26.1,1.593,1.5,0.2,0.4332668,4.743805,,,,
,,,4580,26520,13.1,29.5,1.593,2.1,0,0.4344355,1.516032,,,,
,,,4581,12578,16.6,22,1.423,3.1,0.2,0.4356553,6.464208,,,,
,,,4582,26175,10.1,25.6,1.183,2.7,0,0.4369271,1.770676,,,,
,,,4583,26779,12,28.5,1.368,1.8,0.2,0.4382521,1.374961,,,,
,,,4584,26278,13.2,31.6,1.588,1.2,0,0.4396315,1.453626,,,,
,,,4585,11819,16.4,26,1.808,2,60,0.4410665,6.57297,,,,
,,,4586,6548,16.5,18.2,1.763,1.6,9,0.4425584,7.815677,,,,
,,,4587,10907,12.4,20.4,1.478,1.4,4.6,0.4329977,6.824234,,,,
,,,4588,15074,10.6,21.6,1.388,1.5,0.2,0.434468,5.637487,,,,
,,,4589,17231,11.1,22.4,1.353,1.7,0.2,0.4359931,4.919222,,,,
,,,4590,17529,14.1,25,1.603,2.3,0.1,0.4375746,4.73097,,,,
,,,4591,16288,15.1,22.3,1.758,1.7,0.2,0.4392137,5.101338,,,,
,,,4592,17364,12.8,26.7,1.783,2.1,0.4,0.4409119,4.690259,,,,
,,,4593,13745,16.7,21.9,1.513,3,0.2,0.4426705,5.921918,,,,
,,,4594,17336,10.5,23.6,1.298,1.5,0,0.4444911,4.750483,,,,
,,,4595,25410,10.3,27.4,1.403,1.1,0,0.4463753,1.336587,,,,
,,,4596,17685,14.2,29.2,1.803,1.6,16,0.4483247,4.433836,,,,
,,,4597,12007,17,23.7,1.888,1.5,4,0.4503409,6.315331,,,,
,,,4598,19819,14,23.3,1.538,2.6,0.2,0.4405791,3.582917,,,,
,,,4599,13282,11.8,22.9,1.548,1.8,6,0.4425499,5.923707,,,,
,,,4600,14265,14.8,20.6,1.338,4,0,0.4445856,5.615095,,,,
,,,4601,20400,9.7,22.2,1.168,2,0.2,0.4466881,3.321928,,,,
,,,4602,24456,9.1,25.9,1.338,0.8,0,0.4488591,1.34746,,,,
,,,4603,19708,14.1,25.6,1.523,1.8,0.2,0.4511003,3.386559,,,,
,,,4604,22584,11,27.1,1.548,1,0,0.4534137,2.012689,,,,
,,,4605,17627,15.1,25.8,1.678,2,0,0.4558013,4.111092,,,,
,,,4606,13643,16.5,24.5,1.678,1.6,4,0.4582649,5.583805,,,,
,,,4607,13991,16.4,22.4,1.588,2.8,0.2,0.4608068,5.443182,,,,
,,,4608,14413,10.6,22.8,1.318,2.5,0,0.4634291,5.309554,,,,
,,,4609,15459,13.8,22.6,1.318,2.9,0,0.4531796,4.880038,,,,
,,,4610,9412,13.5,20.2,1.358,3,7,0.4557307,6.878436,,,,
,,,4611,7124,12.2,18.2,1.458,2.9,0,0.4583601,7.476432,,,,
,,,4612,14195,11.1,23.9,1.398,1.7,0,0.46107,5.219108,,,,
,,,4613,6308,15.1,19.7,1.538,1.6,2.2,0.4638626,7.651171,,,,
,,,4614,14432,13.2,25.8,1.723,1.2,0,0.4667404,4.971658,,,,
,,,4615,15954,17.3,28.1,1.983,1.4,0,0.4697056,4.224542,,,,
,,,4616,21800,14.5,30.8,1.928,1.1,0.2,0.4727608,1.255671,,,,
,,,4617,16596,14.1,28.3,1.923,2,16,0.4759086,3.82811,,,,
,,,4618,10049,18.6,26.8,2.123,2,2.6,0.4652447,6.398146,,,,
,,,4619,8338,18,22.2,1.643,2.5,0.2,0.4683008,6.979843,,,,
,,,4620,21598,9.1,26.7,1.418,1.3,0,0.4714471,1.182133,,,,
,,,4621,20648,14.2,33.3,1.728,2.2,1,0.4746861,1.476207,,,,
,,,4622,11554,18,25.5,1.888,3.4,6,0.4780206,5.734812,,,,
,,,4623,11155,15.2,19.9,1.333,3.2,0.2,0.4814532,5.938838,,,,
,,,4624,16354,7.1,20.3,1.148,2,0,0.4849867,3.694001,,,,
,,,4625,12708,10.9,18.2,1.043,3.3,0,0.4886243,5.298524,,,,
,,,4626,18804,9.3,19.7,1.063,3.2,0,0.4923688,2.291617,,,,
,,,4627,20816,5.4,21.9,1.028,1.9,0.2,0.4962234,1.044905,,,,
,,,4628,20550,6.6,23.6,1.233,1.3,0.2,0.4847525,0.9633538,,,,
,,,4629,20573,8,25.4,1.308,1.1,0.2,0.4884854,0.7799739,,,,
,,,4630,18972,8.7,25.4,1.343,1,0,0.4923252,1.625966,,,,
,,,4631,19040,10,24.5,1.323,1.3,0,0.4962751,1.475236,,,,
,,,4632,11344,11.8,26.1,1.603,1.4,16,0.5003382,5.399104,,,,
,,,4633,6385,15.7,17.3,1.753,2.5,30,0.5045179,7.276744,,,,
,,,4634,8498,12.7,20,1.308,3.4,11.2,0.5088175,6.539724,,,,
,,,4635,10445,11.3,20.2,1.418,1.4,6.4,0.5132406,5.675794,,,,
,,,4636,15446,8.3,21.6,1.288,1.4,0.2,0.5177908,3.081417,,,,
,,,4637,15147,9.5,23.7,1.373,1.1,0.2,0.5055089,3.123182,,,,
,,,4638,14155,9.8,24,1.498,2.1,1,0.5099065,3.559693,,,,
,,,4639,12704,10.9,18.6,1.258,2.2,0.2,0.5144268,4.354439,,,,
,,,4640,16547,7.7,21.1,1.208,1.3,0.2,0.5190735,1.985437,,,,
,,,4641,11556,7.7,22.3,1.223,1.6,7,0.52385,4.820803,,,,
,,,4642,7888,12.6,18.4,1.373,1.6,0,0.5287601,6.472935,,,,
,,,4643,10233,9.1,18.7,1.118,1.4,0.2,0.5338076,5.387084,,,,
,,,4644,11019,6.2,17.4,0.968,2.3,0.2,0.5389965,4.957389,,,,
,,,4645,17245,3.4,17.9,0.868,1.7,0.2,0.5443308,0.9856072,,,,
,,,4646,16611,3.3,22.3,1.048,1,0.2,0.5310217,1.177703,,,,
,,,4647,9869,6.2,23,1.263,0.7,0.2,0.5361638,5.279796,,,,
,,,4648,16419,8.4,24.8,1.408,0.9,0,0.5414451,0.79855,,,,
,,,4649,12252,11,26,1.463,1.9,6,0.5468694,3.642614,,,,
,,,4650,6607,13.7,17,1.363,2.7,8,0.5524405,6.713615,,,,
,,,4651,6810,10.9,14.4,1.113,3.9,1,0.5581623,6.614793,,,,
,,,4652,7473,6.5,13.1,0.873,2.7,0,0.5640389,6.29745,,,,
,,,4653,5100,2.9,10.2,0.913,1,4,0.5700743,7.310697,,,,
,,,4654,5574,5.3,14,1.133,1,0,0.5762728,7.054049,,,,
,,,4655,5346,7.3,15.7,1.223,1,0.2,0.561692,7.111183,,,,
,,,4656,5845,7.7,15.4,1.248,1.1,1.2,0.5676466,6.843675,,,,
,,,4657,12332,5.5,18.6,1.113,1.5,0,0.5737551,2.765284,,,,
,,,4658,9806,10.3,24.1,1.243,2.6,0,0.5800211,4.435966,,,,
,,,4659,11259,16.4,24.5,1.313,6.3,2,0.5864484,3.249287,,,,
,,,4660,4691,13.9,19,1.468,2.8,21,0.5930407,7.222756,,,,
,,,4661,5311,12.3,18.7,1.343,1.9,0.2,0.5998016,6.897451,,,,
,,,4662,13157,9.9,23.6,1.368,1.4,0.2,0.6067352,1.150244,,,,
,,,4663,12906,7.6,23.4,1.363,1,0.2,0.613845,1.206537,,,,
,,,4664,11495,9.2,22.7,1.458,1.3,0.2,0.5977256,2.293597,,,,
,,,4665,12881,9.6,23.8,1.423,1.5,0,0.604523,0.8251796,,,,
,,,4666,4448,11.4,18,1.403,1.6,0,0.6114829,7.147715,,,,
,,,4667,6497,9.2,16.9,1.153,1.4,0.2,0.6186082,5.941901,,,,
,,,4668,9845,6.4,17,1.038,1.8,0.2,0.6259017,3.362341,,,,
,,,4669,8405,3.3,14.5,0.953,1.6,0.2,0.6333662,4.466514,,,,
,,,4670,5209,3.1,10,0.913,2.5,0,0.6410042,6.620857,,,,
,,,4671,4194,4.7,8.2,0.903,2.6,0.4,0.6488184,7.161698,,,,
,,,4672,3411,6.9,10.4,0.968,2.7,4.6,0.656811,7.536036,,,,
,,,4673,3292,4,7.4,0.873,4.8,0.2,0.6388855,7.578793,,,,
,,,4674,2958,5.7,7.6,0.793,3.9,0.4,0.6464759,7.728664,,,,
,,,4675,4172,0.7,11.3,0.908,2.3,2,0.6542244,7.024063,,,,
,,,4676,6477,7.5,11.3,0.808,3.3,1,0.662132,5.393853,,,,
,,,4677,8251,-1.3,10.3,0.623,1.3,0.2,0.6701993,3.851763,,,,
,,,4678,5302,-0.9,10.9,0.778,1.1,0.1,0.6784269,6.151669,,,,
,,,4679,6410,6.2,16.9,1.048,2.5,8,0.6868149,5.125934,,,,
,,,4680,3225,6.9,10.7,0.953,2.1,1,0.6953632,7.409945,,,,
,,,4681,5542,3.3,8.9,0.693,5.9,0,0.7040714,5.79212,,,,
,,,4682,9940,0.8,11.5,0.603,4.3,0.2,0.7129386,1.296423,,,,
,,,4683,8183,-1.5,13.7,0.658,0.9,0,0.6923149,3.112736,,,,
,,,4684,9040,-0.8,16.5,0.678,0.8,0.2,0.700639,1.963121,,,,
,,,4685,9931,0.9,19.7,0.723,4.3,1,0.7090916,0.6104187,,,,
,,,4686,2693,11.3,13.8,1.058,2.9,15,0.7176699,7.555169,,,,
,,,4687,3098,7.1,12.8,1.168,2.1,4.8,0.7263706,7.244344,,,,
,,,4688,5286,8.1,16,1.198,3.1,0,0.7351898,5.356779,,,,
,,,4689,4404,8.8,13,1.048,2.6,0.2,0.7441232,6.138812,,,,
,,,4690,2832,8,13.9,1.268,1.7,0.8,0.7531658,7.324272,,,,
,,,4691,2735,11.8,16.3,1.478,1.3,0,0.7623121,7.344632,,,,
,,,4692,2156,12.9,14.8,1.463,0.8,0,0.7715559,7.728293,,,,
,,,4693,2531,11.1,15.4,1.283,1.4,6,0.7808905,7.452753,,,,
,,,4694,2760,8.4,10,0.948,2.8,3,0.7903083,7.285714,,,,
,,,4695,3527,1.7,7.4,0.743,4.1,3.6,0.7651079,6.65329,,,,
,,,4696,3554,5.5,11.8,0.873,4.2,1.2,0.773748,6.558723,,,,
,,,4697,2299,7.5,9.7,0.893,3.4,2.4,0.7824279,7.556098,,,,
,,,4698,4874,2.3,9.7,0.838,4.2,1.2,0.7911379,5.093844,,,,
,,,4699,2587,8.3,15,1.283,4,0.6,0.799868,7.232518,,,,
,,,4700,4951,12,18.4,1.173,2.8,0,0.8086072,4.726345,,,,
,,,4701,3511,9.3,18.3,1.173,4.4,35,0.8173439,6.30283,,,,
,,,4702,1933,6.1,7,0.943,1.9,9.2,0.8260659,7.715089,,,,
,,,4703,3094,4.1,8.6,0.803,3.9,0.2,0.8347603,6.699425,,,,
,,,4704,3513,1,7.4,0.763,1.2,2,0.8434135,6.239449,,,,
,,,4705,2409,3.8,9.7,0.903,1.2,2.2,0.8520114,7.256127,,,,
,,,4706,2887,5,12.1,0.858,1.3,0.2,0.8605392,6.781052,,,,
,,,4707,2790,3.6,10.5,0.873,1.3,5,0.8689813,6.841018,,,,
,,,4708,2498,4.3,9.4,0.883,1.1,0,0.877322,7.094496,,,,
,,,4709,1571,3.5,4.6,0.753,1.9,0.2,0.8456998,7.892854,,,,
,,,4710,1769,2.4,4,0.683,2.7,0.2,0.8529965,7.725802,,,,
,,,4711,2292,1.2,5.5,0.693,1.9,1,0.8601484,7.242773,,,,
,,,4712,1858,1.4,4.6,0.673,3.3,5.6,0.8671399,7.619803,,,,
,,,4713,2515,-0.8,2,0.538,2.7,0.6,0.8739554,7.004305,,,,
,,,4714,2243,-4.1,1.3,0.518,1.1,0.2,0.8805792,7.252531,,,,
,,,4715,2857,-5.7,1.4,0.548,1,0.2,0.8869953,6.585818,,,,
,,,4716,3529,-1.1,4.2,0.523,2,0,0.893188,5.758388,,,,
,,,4717,2089,-6.7,-1.9,0.443,1.5,0.1,0.8991416,7.357555,,,,
,,,4718,1677,-4.1,-1.2,0.493,1.7,0,0.9048404,7.714524,,,,
,,,4719,3822,-7.8,-0.2,0.423,0.9,0,0.9102692,5.294793,,,,
,,,4720,2118,-9.3,-2.1,0.433,1.6,0.1,0.9154131,7.284565,,,,
,,,4721,4503,-4.1,-0.8,0.383,1.7,0,0.9202576,4.236825,,,,
,,,4722,2228,-6.6,4.7,0.618,2.4,5,0.9247889,7.11015,,,,
,,,4723,2073,2.9,11.5,1.058,2.6,14,0.9289936,7.200435,,,,
,,,4724,1911,7.9,12.9,1.123,2.3,4.4,0.9328591,7.354464,,,,
,,,4725,2007,9.4,15.9,1.108,4,6,0.9363737,7.244441,,,,
,,,4726,2600,0,2.6,0.563,3.5,0,0.9395266,6.650986,,,,
,,,4727,3625,-2.5,3.1,0.578,2.1,0.2,0.9423079,5.28103,,,,
,,,4728,1860,-0.6,4.8,0.648,1.5,0,0.9447088,7.432394,,,,
,,,4729,2261,1.5,4.6,0.643,2.1,0,0.9467216,6.999381,,,,
,,,4730,3369,-0.7,2.4,0.493,3.1,0.2,0.9483397,5.640056,,,,
,,,4731,1753,-6.3,-2.1,0.418,2.9,0,0.949558,7.56001,,,,
,,,4732,2377,-4.4,-2.3,0.393,3.4,0.1,0.9503724,6.909483,,,,
,,,4733,2289,-6.9,-1.4,0.473,3,0.1,0.9507803,6.98875,,,,
,,,4734,2029,-2.4,0.8,0.528,3.2,0,0.9507803,7.260765,,,,
,,,4735,2826,-8.3,0.2,0.383,3.5,0.2,0.9503724,6.383132,,,,
,,,4736,3771,-3.2,8.2,0.603,3.8,6,0.949558,5.006824,,,,
,,,4737,2474,3.2,9.5,0.788,3.3,0.2,0.9483397,6.722276,,,,
,,,4738,2298,2.2,7.7,0.828,1.4,11,0.9467216,6.928253,,,,
,,,4739,3034,5.3,13.2,1.048,1.8,9,0.9447088,5.967951,,,,
,,,4740,1436,8.5,9.8,0.943,3.1,4.2,0.9423079,7.820256,,,,
,,,4741,1210,-0.7,-0.6,0.548,4.2,0.1,0.9395266,8,,,,
,,,4742,1270,-3.6,-3.1,0.413,5.3,0,0.9363737,8,,,,
,,,4743,4915,-10.9,-2.9,0.288,2.9,0,0.9328591,3.531571,,,,
,,,4744,2052,-9.2,-2,0.383,1.5,0,0.9289936,7.32612,,,,
,,,4745,1911,-5.9,3.1,0.578,0.9,0.4,0.9247889,7.444918,,,,
,,,4746,2683,-1.6,6,0.668,0.7,0,0.9202576,6.617535,,,,
,,,4747,1657,1.3,5.1,0.728,1.3,0.2,0.9154131,7.689074,,,,
,,,4748,1848,-0.3,3.3,0.698,2.3,0,0.9102692,7.52684,,,,
,,,4749,1349,-0.2,0.4,0.645,2.5,0.2,0.9048404,7.981583,,,,
,,,4750,1700,-0.9,2.5,0.579,3.5,0,0.8991416,7.701389,,,,
,,,4751,4792,-4.7,1.9,0.456,1.6,0,0.893188,4.042085,,,,
,,,4752,1444,-4.9,-3.5,0.456,0.7,0,0.8869953,7.95105,,,,
,,,4753,4675,-7,6.8,0.579,2.6,3.2,0.8805792,4.280774,,,,
,,,4754,2268,4.8,11.1,0.973,5.5,1.4,0.8739554,7.19217,,,,
,,,4755,1881,9.1,14.4,1.152,4,0.2,0.8671399,7.559704,,,,
,,,4756,2947,10.3,15.9,1.034,5.3,2,0.8601484,6.527957,,,,
,,,4757,1576,9.2,10.2,0.999,3.1,5.8,0.8529965,7.863544,,,,
,,,4758,3999,2,6,0.732,1.8,0,0.8456998,5.44984,,,,
,,,4759,2206,0.6,8.1,0.835,3.3,5,0.877322,7.381856,,,,
,,,4760,1809,4.2,7.1,0.901,2.6,2,0.8689813,7.730999,,,,
,,,4761,2147,6,12.1,1.111,2.4,0.2,0.8605392,7.450434,,,,
,,,4762,2811,5.8,13.2,1.019,1.5,0,0.8520114,6.881224,,,,
,,,4763,5759,6.5,13.8,0.881,1.2,0,0.8434135,3.404016,,,,
,,,4764,5911,-2.8,10.9,0.712,0.9,0.2,0.8347603,3.384873,,,,
,,,4765,3677,-2.5,9.4,0.748,0.7,0.2,0.8260659,6.194925,,,,
,,,4766,3757,0.8,11,0.799,1.4,0.2,0.8173439,6.152731,,,,
,,,4767,3011,2.4,5.8,0.614,3,0,0.8086072,6.94475,,,,
,,,4768,3401,-4.3,3.1,0.548,3.4,0.6,0.799868,6.653591,,,,
,,,4769,5382,-1.4,2,0.466,6,0,0.7911379,4.705095,,,,
,,,4770,5765,-4.5,0.8,0.374,5.3,0,0.7824279,4.404294,,,,
,,,4771,6578,-6.9,0.9,0.374,2.5,0,0.773748,3.531885,,,,
,,,4772,2623,-5,2.2,0.579,1.8,0.2,0.7651079,7.420763,,,,
,,,4773,2575,-0.1,3.9,0.63,1.3,1,0.7903083,7.476053,,,,
,,,4774,2782,-0.7,4.2,0.64,1.3,0.8,0.7808905,7.356049,,,,
,,,4775,2142,-0.2,2.2,0.63,1.5,0,0.7715559,7.811736,,,,
,,,4776,2344,-1.5,1.4,0.553,1.2,0,0.7623121,7.714819,,,,
,,,4777,7119,-4.7,3.6,0.512,1.6,0,0.7531658,3.535927,,,,
,,,4778,2198,-3.8,-2.1,0.476,1.4,0,0.7441232,7.854384,,,,
,,,4779,1939,-2.4,-1.5,0.466,0.6,0,0.7351898,8,,,,
,,,4780,1824,-2.3,-1.7,0.471,1.8,0,0.7263706,8,,,,
,,,4781,2357,-3.3,0.4,0.517,2.8,0,0.7176699,7.820399,,,,
,,,4782,2593,-1,3.3,0.702,1.8,0.8,0.7090916,7.689068,,,,
,,,4783,3095,2.6,10.1,0.824,2.3,0.2,0.700639,7.39989,,,,
,,,4784,5905,6.2,12.4,0.783,1.8,0,0.6923149,5.355946,,,,
,,,4785,8741,-2.2,11.6,0.686,0.9,0.2,0.7129386,2.723606,,,,
,,,4786,8925,-5,14.1,0.594,0.9,0.2,0.7040714,2.738428,,,,
,,,4787,4618,-2.7,7.2,0.671,1.1,0.2,0.6953632,6.583663,,,,
,,,4788,4308,-0.3,7.6,0.717,1.4,0.2,0.6868149,6.830035,,,,
,,,4789,5311,-2.3,11.2,0.696,0.9,0.2,0.6784269,6.204961,,,,
,,,4790,8692,-1,13.6,0.702,1.4,1,0.6701993,3.479074,,,,
,,,4791,6127,-2.3,11.3,0.748,1.3,0.2,0.662132,5.729644,,,,
,,,4792,5582,1.6,11.9,0.83,1.7,0,0.6542244,6.16398,,,,
,,,4793,2893,4.4,7.2,0.876,1.6,3.2,0.6464759,7.768939,,,,
,,,4794,5608,1.6,11.8,0.809,1.9,0.2,0.6388855,6.269261,,,,
,,,4795,9593,-0.7,11.3,0.732,1.1,0.2,0.656811,3.294624,,,,
,,,4796,6792,-1.3,10.7,0.742,1.4,0.2,0.6488184,5.618752,,,,
,,,4797,2871,1.2,4.1,0.732,1.4,0,0.6410042,7.873652,,,,
,,,4798,3682,0.3,7.2,0.732,1.3,3.2,0.6333662,7.5285,,,,
,,,4799,3025,4.7,7.6,0.865,2.6,3,0.6259017,7.83658,,,,
,,,4800,4748,3.5,9,0.86,1.3,1.2,0.6186082,7.047297,,,,
,,,4801,3198,4.2,7.5,0.804,2.6,3,0.6114829,7.807994,,,,
,,,4802,6383,-2.8,5,0.614,1.3,2,0.604523,6.294199,,,,
,,,4803,3783,2.6,7.7,0.932,1.6,1.2,0.5977256,7.591644,,,,
,,,4804,4203,6.6,11.9,1.034,2,0,0.613845,7.421983,,,,
,,,4805,3565,4.7,8.6,0.942,2.8,10,0.6067352,7.729269,,,,
,,,4806,4817,4.4,7.5,0.773,4.7,0.4,0.5998016,7.234572,,,,
,,,4807,5629,-0.9,7.4,0.676,4.1,0.1,0.5930407,6.907975,,,,
,,,4808,3686,3.5,6.9,0.707,4.2,0,0.5864484,7.764247,,,,
,,,4809,4392,0.4,5.8,0.589,3,0,0.5800211,7.523715,,,,
,,,4810,9145,-4.2,7.6,0.522,0.5,0.2,0.5737551,5.25374,,,,
,,,4811,12534,-3.8,9.5,0.568,1.2,0.2,0.5676466,3.147293,,,,
,,,4812,13253,-3.5,11.3,0.62,1.7,0,0.561692,2.730032,,,,
,,,4813,13260,-1.3,10.6,0.604,2.4,0.2,0.5762728,2.866466,,,,
,,,4814,13731,-3.6,10.9,0.589,1.5,0.2,0.5700743,2.676579,,,,
,,,4815,14446,-1.1,14.1,0.609,2.2,0.2,0.5640389,2.293894,,,,
,,,4816,14456,-1.7,14,0.609,1.3,0,0.5581623,2.423927,,,,
,,,4817,9321,0.8,13.7,0.758,1.6,0,0.5524405,5.565923,,,,
,,,4818,11067,4.3,13.7,0.763,1.1,0,0.5468694,4.694177,,,,
,,,4819,5095,3.1,12.5,0.85,4.5,14.6,0.5414451,7.473753,,,,
,,,4820,3821,6.5,8.7,1.065,1.4,15,0.5361638,7.905045,,,,
,,,4821,12991,4.3,17.1,1.039,2.4,0,0.5310217,3.736144,,,,
,,,4822,8154,5.9,16.1,1.039,1.4,0,0.5443308,6.326549,,,,
,,,4823,8127,7.2,15.5,1.101,1.9,0.6,0.5389965,6.372113,,,,
,,,4824,3805,7.7,8.9,1.009,4,0.1,0.5338076,7.971378,,,,
,,,4825,5208,5.7,11.7,0.932,2.5,3,0.5287601,7.5602,,,,
,,,4826,5324,7.9,11.3,0.968,4.2,0.4,0.52385,7.539732,,,,
,,,4827,15583,0.3,12.6,0.604,3.5,0.2,0.5190735,3.031809,,,,
,,,4828,16300,0.9,13.3,0.538,2.8,0,0.5144268,2.764002,,,,
,,,4829,17384,-1.4,14.9,0.62,1.7,0.2,0.5099065,2.179822,,,,
,,,4830,17851,-0.6,16.8,0.702,1.3,0,0.5055089,1.962473,,,,
,,,4831,18564,0.4,20.6,0.804,1,0.2,0.5177908,1.58234,,,,
,,,4832,18317,3.2,20.2,0.676,1.7,0,0.5132406,1.943299,,,,
,,,4833,13344,2.8,19.5,0.824,1.3,0.2,0.5088175,4.62733,,,,
,,,4834,9339,6.8,15.7,1.096,2.3,4,0.5045179,6.331841,,,,
,,,4835,5689,8.8,14.8,1.188,2.2,12.6,0.5003382,7.581077,,,,
,,,4836,12005,3.7,16.5,1.101,1.7,1.4,0.4962751,5.336247,,,,
,,,4837,8434,7.2,15.3,1.111,1.3,4.2,0.4923252,6.759497,,,,
,,,4838,6765,9.1,15.1,1.306,1.8,5,0.4884854,7.306191,,,,
,,,4839,15942,9.6,20.3,1.239,1.1,0.2,0.4847525,3.65631,,,,
,,,4840,19540,6.9,25.1,1.162,3,0,0.4962234,1.862682,,,,
,,,4841,13407,10.2,20.6,1.28,2.9,5.4,0.4923688,4.95989,,,,
,,,4842,12310,7.8,16.4,1.034,2.3,0,0.4886243,5.524843,,,,
,,,4843,19313,4,18.2,0.927,1.5,0,0.4849867,2.411416,,,,
,,,4844,20907,4.4,23.1,1.065,1.6,0.2,0.4814532,1.579772,,,,
,,,4845,20618,7,25.7,1.29,1.4,0.2,0.4780206,1.72698,,,,
,,,4846,20300,8,22.4,1.147,2.5,0,0.4746861,2.064095,,,,
,,,4847,21482,6.6,23.9,1.127,1.7,0.2,0.4714471,1.539947,,,,
,,,4848,14806,6.9,22.4,1.239,4.2,0,0.4683008,4.757489,,,,
,,,4849,13598,11.4,21,1.403,4.3,0,0.4652447,5.25277,,,,
,,,4850,11294,10.8,14.6,0.942,4.3,0,0.4759086,6.216437,,,,
,,,4851,20464,0.2,13.6,0.63,2.1,0.2,0.4727608,2.689664,,,,
,,,4852,12810,4.4,14.7,0.655,3,0,0.4697056,5.836896,,,,
,,,4853,21257,1.7,15.7,0.63,3.4,0,0.4667404,2.472208,,,,
,,,4854,22216,1.3,16.9,0.676,2.2,0,0.4638626,2.065872,,,,
,,,4855,22436,1.8,19.5,0.758,1.6,0.2,0.46107,1.98865,,,,
,,,4856,22096,4.2,21.6,0.819,1.9,0,0.4583601,2.193568,,,,
,,,4857,22653,4.7,22.3,0.83,1.6,0,0.4557307,1.998846,,,,
,,,4858,22046,5.7,23,0.835,2.3,0,0.4531796,2.355793,,,,
,,,4859,17168,5.6,22.9,0.819,2.4,0,0.4634291,4.484533,,,,
,,,4860,22522,6.2,23.3,0.906,1.4,0,0.4608068,2.239744,,,,
,,,4861,11918,9.3,21.4,1.111,1.8,0,0.4582649,6.289346,,,,
,,,4862,17518,8.6,19.9,1.306,1.7,0,0.4558013,4.329999,,,,
,,,4863,18765,8.4,20.9,1.049,3.4,0,0.4534137,3.966311,,,,
,,,4864,20367,7.9,21.5,0.86,4.4,0,0.4511003,3.443674,,,,
,,,4865,13930,5.9,20,1.065,2.2,12.2,0.4488591,5.770487,,,,
,,,4866,7606,8,14.7,1.183,2.1,0.1,0.4466881,7.518625,,,,
,,,4867,11928,8.7,18.2,1.152,1.1,0.2,0.4445856,6.411868,,,,
,,,4868,24038,4.3,21.7,1.004,1.2,0,0.4425499,2.023481,,,,
,,,4869,20342,5.2,21,1.042,1.7,0,0.4405791,3.617668,,,,
,,,4870,19995,7.2,24.5,1.091,1.5,8,0.4503409,3.778866,,,,
,,,4871,9206,11.4,17.7,1.296,2.1,0.2,0.4483247,7.18334,,,,
,,,4872,23226,5.7,18.8,0.83,2.1,0.2,0.4463753,2.683482,,,,
,,,4873,25100,3.3,22.1,0.722,1.4,0,0.4444911,2.004254,,,,
,,,4874,18191,7,25.5,0.906,3.9,0,0.4426705,4.649308,,,,
,,,4875,15983,14.5,25.5,0.876,5.2,0,0.4409119,5.417021,,,,
,,,4876,14119,11.1,26.4,1.045,1.5,0,0.4392137,5.968812,,,,
,,,4877,23911,13.4,27.6,1.342,1.7,0,0.4375746,2.40066,,,,
,,,4878,18199,12.8,22.9,1.403,1.6,0,0.4359931,4.622815,,,,
,,,4879,20840,13.6,26.4,1.557,1.3,1,0.434468,3.642847,,,,
,,,4880,11215,13.8,21.8,1.49,2.1,0.2,0.4329977,6.765626,,,,
,,,4881,26069,6.2,22.5,0.963,1.5,0,0.4425584,1.839006,,,,
,,,4882,10203,8.3,16.1,1.132,2.1,0.2,0.4410665,7.076063,,,,
,,,4883,15076,5.2,17.2,0.978,3.2,0,0.4396315,5.825428,,,,
,,,4884,16280,5.4,19.1,0.947,1.7,0,0.4382521,5.492336,,,,
,,,4885,26615,5.2,23.7,1.06,1.4,0,0.4369271,1.721607,,,,
,,,4886,26292,7.6,26.8,1.127,1.3,0,0.4356553,1.8622,,,,
,,,4887,15384,14.3,22.2,1.362,2.5,0,0.4344355,5.721849,,,,
,,,4888,19731,10.4,27.2,1.398,1.8,1.4,0.4332668,4.335608,,,,
,,,4889,24316,11.2,26.4,1.454,1.6,4,0.4321479,2.631339,,,,
,,,4890,22214,11.8,25.8,1.398,3,0,0.4310781,3.488806,,,,
,,,4891,26629,10.4,25.9,1.208,1.8,0,0.4300562,1.85152,,,,
,,,4892,26165,9,25.4,1.188,2.9,0.2,0.4290814,2.08159,,,,
,,,4893,28749,7.2,26.8,1.009,1.4,0,0.4281528,1.121357,,,,
,,,4894,17589,11.3,23.8,1.178,2.9,0,0.4272696,5.192135,,,,
,,,4895,14555,11,17.1,0.968,2.9,1.6,0.426431,6.121416,,,,
,,,4896,22244,5.6,20.7,0.911,2,0,0.4256362,3.770774,,,,
,,,4897,28838,5.9,26.8,0.978,1.1,0,0.4248846,1.211503,,,,
,,,4898,21336,9.4,29.7,1.132,3.2,10,0.4343405,4.037646,,,,
,,,4899,5125,15.1,16.1,1.331,2.4,6.2,0.4336099,8,,,,
,,,4900,9915,7.5,14.1,1.034,4.3,0,0.4329247,7.263834,,,,
,,,4901,8789,10.5,19.4,1.27,2.6,0,0.4322843,7.483873,,,,
,,,4902,15068,13.6,23.6,1.475,1.4,0,0.4316881,5.946074,,,,
,,,4903,13908,14.1,26.1,1.649,1.6,0.5,0.4311354,6.24267,,,,
,,,4904,20519,11.4,25.5,1.439,2.3,0,0.4306258,4.292581,,,,
,,,4905,12581,13,22.9,1.608,1.9,2,0.4301587,6.599758,,,,
,,,4906,13984,13.8,23.6,1.618,2.8,1,0.4297338,6.239631,,,,
,,,4907,10994,11.5,18.4,1.152,3.2,0,0.4293505,7.034204,,,,
,,,4908,15426,7.4,20.4,1.004,1.9,0,0.4290086,5.959283,,,,
,,,4909,12645,8.3,19.8,1.193,1.5,1,0.4287077,6.645921,,,,
,,,4910,16342,10.2,20.3,1.06,2.6,0,0.4284474,5.701442,,,,
,,,4911,19851,7.2,22.7,1.05,1.6,0.4,0.4282277,4.65781,,,,
,,,4912,12743,13.9,24.7,1.418,1.5,0,0.4280482,6.597841,,,,
,,,4913,16126,13.4,26,1.47,2.4,0,0.4279087,5.689287,,,,
,,,4914,20659,13,27.5,1.342,1.9,0,0.4278092,4.318147,,,,
,,,4915,13668,12.5,22.3,1.582,2.1,6,0.4277496,6.343913,,,,
,,,4916,13955,11.1,24.3,1.505,2.4,1.8,0.4277297,6.279006,,,,
,,,4917,15603,12.8,21.1,1.147,4.5,0.1,0.4277496,5.894058,,,,
,,,4918,16709,11.9,21,1.014,3.1,0,0.4278092,5.612081,,,,
,,,4919,19165,14.5,27.1,1.352,2,0,0.4279087,4.794862,,,,
,,,4920,22229,14.8,30.2,1.644,2.8,0.8,0.4280482,3.682854,,,,
,,,4921,14594,17.4,27.4,1.71,2.9,14,0.4282277,6.072134,,,,
,,,4922,16230,12.4,23.2,1.26,2.8,0,0.4284474,5.686438,,,,
,,,4923,23046,11.1,22.4,1.111,2,0,0.4287077,3.545278,,,,
,,,4924,29033,9.5,26.7,1.096,1.5,0,0.4290086,1.227942,,,,
,,,4925,28895,12.8,32,1.505,1.4,0,0.4293505,1.066884,,,,
,,,4926,28946,17.1,35.7,1.557,2.1,0,0.4297338,1.006026,,,,
,,,4927,25884,17.5,35.9,1.587,2.8,0.6,0.4301587,2.256013,,,,
,,,4928,7766,17.2,20.9,1.572,4.5,0.2,0.4306258,7.673094,,,,
,,,4929,24129,12,23.9,0.999,3.3,0,0.4311354,3.135386,,,,
,,,4930,25940,9.2,23.6,0.881,2.6,0,0.4316881,2.49426,,,,
,,,4931,28187,8.2,23.9,0.83,2.8,0,0.4322843,1.614629,,,,
,,,4932,29172,7.7,25.9,0.85,2,0,0.4329247,1.172646,,,,
,,,4933,27796,10.1,29,0.999,1.7,0,0.4336099,1.633972,,,,
,,,4934,29168,10.2,31.5,1.019,1.6,0,0.4343405,1.020703,,,,
,,,4935,14612,17.2,26.6,1.255,3,0,0.4248846,6.054667,,,,
,,,4936,10258,13,17.3,1.418,1.6,24,0.4256362,7.123888,,,,
,,,4937,20632,11.4,25.3,1.377,2,0,0.426431,4.12733,,,,
,,,4938,12997,14.8,23.3,1.7,1.8,2.6,0.4272696,6.401795,,,,
,,,4939,11634,15,24.6,1.859,1.8,2.2,0.4281528,6.730344,,,,
,,,4940,25987,14.7,28.4,1.598,2,0,0.4290814,1.921327,,,,
,,,4941,22855,15.7,31.3,1.797,1.8,37,0.4300562,3.095457,,,,
,,,4942,5715,17.3,18.1,1.797,2.9,14.2,0.4310781,8,,,,
,,,4943,19010,10.7,20.6,1.249,2.2,0,0.4321479,4.602473,,,,
,,,4944,26391,9.5,24.2,1.142,1.5,0,0.4332668,1.816265,,,,
,,,4945,16546,11.8,26.4,1.388,2.8,8,0.4344355,5.33176,,,,
,,,4946,12147,14.2,19.3,1.459,3.6,3,0.4356553,6.573984,,,,
,,,4947,13862,11.6,20.8,1.27,2.5,7.2,0.4369271,6.120545,,,,
,,,4948,11390,11.9,18.7,1.367,2.9,0.2,0.4382521,6.758722,,,,
,,,4949,10191,13,18.2,1.47,2.4,6,0.4396315,7.03647,,,,
,,,4950,14143,13.4,22,1.511,2.9,0,0.4410665,5.954234,,,,
,,,4951,13625,14.3,21.9,1.577,2.9,0.1,0.4425584,6.079694,,,,
,,,4952,13595,13,20,1.444,2,17,0.4329977,6.091728,,,,
,,,4953,13429,9.9,19.7,1.208,2,0.6,0.434468,6.160402,,,,
,,,4954,10443,12.9,18.4,1.587,1.4,8,0.4359931,6.908544,,,,
,,,4955,11137,13.7,22.7,1.664,1.6,0,0.4375746,6.705451,,,,
,,,4956,13982,13.8,22.2,1.587,1.4,0.6,0.4392137,5.879394,,,,
,,,4957,9770,15,20.1,1.613,2.1,0.2,0.4409119,7.040742,,,,
,,,4958,16919,11.5,23.3,1.587,2,0.2,0.4426705,4.86061,,,,
,,,4959,12707,13.4,23,1.48,2.5,0,0.4444911,6.219483,,,,
,,,4960,22864,8.6,22.8,1.29,1.6,0.2,0.4463753,2.536822,,,,
,,,4961,25287,9.5,25.7,1.357,1.1,0,0.4483247,1.352425,,,,
,,,4962,24147,11.5,29.6,1.639,2,0.4,0.4503409,1.700296,,,,
,,,4963,14539,17.5,25.6,1.941,2,0.2,0.4405791,5.473109,,,,
,,,4964,19633,16.4,27,1.854,1.4,0,0.4425499,3.522278,,,,
,,,4965,11645,18.3,25.8,2.028,1.3,0.1,0.4445856,6.347647,,,,
,,,4966,10054,16.4,24.7,2.156,2.1,20,0.4466881,6.784801,,,,
,,,4967,11379,14.9,21.4,1.649,2.4,0,0.4488591,6.43018,,,,
,,,4968,14428,13.3,21.5,1.331,3.8,1,0.4511003,5.472771,,,,
,,,4969,11110,13,20,1.377,2.4,0.2,0.4534137,6.502443,,,,
,,,4970,23234,8.6,22,1.188,1.3,0.2,0.4558013,1.789038,,,,
,,,4971,24135,7.4,26.9,1.311,1.4,0,0.4582649,1.204443,,,,
,,,4972,11547,12.8,23.8,1.526,1.5,0,0.4608068,6.277614,,,,
,,,4973,20868,13.6,27.7,1.726,1.5,0,0.4634291,2.483904,,,,
,,,4974,10539,14,24.5,1.956,1.4,18,0.4531796,6.494477,,,,
,,,4975,12407,16.9,24.4,1.982,2.1,0.2,0.4557307,5.841717,,,,
,,,4976,22124,13.3,26.8,1.823,1.1,0,0.4583601,1.588423,,,,
,,,4977,21120,14.1,30,1.946,1.6,3,0.46107,1.977866,,,,
,,,4978,15461,17.2,31.2,2.033,2,15,0.4638626,4.533481,,,,
,,,4979,19712,16.1,29.9,2.176,1.1,0.2,0.4667404,2.457892,,,,
,,,4980,22050,17.1,32.4,2.33,1.1,0,0.4697056,1.061883,,,,
,,,4981,18116,19.6,34.4,2.207,1.8,0,0.4727608,3.095129,,,,
,,,4982,21920,17.4,35.4,1.767,2,0,0.4759086,1.154391,,,,
,,,4983,18192,19.7,32.9,1.695,2.3,0,0.4652447,3.059128,,,,
,,,4984,11525,16.7,25.2,2.007,1.4,0.6,0.4683008,5.845915,,,,
,,,4985,8822,16.2,23.9,2.105,1.2,5,0.4714471,6.759397,,,,
,,,4986,7293,17.3,22.9,1.659,3.8,19,0.4746861,7.252611,,,,
,,,4987,11834,10,19.9,1.296,2.8,0.2,0.4780206,5.727288,,,,
,,,4988,19278,8,21.6,1.27,1.4,0,0.4814532,2.232611,,,,
,,,4989,14079,10.8,21.8,1.265,1.6,0,0.4849867,4.70991,,,,
,,,4990,20483,7.9,21.9,1.265,1.2,0.2,0.4886243,1.346691,,,,
,,,4991,18994,9.1,25.1,1.562,1.5,4,0.4923688,1.96015,,,,
,,,4992,14654,13.2,26.9,1.92,1.6,0.2,0.4962234,4.078887,,,,
,,,4993,15666,15.7,28.3,2.043,1,0.2,0.4847525,3.450641,,,,
,,,4994,10700,14.5,25.3,2.058,1.8,6,0.4884854,5.751409,,,,
,,,4995,6827,17.7,21.7,1.992,1.6,0.9,0.4923252,7.181818,,,,
,,,4996,10787,12,21.2,1.321,2.3,0.4,0.4962751,5.744547,,,,
,,,4997,19041,7.8,23.2,1.265,1.7,0,0.5003382,1.38088,,,,
,,,4998,9065,9.7,21.2,1.572,1.9,0.6,0.5045179,6.319707,,,,
,,,4999,14290,10.2,24.5,1.572,1.6,0,0.5088175,3.817034,,,,
,,,5000,9459,18.2,25.5,1.987,1.3,0.2,0.5132406,6.015933,,,,
,,,5001,18192,14.5,31.4,1.808,3,0,0.5177908,1.144131,,,,
,,,5002,10042,15.6,25.2,1.777,1.5,0.9,0.5055089,5.690763,,,,
,,,5003,14572,10.9,25.6,1.562,1.7,0,0.5099065,3.295922,,,,
,,,5004,7925,15.3,24.9,1.92,1.5,8,0.5144268,6.507719,,,,
,,,5005,13639,12.8,20.9,1.449,1.9,0.2,0.5190735,3.687939,,,,
,,,5006,18028,7.4,22.4,1.198,1.4,0,0.52385,0.8384023,,,,
,,,5007,12952,8.6,26.8,1.536,1.1,4.2,0.5287601,3.875539,,,,
,,,5008,6273,14.9,19.3,1.685,1.7,3,0.5338076,7.06009,,,,
,,,5009,10196,10.4,17.5,1.162,2.6,3,0.5389965,5.331177,,,,
,,,5010,8193,9.9,16.6,1.265,2.9,3.2,0.5443308,6.222804,,,,
,,,5011,14436,6.2,19.9,1.142,1.4,0.2,0.5310217,2.659333,,,,
,,,5012,16822,4.6,21.4,1.178,0.9,0.2,0.5361638,0.7807989,,,,
,,,5013,13263,6,20.7,1.244,1.4,0.2,0.5414451,3.163594,,,,
,,,5014,15431,8.8,21.1,1.28,1.2,0.2,0.5468694,1.470759,,,,
,,,5015,13261,6.9,24.3,1.464,0.8,0,0.5524405,2.84193,,,,
,,,5016,15246,11.3,26.1,1.582,0.8,0.2,0.5581623,1.14411,,,,
,,,5017,12407,9.8,26.2,1.552,0.9,0.2,0.5640389,3.1683,,,,
,,,5018,11448,11.8,26.6,1.587,1.4,0.4,0.5700743,3.713268,,,,
,,,5019,11361,10,25.8,1.618,0.9,0.2,0.5762728,3.654747,,,,
,,,5020,14971,10.4,27.1,1.557,0.9,0.2,0.561692,0.6901722,,,,
,,,5021,15574,8.9,27,1.439,0.9,0.2,0.5676466,0.02532975,,,,
,,,5022,15437,8.3,26,1.454,0.9,0.2,0.5737551,0,,,,
,,,5023,15597,7.9,26.4,1.449,0.8,0.2,0.5800211,0,,,,
,,,5024,15194,7.5,25.6,1.347,1.1,0.2,0.5864484,0,,,,
,,,5025,15152,6,25.8,1.326,1.9,0.2,0.5930407,0,,,,
,,,5026,7630,10.6,22,1.326,1.2,0.2,0.5998016,5.587552,,,,
,,,5027,7956,6.7,22.3,1.296,2.2,5,0.6067352,5.311509,,,,
,,,5028,8628,6.9,14,1.065,3.7,1.2,0.613845,4.835312,,,,
,,,5029,3752,9,12.3,1.152,3.7,7,0.5977256,7.566697,,,,
,,,5030,3853,9,12.9,1.403,2.5,5.4,0.604523,7.473949,,,,
,,,5031,3779,12.2,17.7,1.613,2.9,0,0.6114829,7.466327,,,,
,,,5032,5405,12.7,17.8,1.459,1.1,0,0.6186082,6.568092,,,,
,,,5033,3603,11.6,15.1,1.377,1.4,0,0.6259017,7.514746,,,,
,,,5034,5274,12.1,17.1,1.362,2.3,0.2,0.6333662,6.56066,,,,
,,,5035,9123,7.9,16.6,1.086,1.9,0,0.6410042,3.710392,,,,
,,,5036,12472,1.1,17.3,0.973,0.9,0.4,0.6488184,0.3138414,,,,
,,,5037,7919,2.6,19.4,1.06,0.8,0.2,0.656811,4.512777,,,,
,,,5038,9814,4.9,20,1.142,0.9,0.2,0.6388855,2.633888,,,,
,,,5039,12445,4,21.3,1.142,2.4,3,0.6464759,0,,,,
,,,5040,3917,8.4,9.4,1.034,2.4,4,0.6542244,7.158887,,,,
,,,5041,6048,1.3,10.4,0.84,1.8,0.2,0.662132,5.714948,,,,
,,,5042,3671,0.1,6.1,0.712,1.3,0.2,0.6701993,7.273891,,,,
,,,5043,9899,-0.4,14.5,0.819,1.4,0.4,0.6784269,1.915919,,,,
,,,5044,11202,-0.5,16.9,0.896,1.7,0.2,0.6868149,0.1189166,,,,
,,,5045,8660,3.7,17.7,1.08,4.9,14,0.6953632,2.803726,,,,
,,,5046,3091,10.9,14.7,1.26,1.8,4.2,0.7040714,7.430771,,,,
,,,5047,9868,3.1,16.4,0.901,1.3,0,0.7129386,1.155328,,,,
,,,5048,6750,3.3,18.7,1.075,2.9,3.8,0.6923149,4.414934,,,,
,,,5049,2873,10.2,14.5,1.342,0.8,0.2,0.700639,7.471709,,,,
,,,5050,4024,10.2,16.2,1.367,0.7,0.2,0.7090916,6.618728,,,,
,,,5051,2911,11,16.5,1.357,1.1,0.2,0.7176699,7.38661,,,,
,,,5052,6770,8.6,18.5,1.224,0.9,0.2,0.7263706,3.894859,,,,
,,,5053,5892,6.7,17.1,1.229,1.4,6.2,0.7351898,4.736187,,,,
,,,5054,5027,7.1,19.4,1.336,4.3,0.2,0.7441232,5.497863,,,,
,,,5055,2719,16.1,19.4,1.234,7.6,27,0.7531658,7.408227,,,,
,,,5056,3187,11.9,14.4,1.444,2.1,16,0.7623121,7.001756,,,,
,,,5057,3235,11.1,16,1.383,1.7,0.2,0.7715559,6.930594,,,,
,,,5058,3521,9.1,14.5,1.275,2.1,0.2,0.7808905,6.660687,,,,
,,,5059,2094,10.2,11.3,1.255,0.9,0,0.7903083,7.740625,,,,
,,,5060,3285,9.6,13.6,1.249,0.9,0.2,0.7651079,6.782158,,,,
,,,5061,2706,6.4,11.8,1.137,1.1,0.2,0.773748,7.244287,,,,
,,,5062,4458,8.2,14.8,1.203,1.4,0.2,0.7824279,5.529889,,,,
,,,5063,3349,7.3,14.1,1.142,1.1,0.2,0.7911379,6.609578,,,,
,,,5064,5742,5.8,14.7,1.106,1.2,0.4,0.799868,3.822654,,,,
,,,5065,6593,3.7,16.2,1.004,0.9,0.4,0.8086072,2.539064,,,,
,,,5066,3759,3.2,8.8,0.891,1.3,0.2,0.8173439,6.10272,,,,
,,,5067,4785,1.9,8.9,0.809,1.6,0.2,0.8260659,4.889637,,,,
,,,5068,3867,1.4,9.3,0.794,1.3,0.4,0.8347603,5.900796,,,,
,,,5069,3075,2,13.1,0.886,0.8,0.2,0.8434135,6.663533,,,,
,,,5070,4370,-0.4,11.7,0.804,0.9,0.2,0.8520114,5.18461,,,,
,,,5071,2687,2.4,9.5,0.896,0.8,4,0.8605392,6.970478,,,,
,,,5072,3714,2.4,13.2,0.958,0.5,0,0.8689813,5.816478,,,,
,,,5073,5636,3.6,15.1,0.968,1.2,0.2,0.877322,3.070486,,,,
,,,5074,3842,2.1,12.9,0.891,0.8,0.2,0.8456998,5.572607,,,,
,,,5075,4742,0.5,10.5,0.896,2,0.2,0.8529965,4.292144,,,,
,,,5076,1615,3.7,4.6,0.824,1.6,0,0.8601484,7.824974,,,,
,,,5077,2518,2.2,5.4,0.794,1.2,0.2,0.8671399,6.980979,,,,
,,,5078,2109,1.9,6.9,0.922,1.1,0,0.8739554,7.343864,,,,
,,,5079,2589,3.5,7.2,0.876,0.9,0,0.8805792,6.8399,,,,
,,,5080,1789,4.9,7.7,0.917,0.8,0.2,0.8869953,7.60843,,,,
,,,5081,4535,0.8,13.2,0.891,1.3,1.2,0.893188,4.190693,,,,
,,,5082,2632,3.7,12.2,1.05,0.7,0.4,0.8991416,6.686237,,,,
,,,5083,4750,2.6,15.7,0.978,2.7,0,0.9048404,3.682488,,,,
,,,5084,1747,8.5,11.2,0.999,2.5,0.2,0.9102692,7.585838,,,,
,,,5085,1904,4,8.1,0.932,2.7,10,0.9154131,7.427383,,,,
,,,5086,1980,6.7,12.2,1.152,4.2,5.6,0.9202576,7.313507,,,,
,,,5087,3602,7.2,8.9,0.86,3.5,0.9,0.9247889,5.335829,,,,
,,,5088,1791,3.4,8.3,0.83,2.6,2.6,0.9289936,7.516813,,,,
,,,5089,1889,4.9,10.6,0.999,3.9,2,0.9328591,7.390377,,,,
,,,5090,2727,4.6,10.1,0.947,2.6,0.1,0.9363737,6.427932,,,,
,,,5091,2168,6.3,11.2,0.947,3.4,0,0.9395266,7.078504,,,,
,,,5092,2332,8,13.3,1.039,2.4,1.8,0.9423079,6.868557,,,,
,,,5093,1908,5.7,10.6,0.973,2.1,3,0.9447088,7.342968,,,,
,,,5094,3195,7.3,9.1,0.789,3.8,0.6,0.9467216,5.79456,,,,
,,,5095,2121,-0.2,10.3,0.763,3.4,0.6,0.9483397,7.130403,,,,
,,,5096,2741,6.4,12.6,0.819,3.9,1.4,0.949558,6.378343,,,,
,,,5097,1990,3.7,8.8,0.83,4.3,10,0.9503724,7.25827,,,,
,,,5098,1965,5.2,12.3,0.855,7.2,10,0.9507803,7.281029,,,,
,,,5099,2630,1.7,5,0.681,3.7,5,0.9507803,6.543635,,,,
,,,5100,3123,0.7,4.4,0.614,3.3,2.8,0.9503724,5.926489,,,,
,,,5101,3370,-1.2,3.8,0.594,2.4,5,0.949558,5.597196,,,,
,,,5102,1946,-0.4,5.5,0.778,2.9,10,0.9483397,7.318758,,,,
,,,5103,1384,3,4.5,0.865,2.3,8,0.9467216,7.86597,,,,
,,,5104,2560,4.4,11.7,1.101,3.3,0.2,0.9447088,6.577523,,,,
,,,5105,1511,7.6,9.5,0.993,2.2,1,0.9423079,7.746363,,,,
,,,5106,2622,4.1,6.3,0.691,4.4,0,0.9395266,6.601098,,,,
,,,5107,4189,-2.2,6.1,0.635,1.7,0.2,0.9363737,4.456254,,,,
,,,5108,1929,-1.4,4.6,0.707,1.2,0.2,0.9328591,7.388159,,,,
,,,5109,1353,1,1.8,0.707,1.3,0,0.9289936,7.934964,,,,
,,,5110,2014,-1.3,4.2,0.696,1.5,2,0.9247889,7.325835,,,,
,,,5111,3087,1.2,6,0.758,3.3,3,0.9202576,6.103191,,,,
,,,5112,1641,3.1,6.9,0.83,4.5,24,0.9154131,7.693847,,,,
,,,5113,1937,2.8,11.8,1.121,3.6,3.6,0.9102692,7.394121,,,,
,,,5114,2234,9.1,13.8,1.234,2.5,2,0.9048404,7.090192,,,,
,,,5115,2102,7.8,9.9,0.968,3,6.2,0.8991416,7.277418,,,,
,,,5116,3612,1.1,9.7,0.789,3.8,4,0.893188,5.580233,,,,
,,,5117,3809,6.6,8.3,0.794,4.1,2.2,0.8869953,5.360484,,,,
,,,5118,2222,2.5,10.5,0.86,6.8,12,0.8805792,7.230264,,,,
,,,5119,3487,3.6,7.1,0.671,3.9,0.2,0.8739554,5.903952,,,,
,,,5120,2016,0.1,5.9,0.814,2.5,1,0.8671399,7.471378,,,,
,,,5121,1476,5.1,7.4,0.871,2.8,0,0.8601484,7.938518,,,,
,,,5122,3087,2.3,7.6,0.809,1.7,0.5,0.8529965,6.453029,,,,
,,,5123,3145,2.5,8.8,0.876,2,0.2,0.8456998,6.41378,,,,
,,,5124,1796,2.7,4.7,0.773,1.2,0,0.877322,7.7354,,,,
,,,5125,1610,2.4,4,0.712,1.1,0,0.8689813,7.901093,,,,
,,,5126,1747,2.3,5.1,0.717,1.6,0,0.8605392,7.812461,,,,
,,,5127,5829,-2.3,4.3,0.522,2.4,0.2,0.8520114,3.398131,,,,
,,,5128,3428,-5.7,0.2,0.481,1.2,0,0.8434135,6.421664,,,,
,,,5129,3259,-4.2,0.7,0.486,1.1,0.2,0.8347603,6.628747,,,,
,,,5130,3752,-5.3,1.3,0.492,0.5,0,0.8260659,6.188577,,,,
,,,5131,2234,-5,-0.6,0.543,0.9,0.2,0.8173439,7.559769,,,,
,,,5132,2440,-1,8.1,0.83,2.9,4,0.8086072,7.388794,,,,
,,,5133,586,6.2,8,0.932,4.4,4,0.799868,8,,,,
,,,5134,1352,6.3,8.8,0.993,4.4,1.8,0.7911379,8,,,,
,,,5135,1722,7.3,9,1.009,3.4,1,0.7824279,7.960022,,,,
,,,5136,1960,5.7,8.2,0.871,2,0,0.773748,7.829432,,,,
,,,5137,2066,4.2,7,0.876,2,5,0.7651079,7.777859,,,,
,,,5138,2241,4.5,8.1,1.004,1.4,0.4,0.7903083,7.670409,,,,
,,,5139,3056,4.9,9.2,0.942,1.4,0.2,0.7808905,7.110543,,,,
,,,5140,2070,4.9,6.7,0.809,1.1,0.2,0.7715559,7.841261,,,,
,,,5141,3601,-1.1,5.5,0.686,1.8,0.1,0.7623121,6.805388,,,,
,,,5142,2226,0.2,2,0.609,4.9,0.5,0.7531658,7.803822,,,,
,,,5143,2026,-0.6,0.7,0.527,2.1,0,0.7441232,7.94796,,,,
,,,5144,2712,-1.8,0.3,0.543,2.8,0.8,0.7351898,7.55993,,,,
,,,5145,2464,-2.7,-1.1,0.41,3.9,0.1,0.7263706,7.74994,,,,
,,,5146,1748,-5.4,-5.2,0.302,4.7,0,0.7176699,8,,,,
,,,5147,7162,-8.9,-3.8,0.21,5.8,0,0.7090916,4.29145,,,,
,,,5148,7623,-10.3,-3.5,0.174,5,0,0.700639,3.988136,,,,
,,,5149,8366,-14.1,-4.3,0.205,1.6,0,0.6923149,3.345467,,,,
,,,5150,6357,-12.4,2.3,0.21,3.3,0,0.7129386,5.298207,,,,
,,,5151,7901,-6.8,-4.3,0.195,5.8,0,0.7040714,4.058739,,,,
,,,5152,4542,-9.9,-5,0.241,2.9,0,0.6953632,6.744392,,,,
,,,5153,8719,-11.8,-1.1,0.271,3.3,0,0.6868149,3.475747,,,,
,,,5154,8524,-9.1,-1,0.256,6,0,0.6784269,3.796793,,,,
,,,5155,7727,-11,-3.7,0.22,4.8,0,0.6701993,4.62408,,,,
,,,5156,9504,-11.4,-1.4,0.21,4.4,0,0.662132,3.200731,,,,
,,,5157,4164,-11,0.4,0.328,2.4,5,0.6542244,7.153205,,,,
,,,5158,2975,-3,1.9,0.609,1.7,4,0.6464759,7.753195,,,,
,,,5159,3543,0.4,4,0.717,3.9,1,0.6388855,7.48664,,,,
,,,5160,3473,2.6,7,0.727,3.5,0,0.656811,7.548414,,,,
,,,5161,3262,0.5,5.8,0.696,1.1,0,0.6488184,7.678615,,,,
,,,5162,5883,-1.1,8.7,0.635,0.8,0,0.6410042,6.307576,,,,
,,,5163,5582,-0.4,6.9,0.599,2.5,1,0.6333662,6.5489,,,,
,,,5164,9212,-3.6,4.8,0.466,3.5,0,0.6259017,4.239912,,,,
,,,5165,10894,-5.6,5.4,0.43,2,0,0.6186082,3.048963,,,,
,,,5166,11553,-5.1,7.7,0.461,1.3,0.2,0.6114829,2.616702,,,,
,,,5167,3916,-2.7,5.8,0.661,1,2.2,0.604523,7.53505,,,,
,,,5168,3640,3,8.5,0.937,0.3,0.2,0.5977256,7.653135,,,,
,,,5169,3502,5.2,9.6,1.014,1.4,0.1,0.613845,7.727889,,,,
,,,5170,7635,6.1,9.6,0.753,3.3,0,0.6067352,5.7099,,,,
,,,5171,12211,-1.7,10.4,0.62,2.6,0.2,0.5998016,2.693748,,,,
,,,5172,12890,-2.4,13,0.661,1.8,0,0.5930407,2.272972,,,,
,,,5173,12959,0.2,13.8,0.778,1.8,0.2,0.5864484,2.292582,,,,
,,,5174,13453,-0.7,17.3,0.86,0.9,0.4,0.5800211,1.99889,,,,
,,,5175,8881,1.8,18.1,0.891,1,0.2,0.5737551,5.285698,,,,
,,,5176,8802,0.2,16.2,0.814,2.4,0,0.5676466,5.42639,,,,
,,,5177,6570,4.8,13.8,0.932,2.6,6,0.561692,6.623219,,,,
,,,5178,7341,1.9,8.2,0.625,4.4,0.6,0.5762728,6.361828,,,,
,,,5179,4532,1.1,5.2,0.691,3,0.2,0.5700743,7.57823,,,,
,,,5180,8041,-1,8.2,0.696,2.3,5,0.5640389,6.10834,,,,
,,,5181,8427,3.6,8.5,0.655,4,0,0.5581623,5.98431,,,,
,,,5182,14448,-1.3,10.7,0.533,3.4,0,0.5524405,2.613945,,,,
,,,5183,14968,-2,13.2,0.614,3.6,0.2,0.5468694,2.335324,,,,
,,,5184,9635,4.3,13.6,0.85,5,0,0.5414451,5.506009,,,,
,,,5185,15333,3.3,17,0.794,4.4,0,0.5361638,2.237812,,,,
,,,5186,16321,2.9,19.1,0.809,2.4,0.2,0.5310217,1.687644,,,,
,,,5187,16289,1,18.3,0.809,1.4,0,0.5443308,1.851219,,,,
,,,5188,16917,0.9,21.3,0.794,1,0.2,0.5389965,1.575113,,,,
,,,5189,15774,1.4,22.1,0.799,2.3,0,0.5338076,2.459417,,,,
,,,5190,11808,5.3,19.1,0.753,2.9,15,0.5287601,4.841411,,,,
,,,5191,4744,6.3,8.7,0.906,2.8,4,0.52385,7.72795,,,,
,,,5192,6141,2.7,9.5,0.814,2.3,0.4,0.5190735,7.307373,,,,
,,,5193,11115,4.7,12,0.773,2.2,0.2,0.5144268,5.366866,,,,
,,,5194,11633,3.3,17.1,0.876,1,0,0.5099065,5.15577,,,,
,,,5195,10670,4.8,19.5,0.901,0.9,0,0.5055089,5.644094,,,,
,,,5196,17412,3.8,20.3,0.911,1.5,0,0.5177908,2.221371,,,,
,,,5197,17935,4,20.4,0.886,1.7,0,0.5132406,2.040287,,,,
,,,5198,17861,5,19.7,0.824,3.3,0.2,0.5088175,2.236682,,,,
,,,5199,18123,5.1,20.1,0.804,2.1,0,0.5045179,2.20906,,,,
,,,5200,18925,3.6,19.9,0.753,2.3,0,0.5003382,1.889574,,,,
,,,5201,19207,3.8,20.9,0.789,1.6,0,0.4962751,1.817867,,,,
,,,5202,18962,4.9,21.6,0.737,2.9,0,0.4923252,2.101443,,,,
,,,5203,18342,5.9,18.1,0.865,3.5,0.2,0.4884854,2.474209,,,,
,,,5204,18864,3.8,18.3,0.922,2.6,0,0.4847525,2.259088,,,,
,,,5205,18419,2.7,14.7,0.65,3.1,0,0.4962234,2.74809,,,,
,,,5206,20395,-0.8,20.4,0.732,1.4,0.2,0.4923688,1.74049,,,,
,,,5207,11308,5.5,18.1,1.111,2.1,6.2,0.4886243,5.895571,,,,
,,,5208,5888,7.9,11.8,0.999,1.6,0.1,0.4849867,7.667516,,,,
,,,5209,9490,7.4,15.7,1.039,1.3,0.2,0.4814532,6.618988,,,,
,,,5210,13415,4.4,16.4,1.065,1.4,0,0.4780206,5.219507,,,,
,,,5211,9499,8.2,14.7,0.922,3,0.1,0.4746861,6.688794,,,,
,,,5212,10796,2.8,10.1,0.655,3,0.2,0.4714471,6.347226,,,,
,,,5213,9000,2.3,15.1,0.845,2.1,1,0.4683008,6.902991,,,,
,,,5214,9154,4,14.1,0.963,3.1,8.4,0.4652447,6.863161,,,,
,,,5215,11996,3.4,12.6,0.876,2.5,4,0.4759086,5.992674,,,,
,,,5216,7243,5.1,12.7,0.917,1.3,2.2,0.4727608,7.439936,,,,
,,,5217,13909,2.4,13.6,0.783,2.3,0.2,0.4697056,5.414686,,,,
,,,5218,8528,4.1,12.6,0.809,2.7,2,0.4667404,7.14439,,,,
,,,5219,5437,5.7,7.8,0.865,6,20,0.4638626,7.91167,,,,
,,,5220,6135,4.1,7.2,0.712,4.7,0.6,0.46107,7.776756,,,,
,,,5221,17166,-1.5,12.9,0.63,2.6,3,0.4583601,4.417191,,,,
,,,5222,13246,4.6,15.1,0.783,3.2,0.6,0.4557307,5.82183,,,,
,,,5223,9539,5.9,14.2,0.901,2.7,2.2,0.4531796,6.947092,,,,
,,,5224,11484,3.9,13.6,0.845,2.6,4,0.4634291,6.418949,,,,
,,,5225,14024,5.2,15.8,0.947,3.2,5.4,0.4608068,5.617764,,,,
,,,5226,14999,4.8,16.1,0.878,2.3,1,0.4582649,5.336137,,,,
,,,5227,15438,4.5,12.5,0.855,4.1,1.8,0.4558013,5.225332,,,,
,,,5228,11682,5.3,12.6,0.876,4,1,0.4534137,6.446109,,,,
,,,5229,10199,3.9,15.7,0.835,6.9,5.2,0.4511003,6.88432,,,,
,,,5230,8222,10,16.3,1.009,3,1,0.4488591,7.377516,,,,
,,,5231,10253,5.2,16.1,1.183,1.3,1,0.4466881,6.856955,,,,
,,,5232,9381,11.2,23.3,1.168,3,4,0.4445856,7.101339,,,,
,,,5233,13195,10.4,19.4,1.024,5,0,0.4425499,6.08068,,,,
,,,5234,9842,7.1,16.7,1.08,1.4,1.2,0.4405791,7.021282,,,,
,,,5235,16047,3.8,18.8,1.034,1.4,0,0.4503409,5.223168,,,,
,,,5236,9654,9.4,14.3,1.157,1.2,0,0.4483247,7.086518,,,,
,,,5237,16030,4.3,21.1,1.132,1.1,0,0.4463753,5.260947,,,,
,,,5238,18779,8.1,21.5,1.219,2.3,10,0.4444911,4.310539,,,,
,,,5239,11518,10,18.9,1.214,2.3,4,0.4426705,6.638998,,,,
,,,5240,9853,8.1,17.5,1.132,2.5,7.2,0.4409119,7.08844,,,,
,,,5241,22364,5.7,18.2,0.963,1.4,0,0.4392137,3.149966,,,,
,,,5242,8082,7.6,16.8,1.336,2.2,4,0.4375746,7.500951,,,,
,,,5243,14153,12.9,24,1.593,1.8,0.2,0.4359931,5.901376,,,,
,,,5244,24963,12.7,28.7,1.669,2.4,0,0.434468,1.906605,,,,
,,,5245,17866,14.1,29.7,1.654,2.8,1,0.4329977,4.731931,,,,
,,,5246,7351,11.9,16.3,1.208,3.5,0,0.4425584,7.692588,,,,
,,,5247,23607,5.3,16.8,0.814,3.9,0.2,0.4410665,2.957353,,,,
,,,5248,24464,4.2,19.4,0.794,2,0,0.4396315,2.667309,,,,
,,,5249,17799,7.5,16,0.809,4.2,0.2,0.4382521,5.059748,,,,
,,,5250,14322,2.9,12.7,0.707,2.3,0.2,0.4369271,6.126737,,,,
,,,5251,19561,1,19.5,0.732,2.1,0.4,0.4356553,4.557509,,,,
,,,5252,9802,9.7,15.7,1.265,1.5,1.2,0.4344355,7.197138,,,,
,,,5253,15263,8.4,22.8,1.321,1.2,2,0.4332668,5.779209,,,,
,,,5254,11247,12.7,20.7,1.475,1.3,14,0.4321479,6.849172,,,,
,,,5255,6606,10.8,13.5,1.403,3.2,25,0.4310781,7.870766,,,,
,,,5256,6933,11.1,13.6,1.444,3.2,6.2,0.4300562,7.809793,,,,
,,,5257,7599,12.9,17.8,1.659,2.3,0,0.4290814,7.670552,,,,
,,,5258,15026,15.3,25.5,1.833,1.8,0,0.4281528,5.827434,,,,
,,,5259,26492,12.5,26.6,1.613,1.6,0,0.4272696,1.818113,,,,
,,,5260,25873,11.7,27.1,1.562,1.6,0,0.426431,2.120717,,,,
,,,5261,16152,16.6,23.6,1.736,2.6,0,0.4256362,5.542173,,,,
,,,5262,18077,13.7,24.3,1.552,2.1,0.2,0.4248846,4.992922,,,,
,,,5263,25944,13,25.8,1.434,1.8,0,0.4343405,2.207382,,,,
,,,5264,24029,12.4,26.9,1.454,1.4,0.6,0.4336099,2.968632,,,,
,,,5265,17417,14.7,25,1.587,2.1,0.2,0.4329247,5.223164,,,,
,,,5266,26452,11.9,24.6,1.49,1.6,0,0.4322843,2.034439,,,,
,,,5267,24965,12.4,27.8,1.761,1.6,12.4,0.4316881,2.546417,,,,
,,,5268,7974,17.6,18.2,1.767,2,8,0.4311354,7.623104,,,,
,,,5269,12509,11.8,19.1,1.326,3.1,0,0.4306258,6.647498,,,,
,,,5270,18531,9.9,20.3,1.26,1.3,2,0.4301587,4.988268,,,,
,,,5271,12330,13.8,22.3,1.618,1.7,1,0.4297338,6.664477,,,,
,,,5272,16100,13.3,27.1,1.782,3.1,31,0.4293505,5.629209,,,,
,,,5273,12583,14.5,20.8,1.464,2.1,0,0.4290086,6.624922,,,,
,,,5274,16624,10.2,17.9,1.157,2,0.2,0.4287077,5.59839,,,,
,,,5275,12548,9.7,16.2,1.383,1.8,11,0.4284474,6.647426,,,,
,,,5276,13877,12.4,20,1.434,1.9,3.2,0.4282277,6.306231,,,,
,,,5277,12151,11.3,18.1,1.306,2.9,3.6,0.4280482,6.755626,,,,
,,,5278,11062,11.2,18.7,1.296,1.8,1,0.4279087,7.011874,,,,
,,,5279,23569,10.5,23.7,1.372,1.3,0,0.4278092,3.29495,,,,
,,,5280,22779,14.3,26.5,1.5,2.2,0,0.4277496,3.539787,,,,
,,,5281,20877,14.3,28.2,1.413,2.6,0,0.4277297,4.225727,,,,
,,,5282,18678,13.6,24.2,1.521,1.6,0,0.4277496,4.913659,,,,
,,,5283,19460,14.6,25.4,1.715,2.9,0.2,0.4278092,4.618485,,,,
,,,5284,10562,16,23,1.946,1.1,2.4,0.4279087,7.066581,,,,
,,,5285,15692,16.5,24.7,1.941,1.3,0.2,0.4280482,5.733378,,,,
,,,5286,19789,15.8,27.8,1.787,2.1,0.8,0.4282277,4.484136,,,,
,,,5287,25348,10,21.9,1.173,2.3,0,0.4284474,2.682783,,,,
,,,5288,23312,12.5,23,1.285,1.6,0.2,0.4287077,3.387959,,,,
,,,5289,25718,10.7,26.2,1.413,2.4,3,0.4290086,2.424888,,,,
,,,5290,10849,16.1,22.3,1.864,2.6,6,0.4293505,6.994763,,,,
,,,5291,11291,16.5,24.5,2.007,2.1,0.4,0.4297338,6.874323,,,,
,,,5292,24826,15.9,27.7,1.961,1.2,0,0.4301587,2.549662,,,,
,,,5293,21277,17,33.5,1.936,2.3,27,0.4306258,3.883376,,,,
,,,5294,20112,17.8,30,1.895,2.4,0,0.4311354,4.29017,,,,
,,,5295,19333,17.8,28.4,1.971,2.6,20,0.4316881,4.527954,,,,
,,,5296,7798,14.2,16.8,1.572,2.4,2.8,0.4322843,7.659215,,,,
,,,5297,9372,13,19.7,1.47,1.7,0,0.4329247,7.335404,,,,
,,,5298,25865,10.8,25.1,1.444,1.1,0,0.4336099,2.21423,,,,
,,,5299,18817,14.7,27.6,1.726,1.5,0.4,0.4343405,4.703326,,,,
,,,5300,9109,15,21,1.864,1.6,12,0.4248846,7.352201,,,,
,,,5301,18675,12.3,24,1.48,1.9,0.2,0.4256362,4.77719,,,,
,,,5302,20434,11.4,26.9,1.536,1.5,12,0.426431,4.15285,,,,
,,,5303,16451,15.6,24.9,1.618,3.1,0,0.4272696,5.425273,,,,
,,,5304,17654,14.9,25.1,1.608,1.3,0,0.4281528,5.03553,,,,
,,,5305,14675,15.3,24.2,1.669,2.3,0,0.4290814,5.919278,,,,
,,,5306,18797,13.3,22,1.301,2.9,0,0.4300562,4.69894,,,,
,,,5307,14168,12.8,20.9,1.326,1.6,0,0.4310781,6.092094,,,,
,,,5308,9097,14.5,21.7,1.587,2.2,8.6,0.4321479,7.330201,,,,
,,,5309,12875,15.1,21.6,1.367,3.1,1.8,0.4332668,6.415696,,,,
,,,5310,16200,12.5,20.6,1.26,2.8,1.2,0.4344355,5.465499,,,,
,,,5311,24329,9.2,22.2,1.229,1.6,0,0.4356553,2.557246,,,,
,,,5312,23957,11.3,23.5,1.47,2,0.2,0.4369271,2.577731,,,,
,,,5313,27143,11.9,30,1.7,1.4,0,0.4382521,1.059643,,,,
,,,5314,17144,16.6,24.7,1.567,2.6,0,0.4396315,5.021809,,,,
,,,5315,10520,13.6,20.3,1.567,1.4,3,0.4410665,6.935829,,,,
,,,5316,20662,12.2,21.7,1.275,3.1,0.2,0.4425584,3.801425,,,,
,,,5317,25207,9.1,22.4,1.162,3.8,0,0.4329977,1.97816,,,,
,,,5318,25827,10.5,24.5,1.162,3.1,0,0.434468,1.66003,,,,
,,,5319,26569,10.6,28.3,1.459,1.2,0,0.4359931,1.127215,,,,
,,,5320,26220,13.4,30.9,1.659,1.2,0.2,0.4375746,1.142336,,,,
,,,5321,26236,14.7,32.9,1.802,1,0,0.4392137,1.013598,,,,
,,,5322,23765,18.1,33.4,1.884,2,9,0.4409119,2.071355,,,,
,,,5323,11043,18,25.3,2.058,1.4,41.6,0.4426705,6.646777,,,,
,,,5324,18127,15.7,22.4,1.526,2,0.2,0.4444911,4.405887,,,,
,,,5325,20330,11.9,24.8,1.464,1.6,0,0.4463753,3.532571,,,,
,,,5326,22799,14.4,26.6,1.613,1.2,0,0.4483247,2.385785,,,,
,,,5327,23174,13.4,32.4,1.736,1.8,0,0.4503409,2.113963,,,,
,,,5328,13676,15.6,25.4,1.721,1.7,0,0.4405791,5.79479,,,,
,,,5329,16902,15,24.8,1.505,1.7,0,0.4425499,4.686893,,,,
,,,5330,16200,14.1,26.9,1.644,1.4,1,0.4445856,4.878496,,,,
,,,5331,14569,16.4,26.4,1.869,1.9,17.6,0.4466881,5.386889,,,,
,,,5332,10340,14.5,22,1.633,2.1,0,0.4488591,6.735973,,,,
,,,5333,18229,14.2,23,1.403,1.6,0,0.4511003,4.037545,,,,
,,,5334,24137,10.5,25.4,1.464,1.8,0.2,0.4534137,1.290555,,,,
,,,5335,23928,12.2,26.6,1.577,1.8,0.2,0.4558013,1.263935,,,,
,,,5336,22947,13.9,26.7,1.587,2,0.2,0.4582649,1.67193,,,,
,,,5337,23934,11.1,27.5,1.485,1.5,0,0.4608068,1.137581,,,,
,,,5338,11944,15,24.6,1.705,2.2,0,0.4634291,6.097594,,,,
,,,5339,19496,12.8,26.7,1.695,1.3,0.2,0.4531796,3.071196,,,,
,,,5340,20034,13.2,29.3,1.792,1.2,0,0.4557307,2.720645,,,,
,,,5341,16773,15.5,31.1,1.838,2.9,10,0.4583601,4.124962,,,,
,,,5342,19040,14.6,24.2,1.644,1.4,0.2,0.46107,3.102962,,,,
,,,5343,23203,11.6,28.8,1.659,1.1,0,0.4638626,0.8963182,,,,
,,,5344,23258,14.6,33.9,1.915,1,0,0.4667404,0.6478661,,,,
,,,5345,23662,15.6,35.7,2.125,1.1,0,0.4697056,0.2140456,,,,
,,,5346,14924,19.5,30.7,2.274,1.3,0,0.4727608,4.558134,,,,
,,,5347,17352,17.5,33.4,2.202,1.6,29.4,0.4759086,3.398237,,,,
,,,5348,15457,17.5,26.9,2.115,1.6,0,0.4652447,4.24244,,,,
,,,5349,11007,17.6,27.8,1.895,2.4,55,0.4683008,6.053633,,,,
,,,5350,7813,17.9,21.8,2.058,1.5,2,0.4714471,7.084881,,,,
,,,5351,7651,16.1,22.2,1.731,2.4,0.4,0.4746861,7.139618,,,,
,,,5352,16110,12.2,21.6,1.331,2.2,0,0.4780206,3.89182,,,,
,,,5353,21252,8.6,25,1.408,1,0,0.4814532,1.054859,,,,
,,,5354,12622,12,25.2,1.608,1.4,1,0.4849867,5.25839,,,,
,,,5355,14721,13.5,26.7,1.859,1.2,14,0.4886243,4.200353,,,,
,,,5356,9532,16.2,21.3,1.521,2.3,1,0.4923688,6.401356,,,,
,,,5357,9428,11.9,17.1,1.208,4,1,0.4962234,6.449822,,,,
,,,5358,8673,7.4,16.4,1.121,4.1,0,0.4847525,6.69727,,,,
,,,5359,10245,11.4,21.7,1.336,3.2,0,0.4884854,6.048667,,,,
,,,5360,12909,11.9,23.1,1.439,3.4,0,0.4923252,4.835258,,,,
,,,5361,9692,15.4,24.8,1.608,3.2,0,0.4962751,6.144629,,,,
,,,5362,16739,13.1,25.1,1.582,2.8,0,0.5003382,2.629448,,,,
,,,5363,13445,12.9,24.9,1.526,2.1,0.2,0.5045179,4.350962,,,,
,,,5364,19361,9.7,24.5,1.393,1.5,0.2,0.5088175,0.8392517,,,,
,,,5365,20028,7.8,26.9,1.49,0.9,0.2,0.5132406,0.1845831,,,,
,,,5366,19273,11.7,29.4,1.587,0.9,0,0.5177908,0.5062187,,,,
,,,5367,17434,11.6,27.8,1.721,1.2,0.2,0.5055089,1.555103,,,,
,,,5368,8427,15.2,25,1.864,1.6,10,0.5099065,6.343261,,,,
,,,5369,7374,12.4,17.4,1.301,2.1,0.2,0.5144268,6.800621,,,,
,,,5370,8844,9.9,17.2,1.26,2.2,4,0.5190735,6.165811,,,,
,,,5371,12397,8.5,20.2,1.214,2.5,0,0.52385,4.374396,,,,
,,,5372,8248,10.3,19.6,1.296,1.7,0.4,0.5287601,6.329787,,,,
,,,5373,13144,6.2,22.9,1.347,1.2,0,0.5338076,3.726521,,,,
,,,5374,15750,9.9,24.6,1.531,0.8,0.4,0.5389965,1.843457,,,,
,,,5375,8093,9.6,20.3,1.562,1.2,0.4,0.5443308,6.222646,,,,
,,,5376,12777,10.9,17.5,1.08,2.4,0,0.5310217,3.749221,,,,
,,,5377,16500,3.4,18.2,0.86,1.4,0.2,0.5361638,1.22446,,,,
,,,5378,15092,4.6,24.4,1.408,1.9,2.2,0.5414451,1.810191,,,,
,,,5379,4971,14.5,19.2,1.674,1.7,0,0.5468694,7.401906,,,,
,,,5380,10835,11.6,25.8,1.649,3.6,4,0.5524405,4.394673,,,,
,,,5381,5205,15.6,20.2,1.5,3.6,2,0.5581623,7.2679,,,,
,,,5382,5702,13.4,18,1.347,2.6,13.6,0.5640389,7.041941,,,,
,,,5383,3836,11.3,12.1,1.301,2.8,12,0.5700743,7.765405,,,,
,,,5384,8584,8.6,18.6,1.188,3.3,0.8,0.5762728,5.530179,,,,
,,,5385,9967,4.5,19.7,1.137,0.9,0.2,0.561692,4.635473,,,,
,,,5386,6670,8.6,16.3,1.239,1.5,0.4,0.5676466,6.438346,,,,
,,,5387,4920,8.8,15.4,1.239,1.2,0.2,0.5737551,7.234742,,,,
,,,5388,12227,7.1,18.6,1.188,0.8,0.2,0.5800211,2.677989,,,,
,,,5389,13993,6.5,20.3,1.244,1.2,2,0.5864484,1.002973,,,,
,,,5390,6393,11.2,19.6,1.398,1.6,0,0.5930407,6.362863,,,,
,,,5391,4794,11.2,20.1,1.429,1.9,0,0.5998016,7.144179,,,,
,,,5392,13807,7.9,23.2,1.372,1.4,0.2,0.6067352,0.5294073,,,,
,,,5393,11639,9.8,23.3,1.603,1.8,11,0.613845,2.258162,,,,
,,,5394,3766,14.9,19,1.741,1.6,1,0.5977256,7.517477,,,,
,,,5395,4040,10.6,16.9,1.623,1.3,6,0.604523,7.366728,,,,
,,,5396,4813,14.8,20,1.761,2.3,17,0.6114829,6.917042,,,,
,,,5397,6464,14.1,20.4,1.685,2,3,0.6186082,5.866475,,,,
,,,5398,5805,11.4,21.1,1.598,1.2,2,0.6259017,6.248696,,,,
,,,5399,4305,12.9,15.6,1.188,2.9,0.2,0.6333662,7.139432,,,,
,,,5400,9822,2.9,15.5,0.963,1.7,0.6,0.6410042,3.14716,,,,
,,,5401,4738,8.8,15.3,1.091,3.2,4,0.6488184,6.827071,,,,
,,,5402,8141,4.6,12.5,0.809,2,0.2,0.656811,4.421452,,,,
,,,5403,5219,0.5,11.8,0.942,1.2,3,0.6388855,6.456961,,,,
,,,5404,6676,7.5,19.6,1.249,6.1,0,0.6464759,5.279188,,,,
,,,5405,3062,17,20.2,1.173,8.3,0,0.6542244,7.620701,,,,
,,,5406,4501,17.9,22.4,1.296,7.2,0,0.662132,6.722293,,,,
,,,5407,6527,13.4,24.2,1.567,1.8,0.1,0.6701993,5.070048,,,,
,,,5408,8120,14.1,24.1,1.531,1.3,0.2,0.6784269,3.472358,,,,
,,,5409,8344,11.5,22.6,1.536,0.9,0.2,0.6868149,3.098915,,,,
,,,5410,3303,10.7,15.6,1.516,0.9,0.2,0.6953632,7.30874,,,,
,,,5411,4625,10.7,16.2,1.342,1.2,0.2,0.7040714,6.369526,,,,
,,,5412,4954,9.3,17,1.367,0.9,0.6,0.7129386,6.046775,,,,
,,,5413,2928,9,12.8,1.347,1.2,22,0.6923149,7.465239,,,,
,,,5414,3383,5.3,5.5,0.737,6,0.6,0.700639,7.206608,,,,
,,,5415,5166,-0.4,6.1,0.486,6,0,0.7090916,5.888584,,,,
,,,5416,8078,-3.7,7.9,0.507,1.5,0,0.7176699,2.903973,,,,
,,,5417,9692,-3.9,10.6,0.574,0.9,0.2,0.7263706,0.6573485,,,,
,,,5418,5636,-3,8.4,0.702,0.4,0.2,0.7351898,5.166148,,,,
,,,5419,4995,-0.4,12.8,0.835,3.3,0.5,0.7441232,5.653829,,,,
,,,5420,5197,5,14.8,0.978,3.8,3.4,0.7531658,5.342286,,,,
,,,5421,5143,9.3,17.6,1.137,3.5,1,0.7623121,5.272606,,,,
,,,5422,3121,9.2,13.5,1.244,1.5,5.4,0.7715559,7.038753,,,,
,,,5423,4424,3.9,12.6,0.942,2.2,10.2,0.7808905,5.893937,,,,
,,,5424,3033,5.2,10.3,0.891,1.6,4,0.7903083,7.080364,,,,
,,,5425,7244,0.9,11.1,0.768,1.3,0,0.7651079,2.450835,,,,
,,,5426,4525,-0.7,9.8,0.824,0.6,0.2,0.773748,5.625372,,,,
,,,5427,4311,1.9,13.3,1.024,1.1,5,0.7824279,5.731176,,,,
,,,5428,3282,9.9,13.2,1.301,1.8,7.2,0.7911379,6.64812,,,,
,,,5429,3225,7.1,11.5,1.06,1.9,0,0.799868,6.694725,,,,
,,,5430,3975,4,6.8,0.85,2.4,0,0.8086072,5.94166,,,,
,,,5431,1989,4,5.7,0.794,1.6,0,0.8173439,7.706063,,,,
,,,5432,3564,4.4,9.7,0.865,1.5,0,0.8260659,6.260028,,,,
,,,5433,2721,3.7,10.7,0.927,0.7,0.2,0.8347603,7.030529,,,,
,,,5434,2094,3.9,7.1,0.958,1.1,0.2,0.8434135,7.544381,,,,
,,,5435,4379,4.6,14.4,1.05,1.9,0,0.8520114,5.095672,,,,
,,,5436,3560,6.7,14,1.014,1.1,0.4,0.8605392,6.033128,,,,
,,,5437,2129,1.6,5.9,0.86,0.6,0.2,0.8689813,7.458731,,,,
,,,5438,1897,3.1,4.8,0.84,0.8,0,0.877322,7.638223,,,,
,,,5439,2965,1.9,8.1,0.901,1.1,7.2,0.8456998,6.586836,,,,
,,,5440,3356,2.8,10.2,0.896,0.9,0.2,0.8529965,6.112081,,,,
,,,5441,2900,2.4,10.4,0.906,1.4,0.2,0.8601484,6.587937,,,,
,,,5442,3605,3.3,15.9,1.034,3,0,0.8671399,5.682694,,,,
,,,5443,1980,11.5,14.8,1.127,2.1,3,0.8739554,7.444438,,,,
,,,5444,1845,8.8,11.5,1.162,2.3,15,0.8805792,7.550161,,,,
,,,5445,1877,5.4,8.2,0.911,2,0,0.8869953,7.528087,,,,
,,,5446,1866,3.8,6.5,0.783,5,0,0.893188,7.536527,,,,
,,,5447,2027,4,5.7,0.686,4.8,0.2,0.8991416,7.380133,,,,
,,,5448,4089,-0.8,4.2,0.533,3.6,0.2,0.9048404,4.910579,,,,
,,,5449,4404,-3.7,1.4,0.486,2.7,0,0.9102692,4.421192,,,,
,,,5450,2843,-3,3.1,0.594,1.6,0.6,0.9154131,6.459396,,,,
,,,5451,2187,-2.8,5.1,0.737,2.5,29,0.9202576,7.14862,,,,
,,,5452,3080,3.2,7.1,0.794,3.8,4,0.9247889,6.06816,,,,
,,,5453,2166,1.1,4.9,0.717,2.7,4,0.9289936,7.146886,,,,
,,,5454,3394,0.2,3.4,0.563,2.8,0.2,0.9328591,5.672987,,,,
,,,5455,1852,-2.6,2,0.609,3.1,2.6,0.9363737,7.46568,,,,
,,,5456,1421,0.7,1.9,0.62,3.9,0,0.9395266,7.863385,,,,
,,,5457,3320,-0.4,3.7,0.589,2.1,1,0.9423079,5.708687,,,,
,,,5458,3179,1.6,6.1,0.686,3.2,0.2,0.9447088,5.857404,,,,
,,,5459,3406,-0.1,1.9,0.492,2.8,0,0.9467216,5.598461,,,,
,,,5460,2520,-6.3,-0.6,0.415,1.3,0,0.9483397,6.747402,,,,
,,,5461,2295,-5.9,7.1,0.64,2.3,5,0.949558,6.952504,,,,
,,,5462,2014,1.2,10.1,0.958,4.3,9,0.9503724,7.215784,,,,
,,,5463,2813,8,12,0.952,3.1,3,0.9507803,6.251663,,,,
,,,5464,1863,6.8,9.5,0.932,3.3,6,0.9507803,7.380534,,,,
,,,5465,2598,5.6,9.5,0.871,2.8,1,0.9503724,6.546028,,,,
,,,5466,2484,4.9,8.8,0.845,2.3,2.4,0.949558,6.694601,,,,
,,,5467,2227,0,5.1,0.763,0.9,0.4,0.9483397,7.013992,,,,
,,,5468,2237,1.1,7.5,0.824,2.1,6.2,0.9467216,6.998604,,,,
,,,5469,2318,3.5,7,0.886,1.6,2.2,0.9447088,6.903191,,,,
,,,5470,1835,3.1,7.3,0.968,2.7,9.6,0.9423079,7.428479,,,,
,,,5471,4203,7.3,14.5,1.106,3,0,0.9395266,4.209218,,,,
,,,5472,4173,2.9,12.5,0.932,2.7,0,0.9363737,4.354456,,,,
,,,5473,2530,8.3,13.1,0.999,3.7,0.4,0.9328591,6.681456,,,,
,,,5474,3729,6.4,11.1,0.855,2.8,1,0.9289936,5.134417,,,,
,,,5475,2253,6.2,11.5,0.891,5.3,10.2,0.9247889,7.046032,,,,
,,,5476,1921,6.3,8.4,0.891,2.2,2,0.9202576,7.407565,,,,
,,,5477,5097,1.6,14,0.763,3.1,0,0.9154131,3.099432,,,,
,,,5478,4286,3.9,11.4,0.742,2,0,0.9102692,4.497085,,,,
,,,5479,4114,2.3,9.5,0.712,2.2,0.8,0.9048404,4.816366,,,,
