fattening_day,wts,yr,doy,rad,mint,maxt,vpr,wind,rain,aha,okta,is_observed,source_day,updated_at,season_start_date
1,1,1998,1,2481,6,6.8,0.933,1.7,2.2,0.920257639,6.16523966,1,1,2026-04-28T16:35:19Z,1998-01-01
2,1,1998,2,2671,4.3,9.6,0.858,5,5,0.915413096,5.935020311,1,2,2026-04-28T16:35:19Z,1998-01-01
3,1,1998,3,2745,4.1,12.6,0.893,5.3,2.2,0.910269181,5.829516618,1,3,2026-04-28T16:35:19Z,1998-01-01
4,1,1998,4,3859,2.5,11.9,0.753,5.2,1.2,0.904840361,4.037483894,1,4,2026-04-28T16:35:19Z,1998-01-01
5,1,1998,5,4838,3.4,10.8,0.743,6.1,5,0.89914155,2.120449931,1,5,2026-04-28T16:35:19Z,1998-01-01
6,1,1998,6,2652,6.7,10.3,0.943,3.3,4,0.893188024,6.051566937,1,6,2026-04-28T16:35:19Z,1998-01-01
7,1,1998,7,4297,4.9,12.9,0.918,2.9,0,0.886995327,3.203149524,1,7,2026-04-28T16:35:19Z,1998-01-01
8,1,1998,8,6140,2.9,13.7,0.813,1.8,0,0.880579186,0,1,8,2026-04-28T16:35:19Z,1998-01-01
9,1,1998,9,7065,-1,11.6,0.713,1.2,0,0.873955426,0,1,9,2026-04-28T16:35:19Z,1998-01-01
10,1,1998,10,7299,-0.2,11.6,0.768,2.2,0,0.867139891,0,1,10,2026-04-28T16:35:19Z,1998-01-01
11,1,1998,11,5322,2.9,13.9,0.768,2.9,0,0.860148369,1.664654373,1,11,2026-04-28T16:35:19Z,1998-01-01
12,1,1998,12,2947,2.3,11.6,0.808,2.7,0,0.852996519,5.938656774,1,12,2026-04-28T16:35:19Z,1998-01-01
13,1,1998,13,3816,7.8,14.1,0.903,7,2.4,0.845699807,4.582023328,1,13,2026-04-28T16:35:19Z,1998-01-01
14,1,1998,14,2917,5.5,8.7,0.828,3.4,0,0.87732203,6.063786278,1,14,2026-04-28T16:35:19Z,1998-01-01
15,1,1998,15,3289,-1.5,5.7,0.728,3.1,7.8,0.868981344,5.659010055,1,15,2026-04-28T16:35:19Z,1998-01-01
16,1,1998,16,2812,4.9,8.7,0.903,5,9,0.860539152,6.26130705,1,16,2026-04-28T16:35:19Z,1998-01-01
17,1,1998,17,5637,3.4,7.2,0.713,2.4,0,0.852011406,1.911606813,1,17,2026-04-28T16:35:19Z,1998-01-01
18,1,1998,18,2876,-2.7,8.2,0.708,4,14,0.843413505,6.371350225,1,18,2026-04-28T16:35:19Z,1998-01-01
19,1,1998,19,3105,5.1,8.8,0.828,5.1,4,0.83476026,6.069294969,1,19,2026-04-28T16:35:19Z,1998-01-01
20,1,1998,20,3075,0.7,2.7,0.638,6.5,0,0.826065862,6.266167152,1,20,2026-04-28T16:35:19Z,1998-01-01
21,1,1998,21,3774,2.1,4.2,0.598,5.2,0,0.817343865,5.476302909,1,21,2026-04-28T16:35:19Z,1998-01-01
22,1,1998,22,5886,-2.6,1.6,0.478,4.1,0,0.808607167,2.582911943,1,22,2026-04-28T16:35:19Z,1998-01-01
23,1,1998,23,8236,-2.4,3.8,0.508,1.6,0,0.799868001,0,1,23,2026-04-28T16:35:19Z,1998-01-01
24,1,1998,24,3092,-4.6,0.1,0.508,2.5,0.4,0.791137932,6.521872881,1,24,2026-04-28T16:35:19Z,1998-01-01
25,1,1998,25,3132,-0.9,0.5,0.523,2.8,0.4,0.782427851,6.518498835,1,25,2026-04-28T16:35:19Z,1998-01-01
26,1,1998,26,3381,-7.3,-1.1,0.458,1.3,0,0.773747984,6.350396196,1,26,2026-04-28T16:35:19Z,1998-01-01
27,1,1998,27,3215,-2.5,0.5,0.508,1.6,0,0.765107895,6.538547831,1,27,2026-04-28T16:35:19Z,1998-01-01
28,1,1998,28,3258,-2.6,0.5,0.543,1.6,0,0.790308266,6.523233387,1,28,2026-04-28T16:35:19Z,1998-01-01
29,1,1998,29,3302,-3.4,-1.9,0.503,1.7,0,0.780890464,6.553608275,1,29,2026-04-28T16:35:19Z,1998-01-01
30,1,1998,30,4691,-2.5,1.9,0.498,2.1,0,0.771555899,5.127385017,1,30,2026-04-28T16:35:19Z,1998-01-01
31,1,1998,31,4235,-1.7,3.2,0.518,2,0,0.762312065,5.701619419,1,31,2026-04-28T16:35:19Z,1998-01-01
32,1,1998,32,4284,-1.9,3.1,0.582,2.1,0,0.753165771,5.667673868,1,32,2026-04-28T16:35:19Z,1998-01-01
33,1,1998,33,3487,-1.1,-0.4,0.553,1.6,0,0.744123172,6.549267829,1,33,2026-04-28T16:35:19Z,1998-01-01
34,1,1998,34,5277,-3.2,-0.6,0.478,2.2,0,0.735189799,4.833717214,1,34,2026-04-28T16:35:19Z,1998-01-01
35,1,1998,35,7959,-6.1,1,0.423,1.3,0,0.726370585,1.590158362,1,35,2026-04-28T16:35:19Z,1998-01-01
36,1,1998,36,6462,-7.8,0.4,0.428,1,0,0.717669902,3.725734732,1,36,2026-04-28T16:35:19Z,1998-01-01
37,1,1998,37,6768,-6.7,1,0.448,1.1,0,0.709091585,3.446316541,1,37,2026-04-28T16:35:19Z,1998-01-01
38,1,1998,38,3777,-6,2.5,0.548,1.4,2.2,0.700638963,6.551003571,1,38,2026-04-28T16:35:19Z,1998-01-01
39,1,1998,39,7328,-1.4,4.8,0.628,1.3,0,0.692314894,2.730337936,1,39,2026-04-28T16:35:19Z,1998-01-01
40,1,1998,40,9720,-4.2,10.5,0.573,1.3,0,0.712938557,0,1,40,2026-04-28T16:35:19Z,1998-01-01
41,1,1998,41,11175,-2.7,12.9,0.603,1.2,0,0.704071371,0,1,41,2026-04-28T16:35:19Z,1998-01-01
42,1,1998,42,11577,-3,14.3,0.578,1.1,0,0.695363207,0,1,42,2026-04-28T16:35:19Z,1998-01-01
43,1,1998,43,11583,-2.4,16,0.613,1,0,0.686814892,0,1,43,2026-04-28T16:35:19Z,1998-01-01
44,1,1998,44,11750,-2.7,15.6,0.648,1.2,0,0.678426888,0,1,44,2026-04-28T16:35:19Z,1998-01-01
45,1,1998,45,11632,-1.6,14.6,0.728,1.1,0,0.670199317,0,1,45,2026-04-28T16:35:19Z,1998-01-01
46,1,1998,46,9816,-1.7,13.3,0.748,1.1,0,0.66213199,0.481203344,1,46,2026-04-28T16:35:19Z,1998-01-01
47,1,1998,47,6958,-1.6,15.2,0.853,2.5,0,0.654224435,3.984286222,1,47,2026-04-28T16:35:19Z,1998-01-01
48,1,1998,48,6453,5.8,10,0.793,2.9,0,0.646475927,4.664641264,1,48,2026-04-28T16:35:19Z,1998-01-01
49,1,1998,49,8785,-1.6,10.7,0.703,1.6,0,0.638885506,2.416219655,1,49,2026-04-28T16:35:19Z,1998-01-01
50,1,1998,50,9835,-1.9,13.5,0.753,1.3,0,0.656811025,1.263885363,1,50,2026-04-28T16:35:19Z,1998-01-01
51,1,1998,51,10286,-1.6,17.3,0.768,2,0,0.648818374,0.878821727,1,51,2026-04-28T16:35:19Z,1998-01-01
52,1,1998,52,8699,3.7,16.8,0.848,3.5,16,0.641004231,2.784273175,1,52,2026-04-28T16:35:19Z,1998-01-01
53,1,1998,53,5757,7.4,10.1,0.883,2.8,2.2,0.633366193,5.651862205,1,53,2026-04-28T16:35:19Z,1998-01-01
54,1,1998,54,4435,2.1,6.6,0.683,5.6,0,0.62590173,6.775057976,1,54,2026-04-28T16:35:19Z,1998-01-01
55,1,1998,55,12763,-0.6,11.6,0.758,4.6,0,0.618608203,0,1,55,2026-04-28T16:35:19Z,1998-01-01
56,1,1998,56,5481,3.5,12.1,0.923,2.6,0,0.611482882,6.046160658,1,56,2026-04-28T16:35:19Z,1998-01-01
57,1,1998,57,5280,4.7,11,0.948,0.8,0,0.604522961,6.239013798,1,57,2026-04-28T16:35:19Z,1998-01-01
58,1,1998,58,4935,6,11.7,0.943,1.8,0,0.59772557,6.530326842,1,58,2026-04-28T16:35:19Z,1998-01-01
59,1,1998,59,5464,6.9,11.2,0.853,3.9,1.4,0.613844997,6.268345158,1,59,2026-04-28T16:35:19Z,1998-01-01
60,1,1998,60,8512,4.7,10.2,0.738,2.7,0,0.606735159,4.109828693,1,60,2026-04-28T16:35:19Z,1998-01-01
61,1,1998,61,6312,4.1,11.7,0.723,1.6,0,0.599801648,6.515299754,1,61,2026-04-28T16:35:19Z,1998-01-01
62,1,1998,62,6245,1.3,15.4,0.733,3.6,0,0.593040663,6.595485948,1,62,2026-04-28T16:35:19Z,1998-01-01
63,1,1998,63,5507,10.1,16.3,0.903,5.8,2,0.586448418,6.968414769,1,63,2026-04-28T16:35:19Z,1998-01-01
64,1,1998,64,12719,6.9,12.3,0.703,4.5,0,0.580021147,2.668048227,1,64,2026-04-28T16:35:19Z,1998-01-01
65,1,1998,65,12262,1.9,16.2,0.658,2.7,0,0.573755117,3.163268988,1,65,2026-04-28T16:35:19Z,1998-01-01
66,1,1998,66,5620,2.5,14.2,0.863,3.8,1.6,0.567646628,7.030556335,1,66,2026-04-28T16:35:19Z,1998-01-01
67,1,1998,67,5541,8.1,8.9,0.893,4.1,12.6,0.561692025,7.095125677,1,67,2026-04-28T16:35:19Z,1998-01-01
68,1,1998,68,7748,5,6,0.608,4.5,0,0.576272815,6.167487555,1,68,2026-04-28T16:35:19Z,1998-01-01
69,1,1998,69,15255,-4.5,8.9,0.393,2.2,6,0.570074303,1.73240136,1,69,2026-04-28T16:35:19Z,1998-01-01
70,1,1998,70,5749,0.7,5.6,0.723,3.1,7,0.564038867,7.129547868,1,70,2026-04-28T16:35:19Z,1998-01-01
71,1,1998,71,5818,2.3,4.1,0.673,5,0.8,0.558162305,7.140501434,1,71,2026-04-28T16:35:19Z,1998-01-01
72,1,1998,72,11269,-1.6,7.8,0.578,2.9,0,0.5524405,4.571153358,1,72,2026-04-28T16:35:19Z,1998-01-01
73,1,1998,73,5958,0.2,7.8,0.713,2.7,0,0.546869425,7.140884869,1,73,2026-04-28T16:35:19Z,1998-01-01
74,1,1998,74,6028,6,9.3,0.803,4.2,0,0.541445145,7.131405437,1,74,2026-04-28T16:35:19Z,1998-01-01
75,1,1998,75,6151,5.6,11.2,0.903,3.1,0,0.536163816,7.100914195,1,75,2026-04-28T16:35:19Z,1998-01-01
76,1,1998,76,9118,6.4,12,0.838,3.7,0,0.531021683,5.879666075,1,76,2026-04-28T16:35:19Z,1998-01-01
77,1,1998,77,15623,3.5,14.2,0.793,2.9,0,0.544330752,2.306724336,1,77,2026-04-28T16:35:19Z,1998-01-01
78,1,1998,78,15649,1.9,12.5,0.638,3.9,0,0.538996489,2.512889068,1,78,2026-04-28T16:35:19Z,1998-01-01
79,1,1998,79,18680,-0.9,10.7,0.548,3.9,0,0.533807621,0.701260975,1,79,2026-04-28T16:35:19Z,1998-01-01
80,1,1998,80,10018,2.6,11.8,0.663,4.1,0,0.528760099,5.729797375,1,80,2026-04-28T16:35:19Z,1998-01-01
81,1,1998,81,19247,-2.1,10.8,0.423,2.9,0,0.523849989,0.745298742,1,81,2026-04-28T16:35:19Z,1998-01-01
82,1,1998,82,8450,-2.4,7,0.598,3,0,0.51907347,6.500410956,1,82,2026-04-28T16:35:19Z,1998-01-01
83,1,1998,83,10183,-1.5,6.3,0.533,4.1,0,0.514426832,5.852594426,1,83,2026-04-28T16:35:19Z,1998-01-01
84,1,1998,84,17918,-4.4,10.1,0.423,2.5,0,0.509906477,2.007373394,1,84,2026-04-28T16:35:19Z,1998-01-01
85,1,1998,85,18387,-4.5,13.8,0.458,1.2,0,0.505508909,1.818799918,1,85,2026-04-28T16:35:19Z,1998-01-01
86,1,1998,86,11909,5.9,15.5,0.778,1.3,0,0.517790752,5.180961115,1,86,2026-04-28T16:35:19Z,1998-01-01
87,1,1998,87,13306,2.4,19.6,0.828,2.5,0,0.513240555,4.573575298,1,87,2026-04-28T16:35:19Z,1998-01-01
88,1,1998,88,19642,4.2,22.5,0.788,3.1,0,0.508817472,1.186250908,1,88,2026-04-28T16:35:19Z,1998-01-01
89,1,1998,89,19551,5,19.7,0.768,1.9,0,0.504517862,1.386015755,1,89,2026-04-28T16:35:19Z,1998-01-01
90,1,1998,90,16310,5.3,21.9,0.893,3,0.8,0.500338201,3.266961049,1,90,2026-04-28T16:35:19Z,1998-01-01
91,1,1998,91,7962,10.2,13.9,1.123,1.6,2,0.496275078,6.890706239,1,91,2026-04-28T16:35:19Z,1998-01-01
92,1,1998,92,8497,6.7,13.8,1.123,3,4,0.492325194,6.736107212,1,92,2026-04-28T16:35:19Z,1998-01-01
93,1,1998,93,11478,11,20.5,1.113,5.9,12,0.488485354,5.653923564,1,93,2026-04-28T16:35:19Z,1998-01-01
94,1,1998,94,10689,5.3,13.5,0.863,4.4,0,0.48475247,6.059142182,1,94,2026-04-28T16:35:19Z,1998-01-01
95,1,1998,95,10665,5,13.8,0.833,3.5,1,0.496223403,6.113504911,1,95,2026-04-28T16:35:19Z,1998-01-01
96,1,1998,96,11271,3.5,14,0.853,3.4,7.2,0.492368759,5.923700504,1,96,2026-04-28T16:35:19Z,1998-01-01
97,1,1998,97,10582,7.8,13.7,0.908,3.8,3,0.488624255,6.2026256,1,97,2026-04-28T16:35:19Z,1998-01-01
98,1,1998,98,11495,5.5,13.5,0.823,2.6,3,0.484986738,5.928152737,1,98,2026-04-28T16:35:19Z,1998-01-01
99,1,1998,99,12297,3.1,14,0.803,3.7,2.4,0.48145316,5.675381619,1,99,2026-04-28T16:35:19Z,1998-01-01
100,1,1998,100,12559,3.4,10,0.778,2.2,1,0.478020575,5.625611076,1,100,2026-04-28T16:35:19Z,1998-01-01
101,1,1998,101,7515,3,8.7,0.693,2.8,1,0.474686139,7.308617172,1,101,2026-04-28T16:35:19Z,1998-01-01
102,1,1998,102,9340,2.4,8.1,0.723,3.1,5.4,0.471447102,6.795731706,1,102,2026-04-28T16:35:19Z,1998-01-01
103,1,1998,103,9713,0.1,5.9,0.638,2.2,1,0.468300807,6.721760266,1,103,2026-04-28T16:35:19Z,1998-01-01
104,1,1998,104,20222,-2.9,10.7,0.528,3.6,0.4,0.465244685,2.709544787,1,104,2026-04-28T16:35:19Z,1998-01-01
105,1,1998,105,8262,5.9,11.1,0.798,5.8,4,0.475908629,7.163162827,1,105,2026-04-28T16:35:19Z,1998-01-01
106,1,1998,106,16749,1.3,11.7,0.658,4.6,2,0.472760827,4.311905485,1,106,2026-04-28T16:35:19Z,1998-01-01
107,1,1998,107,11905,6.5,11.9,0.748,6.5,9,0.4697056,6.117003109,1,107,2026-04-28T16:35:19Z,1998-01-01
108,1,1998,108,9688,2.9,8.9,0.738,5.3,3.4,0.466740365,6.829557295,1,108,2026-04-28T16:35:19Z,1998-01-01
109,1,1998,109,14414,3.6,11.9,0.803,1.6,2,0.463862624,5.305533838,1,109,2026-04-28T16:35:19Z,1998-01-01
110,1,1998,110,13934,3.2,14.5,0.968,2.4,1,0.461069968,5.472348433,1,110,2026-04-28T16:35:19Z,1998-01-01
111,1,1998,111,20450,6.2,19.9,1.078,1.6,0,0.458360066,2.832679165,1,111,2026-04-28T16:35:19Z,1998-01-01
112,1,1998,112,23374,5.8,22.3,0.993,2.3,0,0.455730671,1.554370411,1,112,2026-04-28T16:35:19Z,1998-01-01
113,1,1998,113,19766,8.3,19.5,1.133,2.8,0,0.453179608,3.245883707,1,113,2026-04-28T16:35:19Z,1998-01-01
114,1,1998,114,11526,8.8,16.2,1.043,2.6,0,0.463429149,6.371676005,1,114,2026-04-28T16:35:19Z,1998-01-01
115,1,1998,115,15072,8.2,19.2,1.243,2.1,6,0.460806845,5.183341196,1,115,2026-04-28T16:35:19Z,1998-01-01
116,1,1998,116,9115,11.5,16.1,1.323,2.8,52,0.458264942,7.064860062,1,116,2026-04-28T16:35:19Z,1998-01-01
117,1,1998,117,10507,5.5,11,0.938,3.4,6,0.455801274,6.749712215,1,117,2026-04-28T16:35:19Z,1998-01-01
118,1,1998,118,17269,5.5,14.7,0.863,1.7,0.4,0.453413747,4.604289098,1,118,2026-04-28T16:35:19Z,1998-01-01
119,1,1998,119,14658,1.3,15.7,0.928,1.8,4.2,0.45110034,5.53548901,1,119,2026-04-28T16:35:19Z,1998-01-01
120,1,1998,120,11071,8.7,16,1.178,1.8,10,0.4488591,6.614564721,1,120,2026-04-28T16:35:19Z,1998-01-01
121,1,1998,121,13183,7.4,16.1,1.153,2,0,0.446688144,6.014283485,1,121,2026-04-28T16:35:19Z,1998-01-01
122,1,1998,122,12472,8.8,15,1.173,2.1,1,0.444585649,6.249076216,1,122,2026-04-28T16:35:19Z,1998-01-01
123,1,1998,123,10854,7.2,14.1,1.128,4.2,0,0.442549859,6.734313359,1,123,2026-04-28T16:35:19Z,1998-01-01
124,1,1998,124,11880,8.9,12.5,0.943,6,0,0.440579076,6.496661773,1,124,2026-04-28T16:35:19Z,1998-01-01
125,1,1998,125,17384,3,15.1,0.918,3.2,0,0.450340943,4.798882615,1,125,2026-04-28T16:35:19Z,1998-01-01
126,1,1998,126,13745,9.3,15.6,0.983,3,0,0.448324705,5.989509948,1,126,2026-04-28T16:35:19Z,1998-01-01
127,1,1998,127,26564,4.9,20.9,0.998,1.6,0,0.446375327,1.122297363,1,127,2026-04-28T16:35:19Z,1998-01-01
128,1,1998,128,23316,7.6,24.4,0.983,4.3,0,0.444491132,2.619643994,1,128,2026-04-28T16:35:19Z,1998-01-01
129,1,1998,129,24564,9.3,25.9,1.068,2.1,0,0.442670499,2.097595034,1,129,2026-04-28T16:35:19Z,1998-01-01
130,1,1998,130,26927,7.6,27.6,1.163,1.8,0,0.440911866,1.043964497,1,130,2026-04-28T16:35:19Z,1998-01-01
131,1,1998,131,26345,10.4,28.5,1.238,1.9,0,0.439213724,1.328963142,1,131,2026-04-28T16:35:19Z,1998-01-01
132,1,1998,132,25365,10.8,27.6,1.278,1.8,0,0.437574618,1.800990513,1,132,2026-04-28T16:35:19Z,1998-01-01
133,1,1998,133,19642,11.4,26.6,1.413,1.6,0,0.435993145,4.102718949,1,133,2026-04-28T16:35:19Z,1998-01-01
134,1,1998,134,22466,11.8,28.2,1.558,2.4,0,0.434467955,3.001220608,1,134,2026-04-28T16:35:19Z,1998-01-01
135,1,1998,135,26154,13.6,24.5,1.273,3.4,0,0.432997745,1.599347096,1,135,2026-04-28T16:35:19Z,1998-01-01
136,1,1998,136,28330,9.1,20.5,1.003,4,0,0.442558373,0.821201517,1,136,2026-04-28T16:35:19Z,1998-01-01
137,1,1998,137,23411,6.6,20.7,0.938,3.9,0,0.441066499,2.975116231,1,137,2026-04-28T16:35:19Z,1998-01-01
138,1,1998,138,28587,6.3,20.8,0.953,3.7,0,0.439631499,0.834834436,1,138,2026-04-28T16:35:19Z,1998-01-01
139,1,1998,139,28314,6.3,22.7,1.013,2.5,0,0.438252101,0.966583969,1,139,2026-04-28T16:35:19Z,1998-01-01
140,1,1998,140,27973,7,23.2,1.113,2.3,0,0.436927082,1.104349649,1,140,2026-04-28T16:35:19Z,1998-01-01
141,1,1998,141,24837,9.8,22.6,1.198,3.1,0,0.435655264,2.430275681,1,141,2026-04-28T16:35:19Z,1998-01-01
142,1,1998,142,20498,11.5,18.6,0.998,3.8,0,0.434435517,4.168405153,1,142,2026-04-28T16:35:19Z,1998-01-01
143,1,1998,143,27532,3.8,18.2,0.823,2.9,0,0.433266755,1.582307953,1,143,2026-04-28T16:35:19Z,1998-01-01
144,1,1998,144,21450,4.9,18.9,0.943,3.1,0,0.432147936,3.900790743,1,144,2026-04-28T16:35:19Z,1998-01-01
145,1,1998,145,17821,6,20.4,1.093,2,0,0.431078065,5.083238649,1,145,2026-04-28T16:35:19Z,1998-01-01
146,1,1998,146,12651,9.6,19,1.213,2.3,1,0.430056185,6.545803182,1,146,2026-04-28T16:35:19Z,1998-01-01
147,1,1998,147,11546,11.3,19.3,1.278,2.1,4,0.429081385,6.821575524,1,147,2026-04-28T16:35:19Z,1998-01-01
148,1,1998,148,10171,11.4,14.9,1.368,1.8,6,0.428152795,7.142850564,1,148,2026-04-28T16:35:19Z,1998-01-01
149,1,1998,149,18091,10.5,19,1.243,1.5,0,0.427269586,5.020419764,1,149,2026-04-28T16:35:19Z,1998-01-01
150,1,1998,150,19996,7.8,22.1,1.298,3.6,9,0.426430969,4.400072314,1,150,2026-04-28T16:35:19Z,1998-01-01
151,1,1998,151,19996,7.8,22.1,1.298,3.6,9,0.426430969,4.400072314,0,150,2026-04-28T16:35:19Z,1998-01-01
152,1,1998,152,19996,7.8,22.1,1.298,3.6,9,0.426430969,4.400072314,0,150,2026-04-28T16:35:19Z,1998-01-01
153,1,1998,153,19996,7.8,22.1,1.298,3.6,9,0.426430969,4.400072314,0,150,2026-04-28T16:35:19Z,1998-01-01
154,1,1998,154,19996,7.8,22.1,1.298,3.6,9,0.426430969,4.400072314,0,150,2026-04-28T16:35:19Z,1998-01-01
155,1,1998,155,19996,7.8,22.1,1.298,3.6,9,0.426430969,4.400072314,0,150,2026-04-28T16:35:19Z,1998-01-01
156,1,1998,156,19996,7.8,22.1,1.298,3.6,9,0.426430969,4.400072314,0,150,2026-04-28T16:35:19Z,1998-01-01
157,1,1998,157,19996,7.8,22.1,1.298,3.6,9,0.426430969,4.400072314,0,150,2026-04-28T16:35:19Z,1998-01-01
158,1,1998,158,19996,7.8,22.1,1.298,3.6,9,0.426430969,4.400072314,0,150,2026-04-28T16:35:19Z,1998-01-01
159,1,1998,159,19996,7.8,22.1,1.298,3.6,9,0.426430969,4.400072314,0,150,2026-04-28T16:35:19Z,1998-01-01
160,1,1998,160,19996,7.8,22.1,1.298,3.6,9,0.426430969,4.400072314,0,150,2026-04-28T16:35:19Z,1998-01-01
161,1,1998,161,19996,7.8,22.1,1.298,3.6,9,0.426430969,4.400072314,0,150,2026-04-28T16:35:19Z,1998-01-01
162,1,1998,162,19996,7.8,22.1,1.298,3.6,9,0.426430969,4.400072314,0,150,2026-04-28T16:35:19Z,1998-01-01
163,1,1998,163,19996,7.8,22.1,1.298,3.6,9,0.426430969,4.400072314,0,150,2026-04-28T16:35:19Z,1998-01-01
164,1,1998,164,19996,7.8,22.1,1.298,3.6,9,0.426430969,4.400072314,0,150,2026-04-28T16:35:19Z,1998-01-01
165,1,1998,165,19996,7.8,22.1,1.298,3.6,9,0.426430969,4.400072314,0,150,2026-04-28T16:35:19Z,1998-01-01
166,1,1998,166,19996,7.8,22.1,1.298,3.6,9,0.426430969,4.400072314,0,150,2026-04-28T16:35:19Z,1998-01-01
167,1,1998,167,19996,7.8,22.1,1.298,3.6,9,0.426430969,4.400072314,0,150,2026-04-28T16:35:19Z,1998-01-01
168,1,1998,168,19996,7.8,22.1,1.298,3.6,9,0.426430969,4.400072314,0,150,2026-04-28T16:35:19Z,1998-01-01
169,1,1998,169,19996,7.8,22.1,1.298,3.6,9,0.426430969,4.400072314,0,150,2026-04-28T16:35:19Z,1998-01-01
170,1,1998,170,19996,7.8,22.1,1.298,3.6,9,0.426430969,4.400072314,0,150,2026-04-28T16:35:19Z,1998-01-01
171,1,1998,171,19996,7.8,22.1,1.298,3.6,9,0.426430969,4.400072314,0,150,2026-04-28T16:35:19Z,1998-01-01
172,1,1998,172,19996,7.8,22.1,1.298,3.6,9,0.426430969,4.400072314,0,150,2026-04-28T16:35:19Z,1998-01-01
173,1,1998,173,19996,7.8,22.1,1.298,3.6,9,0.426430969,4.400072314,0,150,2026-04-28T16:35:19Z,1998-01-01
174,1,1998,174,19996,7.8,22.1,1.298,3.6,9,0.426430969,4.400072314,0,150,2026-04-28T16:35:19Z,1998-01-01
175,1,1998,175,19996,7.8,22.1,1.298,3.6,9,0.426430969,4.400072314,0,150,2026-04-28T16:35:19Z,1998-01-01
176,1,1998,176,19996,7.8,22.1,1.298,3.6,9,0.426430969,4.400072314,0,150,2026-04-28T16:35:19Z,1998-01-01
177,1,1998,177,19996,7.8,22.1,1.298,3.6,9,0.426430969,4.400072314,0,150,2026-04-28T16:35:19Z,1998-01-01
178,1,1998,178,19996,7.8,22.1,1.298,3.6,9,0.426430969,4.400072314,0,150,2026-04-28T16:35:19Z,1998-01-01
179,1,1998,179,19996,7.8,22.1,1.298,3.6,9,0.426430969,4.400072314,0,150,2026-04-28T16:35:19Z,1998-01-01
180,1,1998,180,19996,7.8,22.1,1.298,3.6,9,0.426430969,4.400072314,0,150,2026-04-28T16:35:19Z,1998-01-01
181,1,1998,181,19996,7.8,22.1,1.298,3.6,9,0.426430969,4.400072314,0,150,2026-04-28T16:35:19Z,1998-01-01
182,1,1998,182,19996,7.8,22.1,1.298,3.6,9,0.426430969,4.400072314,0,150,2026-04-28T16:35:19Z,1998-01-01
183,1,1998,183,19996,7.8,22.1,1.298,3.6,9,0.426430969,4.400072314,0,150,2026-04-28T16:35:19Z,1998-01-01
184,1,1998,184,19996,7.8,22.1,1.298,3.6,9,0.426430969,4.400072314,0,150,2026-04-28T16:35:19Z,1998-01-01
185,1,1998,185,19996,7.8,22.1,1.298,3.6,9,0.426430969,4.400072314,0,150,2026-04-28T16:35:19Z,1998-01-01
186,1,1998,186,19996,7.8,22.1,1.298,3.6,9,0.426430969,4.400072314,0,150,2026-04-28T16:35:19Z,1998-01-01
187,1,1998,187,19996,7.8,22.1,1.298,3.6,9,0.426430969,4.400072314,0,150,2026-04-28T16:35:19Z,1998-01-01
188,1,1998,188,19996,7.8,22.1,1.298,3.6,9,0.426430969,4.400072314,0,150,2026-04-28T16:35:19Z,1998-01-01
189,1,1998,189,19996,7.8,22.1,1.298,3.6,9,0.426430969,4.400072314,0,150,2026-04-28T16:35:19Z,1998-01-01
190,1,1998,190,19996,7.8,22.1,1.298,3.6,9,0.426430969,4.400072314,0,150,2026-04-28T16:35:19Z,1998-01-01
191,1,1998,191,19996,7.8,22.1,1.298,3.6,9,0.426430969,4.400072314,0,150,2026-04-28T16:35:19Z,1998-01-01
192,1,1998,192,19996,7.8,22.1,1.298,3.6,9,0.426430969,4.400072314,0,150,2026-04-28T16:35:19Z,1998-01-01
193,1,1998,193,19996,7.8,22.1,1.298,3.6,9,0.426430969,4.400072314,0,150,2026-04-28T16:35:19Z,1998-01-01
194,1,1998,194,19996,7.8,22.1,1.298,3.6,9,0.426430969,4.400072314,0,150,2026-04-28T16:35:19Z,1998-01-01
195,1,1998,195,19996,7.8,22.1,1.298,3.6,9,0.426430969,4.400072314,0,150,2026-04-28T16:35:19Z,1998-01-01
196,1,1998,196,19996,7.8,22.1,1.298,3.6,9,0.426430969,4.400072314,0,150,2026-04-28T16:35:19Z,1998-01-01
197,1,1998,197,19996,7.8,22.1,1.298,3.6,9,0.426430969,4.400072314,0,150,2026-04-28T16:35:19Z,1998-01-01
198,1,1998,198,19996,7.8,22.1,1.298,3.6,9,0.426430969,4.400072314,0,150,2026-04-28T16:35:19Z,1998-01-01
199,1,1998,199,19996,7.8,22.1,1.298,3.6,9,0.426430969,4.400072314,0,150,2026-04-28T16:35:19Z,1998-01-01
200,1,1998,200,19996,7.8,22.1,1.298,3.6,9,0.426430969,4.400072314,0,150,2026-04-28T16:35:19Z,1998-01-01
201,1,1998,201,19996,7.8,22.1,1.298,3.6,9,0.426430969,4.400072314,0,150,2026-04-28T16:35:19Z,1998-01-01
202,1,1998,202,19996,7.8,22.1,1.298,3.6,9,0.426430969,4.400072314,0,150,2026-04-28T16:35:19Z,1998-01-01
203,1,1998,203,19996,7.8,22.1,1.298,3.6,9,0.426430969,4.400072314,0,150,2026-04-28T16:35:19Z,1998-01-01
204,1,1998,204,19996,7.8,22.1,1.298,3.6,9,0.426430969,4.400072314,0,150,2026-04-28T16:35:19Z,1998-01-01
205,1,1998,205,19996,7.8,22.1,1.298,3.6,9,0.426430969,4.400072314,0,150,2026-04-28T16:35:19Z,1998-01-01
206,1,1998,206,19996,7.8,22.1,1.298,3.6,9,0.426430969,4.400072314,0,150,2026-04-28T16:35:19Z,1998-01-01
207,1,1998,207,19996,7.8,22.1,1.298,3.6,9,0.426430969,4.400072314,0,150,2026-04-28T16:35:19Z,1998-01-01
208,1,1998,208,19996,7.8,22.1,1.298,3.6,9,0.426430969,4.400072314,0,150,2026-04-28T16:35:19Z,1998-01-01
209,1,1998,209,19996,7.8,22.1,1.298,3.6,9,0.426430969,4.400072314,0,150,2026-04-28T16:35:19Z,1998-01-01
210,1,1998,210,19996,7.8,22.1,1.298,3.6,9,0.426430969,4.400072314,0,150,2026-04-28T16:35:19Z,1998-01-01
211,1,1998,211,19996,7.8,22.1,1.298,3.6,9,0.426430969,4.400072314,0,150,2026-04-28T16:35:19Z,1998-01-01
212,1,1998,212,19996,7.8,22.1,1.298,3.6,9,0.426430969,4.400072314,0,150,2026-04-28T16:35:19Z,1998-01-01
213,1,1998,213,19996,7.8,22.1,1.298,3.6,9,0.426430969,4.400072314,0,150,2026-04-28T16:35:19Z,1998-01-01
214,1,1998,214,19996,7.8,22.1,1.298,3.6,9,0.426430969,4.400072314,0,150,2026-04-28T16:35:19Z,1998-01-01
215,1,1998,215,19996,7.8,22.1,1.298,3.6,9,0.426430969,4.400072314,0,150,2026-04-28T16:35:19Z,1998-01-01
216,1,1998,216,19996,7.8,22.1,1.298,3.6,9,0.426430969,4.400072314,0,150,2026-04-28T16:35:19Z,1998-01-01
217,1,1998,217,19996,7.8,22.1,1.298,3.6,9,0.426430969,4.400072314,0,150,2026-04-28T16:35:19Z,1998-01-01
218,1,1998,218,19996,7.8,22.1,1.298,3.6,9,0.426430969,4.400072314,0,150,2026-04-28T16:35:19Z,1998-01-01
219,1,1998,219,19996,7.8,22.1,1.298,3.6,9,0.426430969,4.400072314,0,150,2026-04-28T16:35:19Z,1998-01-01
220,1,1998,220,19996,7.8,22.1,1.298,3.6,9,0.426430969,4.400072314,0,150,2026-04-28T16:35:19Z,1998-01-01
221,1,1998,221,19996,7.8,22.1,1.298,3.6,9,0.426430969,4.400072314,0,150,2026-04-28T16:35:19Z,1998-01-01
222,1,1998,222,19996,7.8,22.1,1.298,3.6,9,0.426430969,4.400072314,0,150,2026-04-28T16:35:19Z,1998-01-01
223,1,1998,223,19996,7.8,22.1,1.298,3.6,9,0.426430969,4.400072314,0,150,2026-04-28T16:35:19Z,1998-01-01
224,1,1998,224,19996,7.8,22.1,1.298,3.6,9,0.426430969,4.400072314,0,150,2026-04-28T16:35:19Z,1998-01-01
225,1,1998,225,19996,7.8,22.1,1.298,3.6,9,0.426430969,4.400072314,0,150,2026-04-28T16:35:19Z,1998-01-01
226,1,1998,226,19996,7.8,22.1,1.298,3.6,9,0.426430969,4.400072314,0,150,2026-04-28T16:35:19Z,1998-01-01
227,1,1998,227,19996,7.8,22.1,1.298,3.6,9,0.426430969,4.400072314,0,150,2026-04-28T16:35:19Z,1998-01-01
228,1,1998,228,19996,7.8,22.1,1.298,3.6,9,0.426430969,4.400072314,0,150,2026-04-28T16:35:19Z,1998-01-01
229,1,1998,229,19996,7.8,22.1,1.298,3.6,9,0.426430969,4.400072314,0,150,2026-04-28T16:35:19Z,1998-01-01
230,1,1998,230,19996,7.8,22.1,1.298,3.6,9,0.426430969,4.400072314,0,150,2026-04-28T16:35:19Z,1998-01-01
231,1,1998,231,19996,7.8,22.1,1.298,3.6,9,0.426430969,4.400072314,0,150,2026-04-28T16:35:19Z,1998-01-01
232,1,1998,232,19996,7.8,22.1,1.298,3.6,9,0.426430969,4.400072314,0,150,2026-04-28T16:35:19Z,1998-01-01
233,1,1998,233,19996,7.8,22.1,1.298,3.6,9,0.426430969,4.400072314,0,150,2026-04-28T16:35:19Z,1998-01-01
234,1,1998,234,19996,7.8,22.1,1.298,3.6,9,0.426430969,4.400072314,0,150,2026-04-28T16:35:19Z,1998-01-01
235,1,1998,235,19996,7.8,22.1,1.298,3.6,9,0.426430969,4.400072314,0,150,2026-04-28T16:35:19Z,1998-01-01
236,1,1998,236,19996,7.8,22.1,1.298,3.6,9,0.426430969,4.400072314,0,150,2026-04-28T16:35:19Z,1998-01-01
237,1,1998,237,19996,7.8,22.1,1.298,3.6,9,0.426430969,4.400072314,0,150,2026-04-28T16:35:19Z,1998-01-01
238,1,1998,238,19996,7.8,22.1,1.298,3.6,9,0.426430969,4.400072314,0,150,2026-04-28T16:35:19Z,1998-01-01
239,1,1998,239,19996,7.8,22.1,1.298,3.6,9,0.426430969,4.400072314,0,150,2026-04-28T16:35:19Z,1998-01-01
240,1,1998,240,19996,7.8,22.1,1.298,3.6,9,0.426430969,4.400072314,0,150,2026-04-28T16:35:19Z,1998-01-01
241,1,1998,241,19996,7.8,22.1,1.298,3.6,9,0.426430969,4.400072314,0,150,2026-04-28T16:35:19Z,1998-01-01
242,1,1998,242,19996,7.8,22.1,1.298,3.6,9,0.426430969,4.400072314,0,150,2026-04-28T16:35:19Z,1998-01-01
243,1,1998,243,19996,7.8,22.1,1.298,3.6,9,0.426430969,4.400072314,0,150,2026-04-28T16:35:19Z,1998-01-01
244,1,1998,244,19996,7.8,22.1,1.298,3.6,9,0.426430969,4.400072314,0,150,2026-04-28T16:35:19Z,1998-01-01
245,1,1998,245,19996,7.8,22.1,1.298,3.6,9,0.426430969,4.400072314,0,150,2026-04-28T16:35:19Z,1998-01-01
246,1,1998,246,19996,7.8,22.1,1.298,3.6,9,0.426430969,4.400072314,0,150,2026-04-28T16:35:19Z,1998-01-01
247,1,1998,247,19996,7.8,22.1,1.298,3.6,9,0.426430969,4.400072314,0,150,2026-04-28T16:35:19Z,1998-01-01
248,1,1998,248,19996,7.8,22.1,1.298,3.6,9,0.426430969,4.400072314,0,150,2026-04-28T16:35:19Z,1998-01-01
249,1,1998,249,19996,7.8,22.1,1.298,3.6,9,0.426430969,4.400072314,0,150,2026-04-28T16:35:19Z,1998-01-01
250,1,1998,250,19996,7.8,22.1,1.298,3.6,9,0.426430969,4.400072314,0,150,2026-04-28T16:35:19Z,1998-01-01
251,1,1998,251,19996,7.8,22.1,1.298,3.6,9,0.426430969,4.400072314,0,150,2026-04-28T16:35:19Z,1998-01-01
252,1,1998,252,19996,7.8,22.1,1.298,3.6,9,0.426430969,4.400072314,0,150,2026-04-28T16:35:19Z,1998-01-01
253,1,1998,253,19996,7.8,22.1,1.298,3.6,9,0.426430969,4.400072314,0,150,2026-04-28T16:35:19Z,1998-01-01
254,1,1998,254,19996,7.8,22.1,1.298,3.6,9,0.426430969,4.400072314,0,150,2026-04-28T16:35:19Z,1998-01-01
255,1,1998,255,19996,7.8,22.1,1.298,3.6,9,0.426430969,4.400072314,0,150,2026-04-28T16:35:19Z,1998-01-01
256,1,1998,256,19996,7.8,22.1,1.298,3.6,9,0.426430969,4.400072314,0,150,2026-04-28T16:35:19Z,1998-01-01
257,1,1998,257,19996,7.8,22.1,1.298,3.6,9,0.426430969,4.400072314,0,150,2026-04-28T16:35:19Z,1998-01-01
258,1,1998,258,19996,7.8,22.1,1.298,3.6,9,0.426430969,4.400072314,0,150,2026-04-28T16:35:19Z,1998-01-01
259,1,1998,259,19996,7.8,22.1,1.298,3.6,9,0.426430969,4.400072314,0,150,2026-04-28T16:35:19Z,1998-01-01
260,1,1998,260,19996,7.8,22.1,1.298,3.6,9,0.426430969,4.400072314,0,150,2026-04-28T16:35:19Z,1998-01-01
261,1,1998,261,19996,7.8,22.1,1.298,3.6,9,0.426430969,4.400072314,0,150,2026-04-28T16:35:19Z,1998-01-01
262,1,1998,262,19996,7.8,22.1,1.298,3.6,9,0.426430969,4.400072314,0,150,2026-04-28T16:35:19Z,1998-01-01
263,1,1998,263,19996,7.8,22.1,1.298,3.6,9,0.426430969,4.400072314,0,150,2026-04-28T16:35:19Z,1998-01-01
264,1,1998,264,19996,7.8,22.1,1.298,3.6,9,0.426430969,4.400072314,0,150,2026-04-28T16:35:19Z,1998-01-01
265,1,1998,265,19996,7.8,22.1,1.298,3.6,9,0.426430969,4.400072314,0,150,2026-04-28T16:35:19Z,1998-01-01
266,1,1998,266,19996,7.8,22.1,1.298,3.6,9,0.426430969,4.400072314,0,150,2026-04-28T16:35:19Z,1998-01-01
267,1,1998,267,19996,7.8,22.1,1.298,3.6,9,0.426430969,4.400072314,0,150,2026-04-28T16:35:19Z,1998-01-01
268,1,1998,268,19996,7.8,22.1,1.298,3.6,9,0.426430969,4.400072314,0,150,2026-04-28T16:35:19Z,1998-01-01
269,1,1998,269,19996,7.8,22.1,1.298,3.6,9,0.426430969,4.400072314,0,150,2026-04-28T16:35:19Z,1998-01-01
270,1,1998,270,19996,7.8,22.1,1.298,3.6,9,0.426430969,4.400072314,0,150,2026-04-28T16:35:19Z,1998-01-01
271,1,1998,271,19996,7.8,22.1,1.298,3.6,9,0.426430969,4.400072314,0,150,2026-04-28T16:35:19Z,1998-01-01
272,1,1998,272,19996,7.8,22.1,1.298,3.6,9,0.426430969,4.400072314,0,150,2026-04-28T16:35:19Z,1998-01-01
273,1,1998,273,19996,7.8,22.1,1.298,3.6,9,0.426430969,4.400072314,0,150,2026-04-28T16:35:19Z,1998-01-01
274,1,1998,274,19996,7.8,22.1,1.298,3.6,9,0.426430969,4.400072314,0,150,2026-04-28T16:35:19Z,1998-01-01
275,1,1998,275,19996,7.8,22.1,1.298,3.6,9,0.426430969,4.400072314,0,150,2026-04-28T16:35:19Z,1998-01-01
276,1,1998,276,19996,7.8,22.1,1.298,3.6,9,0.426430969,4.400072314,0,150,2026-04-28T16:35:19Z,1998-01-01
277,1,1998,277,19996,7.8,22.1,1.298,3.6,9,0.426430969,4.400072314,0,150,2026-04-28T16:35:19Z,1998-01-01
278,1,1998,278,19996,7.8,22.1,1.298,3.6,9,0.426430969,4.400072314,0,150,2026-04-28T16:35:19Z,1998-01-01
279,1,1998,279,19996,7.8,22.1,1.298,3.6,9,0.426430969,4.400072314,0,150,2026-04-28T16:35:19Z,1998-01-01
280,1,1998,280,19996,7.8,22.1,1.298,3.6,9,0.426430969,4.400072314,0,150,2026-04-28T16:35:19Z,1998-01-01
281,1,1998,281,19996,7.8,22.1,1.298,3.6,9,0.426430969,4.400072314,0,150,2026-04-28T16:35:19Z,1998-01-01
282,1,1998,282,19996,7.8,22.1,1.298,3.6,9,0.426430969,4.400072314,0,150,2026-04-28T16:35:19Z,1998-01-01
283,1,1998,283,19996,7.8,22.1,1.298,3.6,9,0.426430969,4.400072314,0,150,2026-04-28T16:35:19Z,1998-01-01
284,1,1998,284,19996,7.8,22.1,1.298,3.6,9,0.426430969,4.400072314,0,150,2026-04-28T16:35:19Z,1998-01-01
285,1,1998,285,19996,7.8,22.1,1.298,3.6,9,0.426430969,4.400072314,0,150,2026-04-28T16:35:19Z,1998-01-01
286,1,1998,286,19996,7.8,22.1,1.298,3.6,9,0.426430969,4.400072314,0,150,2026-04-28T16:35:19Z,1998-01-01
287,1,1998,287,19996,7.8,22.1,1.298,3.6,9,0.426430969,4.400072314,0,150,2026-04-28T16:35:19Z,1998-01-01
288,1,1998,288,19996,7.8,22.1,1.298,3.6,9,0.426430969,4.400072314,0,150,2026-04-28T16:35:19Z,1998-01-01
289,1,1998,289,19996,7.8,22.1,1.298,3.6,9,0.426430969,4.400072314,0,150,2026-04-28T16:35:19Z,1998-01-01
290,1,1998,290,19996,7.8,22.1,1.298,3.6,9,0.426430969,4.400072314,0,150,2026-04-28T16:35:19Z,1998-01-01
291,1,1998,291,19996,7.8,22.1,1.298,3.6,9,0.426430969,4.400072314,0,150,2026-04-28T16:35:19Z,1998-01-01
292,1,1998,292,19996,7.8,22.1,1.298,3.6,9,0.426430969,4.400072314,0,150,2026-04-28T16:35:19Z,1998-01-01
293,1,1998,293,19996,7.8,22.1,1.298,3.6,9,0.426430969,4.400072314,0,150,2026-04-28T16:35:19Z,1998-01-01
294,1,1998,294,19996,7.8,22.1,1.298,3.6,9,0.426430969,4.400072314,0,150,2026-04-28T16:35:19Z,1998-01-01
295,1,1998,295,19996,7.8,22.1,1.298,3.6,9,0.426430969,4.400072314,0,150,2026-04-28T16:35:19Z,1998-01-01
296,1,1998,296,19996,7.8,22.1,1.298,3.6,9,0.426430969,4.400072314,0,150,2026-04-28T16:35:19Z,1998-01-01
297,1,1998,297,19996,7.8,22.1,1.298,3.6,9,0.426430969,4.400072314,0,150,2026-04-28T16:35:19Z,1998-01-01
298,1,1998,298,19996,7.8,22.1,1.298,3.6,9,0.426430969,4.400072314,0,150,2026-04-28T16:35:19Z,1998-01-01
299,1,1998,299,19996,7.8,22.1,1.298,3.6,9,0.426430969,4.400072314,0,150,2026-04-28T16:35:19Z,1998-01-01
300,1,1998,300,19996,7.8,22.1,1.298,3.6,9,0.426430969,4.400072314,0,150,2026-04-28T16:35:19Z,1998-01-01
301,1,1998,301,19996,7.8,22.1,1.298,3.6,9,0.426430969,4.400072314,0,150,2026-04-28T16:35:19Z,1998-01-01
302,1,1998,302,19996,7.8,22.1,1.298,3.6,9,0.426430969,4.400072314,0,150,2026-04-28T16:35:19Z,1998-01-01
303,1,1998,303,19996,7.8,22.1,1.298,3.6,9,0.426430969,4.400072314,0,150,2026-04-28T16:35:19Z,1998-01-01
304,1,1998,304,19996,7.8,22.1,1.298,3.6,9,0.426430969,4.400072314,0,150,2026-04-28T16:35:19Z,1998-01-01
305,1,1998,305,19996,7.8,22.1,1.298,3.6,9,0.426430969,4.400072314,0,150,2026-04-28T16:35:19Z,1998-01-01
306,1,1998,306,19996,7.8,22.1,1.298,3.6,9,0.426430969,4.400072314,0,150,2026-04-28T16:35:19Z,1998-01-01
307,1,1998,307,19996,7.8,22.1,1.298,3.6,9,0.426430969,4.400072314,0,150,2026-04-28T16:35:19Z,1998-01-01
308,1,1998,308,19996,7.8,22.1,1.298,3.6,9,0.426430969,4.400072314,0,150,2026-04-28T16:35:19Z,1998-01-01
309,1,1998,309,19996,7.8,22.1,1.298,3.6,9,0.426430969,4.400072314,0,150,2026-04-28T16:35:19Z,1998-01-01
310,1,1998,310,19996,7.8,22.1,1.298,3.6,9,0.426430969,4.400072314,0,150,2026-04-28T16:35:19Z,1998-01-01
311,1,1998,311,19996,7.8,22.1,1.298,3.6,9,0.426430969,4.400072314,0,150,2026-04-28T16:35:19Z,1998-01-01
312,1,1998,312,19996,7.8,22.1,1.298,3.6,9,0.426430969,4.400072314,0,150,2026-04-28T16:35:19Z,1998-01-01
313,1,1998,313,19996,7.8,22.1,1.298,3.6,9,0.426430969,4.400072314,0,150,2026-04-28T16:35:19Z,1998-01-01
314,1,1998,314,19996,7.8,22.1,1.298,3.6,9,0.426430969,4.400072314,0,150,2026-04-28T16:35:19Z,1998-01-01
315,1,1998,315,19996,7.8,22.1,1.298,3.6,9,0.426430969,4.400072314,0,150,2026-04-28T16:35:19Z,1998-01-01
316,1,1998,316,19996,7.8,22.1,1.298,3.6,9,0.426430969,4.400072314,0,150,2026-04-28T16:35:19Z,1998-01-01
317,1,1998,317,19996,7.8,22.1,1.298,3.6,9,0.426430969,4.400072314,0,150,2026-04-28T16:35:19Z,1998-01-01
318,1,1998,318,19996,7.8,22.1,1.298,3.6,9,0.426430969,4.400072314,0,150,2026-04-28T16:35:19Z,1998-01-01
319,1,1998,319,19996,7.8,22.1,1.298,3.6,9,0.426430969,4.400072314,0,150,2026-04-28T16:35:19Z,1998-01-01
320,1,1998,320,19996,7.8,22.1,1.298,3.6,9,0.426430969,4.400072314,0,150,2026-04-28T16:35:19Z,1998-01-01
321,1,1998,321,19996,7.8,22.1,1.298,3.6,9,0.426430969,4.400072314,0,150,2026-04-28T16:35:19Z,1998-01-01
322,1,1998,322,19996,7.8,22.1,1.298,3.6,9,0.426430969,4.400072314,0,150,2026-04-28T16:35:19Z,1998-01-01
323,1,1998,323,19996,7.8,22.1,1.298,3.6,9,0.426430969,4.400072314,0,150,2026-04-28T16:35:19Z,1998-01-01
324,1,1998,324,19996,7.8,22.1,1.298,3.6,9,0.426430969,4.400072314,0,150,2026-04-28T16:35:19Z,1998-01-01
325,1,1998,325,19996,7.8,22.1,1.298,3.6,9,0.426430969,4.400072314,0,150,2026-04-28T16:35:19Z,1998-01-01
326,1,1998,326,19996,7.8,22.1,1.298,3.6,9,0.426430969,4.400072314,0,150,2026-04-28T16:35:19Z,1998-01-01
327,1,1998,327,19996,7.8,22.1,1.298,3.6,9,0.426430969,4.400072314,0,150,2026-04-28T16:35:19Z,1998-01-01
328,1,1998,328,19996,7.8,22.1,1.298,3.6,9,0.426430969,4.400072314,0,150,2026-04-28T16:35:19Z,1998-01-01
329,1,1998,329,19996,7.8,22.1,1.298,3.6,9,0.426430969,4.400072314,0,150,2026-04-28T16:35:19Z,1998-01-01
330,1,1998,330,19996,7.8,22.1,1.298,3.6,9,0.426430969,4.400072314,0,150,2026-04-28T16:35:19Z,1998-01-01
331,1,1998,331,19996,7.8,22.1,1.298,3.6,9,0.426430969,4.400072314,0,150,2026-04-28T16:35:19Z,1998-01-01
332,1,1998,332,19996,7.8,22.1,1.298,3.6,9,0.426430969,4.400072314,0,150,2026-04-28T16:35:19Z,1998-01-01
333,1,1998,333,19996,7.8,22.1,1.298,3.6,9,0.426430969,4.400072314,0,150,2026-04-28T16:35:19Z,1998-01-01
334,1,1998,334,19996,7.8,22.1,1.298,3.6,9,0.426430969,4.400072314,0,150,2026-04-28T16:35:19Z,1998-01-01
335,1,1998,335,19996,7.8,22.1,1.298,3.6,9,0.426430969,4.400072314,0,150,2026-04-28T16:35:19Z,1998-01-01
336,1,1998,336,19996,7.8,22.1,1.298,3.6,9,0.426430969,4.400072314,0,150,2026-04-28T16:35:19Z,1998-01-01
337,1,1998,337,19996,7.8,22.1,1.298,3.6,9,0.426430969,4.400072314,0,150,2026-04-28T16:35:19Z,1998-01-01
338,1,1998,338,19996,7.8,22.1,1.298,3.6,9,0.426430969,4.400072314,0,150,2026-04-28T16:35:19Z,1998-01-01
339,1,1998,339,19996,7.8,22.1,1.298,3.6,9,0.426430969,4.400072314,0,150,2026-04-28T16:35:19Z,1998-01-01
340,1,1998,340,19996,7.8,22.1,1.298,3.6,9,0.426430969,4.400072314,0,150,2026-04-28T16:35:19Z,1998-01-01
341,1,1998,341,19996,7.8,22.1,1.298,3.6,9,0.426430969,4.400072314,0,150,2026-04-28T16:35:19Z,1998-01-01
342,1,1998,342,19996,7.8,22.1,1.298,3.6,9,0.426430969,4.400072314,0,150,2026-04-28T16:35:19Z,1998-01-01
343,1,1998,343,19996,7.8,22.1,1.298,3.6,9,0.426430969,4.400072314,0,150,2026-04-28T16:35:19Z,1998-01-01
344,1,1998,344,19996,7.8,22.1,1.298,3.6,9,0.426430969,4.400072314,0,150,2026-04-28T16:35:19Z,1998-01-01
345,1,1998,345,19996,7.8,22.1,1.298,3.6,9,0.426430969,4.400072314,0,150,2026-04-28T16:35:19Z,1998-01-01
346,1,1998,346,19996,7.8,22.1,1.298,3.6,9,0.426430969,4.400072314,0,150,2026-04-28T16:35:19Z,1998-01-01
347,1,1998,347,19996,7.8,22.1,1.298,3.6,9,0.426430969,4.400072314,0,150,2026-04-28T16:35:19Z,1998-01-01
348,1,1998,348,19996,7.8,22.1,1.298,3.6,9,0.426430969,4.400072314,0,150,2026-04-28T16:35:19Z,1998-01-01
349,1,1998,349,19996,7.8,22.1,1.298,3.6,9,0.426430969,4.400072314,0,150,2026-04-28T16:35:19Z,1998-01-01
350,1,1998,350,19996,7.8,22.1,1.298,3.6,9,0.426430969,4.400072314,0,150,2026-04-28T16:35:19Z,1998-01-01
351,1,1998,351,19996,7.8,22.1,1.298,3.6,9,0.426430969,4.400072314,0,150,2026-04-28T16:35:19Z,1998-01-01
352,1,1998,352,19996,7.8,22.1,1.298,3.6,9,0.426430969,4.400072314,0,150,2026-04-28T16:35:19Z,1998-01-01
353,1,1998,353,19996,7.8,22.1,1.298,3.6,9,0.426430969,4.400072314,0,150,2026-04-28T16:35:19Z,1998-01-01
354,1,1998,354,19996,7.8,22.1,1.298,3.6,9,0.426430969,4.400072314,0,150,2026-04-28T16:35:19Z,1998-01-01
355,1,1998,355,19996,7.8,22.1,1.298,3.6,9,0.426430969,4.400072314,0,150,2026-04-28T16:35:19Z,1998-01-01
356,1,1998,356,19996,7.8,22.1,1.298,3.6,9,0.426430969,4.400072314,0,150,2026-04-28T16:35:19Z,1998-01-01
357,1,1998,357,19996,7.8,22.1,1.298,3.6,9,0.426430969,4.400072314,0,150,2026-04-28T16:35:19Z,1998-01-01
358,1,1998,358,19996,7.8,22.1,1.298,3.6,9,0.426430969,4.400072314,0,150,2026-04-28T16:35:19Z,1998-01-01
359,1,1998,359,19996,7.8,22.1,1.298,3.6,9,0.426430969,4.400072314,0,150,2026-04-28T16:35:19Z,1998-01-01
360,1,1998,360,19996,7.8,22.1,1.298,3.6,9,0.426430969,4.400072314,0,150,2026-04-28T16:35:19Z,1998-01-01
361,1,1998,361,19996,7.8,22.1,1.298,3.6,9,0.426430969,4.400072314,0,150,2026-04-28T16:35:19Z,1998-01-01
362,1,1998,362,19996,7.8,22.1,1.298,3.6,9,0.426430969,4.400072314,0,150,2026-04-28T16:35:19Z,1998-01-01
363,1,1998,363,19996,7.8,22.1,1.298,3.6,9,0.426430969,4.400072314,0,150,2026-04-28T16:35:19Z,1998-01-01
364,1,1998,364,19996,7.8,22.1,1.298,3.6,9,0.426430969,4.400072314,0,150,2026-04-28T16:35:19Z,1998-01-01
365,1,1998,365,19996,7.8,22.1,1.298,3.6,9,0.426430969,4.400072314,0,150,2026-04-28T16:35:19Z,1998-01-01
366,1,1999,366,19996,7.8,22.1,1.298,3.6,9,0.426430969,4.400072314,0,150,2026-04-28T16:35:19Z,1998-01-01
367,1,1999,367,19996,7.8,22.1,1.298,3.6,9,0.426430969,4.400072314,0,150,2026-04-28T16:35:19Z,1998-01-01
368,1,1999,368,19996,7.8,22.1,1.298,3.6,9,0.426430969,4.400072314,0,150,2026-04-28T16:35:19Z,1998-01-01
369,1,1999,369,19996,7.8,22.1,1.298,3.6,9,0.426430969,4.400072314,0,150,2026-04-28T16:35:19Z,1998-01-01
370,1,1999,370,19996,7.8,22.1,1.298,3.6,9,0.426430969,4.400072314,0,150,2026-04-28T16:35:19Z,1998-01-01
371,1,1999,371,19996,7.8,22.1,1.298,3.6,9,0.426430969,4.400072314,0,150,2026-04-28T16:35:19Z,1998-01-01
372,1,1999,372,19996,7.8,22.1,1.298,3.6,9,0.426430969,4.400072314,0,150,2026-04-28T16:35:19Z,1998-01-01
373,1,1999,373,19996,7.8,22.1,1.298,3.6,9,0.426430969,4.400072314,0,150,2026-04-28T16:35:19Z,1998-01-01
374,1,1999,374,19996,7.8,22.1,1.298,3.6,9,0.426430969,4.400072314,0,150,2026-04-28T16:35:19Z,1998-01-01
375,1,1999,375,19996,7.8,22.1,1.298,3.6,9,0.426430969,4.400072314,0,150,2026-04-28T16:35:19Z,1998-01-01
376,1,1999,376,19996,7.8,22.1,1.298,3.6,9,0.426430969,4.400072314,0,150,2026-04-28T16:35:19Z,1998-01-01
377,1,1999,377,19996,7.8,22.1,1.298,3.6,9,0.426430969,4.400072314,0,150,2026-04-28T16:35:19Z,1998-01-01
378,1,1999,378,19996,7.8,22.1,1.298,3.6,9,0.426430969,4.400072314,0,150,2026-04-28T16:35:19Z,1998-01-01
379,1,1999,379,19996,7.8,22.1,1.298,3.6,9,0.426430969,4.400072314,0,150,2026-04-28T16:35:19Z,1998-01-01
380,1,1999,380,19996,7.8,22.1,1.298,3.6,9,0.426430969,4.400072314,0,150,2026-04-28T16:35:19Z,1998-01-01
381,1,1999,381,19996,7.8,22.1,1.298,3.6,9,0.426430969,4.400072314,0,150,2026-04-28T16:35:19Z,1998-01-01
382,1,1999,382,19996,7.8,22.1,1.298,3.6,9,0.426430969,4.400072314,0,150,2026-04-28T16:35:19Z,1998-01-01
383,1,1999,383,19996,7.8,22.1,1.298,3.6,9,0.426430969,4.400072314,0,150,2026-04-28T16:35:19Z,1998-01-01
384,1,1999,384,19996,7.8,22.1,1.298,3.6,9,0.426430969,4.400072314,0,150,2026-04-28T16:35:19Z,1998-01-01
385,1,1999,385,19996,7.8,22.1,1.298,3.6,9,0.426430969,4.400072314,0,150,2026-04-28T16:35:19Z,1998-01-01
386,1,1999,386,19996,7.8,22.1,1.298,3.6,9,0.426430969,4.400072314,0,150,2026-04-28T16:35:19Z,1998-01-01
387,1,1999,387,19996,7.8,22.1,1.298,3.6,9,0.426430969,4.400072314,0,150,2026-04-28T16:35:19Z,1998-01-01
388,1,1999,388,19996,7.8,22.1,1.298,3.6,9,0.426430969,4.400072314,0,150,2026-04-28T16:35:19Z,1998-01-01
389,1,1999,389,19996,7.8,22.1,1.298,3.6,9,0.426430969,4.400072314,0,150,2026-04-28T16:35:19Z,1998-01-01
390,1,1999,390,19996,7.8,22.1,1.298,3.6,9,0.426430969,4.400072314,0,150,2026-04-28T16:35:19Z,1998-01-01
391,1,1999,391,19996,7.8,22.1,1.298,3.6,9,0.426430969,4.400072314,0,150,2026-04-28T16:35:19Z,1998-01-01
392,1,1999,392,19996,7.8,22.1,1.298,3.6,9,0.426430969,4.400072314,0,150,2026-04-28T16:35:19Z,1998-01-01
393,1,1999,393,19996,7.8,22.1,1.298,3.6,9,0.426430969,4.400072314,0,150,2026-04-28T16:35:19Z,1998-01-01
394,1,1999,394,19996,7.8,22.1,1.298,3.6,9,0.426430969,4.400072314,0,150,2026-04-28T16:35:19Z,1998-01-01
395,1,1999,395,19996,7.8,22.1,1.298,3.6,9,0.426430969,4.400072314,0,150,2026-04-28T16:35:19Z,1998-01-01
396,1,1999,396,19996,7.8,22.1,1.298,3.6,9,0.426430969,4.400072314,0,150,2026-04-28T16:35:19Z,1998-01-01
397,1,1999,397,19996,7.8,22.1,1.298,3.6,9,0.426430969,4.400072314,0,150,2026-04-28T16:35:19Z,1998-01-01
398,1,1999,398,19996,7.8,22.1,1.298,3.6,9,0.426430969,4.400072314,0,150,2026-04-28T16:35:19Z,1998-01-01
399,1,1999,399,19996,7.8,22.1,1.298,3.6,9,0.426430969,4.400072314,0,150,2026-04-28T16:35:19Z,1998-01-01
400,1,1999,400,19996,7.8,22.1,1.298,3.6,9,0.426430969,4.400072314,0,150,2026-04-28T16:35:19Z,1998-01-01
401,1,1999,401,19996,7.8,22.1,1.298,3.6,9,0.426430969,4.400072314,0,150,2026-04-28T16:35:19Z,1998-01-01
402,1,1999,402,19996,7.8,22.1,1.298,3.6,9,0.426430969,4.400072314,0,150,2026-04-28T16:35:19Z,1998-01-01
403,1,1999,403,19996,7.8,22.1,1.298,3.6,9,0.426430969,4.400072314,0,150,2026-04-28T16:35:19Z,1998-01-01
404,1,1999,404,19996,7.8,22.1,1.298,3.6,9,0.426430969,4.400072314,0,150,2026-04-28T16:35:19Z,1998-01-01
405,1,1999,405,19996,7.8,22.1,1.298,3.6,9,0.426430969,4.400072314,0,150,2026-04-28T16:35:19Z,1998-01-01
406,1,1999,406,19996,7.8,22.1,1.298,3.6,9,0.426430969,4.400072314,0,150,2026-04-28T16:35:19Z,1998-01-01
407,1,1999,407,19996,7.8,22.1,1.298,3.6,9,0.426430969,4.400072314,0,150,2026-04-28T16:35:19Z,1998-01-01
408,1,1999,408,19996,7.8,22.1,1.298,3.6,9,0.426430969,4.400072314,0,150,2026-04-28T16:35:19Z,1998-01-01
409,1,1999,409,19996,7.8,22.1,1.298,3.6,9,0.426430969,4.400072314,0,150,2026-04-28T16:35:19Z,1998-01-01
410,1,1999,410,19996,7.8,22.1,1.298,3.6,9,0.426430969,4.400072314,0,150,2026-04-28T16:35:19Z,1998-01-01
411,1,1999,411,19996,7.8,22.1,1.298,3.6,9,0.426430969,4.400072314,0,150,2026-04-28T16:35:19Z,1998-01-01
412,1,1999,412,19996,7.8,22.1,1.298,3.6,9,0.426430969,4.400072314,0,150,2026-04-28T16:35:19Z,1998-01-01
413,1,1999,413,19996,7.8,22.1,1.298,3.6,9,0.426430969,4.400072314,0,150,2026-04-28T16:35:19Z,1998-01-01
414,1,1999,414,19996,7.8,22.1,1.298,3.6,9,0.426430969,4.400072314,0,150,2026-04-28T16:35:19Z,1998-01-01
415,1,1999,415,19996,7.8,22.1,1.298,3.6,9,0.426430969,4.400072314,0,150,2026-04-28T16:35:19Z,1998-01-01
416,1,1999,416,19996,7.8,22.1,1.298,3.6,9,0.426430969,4.400072314,0,150,2026-04-28T16:35:19Z,1998-01-01
417,1,1999,417,19996,7.8,22.1,1.298,3.6,9,0.426430969,4.400072314,0,150,2026-04-28T16:35:19Z,1998-01-01
418,1,1999,418,19996,7.8,22.1,1.298,3.6,9,0.426430969,4.400072314,0,150,2026-04-28T16:35:19Z,1998-01-01
419,1,1999,419,19996,7.8,22.1,1.298,3.6,9,0.426430969,4.400072314,0,150,2026-04-28T16:35:19Z,1998-01-01
420,1,1999,420,19996,7.8,22.1,1.298,3.6,9,0.426430969,4.400072314,0,150,2026-04-28T16:35:19Z,1998-01-01
421,1,1999,421,19996,7.8,22.1,1.298,3.6,9,0.426430969,4.400072314,0,150,2026-04-28T16:35:19Z,1998-01-01
422,1,1999,422,19996,7.8,22.1,1.298,3.6,9,0.426430969,4.400072314,0,150,2026-04-28T16:35:19Z,1998-01-01
423,1,1999,423,19996,7.8,22.1,1.298,3.6,9,0.426430969,4.400072314,0,150,2026-04-28T16:35:19Z,1998-01-01
424,1,1999,424,19996,7.8,22.1,1.298,3.6,9,0.426430969,4.400072314,0,150,2026-04-28T16:35:19Z,1998-01-01
425,1,1999,425,19996,7.8,22.1,1.298,3.6,9,0.426430969,4.400072314,0,150,2026-04-28T16:35:19Z,1998-01-01
426,1,1999,426,19996,7.8,22.1,1.298,3.6,9,0.426430969,4.400072314,0,150,2026-04-28T16:35:19Z,1998-01-01
427,1,1999,427,19996,7.8,22.1,1.298,3.6,9,0.426430969,4.400072314,0,150,2026-04-28T16:35:19Z,1998-01-01
428,1,1999,428,19996,7.8,22.1,1.298,3.6,9,0.426430969,4.400072314,0,150,2026-04-28T16:35:19Z,1998-01-01
429,1,1999,429,19996,7.8,22.1,1.298,3.6,9,0.426430969,4.400072314,0,150,2026-04-28T16:35:19Z,1998-01-01
430,1,1999,430,19996,7.8,22.1,1.298,3.6,9,0.426430969,4.400072314,0,150,2026-04-28T16:35:19Z,1998-01-01
431,1,1999,431,19996,7.8,22.1,1.298,3.6,9,0.426430969,4.400072314,0,150,2026-04-28T16:35:19Z,1998-01-01
432,1,1999,432,19996,7.8,22.1,1.298,3.6,9,0.426430969,4.400072314,0,150,2026-04-28T16:35:19Z,1998-01-01
433,1,1999,433,19996,7.8,22.1,1.298,3.6,9,0.426430969,4.400072314,0,150,2026-04-28T16:35:19Z,1998-01-01
434,1,1999,434,19996,7.8,22.1,1.298,3.6,9,0.426430969,4.400072314,0,150,2026-04-28T16:35:19Z,1998-01-01
435,1,1999,435,19996,7.8,22.1,1.298,3.6,9,0.426430969,4.400072314,0,150,2026-04-28T16:35:19Z,1998-01-01
436,1,1999,436,19996,7.8,22.1,1.298,3.6,9,0.426430969,4.400072314,0,150,2026-04-28T16:35:19Z,1998-01-01
437,1,1999,437,19996,7.8,22.1,1.298,3.6,9,0.426430969,4.400072314,0,150,2026-04-28T16:35:19Z,1998-01-01
438,1,1999,438,19996,7.8,22.1,1.298,3.6,9,0.426430969,4.400072314,0,150,2026-04-28T16:35:19Z,1998-01-01
439,1,1999,439,19996,7.8,22.1,1.298,3.6,9,0.426430969,4.400072314,0,150,2026-04-28T16:35:19Z,1998-01-01
440,1,1999,440,19996,7.8,22.1,1.298,3.6,9,0.426430969,4.400072314,0,150,2026-04-28T16:35:19Z,1998-01-01
441,1,1999,441,19996,7.8,22.1,1.298,3.6,9,0.426430969,4.400072314,0,150,2026-04-28T16:35:19Z,1998-01-01
442,1,1999,442,19996,7.8,22.1,1.298,3.6,9,0.426430969,4.400072314,0,150,2026-04-28T16:35:19Z,1998-01-01
443,1,1999,443,19996,7.8,22.1,1.298,3.6,9,0.426430969,4.400072314,0,150,2026-04-28T16:35:19Z,1998-01-01
444,1,1999,444,19996,7.8,22.1,1.298,3.6,9,0.426430969,4.400072314,0,150,2026-04-28T16:35:19Z,1998-01-01
445,1,1999,445,19996,7.8,22.1,1.298,3.6,9,0.426430969,4.400072314,0,150,2026-04-28T16:35:19Z,1998-01-01
446,1,1999,446,19996,7.8,22.1,1.298,3.6,9,0.426430969,4.400072314,0,150,2026-04-28T16:35:19Z,1998-01-01
447,1,1999,447,19996,7.8,22.1,1.298,3.6,9,0.426430969,4.400072314,0,150,2026-04-28T16:35:19Z,1998-01-01
448,1,1999,448,19996,7.8,22.1,1.298,3.6,9,0.426430969,4.400072314,0,150,2026-04-28T16:35:19Z,1998-01-01
449,1,1999,449,19996,7.8,22.1,1.298,3.6,9,0.426430969,4.400072314,0,150,2026-04-28T16:35:19Z,1998-01-01
450,1,1999,450,19996,7.8,22.1,1.298,3.6,9,0.426430969,4.400072314,0,150,2026-04-28T16:35:19Z,1998-01-01
451,1,1999,451,19996,7.8,22.1,1.298,3.6,9,0.426430969,4.400072314,0,150,2026-04-28T16:35:19Z,1998-01-01
452,1,1999,452,19996,7.8,22.1,1.298,3.6,9,0.426430969,4.400072314,0,150,2026-04-28T16:35:19Z,1998-01-01
453,1,1999,453,19996,7.8,22.1,1.298,3.6,9,0.426430969,4.400072314,0,150,2026-04-28T16:35:19Z,1998-01-01
454,1,1999,454,19996,7.8,22.1,1.298,3.6,9,0.426430969,4.400072314,0,150,2026-04-28T16:35:19Z,1998-01-01
455,1,1999,455,19996,7.8,22.1,1.298,3.6,9,0.426430969,4.400072314,0,150,2026-04-28T16:35:19Z,1998-01-01
456,1,1999,456,19996,7.8,22.1,1.298,3.6,9,0.426430969,4.400072314,0,150,2026-04-28T16:35:19Z,1998-01-01
457,1,1999,457,19996,7.8,22.1,1.298,3.6,9,0.426430969,4.400072314,0,150,2026-04-28T16:35:19Z,1998-01-01
458,1,1999,458,19996,7.8,22.1,1.298,3.6,9,0.426430969,4.400072314,0,150,2026-04-28T16:35:19Z,1998-01-01
459,1,1999,459,19996,7.8,22.1,1.298,3.6,9,0.426430969,4.400072314,0,150,2026-04-28T16:35:19Z,1998-01-01
460,1,1999,460,19996,7.8,22.1,1.298,3.6,9,0.426430969,4.400072314,0,150,2026-04-28T16:35:19Z,1998-01-01
461,1,1999,461,19996,7.8,22.1,1.298,3.6,9,0.426430969,4.400072314,0,150,2026-04-28T16:35:19Z,1998-01-01
462,1,1999,462,19996,7.8,22.1,1.298,3.6,9,0.426430969,4.400072314,0,150,2026-04-28T16:35:19Z,1998-01-01
463,1,1999,463,19996,7.8,22.1,1.298,3.6,9,0.426430969,4.400072314,0,150,2026-04-28T16:35:19Z,1998-01-01
464,1,1999,464,19996,7.8,22.1,1.298,3.6,9,0.426430969,4.400072314,0,150,2026-04-28T16:35:19Z,1998-01-01
465,1,1999,465,19996,7.8,22.1,1.298,3.6,9,0.426430969,4.400072314,0,150,2026-04-28T16:35:19Z,1998-01-01
466,1,1999,466,19996,7.8,22.1,1.298,3.6,9,0.426430969,4.400072314,0,150,2026-04-28T16:35:19Z,1998-01-01
467,1,1999,467,19996,7.8,22.1,1.298,3.6,9,0.426430969,4.400072314,0,150,2026-04-28T16:35:19Z,1998-01-01
468,1,1999,468,19996,7.8,22.1,1.298,3.6,9,0.426430969,4.400072314,0,150,2026-04-28T16:35:19Z,1998-01-01
469,1,1999,469,19996,7.8,22.1,1.298,3.6,9,0.426430969,4.400072314,0,150,2026-04-28T16:35:19Z,1998-01-01
470,1,1999,470,19996,7.8,22.1,1.298,3.6,9,0.426430969,4.400072314,0,150,2026-04-28T16:35:19Z,1998-01-01
471,1,1999,471,19996,7.8,22.1,1.298,3.6,9,0.426430969,4.400072314,0,150,2026-04-28T16:35:19Z,1998-01-01
472,1,1999,472,19996,7.8,22.1,1.298,3.6,9,0.426430969,4.400072314,0,150,2026-04-28T16:35:19Z,1998-01-01
473,1,1999,473,19996,7.8,22.1,1.298,3.6,9,0.426430969,4.400072314,0,150,2026-04-28T16:35:19Z,1998-01-01
474,1,1999,474,19996,7.8,22.1,1.298,3.6,9,0.426430969,4.400072314,0,150,2026-04-28T16:35:19Z,1998-01-01
475,1,1999,475,19996,7.8,22.1,1.298,3.6,9,0.426430969,4.400072314,0,150,2026-04-28T16:35:19Z,1998-01-01
476,1,1999,476,19996,7.8,22.1,1.298,3.6,9,0.426430969,4.400072314,0,150,2026-04-28T16:35:19Z,1998-01-01
477,1,1999,477,19996,7.8,22.1,1.298,3.6,9,0.426430969,4.400072314,0,150,2026-04-28T16:35:19Z,1998-01-01
478,1,1999,478,19996,7.8,22.1,1.298,3.6,9,0.426430969,4.400072314,0,150,2026-04-28T16:35:19Z,1998-01-01
479,1,1999,479,19996,7.8,22.1,1.298,3.6,9,0.426430969,4.400072314,0,150,2026-04-28T16:35:19Z,1998-01-01
480,1,1999,480,19996,7.8,22.1,1.298,3.6,9,0.426430969,4.400072314,0,150,2026-04-28T16:35:19Z,1998-01-01
481,1,1999,481,19996,7.8,22.1,1.298,3.6,9,0.426430969,4.400072314,0,150,2026-04-28T16:35:19Z,1998-01-01
482,1,1999,482,19996,7.8,22.1,1.298,3.6,9,0.426430969,4.400072314,0,150,2026-04-28T16:35:19Z,1998-01-01
483,1,1999,483,19996,7.8,22.1,1.298,3.6,9,0.426430969,4.400072314,0,150,2026-04-28T16:35:19Z,1998-01-01
484,1,1999,484,19996,7.8,22.1,1.298,3.6,9,0.426430969,4.400072314,0,150,2026-04-28T16:35:19Z,1998-01-01
485,1,1999,485,19996,7.8,22.1,1.298,3.6,9,0.426430969,4.400072314,0,150,2026-04-28T16:35:19Z,1998-01-01
486,1,1999,486,19996,7.8,22.1,1.298,3.6,9,0.426430969,4.400072314,0,150,2026-04-28T16:35:19Z,1998-01-01
487,1,1999,487,19996,7.8,22.1,1.298,3.6,9,0.426430969,4.400072314,0,150,2026-04-28T16:35:19Z,1998-01-01
488,1,1999,488,19996,7.8,22.1,1.298,3.6,9,0.426430969,4.400072314,0,150,2026-04-28T16:35:19Z,1998-01-01
489,1,1999,489,19996,7.8,22.1,1.298,3.6,9,0.426430969,4.400072314,0,150,2026-04-28T16:35:19Z,1998-01-01
490,1,1999,490,19996,7.8,22.1,1.298,3.6,9,0.426430969,4.400072314,0,150,2026-04-28T16:35:19Z,1998-01-01
491,1,1999,491,19996,7.8,22.1,1.298,3.6,9,0.426430969,4.400072314,0,150,2026-04-28T16:35:19Z,1998-01-01
492,1,1999,492,19996,7.8,22.1,1.298,3.6,9,0.426430969,4.400072314,0,150,2026-04-28T16:35:19Z,1998-01-01
493,1,1999,493,19996,7.8,22.1,1.298,3.6,9,0.426430969,4.400072314,0,150,2026-04-28T16:35:19Z,1998-01-01
494,1,1999,494,19996,7.8,22.1,1.298,3.6,9,0.426430969,4.400072314,0,150,2026-04-28T16:35:19Z,1998-01-01
495,1,1999,495,19996,7.8,22.1,1.298,3.6,9,0.426430969,4.400072314,0,150,2026-04-28T16:35:19Z,1998-01-01
496,1,1999,496,19996,7.8,22.1,1.298,3.6,9,0.426430969,4.400072314,0,150,2026-04-28T16:35:19Z,1998-01-01
497,1,1999,497,19996,7.8,22.1,1.298,3.6,9,0.426430969,4.400072314,0,150,2026-04-28T16:35:19Z,1998-01-01
498,1,1999,498,19996,7.8,22.1,1.298,3.6,9,0.426430969,4.400072314,0,150,2026-04-28T16:35:19Z,1998-01-01
499,1,1999,499,19996,7.8,22.1,1.298,3.6,9,0.426430969,4.400072314,0,150,2026-04-28T16:35:19Z,1998-01-01
500,1,1999,500,19996,7.8,22.1,1.298,3.6,9,0.426430969,4.400072314,0,150,2026-04-28T16:35:19Z,1998-01-01
501,1,1999,501,19996,7.8,22.1,1.298,3.6,9,0.426430969,4.400072314,0,150,2026-04-28T16:35:19Z,1998-01-01
502,1,1999,502,19996,7.8,22.1,1.298,3.6,9,0.426430969,4.400072314,0,150,2026-04-28T16:35:19Z,1998-01-01
503,1,1999,503,19996,7.8,22.1,1.298,3.6,9,0.426430969,4.400072314,0,150,2026-04-28T16:35:19Z,1998-01-01
504,1,1999,504,19996,7.8,22.1,1.298,3.6,9,0.426430969,4.400072314,0,150,2026-04-28T16:35:19Z,1998-01-01
505,1,1999,505,19996,7.8,22.1,1.298,3.6,9,0.426430969,4.400072314,0,150,2026-04-28T16:35:19Z,1998-01-01
506,1,1999,506,19996,7.8,22.1,1.298,3.6,9,0.426430969,4.400072314,0,150,2026-04-28T16:35:19Z,1998-01-01
507,1,1999,507,19996,7.8,22.1,1.298,3.6,9,0.426430969,4.400072314,0,150,2026-04-28T16:35:19Z,1998-01-01
508,1,1999,508,19996,7.8,22.1,1.298,3.6,9,0.426430969,4.400072314,0,150,2026-04-28T16:35:19Z,1998-01-01
509,1,1999,509,19996,7.8,22.1,1.298,3.6,9,0.426430969,4.400072314,0,150,2026-04-28T16:35:19Z,1998-01-01
510,1,1999,510,19996,7.8,22.1,1.298,3.6,9,0.426430969,4.400072314,0,150,2026-04-28T16:35:19Z,1998-01-01
511,1,1999,511,19996,7.8,22.1,1.298,3.6,9,0.426430969,4.400072314,0,150,2026-04-28T16:35:19Z,1998-01-01
512,1,1999,512,19996,7.8,22.1,1.298,3.6,9,0.426430969,4.400072314,0,150,2026-04-28T16:35:19Z,1998-01-01
513,1,1999,513,19996,7.8,22.1,1.298,3.6,9,0.426430969,4.400072314,0,150,2026-04-28T16:35:19Z,1998-01-01
514,1,1999,514,19996,7.8,22.1,1.298,3.6,9,0.426430969,4.400072314,0,150,2026-04-28T16:35:19Z,1998-01-01
515,1,1999,515,19996,7.8,22.1,1.298,3.6,9,0.426430969,4.400072314,0,150,2026-04-28T16:35:19Z,1998-01-01
516,1,1999,516,19996,7.8,22.1,1.298,3.6,9,0.426430969,4.400072314,0,150,2026-04-28T16:35:19Z,1998-01-01
517,1,1999,517,19996,7.8,22.1,1.298,3.6,9,0.426430969,4.400072314,0,150,2026-04-28T16:35:19Z,1998-01-01
518,1,1999,518,19996,7.8,22.1,1.298,3.6,9,0.426430969,4.400072314,0,150,2026-04-28T16:35:19Z,1998-01-01
519,1,1999,519,19996,7.8,22.1,1.298,3.6,9,0.426430969,4.400072314,0,150,2026-04-28T16:35:19Z,1998-01-01
520,1,1999,520,19996,7.8,22.1,1.298,3.6,9,0.426430969,4.400072314,0,150,2026-04-28T16:35:19Z,1998-01-01
521,1,1999,521,19996,7.8,22.1,1.298,3.6,9,0.426430969,4.400072314,0,150,2026-04-28T16:35:19Z,1998-01-01
522,1,1999,522,19996,7.8,22.1,1.298,3.6,9,0.426430969,4.400072314,0,150,2026-04-28T16:35:19Z,1998-01-01
523,1,1999,523,19996,7.8,22.1,1.298,3.6,9,0.426430969,4.400072314,0,150,2026-04-28T16:35:19Z,1998-01-01
524,1,1999,524,19996,7.8,22.1,1.298,3.6,9,0.426430969,4.400072314,0,150,2026-04-28T16:35:19Z,1998-01-01
525,1,1999,525,19996,7.8,22.1,1.298,3.6,9,0.426430969,4.400072314,0,150,2026-04-28T16:35:19Z,1998-01-01
526,1,1999,526,19996,7.8,22.1,1.298,3.6,9,0.426430969,4.400072314,0,150,2026-04-28T16:35:19Z,1998-01-01
527,1,1999,527,19996,7.8,22.1,1.298,3.6,9,0.426430969,4.400072314,0,150,2026-04-28T16:35:19Z,1998-01-01
528,1,1999,528,19996,7.8,22.1,1.298,3.6,9,0.426430969,4.400072314,0,150,2026-04-28T16:35:19Z,1998-01-01
529,1,1999,529,19996,7.8,22.1,1.298,3.6,9,0.426430969,4.400072314,0,150,2026-04-28T16:35:19Z,1998-01-01
530,1,1999,530,19996,7.8,22.1,1.298,3.6,9,0.426430969,4.400072314,0,150,2026-04-28T16:35:19Z,1998-01-01
531,1,1999,531,19996,7.8,22.1,1.298,3.6,9,0.426430969,4.400072314,0,150,2026-04-28T16:35:19Z,1998-01-01
532,1,1999,532,19996,7.8,22.1,1.298,3.6,9,0.426430969,4.400072314,0,150,2026-04-28T16:35:19Z,1998-01-01
533,1,1999,533,19996,7.8,22.1,1.298,3.6,9,0.426430969,4.400072314,0,150,2026-04-28T16:35:19Z,1998-01-01
534,1,1999,534,19996,7.8,22.1,1.298,3.6,9,0.426430969,4.400072314,0,150,2026-04-28T16:35:19Z,1998-01-01
535,1,1999,535,19996,7.8,22.1,1.298,3.6,9,0.426430969,4.400072314,0,150,2026-04-28T16:35:19Z,1998-01-01
536,1,1999,536,19996,7.8,22.1,1.298,3.6,9,0.426430969,4.400072314,0,150,2026-04-28T16:35:19Z,1998-01-01
537,1,1999,537,19996,7.8,22.1,1.298,3.6,9,0.426430969,4.400072314,0,150,2026-04-28T16:35:19Z,1998-01-01
538,1,1999,538,19996,7.8,22.1,1.298,3.6,9,0.426430969,4.400072314,0,150,2026-04-28T16:35:19Z,1998-01-01
539,1,1999,539,19996,7.8,22.1,1.298,3.6,9,0.426430969,4.400072314,0,150,2026-04-28T16:35:19Z,1998-01-01
540,1,1999,540,19996,7.8,22.1,1.298,3.6,9,0.426430969,4.400072314,0,150,2026-04-28T16:35:19Z,1998-01-01
541,1,1999,541,19996,7.8,22.1,1.298,3.6,9,0.426430969,4.400072314,0,150,2026-04-28T16:35:19Z,1998-01-01
542,1,1999,542,19996,7.8,22.1,1.298,3.6,9,0.426430969,4.400072314,0,150,2026-04-28T16:35:19Z,1998-01-01
543,1,1999,543,19996,7.8,22.1,1.298,3.6,9,0.426430969,4.400072314,0,150,2026-04-28T16:35:19Z,1998-01-01
544,1,1999,544,19996,7.8,22.1,1.298,3.6,9,0.426430969,4.400072314,0,150,2026-04-28T16:35:19Z,1998-01-01
545,1,1999,545,19996,7.8,22.1,1.298,3.6,9,0.426430969,4.400072314,0,150,2026-04-28T16:35:19Z,1998-01-01
546,1,1999,546,19996,7.8,22.1,1.298,3.6,9,0.426430969,4.400072314,0,150,2026-04-28T16:35:19Z,1998-01-01
547,1,1999,547,19996,7.8,22.1,1.298,3.6,9,0.426430969,4.400072314,0,150,2026-04-28T16:35:19Z,1998-01-01
548,1,1999,548,19996,7.8,22.1,1.298,3.6,9,0.426430969,4.400072314,0,150,2026-04-28T16:35:19Z,1998-01-01
549,1,1999,549,19996,7.8,22.1,1.298,3.6,9,0.426430969,4.400072314,0,150,2026-04-28T16:35:19Z,1998-01-01
550,1,1999,550,19996,7.8,22.1,1.298,3.6,9,0.426430969,4.400072314,0,150,2026-04-28T16:35:19Z,1998-01-01
551,1,1999,551,19996,7.8,22.1,1.298,3.6,9,0.426430969,4.400072314,0,150,2026-04-28T16:35:19Z,1998-01-01
552,1,1999,552,19996,7.8,22.1,1.298,3.6,9,0.426430969,4.400072314,0,150,2026-04-28T16:35:19Z,1998-01-01
553,1,1999,553,19996,7.8,22.1,1.298,3.6,9,0.426430969,4.400072314,0,150,2026-04-28T16:35:19Z,1998-01-01
554,1,1999,554,19996,7.8,22.1,1.298,3.6,9,0.426430969,4.400072314,0,150,2026-04-28T16:35:19Z,1998-01-01
555,1,1999,555,19996,7.8,22.1,1.298,3.6,9,0.426430969,4.400072314,0,150,2026-04-28T16:35:19Z,1998-01-01
556,1,1999,556,19996,7.8,22.1,1.298,3.6,9,0.426430969,4.400072314,0,150,2026-04-28T16:35:19Z,1998-01-01
557,1,1999,557,19996,7.8,22.1,1.298,3.6,9,0.426430969,4.400072314,0,150,2026-04-28T16:35:19Z,1998-01-01
558,1,1999,558,19996,7.8,22.1,1.298,3.6,9,0.426430969,4.400072314,0,150,2026-04-28T16:35:19Z,1998-01-01
559,1,1999,559,19996,7.8,22.1,1.298,3.6,9,0.426430969,4.400072314,0,150,2026-04-28T16:35:19Z,1998-01-01
560,1,1999,560,19996,7.8,22.1,1.298,3.6,9,0.426430969,4.400072314,0,150,2026-04-28T16:35:19Z,1998-01-01
561,1,1999,561,19996,7.8,22.1,1.298,3.6,9,0.426430969,4.400072314,0,150,2026-04-28T16:35:19Z,1998-01-01
562,1,1999,562,19996,7.8,22.1,1.298,3.6,9,0.426430969,4.400072314,0,150,2026-04-28T16:35:19Z,1998-01-01
563,1,1999,563,19996,7.8,22.1,1.298,3.6,9,0.426430969,4.400072314,0,150,2026-04-28T16:35:19Z,1998-01-01
564,1,1999,564,19996,7.8,22.1,1.298,3.6,9,0.426430969,4.400072314,0,150,2026-04-28T16:35:19Z,1998-01-01
565,1,1999,565,19996,7.8,22.1,1.298,3.6,9,0.426430969,4.400072314,0,150,2026-04-28T16:35:19Z,1998-01-01
566,1,1999,566,19996,7.8,22.1,1.298,3.6,9,0.426430969,4.400072314,0,150,2026-04-28T16:35:19Z,1998-01-01
567,1,1999,567,19996,7.8,22.1,1.298,3.6,9,0.426430969,4.400072314,0,150,2026-04-28T16:35:19Z,1998-01-01
568,1,1999,568,19996,7.8,22.1,1.298,3.6,9,0.426430969,4.400072314,0,150,2026-04-28T16:35:19Z,1998-01-01
569,1,1999,569,19996,7.8,22.1,1.298,3.6,9,0.426430969,4.400072314,0,150,2026-04-28T16:35:19Z,1998-01-01
570,1,1999,570,19996,7.8,22.1,1.298,3.6,9,0.426430969,4.400072314,0,150,2026-04-28T16:35:19Z,1998-01-01
571,1,1999,571,19996,7.8,22.1,1.298,3.6,9,0.426430969,4.400072314,0,150,2026-04-28T16:35:19Z,1998-01-01
572,1,1999,572,19996,7.8,22.1,1.298,3.6,9,0.426430969,4.400072314,0,150,2026-04-28T16:35:19Z,1998-01-01
573,1,1999,573,19996,7.8,22.1,1.298,3.6,9,0.426430969,4.400072314,0,150,2026-04-28T16:35:19Z,1998-01-01
574,1,1999,574,19996,7.8,22.1,1.298,3.6,9,0.426430969,4.400072314,0,150,2026-04-28T16:35:19Z,1998-01-01
575,1,1999,575,19996,7.8,22.1,1.298,3.6,9,0.426430969,4.400072314,0,150,2026-04-28T16:35:19Z,1998-01-01
576,1,1999,576,19996,7.8,22.1,1.298,3.6,9,0.426430969,4.400072314,0,150,2026-04-28T16:35:19Z,1998-01-01
577,1,1999,577,19996,7.8,22.1,1.298,3.6,9,0.426430969,4.400072314,0,150,2026-04-28T16:35:19Z,1998-01-01
578,1,1999,578,19996,7.8,22.1,1.298,3.6,9,0.426430969,4.400072314,0,150,2026-04-28T16:35:19Z,1998-01-01
579,1,1999,579,19996,7.8,22.1,1.298,3.6,9,0.426430969,4.400072314,0,150,2026-04-28T16:35:19Z,1998-01-01
580,1,1999,580,19996,7.8,22.1,1.298,3.6,9,0.426430969,4.400072314,0,150,2026-04-28T16:35:19Z,1998-01-01
581,1,1999,581,19996,7.8,22.1,1.298,3.6,9,0.426430969,4.400072314,0,150,2026-04-28T16:35:19Z,1998-01-01
582,1,1999,582,19996,7.8,22.1,1.298,3.6,9,0.426430969,4.400072314,0,150,2026-04-28T16:35:19Z,1998-01-01
583,1,1999,583,19996,7.8,22.1,1.298,3.6,9,0.426430969,4.400072314,0,150,2026-04-28T16:35:19Z,1998-01-01
584,1,1999,584,19996,7.8,22.1,1.298,3.6,9,0.426430969,4.400072314,0,150,2026-04-28T16:35:19Z,1998-01-01
585,1,1999,585,19996,7.8,22.1,1.298,3.6,9,0.426430969,4.400072314,0,150,2026-04-28T16:35:19Z,1998-01-01
586,1,1999,586,19996,7.8,22.1,1.298,3.6,9,0.426430969,4.400072314,0,150,2026-04-28T16:35:19Z,1998-01-01
587,1,1999,587,19996,7.8,22.1,1.298,3.6,9,0.426430969,4.400072314,0,150,2026-04-28T16:35:19Z,1998-01-01
588,1,1999,588,19996,7.8,22.1,1.298,3.6,9,0.426430969,4.400072314,0,150,2026-04-28T16:35:19Z,1998-01-01
589,1,1999,589,19996,7.8,22.1,1.298,3.6,9,0.426430969,4.400072314,0,150,2026-04-28T16:35:19Z,1998-01-01
590,1,1999,590,19996,7.8,22.1,1.298,3.6,9,0.426430969,4.400072314,0,150,2026-04-28T16:35:19Z,1998-01-01
591,1,1999,591,19996,7.8,22.1,1.298,3.6,9,0.426430969,4.400072314,0,150,2026-04-28T16:35:19Z,1998-01-01
592,1,1999,592,19996,7.8,22.1,1.298,3.6,9,0.426430969,4.400072314,0,150,2026-04-28T16:35:19Z,1998-01-01
593,1,1999,593,19996,7.8,22.1,1.298,3.6,9,0.426430969,4.400072314,0,150,2026-04-28T16:35:19Z,1998-01-01
594,1,1999,594,19996,7.8,22.1,1.298,3.6,9,0.426430969,4.400072314,0,150,2026-04-28T16:35:19Z,1998-01-01
595,1,1999,595,19996,7.8,22.1,1.298,3.6,9,0.426430969,4.400072314,0,150,2026-04-28T16:35:19Z,1998-01-01
596,1,1999,596,19996,7.8,22.1,1.298,3.6,9,0.426430969,4.400072314,0,150,2026-04-28T16:35:19Z,1998-01-01
597,1,1999,597,19996,7.8,22.1,1.298,3.6,9,0.426430969,4.400072314,0,150,2026-04-28T16:35:19Z,1998-01-01
598,1,1999,598,19996,7.8,22.1,1.298,3.6,9,0.426430969,4.400072314,0,150,2026-04-28T16:35:19Z,1998-01-01
599,1,1999,599,19996,7.8,22.1,1.298,3.6,9,0.426430969,4.400072314,0,150,2026-04-28T16:35:19Z,1998-01-01
600,1,1999,600,19996,7.8,22.1,1.298,3.6,9,0.426430969,4.400072314,0,150,2026-04-28T16:35:19Z,1998-01-01
601,1,1999,601,19996,7.8,22.1,1.298,3.6,9,0.426430969,4.400072314,0,150,2026-04-28T16:35:19Z,1998-01-01
602,1,1999,602,19996,7.8,22.1,1.298,3.6,9,0.426430969,4.400072314,0,150,2026-04-28T16:35:19Z,1998-01-01
603,1,1999,603,19996,7.8,22.1,1.298,3.6,9,0.426430969,4.400072314,0,150,2026-04-28T16:35:19Z,1998-01-01
604,1,1999,604,19996,7.8,22.1,1.298,3.6,9,0.426430969,4.400072314,0,150,2026-04-28T16:35:19Z,1998-01-01
605,1,1999,605,19996,7.8,22.1,1.298,3.6,9,0.426430969,4.400072314,0,150,2026-04-28T16:35:19Z,1998-01-01
606,1,1999,606,19996,7.8,22.1,1.298,3.6,9,0.426430969,4.400072314,0,150,2026-04-28T16:35:19Z,1998-01-01
607,1,1999,607,19996,7.8,22.1,1.298,3.6,9,0.426430969,4.400072314,0,150,2026-04-28T16:35:19Z,1998-01-01
608,1,1999,608,19996,7.8,22.1,1.298,3.6,9,0.426430969,4.400072314,0,150,2026-04-28T16:35:19Z,1998-01-01
609,1,1999,609,19996,7.8,22.1,1.298,3.6,9,0.426430969,4.400072314,0,150,2026-04-28T16:35:19Z,1998-01-01
610,1,1999,610,19996,7.8,22.1,1.298,3.6,9,0.426430969,4.400072314,0,150,2026-04-28T16:35:19Z,1998-01-01
611,1,1999,611,19996,7.8,22.1,1.298,3.6,9,0.426430969,4.400072314,0,150,2026-04-28T16:35:19Z,1998-01-01
612,1,1999,612,19996,7.8,22.1,1.298,3.6,9,0.426430969,4.400072314,0,150,2026-04-28T16:35:19Z,1998-01-01
613,1,1999,613,19996,7.8,22.1,1.298,3.6,9,0.426430969,4.400072314,0,150,2026-04-28T16:35:19Z,1998-01-01
614,1,1999,614,19996,7.8,22.1,1.298,3.6,9,0.426430969,4.400072314,0,150,2026-04-28T16:35:19Z,1998-01-01
615,1,1999,615,19996,7.8,22.1,1.298,3.6,9,0.426430969,4.400072314,0,150,2026-04-28T16:35:19Z,1998-01-01
616,1,1999,616,19996,7.8,22.1,1.298,3.6,9,0.426430969,4.400072314,0,150,2026-04-28T16:35:19Z,1998-01-01
617,1,1999,617,19996,7.8,22.1,1.298,3.6,9,0.426430969,4.400072314,0,150,2026-04-28T16:35:19Z,1998-01-01
618,1,1999,618,19996,7.8,22.1,1.298,3.6,9,0.426430969,4.400072314,0,150,2026-04-28T16:35:19Z,1998-01-01
619,1,1999,619,19996,7.8,22.1,1.298,3.6,9,0.426430969,4.400072314,0,150,2026-04-28T16:35:19Z,1998-01-01
620,1,1999,620,19996,7.8,22.1,1.298,3.6,9,0.426430969,4.400072314,0,150,2026-04-28T16:35:19Z,1998-01-01
621,1,1999,621,19996,7.8,22.1,1.298,3.6,9,0.426430969,4.400072314,0,150,2026-04-28T16:35:19Z,1998-01-01
622,1,1999,622,19996,7.8,22.1,1.298,3.6,9,0.426430969,4.400072314,0,150,2026-04-28T16:35:19Z,1998-01-01
623,1,1999,623,19996,7.8,22.1,1.298,3.6,9,0.426430969,4.400072314,0,150,2026-04-28T16:35:19Z,1998-01-01
624,1,1999,624,19996,7.8,22.1,1.298,3.6,9,0.426430969,4.400072314,0,150,2026-04-28T16:35:19Z,1998-01-01
625,1,1999,625,19996,7.8,22.1,1.298,3.6,9,0.426430969,4.400072314,0,150,2026-04-28T16:35:19Z,1998-01-01
626,1,1999,626,19996,7.8,22.1,1.298,3.6,9,0.426430969,4.400072314,0,150,2026-04-28T16:35:19Z,1998-01-01
627,1,1999,627,19996,7.8,22.1,1.298,3.6,9,0.426430969,4.400072314,0,150,2026-04-28T16:35:19Z,1998-01-01
628,1,1999,628,19996,7.8,22.1,1.298,3.6,9,0.426430969,4.400072314,0,150,2026-04-28T16:35:19Z,1998-01-01
629,1,1999,629,19996,7.8,22.1,1.298,3.6,9,0.426430969,4.400072314,0,150,2026-04-28T16:35:19Z,1998-01-01
630,1,1999,630,19996,7.8,22.1,1.298,3.6,9,0.426430969,4.400072314,0,150,2026-04-28T16:35:19Z,1998-01-01
631,1,1999,631,19996,7.8,22.1,1.298,3.6,9,0.426430969,4.400072314,0,150,2026-04-28T16:35:19Z,1998-01-01
632,1,1999,632,19996,7.8,22.1,1.298,3.6,9,0.426430969,4.400072314,0,150,2026-04-28T16:35:19Z,1998-01-01
633,1,1999,633,19996,7.8,22.1,1.298,3.6,9,0.426430969,4.400072314,0,150,2026-04-28T16:35:19Z,1998-01-01
634,1,1999,634,19996,7.8,22.1,1.298,3.6,9,0.426430969,4.400072314,0,150,2026-04-28T16:35:19Z,1998-01-01
635,1,1999,635,19996,7.8,22.1,1.298,3.6,9,0.426430969,4.400072314,0,150,2026-04-28T16:35:19Z,1998-01-01
636,1,1999,636,19996,7.8,22.1,1.298,3.6,9,0.426430969,4.400072314,0,150,2026-04-28T16:35:19Z,1998-01-01
637,1,1999,637,19996,7.8,22.1,1.298,3.6,9,0.426430969,4.400072314,0,150,2026-04-28T16:35:19Z,1998-01-01
638,1,1999,638,19996,7.8,22.1,1.298,3.6,9,0.426430969,4.400072314,0,150,2026-04-28T16:35:19Z,1998-01-01
639,1,1999,639,19996,7.8,22.1,1.298,3.6,9,0.426430969,4.400072314,0,150,2026-04-28T16:35:19Z,1998-01-01
640,1,1999,640,19996,7.8,22.1,1.298,3.6,9,0.426430969,4.400072314,0,150,2026-04-28T16:35:19Z,1998-01-01
641,1,1999,641,19996,7.8,22.1,1.298,3.6,9,0.426430969,4.400072314,0,150,2026-04-28T16:35:19Z,1998-01-01
642,1,1999,642,19996,7.8,22.1,1.298,3.6,9,0.426430969,4.400072314,0,150,2026-04-28T16:35:19Z,1998-01-01
643,1,1999,643,19996,7.8,22.1,1.298,3.6,9,0.426430969,4.400072314,0,150,2026-04-28T16:35:19Z,1998-01-01
644,1,1999,644,19996,7.8,22.1,1.298,3.6,9,0.426430969,4.400072314,0,150,2026-04-28T16:35:19Z,1998-01-01
645,1,1999,645,19996,7.8,22.1,1.298,3.6,9,0.426430969,4.400072314,0,150,2026-04-28T16:35:19Z,1998-01-01
646,1,1999,646,19996,7.8,22.1,1.298,3.6,9,0.426430969,4.400072314,0,150,2026-04-28T16:35:19Z,1998-01-01
647,1,1999,647,19996,7.8,22.1,1.298,3.6,9,0.426430969,4.400072314,0,150,2026-04-28T16:35:19Z,1998-01-01
648,1,1999,648,19996,7.8,22.1,1.298,3.6,9,0.426430969,4.400072314,0,150,2026-04-28T16:35:19Z,1998-01-01
649,1,1999,649,19996,7.8,22.1,1.298,3.6,9,0.426430969,4.400072314,0,150,2026-04-28T16:35:19Z,1998-01-01
650,1,1999,650,19996,7.8,22.1,1.298,3.6,9,0.426430969,4.400072314,0,150,2026-04-28T16:35:19Z,1998-01-01
651,1,1999,651,19996,7.8,22.1,1.298,3.6,9,0.426430969,4.400072314,0,150,2026-04-28T16:35:19Z,1998-01-01
652,1,1999,652,19996,7.8,22.1,1.298,3.6,9,0.426430969,4.400072314,0,150,2026-04-28T16:35:19Z,1998-01-01
653,1,1999,653,19996,7.8,22.1,1.298,3.6,9,0.426430969,4.400072314,0,150,2026-04-28T16:35:19Z,1998-01-01
654,1,1999,654,19996,7.8,22.1,1.298,3.6,9,0.426430969,4.400072314,0,150,2026-04-28T16:35:19Z,1998-01-01
655,1,1999,655,19996,7.8,22.1,1.298,3.6,9,0.426430969,4.400072314,0,150,2026-04-28T16:35:19Z,1998-01-01
656,1,1999,656,19996,7.8,22.1,1.298,3.6,9,0.426430969,4.400072314,0,150,2026-04-28T16:35:19Z,1998-01-01
657,1,1999,657,19996,7.8,22.1,1.298,3.6,9,0.426430969,4.400072314,0,150,2026-04-28T16:35:19Z,1998-01-01
658,1,1999,658,19996,7.8,22.1,1.298,3.6,9,0.426430969,4.400072314,0,150,2026-04-28T16:35:19Z,1998-01-01
659,1,1999,659,19996,7.8,22.1,1.298,3.6,9,0.426430969,4.400072314,0,150,2026-04-28T16:35:19Z,1998-01-01
660,1,1999,660,19996,7.8,22.1,1.298,3.6,9,0.426430969,4.400072314,0,150,2026-04-28T16:35:19Z,1998-01-01
661,1,1999,661,19996,7.8,22.1,1.298,3.6,9,0.426430969,4.400072314,0,150,2026-04-28T16:35:19Z,1998-01-01
662,1,1999,662,19996,7.8,22.1,1.298,3.6,9,0.426430969,4.400072314,0,150,2026-04-28T16:35:19Z,1998-01-01
663,1,1999,663,19996,7.8,22.1,1.298,3.6,9,0.426430969,4.400072314,0,150,2026-04-28T16:35:19Z,1998-01-01
664,1,1999,664,19996,7.8,22.1,1.298,3.6,9,0.426430969,4.400072314,0,150,2026-04-28T16:35:19Z,1998-01-01
665,1,1999,665,19996,7.8,22.1,1.298,3.6,9,0.426430969,4.400072314,0,150,2026-04-28T16:35:19Z,1998-01-01
666,1,1999,666,19996,7.8,22.1,1.298,3.6,9,0.426430969,4.400072314,0,150,2026-04-28T16:35:19Z,1998-01-01
667,1,1999,667,19996,7.8,22.1,1.298,3.6,9,0.426430969,4.400072314,0,150,2026-04-28T16:35:19Z,1998-01-01
668,1,1999,668,19996,7.8,22.1,1.298,3.6,9,0.426430969,4.400072314,0,150,2026-04-28T16:35:19Z,1998-01-01
669,1,1999,669,19996,7.8,22.1,1.298,3.6,9,0.426430969,4.400072314,0,150,2026-04-28T16:35:19Z,1998-01-01
670,1,1999,670,19996,7.8,22.1,1.298,3.6,9,0.426430969,4.400072314,0,150,2026-04-28T16:35:19Z,1998-01-01
671,1,1999,671,19996,7.8,22.1,1.298,3.6,9,0.426430969,4.400072314,0,150,2026-04-28T16:35:19Z,1998-01-01
672,1,1999,672,19996,7.8,22.1,1.298,3.6,9,0.426430969,4.400072314,0,150,2026-04-28T16:35:19Z,1998-01-01
673,1,1999,673,19996,7.8,22.1,1.298,3.6,9,0.426430969,4.400072314,0,150,2026-04-28T16:35:19Z,1998-01-01
674,1,1999,674,19996,7.8,22.1,1.298,3.6,9,0.426430969,4.400072314,0,150,2026-04-28T16:35:19Z,1998-01-01
675,1,1999,675,19996,7.8,22.1,1.298,3.6,9,0.426430969,4.400072314,0,150,2026-04-28T16:35:19Z,1998-01-01
676,1,1999,676,19996,7.8,22.1,1.298,3.6,9,0.426430969,4.400072314,0,150,2026-04-28T16:35:19Z,1998-01-01
677,1,1999,677,19996,7.8,22.1,1.298,3.6,9,0.426430969,4.400072314,0,150,2026-04-28T16:35:19Z,1998-01-01
678,1,1999,678,19996,7.8,22.1,1.298,3.6,9,0.426430969,4.400072314,0,150,2026-04-28T16:35:19Z,1998-01-01
679,1,1999,679,19996,7.8,22.1,1.298,3.6,9,0.426430969,4.400072314,0,150,2026-04-28T16:35:19Z,1998-01-01
680,1,1999,680,19996,7.8,22.1,1.298,3.6,9,0.426430969,4.400072314,0,150,2026-04-28T16:35:19Z,1998-01-01
681,1,1999,681,19996,7.8,22.1,1.298,3.6,9,0.426430969,4.400072314,0,150,2026-04-28T16:35:19Z,1998-01-01
682,1,1999,682,19996,7.8,22.1,1.298,3.6,9,0.426430969,4.400072314,0,150,2026-04-28T16:35:19Z,1998-01-01
683,1,1999,683,19996,7.8,22.1,1.298,3.6,9,0.426430969,4.400072314,0,150,2026-04-28T16:35:19Z,1998-01-01
684,1,1999,684,19996,7.8,22.1,1.298,3.6,9,0.426430969,4.400072314,0,150,2026-04-28T16:35:19Z,1998-01-01
685,1,1999,685,19996,7.8,22.1,1.298,3.6,9,0.426430969,4.400072314,0,150,2026-04-28T16:35:19Z,1998-01-01
686,1,1999,686,19996,7.8,22.1,1.298,3.6,9,0.426430969,4.400072314,0,150,2026-04-28T16:35:19Z,1998-01-01
687,1,1999,687,19996,7.8,22.1,1.298,3.6,9,0.426430969,4.400072314,0,150,2026-04-28T16:35:19Z,1998-01-01
688,1,1999,688,19996,7.8,22.1,1.298,3.6,9,0.426430969,4.400072314,0,150,2026-04-28T16:35:19Z,1998-01-01
689,1,1999,689,19996,7.8,22.1,1.298,3.6,9,0.426430969,4.400072314,0,150,2026-04-28T16:35:19Z,1998-01-01
690,1,1999,690,19996,7.8,22.1,1.298,3.6,9,0.426430969,4.400072314,0,150,2026-04-28T16:35:19Z,1998-01-01
691,1,1999,691,19996,7.8,22.1,1.298,3.6,9,0.426430969,4.400072314,0,150,2026-04-28T16:35:19Z,1998-01-01
692,1,1999,692,19996,7.8,22.1,1.298,3.6,9,0.426430969,4.400072314,0,150,2026-04-28T16:35:19Z,1998-01-01
693,1,1999,693,19996,7.8,22.1,1.298,3.6,9,0.426430969,4.400072314,0,150,2026-04-28T16:35:19Z,1998-01-01
694,1,1999,694,19996,7.8,22.1,1.298,3.6,9,0.426430969,4.400072314,0,150,2026-04-28T16:35:19Z,1998-01-01
695,1,1999,695,19996,7.8,22.1,1.298,3.6,9,0.426430969,4.400072314,0,150,2026-04-28T16:35:19Z,1998-01-01
696,1,1999,696,19996,7.8,22.1,1.298,3.6,9,0.426430969,4.400072314,0,150,2026-04-28T16:35:19Z,1998-01-01
697,1,1999,697,19996,7.8,22.1,1.298,3.6,9,0.426430969,4.400072314,0,150,2026-04-28T16:35:19Z,1998-01-01
698,1,1999,698,19996,7.8,22.1,1.298,3.6,9,0.426430969,4.400072314,0,150,2026-04-28T16:35:19Z,1998-01-01
699,1,1999,699,19996,7.8,22.1,1.298,3.6,9,0.426430969,4.400072314,0,150,2026-04-28T16:35:19Z,1998-01-01
700,1,1999,700,19996,7.8,22.1,1.298,3.6,9,0.426430969,4.400072314,0,150,2026-04-28T16:35:19Z,1998-01-01
701,1,1999,701,19996,7.8,22.1,1.298,3.6,9,0.426430969,4.400072314,0,150,2026-04-28T16:35:19Z,1998-01-01
702,1,1999,702,19996,7.8,22.1,1.298,3.6,9,0.426430969,4.400072314,0,150,2026-04-28T16:35:19Z,1998-01-01
703,1,1999,703,19996,7.8,22.1,1.298,3.6,9,0.426430969,4.400072314,0,150,2026-04-28T16:35:19Z,1998-01-01
704,1,1999,704,19996,7.8,22.1,1.298,3.6,9,0.426430969,4.400072314,0,150,2026-04-28T16:35:19Z,1998-01-01
705,1,1999,705,19996,7.8,22.1,1.298,3.6,9,0.426430969,4.400072314,0,150,2026-04-28T16:35:19Z,1998-01-01
706,1,1999,706,19996,7.8,22.1,1.298,3.6,9,0.426430969,4.400072314,0,150,2026-04-28T16:35:19Z,1998-01-01
707,1,1999,707,19996,7.8,22.1,1.298,3.6,9,0.426430969,4.400072314,0,150,2026-04-28T16:35:19Z,1998-01-01
708,1,1999,708,19996,7.8,22.1,1.298,3.6,9,0.426430969,4.400072314,0,150,2026-04-28T16:35:19Z,1998-01-01
709,1,1999,709,19996,7.8,22.1,1.298,3.6,9,0.426430969,4.400072314,0,150,2026-04-28T16:35:19Z,1998-01-01
710,1,1999,710,19996,7.8,22.1,1.298,3.6,9,0.426430969,4.400072314,0,150,2026-04-28T16:35:19Z,1998-01-01
711,1,1999,711,19996,7.8,22.1,1.298,3.6,9,0.426430969,4.400072314,0,150,2026-04-28T16:35:19Z,1998-01-01
712,1,1999,712,19996,7.8,22.1,1.298,3.6,9,0.426430969,4.400072314,0,150,2026-04-28T16:35:19Z,1998-01-01
713,1,1999,713,19996,7.8,22.1,1.298,3.6,9,0.426430969,4.400072314,0,150,2026-04-28T16:35:19Z,1998-01-01
714,1,1999,714,19996,7.8,22.1,1.298,3.6,9,0.426430969,4.400072314,0,150,2026-04-28T16:35:19Z,1998-01-01
715,1,1999,715,19996,7.8,22.1,1.298,3.6,9,0.426430969,4.400072314,0,150,2026-04-28T16:35:19Z,1998-01-01
716,1,1999,716,19996,7.8,22.1,1.298,3.6,9,0.426430969,4.400072314,0,150,2026-04-28T16:35:19Z,1998-01-01
717,1,1999,717,19996,7.8,22.1,1.298,3.6,9,0.426430969,4.400072314,0,150,2026-04-28T16:35:19Z,1998-01-01
718,1,1999,718,19996,7.8,22.1,1.298,3.6,9,0.426430969,4.400072314,0,150,2026-04-28T16:35:19Z,1998-01-01
719,1,1999,719,19996,7.8,22.1,1.298,3.6,9,0.426430969,4.400072314,0,150,2026-04-28T16:35:19Z,1998-01-01
720,1,1999,720,19996,7.8,22.1,1.298,3.6,9,0.426430969,4.400072314,0,150,2026-04-28T16:35:19Z,1998-01-01
721,1,1999,721,19996,7.8,22.1,1.298,3.6,9,0.426430969,4.400072314,0,150,2026-04-28T16:35:19Z,1998-01-01
722,1,1999,722,19996,7.8,22.1,1.298,3.6,9,0.426430969,4.400072314,0,150,2026-04-28T16:35:19Z,1998-01-01
723,1,1999,723,19996,7.8,22.1,1.298,3.6,9,0.426430969,4.400072314,0,150,2026-04-28T16:35:19Z,1998-01-01
724,1,1999,724,19996,7.8,22.1,1.298,3.6,9,0.426430969,4.400072314,0,150,2026-04-28T16:35:19Z,1998-01-01
725,1,1999,725,19996,7.8,22.1,1.298,3.6,9,0.426430969,4.400072314,0,150,2026-04-28T16:35:19Z,1998-01-01
726,1,1999,726,19996,7.8,22.1,1.298,3.6,9,0.426430969,4.400072314,0,150,2026-04-28T16:35:19Z,1998-01-01
727,1,1999,727,19996,7.8,22.1,1.298,3.6,9,0.426430969,4.400072314,0,150,2026-04-28T16:35:19Z,1998-01-01
728,1,1999,728,19996,7.8,22.1,1.298,3.6,9,0.426430969,4.400072314,0,150,2026-04-28T16:35:19Z,1998-01-01
729,1,1999,729,19996,7.8,22.1,1.298,3.6,9,0.426430969,4.400072314,0,150,2026-04-28T16:35:19Z,1998-01-01
730,1,1999,730,19996,7.8,22.1,1.298,3.6,9,0.426430969,4.400072314,0,150,2026-04-28T16:35:19Z,1998-01-01
731,1,2000,731,19996,7.8,22.1,1.298,3.6,9,0.426430969,4.400072314,0,150,2026-04-28T16:35:19Z,1998-01-01
732,1,2000,732,19996,7.8,22.1,1.298,3.6,9,0.426430969,4.400072314,0,150,2026-04-28T16:35:19Z,1998-01-01
733,1,2000,733,19996,7.8,22.1,1.298,3.6,9,0.426430969,4.400072314,0,150,2026-04-28T16:35:19Z,1998-01-01
734,1,2000,734,19996,7.8,22.1,1.298,3.6,9,0.426430969,4.400072314,0,150,2026-04-28T16:35:19Z,1998-01-01
735,1,2000,735,19996,7.8,22.1,1.298,3.6,9,0.426430969,4.400072314,0,150,2026-04-28T16:35:19Z,1998-01-01
736,1,2000,736,19996,7.8,22.1,1.298,3.6,9,0.426430969,4.400072314,0,150,2026-04-28T16:35:19Z,1998-01-01
737,1,2000,737,19996,7.8,22.1,1.298,3.6,9,0.426430969,4.400072314,0,150,2026-04-28T16:35:19Z,1998-01-01
738,1,2000,738,19996,7.8,22.1,1.298,3.6,9,0.426430969,4.400072314,0,150,2026-04-28T16:35:19Z,1998-01-01
739,1,2000,739,19996,7.8,22.1,1.298,3.6,9,0.426430969,4.400072314,0,150,2026-04-28T16:35:19Z,1998-01-01
740,1,2000,740,19996,7.8,22.1,1.298,3.6,9,0.426430969,4.400072314,0,150,2026-04-28T16:35:19Z,1998-01-01
741,1,2000,741,19996,7.8,22.1,1.298,3.6,9,0.426430969,4.400072314,0,150,2026-04-28T16:35:19Z,1998-01-01
742,1,2000,742,19996,7.8,22.1,1.298,3.6,9,0.426430969,4.400072314,0,150,2026-04-28T16:35:19Z,1998-01-01
743,1,2000,743,19996,7.8,22.1,1.298,3.6,9,0.426430969,4.400072314,0,150,2026-04-28T16:35:19Z,1998-01-01
744,1,2000,744,19996,7.8,22.1,1.298,3.6,9,0.426430969,4.400072314,0,150,2026-04-28T16:35:19Z,1998-01-01
745,1,2000,745,19996,7.8,22.1,1.298,3.6,9,0.426430969,4.400072314,0,150,2026-04-28T16:35:19Z,1998-01-01
746,1,2000,746,19996,7.8,22.1,1.298,3.6,9,0.426430969,4.400072314,0,150,2026-04-28T16:35:19Z,1998-01-01
747,1,2000,747,19996,7.8,22.1,1.298,3.6,9,0.426430969,4.400072314,0,150,2026-04-28T16:35:19Z,1998-01-01
748,1,2000,748,19996,7.8,22.1,1.298,3.6,9,0.426430969,4.400072314,0,150,2026-04-28T16:35:19Z,1998-01-01
749,1,2000,749,19996,7.8,22.1,1.298,3.6,9,0.426430969,4.400072314,0,150,2026-04-28T16:35:19Z,1998-01-01
750,1,2000,750,19996,7.8,22.1,1.298,3.6,9,0.426430969,4.400072314,0,150,2026-04-28T16:35:19Z,1998-01-01
751,1,2000,751,19996,7.8,22.1,1.298,3.6,9,0.426430969,4.400072314,0,150,2026-04-28T16:35:19Z,1998-01-01
752,1,2000,752,19996,7.8,22.1,1.298,3.6,9,0.426430969,4.400072314,0,150,2026-04-28T16:35:19Z,1998-01-01
753,1,2000,753,19996,7.8,22.1,1.298,3.6,9,0.426430969,4.400072314,0,150,2026-04-28T16:35:19Z,1998-01-01
754,1,2000,754,19996,7.8,22.1,1.298,3.6,9,0.426430969,4.400072314,0,150,2026-04-28T16:35:19Z,1998-01-01
755,1,2000,755,19996,7.8,22.1,1.298,3.6,9,0.426430969,4.400072314,0,150,2026-04-28T16:35:19Z,1998-01-01
756,1,2000,756,19996,7.8,22.1,1.298,3.6,9,0.426430969,4.400072314,0,150,2026-04-28T16:35:19Z,1998-01-01
757,1,2000,757,19996,7.8,22.1,1.298,3.6,9,0.426430969,4.400072314,0,150,2026-04-28T16:35:19Z,1998-01-01
758,1,2000,758,19996,7.8,22.1,1.298,3.6,9,0.426430969,4.400072314,0,150,2026-04-28T16:35:19Z,1998-01-01
759,1,2000,759,19996,7.8,22.1,1.298,3.6,9,0.426430969,4.400072314,0,150,2026-04-28T16:35:19Z,1998-01-01
760,1,2000,760,19996,7.8,22.1,1.298,3.6,9,0.426430969,4.400072314,0,150,2026-04-28T16:35:19Z,1998-01-01
761,1,2000,761,19996,7.8,22.1,1.298,3.6,9,0.426430969,4.400072314,0,150,2026-04-28T16:35:19Z,1998-01-01
762,1,2000,762,19996,7.8,22.1,1.298,3.6,9,0.426430969,4.400072314,0,150,2026-04-28T16:35:19Z,1998-01-01
763,1,2000,763,19996,7.8,22.1,1.298,3.6,9,0.426430969,4.400072314,0,150,2026-04-28T16:35:19Z,1998-01-01
764,1,2000,764,19996,7.8,22.1,1.298,3.6,9,0.426430969,4.400072314,0,150,2026-04-28T16:35:19Z,1998-01-01
765,1,2000,765,19996,7.8,22.1,1.298,3.6,9,0.426430969,4.400072314,0,150,2026-04-28T16:35:19Z,1998-01-01
766,1,2000,766,19996,7.8,22.1,1.298,3.6,9,0.426430969,4.400072314,0,150,2026-04-28T16:35:19Z,1998-01-01
767,1,2000,767,19996,7.8,22.1,1.298,3.6,9,0.426430969,4.400072314,0,150,2026-04-28T16:35:19Z,1998-01-01
768,1,2000,768,19996,7.8,22.1,1.298,3.6,9,0.426430969,4.400072314,0,150,2026-04-28T16:35:19Z,1998-01-01
769,1,2000,769,19996,7.8,22.1,1.298,3.6,9,0.426430969,4.400072314,0,150,2026-04-28T16:35:19Z,1998-01-01
770,1,2000,770,19996,7.8,22.1,1.298,3.6,9,0.426430969,4.400072314,0,150,2026-04-28T16:35:19Z,1998-01-01
771,1,2000,771,19996,7.8,22.1,1.298,3.6,9,0.426430969,4.400072314,0,150,2026-04-28T16:35:19Z,1998-01-01
772,1,2000,772,19996,7.8,22.1,1.298,3.6,9,0.426430969,4.400072314,0,150,2026-04-28T16:35:19Z,1998-01-01
773,1,2000,773,19996,7.8,22.1,1.298,3.6,9,0.426430969,4.400072314,0,150,2026-04-28T16:35:19Z,1998-01-01
774,1,2000,774,19996,7.8,22.1,1.298,3.6,9,0.426430969,4.400072314,0,150,2026-04-28T16:35:19Z,1998-01-01
775,1,2000,775,19996,7.8,22.1,1.298,3.6,9,0.426430969,4.400072314,0,150,2026-04-28T16:35:19Z,1998-01-01
776,1,2000,776,19996,7.8,22.1,1.298,3.6,9,0.426430969,4.400072314,0,150,2026-04-28T16:35:19Z,1998-01-01
777,1,2000,777,19996,7.8,22.1,1.298,3.6,9,0.426430969,4.400072314,0,150,2026-04-28T16:35:19Z,1998-01-01
778,1,2000,778,19996,7.8,22.1,1.298,3.6,9,0.426430969,4.400072314,0,150,2026-04-28T16:35:19Z,1998-01-01
779,1,2000,779,19996,7.8,22.1,1.298,3.6,9,0.426430969,4.400072314,0,150,2026-04-28T16:35:19Z,1998-01-01
780,1,2000,780,19996,7.8,22.1,1.298,3.6,9,0.426430969,4.400072314,0,150,2026-04-28T16:35:19Z,1998-01-01
781,1,2000,781,19996,7.8,22.1,1.298,3.6,9,0.426430969,4.400072314,0,150,2026-04-28T16:35:19Z,1998-01-01
782,1,2000,782,19996,7.8,22.1,1.298,3.6,9,0.426430969,4.400072314,0,150,2026-04-28T16:35:19Z,1998-01-01
783,1,2000,783,19996,7.8,22.1,1.298,3.6,9,0.426430969,4.400072314,0,150,2026-04-28T16:35:19Z,1998-01-01
784,1,2000,784,19996,7.8,22.1,1.298,3.6,9,0.426430969,4.400072314,0,150,2026-04-28T16:35:19Z,1998-01-01
785,1,2000,785,19996,7.8,22.1,1.298,3.6,9,0.426430969,4.400072314,0,150,2026-04-28T16:35:19Z,1998-01-01
786,1,2000,786,19996,7.8,22.1,1.298,3.6,9,0.426430969,4.400072314,0,150,2026-04-28T16:35:19Z,1998-01-01
787,1,2000,787,19996,7.8,22.1,1.298,3.6,9,0.426430969,4.400072314,0,150,2026-04-28T16:35:19Z,1998-01-01
788,1,2000,788,19996,7.8,22.1,1.298,3.6,9,0.426430969,4.400072314,0,150,2026-04-28T16:35:19Z,1998-01-01
789,1,2000,789,19996,7.8,22.1,1.298,3.6,9,0.426430969,4.400072314,0,150,2026-04-28T16:35:19Z,1998-01-01
790,1,2000,790,19996,7.8,22.1,1.298,3.6,9,0.426430969,4.400072314,0,150,2026-04-28T16:35:19Z,1998-01-01
791,1,2000,791,19996,7.8,22.1,1.298,3.6,9,0.426430969,4.400072314,0,150,2026-04-28T16:35:19Z,1998-01-01
792,1,2000,792,19996,7.8,22.1,1.298,3.6,9,0.426430969,4.400072314,0,150,2026-04-28T16:35:19Z,1998-01-01
793,1,2000,793,19996,7.8,22.1,1.298,3.6,9,0.426430969,4.400072314,0,150,2026-04-28T16:35:19Z,1998-01-01
794,1,2000,794,19996,7.8,22.1,1.298,3.6,9,0.426430969,4.400072314,0,150,2026-04-28T16:35:19Z,1998-01-01
795,1,2000,795,19996,7.8,22.1,1.298,3.6,9,0.426430969,4.400072314,0,150,2026-04-28T16:35:19Z,1998-01-01
796,1,2000,796,19996,7.8,22.1,1.298,3.6,9,0.426430969,4.400072314,0,150,2026-04-28T16:35:19Z,1998-01-01
797,1,2000,797,19996,7.8,22.1,1.298,3.6,9,0.426430969,4.400072314,0,150,2026-04-28T16:35:19Z,1998-01-01
798,1,2000,798,19996,7.8,22.1,1.298,3.6,9,0.426430969,4.400072314,0,150,2026-04-28T16:35:19Z,1998-01-01
799,1,2000,799,19996,7.8,22.1,1.298,3.6,9,0.426430969,4.400072314,0,150,2026-04-28T16:35:19Z,1998-01-01
800,1,2000,800,19996,7.8,22.1,1.298,3.6,9,0.426430969,4.400072314,0,150,2026-04-28T16:35:19Z,1998-01-01
801,1,2000,801,19996,7.8,22.1,1.298,3.6,9,0.426430969,4.400072314,0,150,2026-04-28T16:35:19Z,1998-01-01
802,1,2000,802,19996,7.8,22.1,1.298,3.6,9,0.426430969,4.400072314,0,150,2026-04-28T16:35:19Z,1998-01-01
803,1,2000,803,19996,7.8,22.1,1.298,3.6,9,0.426430969,4.400072314,0,150,2026-04-28T16:35:19Z,1998-01-01
804,1,2000,804,19996,7.8,22.1,1.298,3.6,9,0.426430969,4.400072314,0,150,2026-04-28T16:35:19Z,1998-01-01
805,1,2000,805,19996,7.8,22.1,1.298,3.6,9,0.426430969,4.400072314,0,150,2026-04-28T16:35:19Z,1998-01-01
806,1,2000,806,19996,7.8,22.1,1.298,3.6,9,0.426430969,4.400072314,0,150,2026-04-28T16:35:19Z,1998-01-01
807,1,2000,807,19996,7.8,22.1,1.298,3.6,9,0.426430969,4.400072314,0,150,2026-04-28T16:35:19Z,1998-01-01
808,1,2000,808,19996,7.8,22.1,1.298,3.6,9,0.426430969,4.400072314,0,150,2026-04-28T16:35:19Z,1998-01-01
809,1,2000,809,19996,7.8,22.1,1.298,3.6,9,0.426430969,4.400072314,0,150,2026-04-28T16:35:19Z,1998-01-01
810,1,2000,810,19996,7.8,22.1,1.298,3.6,9,0.426430969,4.400072314,0,150,2026-04-28T16:35:19Z,1998-01-01
811,1,2000,811,19996,7.8,22.1,1.298,3.6,9,0.426430969,4.400072314,0,150,2026-04-28T16:35:19Z,1998-01-01
812,1,2000,812,19996,7.8,22.1,1.298,3.6,9,0.426430969,4.400072314,0,150,2026-04-28T16:35:19Z,1998-01-01
813,1,2000,813,19996,7.8,22.1,1.298,3.6,9,0.426430969,4.400072314,0,150,2026-04-28T16:35:19Z,1998-01-01
814,1,2000,814,19996,7.8,22.1,1.298,3.6,9,0.426430969,4.400072314,0,150,2026-04-28T16:35:19Z,1998-01-01
815,1,2000,815,19996,7.8,22.1,1.298,3.6,9,0.426430969,4.400072314,0,150,2026-04-28T16:35:19Z,1998-01-01
816,1,2000,816,19996,7.8,22.1,1.298,3.6,9,0.426430969,4.400072314,0,150,2026-04-28T16:35:19Z,1998-01-01
817,1,2000,817,19996,7.8,22.1,1.298,3.6,9,0.426430969,4.400072314,0,150,2026-04-28T16:35:19Z,1998-01-01
818,1,2000,818,19996,7.8,22.1,1.298,3.6,9,0.426430969,4.400072314,0,150,2026-04-28T16:35:19Z,1998-01-01
819,1,2000,819,19996,7.8,22.1,1.298,3.6,9,0.426430969,4.400072314,0,150,2026-04-28T16:35:19Z,1998-01-01
820,1,2000,820,19996,7.8,22.1,1.298,3.6,9,0.426430969,4.400072314,0,150,2026-04-28T16:35:19Z,1998-01-01
821,1,2000,821,19996,7.8,22.1,1.298,3.6,9,0.426430969,4.400072314,0,150,2026-04-28T16:35:19Z,1998-01-01
822,1,2000,822,19996,7.8,22.1,1.298,3.6,9,0.426430969,4.400072314,0,150,2026-04-28T16:35:19Z,1998-01-01
823,1,2000,823,19996,7.8,22.1,1.298,3.6,9,0.426430969,4.400072314,0,150,2026-04-28T16:35:19Z,1998-01-01
824,1,2000,824,19996,7.8,22.1,1.298,3.6,9,0.426430969,4.400072314,0,150,2026-04-28T16:35:19Z,1998-01-01
825,1,2000,825,19996,7.8,22.1,1.298,3.6,9,0.426430969,4.400072314,0,150,2026-04-28T16:35:19Z,1998-01-01
826,1,2000,826,19996,7.8,22.1,1.298,3.6,9,0.426430969,4.400072314,0,150,2026-04-28T16:35:19Z,1998-01-01
827,1,2000,827,19996,7.8,22.1,1.298,3.6,9,0.426430969,4.400072314,0,150,2026-04-28T16:35:19Z,1998-01-01
828,1,2000,828,19996,7.8,22.1,1.298,3.6,9,0.426430969,4.400072314,0,150,2026-04-28T16:35:19Z,1998-01-01
829,1,2000,829,19996,7.8,22.1,1.298,3.6,9,0.426430969,4.400072314,0,150,2026-04-28T16:35:19Z,1998-01-01
830,1,2000,830,19996,7.8,22.1,1.298,3.6,9,0.426430969,4.400072314,0,150,2026-04-28T16:35:19Z,1998-01-01
831,1,2000,831,19996,7.8,22.1,1.298,3.6,9,0.426430969,4.400072314,0,150,2026-04-28T16:35:19Z,1998-01-01
832,1,2000,832,19996,7.8,22.1,1.298,3.6,9,0.426430969,4.400072314,0,150,2026-04-28T16:35:19Z,1998-01-01
833,1,2000,833,19996,7.8,22.1,1.298,3.6,9,0.426430969,4.400072314,0,150,2026-04-28T16:35:19Z,1998-01-01
834,1,2000,834,19996,7.8,22.1,1.298,3.6,9,0.426430969,4.400072314,0,150,2026-04-28T16:35:19Z,1998-01-01
835,1,2000,835,19996,7.8,22.1,1.298,3.6,9,0.426430969,4.400072314,0,150,2026-04-28T16:35:19Z,1998-01-01
836,1,2000,836,19996,7.8,22.1,1.298,3.6,9,0.426430969,4.400072314,0,150,2026-04-28T16:35:19Z,1998-01-01
837,1,2000,837,19996,7.8,22.1,1.298,3.6,9,0.426430969,4.400072314,0,150,2026-04-28T16:35:19Z,1998-01-01
838,1,2000,838,19996,7.8,22.1,1.298,3.6,9,0.426430969,4.400072314,0,150,2026-04-28T16:35:19Z,1998-01-01
839,1,2000,839,19996,7.8,22.1,1.298,3.6,9,0.426430969,4.400072314,0,150,2026-04-28T16:35:19Z,1998-01-01
840,1,2000,840,19996,7.8,22.1,1.298,3.6,9,0.426430969,4.400072314,0,150,2026-04-28T16:35:19Z,1998-01-01
841,1,2000,841,19996,7.8,22.1,1.298,3.6,9,0.426430969,4.400072314,0,150,2026-04-28T16:35:19Z,1998-01-01
842,1,2000,842,19996,7.8,22.1,1.298,3.6,9,0.426430969,4.400072314,0,150,2026-04-28T16:35:19Z,1998-01-01
843,1,2000,843,19996,7.8,22.1,1.298,3.6,9,0.426430969,4.400072314,0,150,2026-04-28T16:35:19Z,1998-01-01
844,1,2000,844,19996,7.8,22.1,1.298,3.6,9,0.426430969,4.400072314,0,150,2026-04-28T16:35:19Z,1998-01-01
845,1,2000,845,19996,7.8,22.1,1.298,3.6,9,0.426430969,4.400072314,0,150,2026-04-28T16:35:19Z,1998-01-01
846,1,2000,846,19996,7.8,22.1,1.298,3.6,9,0.426430969,4.400072314,0,150,2026-04-28T16:35:19Z,1998-01-01
847,1,2000,847,19996,7.8,22.1,1.298,3.6,9,0.426430969,4.400072314,0,150,2026-04-28T16:35:19Z,1998-01-01
848,1,2000,848,19996,7.8,22.1,1.298,3.6,9,0.426430969,4.400072314,0,150,2026-04-28T16:35:19Z,1998-01-01
849,1,2000,849,19996,7.8,22.1,1.298,3.6,9,0.426430969,4.400072314,0,150,2026-04-28T16:35:19Z,1998-01-01
850,1,2000,850,19996,7.8,22.1,1.298,3.6,9,0.426430969,4.400072314,0,150,2026-04-28T16:35:19Z,1998-01-01
851,1,2000,851,19996,7.8,22.1,1.298,3.6,9,0.426430969,4.400072314,0,150,2026-04-28T16:35:19Z,1998-01-01
852,1,2000,852,19996,7.8,22.1,1.298,3.6,9,0.426430969,4.400072314,0,150,2026-04-28T16:35:19Z,1998-01-01
853,1,2000,853,19996,7.8,22.1,1.298,3.6,9,0.426430969,4.400072314,0,150,2026-04-28T16:35:19Z,1998-01-01
854,1,2000,854,19996,7.8,22.1,1.298,3.6,9,0.426430969,4.400072314,0,150,2026-04-28T16:35:19Z,1998-01-01
855,1,2000,855,19996,7.8,22.1,1.298,3.6,9,0.426430969,4.400072314,0,150,2026-04-28T16:35:19Z,1998-01-01
856,1,2000,856,19996,7.8,22.1,1.298,3.6,9,0.426430969,4.400072314,0,150,2026-04-28T16:35:19Z,1998-01-01
857,1,2000,857,19996,7.8,22.1,1.298,3.6,9,0.426430969,4.400072314,0,150,2026-04-28T16:35:19Z,1998-01-01
858,1,2000,858,19996,7.8,22.1,1.298,3.6,9,0.426430969,4.400072314,0,150,2026-04-28T16:35:19Z,1998-01-01
859,1,2000,859,19996,7.8,22.1,1.298,3.6,9,0.426430969,4.400072314,0,150,2026-04-28T16:35:19Z,1998-01-01
860,1,2000,860,19996,7.8,22.1,1.298,3.6,9,0.426430969,4.400072314,0,150,2026-04-28T16:35:19Z,1998-01-01
861,1,2000,861,19996,7.8,22.1,1.298,3.6,9,0.426430969,4.400072314,0,150,2026-04-28T16:35:19Z,1998-01-01
862,1,2000,862,19996,7.8,22.1,1.298,3.6,9,0.426430969,4.400072314,0,150,2026-04-28T16:35:19Z,1998-01-01
863,1,2000,863,19996,7.8,22.1,1.298,3.6,9,0.426430969,4.400072314,0,150,2026-04-28T16:35:19Z,1998-01-01
864,1,2000,864,19996,7.8,22.1,1.298,3.6,9,0.426430969,4.400072314,0,150,2026-04-28T16:35:19Z,1998-01-01
865,1,2000,865,19996,7.8,22.1,1.298,3.6,9,0.426430969,4.400072314,0,150,2026-04-28T16:35:19Z,1998-01-01
866,1,2000,866,19996,7.8,22.1,1.298,3.6,9,0.426430969,4.400072314,0,150,2026-04-28T16:35:19Z,1998-01-01
867,1,2000,867,19996,7.8,22.1,1.298,3.6,9,0.426430969,4.400072314,0,150,2026-04-28T16:35:19Z,1998-01-01
868,1,2000,868,19996,7.8,22.1,1.298,3.6,9,0.426430969,4.400072314,0,150,2026-04-28T16:35:19Z,1998-01-01
869,1,2000,869,19996,7.8,22.1,1.298,3.6,9,0.426430969,4.400072314,0,150,2026-04-28T16:35:19Z,1998-01-01
870,1,2000,870,19996,7.8,22.1,1.298,3.6,9,0.426430969,4.400072314,0,150,2026-04-28T16:35:19Z,1998-01-01
871,1,2000,871,19996,7.8,22.1,1.298,3.6,9,0.426430969,4.400072314,0,150,2026-04-28T16:35:19Z,1998-01-01
872,1,2000,872,19996,7.8,22.1,1.298,3.6,9,0.426430969,4.400072314,0,150,2026-04-28T16:35:19Z,1998-01-01
873,1,2000,873,19996,7.8,22.1,1.298,3.6,9,0.426430969,4.400072314,0,150,2026-04-28T16:35:19Z,1998-01-01
874,1,2000,874,19996,7.8,22.1,1.298,3.6,9,0.426430969,4.400072314,0,150,2026-04-28T16:35:19Z,1998-01-01
875,1,2000,875,19996,7.8,22.1,1.298,3.6,9,0.426430969,4.400072314,0,150,2026-04-28T16:35:19Z,1998-01-01
876,1,2000,876,19996,7.8,22.1,1.298,3.6,9,0.426430969,4.400072314,0,150,2026-04-28T16:35:19Z,1998-01-01
877,1,2000,877,19996,7.8,22.1,1.298,3.6,9,0.426430969,4.400072314,0,150,2026-04-28T16:35:19Z,1998-01-01
878,1,2000,878,19996,7.8,22.1,1.298,3.6,9,0.426430969,4.400072314,0,150,2026-04-28T16:35:19Z,1998-01-01
879,1,2000,879,19996,7.8,22.1,1.298,3.6,9,0.426430969,4.400072314,0,150,2026-04-28T16:35:19Z,1998-01-01
880,1,2000,880,19996,7.8,22.1,1.298,3.6,9,0.426430969,4.400072314,0,150,2026-04-28T16:35:19Z,1998-01-01
881,1,2000,881,19996,7.8,22.1,1.298,3.6,9,0.426430969,4.400072314,0,150,2026-04-28T16:35:19Z,1998-01-01
882,1,2000,882,19996,7.8,22.1,1.298,3.6,9,0.426430969,4.400072314,0,150,2026-04-28T16:35:19Z,1998-01-01
883,1,2000,883,19996,7.8,22.1,1.298,3.6,9,0.426430969,4.400072314,0,150,2026-04-28T16:35:19Z,1998-01-01
884,1,2000,884,19996,7.8,22.1,1.298,3.6,9,0.426430969,4.400072314,0,150,2026-04-28T16:35:19Z,1998-01-01
885,1,2000,885,19996,7.8,22.1,1.298,3.6,9,0.426430969,4.400072314,0,150,2026-04-28T16:35:19Z,1998-01-01
886,1,2000,886,19996,7.8,22.1,1.298,3.6,9,0.426430969,4.400072314,0,150,2026-04-28T16:35:19Z,1998-01-01
887,1,2000,887,19996,7.8,22.1,1.298,3.6,9,0.426430969,4.400072314,0,150,2026-04-28T16:35:19Z,1998-01-01
888,1,2000,888,19996,7.8,22.1,1.298,3.6,9,0.426430969,4.400072314,0,150,2026-04-28T16:35:19Z,1998-01-01
889,1,2000,889,19996,7.8,22.1,1.298,3.6,9,0.426430969,4.400072314,0,150,2026-04-28T16:35:19Z,1998-01-01
890,1,2000,890,19996,7.8,22.1,1.298,3.6,9,0.426430969,4.400072314,0,150,2026-04-28T16:35:19Z,1998-01-01
891,1,2000,891,19996,7.8,22.1,1.298,3.6,9,0.426430969,4.400072314,0,150,2026-04-28T16:35:19Z,1998-01-01
892,1,2000,892,19996,7.8,22.1,1.298,3.6,9,0.426430969,4.400072314,0,150,2026-04-28T16:35:19Z,1998-01-01
893,1,2000,893,19996,7.8,22.1,1.298,3.6,9,0.426430969,4.400072314,0,150,2026-04-28T16:35:19Z,1998-01-01
894,1,2000,894,19996,7.8,22.1,1.298,3.6,9,0.426430969,4.400072314,0,150,2026-04-28T16:35:19Z,1998-01-01
895,1,2000,895,19996,7.8,22.1,1.298,3.6,9,0.426430969,4.400072314,0,150,2026-04-28T16:35:19Z,1998-01-01
896,1,2000,896,19996,7.8,22.1,1.298,3.6,9,0.426430969,4.400072314,0,150,2026-04-28T16:35:19Z,1998-01-01
897,1,2000,897,19996,7.8,22.1,1.298,3.6,9,0.426430969,4.400072314,0,150,2026-04-28T16:35:19Z,1998-01-01
898,1,2000,898,19996,7.8,22.1,1.298,3.6,9,0.426430969,4.400072314,0,150,2026-04-28T16:35:19Z,1998-01-01
899,1,2000,899,19996,7.8,22.1,1.298,3.6,9,0.426430969,4.400072314,0,150,2026-04-28T16:35:19Z,1998-01-01
900,1,2000,900,19996,7.8,22.1,1.298,3.6,9,0.426430969,4.400072314,0,150,2026-04-28T16:35:19Z,1998-01-01
901,1,2000,901,19996,7.8,22.1,1.298,3.6,9,0.426430969,4.400072314,0,150,2026-04-28T16:35:19Z,1998-01-01
902,1,2000,902,19996,7.8,22.1,1.298,3.6,9,0.426430969,4.400072314,0,150,2026-04-28T16:35:19Z,1998-01-01
903,1,2000,903,19996,7.8,22.1,1.298,3.6,9,0.426430969,4.400072314,0,150,2026-04-28T16:35:19Z,1998-01-01
904,1,2000,904,19996,7.8,22.1,1.298,3.6,9,0.426430969,4.400072314,0,150,2026-04-28T16:35:19Z,1998-01-01
905,1,2000,905,19996,7.8,22.1,1.298,3.6,9,0.426430969,4.400072314,0,150,2026-04-28T16:35:19Z,1998-01-01
906,1,2000,906,19996,7.8,22.1,1.298,3.6,9,0.426430969,4.400072314,0,150,2026-04-28T16:35:19Z,1998-01-01
907,1,2000,907,19996,7.8,22.1,1.298,3.6,9,0.426430969,4.400072314,0,150,2026-04-28T16:35:19Z,1998-01-01
908,1,2000,908,19996,7.8,22.1,1.298,3.6,9,0.426430969,4.400072314,0,150,2026-04-28T16:35:19Z,1998-01-01
909,1,2000,909,19996,7.8,22.1,1.298,3.6,9,0.426430969,4.400072314,0,150,2026-04-28T16:35:19Z,1998-01-01
910,1,2000,910,19996,7.8,22.1,1.298,3.6,9,0.426430969,4.400072314,0,150,2026-04-28T16:35:19Z,1998-01-01
911,1,2000,911,19996,7.8,22.1,1.298,3.6,9,0.426430969,4.400072314,0,150,2026-04-28T16:35:19Z,1998-01-01
912,1,2000,912,19996,7.8,22.1,1.298,3.6,9,0.426430969,4.400072314,0,150,2026-04-28T16:35:19Z,1998-01-01
913,1,2000,913,19996,7.8,22.1,1.298,3.6,9,0.426430969,4.400072314,0,150,2026-04-28T16:35:19Z,1998-01-01
914,1,2000,914,19996,7.8,22.1,1.298,3.6,9,0.426430969,4.400072314,0,150,2026-04-28T16:35:19Z,1998-01-01
915,1,2000,915,19996,7.8,22.1,1.298,3.6,9,0.426430969,4.400072314,0,150,2026-04-28T16:35:19Z,1998-01-01
916,1,2000,916,19996,7.8,22.1,1.298,3.6,9,0.426430969,4.400072314,0,150,2026-04-28T16:35:19Z,1998-01-01
917,1,2000,917,19996,7.8,22.1,1.298,3.6,9,0.426430969,4.400072314,0,150,2026-04-28T16:35:19Z,1998-01-01
918,1,2000,918,19996,7.8,22.1,1.298,3.6,9,0.426430969,4.400072314,0,150,2026-04-28T16:35:19Z,1998-01-01
919,1,2000,919,19996,7.8,22.1,1.298,3.6,9,0.426430969,4.400072314,0,150,2026-04-28T16:35:19Z,1998-01-01
920,1,2000,920,19996,7.8,22.1,1.298,3.6,9,0.426430969,4.400072314,0,150,2026-04-28T16:35:19Z,1998-01-01
921,1,2000,921,19996,7.8,22.1,1.298,3.6,9,0.426430969,4.400072314,0,150,2026-04-28T16:35:19Z,1998-01-01
922,1,2000,922,19996,7.8,22.1,1.298,3.6,9,0.426430969,4.400072314,0,150,2026-04-28T16:35:19Z,1998-01-01
923,1,2000,923,19996,7.8,22.1,1.298,3.6,9,0.426430969,4.400072314,0,150,2026-04-28T16:35:19Z,1998-01-01
924,1,2000,924,19996,7.8,22.1,1.298,3.6,9,0.426430969,4.400072314,0,150,2026-04-28T16:35:19Z,1998-01-01
925,1,2000,925,19996,7.8,22.1,1.298,3.6,9,0.426430969,4.400072314,0,150,2026-04-28T16:35:19Z,1998-01-01
926,1,2000,926,19996,7.8,22.1,1.298,3.6,9,0.426430969,4.400072314,0,150,2026-04-28T16:35:19Z,1998-01-01
927,1,2000,927,19996,7.8,22.1,1.298,3.6,9,0.426430969,4.400072314,0,150,2026-04-28T16:35:19Z,1998-01-01
928,1,2000,928,19996,7.8,22.1,1.298,3.6,9,0.426430969,4.400072314,0,150,2026-04-28T16:35:19Z,1998-01-01
929,1,2000,929,19996,7.8,22.1,1.298,3.6,9,0.426430969,4.400072314,0,150,2026-04-28T16:35:19Z,1998-01-01
930,1,2000,930,19996,7.8,22.1,1.298,3.6,9,0.426430969,4.400072314,0,150,2026-04-28T16:35:19Z,1998-01-01
931,1,2000,931,19996,7.8,22.1,1.298,3.6,9,0.426430969,4.400072314,0,150,2026-04-28T16:35:19Z,1998-01-01
932,1,2000,932,19996,7.8,22.1,1.298,3.6,9,0.426430969,4.400072314,0,150,2026-04-28T16:35:19Z,1998-01-01
933,1,2000,933,19996,7.8,22.1,1.298,3.6,9,0.426430969,4.400072314,0,150,2026-04-28T16:35:19Z,1998-01-01
934,1,2000,934,19996,7.8,22.1,1.298,3.6,9,0.426430969,4.400072314,0,150,2026-04-28T16:35:19Z,1998-01-01
935,1,2000,935,19996,7.8,22.1,1.298,3.6,9,0.426430969,4.400072314,0,150,2026-04-28T16:35:19Z,1998-01-01
936,1,2000,936,19996,7.8,22.1,1.298,3.6,9,0.426430969,4.400072314,0,150,2026-04-28T16:35:19Z,1998-01-01
937,1,2000,937,19996,7.8,22.1,1.298,3.6,9,0.426430969,4.400072314,0,150,2026-04-28T16:35:19Z,1998-01-01
938,1,2000,938,19996,7.8,22.1,1.298,3.6,9,0.426430969,4.400072314,0,150,2026-04-28T16:35:19Z,1998-01-01
939,1,2000,939,19996,7.8,22.1,1.298,3.6,9,0.426430969,4.400072314,0,150,2026-04-28T16:35:19Z,1998-01-01
940,1,2000,940,19996,7.8,22.1,1.298,3.6,9,0.426430969,4.400072314,0,150,2026-04-28T16:35:19Z,1998-01-01
941,1,2000,941,19996,7.8,22.1,1.298,3.6,9,0.426430969,4.400072314,0,150,2026-04-28T16:35:19Z,1998-01-01
942,1,2000,942,19996,7.8,22.1,1.298,3.6,9,0.426430969,4.400072314,0,150,2026-04-28T16:35:19Z,1998-01-01
943,1,2000,943,19996,7.8,22.1,1.298,3.6,9,0.426430969,4.400072314,0,150,2026-04-28T16:35:19Z,1998-01-01
944,1,2000,944,19996,7.8,22.1,1.298,3.6,9,0.426430969,4.400072314,0,150,2026-04-28T16:35:19Z,1998-01-01
945,1,2000,945,19996,7.8,22.1,1.298,3.6,9,0.426430969,4.400072314,0,150,2026-04-28T16:35:19Z,1998-01-01
946,1,2000,946,19996,7.8,22.1,1.298,3.6,9,0.426430969,4.400072314,0,150,2026-04-28T16:35:19Z,1998-01-01
947,1,2000,947,19996,7.8,22.1,1.298,3.6,9,0.426430969,4.400072314,0,150,2026-04-28T16:35:19Z,1998-01-01
948,1,2000,948,19996,7.8,22.1,1.298,3.6,9,0.426430969,4.400072314,0,150,2026-04-28T16:35:19Z,1998-01-01
949,1,2000,949,19996,7.8,22.1,1.298,3.6,9,0.426430969,4.400072314,0,150,2026-04-28T16:35:19Z,1998-01-01
950,1,2000,950,19996,7.8,22.1,1.298,3.6,9,0.426430969,4.400072314,0,150,2026-04-28T16:35:19Z,1998-01-01
951,1,2000,951,19996,7.8,22.1,1.298,3.6,9,0.426430969,4.400072314,0,150,2026-04-28T16:35:19Z,1998-01-01
952,1,2000,952,19996,7.8,22.1,1.298,3.6,9,0.426430969,4.400072314,0,150,2026-04-28T16:35:19Z,1998-01-01
953,1,2000,953,19996,7.8,22.1,1.298,3.6,9,0.426430969,4.400072314,0,150,2026-04-28T16:35:19Z,1998-01-01
954,1,2000,954,19996,7.8,22.1,1.298,3.6,9,0.426430969,4.400072314,0,150,2026-04-28T16:35:19Z,1998-01-01
955,1,2000,955,19996,7.8,22.1,1.298,3.6,9,0.426430969,4.400072314,0,150,2026-04-28T16:35:19Z,1998-01-01
956,1,2000,956,19996,7.8,22.1,1.298,3.6,9,0.426430969,4.400072314,0,150,2026-04-28T16:35:19Z,1998-01-01
957,1,2000,957,19996,7.8,22.1,1.298,3.6,9,0.426430969,4.400072314,0,150,2026-04-28T16:35:19Z,1998-01-01
958,1,2000,958,19996,7.8,22.1,1.298,3.6,9,0.426430969,4.400072314,0,150,2026-04-28T16:35:19Z,1998-01-01
959,1,2000,959,19996,7.8,22.1,1.298,3.6,9,0.426430969,4.400072314,0,150,2026-04-28T16:35:19Z,1998-01-01
960,1,2000,960,19996,7.8,22.1,1.298,3.6,9,0.426430969,4.400072314,0,150,2026-04-28T16:35:19Z,1998-01-01
961,1,2000,961,19996,7.8,22.1,1.298,3.6,9,0.426430969,4.400072314,0,150,2026-04-28T16:35:19Z,1998-01-01
962,1,2000,962,19996,7.8,22.1,1.298,3.6,9,0.426430969,4.400072314,0,150,2026-04-28T16:35:19Z,1998-01-01
963,1,2000,963,19996,7.8,22.1,1.298,3.6,9,0.426430969,4.400072314,0,150,2026-04-28T16:35:19Z,1998-01-01
964,1,2000,964,19996,7.8,22.1,1.298,3.6,9,0.426430969,4.400072314,0,150,2026-04-28T16:35:19Z,1998-01-01
965,1,2000,965,19996,7.8,22.1,1.298,3.6,9,0.426430969,4.400072314,0,150,2026-04-28T16:35:19Z,1998-01-01
966,1,2000,966,19996,7.8,22.1,1.298,3.6,9,0.426430969,4.400072314,0,150,2026-04-28T16:35:19Z,1998-01-01
967,1,2000,967,19996,7.8,22.1,1.298,3.6,9,0.426430969,4.400072314,0,150,2026-04-28T16:35:19Z,1998-01-01
968,1,2000,968,19996,7.8,22.1,1.298,3.6,9,0.426430969,4.400072314,0,150,2026-04-28T16:35:19Z,1998-01-01
969,1,2000,969,19996,7.8,22.1,1.298,3.6,9,0.426430969,4.400072314,0,150,2026-04-28T16:35:19Z,1998-01-01
970,1,2000,970,19996,7.8,22.1,1.298,3.6,9,0.426430969,4.400072314,0,150,2026-04-28T16:35:19Z,1998-01-01
971,1,2000,971,19996,7.8,22.1,1.298,3.6,9,0.426430969,4.400072314,0,150,2026-04-28T16:35:19Z,1998-01-01
972,1,2000,972,19996,7.8,22.1,1.298,3.6,9,0.426430969,4.400072314,0,150,2026-04-28T16:35:19Z,1998-01-01
973,1,2000,973,19996,7.8,22.1,1.298,3.6,9,0.426430969,4.400072314,0,150,2026-04-28T16:35:19Z,1998-01-01
974,1,2000,974,19996,7.8,22.1,1.298,3.6,9,0.426430969,4.400072314,0,150,2026-04-28T16:35:19Z,1998-01-01
975,1,2000,975,19996,7.8,22.1,1.298,3.6,9,0.426430969,4.400072314,0,150,2026-04-28T16:35:19Z,1998-01-01
976,1,2000,976,19996,7.8,22.1,1.298,3.6,9,0.426430969,4.400072314,0,150,2026-04-28T16:35:19Z,1998-01-01
977,1,2000,977,19996,7.8,22.1,1.298,3.6,9,0.426430969,4.400072314,0,150,2026-04-28T16:35:19Z,1998-01-01
978,1,2000,978,19996,7.8,22.1,1.298,3.6,9,0.426430969,4.400072314,0,150,2026-04-28T16:35:19Z,1998-01-01
979,1,2000,979,19996,7.8,22.1,1.298,3.6,9,0.426430969,4.400072314,0,150,2026-04-28T16:35:19Z,1998-01-01
980,1,2000,980,19996,7.8,22.1,1.298,3.6,9,0.426430969,4.400072314,0,150,2026-04-28T16:35:19Z,1998-01-01
981,1,2000,981,19996,7.8,22.1,1.298,3.6,9,0.426430969,4.400072314,0,150,2026-04-28T16:35:19Z,1998-01-01
982,1,2000,982,19996,7.8,22.1,1.298,3.6,9,0.426430969,4.400072314,0,150,2026-04-28T16:35:19Z,1998-01-01
983,1,2000,983,19996,7.8,22.1,1.298,3.6,9,0.426430969,4.400072314,0,150,2026-04-28T16:35:19Z,1998-01-01
984,1,2000,984,19996,7.8,22.1,1.298,3.6,9,0.426430969,4.400072314,0,150,2026-04-28T16:35:19Z,1998-01-01
985,1,2000,985,19996,7.8,22.1,1.298,3.6,9,0.426430969,4.400072314,0,150,2026-04-28T16:35:19Z,1998-01-01
986,1,2000,986,19996,7.8,22.1,1.298,3.6,9,0.426430969,4.400072314,0,150,2026-04-28T16:35:19Z,1998-01-01
987,1,2000,987,19996,7.8,22.1,1.298,3.6,9,0.426430969,4.400072314,0,150,2026-04-28T16:35:19Z,1998-01-01
988,1,2000,988,19996,7.8,22.1,1.298,3.6,9,0.426430969,4.400072314,0,150,2026-04-28T16:35:19Z,1998-01-01
989,1,2000,989,19996,7.8,22.1,1.298,3.6,9,0.426430969,4.400072314,0,150,2026-04-28T16:35:19Z,1998-01-01
990,1,2000,990,19996,7.8,22.1,1.298,3.6,9,0.426430969,4.400072314,0,150,2026-04-28T16:35:19Z,1998-01-01
991,1,2000,991,19996,7.8,22.1,1.298,3.6,9,0.426430969,4.400072314,0,150,2026-04-28T16:35:19Z,1998-01-01
992,1,2000,992,19996,7.8,22.1,1.298,3.6,9,0.426430969,4.400072314,0,150,2026-04-28T16:35:19Z,1998-01-01
993,1,2000,993,19996,7.8,22.1,1.298,3.6,9,0.426430969,4.400072314,0,150,2026-04-28T16:35:19Z,1998-01-01
994,1,2000,994,19996,7.8,22.1,1.298,3.6,9,0.426430969,4.400072314,0,150,2026-04-28T16:35:19Z,1998-01-01
995,1,2000,995,19996,7.8,22.1,1.298,3.6,9,0.426430969,4.400072314,0,150,2026-04-28T16:35:19Z,1998-01-01
996,1,2000,996,19996,7.8,22.1,1.298,3.6,9,0.426430969,4.400072314,0,150,2026-04-28T16:35:19Z,1998-01-01
997,1,2000,997,19996,7.8,22.1,1.298,3.6,9,0.426430969,4.400072314,0,150,2026-04-28T16:35:19Z,1998-01-01
998,1,2000,998,19996,7.8,22.1,1.298,3.6,9,0.426430969,4.400072314,0,150,2026-04-28T16:35:19Z,1998-01-01
999,1,2000,999,19996,7.8,22.1,1.298,3.6,9,0.426430969,4.400072314,0,150,2026-04-28T16:35:19Z,1998-01-01
1000,1,2000,1000,19996,7.8,22.1,1.298,3.6,9,0.426430969,4.400072314,0,150,2026-04-28T16:35:19Z,1998-01-01
