comfort_error_mean,comfort_violation_rate,conflict_penalty_mean,context_counts_json,dominant_climate_context_id,energy_kwh_normalized,first_timestamp,last_timestamp,learning_elapsed_sec,mpc_cost_mean,oscillation_penalty_mean,period,prediction_error_mean,reward_mean,rl_q_delta_mean,rl_td_error_mean,steps,switching_penalty_mean,uncertainty_radius_mean
0.004706076388888891,0.0,0.01171875,"{""C02"": 288}",C02,43.94884416666652,2016-07-15 00:00:00,2016-07-15 23:55:00,522.4944303035736,152798.44935520785,0.03233506944444445,2016-07-15,0.0,0.9433385207784828,0.01042104419512811,0.1302630524391014,288,0.07903645833333334,0.5270322856688606
0.00439082054093567,0.0,0.004774305555555556,"{""C10"": 288}",C10,45.68024999999989,2016-07-16 00:00:00,2016-07-16 23:55:00,1089.877697467804,16416563.626818964,0.013237847222222222,2016-07-16,0.0,0.9485269560355523,0.007022660561285216,0.08778325701606526,288,0.028906249999999998,0.12523806052550815
0.004271259137426898,0.0,0.006727430555555556,"{""C10"": 288}",C10,117.11525041666745,2016-07-17 00:00:00,2016-07-17 23:55:00,1606.8003129959106,94472751.25727525,0.029947916666666668,2016-07-17,0.0,0.939353476363443,0.0011762016097597514,0.014702520121996878,288,0.05364583333333333,0.05022153489586831
0.0043969289108187135,0.0,0.003689236111111111,"{""C02"": 288}",C02,100.14462500000035,2016-07-18 00:00:00,2016-07-18 23:55:00,2111.9268436431885,410378725.2633983,0.023220486111111112,2016-07-18,0.0,0.943347066677842,0.0006900723980919002,0.008625904976148754,288,0.04366319444444444,0.05000000000000024
0.004483419225146201,0.0,0.0030381944444444445,"{""C02"": 288}",C02,111.16160458333341,2016-07-19 00:00:00,2016-07-19 23:55:00,2615.2459383010864,1748412739.7415578,0.019965277777777776,2016-07-19,0.0,0.9380474329393367,0.0005916209648548159,0.007395262060685205,288,0.04105902777777778,0.05000000000000024
0.004467975146198832,0.0,0.0,"{""C02"": 288}",C02,28.331916666666555,2016-07-20 00:00:00,2016-07-20 23:55:00,3118.8229415416718,7325594501.652576,0.0008680555555555555,2016-07-20,0.0,0.9538482673901942,0.005286239252270747,0.06607799065338434,288,0.0024305555555555556,0.05000000000000024
0.004316540570175441,0.0,0.00021701388888888888,"{""C10"": 288}",C10,34.70373999999988,2016-07-21 00:00:00,2016-07-21 23:55:00,3662.547333717346,29909041882.666412,0.007378472222222222,2016-07-21,0.0,0.9517171082537137,0.0006033994039934596,0.0075424925499182555,288,0.017187499999999998,0.05000000000000024
0.0044624451754385975,0.0,0.006293402777777778,"{""C10"": 288}",C10,106.74577083333355,2016-07-22 00:00:00,2016-07-22 23:55:00,4229.90091085434,129452763674.08318,0.03407118055555555,2016-07-22,0.0,0.938277345783531,0.0005594167372183991,0.00699270921522998,288,0.050173611111111106,0.05000000000000024
0.004494109100877193,0.0,0.002170138888888889,"{""C02"": 288}",C02,90.15285416666674,2016-07-23 00:00:00,2016-07-23 23:55:00,4741.776522636414,548848928599.06726,0.028862847222222224,2016-07-23,0.0,0.9432566607107711,0.001808264802313611,0.02260331002892012,288,0.05060763888888889,0.05000000000000024
0.004505234831871347,0.0,0.0026041666666666665,"{""C02"": 288}",C02,67.9030629166664,2016-07-24 00:00:00,2016-07-24 23:55:00,5231.917063951492,2315011705563.967,0.007378472222222222,2016-07-24,0.0,0.9415163972635161,0.000816834479623583,0.010210430995294763,288,0.017838541666666666,0.05000000000000024
0.004303768274853803,0.0,0.003472222222222222,"{""C10"": 288}",C10,72.65613583333345,2016-07-25 00:00:00,2016-07-25 23:55:00,5718.988392114639,9334252602722.404,0.013237847222222222,2016-07-25,0.0,0.9465319746269282,0.0001977483252029159,0.002471854065036453,288,0.025434027777777774,0.05000000000000024
0.004393451206140351,0.0,0.006727430555555556,"{""C02"": 288}",C02,119.32754125000041,2016-07-26 00:00:00,2016-07-26 23:55:00,6207.731667757034,39942397664271.625,0.046875,2016-07-26,0.0,0.9344501760681584,0.0014025311623410272,0.01753163952926285,288,0.09401041666666668,0.05000000000000024
0.004336524122807016,0.0,0.006293402777777778,"{""C02"": 288}",C02,85.12999000000018,2016-07-27 00:00:00,2016-07-27 23:55:00,6699.578063964844,166321849674869.8,0.026692708333333332,2016-07-27,0.0,0.9397249807051735,0.0005380147412080613,0.006725184265100784,288,0.057118055555555554,0.05000000000000024
0.004276169590643272,0.0,0.006293402777777778,"{""C08"": 288}",C08,69.15759416666658,2016-07-28 00:00:00,2016-07-28 23:55:00,7196.971035003662,690876819314148.6,0.029513888888888888,2016-07-28,0.0,0.9439571272131706,0.012354618104910373,0.15443272631137972,288,0.05907118055555557,0.05000000000000024
0.0042707200292397655,0.0,0.006727430555555556,"{""C02"": 288}",C02,107.85191833333357,2016-07-29 00:00:00,2016-07-29 23:55:00,7680.214829206467,2895475540309811.5,0.04210069444444445,2016-07-29,0.0,0.9351834794737894,0.0008591808100145743,0.010739760125182176,288,0.06861979166666667,0.05000000000000024
0.004186993786549709,0.0,0.003689236111111111,"{""C10"": 288}",C10,56.57582333333308,2016-07-30 00:00:00,2016-07-30 23:55:00,8151.405131101608,1.1960669805580708e+16,0.008680555555555556,2016-07-30,0.0,0.9434372831096596,0.003286599605864776,0.041082495073309626,288,0.025,0.05000000000000024
0.004370369152046785,0.0,0.004991319444444444,"{""C02"": 288}",C02,46.813375833333204,2016-07-31 00:00:00,2016-07-31 23:55:00,8627.67926645279,5.228398635716029e+16,0.022352430555555556,2016-07-31,0.0,0.9464216853328976,0.0004158275362131496,0.00519784420266436,288,0.047352430555555554,0.05000000000000024
0.004259883040935674,0.0,0.004557291666666667,"{""C10"": 288}",C10,72.91243666666686,2016-08-01 00:00:00,2016-08-01 23:55:00,9105.430638313293,2.1491170324100586e+17,0.019965277777777776,2016-08-01,0.0,0.9469628291343984,0.0002089235513235555,0.002611544391544434,288,0.03194444444444444,0.05000000000000024
0.0042854906798245615,0.0,0.005642361111111111,"{""C10"": 288}",C10,75.00332333333355,2016-08-02 00:00:00,2016-08-02 23:55:00,9587.886566638947,9.098234036448763e+17,0.036675347222222224,2016-08-02,0.0,0.9408420353900806,0.0014348652154455794,0.01793581519306977,288,0.062109374999999994,0.05000000000000024
0.004250195540935674,0.0,0.004774305555555556,"{""C10"": 288}",C10,63.39280166666643,2016-08-03 00:00:00,2016-08-03 23:55:00,10063.514434337616,3.797188402738045e+18,0.024088541666666668,2016-08-03,0.0,0.942656982022965,0.0006061076040659403,0.0075763450508242415,288,0.04670138888888889,0.05000000000000024
0.004280381030701753,0.0,0.008246527777777778,"{""C10"": 288}",C10,85.52118791666689,2016-08-04 00:00:00,2016-08-04 23:55:00,10538.035780668259,1.608875853945683e+19,0.030815972222222224,2016-08-04,0.0,0.9361044536652883,0.0016101349211212295,0.020126686514015394,288,0.05755208333333333,0.05000000000000024
0.004257460709064327,0.0,0.0,"{""C10"": 288}",C10,28.331916666666555,2016-08-05 00:00:00,2016-08-05 23:55:00,11015.035436153412,6.725166412688742e+19,0.0008680555555555555,2016-08-05,0.0,0.9540725005859194,0.00024227067167435938,0.0030283833959294858,288,0.0024305555555555556,0.05000000000000024
0.004254298245614031,0.0,0.001736111111111111,"{""C10"": 288}",C10,78.16462458333345,2016-08-06 00:00:00,2016-08-06 23:55:00,11490.32405090332,2.823747737272274e+20,0.013237847222222222,2016-08-06,0.0,0.9433643720734993,0.0006482298594761523,0.00810287324345189,288,0.025434027777777774,0.05000000000000024
0.00431751461988304,0.0,0.005642361111111111,"{""C10"": 288}",C10,140.82191666666722,2016-08-07 00:00:00,2016-08-07 23:55:00,11968.433855056763,1.2052038514160855e+21,0.05251736111111111,2016-08-07,0.0,0.9352985608564229,0.0013465189680318518,0.01683148710039814,288,0.08663194444444446,0.05000000000000024
0.0042931377923976595,0.0,0.006944444444444444,"{""C10"": 288}",C10,96.13347999999986,2016-08-08 00:00:00,2016-08-08 23:55:00,12445.66466331482,5.053023181454663e+21,0.031032986111111112,2016-08-08,0.0,0.9410974329987898,0.000687412698192806,0.008592658727410107,288,0.06514756944444444,0.05000000000000024
0.004298459429824559,0.0,0.004774305555555556,"{""C10"": 288}",C10,74.30186416666645,2016-08-09 00:00:00,2016-08-09 23:55:00,12921.755839586258,2.1213224616556145e+22,0.027994791666666668,2016-08-09,0.0,0.9438341054135273,0.0006594853774112901,0.008243567217641117,288,0.05581597222222222,0.05000000000000024
0.004294549524853796,0.0,0.004991319444444444,"{""C10"": 288}",C10,68.79337583333329,2016-08-10 00:00:00,2016-08-10 23:55:00,13400.945786714554,8.950556802394565e+22,0.028428819444444444,2016-08-10,0.0,0.9437923992543311,0.00046381490068149954,0.005797686258518729,288,0.06124131944444444,0.05000000000000024
0.004373892543859647,0.0,0.008029513888888888,"{""C10"": 288}",C10,118.94983416666713,2016-08-11 00:00:00,2016-08-11 23:55:00,13881.530471086502,3.832269659246719e+23,0.043402777777777776,2016-08-11,0.0,0.9346180948937843,0.0009905056302495292,0.012381320378119136,288,0.07621527777777778,0.05000000000000024
0.004361600877192983,0.0,0.005425347222222222,"{""C10"": 288}",C10,122.24603125000053,2016-08-12 00:00:00,2016-08-12 23:55:00,14356.701171875,1.6088624020595454e+24,0.029079861111111112,2016-08-12,0.0,0.9390254855978539,0.00031860348648813134,0.003982543581101648,288,0.05190972222222222,0.05000000000000024
0.004347432383040935,0.0,0.006727430555555556,"{""C10"": 288}",C10,68.49660333333321,2016-08-13 00:00:00,2016-08-13 23:55:00,14829.567485570908,6.708336248851795e+24,0.023654513888888888,2016-08-13,0.0,0.9426279163425529,0.0012822434219281985,0.016028042774102483,288,0.040407986111111106,0.05000000000000024
0.004275264985380118,0.0,0.006510416666666667,"{""C10"": 288}",C10,89.85608333333359,2016-08-14 00:00:00,2016-08-14 23:55:00,15308.170191287994,2.778575788445593e+25,0.024956597222222224,2016-08-14,0.0,0.9415212698751636,0.0004515134840459537,0.005643918550574425,288,0.052343749999999994,0.05000000000000024
0.0042640433114035075,0.0,0.010416666666666666,"{""C10"": 288}",C10,123.20379125000068,2016-08-15 00:00:00,2016-08-15 23:55:00,15784.085836410522,1.1674109363629177e+26,0.04014756944444445,2016-08-15,0.0,0.9380897433474034,0.000514942885289534,0.006436786066119134,288,0.07751736111111113,0.05000000000000024
0.004305837902046784,0.0,0.006727430555555556,"{""C10"": 288}",C10,101.95223000000027,2016-08-16 00:00:00,2016-08-16 23:55:00,16260.942622423172,4.952478289877646e+26,0.038411458333333336,2016-08-16,0.0,0.9378889682283168,0.000911122580291089,0.011389032253638647,288,0.06449652777777778,0.05000000000000024
0.004303631213450289,0.0,0.002387152777777778,"{""C10"": 288}",C10,56.80514666666641,2016-08-17 00:00:00,2016-08-17 23:55:00,16736.80822658539,2.074959514983997e+27,0.014322916666666666,2016-08-17,0.0,0.9458612138489835,0.000554301421284762,0.006928767766059506,288,0.025651041666666666,0.05000000000000024
0.004246070906432748,0.0,0.004340277777777778,"{""C10"": 288}",C10,41.04858333333321,2016-08-18 00:00:00,2016-08-18 23:55:00,17220.41093468666,8.630331742424972e+27,0.014756944444444444,2016-08-18,0.0,0.947252825115522,0.00020941488146549383,0.002617686018318671,288,0.03498263888888889,0.05000000000000024
0.004214435307017546,0.0,0.001953125,"{""C10"": 288}",C10,61.55821833333309,2016-08-19 00:00:00,2016-08-19 23:55:00,17712.815632104874,3.597496219388328e+28,0.013671875,2016-08-19,0.0,0.9489679436730134,7.557940579813285e-05,0.0009447425724766613,288,0.017621527777777774,0.05000000000000024
0.00424571454678363,0.0,0.006076388888888889,"{""C10"": 288}",C10,90.12587458333317,2016-08-20 00:00:00,2016-08-20 23:55:00,18197.529571294785,1.5277733824492863e+29,0.027994791666666668,2016-08-20,0.0,0.9417743444998812,0.0002613378732360546,0.003266723415450698,288,0.05060763888888889,0.05000000000000024
0.004228177997076022,0.0,0.0028211805555555555,"{""C10"": 288}",C10,64.13472958333305,2016-08-21 00:00:00,2016-08-21 23:55:00,18673.827220916748,6.390139373414453e+29,0.030381944444444444,2016-08-21,0.0,0.9458306784966685,0.001211486875582462,0.015143585944780762,288,0.05993923611111112,0.05000000000000024
0.004201848501461988,0.0,0.001953125,"{""C10"": 288}",C10,67.02623958333304,2016-08-22 00:00:00,2016-08-22 23:55:00,19151.33356809616,2.670299347446248e+30,0.006293402777777778,2016-08-22,0.0,0.9451933798692911,0.00047668746937897113,0.005958593367237193,288,0.01154513888888889,0.05000000000000024
0.0042298793859649126,0.0,0.005859375,"{""C10"": 288}",C10,35.91780166666648,2016-08-23 00:00:00,2016-08-23 23:55:00,19628.05674624443,1.1286869669196078e+31,0.018663194444444444,2016-08-23,0.0,0.9471399797096544,0.00038460615294533,0.004807576911816626,288,0.04409722222222222,0.05000000000000024
0.0042590579312865515,0.0,0.004340277777777778,"{""C10"": 288}",C10,56.68373999999971,2016-08-24 00:00:00,2016-08-24 23:55:00,20105.5385761261,4.785931068349828e+31,0.013454861111111112,2016-08-24,0.0,0.9464648577080036,0.00016415668323423508,0.0020519585404279446,288,0.026953124999999998,0.05000000000000024
0.004223757309941525,0.0,0.0028211805555555555,"{""C10"": 288}",C10,46.05795916666652,2016-08-25 00:00:00,2016-08-25 23:55:00,20584.957322835922,1.9981096213389798e+32,0.009765625,2016-08-25,0.0,0.9473441728995391,0.0004464803495003377,0.005581004368754202,288,0.021961805555555554,0.05000000000000024
0.00427892543859649,0.0,0.004340277777777778,"{""C10"": 288}",C10,67.78165666666662,2016-08-26 00:00:00,2016-08-26 23:55:00,21065.835439682007,8.490023638229565e+32,0.014322916666666666,2016-08-26,0.0,0.9444570736021318,0.00020456995820973946,0.0025571244776217516,288,0.028472222222222218,0.05000000000000024
0.004369642726608183,0.0,0.006293402777777778,"{""C10"": 288}",C10,64.12123916666644,2016-08-27 00:00:00,2016-08-27 23:55:00,21545.861085891724,3.649298810973057e+33,0.033203125,2016-08-27,0.0,0.9422274448394836,0.0007414798692309566,0.009268498365386955,288,0.057986111111111106,0.05000000000000024
0.00427279879385965,0.0,0.006510416666666667,"{""C10"": 288}",C10,107.48769875000075,2016-08-28 00:00:00,2016-08-28 23:55:00,22024.483274936676,1.499784288715005e+34,0.03233506944444445,2016-08-28,0.0,0.9335130835953341,0.0007780311182248753,0.009725388977810959,288,0.06883680555555556,0.05000000000000024
0.004251133040935672,0.0,0.002170138888888889,"{""C10"": 288}",C10,105.8959266666671,2016-08-29 00:00:00,2016-08-29 23:55:00,22557.3255982399,6.293368756768439e+34,0.027994791666666668,2016-08-29,0.0,0.9422193746376532,0.00022450108038403482,0.0028062635048004556,288,0.054947916666666666,0.05000000000000024
0.004272346491228072,0.0,0.001736111111111111,"{""C10"": 288}",C10,50.33889666666656,2016-08-30 00:00:00,2016-08-30 23:55:00,23054.16935968399,2.6633603081719773e+35,0.007378472222222222,2016-08-30,0.0,0.9513197658592182,0.00044455941091089274,0.005556992636386152,288,0.0171875,0.05000000000000024
0.004293402777777777,0.0,0.00021701388888888888,"{""C10"": 288}",C10,61.20748999999971,2016-08-31 00:00:00,2016-08-31 23:55:00,23535.70801758766,1.126537489210473e+36,0.005859375,2016-08-31,0.0,0.9472188639777787,0.000182217180483516,0.002277714756043979,288,0.008940972222222223,0.05000000000000024
0.004320232090643275,0.0,0.006510416666666667,"{""C10"": 288}",C10,90.75988625000055,2016-09-01 00:00:00,2016-09-01 23:55:00,24027.88887143135,4.737783482826801e+36,0.03298611111111111,2016-09-01,0.0,0.9403445413688379,0.0005583272351672965,0.006979090439591221,288,0.05646701388888889,0.05000000000000024
0.0042749917763157865,0.0,0.004123263888888889,"{""C02"": 288}",C02,106.24665666666738,2016-09-02 00:00:00,2016-09-02 23:55:00,24622.706998348236,1.9710175893538922e+37,0.024522569444444444,2016-09-02,0.0,0.9375207832274888,0.0005031239858512891,0.006289049823141102,288,0.047135416666666666,0.05000000000000024
0.004178044590643276,0.0,0.004340277777777778,"{""C10"": 288}",C10,51.445041666666555,2016-09-03 00:00:00,2016-09-03 23:55:00,25129.144694566727,8.148863908897851e+37,0.016927083333333332,2016-09-03,0.0,0.9491069458176165,0.00025476182823437225,0.0031845228529296817,288,0.035416666666666666,0.05000000000000024
0.004393753654970759,0.0,0.002387152777777778,"{""C02"": 288}",C02,73.80275041666657,2016-09-04 00:00:00,2016-09-04 23:55:00,25605.629328727722,3.591370418899501e+38,0.023003472222222224,2016-09-04,0.0,0.942970515392842,0.000639941656423885,0.007999270705298576,288,0.043446180555555554,0.05000000000000024
0.004285851608187134,0.0,0.002170138888888889,"{""C10"": 288}",C10,61.5717083333331,2016-09-05 00:00:00,2016-09-05 23:55:00,26117.846302747726,1.471555685654586e+39,0.01171875,2016-09-05,0.0,0.9489869804170868,8.804581992015486e-05,0.0011005727490019533,288,0.02239583333333333,0.05000000000000024
0.004206117507309942,0.0,0.0,"{""C10"": 288}",C10,28.439833333333222,2016-09-06 00:00:00,2016-09-06 23:55:00,26657.15851521492,6.092244792756857e+39,0.001736111111111111,2016-09-06,0.0,0.954109584656271,0.0005358101028320812,0.006697626285400987,288,0.0041666666666666675,0.05000000000000024
0.004210222953216372,0.0,0.006293402777777778,"{""C02"": 288}",C02,120.49493791666707,2016-09-07 00:00:00,2016-09-07 23:55:00,27185.5792760849,2.5431347226377846e+40,0.03927951388888889,2016-09-07,0.0,0.9145339437053356,0.0033412561151511108,0.04176570143938894,288,0.08554687500000001,0.05000000000000024
0.00411483369883041,0.0,0.001953125,"{""C02"": 288}",C02,115.01670833333365,2016-09-08 00:00:00,2016-09-08 23:55:00,27682.35872888565,1.0499764253568617e+41,0.012803819444444444,2016-09-08,0.0,0.9093180511662798,0.00035418052666653645,0.004427256583331727,288,0.02630208333333333,0.05000000000000024
0.004167666301169592,0.0,0.006944444444444444,"{""C10"": 288}",C10,136.7101445833342,2016-09-09 00:00:00,2016-09-09 23:55:00,28228.580321788788,4.531263005488133e+41,0.03602430555555555,2016-09-09,0.0,0.9117154560094344,0.002650193013893998,0.03312741267367499,288,0.07447916666666668,0.05000000000000024
0.004262896564327484,0.0,0.018012152777777776,"{""C10"": 288}",C10,104.82551000000078,2016-09-10 00:00:00,2016-09-10 23:55:00,28704.667702436447,1.9266989189960642e+42,0.061197916666666664,2016-09-10,0.0,0.9279661858073391,0.0006045546949629198,0.007556933687036516,288,0.1287326388888889,0.05000000000000024
0.004215264985380116,0.0,0.006727430555555556,"{""C10"": 288}",C10,115.28394833333346,2016-09-11 00:00:00,2016-09-11 23:55:00,29186.745195150375,8.046274502124607e+42,0.03515625,2016-09-11,0.0,0.9263612249801542,0.0031674315629353976,0.0395928945366925,288,0.07274305555555556,0.05000000000000024
0.004173952850877193,0.0,0.0013020833333333333,"{""C10"": 288}",C10,91.33446916666628,2016-09-12 00:00:00,2016-09-12 23:55:00,29665.610207796097,3.326936287539683e+43,0.016059027777777776,2016-09-12,0.0,0.932345949954065,0.0005235318643051217,0.006544148303814015,288,0.03975694444444444,0.05000000000000024
0.0041992187500000016,0.0,0.004557291666666667,"{""C02"": 288}",C02,131.47144791666713,2016-09-13 00:00:00,2016-09-13 23:55:00,30140.559505462646,1.4262737644598118e+44,0.03342013888888889,2016-09-13,0.0,0.9173419453021968,0.0005406924854678921,0.006758656068348596,288,0.06080729166666668,0.05000000000000024
0.004212538377192983,0.0,0.008680555555555556,"{""C10"": 288}",C10,106.46248999999987,2016-09-14 00:00:00,2016-09-14 23:55:00,30615.230732679367,5.958366282400281e+44,0.025390625,2016-09-14,0.0,0.9371455853013477,0.00033065462728790006,0.004133182841098719,288,0.05451388888888889,0.05000000000000024
0.004313713450292402,0.0,0.006944444444444444,"{""C02"": 288}",C02,52.03858333333313,2016-09-15 00:00:00,2016-09-15 23:55:00,31114.058465719223,2.575050560646748e+45,0.019965277777777776,2016-09-15,0.0,0.9461932612987278,0.0006423720545139285,0.008029650681424125,288,0.05190972222222222,0.05000000000000024
0.0042515095029239764,0.0,0.011284722222222222,"{""C10"": 288}",C10,140.78144625000056,2016-09-16 00:00:00,2016-09-16 23:55:00,31633.561843395233,1.0632930834478642e+46,0.048394097222222224,2016-09-16,0.0,0.9324021414865568,0.0010079141302621279,0.012598926628276604,288,0.09140625000000001,0.05000000000000024
0.004292681834795322,0.0,0.002170138888888889,"{""C02"": 288}",C02,40.549468333333095,2016-09-17 00:00:00,2016-09-17 23:55:00,32148.6017203331,4.5091782820720867e+46,0.012369791666666666,2016-09-17,0.0,0.9497695592831641,0.0003186448967664474,0.003983061209580579,288,0.023914930555555554,0.05000000000000024
0.004148774671052632,0.0,0.010416666666666666,"{""C02"": 288}",C02,206.6915525000009,2016-09-18 00:00:00,2016-09-18 23:55:00,32670.52718925476,1.8119231161540511e+47,0.060980902777777776,2016-09-18,0.0,0.8934367045857609,0.0025490890018167443,0.0318636125227093,288,0.1287326388888889,0.05000000000000024
0.004045560124269005,0.0,0.005208333333333333,"{""C05"": 288}",C05,162.16972916666717,2016-09-19 00:00:00,2016-09-19 23:55:00,33140.59994482994,1.134631376584995e+53,0.030164930555555556,2016-09-19,0.0,0.9014418551688225,0.012738638392529925,0.1592329799066242,288,0.062109374999999994,0.05000000000000024
0.004123565423976608,0.0,0.005425347222222222,"{""C10"": 288}",C10,143.82389625000044,2016-09-20 00:00:00,2016-09-20 23:55:00,33616.33333778381,4.098091860956199e+54,0.038411458333333336,2016-09-20,0.0,0.9117640541939426,0.0008041975354376534,0.010052469192970698,288,0.08229166666666668,0.05000000000000024
0.004300206505847955,0.0,0.003689236111111111,"{""C02"": 288}",C02,71.7610841666665,2016-09-21 00:00:00,2016-09-21 23:55:00,34082.282370090485,1.7798696955527885e+55,0.019314236111111112,2016-09-21,0.0,0.9440953037204759,0.001307135038159236,0.016339187976990452,288,0.03585069444444444,0.05000000000000024
0.004181065423976609,0.0,0.0010850694444444445,"{""C10"": 288}",C10,61.69311499999989,2016-09-22 00:00:00,2016-09-22 23:55:00,34550.462466716766,7.290488845376786e+55,0.011501736111111112,2016-09-22,0.0,0.9474240125911833,0.0009683893188806191,0.012104866486007752,288,0.016753472222222218,0.05000000000000024
0.0041793329678362565,0.0,0.005642361111111111,"{""C10"": 288}",C10,111.62025041666656,2016-09-23 00:00:00,2016-09-23 23:55:00,35018.49130153656,3.0672500312208623e+56,0.029296875,2016-09-23,0.0,0.9397955174309897,0.0012353230085951667,0.015441537607439555,288,0.052343749999999994,0.05000000000000024
0.004175331688596494,0.0,0.010633680555555556,"{""C10"": 288}",C10,128.9853533333335,2016-09-24 00:00:00,2016-09-24 23:55:00,35486.09377074242,1.2769812095964225e+57,0.041015625,2016-09-24,0.0,0.9201841672407828,0.00021340339136886974,0.0026675423921108652,288,0.07860243055555556,0.05000000000000024
0.003883149671052631,0.0,0.0032552083333333335,"{""C05"": 288}",C05,220.88113666666763,2016-09-25 00:00:00,2016-09-25 23:55:00,35960.14795255661,6.958848201378932e+62,0.041449652777777776,2016-09-25,0.0,0.8698803902880724,0.0038600963058166523,0.048251203822708165,288,0.07361111111111113,0.05000000000000024
0.003981042580409357,0.0,0.005425347222222222,"{""C05"": 288}",C05,152.8342087500009,2016-09-26 00:00:00,2016-09-26 23:55:00,36537.71649098396,4.296111712864049e+69,0.033854166666666664,2016-09-26,0.0,0.9013618252371133,0.0013211348759916493,0.016514185949895635,288,0.07382812500000001,0.05000000000000024
0.0041509046052631594,0.0,0.009982638888888888,"{""C10"": 288}",C10,125.94947000000079,2016-09-27 00:00:00,2016-09-27 23:55:00,37045.990916490555,1.5362143905667523e+71,0.025824652777777776,2016-09-27,0.0,0.9098224984828467,0.0037451070676465564,0.046813838345582004,288,0.06276041666666668,0.05000000000000024
0.004136290204678365,0.0,0.0,"{""C10"": 288}",C10,57.6852499999997,2016-09-28 00:00:00,2016-09-28 23:55:00,37530.57044482231,6.423722648106637e+71,0.0078125,2016-09-28,0.0,0.9364143870210001,0.0003869899300607416,0.00483737412575928,288,0.023263888888888886,0.05000000000000024
0.0036711787280701777,0.0,0.0,"{""C02"": 288}",C02,164.99488500000038,2016-09-29 00:00:00,2016-09-29 23:55:00,38018.27597570419,2.2750305499661133e+72,0.008029513888888888,2016-09-29,0.0,0.8738777801044683,0.002175882999386765,0.02719853749233457,288,0.020225694444444442,0.05000000000000024
0.0035207867324561393,0.0,0.0,"{""C05"": 288}",C05,189.20066666666781,2016-09-30 00:00:00,2016-09-30 23:55:00,38586.01685714722,1.2239398640940678e+78,0.015625,2016-09-30,0.0,0.8697639155727321,0.00013472449745956453,0.0016840562182445808,288,0.042361111111111106,0.05000000000000024
0.0033497861842105283,0.0,0.004557291666666667,"{""C07"": 288}",C07,285.5009795833335,2016-10-01 00:00:00,2016-10-01 23:55:00,39075.89139008522,4.45796295130735e+105,0.03233506944444445,2016-10-01,0.0,0.8420362984708183,0.009638460178337813,0.12048075222922248,288,0.054947916666666666,0.05000000000000024
0.0034813605628655,0.0,0.003689236111111111,"{""C05"": 288}",C05,252.91415666666762,2016-10-02 00:00:00,2016-10-02 23:55:00,39556.232587337494,1.1373199827305187e+113,0.034722222222222224,2016-10-02,0.0,0.8530116259536414,0.0006339180656728984,0.00792397582091122,288,0.07534722222222223,0.05000000000000024
0.003657065058479531,0.0,0.008029513888888888,"{""C05"": 288}",C05,214.9449883333344,2016-10-03 00:00:00,2016-10-03 23:55:00,40075.486468076706,6.4387388472057764e+119,0.033854166666666664,2016-10-03,0.0,0.8665985035322996,0.003213817768832172,0.040172722110402154,288,0.08033854166666668,0.05000000000000024
0.003753345211988305,0.0,0.008246527777777778,"{""C05"": 288}",C05,278.18306125000095,2016-10-04 00:00:00,2016-10-04 23:55:00,40562.499678611755,3.5693000830183387e+126,0.0798611111111111,2016-10-04,0.0,0.866087772074869,0.0011518186335982778,0.014397732919978487,288,0.15933159722222223,0.05000000000000024
0.0038440889985380117,0.0,0.0,"{""C05"": 288}",C05,152.94066666666706,2016-10-05 00:00:00,2016-10-05 23:55:00,41067.54763674736,2.0401456825557395e+133,0.015625,2016-10-05,0.0,0.8903821941719037,0.00032868078119787904,0.004108509764973536,288,0.042361111111111106,0.05000000000000024
0.0038877238669590627,0.0,0.006076388888888889,"{""C05"": 288}",C05,156.07900000000112,2016-10-06 00:00:00,2016-10-06 23:55:00,41557.57610821724,1.0611717263025573e+140,0.015842013888888888,2016-10-06,0.0,0.8811926637915453,0.00041273076393808915,0.005159134549226091,288,0.04388020833333333,0.05000000000000024
0.003901895102339178,0.0,0.016059027777777776,"{""C05"": 288}",C05,221.35800916666736,2016-10-07 00:00:00,2016-10-07 23:55:00,42024.43616223335,5.816743848576938e+146,0.04665798611111111,2016-10-07,0.0,0.8720793333729181,0.00059637641911829,0.007454705238978585,288,0.09010416666666668,0.05000000000000024
0.00400160727339181,0.0,0.005208333333333333,"{""C05"": 288}",C05,169.84530250000108,2016-10-08 00:00:00,2016-10-08 23:55:00,42493.59125137329,3.527893820169819e+153,0.037760416666666664,2016-10-08,0.0,0.8974036065164503,0.0010757152053387062,0.013446440066733853,288,0.073828125,0.05000000000000024
0.003961077302631578,0.0,0.008897569444444444,"{""C05"": 288}",C05,169.32248958333355,2016-10-09 00:00:00,2016-10-09 23:55:00,42961.625556230545,1.5611060408915608e+160,0.028862847222222224,2016-10-09,0.0,0.8820358723620721,0.0012784918510509579,0.01598114813813699,288,0.07339409722222223,0.05000000000000024
0.003917120796783629,0.0,0.001953125,"{""C05"": 288}",C05,146.4569175000008,2016-10-10 00:00:00,2016-10-10 23:55:00,43439.78060698509,9.132650867664306e+166,0.012369791666666666,2016-10-10,0.0,0.8936519132393806,0.001751109593276958,0.021888869915962027,288,0.028906249999999998,0.05000000000000024
0.0038759740497076017,0.0,0.003472222222222222,"{""C05"": 288}",C05,132.6873333333336,2016-10-11 00:00:00,2016-10-11 23:55:00,43914.19767141342,5.072327126897913e+173,0.004340277777777778,2016-10-11,0.0,0.8896110391569003,0.00016621368934058664,0.0020776711167573205,288,0.021527777777777774,0.05000000000000024
0.0038645431286549728,0.0,0.002170138888888889,"{""C05"": 288}",C05,188.33405291666787,2016-10-12 00:00:00,2016-10-12 23:55:00,44384.61040234566,2.2306173893062634e+180,0.01953125,2016-10-12,0.0,0.8792842757999382,0.0006046891697597559,0.007558614621996937,288,0.03628472222222222,0.05000000000000024
0.0037172660818713447,0.0,0.002387152777777778,"{""C05"": 288}",C05,240.940875833334,2016-10-13 00:00:00,2016-10-13 23:55:00,44893.87123298645,1.172425913680884e+187,0.042317708333333336,2016-10-13,0.0,0.8669556619156401,0.0007068067550444824,0.00883508443805601,288,0.07838541666666668,0.05000000000000024
0.0038935398391812853,0.0,0.006076388888888889,"{""C05"": 288}",C05,154.4792079166674,2016-10-14 00:00:00,2016-10-14 23:55:00,45412.14071106911,7.140224452782772e+193,0.03927951388888889,2016-10-14,0.0,0.8924276232349323,0.0008205319136587675,0.010256648920734638,288,0.08272569444444446,0.05000000000000024
0.0038083835891812856,0.0,0.0008680555555555555,"{""C05"": 288}",C05,183.48181291666737,2016-10-15 00:00:00,2016-10-15 23:55:00,46000.17249536514,3.336386781095216e+200,0.017578125,2016-10-15,0.0,0.8763837078159298,0.0011789190269048551,0.014736487836310704,288,0.04019097222222222,0.05000000000000024
0.003676102887426901,0.0,0.0008680555555555555,"{""C05"": 288}",C05,191.6922300000011,2016-10-16 00:00:00,2016-10-16 23:55:00,46568.31595182419,1.8170073769512596e+207,0.015190972222222222,2016-10-16,0.0,0.870268979599916,0.00042626698065115074,0.0053283372581393595,288,0.034548611111111106,0.05000000000000024
0.0034898830409356707,0.0,0.018012152777777776,"{""C05"": 288}",C05,303.50775041666697,2016-10-17 00:00:00,2016-10-17 23:55:00,47037.86304807663,7.707585939474785e+213,0.04578993055555555,2016-10-17,0.0,0.8488347129067695,0.000874200342151403,0.010927504276892541,288,0.10941840277777778,0.05000000000000024
0.0029665021929824557,0.0,0.0026041666666666665,"{""C06"": 288}",C06,261.2897300000009,2016-10-18 00:00:00,2016-10-18 23:55:00,47513.402470350266,3.5391649690797487e+220,0.024956597222222224,2016-10-18,0.0,0.8345894996197631,0.011215318862400037,0.1401914857800005,288,0.04887152777777778,0.05000000000000024
0.0032145303362573073,0.0,0.009114583333333334,"{""C05"": 288}",C05,273.6476450000005,2016-10-19 00:00:00,2016-10-19 23:55:00,47984.67746043205,2.110434241669343e+227,0.04275173611111111,2016-10-19,0.0,0.8369028764090909,0.0005787188008322976,0.007233985010403732,288,0.08554687500000001,0.05000000000000024
0.003385997807017543,0.0,0.0026041666666666665,"{""C05"": 288}",C05,205.59051000000107,2016-10-20 00:00:00,2016-10-20 23:55:00,48564.92178630829,1.2619227720087356e+234,0.019748263888888888,2016-10-20,0.0,0.8609319071728952,0.0007319998926011431,0.009149998657514286,288,0.04192708333333333,0.05000000000000024
0.003010762061403509,0.0,0.0032552083333333335,"{""C05"": 288}",C05,272.1812912500001,2016-10-21 00:00:00,2016-10-21 23:55:00,49105.20466351509,4.7157431636977334e+240,0.029730902777777776,2016-10-21,0.0,0.8376389684204226,0.0002270319390936129,0.0028378992386701575,288,0.054947916666666666,0.05000000000000024
0.0030625566520467843,0.0,0.004557291666666667,"{""C00"": 288}",C00,295.90144833333375,2016-10-22 00:00:00,2016-10-22 23:55:00,49591.12254881859,3.029339404398947e+242,0.044270833333333336,2016-10-22,0.0,0.8379011725695749,0.010505532960221442,0.1313191620027679,288,0.07881944444444446,0.05000000000000024
0.003123157894736841,0.0,0.0032552083333333335,"{""C00"": 288}",C00,231.06759291666756,2016-10-23 00:00:00,2016-10-23 23:55:00,50107.5663523674,1.298153698906278e+243,0.018229166666666668,2016-10-23,0.0,0.8440013594988793,0.002109898841432973,0.026373735517912143,288,0.034548611111111106,0.05000000000000024
0.0031347642543859636,0.0,0.006944444444444444,"{""C00"": 288}",C00,338.7013429166667,2016-10-24 00:00:00,2016-10-24 23:55:00,50593.94150137901,5.48098770405497e+243,0.04904513888888889,2016-10-24,0.0,0.8316284986302106,0.0025780781220025068,0.03222597652503133,288,0.0935763888888889,0.05000000000000024
0.002655652412280699,0.0,0.007378472222222222,"{""C11"": 288}",C11,322.50144833333394,2016-10-25 00:00:00,2016-10-25 23:55:00,51085.97064423561,2.2749987354881086e+270,0.02734375,2016-10-25,0.0,0.7995478096717262,0.0065500038005169604,0.08187504750646192,288,0.04973958333333333,0.05000000000000024
0.0034661430921052627,0.0,0.004340277777777778,"{""C07"": 288}",C07,285.88670916666666,2016-10-26 00:00:00,2016-10-26 23:55:00,51576.06336069107,1.1010039729931247e+299,0.039713541666666664,2016-10-26,0.0,0.8316328266801738,0.006174535058868324,0.07718168823585403,288,0.09249131944444446,0.05000000000000024
0.002826359649122807,0.0,0.002170138888888889,"{""C05"": 288}",C05,185.3245633333341,2016-10-27 00:00:00,2016-10-27 23:55:00,52052.208431482315,inf,0.030164930555555556,2016-10-27,0.0,0.9006421632028933,0.0069182376586616095,0.08647797073327014,288,0.06157986111111112,0.05000000000000024
0.0025261458333333342,0.0,0.005859375,"{""C08"": 288}",C08,124.85233666666709,2016-10-28 00:00:00,2016-10-28 23:55:00,52528.217601299286,inf,0.010503472222222221,2016-10-28,0.0,0.9511909154474556,0.007542716076649374,0.09428395095811709,288,0.04259548611111111,0.05000000000000024
0.003752609649122806,0.0,0.001736111111111111,"{""C06"": 288}",C06,219.57446833333432,2016-10-29 00:00:00,2016-10-29 23:55:00,53000.582087516785,262660.9788258861,0.007378472222222222,2016-10-29,0.0,0.8480903186261666,0.00022329939987192026,0.002791242498399008,288,0.025868055555555554,0.05000000000000024
0.003636757127192982,0.0,0.005425347222222222,"{""C05"": 288}",C05,244.5276458333343,2016-10-30 00:00:00,2016-10-30 23:55:00,53488.933282613754,1383804181443.8267,0.04275173611111111,2016-10-30,0.0,0.8480478254827947,0.0008522420825528628,0.010653026031910774,288,0.08033854166666668,0.05000000000000024
0.0037201370614035104,0.0,0.0,"{""C05"": 288}",C05,195.03764625000096,2016-10-31 00:00:00,2016-10-31 23:55:00,54037.046708106995,8.16265895425727e+18,0.025607638888888888,2016-10-31,0.0,0.870350940573543,0.0005785930644715997,0.007232413305895028,288,0.05538194444444444,0.05000000000000024
0.0039980957602339185,0.0,0.0008680555555555555,"{""C02"": 288}",C02,169.66446833333467,2016-11-01 00:00:00,2016-11-01 23:55:00,54558.01972556114,3.228331045926705e+20,0.04123263888888889,2016-11-01,0.0,0.8899303072335578,0.002846499629622855,0.03558124537028571,288,0.08511284722222223,0.05000000000000024
0.003250603070175441,0.0,0.001736111111111111,"{""C05"": 288}",C05,229.6883754166674,2016-11-02 00:00:00,2016-11-02 23:55:00,55035.583666324615,6.141205039953815e+25,0.026909722222222224,2016-11-02,0.0,0.853265787626615,0.00031357185092857935,0.00391964813660722,288,0.057986111111111106,0.05000000000000024
0.002034803545321636,0.0,0.0,"{""C07"": 288}",C07,292.4856666666673,2016-11-03 00:00:00,2016-11-03 23:55:00,55559.28755426407,4.976982633062045e+53,0.010633680555555556,2016-11-03,0.0,0.8091966465997978,0.00021928316420686636,0.002741039552585788,288,0.020225694444444442,0.05000000000000024
0.00255060124269006,0.0,0.004774305555555556,"{""C00"": 288}",C00,338.3119691666673,2016-11-04 00:00:00,2016-11-04 23:55:00,56040.75999069214,1.563104065394593e+56,0.023871527777777776,2016-11-04,0.0,0.8022653801185102,0.0016678108770528605,0.020847635963160773,288,0.053211805555555554,0.05000000000000024
0.002996374269005849,0.0,0.0030381944444444445,"{""C05"": 288}",C05,228.86405250000092,2016-11-05 00:00:00,2016-11-05 23:55:00,56516.17242360115,9.620475336658913e+61,0.006293402777777778,2016-11-05,0.0,0.8401543837401502,0.0006225760480786786,0.007782200600983482,288,0.021093749999999998,0.05000000000000024
0.0029221427266081885,0.0,0.005425347222222222,"{""C11"": 288}",C11,316.412907083334,2016-11-06 00:00:00,2016-11-06 23:55:00,56992.38074541092,7.239438251341372e+89,0.030598958333333332,2016-11-06,0.0,0.8024298308161165,0.004321999798212765,0.05402499747765956,288,0.047352430555555554,0.05000000000000024
0.002349509320175438,0.0,0.0030381944444444445,"{""C11"": 288}",C11,337.36769750000065,2016-11-07 00:00:00,2016-11-07 23:55:00,57468.085632801056,1.56574919116597e+118,0.03884548611111111,2016-11-07,0.0,0.800769816252845,0.000990279173446085,0.01237848966807606,288,0.07057291666666667,0.05000000000000024
0.002260066703216376,0.0,0.005642361111111111,"{""C00"": 288}",C00,317.9507191666672,2016-11-08 00:00:00,2016-11-08 23:55:00,57939.31598043442,3.413821522428346e+120,0.018012152777777776,2016-11-08,0.0,0.8014671883687039,0.0006008834333368973,0.007511042916711218,288,0.03324652777777778,0.05000000000000024
0.0023042370248538007,0.0,0.001953125,"{""C00"": 288}",C00,291.76670833333384,2016-11-09 00:00:00,2016-11-09 23:55:00,58411.63229036331,1.517204185084239e+121,0.013671875,2016-11-09,0.0,0.814255845587523,0.0004114323336848688,0.005142904171060831,288,0.028038194444444442,0.05000000000000024
0.0026820056652046786,0.0,0.004340277777777778,"{""C05"": 288}",C05,282.7618645833336,2016-11-10 00:00:00,2016-11-10 23:55:00,58923.27068400383,9.746713652504264e+126,0.041015625,2016-11-10,0.0,0.8326004111127318,0.000614459577681084,0.00768074472101359,288,0.08967013888888889,0.05000000000000024
0.0031193137792397668,0.0,0.008029513888888888,"{""C05"": 288}",C05,283.48629125000093,2016-11-11 00:00:00,2016-11-11 23:55:00,59509.111052036285,5.986697320771344e+133,0.0390625,2016-11-11,0.0,0.8340980980058704,0.0004064036333184246,0.005080045416480262,288,0.08250868055555556,0.05000000000000024
0.002985394736842105,0.0,0.008029513888888888,"{""C05"": 288}",C05,321.3172808333333,2016-11-12 00:00:00,2016-11-12 23:55:00,59977.61818909645,2.472342737309136e+140,0.046223958333333336,2016-11-12,0.0,0.8336442925424216,0.0005067748116503858,0.00633468514562981,288,0.09444444444444446,0.05000000000000024
0.0029975593932748557,0.0,0.00390625,"{""C06"": 288}",C06,289.6018133333336,2016-11-13 00:00:00,2016-11-13 23:55:00,60447.452577352524,1.730383215655522e+147,0.037109375,2016-11-13,0.0,0.8375110871876408,0.00463809719502471,0.05797621493780894,288,0.07838541666666668,0.05000000000000024
0.0033753179824561413,0.0,0.0026041666666666665,"{""C05"": 288}",C05,246.0782191666676,2016-11-14 00:00:00,2016-11-14 23:55:00,60916.871257543564,1.055596651632888e+154,0.022352430555555556,2016-11-14,0.0,0.8458188149658356,0.00023588890424480516,0.0029486113030601064,288,0.05060763888888889,0.05000000000000024
0.003469152960526316,0.0,0.007161458333333333,"{""C06"": 288}",C06,239.3786354166677,2016-11-15 00:00:00,2016-11-15 23:55:00,61387.34646296501,6.161788028752502e+160,0.028645833333333332,2016-11-15,0.0,0.8471289367889473,0.0007402043686888851,0.009252554608611106,288,0.05907118055555557,0.05000000000000024
0.0034905829678362568,0.0,0.009765625,"{""C06"": 288}",C06,264.8834283333333,2016-11-16 00:00:00,2016-11-16 23:55:00,61857.56827402115,3.090303899892098e+167,0.019748263888888888,2016-11-16,0.0,0.8380319596369348,0.0011006500248800966,0.0137581253110012,288,0.052126736111111106,0.05000000000000024
0.0036194590643274854,0.0,0.004123263888888889,"{""C06"": 288}",C06,208.08535416666763,2016-11-17 00:00:00,2016-11-17 23:55:00,62381.180963754654,1.7980926582797142e+174,0.013454861111111112,2016-11-17,0.0,0.845980802207619,0.0014377415769543692,0.017971769711929642,288,0.035416666666666666,0.05000000000000024
0.002824491959064328,0.0,0.0032552083333333335,"{""C05"": 288}",C05,273.8580104166675,2016-11-18 00:00:00,2016-11-18 23:55:00,62868.703283786774,3.188510360334676e+180,0.027126736111111112,2016-11-18,0.0,0.8317056809042362,0.0010144406834493873,0.012680508543117345,288,0.05863715277777778,0.05000000000000024
0.0014553481359649125,0.0,0.007161458333333333,"{""C07"": 288}",C07,322.7712391666673,2016-11-19 00:00:00,2016-11-19 23:55:00,63354.749378442764,1.8665827423264995e+208,0.033203125,2016-11-19,0.0,0.8031139674730491,0.0008882509287185801,0.011103136608982279,288,0.04366319444444444,0.05000000000000024
0.001173574561403509,0.0,0.010199652777777778,"{""C11"": 288}",C11,332.641604583334,2016-11-20 00:00:00,2016-11-20 23:55:00,63850.651864767075,3.1327896350748784e+236,0.026041666666666668,2016-11-20,0.0,0.7992328787264511,0.003290303861390716,0.041128798267384,288,0.05538194444444444,0.05000000000000024
0.0006638139619883043,0.0,0.1875,"{""C07"": 288}",C07,338.8650416666673,2016-11-21 00:00:00,2016-11-21 23:55:00,64401.95332837105,1.7061804285181163e+264,0.07291666666666667,2016-11-21,0.0,0.6744026114095462,0.003647354333455365,0.045591929168191984,288,0.40542534722222223,0.05000000000000024
0.00026686220760233895,0.0,0.3396267361111111,"{""C07"": 288}",C07,352.96857833333394,2016-11-22 00:00:00,2016-11-22 23:55:00,65019.10323882103,1.3234131906411148e+292,0.09071180555555555,2016-11-22,0.0,0.5834357992537202,0.011597036410859372,0.14496295513574217,288,0.6345920138888889,0.05000000000000024
0.00013542306286549706,0.0,0.3185763888888889,"{""C07"": 288}",C07,1788.4159320833273,2016-11-23 00:00:00,2016-11-23 23:55:00,65640.22629070282,inf,0.0627170138888889,2016-11-23,0.0,0.5262784342109466,0.011295953692924361,0.14119942116155443,288,0.30493923611111107,0.05000000000000024
0.00014634594298245634,0.0,0.3836805555555556,"{""C00"": 288}",C00,2441.003325833341,2016-11-24 00:00:00,2016-11-24 23:55:00,66210.95154714584,3267872842708946.0,0.056206597222222224,2016-11-24,0.0,0.4928803340145625,0.011543053819938386,0.14428817274922992,288,0.25394965277777776,0.05000000000000024
0.0004744188596491227,0.0,0.3372395833333333,"{""C00"": 288}",C00,1482.290643333346,2016-11-25 00:00:00,2016-11-25 23:55:00,66718.07355308533,4.510899256287453e+16,0.0700954861111111,2016-11-25,0.0,0.5590804645512348,0.0056442496051850085,0.07055312006481261,288,0.3871961805555555,0.05000000000000024
0.000524179459064327,0.0,0.24674479166666666,"{""C07"": 288}",C07,533.592669583334,2016-11-26 00:00:00,2016-11-26 23:55:00,67204.31805467606,2.0625258569213335e+43,0.11024305555555555,2016-11-26,0.0,0.5999106208595927,0.004427485329157581,0.05534356661446975,288,0.46119791666666665,0.05000000000000024
0.0009064272660818704,0.0,0.12217881944444445,"{""C00"": 288}",C00,303.8358825000007,2016-11-27 00:00:00,2016-11-27 23:55:00,67689.56965279579,1.2208518878503851e+46,0.044487847222222224,2016-11-27,0.0,0.7311439023353145,0.0025527344015861112,0.031909180019826365,288,0.26176215277777776,0.05000000000000024
0.0011447724780701755,0.0,0.0030381944444444445,"{""C00"": 288}",C00,313.8181666666673,2016-11-28 00:00:00,2016-11-28 23:55:00,68174.51765465736,6.704312807379636e+46,0.012369791666666666,2016-11-28,0.0,0.8074946602330475,0.00010359836059442806,0.0012949795074303487,288,0.023697916666666666,0.05000000000000024
0.0016728846856725141,0.0,0.004991319444444444,"{""C00"": 288}",C00,326.2832708333339,2016-11-29 00:00:00,2016-11-29 23:55:00,68659.27649855614,4.213894185168654e+47,0.028862847222222224,2016-11-29,0.0,0.8009366306187636,0.0006933202450939843,0.008666503063674797,288,0.056249999999999994,0.05000000000000024
0.001921489400584795,0.0,0.004774305555555556,"{""C00"": 288}",C00,316.9929579166673,2016-11-30 00:00:00,2016-11-30 23:55:00,69146.42362689972,2.065772987217842e+48,0.024305555555555556,2016-11-30,0.0,0.8014225896382527,0.0007253632705403576,0.009067040881754423,288,0.04691840277777778,0.05000000000000024
0.002068200840643275,0.0,0.0078125,"{""C03"": 288}",C03,333.07327000000055,2016-12-01 00:00:00,2016-12-01 23:55:00,69651.3111166954,1.298556421716604e+75,0.024088541666666668,2016-12-01,0.0,0.8004134192382059,0.009230312455607311,0.1153789056950913,288,0.055164930555555554,0.05000000000000024
0.0019445604897660818,0.0,0.004774305555555556,"{""C03"": 288}",C03,306.2862408333339,2016-12-02 00:00:00,2016-12-02 23:55:00,70179.1983089447,3.4516629466368504e+103,0.019748263888888888,2016-12-02,0.0,0.8050888674600577,0.0036328917004545725,0.04541114625568219,288,0.027170138888888886,0.05000000000000024
0.002254444444444447,0.0,0.004123263888888889,"{""C00"": 288}",C00,302.1267079166673,2016-12-03 00:00:00,2016-12-03 23:55:00,70687.98316907883,5.707876358205847e+105,0.018012152777777776,2016-12-03,0.0,0.8058795275934575,0.0004337568140107496,0.005421960175134327,288,0.03780381944444444,0.05000000000000024
0.0021731478435672523,0.0,0.005859375,"{""C00"": 288}",C00,312.36129166666734,2016-12-04 00:00:00,2016-12-04 23:55:00,71187.33538198471,2.44442584328098e+106,0.019748263888888888,2016-12-04,0.0,0.8042004734120719,0.0004786145045244433,0.005982681306555517,288,0.041276041666666666,0.05000000000000024
0.002400972222222221,0.0,0.005642361111111111,"{""C00"": 288}",C00,349.5582700000007,2016-12-05 00:00:00,2016-12-05 23:55:00,71724.82470989227,1.1598862877726396e+107,0.03125,2016-12-05,0.0,0.8013745529379906,0.000489757525439311,0.006121969067991363,288,0.061458333333333344,0.05000000000000024
0.0015984566885964913,0.0,0.11957465277777778,"{""C04"": 288}",C04,321.8586925000004,2016-12-06 00:00:00,2016-12-06 23:55:00,72222.97126841545,7.676606698743778e+111,0.057942708333333336,2016-12-06,0.0,0.6374497636057064,0.010949522346729388,0.13686902933411743,288,0.26393229166666665,0.05000000000000024
0.0010171893274853806,0.0,0.060546875,"{""C04"": 288}",C04,323.34328625000074,2016-12-07 00:00:00,2016-12-07 23:55:00,72723.0766980648,8.498168861647627e+118,0.06553819444444445,2016-12-07,0.0,0.6740252628072461,0.0070959225503454005,0.08869903187931749,288,0.18819444444444444,0.05000000000000024
0.0008151882309941526,0.0,0.12196180555555555,"{""C11"": 288}",C11,343.71254125000064,2016-12-08 00:00:00,2016-12-08 23:55:00,73238.07823419571,1.0074464012338306e+145,0.06141493055555555,2016-12-08,0.0,0.6943324854054556,0.005010023414475869,0.06262529268094835,288,0.2283420138888889,0.05000000000000024
0.0004974488304093566,0.0,0.16905381944444445,"{""C04"": 288}",C04,327.35369375000073,2016-12-09 00:00:00,2016-12-09 23:55:00,73809.29237651825,8.807790441761602e+153,0.07682291666666667,2016-12-09,0.0,0.6078635602384829,0.0022458827180198496,0.02807353397524813,288,0.3663628472222222,0.05000000000000024
0.0010076178728070173,0.0,0.03407118055555555,"{""C04"": 288}",C04,328.4955629166673,2016-12-10 00:00:00,2016-12-10 23:55:00,74362.74000263214,1.2574672889904585e+161,0.03125,2016-12-10,0.0,0.6693911930678896,0.003004815129205056,0.03756018911506319,288,0.06644965277777778,0.05000000000000024
0.001281595394736842,0.0,0.00390625,"{""C00"": 288}",C00,337.0034791666673,2016-12-11 00:00:00,2016-12-11 23:55:00,74957.66572570801,6.1897041777694e+162,0.04296875,2016-12-11,0.0,0.803771377617614,0.0010617034038910528,0.013271292548638175,288,0.08858506944444446,0.05000000000000024
0.0011402850877192975,0.0,0.10894097222222222,"{""C00"": 288}",C00,287.0041566666673,2016-12-12 00:00:00,2016-12-12 23:55:00,75502.73012423515,2.5607802259838028e+163,0.03146701388888889,2016-12-12,0.0,0.7253807803271027,0.0016830316095177813,0.02103789511897229,288,0.18450520833333334,0.05000000000000024
0.0013737043128654973,0.0,0.006076388888888889,"{""C07"": 288}",C07,295.82233333333403,2016-12-13 00:00:00,2016-12-13 23:55:00,76095.87565946579,2.1749265172848227e+190,0.005642361111111111,2016-12-13,0.0,0.8038091158292967,0.000662238065202938,0.00827797581503675,288,0.01740451388888889,0.05000000000000024
0.0017537774122807002,0.0,0.004991319444444444,"{""C07"": 288}",C07,323.2433745833339,2016-12-14 00:00:00,2016-12-14 23:55:00,76687.67413043976,1.1999980916304618e+219,0.028862847222222224,2016-12-14,0.0,0.8020612947623208,0.0002798425689014914,0.003498032111268632,288,0.061892361111111106,0.05000000000000024
0.0009542589546783621,0.0,0.0078125,"{""C07"": 288}",C07,318.6251979166674,2016-12-15 00:00:00,2016-12-15 23:55:00,77164.1454102993,2.2228629808690318e+246,0.022352430555555556,2016-12-15,0.0,0.7996458233676429,0.0009630083860784741,0.012037604825980935,288,0.04388020833333333,0.05000000000000024
0.000679542214912281,0.0,0.008680555555555556,"{""C00"": 288}",C00,296.14608333333405,2016-12-16 00:00:00,2016-12-16 23:55:00,77640.9713127613,2.7209737157290806e+249,0.010850694444444444,2016-12-16,0.0,0.7960127467646383,0.0021011662326187305,0.026264577907734107,288,0.017187499999999998,0.05000000000000024
0.0008337993421052631,0.0,0.15494791666666666,"{""C00"": 288}",C00,315.87332583333387,2016-12-17 00:00:00,2016-12-17 23:55:00,78110.75034880638,1.1579486068123846e+250,0.057942708333333336,2016-12-17,0.0,0.6974340692887215,0.0009416577099589397,0.011770721374486724,288,0.308203125,0.05000000000000024
0.00037659996345029245,0.0,0.2476128472222222,"{""C00"": 288}",C00,259.69795833333427,2016-12-18 00:00:00,2016-12-18 23:55:00,78579.40528941154,2.4230213527270755e+250,0.091796875,2016-12-18,0.0,0.6603547269000141,0.0023242352455450878,0.029052940569313592,288,0.48984374999999997,0.05000000000000024
0.00046864583333333356,0.0,0.1898871527777778,"{""C07"": 288}",C07,312.77946958333393,2016-12-19 00:00:00,2016-12-19 23:55:00,79051.67742824554,2.8583413096075447e+277,0.0720486111111111,2016-12-19,0.0,0.6777918865347513,0.0010493421903853158,0.013116777379816444,288,0.4032552083333333,0.05000000000000024
0.0006304248903508766,0.0,0.15147569444444445,"{""C11"": 288}",C11,271.1932858333336,2016-12-20 00:00:00,2016-12-20 23:55:00,79519.50363922119,inf,0.036675347222222224,2016-12-20,0.0,0.7143972698529972,0.005328292387869101,0.06660365484836371,288,0.2735677083333333,0.05000000000000024
0.0009925109649122814,0.0,0.001953125,"{""C00"": 288}",C00,222.36752458333362,2016-12-21 00:00:00,2016-12-21 23:55:00,79997.51876139641,-5.2343761084620715,0.008680555555555556,2016-12-21,0.0,0.8586250073974018,0.000532994959010606,0.006662436987632556,288,0.01545138888888889,0.05000000000000024
0.000918506944444444,0.0,0.043619791666666664,"{""C11"": 288}",C11,327.7266562500007,2016-12-22 00:00:00,2016-12-22 23:55:00,80578.92757081985,1.315031106042193e+26,0.040581597222222224,2016-12-22,0.0,0.7721824845165347,0.0007559575448719601,0.009449469310899506,288,0.13155381944444444,0.05000000000000024
0.0006295120614035087,0.0,0.2810329861111111,"{""C00"": 288}",C00,331.41405583333403,2016-12-23 00:00:00,2016-12-23 23:55:00,81140.26295495033,1.3705676442712639e+29,0.09418402777777778,2016-12-23,0.0,0.586511546115263,0.0016576348884895088,0.02072043610611886,288,0.5286892361111111,0.05000000000000024
0.000841589912280702,0.0,0.1460503472222222,"{""C03"": 288}",C03,338.3389475000006,2016-12-24 00:00:00,2016-12-24 23:55:00,81734.2195751667,2.2915187094094582e+56,0.05577256944444445,2016-12-24,0.0,0.6873103240188082,0.002679921742806525,0.033499021785081594,288,0.25156249999999997,0.05000000000000024
0.0012122423245614035,0.0,0.0,"{""C03"": 288}",C03,276.86400000000066,2016-12-25 00:00:00,2016-12-25 23:55:00,82327.55890655518,1.1634504101182395e+85,0.0,2016-12-25,0.0,0.8118644359982395,5.735638152736826e-06,7.169547690922748e-05,288,0.0006944444444444445,0.05000000000000024
0.0014605674342105248,0.0,0.0032552083333333335,"{""C11"": 288}",C11,354.85092666666725,2016-12-26 00:00:00,2016-12-26 23:55:00,82900.2666926384,1.741618520358195e+113,0.04470486111111111,2016-12-26,0.0,0.8021548051886319,0.0005565326229339237,0.006956657786674066,288,0.08836805555555556,0.05000000000000024
0.0010476745248538017,0.0,0.004774305555555556,"{""C03"": 288}",C03,369.5687925000006,2016-12-27 00:00:00,2016-12-27 23:55:00,83397.02969622612,1.4191295985547444e+142,0.050130208333333336,2016-12-27,0.0,0.8002428905061267,0.0008662062043212689,0.010827577554015854,288,0.09097222222222223,0.05000000000000024
0.0011390378289473683,0.0,0.018229166666666668,"{""C11"": 288}",C11,315.48212500000056,2016-12-28 00:00:00,2016-12-28 23:55:00,83929.2082221508,2.1656761449477307e+169,0.03298611111111111,2016-12-28,0.0,0.7910321838578988,0.0022767623450851674,0.028459529313564564,288,0.07144097222222223,0.05000000000000024
0.001074355811403509,0.0,0.037760416666666664,"{""C07"": 288}",C07,306.01644791666735,2016-12-29 00:00:00,2016-12-29 23:55:00,84441.11699414253,9.300316195871168e+198,0.027994791666666668,2016-12-29,0.0,0.7701163205450662,0.0023670653448462265,0.0295883168105779,288,0.06796875000000001,0.05000000000000024
0.0019264089912280694,0.0,0.007378472222222222,"{""C00"": 288}",C00,364.0872812500007,2016-12-30 00:00:00,2016-12-30 23:55:00,84971.4952685833,3.376432200157688e+201,0.046440972222222224,2016-12-30,0.0,0.7990976063594445,0.0006879565387296621,0.008599456734120756,288,0.08684895833333334,0.05000000000000024
0.0020561668494152056,0.0,0.007161458333333333,"{""C03"": 288}",C03,338.2175416666672,2016-12-31 00:00:00,2016-12-31 23:55:00,85492.28835701942,3.3875017666713055e+228,0.03211805555555555,2016-12-31,0.0,0.8002285990990384,0.0007047291281383319,0.008809114101729167,288,0.06427951388888889,0.05000000000000024
0.0020966118421052644,0.0,0.006293402777777778,"{""C11"": 288}",C11,316.34545833333397,2017-01-01 00:00:00,2017-01-01 23:55:00,86022.90081357956,4.8709732047205515e+256,0.021267361111111112,2017-01-01,0.0,0.8015486489201361,0.0009989975563942564,0.01248746945492821,288,0.04409722222222222,0.05000000000000024
0.0015246372441520464,0.0,0.009114583333333334,"{""C00"": 288}",C00,318.126084583334,2017-01-02 00:00:00,2017-01-02 23:55:00,86590.04606294632,1.2349833973115944e+259,0.021267361111111112,2017-01-02,0.0,0.8027112737087225,0.00045314465139606057,0.005664308142450746,288,0.03997395833333333,0.05000000000000024
0.0009225100511695918,0.0,0.006727430555555556,"{""C00"": 288}",C00,318.2205100000007,2017-01-03 00:00:00,2017-01-03 23:55:00,87179.56870126724,2.8356200274854518e+259,0.010850694444444444,2017-01-03,0.0,0.8027855098205228,0.0003444680577089569,0.004305850721361958,288,0.018272569444444442,0.05000000000000024
0.000788464912280702,0.0,0.07291666666666667,"{""C00"": 288}",C00,319.5067604166673,2017-01-04 00:00:00,2017-01-04 23:55:00,87766.6223692894,1.105000400642344e+260,0.04861111111111111,2017-01-04,0.0,0.7264513734898005,0.0020148775932054197,0.025185969915067774,288,0.14565972222222223,0.05000000000000024
0.0006515561038011697,0.0,0.2465277777777778,"{""C00"": 288}",C00,282.2613116666674,2017-01-05 00:00:00,2017-01-05 23:55:00,88292.70727944374,3.596059680357983e+260,0.07573784722222222,2017-01-05,0.0,0.6427632922163042,0.0013007121127799088,0.016258901409748863,288,0.4694444444444444,0.05000000000000024
0.0009992562134502913,0.0,0.1642795138888889,"{""C00"": 288}",C00,327.3489470833339,2017-01-06 00:00:00,2017-01-06 23:55:00,88793.18790721893,2.49479546045591e+261,0.0642361111111111,2017-01-06,0.0,0.6926421401037505,0.0008958092569394409,0.011197615711743028,288,0.3544270833333333,0.05000000000000024
0.0010283735380116955,0.0,0.025390625,"{""C00"": 288}",C00,292.84988500000065,2017-01-07 00:00:00,2017-01-07 23:55:00,89431.39157748222,1.0323874375988467e+262,0.009114583333333334,2017-01-07,0.0,0.7894708765297965,0.0001706949463908161,0.00213368682988519,288,0.040407986111111106,0.05000000000000024
0.001186682200292396,0.0,0.0030381944444444445,"{""C00"": 288}",C00,308.4850412500007,2017-01-08 00:00:00,2017-01-08 23:55:00,89928.7565779686,5.034362911065468e+262,0.01171875,2017-01-08,0.0,0.8077165659756995,0.00011306941134294466,0.0014133676417867834,288,0.02239583333333333,0.05000000000000024
0.0015002065058479532,0.0,0.001953125,"{""C07"": 288}",C07,300.4944691666673,2017-01-09 00:00:00,2017-01-09 23:55:00,90404.9430527687,5.729978964738096e+289,0.024305555555555556,2017-01-09,0.0,0.8079585972929196,0.0008179456687753588,0.010224320859691997,288,0.051041666666666666,0.05000000000000024
0.001747341008771931,0.0,0.015407986111111112,"{""C00"": 288}",C00,344.81868750000064,2017-01-10 00:00:00,2017-01-10 23:55:00,90880.12545323372,1.1219923042991179e+292,0.033637152777777776,2017-01-10,0.0,0.7943207165874769,0.0006338109730855734,0.007922637163569638,288,0.08836805555555556,0.05000000000000024
0.0015477174707602338,0.0,0.003689236111111111,"{""C00"": 288}",C00,296.2809800000007,2017-01-11 00:00:00,2017-01-11 23:55:00,91358.08748435974,4.212664939695644e+292,0.020833333333333332,2017-01-11,0.0,0.8064351190306032,0.0003603268377641406,0.004504085472051773,288,0.03888888888888889,0.05000000000000024
0.0009982328216374267,0.0,0.044487847222222224,"{""C00"": 288}",C00,343.82045791666735,2017-01-12 00:00:00,2017-01-12 23:55:00,91832.36085128784,1.0309757135345899e+293,0.03493923611111111,2017-01-12,0.0,0.7581217811718292,0.0007551796375773096,0.00943974546971637,288,0.07990451388888889,0.05000000000000024
0.000805671600877193,0.0,0.045355902777777776,"{""C00"": 288}",C00,333.9905629166673,2017-01-13 00:00:00,2017-01-13 23:55:00,92306.2225522995,3.7049441347438204e+293,0.029296875,2017-01-13,0.0,0.7518624513621683,0.0005021630631664108,0.006277038289580103,288,0.07230902777777777,0.05000000000000024
0.0005254130116959066,0.0,0.2133246527777778,"{""C00"": 288}",C00,345.2281187500005,2017-01-14 00:00:00,2017-01-14 23:55:00,92777.62828445435,9.49045510172732e+293,0.0837673611111111,2017-01-14,0.0,0.641665767673771,0.0007915689601945981,0.009894612002432475,288,0.4266927083333333,0.05000000000000024
0.0006356222587719297,0.0,0.1957465277777778,"{""C11"": 288}",C11,307.8358966666672,2017-01-15 00:00:00,2017-01-15 23:55:00,93320.21616792679,inf,0.0627170138888889,2017-01-15,0.0,0.6862487369790577,0.0034167403162765255,0.04270925395345659,288,0.41986979166666666,0.05000000000000024
0.0009468494152046793,0.0,0.0008680555555555555,"{""C00"": 288}",C00,290.89389625000064,2017-01-16 00:00:00,2017-01-16 23:55:00,93841.58921718597,1372097930962187.0,0.010633680555555556,2017-01-16,0.0,0.807961458224799,0.00030465616296213136,0.003808202037026663,288,0.015017361111111112,0.05000000000000024
0.0011258415570175443,0.0,0.0234375,"{""C00"": 288}",C00,296.14608291666735,2017-01-17 00:00:00,2017-01-17 23:55:00,94329.54126787186,7388795933626318.0,0.011284722222222222,2017-01-17,0.0,0.7732792548339606,0.0005818176288495278,0.007272720360619091,288,0.021527777777777774,0.05000000000000024
0.001138622989766083,0.0,0.007595486111111111,"{""C00"": 288}",C00,359.4556150000007,2017-01-18 00:00:00,2017-01-18 23:55:00,94890.2874071598,3.021840456787211e+16,0.03624131944444445,2017-01-18,0.0,0.7979483034882658,0.00043511293431499384,0.005438911678937445,288,0.0681857638888889,0.05000000000000024
0.0011828974780701757,0.0,0.005642361111111111,"{""C00"": 288}",C00,307.3654066666673,2017-01-19 00:00:00,2017-01-19 23:55:00,95516.76333928108,1.3540610234168762e+17,0.015842013888888888,2017-01-19,0.0,0.806047936466263,0.00034031705692498895,0.004253963211562372,288,0.037586805555555554,0.05000000000000024
0.0011276069078947374,0.0,0.001953125,"{""C00"": 288}",C00,301.62759500000067,2017-01-20 00:00:00,2017-01-20 23:55:00,96048.24015569687,5.497224067563438e+17,0.021701388888888888,2017-01-20,0.0,0.8087520584160233,0.00027091894486454325,0.0033864868108067795,288,0.035416666666666666,0.05000000000000024
0.001065208333333334,0.0,0.008246527777777778,"{""C11"": 288}",C11,327.8885312500006,2017-01-21 00:00:00,2017-01-21 23:55:00,96659.59921240807,3.691176800978574e+44,0.03407118055555555,2017-01-21,0.0,0.7997436000661229,0.0007581816833921015,0.009477271042401238,288,0.06927083333333334,0.05000000000000024
0.0007320486111111114,0.0,0.1527777777777778,"{""C11"": 288}",C11,291.23113583333395,2017-01-22 00:00:00,2017-01-22 23:55:00,97223.11347460747,4.225737661567436e+72,0.045355902777777776,2017-01-22,0.0,0.6981075534195169,0.0009862819207870016,0.01232852400983752,288,0.2849826388888889,0.05000000000000024
0.00044379934210526294,0.0,0.3116319444444444,"{""C00"": 288}",C00,293.42266624999985,2017-01-23 00:00:00,2017-01-23 23:55:00,97767.47897386551,1.030071925949662e+75,0.11436631944444445,2017-01-23,0.0,0.6176164155865536,0.0003252929679859329,0.0040661620998241775,288,0.6504340277777777,0.05000000000000024
0.0003699808114035088,0.0,0.3717447916666667,"{""C11"": 288}",C11,275.7815741666673,2017-01-24 00:00:00,2017-01-24 23:55:00,98240.20470952988,6.040378874855498e+101,0.11263020833333333,2017-01-24,0.0,0.5577126281086681,0.006717313618254993,0.0839664202281875,288,0.6454427083333333,0.05000000000000024
0.0008996920687134506,0.0,0.12782118055555555,"{""C11"": 288}",C11,276.79254916666736,2017-01-25 00:00:00,2017-01-25 23:55:00,98737.41301202774,1.2029640678624519e+131,0.0546875,2017-01-25,0.0,0.7259349276653279,0.0016443730121165003,0.02055466265145623,288,0.2819444444444444,0.05000000000000024
0.0016752348318713462,0.0,0.005859375,"{""C03"": 288}",C03,354.3113429166673,2017-01-26 00:00:00,2017-01-26 23:55:00,99317.23565244675,3.4861886420975035e+159,0.026258680555555556,2017-01-26,0.0,0.7999325615067723,0.0006270628169042321,0.00783828521130288,288,0.04409722222222222,0.05000000000000024
0.0008735352704678363,0.0,0.007161458333333333,"{""C03"": 288}",C03,328.69790625000064,2017-01-27 00:00:00,2017-01-27 23:55:00,99804.4383881092,7.891700279913832e+187,0.023220486111111112,2017-01-27,0.0,0.8038329229199,0.0004648044128740868,0.005810055160926062,288,0.04366319444444444,0.05000000000000024
0.0007754468201754384,0.0,0.009331597222222222,"{""C03"": 288}",C03,360.7641041666672,2017-01-28 00:00:00,2017-01-28 23:55:00,100296.73550891876,1.0292003077547785e+216,0.022569444444444444,2017-01-28,0.0,0.7983782248361656,0.0004494695534772652,0.005618369418465823,288,0.04670138888888889,0.05000000000000024
0.0002878609283625728,0.0,0.3311631944444444,"{""C09"": 288}",C09,298.93041500000015,2017-01-29 00:00:00,2017-01-29 23:55:00,100870.80548214912,2.6203184155661847e+223,0.1154513888888889,2017-01-29,0.0,0.5176344228670166,0.013688738521573604,0.17110923151967025,288,0.6664930555555555,0.05000000000000024
0.000359295504385965,0.0,0.2782118055555556,"{""C09"": 288}",C09,297.69412541666736,2017-01-30 00:00:00,2017-01-30 23:55:00,101429.42224597931,2.9241000943432023e+229,0.0842013888888889,2017-01-30,0.0,0.5359836382630828,0.003641185742702254,0.04551482178377814,288,0.49960937499999997,0.05000000000000024
0.0006968457602339182,0.0,0.12456597222222222,"{""C09"": 288}",C09,317.3976466666673,2017-01-31 00:00:00,2017-01-31 23:55:00,102042.94266033173,1.8220608619072705e+237,0.048177083333333336,2017-01-31,0.0,0.6095523910491994,0.002987204888158081,0.037340061101976026,288,0.18645833333333334,0.05000000000000024
0.0007488834064327489,0.0,0.06293402777777778,"{""C11"": 288}",C11,381.219782083334,2017-02-01 00:00:00,2017-02-01 23:55:00,102576.83099126816,1.5270268205249922e+264,0.07465277777777778,2017-02-01,0.0,0.7491108915452677,0.000903904947345492,0.01129881184181864,288,0.20729166666666668,0.05000000000000024
0.00012447277046783638,0.0,0.6204427083333334,"{""C03"": 288}",C03,1656.4403841666642,2017-02-02 00:00:00,2017-02-02 23:55:00,103057.68602371216,5.689446421190099e+292,0.13758680555555555,2017-02-02,0.0,0.3259909914500284,0.012768484232639262,0.15960605290799085,288,0.8739583333333333,0.05000000000000024
0.0001959968932748539,0.0,0.2925347222222222,"{""C04"": 288}",C04,1539.0719254166745,2017-02-03 00:00:00,2017-02-03 23:55:00,103537.44609045982,1.138586674070796e+300,0.05837673611111111,2017-02-03,0.0,0.5082458942998406,0.009969832253041924,0.12462290316302393,288,0.3014756944444444,0.05000000000000024
0.0002719983552631581,0.0,0.13997395833333334,"{""C04"": 288}",C04,834.7780454166658,2017-02-04 00:00:00,2017-02-04 23:55:00,104037.19679641724,inf,0.04513888888888889,2017-02-04,0.0,0.6971011609512286,0.006003962437960724,0.07504953047450903,288,0.17039062500000002,0.05000000000000024
0.0003552430555555555,0.0,0.0700954861111111,"{""C04"": 288}",C04,278.57866000000075,2017-02-05 00:00:00,2017-02-05 23:55:00,104562.78989744186,36138.19269935428,0.026692708333333332,2017-02-05,0.0,0.6525399990064149,0.0031747327979356203,0.039684159974195284,288,0.0818576388888889,0.05000000000000024
0.0007351334064327486,0.0,0.0954861111111111,"{""C04"": 288}",C04,306.73139500000065,2017-02-06 00:00:00,2017-02-06 23:55:00,105059.1068470478,1542194120376.2644,0.009114583333333334,2017-02-06,0.0,0.6171063629148513,0.001061438942215468,0.013267986777693355,288,0.06015625000000001,0.05000000000000024
0.0006806268274853803,0.0,0.3567708333333333,"{""C04"": 288}",C04,288.49275333333406,2017-02-07 00:00:00,2017-02-07 23:55:00,105555.84435009956,2.8266898146309555e+18,0.10264756944444445,2017-02-07,0.0,0.4811814967597947,0.0008782431520241955,0.010978039400302456,288,0.6133246527777777,0.05000000000000024
0.0010331779970760232,0.0,0.1072048611111111,"{""C04"": 288}",C04,307.7161358333339,2017-02-08 00:00:00,2017-02-08 23:55:00,106107.99961900711,1.5707704040078507e+26,0.033637152777777776,2017-02-08,0.0,0.622417717907628,0.0005843752742154408,0.007304690927693005,288,0.13133680555555557,0.05000000000000024
0.0011462499999999982,0.0,0.016927083333333332,"{""C11"": 288}",C11,318.9759275000007,2017-02-09 00:00:00,2017-02-09 23:55:00,106676.23979663849,1.9443439498051762e+54,0.019314236111111112,2017-02-09,0.0,0.797318036770429,0.0003133900833799554,0.003917376042249429,288,0.04670138888888889,0.05000000000000024
0.0006587024853801174,0.0,0.24348958333333334,"{""C04"": 288}",C04,314.36249250000054,2017-02-10 00:00:00,2017-02-10 23:55:00,107176.81203770638,1.1263926752055267e+61,0.083984375,2017-02-10,0.0,0.5624927497634634,0.0006148395992227377,0.007685494990284209,288,0.47660590277777776,0.05000000000000024
0.0005293411915204679,0.0,0.15950520833333334,"{""C11"": 288}",C11,295.1303641666674,2017-02-11 00:00:00,2017-02-11 23:55:00,107675.78529024124,1.4728060115088582e+89,0.06705729166666667,2017-02-11,0.0,0.7043369298639042,0.0007936547861394429,0.00992068482674301,288,0.35334201388888886,0.05000000000000024
0.0006478088450292393,0.0,0.008680555555555556,"{""C03"": 288}",C03,371.91597875000053,2017-02-12 00:00:00,2017-02-12 23:55:00,108157.73789548874,1.267279382594322e+118,0.030381944444444444,2017-02-12,0.0,0.7999718937540529,0.0003277366654990987,0.004096708318738703,288,0.060156249999999994,0.05000000000000024
0.0001782383040935671,0.0,0.2799479166666667,"{""C03"": 288}",C03,322.973583333334,2017-02-13 00:00:00,2017-02-13 23:55:00,108648.8230304718,4.532796798270493e+145,0.0978732638888889,2017-02-13,0.0,0.6010023548317965,0.0018805026771809672,0.023506283464762075,288,0.5521267361111111,0.05000000000000024
0.00046617781432748497,0.0,0.1753472222222222,"{""C04"": 288}",C04,297.4950416666673,2017-02-14 00:00:00,2017-02-14 23:55:00,109177.04292297363,8.574475656074482e+152,0.053385416666666664,2017-02-14,0.0,0.602367618010034,0.0001847780375229415,0.0023097254690367702,288,0.3442274305555555,0.05000000000000024
0.0009122834429824567,0.0,0.005208333333333333,"{""C03"": 288}",C03,296.469833333334,2017-02-15 00:00:00,2017-02-15 23:55:00,109672.46769475937,1.2543876831492413e+182,0.014756944444444444,2017-02-15,0.0,0.8072553809004313,0.0007041318254244239,0.008801647817805318,288,0.03498263888888889,0.05000000000000024
0.0013670559210526311,0.0,0.002387152777777778,"{""C11"": 288}",C11,313.22462500000063,2017-02-16 00:00:00,2017-02-16 23:55:00,110165.05050778389,1.546383863307552e+210,0.012803819444444444,2017-02-16,0.0,0.8063009924365669,0.00022320453005514058,0.002790056625689267,288,0.024565972222222218,0.05000000000000024
0.00028448464912280693,0.0,0.10807291666666667,"{""C11"": 288}",C11,257.87211500000063,2017-02-17 00:00:00,2017-02-17 23:55:00,110703.40900492668,1.7009987825419614e+238,0.04513888888888889,2017-02-17,0.0,0.748729470590795,0.006429966310971282,0.0803745788871411,288,0.1970920138888889,0.05000000000000024
0.0001524872076023392,0.0,0.16145833333333334,"{""C04"": 288}",C04,482.2965066666675,2017-02-18 00:00:00,2017-02-18 23:55:00,111242.42556858063,6.070239628302562e+244,0.05251736111111111,2017-02-18,0.0,0.6255828902255678,0.0019616687197950688,0.024520858997438357,288,0.2680555555555555,0.05000000000000024
0.0003265067616959064,0.0,0.4346788194444444,"{""C00"": 288}",C00,827.4811004166575,2017-02-19 00:00:00,2017-02-19 23:55:00,111717.91826057434,2.763640182611343e+247,0.1388888888888889,2017-02-19,0.0,0.48260621258647923,0.002625905058154682,0.0328238132269335,288,0.7797743055555555,0.05000000000000024
0.0004899314692982459,0.0,0.3832465277777778,"{""C00"": 288}",C00,306.14734500000077,2017-02-20 00:00:00,2017-02-20 23:55:00,112189.29561281204,1.5909912044133641e+248,0.12239583333333333,2017-02-20,0.0,0.5419018906244507,0.00031114965153236326,0.0038893706441545475,288,0.7244357638888889,0.05000000000000024
0.0006500794956140354,0.0,0.18077256944444445,"{""C00"": 288}",C00,330.2317158333341,2017-02-21 00:00:00,2017-02-21 23:55:00,112659.00221300125,8.556966882282869e+248,0.08723958333333333,2017-02-21,0.0,0.665958952530424,0.00043193830483138283,0.005399228810392276,288,0.3522569444444444,0.05000000000000024
0.0008251763523391816,0.0,0.1740451388888889,"{""C00"": 288}",C00,375.54941916666735,2017-02-22 00:00:00,2017-02-22 23:55:00,113247.55199503899,4.786038867550354e+249,0.08311631944444445,2017-02-22,0.0,0.6865582599176684,0.0002480849470548623,0.003101061838185734,288,0.40368923611111107,0.05000000000000024
0.000878019005847953,0.0,0.017578125,"{""C00"": 288}",C00,312.725510833334,2017-02-23 00:00:00,2017-02-23 23:55:00,113865.87412452698,2.094408086698514e+250,0.017361111111111112,2017-02-23,0.0,0.7903717327873713,0.00036704426666369033,0.004588053333296139,288,0.03888888888888889,0.05000000000000024
0.0010522697368421062,0.0,0.12152777777777778,"{""C00"": 288}",C00,380.976969583334,2017-02-24 00:00:00,2017-02-24 23:55:00,114337.11033153534,1.1226043209040234e+251,0.0818142361111111,2017-02-24,0.0,0.7121767186605774,0.0004110799926108464,0.005138499907635606,288,0.3090711805555555,0.05000000000000024
0.0014508232821637433,0.0,0.00390625,"{""C00"": 288}",C00,338.60874000000064,2017-02-25 00:00:00,2017-02-25 23:55:00,114832.59886431694,6.644623577076357e+251,0.037543402777777776,2017-02-25,0.0,0.8021890964233238,0.0003623716686248712,0.004529645857810895,288,0.0818576388888889,0.05000000000000024
0.0014649131944444436,0.0,0.10850694444444445,"{""C00"": 288}",C00,359.84681166666735,2017-02-26 00:00:00,2017-02-26 23:55:00,115384.22793006897,2.5117927788609185e+252,0.06987847222222222,2017-02-26,0.0,0.7286073972747632,0.0004489705018656701,0.0056121312733208965,288,0.2786892361111111,0.05000000000000024
0.0013860489766081869,0.0,0.1584201388888889,"{""C00"": 288}",C00,338.972958333334,2017-02-27 00:00:00,2017-02-27 23:55:00,115887.96725177765,1.1787365934284288e+253,0.07378472222222222,2017-02-27,0.0,0.6941605634915515,0.00039383199374706264,0.00492289992183827,288,0.3639756944444444,0.05000000000000024
0.0018423300438596486,0.0,0.004340277777777778,"{""C00"": 288}",C00,317.1953016666673,2017-02-28 00:00:00,2017-02-28 23:55:00,116375.69441819191,6.146806119968964e+253,0.020616319444444444,2017-02-28,0.0,0.8067737088629945,0.00043177118931084246,0.005397139866385508,288,0.04019097222222222,0.05000000000000024
0.0019517854532163756,0.0,0.004340277777777778,"{""C00"": 288}",C00,313.21113500000064,2017-03-01 00:00:00,2017-03-01 23:55:00,116888.43079447746,2.7988468190928606e+254,0.013454861111111112,2017-03-01,0.0,0.8026044669772368,0.00021336285818484364,0.00266703572731056,288,0.02630208333333333,0.05000000000000024
0.002184234283625729,0.0,0.016493055555555556,"{""C11"": 288}",C11,316.763634583334,2017-03-02 00:00:00,2017-03-02 23:55:00,117378.60012745857,3.125182008457565e+281,0.026258680555555556,2017-03-02,0.0,0.7962136690039189,0.0009186914825167012,0.011483643531458768,288,0.05885416666666668,0.05000000000000024
0.002048168859649124,0.0,0.009114583333333334,"{""C11"": 288}",C11,312.29952833333414,2017-03-03 00:00:00,2017-03-03 23:55:00,117869.92594408989,inf,0.021484375,2017-03-03,0.0,0.8192495521287229,0.004538471731750311,0.0567308966468789,288,0.04613715277777777,0.05000000000000024
0.002064038742690058,0.0,0.004557291666666667,"{""C11"": 288}",C11,305.6657191666673,2017-03-04 00:00:00,2017-03-04 23:55:00,118379.86634349823,1.288439516930466e+30,0.026692708333333332,2017-03-04,0.0,0.8033444605921288,0.0006083995064938648,0.007604993831173292,288,0.047135416666666666,0.05000000000000024
0.001254385051169593,0.0,0.0015190972222222222,"{""C07"": 288}",C07,317.50556333333395,2017-03-05 00:00:00,2017-03-05 23:55:00,118864.03442287445,8.802527190380905e+57,0.026909722222222224,2017-03-05,0.0,0.8066346914284873,0.00046556598307669175,0.00581957478845864,288,0.04756944444444444,0.05000000000000024
0.0009308159722222222,0.0,0.0015190972222222222,"{""C11"": 288}",C11,311.49795791666725,2017-03-06 00:00:00,2017-03-06 23:55:00,119337.1183810234,3.41221000692518e+86,0.027126736111111112,2017-03-06,0.0,0.807185217859337,0.000428607531686362,0.005357594146079563,288,0.04800347222222222,0.05000000000000024
0.001225721856725146,0.0,0.002170138888888889,"{""C00"": 288}",C00,279.89040666666733,2017-03-07 00:00:00,2017-03-07 23:55:00,119808.08744001389,1.5470395546920477e+89,0.01171875,2017-03-07,0.0,0.80972515414609,0.00039297953876296204,0.004912244234537057,288,0.023263888888888886,0.05000000000000024
0.0014279806286549704,0.0,0.0,"{""C00"": 288}",C00,273.3971775000007,2017-03-08 00:00:00,2017-03-08 23:55:00,120291.323325634,7.36704115042163e+89,0.011935763888888888,2017-03-08,0.0,0.8138971853678716,0.000431734728532376,0.005396684106654716,288,0.02282986111111111,0.05000000000000024
0.0015036028874269025,0.0,0.005642361111111111,"{""C00"": 288}",C00,327.7266550000007,2017-03-09 00:00:00,2017-03-09 23:55:00,120766.5571372509,3.161604004506594e+90,0.027560763888888888,2017-03-09,0.0,0.8027450993855316,0.0005522182130740061,0.006902727663425064,288,0.06362847222222223,0.05000000000000024
0.001870180921052632,0.0,0.004123263888888889,"{""C00"": 288}",C00,327.6322300000007,2017-03-10 00:00:00,2017-03-10 23:55:00,121238.90297675133,1.893497182962126e+91,0.033854166666666664,2017-03-10,0.0,0.7999554756246052,0.00043614911815060474,0.00545186397688257,288,0.06384548611111113,0.05000000000000024
0.0020360526315789467,0.0,0.010633680555555556,"{""C03"": 288}",C03,329.69613500000065,2017-03-11 00:00:00,2017-03-11 23:55:00,121734.38864350319,1.4984266910566193e+118,0.023220486111111112,2017-03-11,0.0,0.7976296373015493,0.000393230794685464,0.004915384933568288,288,0.050173611111111106,0.05000000000000024
0.002434036915204678,0.0,0.005642361111111111,"{""C00"": 288}",C00,341.50025041666737,2017-03-12 00:00:00,2017-03-12 23:55:00,122264.13082361221,3.4042136202445705e+120,0.032769097222222224,2017-03-12,0.0,0.7984928103720476,0.000725741531240122,0.009071769140501555,288,0.06059027777777778,0.05000000000000024
0.002075892726608185,0.0,0.0,"{""C03"": 288}",C03,276.108583333334,2017-03-13 00:00:00,2017-03-13 23:55:00,122768.71062207222,2.1489048975396585e+147,0.0008680555555555555,2017-03-13,0.0,0.811732539056717,0.00023183229642836825,0.002897903705354581,288,0.0024305555555555556,0.05000000000000024
0.002047893823099414,0.0,0.004557291666666667,"{""C07"": 288}",C07,323.1219691666673,2017-03-14 00:00:00,2017-03-14 23:55:00,123306.45825409889,7.229373674246005e+175,0.017795138888888888,2017-03-14,0.0,0.8042242558751034,0.0005664874796480519,0.0070810934956006865,288,0.031076388888888886,0.05000000000000024
0.0023550721856725135,0.0,0.004991319444444444,"{""C00"": 288}",C00,296.7261350000006,2017-03-15 00:00:00,2017-03-15 23:55:00,123822.73398184776,1.6139553334994434e+178,0.009331597222222222,2017-03-15,0.0,0.8042776646983412,0.00024398405136647115,0.0030498006420809094,288,0.02630208333333333,0.05000000000000024
0.0024271235380116966,0.0,0.006727430555555556,"{""C03"": 288}",C03,375.2391562500006,2017-03-16 00:00:00,2017-03-16 23:55:00,124369.4976747036,1.264855085709025e+205,0.051215277777777776,2017-03-16,0.0,0.79787300271924,0.000697804540815331,0.00872255676019164,288,0.09791666666666668,0.05000000000000024
0.0023894819078947374,0.0,0.009982638888888888,"{""C11"": 288}",C11,424.81556250000057,2017-03-17 00:00:00,2017-03-17 23:55:00,124925.96276640892,3.893515956590314e+233,0.06076388888888889,2017-03-17,0.0,0.7934728591899409,0.0003667314688840274,0.0045841433610503135,288,0.11006944444444446,0.05000000000000024
0.002553659539473686,0.0,0.008463541666666666,"{""C11"": 288}",C11,316.50733458333394,2017-03-18 00:00:00,2017-03-18 23:55:00,125475.81586313248,2.1431665456714748e+262,0.0234375,2017-03-18,0.0,0.7977593486309646,0.0008974385278264935,0.011217981597831194,288,0.04105902777777778,0.05000000000000024
0.0026158954678362567,0.0,0.006076388888888889,"{""C11"": 288}",C11,312.46920791666724,2017-03-19 00:00:00,2017-03-19 23:55:00,125954.25073504448,5.8313339322307244e+290,0.014539930555555556,2017-03-19,0.0,0.8036733574126564,0.0005068942367831126,0.006336177959788912,288,0.029123263888888886,0.05000000000000024
0.00217733369883041,0.0,0.004991319444444444,"{""C11"": 288}",C11,338.29683541666753,2017-03-20 00:00:00,2017-03-20 23:55:00,126428.40665864944,inf,0.04383680555555555,2017-03-20,0.0,0.8103937074146367,0.0011577934639138336,0.01447241829892292,288,0.07963541666666668,0.05000000000000024
0.0018725237573099423,0.0,0.013454861111111112,"{""C11"": 288}",C11,368.422177083334,2017-03-21 00:00:00,2017-03-21 23:55:00,126912.17414903641,2.0855590775880916e+39,0.06076388888888889,2017-03-21,0.0,0.7895555919015455,0.0009001213274211557,0.011251516592764407,288,0.13111979166666668,0.05000000000000024
0.0018458232821637421,0.0,0.0028211805555555555,"{""C11"": 288}",C11,296.9824375000007,2017-03-22 00:00:00,2017-03-22 23:55:00,127438.58200860023,9.561467565453506e+67,0.011284722222222222,2017-03-22,0.0,0.8066635332193313,0.00043027617597922837,0.005378452199740332,288,0.021744791666666666,0.05000000000000024
0.0016072085160818716,0.0,0.008463541666666666,"{""C03"": 288}",C03,349.0726445833339,2017-03-23 00:00:00,2017-03-23 23:55:00,127957.74764180183,2.4467756917773367e+96,0.029513888888888888,2017-03-23,0.0,0.7981893832352104,0.000697080049775031,0.008713500622187906,288,0.05277777777777778,0.05000000000000024
0.0010530975877192984,0.0,0.010199652777777778,"{""C03"": 288}",C03,328.85978166666735,2017-03-24 00:00:00,2017-03-24 23:55:00,128496.62380599976,3.423078222658643e+123,0.022786458333333332,2017-03-24,0.0,0.7964514711831008,0.0006649886576888905,0.008312358221111163,288,0.045182291666666666,0.05000000000000024
0.0011524451754385953,0.0,0.061197916666666664,"{""C11"": 288}",C11,318.3419166666673,2017-03-25 00:00:00,2017-03-25 23:55:00,129026.11366224289,1.193343972912987e+153,0.03689236111111111,2017-03-25,0.0,0.746439756632188,0.000640521514688151,0.008006518933601884,288,0.09596354166666668,0.05000000000000024
0.0019228161549707588,0.0,0.010633680555555556,"{""C00"": 288}",C00,327.98295833333395,2017-03-26 00:00:00,2017-03-26 23:55:00,129568.73806548119,6.216898854947649e+155,0.027777777777777776,2017-03-26,0.0,0.798370190975839,0.0006291182151779626,0.00786397768972451,288,0.06514756944444444,0.05000000000000024
0.0027781926169590646,0.0,0.008680555555555556,"{""C00"": 288}",C00,302.2211350000007,2017-03-27 00:00:00,2017-03-27 23:55:00,130055.75133490562,3.726172758415026e+156,0.014322916666666666,2017-03-27,0.0,0.801885589809716,0.0005921753647079408,0.00740219205884931,288,0.03910590277777778,0.05000000000000024
0.003006938961988305,0.0,0.0026041666666666665,"{""C11"": 288}",C11,321.7460308333339,2017-03-28 00:00:00,2017-03-28 23:55:00,130543.67512488365,3.1157322909658785e+183,0.02734375,2017-03-28,0.0,0.8030914324715214,0.0006027426694445508,0.0075342833680569505,288,0.048437499999999994,0.05000000000000024
0.0028884630847953218,0.0,0.001953125,"{""C00"": 288}",C00,310.6441041666672,2017-03-29 00:00:00,2017-03-29 23:55:00,131033.31265640259,5.21886208817445e+185,0.023654513888888888,2017-03-29,0.0,0.8128239371219433,0.0003698890189318696,0.004623612736648359,288,0.046267361111111106,0.05000000000000024
0.0030491173245614043,0.0,0.006510416666666667,"{""C00"": 288}",C00,293.6162383333339,2017-03-30 00:00:00,2017-03-30 23:55:00,131569.0837123394,2.4303564918208825e+186,0.020399305555555556,2017-03-30,0.0,0.8290361507211925,0.00024031535467307949,0.003003941933413517,288,0.043229166666666666,0.05000000000000024
0.0032643000730994136,0.0,0.0030381944444444445,"{""C11"": 288}",C11,254.2259275000009,2017-03-31 00:00:00,2017-03-31 23:55:00,132182.8681385517,1.8883352713372083e+213,0.04014756944444445,2017-03-31,0.0,0.8426090713510563,0.003152228699694693,0.039402858746183635,288,0.08315972222222223,0.05000000000000024
0.0030010498903508764,0.0,0.002387152777777778,"{""C08"": 288}",C08,288.84420875000046,2017-04-01 00:00:00,2017-04-01 23:55:00,132710.2063384056,3.480520135477355e+215,0.016493055555555556,2017-04-01,0.0,0.8162723167305782,0.00596828005357992,0.07460350066974913,288,0.03888888888888889,0.05000000000000024
0.002402821637426898,0.0,0.00043402777777777775,"{""C11"": 288}",C11,285.3988966666673,2017-04-02 00:00:00,2017-04-02 23:55:00,133206.89668631554,1.3153388132606698e+242,0.010416666666666666,2017-04-02,0.0,0.8088906454709809,0.0004134976295671041,0.00516872036958882,288,0.01458333333333333,0.05000000000000024
0.001087256944444445,0.0,0.002170138888888889,"{""C03"": 288}",C03,311.99707333333396,2017-04-03 00:00:00,2017-04-03 23:55:00,133709.83737158775,9.663998150270211e+269,0.024739583333333332,2017-04-03,0.0,0.8071211100293114,0.0004562720759124445,0.005703400948905573,288,0.05190972222222222,0.05000000000000024
0.0012591493055555559,0.0,0.007378472222222222,"{""C07"": 288}",C07,318.20702083333396,2017-04-04 00:00:00,2017-04-04 23:55:00,134218.34474754333,6.062949527407456e+298,0.016059027777777776,2017-04-04,0.0,0.8039432030457903,0.00040641041829505875,0.005080130228688188,288,0.041493055555555554,0.05000000000000024
0.002246387061403508,0.0,0.00390625,"{""C00"": 288}",C00,331.5084791666673,2017-04-05 00:00:00,2017-04-05 23:55:00,134694.21492815018,4.218080651502585e+301,0.043619791666666664,2017-04-05,0.0,0.7997697063327673,0.0006153409369310286,0.007691761711637837,288,0.08207465277777778,0.05000000000000024
0.0021898062865497074,0.0,0.010416666666666666,"{""C05"": 288}",C05,171.97606250000067,2017-04-06 00:00:00,2017-04-06 23:55:00,135167.66364097595,inf,0.013671875,2017-04-06,0.0,0.8973966013975535,0.00421221249530368,0.052652656191296006,288,0.03830729166666667,0.05000000000000024
0.003064195906432751,0.0,0.003689236111111111,"{""C11"": 288}",C11,274.19853250000045,2017-04-07 00:00:00,2017-04-07 23:55:00,135644.16888833046,1.337211877491799e+27,0.019314236111111112,2017-04-07,0.0,0.8201177115033421,0.0012947449856707811,0.016184312320884756,288,0.04019097222222222,0.05000000000000024
0.0035416885964912265,0.0,0.005208333333333333,"{""C08"": 288}",C08,238.41613500000093,2017-04-08 00:00:00,2017-04-08 23:55:00,136149.24661684036,2.93865731322696e+29,0.022786458333333332,2017-04-08,0.0,0.8503608735104425,0.005445829819637688,0.06807287274547105,288,0.058637152777777785,0.05000000000000024
0.0034765670687134497,0.0,0.004991319444444444,"{""C06"": 288}",C06,310.32181166666754,2017-04-09 00:00:00,2017-04-09 23:55:00,136639.89839553833,1.6367808899799957e+35,0.029296875,2017-04-09,0.0,0.8239997539299916,0.0009692971953005527,0.012116214941256845,288,0.07361111111111113,0.05000000000000024
0.0036772934941520486,0.0,0.002387152777777778,"{""C06"": 288}",C06,197.03337458333442,2017-04-10 00:00:00,2017-04-10 23:55:00,137115.40292811394,9.276852851817213e+41,0.016059027777777776,2017-04-10,0.0,0.8593123545002109,0.00046271074289412617,0.0057838842861766045,288,0.03628472222222222,0.05000000000000024
0.0038318028143274874,0.0,0.007378472222222222,"{""C06"": 288}",C06,210.60608291666736,2017-04-11 00:00:00,2017-04-11 23:55:00,137601.92431116104,5.530290600424664e+48,0.03602430555555555,2017-04-11,0.0,0.8735975154886859,0.0015297058257432888,0.019121322821791114,288,0.06861979166666667,0.05000000000000024
0.0034244928728070193,0.0,0.0008680555555555555,"{""C11"": 288}",C11,238.78837541666758,2017-04-12 00:00:00,2017-04-12 23:55:00,138103.12774443626,3.4904912964403793e+76,0.014322916666666666,2017-04-12,0.0,0.8455225390915171,0.0002707028479911216,0.0033837855998890437,288,0.034548611111111106,0.05000000000000024
0.003855826023391811,0.0,0.005642361111111111,"{""C06"": 288}",C06,136.38019791666753,2017-04-13 00:00:00,2017-04-13 23:55:00,138596.3890156746,1.1203193188561143e+84,0.029947916666666668,2017-04-13,0.0,0.8958246097792085,0.001933439371304889,0.024167992141311115,288,0.07296006944444446,0.05000000000000024
0.0041026653874269015,0.0,0.002387152777777778,"{""C06"": 288}",C06,114.9729583333341,2017-04-14 00:00:00,2017-04-14 23:55:00,139087.97201824188,6.00004193267971e+90,0.013454861111111112,2017-04-14,0.0,0.9180566104671072,0.0015687805347148935,0.01960975668393619,288,0.024131944444444442,0.05000000000000024
0.0036680838815789435,0.0,0.005208333333333333,"{""C03"": 288}",C03,244.75551083333397,2017-04-15 00:00:00,2017-04-15 23:55:00,139583.95407223701,3.977928133329425e+118,0.026041666666666668,2017-04-15,0.0,0.842305130798544,0.005304855926024327,0.06631069907530415,288,0.05386284722222222,0.05000000000000024
0.003406578947368421,0.0,0.0,"{""C07"": 288}",C07,233.59488500000097,2017-04-16 00:00:00,2017-04-16 23:55:00,140077.2474412918,1.1049021321894469e+147,0.015842013888888888,2017-04-16,0.0,0.8488780680222281,0.000285114440357038,0.0035639305044629812,288,0.04279513888888889,0.05000000000000024
0.003626489400584795,0.0,0.007161458333333333,"{""C05"": 288}",C05,225.60176125000106,2017-04-17 00:00:00,2017-04-17 23:55:00,140554.21896076202,3.066818224953309e+154,0.03732638888888889,2017-04-17,0.0,0.8604871250239889,0.0006027904091317653,0.007534880114147065,288,0.0642795138888889,0.05000000000000024
0.003923648574561403,0.0,0.00390625,"{""C05"": 288}",C05,218.5434279166675,2017-04-18 00:00:00,2017-04-18 23:55:00,141041.6599931717,1.8085412856637366e+161,0.040364583333333336,2017-04-18,0.0,0.8772860527952475,0.0007667551668004448,0.009584439585005565,288,0.08467881944444446,0.05000000000000024
0.0035632255116959063,0.0,0.00021701388888888888,"{""C07"": 288}",C07,193.4491566666677,2017-04-19 00:00:00,2017-04-19 23:55:00,141533.5334224701,9.849060464256234e+188,0.008246527777777778,2017-04-19,0.0,0.8647134862681944,0.00012628622685395265,0.0015785778356744383,288,0.020659722222222218,0.05000000000000024
0.0035978435672514623,0.0,0.007161458333333333,"{""C05"": 288}",C05,201.4007183333341,2017-04-20 00:00:00,2017-04-20 23:55:00,142011.21264362335,2.7526911929111667e+196,0.027560763888888888,2017-04-20,0.0,0.868941394424539,0.00030258512889320293,0.0037823141111650413,288,0.06449652777777778,0.05000000000000024
0.0036855080409356734,0.0,0.002170138888888889,"{""C05"": 288}",C05,217.36837583333448,2017-04-21 00:00:00,2017-04-21 23:55:00,142487.22952389717,1.4854963705177849e+203,0.019965277777777776,2017-04-21,0.0,0.8658388076547839,0.0002553642298851622,0.003192052873564543,288,0.042361111111111106,0.05000000000000024
0.003927040387426899,0.0,0.006510416666666667,"{""C05"": 288}",C05,185.17420833333415,2017-04-22 00:00:00,2017-04-22 23:55:00,142999.98458003998,9.960503343502357e+209,0.037543402777777776,2017-04-22,0.0,0.8947253299643282,0.00029061290997164674,0.0036326613746455907,288,0.07881944444444446,0.05000000000000024
0.004198707054093566,0.0,0.0028211805555555555,"{""C02"": 288}",C02,96.00587541666748,2017-04-23 00:00:00,2017-04-23 23:55:00,143512.38455462456,3.591736643701313e+211,0.014973958333333334,2017-04-23,0.0,0.9237332949810162,0.00044077993396458983,0.005509749174557339,288,0.03237847222222222,0.05000000000000024
0.00397860928362573,0.0,0.00043402777777777775,"{""C06"": 288}",C06,143.55191666666676,2017-04-24 00:00:00,2017-04-24 23:55:00,144009.05588269234,2.0673154652441795e+217,0.009982638888888888,2017-04-24,0.0,0.8939917062986465,0.0003047822661926341,0.0038097783274079417,288,0.025868055555555554,0.05000000000000024
0.0033711851242690057,0.0,0.0026041666666666665,"{""C08"": 288}",C08,235.8491041666676,2017-04-25 00:00:00,2017-04-25 23:55:00,144502.88418269157,5.9482392650778325e+218,0.01953125,2017-04-25,0.0,0.8546670552569456,0.0004453918217045144,0.005567397771306451,288,0.041493055555555554,0.05000000000000024
0.002646816520467836,0.0,0.0,"{""C07"": 288}",C07,288.48400000000055,2017-04-26 00:00:00,2017-04-26 23:55:00,145079.6937303543,3.2540622867512324e+245,0.015625,2017-04-26,0.0,0.8145562100350945,6.0901883978052946e-05,0.0007612735497256614,288,0.042361111111111106,0.05000000000000024
0.0030193156067251474,0.0,0.005642361111111111,"{""C06"": 288}",C06,279.5236358333341,2017-04-27 00:00:00,2017-04-27 23:55:00,145606.88217115402,1.266964665545879e+253,0.0234375,2017-04-27,0.0,0.8257430434012892,0.0008226006970084659,0.010282508712605807,288,0.05451388888888889,0.05000000000000024
0.003749618969298243,0.0,0.005642361111111111,"{""C07"": 288}",C07,189.58384416666786,2017-04-28 00:00:00,2017-04-28 23:55:00,146101.8356604576,1.2712066564373368e+281,0.026041666666666668,2017-04-28,0.0,0.8843101222654075,0.0007610009497419482,0.009512511871774348,288,0.053211805555555554,0.05000000000000024
0.00365327668128655,0.0,0.004991319444444444,"{""C06"": 288}",C06,296.54493791666647,2017-04-29 00:00:00,2017-04-29 23:55:00,146596.75354743004,2.650839481123065e+288,0.05360243055555555,2017-04-29,0.0,0.8377295264204743,0.0004170901663568212,0.005213627079460266,288,0.10963541666666668,0.05000000000000024
0.003894057931286549,0.0,0.006727430555555556,"{""C06"": 288}",C06,196.9903554166678,2017-04-30 00:00:00,2017-04-30 23:55:00,147084.00996804237,1.475847565944059e+295,0.035807291666666664,2017-04-30,0.0,0.8764079898409073,0.0003729910083930903,0.004662387604913629,288,0.08055555555555556,0.05000000000000024
0.0039698072002923995,0.0,0.011935763888888888,"{""C06"": 288}",C06,272.4864491666667,2017-05-01 00:00:00,2017-05-01 23:55:00,147588.94493198395,8.544977266944203e+301,0.047309027777777776,2017-05-01,0.0,0.8737858969770685,0.0006129816304468238,0.007662270380585281,288,0.09704861111111113,0.05000000000000024
0.00279032620614035,0.0,0.003472222222222222,"{""C06"": 288}",C06,135.73501958333298,2017-05-02 00:00:00,2017-05-02 23:55:00,148100.51617240906,inf,0.025824652777777776,2017-05-02,0.0,0.9332019596836552,0.003997075353004664,0.049963441912558276,288,0.05701388888888889,0.05000000000000024
0.003912082419590641,0.0,0.009331597222222222,"{""C06"": 288}",C06,221.1017083333342,2017-05-03 00:00:00,2017-05-03 23:55:00,148578.01423740387,11821133.411480166,0.029730902777777776,2017-05-03,0.0,0.8698925670307606,0.0005694080888013895,0.007117601110017365,288,0.07187500000000001,0.05000000000000024
0.0038288413742690063,0.0,0.005642361111111111,"{""C03"": 288}",C03,236.56478125000103,2017-05-04 00:00:00,2017-05-04 23:55:00,149060.472625494,1.0680554871265926e+35,0.049479166666666664,2017-05-04,0.0,0.8653232905011774,0.004146794500882606,0.05183493126103253,288,0.10052083333333334,0.05000000000000024
0.0037866355994152067,0.0,0.008680555555555556,"{""C06"": 288}",C06,214.9982191666677,2017-05-05 00:00:00,2017-05-05 23:55:00,149542.6355521679,1.9384715385019184e+42,0.033203125,2017-05-05,0.0,0.8592257723316936,0.000257242165011068,0.0032155270626383564,288,0.09032118055555556,0.05000000000000024
0.0038111988304093563,0.0,0.008463541666666666,"{""C06"": 288}",C06,212.80014583333417,2017-05-06 00:00:00,2017-05-06 23:55:00,150021.33207392693,1.1574651429435966e+49,0.025824652777777776,2017-05-06,0.0,0.8658960300228535,0.0008383407963429197,0.010479259954286524,288,0.05928819444444444,0.05000000000000024
0.003999920504385964,0.0,0.006293402777777778,"{""C05"": 288}",C05,166.20712583333406,2017-05-07 00:00:00,2017-05-07 23:55:00,150495.13065195084,6.859019374514127e+55,0.031901041666666664,2017-05-07,0.0,0.8920290680590691,0.0008651235680693226,0.010814044600866555,288,0.07860243055555555,0.05000000000000024
0.004073802083333334,0.0,0.0028211805555555555,"{""C05"": 288}",C05,128.02139541666665,2017-05-08 00:00:00,2017-05-08 23:55:00,150969.89977622032,3.5678157648781177e+62,0.03342013888888889,2017-05-08,0.0,0.9072582726435807,0.0006479178521094802,0.008098973151368458,288,0.059071180555555554,0.05000000000000024
0.004084250730994154,0.0,0.0010850694444444445,"{""C05"": 288}",C05,91.4996249999997,2017-05-09 00:00:00,2017-05-09 23:55:00,151444.0530951023,1.872455335799016e+69,0.015625,2017-05-09,0.0,0.9191571023419578,0.00039722805795296937,0.004965350724412103,288,0.03715277777777778,0.05000000000000024
0.004047961440058482,0.0,0.004123263888888889,"{""C05"": 288}",C05,150.21249000000074,2017-05-10 00:00:00,2017-05-10 23:55:00,151918.8340163231,9.919075573901748e+75,0.024305555555555556,2017-05-10,0.0,0.9007173515469307,0.00012370412864025284,0.0015463016080031805,288,0.05277777777777778,0.05000000000000024
0.00412754568713451,0.0,0.007378472222222222,"{""C05"": 288}",C05,120.80592666666695,2017-05-11 00:00:00,2017-05-11 23:55:00,152392.65415287018,5.745849884582556e+82,0.027994791666666668,2017-05-11,0.0,0.9259522858464765,0.0001994270400922108,0.0024928380011526845,288,0.053211805555555554,0.05000000000000024
0.0040689108187134514,0.0,0.01171875,"{""C06"": 288}",C06,155.50186500000027,2017-05-12 00:00:00,2017-05-12 23:55:00,152867.14127135277,2.6460293114561685e+89,0.04991319444444445,2017-05-12,0.0,0.9117497597523082,0.0008564164263111641,0.01070520532888955,288,0.09184027777777778,0.05000000000000024
0.0039262308114035105,0.0,0.0015190972222222222,"{""C05"": 288}",C05,162.19051083333386,2017-05-13 00:00:00,2017-05-13 23:55:00,153407.4558520317,1.3769655805651924e+96,0.014973958333333334,2017-05-13,0.0,0.887636642770409,0.0005144046701248862,0.006430058376561085,288,0.03064236111111111,0.05000000000000024
0.00406361933479532,0.0,0.008029513888888888,"{""C05"": 288}",C05,112.1758758333343,2017-05-14 00:00:00,2017-05-14 23:55:00,153883.661039114,8.621319530563735e+102,0.034505208333333336,2017-05-14,0.0,0.9152384728145105,0.00041787316922866876,0.005223414615358348,288,0.06970486111111113,0.05000000000000024
0.004168924524853801,0.0,0.0013020833333333333,"{""C05"": 288}",C05,66.54462583333316,2017-05-15 00:00:00,2017-05-15 23:55:00,154382.44065880775,4.613935148853875e+109,0.033637152777777776,2017-05-15,0.0,0.9431906547906609,0.0002484967183577757,0.003106208979472216,288,0.07838541666666668,0.05000000000000024
0.004202119883040938,0.0,0.01171875,"{""C10"": 288}",C10,168.77634291666723,2017-05-16 00:00:00,2017-05-16 23:55:00,154879.70100331306,1.5907176876900215e+111,0.055338541666666664,2017-05-16,0.0,0.9094412808679024,0.0011667954451644357,0.014584943064555454,288,0.1150607638888889,0.05000000000000024
0.00404313779239766,0.0,0.009982638888888888,"{""C02"": 288}",C02,199.72946916666768,2017-05-17 00:00:00,2017-05-17 23:55:00,155453.98886537552,6.373611706885396e+111,0.035807291666666664,2017-05-17,0.0,0.8767114141972643,0.0008620372756050754,0.01077546594506342,288,0.07447916666666668,0.05000000000000024
0.004035086805555552,0.0,0.006076388888888889,"{""C05"": 288}",C05,126.74462500000041,2017-05-18 00:00:00,2017-05-18 23:55:00,155930.5860261917,4.295155365673458e+117,0.03146701388888889,2017-05-18,0.0,0.9090135994611767,0.00014498963466269592,0.0018123704332837047,288,0.06883680555555556,0.05000000000000024
0.004207099780701749,0.0,0.002387152777777778,"{""C10"": 288}",C10,116.02660541666724,2017-05-19 00:00:00,2017-05-19 23:55:00,156407.73683977127,1.5134342828528904e+119,0.030381944444444444,2017-05-19,0.0,0.9336913015416083,0.0004538213126911143,0.005672766408638959,288,0.057986111111111106,0.05000000000000024
0.004274711257309946,0.0,0.007595486111111111,"{""C06"": 288}",C06,101.58800958333373,2017-05-20 00:00:00,2017-05-20 23:55:00,156885.9707286358,9.791717545046196e+124,0.03819444444444445,2017-05-20,0.0,0.9420422243735183,0.0007696891148065549,0.009621113935081924,288,0.07382812500000001,0.05000000000000024
0.004187516447368422,0.0,0.004557291666666667,"{""C02"": 288}",C02,107.51795916666639,2017-05-21 00:00:00,2017-05-21 23:55:00,157361.00755119324,3.3313221853435666e+126,0.026258680555555556,2017-05-21,0.0,0.925272142577989,0.0027651482156988375,0.03456435269623544,288,0.05928819444444444,0.05000000000000024
0.004096090095029239,0.0,0.004774305555555556,"{""C05"": 288}",C05,113.47488500000074,2017-05-22 00:00:00,2017-05-22 23:55:00,157833.9016470909,2.1106831323167145e+132,0.017361111111111112,2017-05-22,0.0,0.9110081621924411,0.000649666235299169,0.008120827941239646,288,0.036501736111111106,0.05000000000000024
0.004137872807017545,0.0,0.005642361111111111,"{""C06"": 288}",C06,78.73920791666653,2017-05-23 00:00:00,2017-05-23 23:55:00,158306.809643507,1.1577238058451535e+139,0.024956597222222224,2017-05-23,0.0,0.9333348337011859,0.0012008626790229102,0.015010783487786375,288,0.05060763888888889,0.05000000000000024
0.004262950475146199,0.0,0.004340277777777778,"{""C02"": 288}",C02,122.74514625000087,2017-05-24 00:00:00,2017-05-24 23:55:00,158779.76441407204,4.09708777560341e+140,0.029296875,2017-05-24,0.0,0.935218371826514,0.0009001749361947168,0.011252186702433917,288,0.05256076388888889,0.05000000000000024
0.004187124451754388,0.0,0.0,"{""C10"": 288}",C10,38.03566666666654,2017-05-25 00:00:00,2017-05-25 23:55:00,159251.74336886406,1.6892528974949107e+141,0.003689236111111111,2017-05-25,0.0,0.9497340375734452,0.0002254050631637893,0.0028175632895473704,288,0.015017361111111112,0.05000000000000024
0.004185148026315789,0.0,0.0006510416666666666,"{""C10"": 288}",C10,45.10019833333322,2017-05-26 00:00:00,2017-05-26 23:55:00,159722.7376856804,7.108442486523893e+141,0.009548611111111112,2017-05-26,0.0,0.95143341380143,0.00030218878417672074,0.003777359802209031,288,0.012847222222222223,0.05000000000000024
0.004179919590643278,0.0,0.0006510416666666666,"{""C10"": 288}",C10,66.70248999999981,2017-05-27 00:00:00,2017-05-27 23:55:00,160192.34106087685,2.989564176914269e+142,0.009982638888888888,2017-05-27,0.0,0.9487557746630243,6.676628205927427e-05,0.0008345785257409597,288,0.02065972222222222,0.05000000000000024
0.00424248629385965,0.0,0.0013020833333333333,"{""C10"": 288}",C10,55.80691666666643,2017-05-28 00:00:00,2017-05-28 23:55:00,160666.84197044373,1.2728945448903146e+143,0.007161458333333333,2017-05-28,0.0,0.9490857423917873,0.0001425884072071741,0.0017823550900896697,288,0.009809027777777778,0.05000000000000024
0.00428332054093567,0.0,0.0026041666666666665,"{""C02"": 288}",C02,78.57259333333295,2017-05-29 00:00:00,2017-05-29 23:55:00,161139.8528122902,5.352601115622059e+143,0.017144097222222224,2017-05-29,0.0,0.9344401925095538,0.0004121362176516944,0.005151702720646182,288,0.03324652777777778,0.05000000000000024
0.004208470394736842,0.0,0.005425347222222222,"{""C10"": 288}",C10,102.35144791666731,2017-05-30 00:00:00,2017-05-30 23:55:00,161639.7459743023,2.242779778102027e+144,0.026041666666666668,2017-05-30,0.0,0.9308851567908926,0.00040330536129313014,0.005041317016164128,288,0.05820312500000001,0.05000000000000024
0.004256595394736843,0.0,0.009765625,"{""C10"": 288}",C10,75.15170833333332,2017-05-31 00:00:00,2017-05-31 23:55:00,162201.60001969337,9.513702161496366e+144,0.035590277777777776,2017-05-31,0.0,0.9396165580377003,0.00027657541201165736,0.0034571926501457207,288,0.07838541666666668,0.05000000000000024
0.0042849186769005855,0.0,0.008246527777777778,"{""C02"": 288}",C02,104.9104574999998,2017-06-01 00:00:00,2017-06-01 23:55:00,162689.21585988998,4.0135140412312277e+145,0.04969618055555555,2017-06-01,0.0,0.9336294718131735,0.0011062138862663457,0.01382767357832931,288,0.0935763888888889,0.05000000000000024
0.004097557565789475,0.0,0.0,"{""C02"": 288}",C02,102.78566666666629,2017-06-02 00:00:00,2017-06-02 23:55:00,163177.209543705,1.5986617361272049e+146,0.003689236111111111,2017-06-02,0.0,0.9110564961040498,0.00013590598996892402,0.0016988248746115332,288,0.015017361111111108,0.05000000000000024
0.004035534539473687,0.0,0.0026041666666666665,"{""C02"": 288}",C02,132.76900000000057,2017-06-03 00:00:00,2017-06-03 23:55:00,163681.3180296421,6.654190401723273e+146,0.020182291666666668,2017-06-03,0.0,0.8955342275223265,0.00014526062990794845,0.001815757873849334,288,0.049088541666666666,0.05000000000000024
0.004091154970760232,0.0,0.009114583333333334,"{""C05"": 288}",C05,104.73837500000008,2017-06-04 00:00:00,2017-06-04 23:55:00,164244.15704369545,4.443148772401092e+152,0.036675347222222224,2017-06-04,0.0,0.917131181908855,0.00021484855513370822,0.002685606939171325,288,0.08250868055555556,0.05000000000000024
0.004224189510233922,0.0,0.005642361111111111,"{""C10"": 288}",C10,100.33275041666704,2017-06-05 00:00:00,2017-06-05 23:55:00,164841.52688980103,1.571510296139099e+154,0.024305555555555556,2017-06-05,0.0,0.9363291730195739,0.00033398900739792665,0.004174862592474116,288,0.049305555555555554,0.05000000000000024
0.004383865131578948,0.0,0.0032552083333333335,"{""C02"": 288}",C02,88.81738625000033,2017-06-06 00:00:00,2017-06-06 23:55:00,165466.07381939888,6.866780379911236e+154,0.016927083333333332,2017-06-06,0.0,0.9440678864729833,0.00020789389968560058,0.0025986737460699932,288,0.029340277777777774,0.05000000000000024
0.004429668311403511,0.0,0.006727430555555556,"{""C02"": 288}",C02,81.03790625000019,2017-06-07 00:00:00,2017-06-07 23:55:00,166005.46434378624,2.8970738016478795e+155,0.0390625,2017-06-07,0.0,0.9394681417974842,0.00035638334061669484,0.004454791757708682,288,0.07144097222222223,0.05000000000000024
0.004264826388888889,0.0,0.0026041666666666665,"{""C10"": 288}",C10,72.52124000000008,2017-06-08 00:00:00,2017-06-08 23:55:00,166493.38594913483,1.1802772000890899e+156,0.013671875,2017-06-08,0.0,0.9469452173042503,0.00032139227386169904,0.004017403423271214,288,0.02630208333333333,0.05000000000000024
0.004321299342105261,0.0,0.005642361111111111,"{""C02"": 288}",C02,52.928896249999795,2017-06-09 00:00:00,2017-06-09 23:55:00,166982.0187060833,5.024407996528559e+156,0.0234375,2017-06-09,0.0,0.9426254000849116,0.00031019744627862084,0.003877468078482754,288,0.05473090277777778,0.05000000000000024
0.004265186403508773,0.0,0.004557291666666667,"{""C10"": 288}",C10,68.03795916666644,2017-06-10 00:00:00,2017-06-10 23:55:00,167471.3356127739,2.092655026278226e+157,0.018880208333333332,2017-06-10,0.0,0.9447061205529459,0.0001636637511268615,0.002045796889085792,288,0.039322916666666666,0.05000000000000024
0.00424343384502924,0.0,0.005208333333333333,"{""C10"": 288}",C10,106.03082458333357,2017-06-11 00:00:00,2017-06-11 23:55:00,167969.63553762436,8.75096857201721e+157,0.029296875,2017-06-11,0.0,0.9419357183323389,0.0003387278688905223,0.004234098361131521,288,0.05755208333333333,0.05000000000000024
0.004317382127192988,0.0,0.005859375,"{""C02"": 288}",C02,132.912282083334,2017-06-12 00:00:00,2017-06-12 23:55:00,168534.02270030975,3.7298634373027224e+158,0.02734375,2017-06-12,0.0,0.9383333048187441,0.00028234317869269595,0.003529289733658696,288,0.057118055555555554,0.05000000000000024
0.004321873172514623,0.0,0.0008680555555555555,"{""C02"": 288}",C02,51.067333333333124,2017-06-13 00:00:00,2017-06-13 23:55:00,169133.5721077919,1.5685850125537388e+159,0.012152777777777778,2017-06-13,0.0,0.9493810277594231,8.337374269778923e-05,0.0010421717837223793,288,0.02868923611111111,0.05000000000000024
0.004283121345029235,0.0,0.0,"{""C02"": 288}",C02,33.718999999999824,2017-06-14 00:00:00,2017-06-14 23:55:00,169685.4219212532,6.600907243862578e+159,0.00021701388888888888,2017-06-14,0.0,0.952247373118671,9.405276148980224e-05,0.0011756595186225081,288,0.0011284722222222223,0.05000000000000024
0.00441749177631579,0.0,0.007161458333333333,"{""C02"": 288}",C02,117.31759416666678,2017-06-15 00:00:00,2017-06-15 23:55:00,170246.33255434036,2.8376762679621666e+160,0.026692708333333332,2017-06-15,0.0,0.939028452125662,0.0005326356088644768,0.006657945110805917,288,0.05147569444444444,0.05000000000000024
0.004259619883040935,0.0,0.007378472222222222,"{""C10"": 288}",C10,36.78113499999981,2017-06-16 00:00:00,2017-06-16 23:55:00,170867.6228644848,1.1532758554142572e+161,0.025607638888888888,2017-06-16,0.0,0.9446150152046209,0.00032257990063393486,0.004032248757924172,288,0.06015625000000001,0.05000000000000024
0.004325231176900584,0.0,0.006727430555555556,"{""C02"": 288}",C02,134.84129125000044,2017-06-17 00:00:00,2017-06-17 23:55:00,171423.34616851807,4.908794298592172e+161,0.045355902777777776,2017-06-17,0.0,0.9352879866114675,0.00029270354523492313,0.0036587943154365635,288,0.08554687500000001,0.05000000000000024
0.004235265899122805,0.0,0.008246527777777778,"{""C10"": 288}",C10,70.15582333333315,2017-06-18 00:00:00,2017-06-18 23:55:00,171910.03351449966,2.0369520676320253e+162,0.03342013888888889,2017-06-18,0.0,0.9375380013410689,0.00029479923806683875,0.003684990475835496,288,0.07947048611111111,0.05000000000000024
0.004253122258771931,0.0,0.005642361111111111,"{""C10"": 288}",C10,73.45202125,2017-06-19 00:00:00,2017-06-19 23:55:00,172382.21404337883,8.56963537597764e+162,0.018663194444444444,2017-06-19,0.0,0.942335036343289,0.00036153655447666936,0.004519206930958368,288,0.03802083333333333,0.05000000000000024
0.004269163011695903,0.0,0.004340277777777778,"{""C10"": 288}",C10,78.17811500000012,2017-06-20 00:00:00,2017-06-20 23:55:00,172858.19229745865,3.626934853970527e+163,0.018446180555555556,2017-06-20,0.0,0.9450489240578713,0.0001245140543478272,0.00155642567934781,288,0.029340277777777774,0.05000000000000024
0.004406861293859646,0.0,0.006293402777777778,"{""C02"": 288}",C02,126.40082333333379,2017-06-21 00:00:00,2017-06-21 23:55:00,173331.09473991394,1.5646852154281962e+164,0.054253472222222224,2017-06-21,0.0,0.9297378262157786,0.0007645408422385028,0.009556760527981302,288,0.11223958333333334,0.05000000000000024
0.004348409173976609,0.0,0.005859375,"{""C02"": 288}",C02,36.67321833333316,2017-06-22 00:00:00,2017-06-22 23:55:00,173803.20568466187,6.499698354892035e+164,0.024739583333333332,2017-06-22,0.0,0.9465424189219447,0.00018459031468111175,0.002307378933513882,288,0.05625000000000001,0.05000000000000024
0.004281621893274855,0.0,0.001953125,"{""C02"": 288}",C02,70.48759416666628,2017-06-23 00:00:00,2017-06-23 23:55:00,174303.3492460251,2.67954553970628e+165,0.015625,2017-06-23,0.0,0.9360438071351962,0.00038005643125968815,0.004750705390746079,288,0.024999999999999998,0.05000000000000024
0.004214553179824564,0.0,0.001953125,"{""C10"": 288}",C10,110.65702208333396,2017-06-24 00:00:00,2017-06-24 23:55:00,174777.90240311623,1.1212617493253588e+166,0.018012152777777776,2017-06-24,0.0,0.9312686929436901,0.0003306066943336417,0.004132583679170554,288,0.03498263888888889,0.05000000000000024
0.004265318896198831,0.0,0.001953125,"{""C10"": 288}",C10,84.50946833333325,2017-06-25 00:00:00,2017-06-25 23:55:00,175250.25118780136,4.765761820413798e+166,0.0234375,2017-06-25,0.0,0.9412731262057474,0.00028584995055942384,0.0035731243819928033,288,0.04301215277777778,0.05000000000000024
0.004233993969298245,0.0,0.0013020833333333333,"{""C10"": 288}",C10,45.181134999999834,2017-06-26 00:00:00,2017-06-26 23:55:00,175732.10092425346,1.9852604372462208e+167,0.009982638888888888,2017-06-26,0.0,0.9513408750853581,0.00013289120726980852,0.001661140090872617,288,0.013715277777777778,0.05000000000000024
0.004313841374269009,0.0,0.003689236111111111,"{""C10"": 288}",C10,84.48249000000021,2017-06-27 00:00:00,2017-06-27 23:55:00,176253.51631093025,8.527967728634663e+167,0.025390625,2017-06-27,0.0,0.9412207754864917,0.00024975026748105366,0.003121878343513185,288,0.03411458333333333,0.05000000000000024
0.004327191154970758,0.0,0.0013020833333333333,"{""C10"": 288}",C10,61.58519833333321,2017-06-28 00:00:00,2017-06-28 23:55:00,176858.46764707565,3.6079512132639454e+168,0.011935763888888888,2017-06-28,0.0,0.9485388333994409,0.00026911110672352893,0.003363888834044146,288,0.022829861111111113,0.05000000000000024
0.00451348775584795,0.0,0.006293402777777778,"{""C02"": 288}",C02,118.84191750000019,2017-06-29 00:00:00,2017-06-29 23:55:00,177340.73508143425,1.5596961993563372e+169,0.04296875,2017-06-29,0.0,0.934781164416376,0.00047659524118313614,0.00595744051478919,288,0.06948784722222222,0.05000000000000024
0.004325591191520468,0.0,0.00043402777777777775,"{""C02"": 288}",C02,56.17113499999982,2017-06-30 00:00:00,2017-06-30 23:55:00,177824.05119609833,6.339297793392578e+169,0.01171875,2017-06-30,0.0,0.9492843927875962,0.0002425664107939824,0.0030320801349247484,288,0.02239583333333333,0.05000000000000024
0.00429929641812865,0.0,0.001736111111111111,"{""C02"": 288}",C02,78.54233333333379,2017-07-01 00:00:00,2017-07-01 23:55:00,178308.91661000252,2.651572854528041e+170,0.017578125,2017-07-01,0.0,0.944033188354228,0.0001494617823251972,0.0018682722790649617,288,0.036718749999999994,0.05000000000000024
0.00434623081140351,0.0,0.0030381944444444445,"{""C02"": 288}",C02,67.52535333333319,2017-07-02 00:00:00,2017-07-02 23:55:00,178792.7795841694,1.1277310834193241e+171,0.017144097222222224,2017-07-02,0.0,0.9468238890627069,0.0003044455499840116,0.0038055693748001392,288,0.029774305555555554,0.05000000000000024
0.004383999451754385,0.0,0.012152777777777778,"{""C10"": 288}",C10,75.3675408333335,2017-07-03 00:00:00,2017-07-03 23:55:00,179277.2860713005,4.750140517458721e+171,0.04296875,2017-07-03,0.0,0.9410246749935419,0.00024711664802909417,0.0030889581003636433,288,0.08489583333333334,0.05000000000000024
0.004264037828947367,0.0,0.0026041666666666665,"{""C10"": 288}",C10,62.44853124999972,2017-07-04 00:00:00,2017-07-04 23:55:00,179833.44959926605,1.957306649425436e+172,0.016710069444444444,2017-07-04,0.0,0.9467467872510422,0.00011107454956306858,0.0013884318695383435,288,0.028906249999999998,0.05000000000000024
0.0043234548611111165,0.0,0.002170138888888889,"{""C10"": 288}",C10,85.22441666666687,2017-07-05 00:00:00,2017-07-05 23:55:00,180317.25341939926,8.351806402501669e+172,0.023003472222222224,2017-07-05,0.0,0.9419178231703285,0.0004948175957091155,0.006185219946363948,288,0.04865451388888889,0.05000000000000024
0.004314566885964913,0.0,0.006076388888888889,"{""C10"": 288}",C10,139.23014583333364,2017-07-06 00:00:00,2017-07-06 23:55:00,180800.87053346634,3.4878984890094376e+173,0.033854166666666664,2017-07-06,0.0,0.9400940819438429,0.00024183836400258092,0.0030229795500322466,288,0.07144097222222223,0.05000000000000024
0.004432643457602341,0.0,0.004991319444444444,"{""C02"": 288}",C02,89.92353249999994,2017-07-07 00:00:00,2017-07-07 23:55:00,181287.37492847443,1.5120696605926363e+174,0.024305555555555556,2017-07-07,0.0,0.9408761744515319,0.00035762819228663114,0.004470352403582895,288,0.051041666666666666,0.05000000000000024
0.00432983552631579,0.0,0.004340277777777778,"{""C02"": 288}",C02,51.53946916666646,2017-07-08 00:00:00,2017-07-08 23:55:00,181773.18050694466,6.209376748998006e+174,0.014105902777777778,2017-07-08,0.0,0.9462855535952607,0.00029970966027313597,0.003746370753414228,288,0.03237847222222222,0.05000000000000024
0.004291848501461987,0.0,0.006076388888888889,"{""C10"": 288}",C10,74.12649999999972,2017-07-09 00:00:00,2017-07-09 23:55:00,182259.65133571625,2.600922607498302e+175,0.022569444444444444,2017-07-09,0.0,0.9419311846099911,0.00018965871703512357,0.002370733962939053,288,0.052343749999999994,0.05000000000000024
0.004342463450292395,0.0,0.0,"{""C10"": 288}",C10,28.331916666666555,2017-07-10 00:00:00,2017-07-10 23:55:00,182744.26930618286,1.1028809846891672e+176,0.0008680555555555555,2017-07-10,0.0,0.9539814482242149,0.00014041974661682975,0.001755246832710407,288,0.0024305555555555556,0.05000000000000024
0.004315157163742689,0.0,0.0013020833333333333,"{""C02"": 288}",C02,83.30889583333318,2017-07-11 00:00:00,2017-07-11 23:55:00,183264.60666418076,4.598352190967995e+176,0.009548611111111112,2017-07-11,0.0,0.9427479724957375,0.00031325608227531746,0.003915701028441511,288,0.021527777777777774,0.05000000000000024
0.004257016630116957,0.0,0.001953125,"{""C02"": 288}",C02,40.95415666666648,2017-07-12 00:00:00,2017-07-12 23:55:00,183825.0249376297,1.907274849401996e+177,0.012803819444444444,2017-07-12,0.0,0.9463494510124141,0.000244892275515397,0.0030611534439424558,288,0.03020833333333333,0.05000000000000024
0.004196639254385962,0.0,0.016710069444444444,"{""C05"": 288}",C05,132.65124083333353,2017-07-13 00:00:00,2017-07-13 23:55:00,184317.73436951637,1.2240979378975325e+183,0.06727430555555555,2017-07-13,0.0,0.9268501444860827,0.0068182992003445065,0.08522874000430622,288,0.13372395833333334,0.05000000000000024
0.004214305555555558,0.0,0.004340277777777778,"{""C05"": 288}",C05,101.11587458333348,2017-07-14 00:00:00,2017-07-14 23:55:00,184834.14139151573,6.552043823781347e+189,0.026258680555555556,2017-07-14,0.0,0.9411282318076738,0.0007462322119953932,0.009327902649942429,288,0.04887152777777778,0.05000000000000024
0.004204063413742693,0.0,0.00043402777777777775,"{""C10"": 288}",C10,39.321916666666496,2017-07-15 00:00:00,2017-07-15 23:55:00,185381.15250515938,2.2529339035851852e+191,0.0013020833333333333,2017-07-15,0.0,0.9504222171665516,0.00010478869418109642,0.0013098586772636795,288,0.003298611111111111,0.05000000000000024
0.004276470211988305,0.0,0.0030381944444444445,"{""C10"": 288}",C10,67.91655166666668,2017-07-16 00:00:00,2017-07-16 23:55:00,185879.6441142559,9.65409282448802e+191,0.017361111111111112,2017-07-16,0.0,0.9437368994848685,0.00033315744434473586,0.004164468054309225,288,0.024999999999999998,0.05000000000000024
0.0042517096125731,0.0,0.006076388888888889,"{""C10"": 288}",C10,90.00446833333321,2017-07-17 00:00:00,2017-07-17 23:55:00,186413.4955239296,4.0275143368688235e+192,0.024739583333333332,2017-07-17,0.0,0.9414091771259085,0.00017924206049967995,0.0022405257562459827,288,0.04778645833333333,0.05000000000000024
0.004278364400584794,0.0,0.006727430555555556,"{""C10"": 288}",C10,122.73165583333345,2017-07-18 00:00:00,2017-07-18 23:55:00,186921.1132130623,1.7069237196901746e+193,0.027777777777777776,2017-07-18,0.0,0.9408605144992163,0.0004341487094327644,0.0054268588679095625,288,0.058420138888888896,0.05000000000000024
0.004288863304093568,0.0,0.015625,"{""C10"": 288}",C10,113.96743749999997,2017-07-19 00:00:00,2017-07-19 23:55:00,187401.44863963127,7.202595136437131e+193,0.049262152777777776,2017-07-19,0.0,0.933299715527012,0.00019473663025258833,0.002434207878157367,288,0.11831597222222223,0.05000000000000024
0.004313973866959064,0.0,0.008029513888888888,"{""C10"": 288}",C10,97.36103125000018,2017-07-20 00:00:00,2017-07-20 23:55:00,187884.81543517113,3.043167058651007e+194,0.043619791666666664,2017-07-20,0.0,0.9371285527641228,0.0003497681229573394,0.004372101536966703,288,0.08142361111111113,0.05000000000000024
0.004354251644736841,0.0,0.007595486111111111,"{""C10"": 288}",C10,80.86254125000005,2017-07-21 00:00:00,2017-07-21 23:55:00,188389.11008954048,1.288125360901232e+195,0.033203125,2017-07-21,0.0,0.9360983426503824,0.00029423240840309,0.0036779051050386097,288,0.06362847222222223,0.05000000000000024
0.004313143274853802,0.0,0.0008680555555555555,"{""C10"": 288}",C10,40.18524999999989,2017-07-22 00:00:00,2017-07-22 23:55:00,188937.12674760818,5.372241810221514e+195,0.0078125,2017-07-22,0.0,0.9497639702766132,0.00013200810629057213,0.001650101328632139,288,0.018272569444444442,0.05000000000000024
0.004322619700292397,0.0,0.006076388888888889,"{""C10"": 288}",C10,63.28488583333304,2017-07-23 00:00:00,2017-07-23 23:55:00,189469.99283885956,2.268742149833796e+196,0.024522569444444444,2017-07-23,0.0,0.9442329322878292,0.00011615223498424026,0.0014519029373029745,288,0.05277777777777778,0.05000000000000024
0.004345368238304097,0.0,0.002387152777777778,"{""C10"": 288}",C10,56.07670791666656,2017-07-24 00:00:00,2017-07-24 23:55:00,189999.52994441986,9.584863742549136e+196,0.010199652777777778,2017-07-24,0.0,0.948975085036903,0.00013554450761817043,0.001694306345227114,288,0.014149305555555556,0.05000000000000024
0.004444476425438596,0.0,0.008680555555555556,"{""C02"": 288}",C02,74.49071916666684,2017-07-25 00:00:00,2017-07-25 23:55:00,190482.165715456,4.11526565118697e+197,0.030164930555555556,2017-07-25,0.0,0.9420123419198312,0.00021964900014721057,0.0027456125018401516,288,0.06471354166666668,0.05000000000000024
0.004327983369883042,0.0,0.005425347222222222,"{""C10"": 288}",C10,68.2807699999999,2017-07-26 00:00:00,2017-07-26 23:55:00,190963.16647982597,1.68495281759027e+198,0.025824652777777776,2017-07-26,0.0,0.946781954871255,6.705656699189941e-05,0.0008382070873987011,288,0.04561631944444444,0.05000000000000024
0.004293193530701756,0.0,0.006293402777777778,"{""C10"": 288}",C10,154.9732195833337,2017-07-27 00:00:00,2017-07-27 23:55:00,191484.04694366455,7.035368902528762e+198,0.03602430555555555,2017-07-27,0.0,0.9357007660224104,0.00014555257084177887,0.0018194071355222374,288,0.06753472222222222,0.05000000000000024
0.004385195540935671,0.0,0.003472222222222222,"{""C10"": 288}",C10,73.37108333333316,2017-07-28 00:00:00,2017-07-28 23:55:00,191989.44536733627,3.029826466641606e+199,0.016059027777777776,2017-07-28,0.0,0.9427801366413333,0.0001810409649428236,0.0022630120617852865,288,0.03715277777777778,0.05000000000000024
0.0043648848684210585,0.0,0.008680555555555556,"{""C10"": 288}",C10,129.7240004166674,2017-07-29 00:00:00,2017-07-29 23:55:00,192472.0846195221,1.2630017625317153e+200,0.04079861111111111,2017-07-29,0.0,0.9336873584143929,0.00027037788995924153,0.0033797236244905143,288,0.08055555555555556,0.05000000000000024
0.004312773209064331,0.0,0.004991319444444444,"{""C10"": 288}",C10,102.22202000000041,2017-07-30 00:00:00,2017-07-30 23:55:00,192954.7821342945,5.263624552017072e+200,0.038628472222222224,2017-07-30,0.0,0.9378281717653965,0.00031549453566884916,0.003943681695860626,288,0.06927083333333334,0.05000000000000024
0.004281891447368422,0.0,0.0013020833333333333,"{""C10"": 288}",C10,39.57821916666656,2017-07-31 00:00:00,2017-07-31 23:55:00,193451.71411442757,2.200578762321587e+201,0.005425347222222222,2017-07-31,0.0,0.9516089611109828,5.2640846289982846e-05,0.0006580105786247387,288,0.008072916666666667,0.05000000000000024
0.004307795138888888,0.0,0.005425347222222222,"{""C10"": 288}",C10,84.41504124999975,2017-08-01 00:00:00,2017-08-01 23:55:00,194038.36091923714,9.290777259588173e+201,0.026909722222222224,2017-08-01,0.0,0.9434369459501151,6.899612883020338e-05,0.0008624516103775536,288,0.04865451388888889,0.05000000000000024
0.004259059758771933,0.0,0.00390625,"{""C10"": 288}",C10,62.08431249999977,2017-08-02 00:00:00,2017-08-02 23:55:00,194630.89009070396,3.8666384393769243e+202,0.014322916666666666,2017-08-02,0.0,0.9462194880891774,9.081864500119418e-05,0.001135233062514896,288,0.03389756944444444,0.05000000000000024
0.004245391995614036,0.0,0.0030381944444444445,"{""C10"": 288}",C10,84.44202166666709,2017-08-03 00:00:00,2017-08-03 23:55:00,195163.90983104706,1.6226633101584464e+203,0.019965277777777776,2017-08-03,0.0,0.9438843432833178,0.00014302504204923315,0.0017878130256154142,288,0.040624999999999994,0.05000000000000024
0.004266514071637427,0.0,0.005859375,"{""C10"": 288}",C10,36.79462499999982,2017-08-04 00:00:00,2017-08-04 23:55:00,195712.33076500893,6.842763054966651e+203,0.025390625,2017-08-04,0.0,0.9465500694838757,0.0003217270516863837,0.004021588146079762,288,0.058420138888888896,0.05000000000000024
0.004294703033625729,0.0,0.0032552083333333335,"{""C10"": 288}",C10,46.772905833333155,2017-08-05 00:00:00,2017-08-05 23:55:00,196353.0942773819,2.90160948668021e+204,0.021701388888888888,2017-08-05,0.0,0.9469039155490255,0.00029482939868302326,0.0036853674835378306,288,0.03628472222222222,0.05000000000000024
0.00431424707602339,0.0,0.004991319444444444,"{""C10"": 288}",C10,63.06905208333304,2017-08-06 00:00:00,2017-08-06 23:55:00,196874.23629426956,1.2226113225398746e+205,0.018229166666666668,2017-08-06,0.0,0.9422780290135098,0.0003894078899186666,0.00486759862398333,288,0.036718749999999994,0.05000000000000024
0.004262598684210528,0.0,0.004774305555555556,"{""C10"": 288}",C10,63.649103333333144,2017-08-07 00:00:00,2017-08-07 23:55:00,197370.96602773666,5.08075424156478e+205,0.028645833333333332,2017-08-07,0.0,0.9430362360074961,0.00012088156605131877,0.0015110195756414396,288,0.05755208333333333,0.05000000000000024
0.00424681834795322,0.0,0.005642361111111111,"{""C10"": 288}",C10,127.63311500000009,2017-08-08 00:00:00,2017-08-08 23:55:00,197884.54080414772,2.130920182620718e+206,0.029730902777777776,2017-08-08,0.0,0.9386580367974994,0.0001897035356553616,0.0023712941956919946,288,0.05842013888888889,0.05000000000000024
0.004317509137426897,0.0,0.004991319444444444,"{""C10"": 288}",C10,106.13874000000018,2017-08-09 00:00:00,2017-08-09 23:55:00,198454.27389121056,9.119052940116233e+206,0.022352430555555556,2017-08-09,0.0,0.9392506113436094,0.0001232480129581406,0.0015406001619767723,288,0.048220486111111106,0.05000000000000024
0.0043327832602339175,0.0,0.007595486111111111,"{""C02"": 288}",C02,79.81035416666661,2017-08-10 00:00:00,2017-08-10 23:55:00,198986.6931054592,3.852002928000759e+207,0.021918402777777776,2017-08-10,0.0,0.9374498259757014,0.00036644736147783296,0.004580592018472934,288,0.05060763888888889,0.05000000000000024
0.004258383589181284,0.0,0.005642361111111111,"{""C10"": 288}",C10,63.10951999999983,2017-08-11 00:00:00,2017-08-11 23:55:00,199486.0970723629,1.5906460959006425e+208,0.024305555555555556,2017-08-11,0.0,0.9444248124553227,0.0002155869299422819,0.002694836624278527,288,0.04171006944444444,0.05000000000000024
0.004238571820175441,0.0,0.0028211805555555555,"{""C10"": 288}",C10,95.78275041666689,2017-08-12 00:00:00,2017-08-12 23:55:00,199972.0163319111,6.663911541732051e+208,0.03125,2017-08-12,0.0,0.9417908079914002,0.000323685850541125,0.004046073131764051,288,0.05277777777777778,0.05000000000000024
0.004351475694444448,0.0,0.011501736111111112,"{""C10"": 288}",C10,104.17800833333372,2017-08-13 00:00:00,2017-08-13 23:55:00,200449.7667005062,2.8757249455300408e+209,0.046223958333333336,2017-08-13,0.0,0.9380460479757929,0.0002343596428345163,0.0029294955354315,288,0.08750000000000001,0.05000000000000024
0.004271461988304091,0.0,0.00043402777777777775,"{""C10"": 288}",C10,33.82691666666649,2017-08-14 00:00:00,2017-08-14 23:55:00,200929.09128284454,1.1893067684362636e+210,0.0010850694444444445,2017-08-14,0.0,0.9522595464411696,3.3734738781309626e-05,0.00042168423476640453,288,0.002864583333333333,0.05000000000000024
0.00426824744152047,0.0,0.002170138888888889,"{""C10"": 288}",C10,78.27254166666643,2017-08-15 00:00:00,2017-08-15 23:55:00,201465.79942655563,4.977803162638165e+210,0.014539930555555556,2017-08-15,0.0,0.9444117276598454,0.0005186469408637101,0.006483086760796374,288,0.028038194444444442,0.05000000000000024
0.004338557200292403,0.0,0.004123263888888889,"{""C10"": 288}",C10,79.29774958333338,2017-08-16 00:00:00,2017-08-16 23:55:00,202003.31883239746,2.127980279622333e+211,0.023654513888888888,2017-08-16,0.0,0.9441746689745231,0.00014522140984435432,0.0018152676230544533,288,0.044531249999999994,0.05000000000000024
0.004288950109649123,0.0,0.006293402777777778,"{""C10"": 288}",C10,75.17868791666685,2017-08-17 00:00:00,2017-08-17 23:55:00,202568.27431416512,8.895418914420701e+211,0.030815972222222224,2017-08-17,0.0,0.9393842635432345,0.0004394393474307514,0.005492991842884391,288,0.06254340277777778,0.05000000000000024
0.004310962171052632,0.0,0.002387152777777778,"{""C10"": 288}",C10,67.57931291666638,2017-08-18 00:00:00,2017-08-18 23:55:00,203056.18912887573,3.742890483673956e+212,0.017144097222222224,2017-08-18,0.0,0.946606205250686,0.00011676528872403808,0.0014595661090505033,288,0.03519965277777778,0.05000000000000024
0.004254767909356731,0.0,0.002170138888888889,"{""C10"": 288}",C10,72.58868833333332,2017-08-19 00:00:00,2017-08-19 23:55:00,203529.64202523232,1.5550444868890974e+213,0.013020833333333334,2017-08-19,0.0,0.9467671497986638,0.00024325694284526949,0.003040711785565856,288,0.024999999999999998,0.05000000000000024
0.004281091008771931,0.0,0.002387152777777778,"{""C10"": 288}",C10,51.18873958333303,2017-08-20 00:00:00,2017-08-20 23:55:00,204002.29622483253,6.578389645986479e+213,0.011935763888888888,2017-08-20,0.0,0.9475607383383858,0.0001897816792803141,0.002372270991003893,288,0.023046874999999998,0.05000000000000024
0.004372532894736842,0.0,0.015842013888888888,"{""C10"": 288}",C10,147.81426250000052,2017-08-21 00:00:00,2017-08-21 23:55:00,204473.4091618061,2.8229869149936678e+214,0.0646701388888889,2017-08-21,0.0,0.9249447253224717,0.00032455640231443967,0.0040569550289305,288,0.11050347222222223,0.05000000000000024
0.0043159292763157876,0.0,0.001953125,"{""C10"": 288}",C10,72.30540666666678,2017-08-22 00:00:00,2017-08-22 23:55:00,204944.26099038124,1.1755104522220069e+215,0.011935763888888888,2017-08-22,0.0,0.9466955708327452,7.583473740046355e-05,0.0009479342175057455,288,0.02282986111111111,0.05000000000000024
0.004379251644736842,0.0,0.009114583333333334,"{""C10"": 288}",C10,97.13170875000047,2017-08-23 00:00:00,2017-08-23 23:55:00,205414.74233341217,4.99898146009728e+215,0.03493923611111111,2017-08-23,0.0,0.937310135968437,0.0003496030395145204,0.0043700379939315,288,0.0720920138888889,0.05000000000000024
0.004336415387426901,0.0,0.003689236111111111,"{""C10"": 288}",C10,79.75639583333376,2017-08-24 00:00:00,2017-08-24 23:55:00,205890.1655614376,2.0790852786289664e+216,0.031901041666666664,2017-08-24,0.0,0.9441146004980592,0.00037599669759214683,0.004699958719901818,288,0.054079861111111106,0.05000000000000024
0.004263040021929825,0.0,0.003472222222222222,"{""C10"": 288}",C10,67.68722958333305,2017-08-25 00:00:00,2017-08-25 23:55:00,206365.74552822113,8.611205691266099e+216,0.017144097222222224,2017-08-25,0.0,0.9446809062131282,0.000291154265465776,0.0036394283183222346,288,0.03411458333333333,0.05000000000000024
0.0042313879751462,0.0,0.006944444444444444,"{""C10"": 288}",C10,106.47597958333344,2017-08-26 00:00:00,2017-08-26 23:55:00,206837.34198570251,3.598964614415914e+217,0.024305555555555556,2017-08-26,0.0,0.9377789527137745,0.00016491505540533696,0.002061438192566713,288,0.05538194444444444,0.05000000000000024
0.004235914656432748,0.0,0.0028211805555555555,"{""C10"": 288}",C10,72.56170833333314,2017-08-27 00:00:00,2017-08-27 23:55:00,207310.22459459305,1.514942457675856e+218,0.014539930555555556,2017-08-27,0.0,0.9469850630522555,0.00014452592944247573,0.0018065741180309587,288,0.02239583333333333,0.05000000000000024
0.004342241410818714,0.0,0.013237847222222222,"{""C02"": 288}",C02,113.79207166666741,2017-08-28 00:00:00,2017-08-28 23:55:00,207783.36256814003,6.5123995385115715e+218,0.03819444444444445,2017-08-28,0.0,0.9345330195501548,0.00035535189417741,0.004441898677217607,288,0.0818576388888889,0.05000000000000024
0.004267236842105264,0.0,0.004123263888888889,"{""C10"": 288}",C10,101.52056291666686,2017-08-29 00:00:00,2017-08-29 23:55:00,208253.8216547966,2.699327251749443e+219,0.029730902777777776,2017-08-29,0.0,0.9380034144782319,0.00012049694701988508,0.0015062118377485558,288,0.05885416666666668,0.05000000000000024
0.004263467653508772,0.0,0.0008680555555555555,"{""C10"": 288}",C10,66.81040666666654,2017-08-30 00:00:00,2017-08-30 23:55:00,208722.88100290298,1.1352363273853883e+220,0.008246527777777778,2017-08-30,0.0,0.9472126754937507,0.00010822178850566809,0.0013527723563208345,288,0.01892361111111111,0.05000000000000024
0.00427475054824561,0.0,0.00021701388888888888,"{""C10"": 288}",C10,33.84040666666656,2017-08-31 00:00:00,2017-08-31 23:55:00,209190.0344865322,4.779335662346781e+220,0.0013020833333333333,2017-08-31,0.0,0.9522488722586796,6.227705144828549e-05,0.0007784631431035237,288,0.003298611111111111,0.05000000000000024
0.004265745614035086,0.0,0.006727430555555556,"{""C10"": 288}",C10,117.73577208333356,2017-09-01 00:00:00,2017-09-01 23:55:00,209746.64866137505,2.0089315153384476e+221,0.03602430555555555,2017-09-01,0.0,0.9388753589000332,0.0003012864726833694,0.003766080908542153,288,0.06775173611111111,0.05000000000000024
0.004272461622807015,0.0,0.005859375,"{""C10"": 288}",C10,95.02733333333397,2017-09-02 00:00:00,2017-09-02 23:55:00,210359.86948347092,8.469255991969963e+221,0.017361111111111112,2017-09-02,0.0,0.9435527602929002,0.00022650040191533237,0.0028312550239416,288,0.028472222222222218,0.05000000000000024
0.004301617324561403,0.0,0.0026041666666666665,"{""C10"": 288}",C10,29.10082333333322,2017-09-03 00:00:00,2017-09-03 23:55:00,210831.70093631744,3.5912268082478094e+222,0.007161458333333333,2017-09-03,0.0,0.9514819170109478,0.00014144991822631896,0.0017681239778289894,288,0.017838541666666666,0.05000000000000024
0.0043397468932748545,0.0,0.00390625,"{""C10"": 288}",C10,84.72530250000024,2017-09-04 00:00:00,2017-09-04 23:55:00,211333.05539894104,1.5158303723563748e+223,0.020616319444444444,2017-09-04,0.0,0.9399294743828848,0.00028261579249988896,0.0035326974062486224,288,0.037586805555555554,0.05000000000000024
0.004263197185672509,0.0,0.002387152777777778,"{""C10"": 288}",C10,89.16811458333358,2017-09-05 00:00:00,2017-09-05 23:55:00,211957.2535226345,6.26462747939511e+223,0.019097222222222224,2017-09-05,0.0,0.9442638378662834,0.00014085219316342038,0.0017606524145427796,288,0.03888888888888889,0.05000000000000024
0.004272736659356722,0.0,0.002170138888888889,"{""C10"": 288}",C10,55.914833333333036,2017-09-06 00:00:00,2017-09-06 23:55:00,212461.16617059708,2.6493437345517862e+224,0.007161458333333333,2017-09-06,0.0,0.9489439519507964,7.102007183402032e-05,0.0008877508979252396,288,0.01154513888888889,0.05000000000000024
0.004307343749999996,0.0,0.008246527777777778,"{""C10"": 288}",C10,74.90889666666689,2017-09-07 00:00:00,2017-09-07 23:55:00,212932.93282723427,1.1263616443850047e+225,0.029947916666666668,2017-09-07,0.0,0.9408654808263742,0.0001746582265377492,0.002183227831721905,288,0.0720920138888889,0.05000000000000024
0.00425563230994152,0.0,0.001736111111111111,"{""C02"": 288}",C02,34.59582333333323,2017-09-08 00:00:00,2017-09-08 23:55:00,213482.5398492813,4.645067584035139e+225,0.006510416666666667,2017-09-08,0.0,0.9498311488504717,0.00030256104385805653,0.0037820130482256998,288,0.016319444444444445,0.05000000000000024
0.0042245760233918135,0.0,0.008246527777777778,"{""C10"": 288}",C10,91.09712458333375,2017-09-09 00:00:00,2017-09-09 23:55:00,213970.9263253212,1.9477219361193335e+226,0.03233506944444445,2017-09-09,0.0,0.9371301779547996,0.00020713663566300687,0.0025892079457876,288,0.06970486111111111,0.05000000000000024
0.004205513523391813,0.0,0.0,"{""C10"": 288}",C10,28.223999999999887,2017-09-10 00:00:00,2017-09-10 23:55:00,214459.4644613266,8.166922245690649e+226,0.0,2017-09-10,0.0,0.954144484969729,1.8475108717677657e-06,2.309388589712213e-05,288,0.0006944444444444445,0.05000000000000024
0.004268896198830411,0.0,0.0006510416666666666,"{""C10"": 288}",C10,34.94655166666656,2017-09-11 00:00:00,2017-09-11 23:55:00,214956.0449283123,3.47765759097785e+227,0.010850694444444444,2017-09-11,0.0,0.9517358728822162,4.887348383154756e-05,0.000610918547894309,288,0.020659722222222218,0.05000000000000024
0.004217788742690061,0.0,0.001953125,"{""C10"": 288}",C10,73.29014500000024,2017-09-12 00:00:00,2017-09-12 23:55:00,215537.43478250504,1.4429660298200923e+228,0.024739583333333332,2017-09-12,0.0,0.946565085973976,0.00024817446126567733,0.0031021807658209864,288,0.03802083333333333,0.05000000000000024
0.004246388888888888,0.0,0.012803819444444444,"{""C10"": 288}",C10,142.18436416666702,2017-09-13 00:00:00,2017-09-13 23:55:00,216078.713432312,6.113751263859895e+228,0.0627170138888889,2017-09-13,0.0,0.9306571984694931,0.00012058649426002317,0.0015073311782502702,288,0.13784722222222223,0.05000000000000024
0.004231292032163743,0.0,0.007378472222222222,"{""C10"": 288}",C10,84.53644833333334,2017-09-14 00:00:00,2017-09-14 23:55:00,216558.1929769516,2.5625843274223007e+229,0.024522569444444444,2017-09-14,0.0,0.9418105738382843,7.014690821067488e-05,0.0008768363526334435,288,0.05147569444444444,0.05000000000000024
0.004184321089181286,0.0,0.007378472222222222,"{""C10"": 288}",C10,67.61504249999989,2017-09-15 00:00:00,2017-09-15 23:55:00,217077.28567647934,1.0669005421684363e+230,0.028211805555555556,2017-09-15,0.0,0.9413975531909978,5.7058606282254024e-05,0.0007132325785282285,288,0.06775173611111113,0.05000000000000024
0.004225849780701756,0.0,0.006944444444444444,"{""C10"": 288}",C10,167.77811333333386,2017-09-16 00:00:00,2017-09-16 23:55:00,217615.56534337997,4.492809640895613e+230,0.037543402777777776,2017-09-16,0.0,0.9097924517769687,0.00020355868150045788,0.002544483518755731,288,0.06362847222222223,0.05000000000000024
0.00409826023391813,0.0,0.003689236111111111,"{""C05"": 288}",C05,161.45004208333458,2017-09-17 00:00:00,2017-09-17 23:55:00,218117.22757148743,2.692659959934496e+236,0.030381944444444444,2017-09-17,0.0,0.9016922913490402,0.000651831565848901,0.00814789457311123,288,0.06493055555555555,0.05000000000000024
0.004034356725146196,0.0,0.001736111111111111,"{""C05"": 288}",C05,128.76332291666736,2017-09-18 00:00:00,2017-09-18 23:55:00,218648.80963253975,1.44077999998992e+243,0.021484375,2017-09-18,0.0,0.9067117382688773,0.0003727939880243779,0.004659924850304745,288,0.045399305555555554,0.05000000000000024
0.004098088450292399,0.0,0.0026041666666666665,"{""C10"": 288}",C10,121.64082291666675,2017-09-19 00:00:00,2017-09-19 23:55:00,219172.6504957676,5.283135608676461e+244,0.022352430555555556,2017-09-19,0.0,0.9112650568826195,0.0011144126314320598,0.013930157892900783,288,0.04192708333333333,0.05000000000000024
0.004115052997076027,0.0,0.006727430555555556,"{""C10"": 288}",C10,162.09754166666733,2017-09-20 00:00:00,2017-09-20 23:55:00,219667.2563369274,2.2067884680577063e+245,0.03211805555555555,2017-09-20,0.0,0.9011169575580164,0.00026611753020185905,0.0033264691275232366,288,0.06579861111111113,0.05000000000000024
0.004120349963450292,0.0,0.0028211805555555555,"{""C10"": 288}",C10,134.72170916666744,2017-09-21 00:00:00,2017-09-21 23:55:00,220141.56509566307,9.377076622088712e+245,0.024305555555555556,2017-09-21,0.0,0.9074357975827133,0.00020453637591066155,0.0025567046988832455,288,0.04778645833333333,0.05000000000000024
0.004166180555555555,0.0,0.0030381944444444445,"{""C10"": 288}",C10,143.65327125000016,2017-09-22 00:00:00,2017-09-22 23:55:00,220613.67192053795,3.980490858581995e+246,0.033854166666666664,2017-09-22,0.0,0.9142159515667809,0.0003313801788968929,0.004142252236211127,288,0.07122395833333334,0.05000000000000024
0.004248013523391809,0.0,0.011501736111111112,"{""C10"": 288}",C10,81.88774999999971,2017-09-23 00:00:00,2017-09-23 23:55:00,221083.50054883957,1.6997624937920187e+247,0.043619791666666664,2017-09-23,0.0,0.9362128851307193,0.0003607192915304641,0.004508991144130795,288,0.09683159722222223,0.05000000000000024
0.004309862024853801,0.0,0.005859375,"{""C02"": 288}",C02,75.24613500000005,2017-09-24 00:00:00,2017-09-24 23:55:00,221556.6051249504,7.233638377032167e+247,0.029296875,2017-09-24,0.0,0.9399390954174004,0.0005450190275648927,0.006812737844561145,288,0.06644965277777777,0.05000000000000024
0.004169133771929826,0.0,0.0032552083333333335,"{""C05"": 288}",C05,136.46332291666704,2017-09-25 00:00:00,2017-09-25 23:55:00,222028.6685707569,4.320586315043223e+253,0.029947916666666668,2017-09-25,0.0,0.9230644339068655,0.0003336505869011276,0.004170632336264077,288,0.06362847222222222,0.05000000000000024
0.004059885782163743,0.0,0.0006510416666666666,"{""C05"": 288}",C05,80.70321833333375,2017-09-26 00:00:00,2017-09-26 23:55:00,222499.97381067276,2.4066732410262462e+260,0.007378472222222222,2017-09-26,0.0,0.9241828348183897,5.734802220259266e-05,0.0007168502775324144,288,0.02065972222222222,0.05000000000000024
0.00416463541666667,0.0,0.016927083333333332,"{""C05"": 288}",C05,156.9857183333339,2017-09-27 00:00:00,2017-09-27 23:55:00,222971.97851920128,1.2960907936337289e+267,0.06032986111111111,2017-09-27,0.0,0.9036221663016091,0.00038263635611537254,0.004782954451442177,288,0.14500868055555557,0.05000000000000024
0.0039641228070175435,0.0,0.002170138888888889,"{""C02"": 288}",C02,147.2750416666667,2017-09-28 00:00:00,2017-09-28 23:55:00,223445.432615757,4.0891472438368796e+268,0.025173611111111112,2017-09-28,0.0,0.8913975033762274,0.00012428283399947717,0.0015535354249934944,288,0.052994791666666666,0.05000000000000024
0.0036122898391812864,0.0,0.00390625,"{""C05"": 288}",C05,190.89160416666752,2017-09-29 00:00:00,2017-09-29 23:55:00,224062.36153173447,2.026165627780648e+274,0.019965277777777776,2017-09-29,0.0,0.867829980826801,0.000776998483469829,0.009712481043372832,288,0.03433159722222222,0.05000000000000024
0.003932570358187136,0.0,0.005859375,"{""C02"": 288}",C02,166.76566625000055,2017-09-30 00:00:00,2017-09-30 23:55:00,224657.32416653633,9.70812393443555e+275,0.03624131944444445,2017-09-30,0.0,0.9053430970405637,0.0002795144472435553,0.003493930590544465,288,0.07165798611111111,0.05000000000000024
0.0042283369883040975,0.0,0.005208333333333333,"{""C02"": 288}",C02,93.25071833333362,2017-10-01 00:00:00,2017-10-01 23:55:00,225278.22037053108,4.2442622572519735e+276,0.033637152777777776,2017-10-01,0.0,0.9354206638819151,0.0006520495155887544,0.00815061894485948,288,0.07426215277777778,0.05000000000000024
0.004110220211988305,0.0,0.009765625,"{""C05"": 288}",C05,122.54936375000055,2017-10-02 00:00:00,2017-10-02 23:55:00,225880.14888620377,2.44237168172151e+282,0.032552083333333336,2017-10-02,0.0,0.9098019734160275,0.0006637191709919761,0.008296489637399684,288,0.06623263888888889,0.05000000000000024
0.0035368019005847964,0.0,0.004774305555555556,"{""C07"": 288}",C07,162.9940683333336,2017-10-03 00:00:00,2017-10-03 23:55:00,226453.1678481102,inf,0.01953125,2017-10-03,0.0,0.8930517565545245,0.0040516020538242485,0.050645025672803046,288,0.05637152777777778,0.05000000000000024
0.0030891758040935695,0.0,0.0032552083333333335,"{""C03"": 288}",C03,295.0224366666674,2017-10-04 00:00:00,2017-10-04 23:55:00,226941.14088630676,2.541831772904523e+30,0.027777777777777776,2017-10-04,0.0,0.8135904526968866,0.0002649650735851311,0.0033120634198141614,288,0.06579861111111111,0.05000000000000024
0.002297504568713452,0.0,0.003689236111111111,"{""C03"": 288}",C03,292.350770833334,2017-10-05 00:00:00,2017-10-05 23:55:00,227424.6014392376,5.471817780858686e+58,0.005859375,2017-10-05,0.0,0.8063453497824852,0.0004953083659612048,0.006191354574515077,288,0.0076388888888888895,0.05000000000000024
0.0030294142909356725,0.0,0.0030381944444444445,"{""C00"": 288}",C00,289.72723,2017-10-06 00:00:00,2017-10-06 23:55:00,227897.38046383858,1.4591843736762754e+61,0.039713541666666664,2017-10-06,0.0,0.8354669301110573,0.00035784550175216757,0.0044730687719021335,288,0.08706597222222223,0.05000000000000024
0.003660494334795323,0.0,0.0008680555555555555,"{""C05"": 288}",C05,202.66874000000095,2017-10-07 00:00:00,2017-10-07 23:55:00,228375.34067201614,1.0644828290767485e+67,0.016493055555555556,2017-10-07,0.0,0.8719060496823778,0.0001993331574857321,0.002491664468571676,288,0.04019097222222222,0.05000000000000024
0.003989186769005847,0.0,0.014322916666666666,"{""C05"": 288}",C05,206.38457416666773,2017-10-08 00:00:00,2017-10-08 23:55:00,228848.95910787582,6.363051163599214e+73,0.051215277777777776,2017-10-08,0.0,0.876925460709036,0.0004947860577267384,0.006184825721584248,288,0.11592881944444446,0.05000000000000024
0.003896927083333331,0.0,0.008246527777777778,"{""C05"": 288}",C05,209.52217708333444,2017-10-09 00:00:00,2017-10-09 23:55:00,229348.56307840347,2.978405867352287e+80,0.04383680555555555,2017-10-09,0.0,0.8692386176680018,0.0004841905263503432,0.00605238157937927,288,0.09379340277777778,0.05000000000000024
0.0038871070906432753,0.0,0.002387152777777778,"{""C05"": 288}",C05,164.19098000000054,2017-10-10 00:00:00,2017-10-10 23:55:00,229947.25412130356,1.6678864661491507e+87,0.019097222222222224,2017-10-10,0.0,0.8804122348037604,0.0002931660919062436,0.00366457614882802,288,0.04800347222222222,0.05000000000000024
0.003999759685672514,0.0,0.0013020833333333333,"{""C05"": 288}",C05,141.34035500000107,2017-10-11 00:00:00,2017-10-11 23:55:00,230440.71968841553,9.317814672186004e+93,0.013888888888888888,2017-10-11,0.0,0.9011000513401822,0.00035018594667947237,0.004377324333493445,288,0.03194444444444444,0.05000000000000024
0.0037415186403508788,0.0,0.006076388888888889,"{""C05"": 288}",C05,220.03056291666744,2017-10-12 00:00:00,2017-10-12 23:55:00,231018.48160386086,4.049319076097164e+100,0.034505208333333336,2017-10-12,0.0,0.8630936300849572,0.00026291430808913395,0.003286428851114209,288,0.07621527777777778,0.05000000000000024
0.003432430555555555,0.0,0.007161458333333333,"{""C05"": 288}",C05,211.535406250001,2017-10-13 00:00:00,2017-10-13 23:55:00,231576.40064120293,1.7892457584407278e+107,0.028428819444444444,2017-10-13,0.0,0.8554769385877173,0.0003014587299346944,0.003768234124183717,288,0.07230902777777778,0.05000000000000024
0.0034823053728070177,0.0,0.011935763888888888,"{""C05"": 288}",C05,261.32764583333335,2017-10-14 00:00:00,2017-10-14 23:55:00,232147.5354332924,1.1561140859261691e+114,0.029513888888888888,2017-10-14,0.0,0.8502264318106194,0.00039333853298526293,0.004916731662315795,288,0.07252604166666668,0.05000000000000024
0.0037038742690058465,0.0,0.001736111111111111,"{""C05"": 288}",C05,179.94280166666783,2017-10-15 00:00:00,2017-10-15 23:55:00,232618.89685702324,6.163844630382443e+120,0.014539930555555556,2017-10-15,0.0,0.8775309120892352,0.00010645449858771176,0.001330681232346426,288,0.029774305555555554,0.05000000000000024
0.00370721399853801,0.0,0.005859375,"{""C05"": 288}",C05,219.7567608333343,2017-10-16 00:00:00,2017-10-16 23:55:00,233092.05889511108,3.5049716413681887e+127,0.018229166666666668,2017-10-16,0.0,0.8716306848624731,0.00035516452166338083,0.004439556520792277,288,0.049305555555555554,0.05000000000000024
0.0029134576023391798,0.0,0.010416666666666666,"{""C07"": 288}",C07,237.23233333333425,2017-10-17 00:00:00,2017-10-17 23:55:00,233567.4467933178,1.326003659263426e+155,0.024522569444444444,2017-10-17,0.0,0.8368415382430839,0.0021269223438735705,0.026586529298419648,288,0.07057291666666668,0.05000000000000024
0.0029005966739766072,0.0,0.006076388888888889,"{""C05"": 288}",C05,238.7883750000009,2017-10-18 00:00:00,2017-10-18 23:55:00,234045.0642592907,4.21293518524047e+162,0.016927083333333332,2017-10-18,0.0,0.8400878317790392,0.00022433474952244603,0.0028041843690305417,288,0.050173611111111106,0.05000000000000024
0.0032311504020467834,0.0,0.007378472222222222,"{""C07"": 288}",C07,247.36847916666758,2017-10-19 00:00:00,2017-10-19 23:55:00,234519.44307661057,4.188031574743912e+190,0.0390625,2017-10-19,0.0,0.8425438437919088,0.00043790542346996937,0.00547381779337462,288,0.08793402777777778,0.05000000000000024
0.0031844033260233907,0.0,0.002387152777777778,"{""C05"": 288}",C05,258.5480620833334,2017-10-20 00:00:00,2017-10-20 23:55:00,234990.29838228226,6.681827364010358e+197,0.037760416666666664,2017-10-20,0.0,0.8470912076966811,0.0006276142208784118,0.007845177760980142,288,0.07274305555555556,0.05000000000000024
0.0031031012426900595,0.0,0.005859375,"{""C05"": 288}",C05,255.41374000000081,2017-10-21 00:00:00,2017-10-21 23:55:00,235466.31680178642,3.9420323213575076e+204,0.038628472222222224,2017-10-21,0.0,0.8468761546106586,0.00017763584872534788,0.002220448109066845,288,0.09010416666666668,0.05000000000000024
0.003292321820175442,0.0,0.007595486111111111,"{""C05"": 288}",C05,257.4101983333341,2017-10-22 00:00:00,2017-10-22 23:55:00,235949.49717116356,2.6035400329064115e+211,0.038411458333333336,2017-10-22,0.0,0.8401083807602705,0.0005364203853165223,0.0067052548164565524,288,0.08337673611111113,0.05000000000000024
0.003350987755847951,0.0,0.0028211805555555555,"{""C05"": 288}",C05,262.4655116666677,2017-10-23 00:00:00,2017-10-23 23:55:00,236423.89803910255,1.3174951822607033e+218,0.049262152777777776,2017-10-23,0.0,0.8543406791033017,0.0005817901544413375,0.007272376930516732,288,0.09574652777777778,0.05000000000000024
0.0036442415935672486,0.0,0.006510416666666667,"{""C05"": 288}",C05,249.49727958333335,2017-10-24 00:00:00,2017-10-24 23:55:00,236897.70415377617,9.3466510543755e+224,0.06076388888888889,2017-10-24,0.0,0.8604871154264748,0.00041262398788155703,0.005157799848519482,288,0.11180555555555556,0.05000000000000024
0.003732165570175439,0.0,0.00390625,"{""C05"": 288}",C05,172.5902500000006,2017-10-25 00:00:00,2017-10-25 23:55:00,237370.9410057068,4.943701532399748e+231,0.021918402777777776,2017-10-25,0.0,0.8741279568723297,0.0001722921770100447,0.002153652212625578,288,0.05256076388888889,0.05000000000000024
0.003956846673976607,0.0,0.006944444444444444,"{""C05"": 288}",C05,116.64092833333424,2017-10-26 00:00:00,2017-10-26 23:55:00,237845.40699625015,3.319960503216317e+238,0.009114583333333334,2017-10-26,0.0,0.9134396353783488,0.00033699949390721855,0.004212493673840214,288,0.024131944444444442,0.05000000000000024
0.004131699561403507,0.0,0.006727430555555556,"{""C06"": 288}",C06,147.9888970833342,2017-10-27 00:00:00,2017-10-27 23:55:00,238324.46259188652,1.710389360283668e+245,0.039496527777777776,2017-10-27,0.0,0.9250159497939519,0.0006503856604215261,0.008129820755269117,288,0.0640625,0.05000000000000024
0.004087141812865496,0.0,0.005208333333333333,"{""C05"": 288}",C05,75.81525000000019,2017-10-28 00:00:00,2017-10-28 23:55:00,238797.99049711227,9.408016943055371e+251,0.016493055555555556,2017-10-28,0.0,0.9213061918109093,0.0002555287459606463,0.0031941093245080724,288,0.04279513888888889,0.05000000000000024
0.004120206505847956,0.0,0.014539930555555556,"{""C05"": 288}",C05,185.98832375000077,2017-10-29 00:00:00,2017-10-29 23:55:00,239275.66574645042,4.703729382833203e+258,0.048177083333333336,2017-10-29,0.0,0.8867747950436315,0.000993007838072671,0.012412597975908391,288,0.09878472222222223,0.05000000000000024
0.004110104166666666,0.0,0.006727430555555556,"{""C06"": 288}",C06,167.37670833333414,2017-10-30 00:00:00,2017-10-30 23:55:00,239757.4459707737,2.4909067276214468e+265,0.03624131944444445,2017-10-30,0.0,0.9033526818118518,0.001300767400854279,0.016259592510678503,288,0.06970486111111113,0.05000000000000024
0.003906784539473683,0.0,0.00043402777777777775,"{""C05"": 288}",C05,159.6537400000006,2017-10-31 00:00:00,2017-10-31 23:55:00,240229.60950016975,1.1725561880944243e+272,0.016059027777777776,2017-10-31,0.0,0.882115406064176,0.00025328425221370445,0.003166053152671336,288,0.03802083333333333,0.05000000000000024
0.0036660434941520486,0.0,0.0030381944444444445,"{""C06"": 288}",C06,240.4355633333344,2017-11-01 00:00:00,2017-11-01 23:55:00,240702.6482913494,6.200279139377441e+278,0.022135416666666668,2017-11-01,0.0,0.8543668109525749,0.0002565467143828305,0.003206833929785392,288,0.05190972222222222,0.05000000000000024
0.003682055007309948,0.0,0.011284722222222222,"{""C06"": 288}",C06,307.8094687500001,2017-11-02 00:00:00,2017-11-02 23:55:00,241178.53026294708,3.2643362164869507e+285,0.05056423611111111,2017-11-02,0.0,0.8341583580190597,0.0005686844423485072,0.007108555529356345,288,0.08901909722222223,0.05000000000000024
0.0037572039473684213,0.0,0.006944444444444444,"{""C06"": 288}",C06,271.2822295833341,2017-11-03 00:00:00,2017-11-03 23:55:00,241653.1982769966,1.9928046208912263e+292,0.04296875,2017-11-03,0.0,0.8347543113039058,0.00040185479112640613,0.005023184889080083,288,0.08706597222222223,0.05000000000000024
0.0034423903508771937,0.0,0.004557291666666667,"{""C06"": 288}",C06,252.48176083333428,2017-11-04 00:00:00,2017-11-04 23:55:00,242156.19448518753,7.456349502204377e+298,0.017578125,2017-11-04,0.0,0.8446802517671216,0.0006504759727795397,0.008130949659744252,288,0.041276041666666666,0.05000000000000024
0.0033805354532163772,0.0,0.0013020833333333333,"{""C08"": 288}",C08,233.71629166666762,2017-11-05 00:00:00,2017-11-05 23:55:00,242691.8801882267,3.2371535992926086e+300,0.015625,2017-11-05,0.0,0.8431786025838129,0.0004250656588538068,0.005313320735672603,288,0.03715277777777778,0.05000000000000024
0.003678892543859646,0.0,0.011284722222222222,"{""C08"": 288}",C08,267.186865,2017-11-06 00:00:00,2017-11-06 23:55:00,243178.88400173187,1.4746780609942016e+301,0.05295138888888889,2017-11-06,0.0,0.8425512451328661,0.0013167879773414485,0.01645984971676814,288,0.1150607638888889,0.05000000000000024
0.003641133954678361,0.0,0.008029513888888888,"{""C08"": 288}",C08,223.56884375000107,2017-11-07 00:00:00,2017-11-07 23:55:00,243678.45865488052,6.061626106424673e+301,0.025173611111111112,2017-11-07,0.0,0.852444635606664,0.0006068842156487705,0.007586052695609657,288,0.05993923611111112,0.05000000000000024
0.0027287180190058487,0.0,0.006727430555555556,"{""C06"": 288}",C06,126.44268333333346,2017-11-08 00:00:00,2017-11-08 23:55:00,244273.8588912487,inf,0.009765625,2017-11-08,0.0,0.9240171066136345,0.00027358099836821296,0.0034197624796026716,288,0.029279513888888893,0.05000000000000024
0.0037130354532163715,0.0,0.005425347222222222,"{""C06"": 288}",C06,171.51108250000036,2017-11-09 00:00:00,2017-11-09 23:55:00,244804.7961950302,906117.1532127099,0.021050347222222224,2017-11-09,0.0,0.8747750090894865,0.0005887724359957505,0.007359655449946896,288,0.04800347222222222,0.05000000000000024
0.0033933771929824576,0.0,0.004340277777777778,"{""C00"": 288}",C00,263.9074375000008,2017-11-10 00:00:00,2017-11-10 23:55:00,245293.5695502758,36083178.88738486,0.017361111111111112,2017-11-10,0.0,0.8405051649095261,0.0007752031479767254,0.009690039349709046,288,0.04409722222222222,0.05000000000000024
0.0032015826023391813,0.0,0.003689236111111111,"{""C06"": 288}",C06,265.3865516666676,2017-11-11 00:00:00,2017-11-11 23:55:00,245829.48627114296,17895189566090.586,0.04383680555555555,2017-11-11,0.0,0.8357223149311575,0.00042133657028372245,0.005266707128546554,288,0.09791666666666668,0.05000000000000024
0.0025359100877192977,0.0,0.003689236111111111,"{""C07"": 288}",C07,369.13712625000056,2017-11-12 00:00:00,2017-11-12 23:55:00,246304.89931106567,7.399297518100675e+40,0.05251736111111111,2017-11-12,0.0,0.7982121543137308,0.0007123866487889068,0.008904833109861352,288,0.10052083333333334,0.05000000000000024
0.0025140780336257306,0.0,0.003472222222222222,"{""C00"": 288}",C00,239.82233333333423,2017-11-13 00:00:00,2017-11-13 23:55:00,246778.532859087,1.9808718697182526e+43,0.008897569444444444,2017-11-13,0.0,0.8387038475213564,0.0001872467272399965,0.0023405840904999545,288,0.023263888888888886,0.05000000000000024
0.002579865679824561,0.0,0.005208333333333333,"{""C00"": 288}",C00,271.9687400000008,2017-11-14 00:00:00,2017-11-14 23:55:00,247252.0741405487,8.718379111920669e+43,0.012152777777777778,2017-11-14,0.0,0.8275597151085172,0.00019864409971388742,0.0024830512464236324,288,0.03498263888888889,0.05000000000000024
0.002541013340643274,0.0,0.007378472222222222,"{""C00"": 288}",C00,250.7441566666675,2017-11-15 00:00:00,2017-11-15 23:55:00,247724.78529286385,3.5100592923215015e+44,0.010633680555555556,2017-11-15,0.0,0.8275636987874209,0.00011670151938815036,0.0014587689923518936,288,0.03585069444444444,0.05000000000000024
0.002413501461988303,0.0,0.0013020833333333333,"{""C00"": 288}",C00,301.35780166666734,2017-11-16 00:00:00,2017-11-16 23:55:00,248225.93167686462,1.4230895438861594e+45,0.018663194444444444,2017-11-16,0.0,0.8078830390779833,0.0003089894947958625,0.003862368684948279,288,0.03802083333333333,0.05000000000000024
0.0022864217836257306,0.0,0.0015190972222222222,"{""C00"": 288}",C00,312.36129166666734,2017-11-17 00:00:00,2017-11-17 23:55:00,248755.5738685131,5.6216810473515634e+45,0.021050347222222224,2017-11-17,0.0,0.8058234552234373,0.00012745763988255497,0.001593220498531958,288,0.03411458333333333,0.05000000000000024
0.002318291301169591,0.0,0.002170138888888889,"{""C00"": 288}",C00,323.944833333334,2017-11-18 00:00:00,2017-11-18 23:55:00,249246.08642721176,2.411667384025141e+46,0.020182291666666668,2017-11-18,0.0,0.8051199750216679,0.00013263571397605268,0.001657946424700647,288,0.046267361111111106,0.05000000000000024
0.0024607684576023387,0.0,0.005425347222222222,"{""C06"": 288}",C06,301.2903554166673,2017-11-19 00:00:00,2017-11-19 23:55:00,249736.16822504997,1.3382148173314105e+52,0.020182291666666668,2017-11-19,0.0,0.8043882687854239,0.0007771332650284845,0.009714165812856057,288,0.028472222222222218,0.05000000000000024
0.0027627010233918113,0.0,0.003689236111111111,"{""C08"": 288}",C08,312.21290500000066,2017-11-20 00:00:00,2017-11-20 23:55:00,250285.66313791275,6.876253275673258e+53,0.010416666666666666,2017-11-20,0.0,0.8027021413764662,0.0011004421430045232,0.013755526787556505,288,0.023480902777777774,0.05000000000000024
0.0029867187500000002,0.0,0.0013020833333333333,"{""C07"": 288}",C07,313.2111350000007,2017-11-21 00:00:00,2017-11-21 23:55:00,250810.71312451363,6.179520071269003e+80,0.017795138888888888,2017-11-21,0.0,0.8065661107442296,0.00010127790542889364,0.00126597381786118,288,0.03628472222222222,0.05000000000000024
0.002712561220760234,0.0,0.009765625,"{""C07"": 288}",C07,411.9774912500006,2017-11-22 00:00:00,2017-11-22 23:55:00,251304.09537935257,2.008854995272855e+109,0.06944444444444445,2017-11-22,0.0,0.792009025873829,0.0008516242657033893,0.010645303321292356,288,0.14587673611111113,0.05000000000000024
0.0019012728435672502,0.0,0.0006510416666666666,"{""C04"": 288}",C04,359.98170875000073,2017-11-23 00:00:00,2017-11-23 23:55:00,251832.8180925846,2.0988252555974383e+116,0.05750868055555555,2017-11-23,0.0,0.6995831087595907,0.0005263870340813301,0.0065798379260166824,288,0.11723090277777778,0.05000000000000024
0.0012300603070175436,0.0,0.001736111111111111,"{""C11"": 288}",C11,323.0815000000007,2017-11-24 00:00:00,2017-11-24 23:55:00,252315.06337618828,7.521249522343677e+142,0.024088541666666668,2017-11-24,0.0,0.8044899543816054,0.00027708168364989867,0.0034635210456237238,288,0.045399305555555554,0.05000000000000024
0.0006552092470760234,0.0,0.1625434027777778,"{""C07"": 288}",C07,354.4732191666673,2017-11-25 00:00:00,2017-11-25 23:55:00,252793.93404507637,3.4247105741703104e+172,0.08355034722222222,2017-11-25,0.0,0.6686076679725788,0.001783532418747764,0.022294155234347034,288,0.35594618055555555,0.05000000000000024
0.0008224232456140352,0.0,0.1056857638888889,"{""C11"": 288}",C11,353.9606141666673,2017-11-26 00:00:00,2017-11-26 23:55:00,253271.54127526283,4.395958368626242e+200,0.05750868055555555,2017-11-26,0.0,0.7154010749640907,0.0008983040983895959,0.011228801229869906,288,0.19144965277777778,0.05000000000000024
0.0012950932017543873,0.0,0.005642361111111111,"{""C00"": 288}",C00,361.3036875000006,2017-11-27 00:00:00,2017-11-27 23:55:00,253750.8072872162,3.135443255827735e+203,0.037760416666666664,2017-11-27,0.0,0.8009383675510311,0.00013798108681656367,0.0017247635852070857,288,0.06753472222222223,0.05000000000000024
0.0014478527046783629,0.0,0.004340277777777778,"{""C00"": 288}",C00,333.9366041666673,2017-11-28 00:00:00,2017-11-28 23:55:00,254230.33986711502,1.4643243594292332e+204,0.020616319444444444,2017-11-28,0.0,0.8038164461801104,0.00014518018010478478,0.0018147522513097666,288,0.04192708333333333,0.05000000000000024
0.0016511239035087728,0.0,0.005642361111111111,"{""C00"": 288}",C00,310.49972958333404,2017-11-29 00:00:00,2017-11-29 23:55:00,254717.25778460503,7.359205269732095e+204,0.021050347222222224,2017-11-29,0.0,0.8010759014029505,0.0005712783682410714,0.007140979603013407,288,0.03802083333333333,0.05000000000000024
0.0017595824195906437,0.0,0.004557291666666667,"{""C00"": 288}",C00,318.1125929166673,2017-11-30 00:00:00,2017-11-30 23:55:00,255194.60816717148,3.1379547175596344e+205,0.021918402777777776,2017-11-30,0.0,0.8041687664244985,0.00018375306700266398,0.002296913337533308,288,0.04192708333333333,0.05000000000000024
0.0014376754385964912,0.0,0.0010850694444444445,"{""C00"": 288}",C00,296.38889625000064,2017-12-01 00:00:00,2017-12-01 23:55:00,255673.76811671257,1.0426618407830447e+206,0.011284722222222222,2017-12-01,0.0,0.8070799316847054,0.00021763242872855162,0.00272040535910694,288,0.016319444444444445,0.05000000000000024
0.0011352302631578966,0.0,0.013888888888888888,"{""C00"": 288}",C00,298.34488500000066,2017-12-02 00:00:00,2017-12-02 23:55:00,256151.91273641586,3.464461638157895e+206,0.007161458333333333,2017-12-02,0.0,0.7938160689222001,3.111661245420523e-05,0.0003889576556775352,288,0.023914930555555554,0.05000000000000024
0.0011054002192982465,0.0,0.039713541666666664,"{""C00"": 288}",C00,280.86165500000067,2017-12-03 00:00:00,2017-12-03 23:55:00,256630.96142792702,1.4586901775866077e+207,0.0026041666666666665,2017-12-03,0.0,0.753679507670204,7.258133221966564e-05,0.0009072666527458505,288,0.022178819444444442,0.05000000000000024
0.0010365003654970752,0.0,0.056206597222222224,"{""C00"": 288}",C00,317.492073333334,2017-12-04 00:00:00,2017-12-04 23:55:00,257163.80487799644,5.778567936238041e+207,0.027560763888888888,2017-12-04,0.0,0.729901211212802,0.00026137097333441483,0.0032671371666801803,288,0.07100694444444446,0.05000000000000024
0.0015637024853801165,0.0,0.009114583333333334,"{""C00"": 288}",C00,355.3635320833339,2017-12-05 00:00:00,2017-12-05 23:55:00,257706.9110376835,4.109636779641344e+208,0.04079861111111111,2017-12-05,0.0,0.796964410454876,0.00020103085991857785,0.002512885748982235,288,0.08489583333333334,0.05000000000000024
0.0016283598318713455,0.0,0.007378472222222222,"{""C07"": 288}",C07,326.32374000000067,2017-12-06 00:00:00,2017-12-06 23:55:00,258219.03332185745,3.454735427774588e+235,0.018880208333333332,2017-12-06,0.0,0.8002939003089815,0.0007434530980359529,0.009293163725449397,288,0.041493055555555554,0.05000000000000024
0.0011403234649122807,0.0,0.005208333333333333,"{""C03"": 288}",C03,333.8286875000006,2017-12-07 00:00:00,2017-12-07 23:55:00,258706.9279010296,1.9111729575234209e+263,0.029730902777777776,2017-12-07,0.0,0.8022986553552758,0.0004585809664170561,0.005732262080213211,288,0.05950520833333333,0.05000000000000024
0.0003414163011695907,0.0,0.3654513888888889,"{""C04"": 288}",C04,265.3843741666671,2017-12-08 00:00:00,2017-12-08 23:55:00,259203.72706961632,3.7902382395184756e+270,0.095703125,2017-12-08,0.0,0.49957329572146264,0.00028570016407063566,0.0035712520508829567,288,0.7025173611111111,0.05000000000000024
0.0006584356725146206,0.0,0.318359375,"{""C04"": 288}",C04,361.00765666666734,2017-12-09 00:00:00,2017-12-09 23:55:00,259698.63092708588,1.3501815274255877e+277,0.12434895833333333,2017-12-09,0.0,0.5079527064442367,0.001299165623105925,0.016239570288824046,288,0.6128906249999999,0.05000000000000024
0.0007022002923976611,0.0,0.3845486111111111,"{""C04"": 288}",C04,296.2634875000004,2017-12-10 00:00:00,2017-12-10 23:55:00,260195.37963581085,1.054223177703953e+284,0.12044270833333333,2017-12-10,0.0,0.47832103991895575,0.000681008818637206,0.0085126102329651,288,0.7480902777777777,0.05000000000000024
0.0008227174707602339,0.0,0.18446180555555555,"{""C04"": 288}",C04,299.3708333333341,2017-12-11 00:00:00,2017-12-11 23:55:00,260692.23080086708,2.2212903017573364e+290,0.06792534722222222,2017-12-11,0.0,0.5904770412572817,0.0006526108094017329,0.008157635117521649,288,0.3524739583333333,0.05000000000000024
0.0008320065789473684,0.0,0.3830295138888889,"{""C04"": 288}",C04,298.2956700000007,2017-12-12 00:00:00,2017-12-12 23:55:00,261186.0441787243,2.642349677951518e+297,0.11219618055555555,2017-12-12,0.0,0.4798665382875652,0.000295653105597958,0.003695663819974446,288,0.7563368055555555,0.05000000000000024
0.0009746975511695902,0.0,0.1304253472222222,"{""C04"": 288}",C04,285.4908954166668,2017-12-13 00:00:00,2017-12-13 23:55:00,261679.800470829,inf,0.06163194444444445,2017-12-13,0.0,0.6687374257473969,0.003673120321620345,0.045914004020254306,288,0.30359374999999994,0.05000000000000024
0.001243629385964912,0.0,0.0008680555555555555,"{""C04"": 288}",C04,478.18218208333394,2017-12-14 00:00:00,2017-12-14 23:55:00,262198.3066532612,inf,0.015842013888888888,2017-12-14,0.0,0.7383260972326776,0.0013886513435638357,0.017358141794547977,288,0.029114583333333333,0.05000000000000024
0.0009379477339181287,0.0,0.0234375,"{""C04"": 288}",C04,290.785979583334,2017-12-15 00:00:00,2017-12-15 23:55:00,262775.1242041588,2107254426.1619873,0.019748263888888888,2017-12-15,0.0,0.6785194335551646,0.00048051470060296163,0.006006433757537028,288,0.03910590277777778,0.05000000000000024
0.0011875383771929827,0.0,0.1328125,"{""C04"": 288}",C04,318.62519875000066,2017-12-16 00:00:00,2017-12-16 23:55:00,263332.4215130806,3.1453832068439476e+16,0.047526041666666664,2017-12-16,0.0,0.6124836321676252,0.00010714838045770955,0.0013393547557213415,288,0.22096354166666668,0.05000000000000024
0.0014277905701754383,0.0,0.010850694444444444,"{""C04"": 288}",C04,344.4814479166673,2017-12-17 00:00:00,2017-12-17 23:55:00,263863.8472223282,2.982720678220838e+23,0.038628472222222224,2017-12-17,0.0,0.6975842382093677,0.00042300531124800334,0.005287566390600056,288,0.07296006944444446,0.05000000000000024
0.0014196134868421054,0.0,0.011935763888888888,"{""C04"": 288}",C04,349.72014625000065,2017-12-18 00:00:00,2017-12-18 23:55:00,264359.647598505,1.5106961520525883e+30,0.036458333333333336,2017-12-18,0.0,0.6942491209897976,0.00036232248102555987,0.004529031012819518,288,0.07968750000000001,0.05000000000000024
0.0019354751461988303,0.0,0.007595486111111111,"{""C04"": 288}",C04,312.76598000000064,2017-12-19 00:00:00,2017-12-19 23:55:00,264854.48491716385,1.866956195277322e+37,0.023220486111111112,2017-12-19,0.0,0.6975338411104643,0.0003319203298574964,0.004149004123218691,288,0.050173611111111106,0.05000000000000024
0.0025639729532163746,0.0,0.008463541666666666,"{""C08"": 288}",C08,386.067280833334,2017-12-20 00:00:00,2017-12-20 23:55:00,265351.57056713104,8.748511404459383e+38,0.046875,2017-12-20,0.0,0.795105228955061,0.0007453482337906105,0.009316852922382622,288,0.10052083333333334,0.05000000000000024
0.002287426900584794,0.0,0.0026041666666666665,"{""C03"": 288}",C03,358.1336366666673,2017-12-21 00:00:00,2017-12-21 23:55:00,265925.14466428757,7.261266003079157e+65,0.05642361111111111,2017-12-21,0.0,0.8008910724278436,0.0008554339612919146,0.010692924516148922,288,0.10269097222222223,0.05000000000000024
0.0027384356725146226,0.0,0.0026041666666666665,"{""C11"": 288}",C11,355.957073333334,2017-12-22 00:00:00,2017-12-22 23:55:00,266550.94698786736,3.19582937066076e+94,0.040364583333333336,2017-12-22,0.0,0.8019823408539912,0.00017560535881441168,0.0021950669851801257,288,0.08315972222222223,0.05000000000000024
0.00278330409356725,0.0,0.001736111111111111,"{""C03"": 288}",C03,297.3331666666673,2017-12-23 00:00:00,2017-12-23 23:55:00,267061.42087197304,1.091508138658421e+123,0.006510416666666667,2017-12-23,0.0,0.8072476680597386,0.00017140992403510562,0.0021426240504388394,288,0.010243055555555556,0.05000000000000024
0.0031692671783625733,0.0,0.007161458333333333,"{""C06"": 288}",C06,340.52572041666684,2017-12-24 00:00:00,2017-12-24 23:55:00,267557.3587856293,2.5792812731382344e+130,0.047526041666666664,2017-12-24,0.0,0.8135790340522645,0.0009934637888912362,0.012418297361140427,288,0.07317708333333334,0.05000000000000024
0.0023080354532163745,0.0,0.007161458333333333,"{""C11"": 288}",C11,359.3476987500005,2017-12-25 00:00:00,2017-12-25 23:55:00,268069.0116405487,1.1448110237385597e+158,0.043402777777777776,2017-12-25,0.0,0.799898108028552,0.000519245372631742,0.006490567157896777,288,0.0857638888888889,0.05000000000000024
0.0017247560307017554,0.0,0.012369791666666666,"{""C00"": 288}",C00,322.609365833334,2017-12-26 00:00:00,2017-12-26 23:55:00,268546.75094127655,1.659106541442739e+160,0.024305555555555556,2017-12-26,0.0,0.7996268122815212,0.0005492377574132884,0.006865471967666102,288,0.05190972222222222,0.05000000000000024
0.0012561065423976597,0.0,0.001736111111111111,"{""C07"": 288}",C07,328.468583333334,2017-12-27 00:00:00,2017-12-27 23:55:00,269024.68335032463,7.008432734329585e+186,0.03211805555555555,2017-12-27,0.0,0.8046570491712051,0.00045116879624001777,0.0056396099530002086,288,0.07382812500000001,0.05000000000000024
0.0015066739766081865,0.0,0.006727430555555556,"{""C00"": 288}",C00,369.5553025000006,2017-12-28 00:00:00,2017-12-28 23:55:00,269535.49574160576,2.2785479565399295e+189,0.04578993055555555,2017-12-28,0.0,0.7966643742947161,0.00036205775219735203,0.0045257219024669275,288,0.09422743055555556,0.05000000000000024
0.0019887070540935674,0.0,0.003689236111111111,"{""C00"": 288}",C00,328.58998958333393,2017-12-29 00:00:00,2017-12-29 23:55:00,270029.0743935108,1.2627402625623924e+190,0.01953125,2017-12-29,0.0,0.801769710611054,0.0002251493003972848,0.002814366254966077,288,0.03498263888888889,0.05000000000000024
0.0023783552631578947,0.0,0.009548611111111112,"{""C00"": 288}",C00,322.48795833333395,2017-12-30 00:00:00,2017-12-30 23:55:00,270568.85725164413,6.149436287103817e+190,0.026692708333333332,2017-12-30,0.0,0.797148530213435,0.0002308555930774193,0.002885694913467751,288,0.05776909722222223,0.05000000000000024
0.002349313779239767,0.0,0.003689236111111111,"{""C00"": 288}",C00,329.35889625000056,2017-12-31 00:00:00,2017-12-31 23:55:00,271092.02900648117,2.5989923738404664e+191,0.025173611111111112,2017-12-31,0.0,0.8030482824948372,0.00015197116483913647,0.001899639560489191,288,0.03910590277777778,0.05000000000000024
0.0024160489766081854,0.0,0.006293402777777778,"{""C07"": 288}",C07,337.0304587500006,2018-01-01 00:00:00,2018-01-01 23:55:00,271660.98902225494,2.7788681253977075e+218,0.03819444444444445,2018-01-01,0.0,0.7985466930664157,0.0006768856596904015,0.008461070746130013,288,0.06319444444444446,0.05000000000000024
0.0016582593201754383,0.0,0.004557291666666667,"{""C11"": 288}",C11,306.62348000000065,2018-01-02 00:00:00,2018-01-02 23:55:00,272178.87624669075,3.4059148558083017e+246,0.017361111111111112,2018-01-02,0.0,0.804675856018939,0.0004708439287944034,0.00588554910993004,288,0.026085069444444442,0.05000000000000024
0.0010712618786549706,0.0,0.001736111111111111,"{""C07"": 288}",C07,276.36488500000064,2018-01-03 00:00:00,2018-01-03 23:55:00,272667.0373220444,5.273481130834722e+274,0.00021701388888888888,2018-01-03,0.0,0.8103612889925312,6.954402644388739e-05,0.0008693003305486123,288,0.0019965277777777776,0.05000000000000024
0.0014514720394736842,0.0,0.0,"{""C11"": 288}",C11,275.9958020833339,2018-01-04 00:00:00,2018-01-04 23:55:00,273154.57232427597,inf,0.023220486111111112,2018-01-04,0.0,0.81416817444256,0.0008259096631544573,0.010323870789430704,288,0.04887152777777778,0.05000000000000024
4.226425438596491e-05,0.0,0.0026041666666666665,"{""C00"": 288}",C00,88.1996966666666,2018-01-05 00:00:00,2018-01-05 23:55:00,273640.2297928333,inf,0.0008680555555555555,2018-01-05,0.0,0.9918127026696442,0.007445300255945739,0.09306625319932173,288,0.009340277777777775,0.05000000000000024
0.0010249570540935668,0.0,0.003472222222222222,"{""C11"": 288}",C11,304.1368516666673,2018-01-06 00:00:00,2018-01-06 23:55:00,274136.9488990307,inf,0.013359375,2018-01-06,0.0,0.8159651337519929,0.0004869953835548057,0.006087442294435048,288,0.0321875,0.05000000000000024
0.0009932684576023395,0.0,0.09895833333333333,"{""C00"": 288}",C00,336.909053333334,2018-01-07 00:00:00,2018-01-07 23:55:00,274630.27962994576,4.2907441761340016e+26,0.07161458333333333,2018-01-07,0.0,0.7321406638988399,0.0006387876098641601,0.007984845123302001,288,0.25416666666666665,0.05000000000000024
0.0008567333698830411,0.0,0.248046875,"{""C00"": 288}",C00,308.12556708333403,2018-01-08 00:00:00,2018-01-08 23:55:00,275123.01574349403,1.551789988654383e+27,0.0837673611111111,2018-01-08,0.0,0.6117025355265094,0.00015305546883838568,0.0019131933604797963,288,0.43927951388888886,0.05000000000000024
0.000960966739766081,0.0,0.15690104166666666,"{""C00"": 288}",C00,302.58535333333396,2018-01-09 00:00:00,2018-01-09 23:55:00,275615.8814063072,8.188457966076972e+27,0.047526041666666664,2018-01-09,0.0,0.6970040540927995,0.00033058615650885276,0.004132326956360639,288,0.2804253472222222,0.05000000000000024
0.0010891246345029236,0.0,0.009982638888888888,"{""C00"": 288}",C00,338.473843333334,2018-01-10 00:00:00,2018-01-10 23:55:00,276107.82836794853,3.719622793450658e+28,0.027560763888888888,2018-01-10,0.0,0.7932014828407019,0.00014722452923681838,0.0018403066154602426,288,0.059505208333333344,0.05000000000000024
0.0013544362207602335,0.0,0.004557291666666667,"{""C00"": 288}",C00,353.0163450000006,2018-01-11 00:00:00,2018-01-11 23:55:00,276588.483689785,2.188348551326749e+29,0.029296875,2018-01-11,0.0,0.8030915131040768,0.000564220278218212,0.007052753477727654,288,0.05581597222222222,0.05000000000000024
0.0018248757309941507,0.0,0.009548611111111112,"{""C00"": 288}",C00,327.13311500000066,2018-01-12 00:00:00,2018-01-12 23:55:00,277106.687844038,1.1657480450654618e+30,0.03537326388888889,2018-01-12,0.0,0.799346337437047,0.00034835441573075325,0.004354430196634425,288,0.07252604166666668,0.05000000000000024
0.0018206633771929823,0.0,0.009548611111111112,"{""C00"": 288}",C00,359.6849366666673,2018-01-13 00:00:00,2018-01-13 23:55:00,277595.48446059227,4.776977224718201e+30,0.04079861111111111,2018-01-13,0.0,0.7959086299141401,0.0004310600595566526,0.005388250744458149,288,0.0896701388888889,0.05000000000000024
0.0017448857821637427,0.0,0.003689236111111111,"{""C07"": 288}",C07,322.5149391666673,2018-01-14 00:00:00,2018-01-14 23:55:00,278085.7659919262,4.4386873061718635e+57,0.026258680555555556,2018-01-14,0.0,0.803115862282433,0.00054642143076544,0.0068302678845680075,288,0.041493055555555554,0.05000000000000024
0.00113859831871345,0.0,0.024088541666666668,"{""C07"": 288}",C07,303.340770833334,2018-01-15 00:00:00,2018-01-15 23:55:00,278573.53888607025,1.715505068703032e+84,0.006727430555555556,2018-01-15,0.0,0.7732195922075523,0.0003643944873571409,0.004554931091964292,288,0.021527777777777774,0.05000000000000024
0.0006433817616959059,0.0,0.1423611111111111,"{""C00"": 288}",C00,297.49504250000064,2018-01-16 00:00:00,2018-01-16 23:55:00,279060.65463900566,8.106522180393393e+87,0.04123263888888889,2018-01-16,0.0,0.6930553266265956,6.054026953913774e-05,0.0007567533692392508,288,0.24830729166666662,0.05000000000000024
0.000752910270467836,0.0,0.006510416666666667,"{""C00"": 288}",C00,301.35780166666734,2018-01-17 00:00:00,2018-01-17 23:55:00,279548.2803287506,3.959822709851929e+88,0.020399305555555556,2018-01-17,0.0,0.8074127445714634,0.00033443116255810554,0.004180389531976313,288,0.05190972222222222,0.05000000000000024
0.0010671482090643277,0.0,0.0032552083333333335,"{""C07"": 288}",C07,303.34077000000065,2018-01-18 00:00:00,2018-01-18 23:55:00,280086.07548332214,3.310512324701201e+115,0.005859375,2018-01-18,0.0,0.8079936453703698,8.032376642352366e-05,0.001004047080294017,288,0.008940972222222223,0.05000000000000024
0.0016749762426900583,0.0,0.050130208333333336,"{""C07"": 288}",C07,380.99046000000055,2018-01-19 00:00:00,2018-01-19 23:55:00,280562.92450642586,2.772853673040107e+144,0.059895833333333336,2018-01-19,0.0,0.759857338728943,0.0006615627704283158,0.008269534630353927,288,0.14370659722222223,0.05000000000000024
0.0007924022295321639,0.0,0.042534722222222224,"{""C11"": 288}",C11,318.3688962500006,2018-01-20 00:00:00,2018-01-20 23:55:00,281047.0307853222,1.4930302143583107e+171,0.025607638888888888,2018-01-20,0.0,0.7600781719924075,0.0006645242680805047,0.008306553351006305,288,0.06558159722222222,0.05000000000000024
0.0010093439327485373,0.0,0.12000868055555555,"{""C04"": 288}",C04,318.611708333334,2018-01-21 00:00:00,2018-01-21 23:55:00,281535.3074412346,4.9379131321785057e+179,0.046875,2018-01-21,0.0,0.6231677422357262,0.00026905399175512084,0.003363174896938988,288,0.22573784722222218,0.05000000000000024
0.0013780107821637427,0.0,0.0013020833333333333,"{""C11"": 288}",C11,317.492073333334,2018-01-22 00:00:00,2018-01-22 23:55:00,282018.7471797466,6.837204938959806e+207,0.024956597222222224,2018-01-22,0.0,0.805026547722383,0.0002722240203015983,0.0034028002537699483,288,0.052343749999999994,0.05000000000000024
0.0018206642909356725,0.0,0.005208333333333333,"{""C00"": 288}",C00,302.9765516666673,2018-01-23 00:00:00,2018-01-23 23:55:00,282501.8309082985,3.29359046916844e+210,0.013454861111111112,2018-01-23,0.0,0.8056184392663809,0.0001414305921007506,0.0017678824012593898,288,0.03216145833333333,0.05000000000000024
0.001732616959064327,0.0,0.005859375,"{""C00"": 288}",C00,339.43160416666734,2018-01-24 00:00:00,2018-01-24 23:55:00,282976.5850739479,1.2080210936563422e+211,0.023003472222222224,2018-01-24,0.0,0.8019494001433176,0.0001684151286132991,0.002105189107666183,288,0.03802083333333333,0.05000000000000024
0.0017422359283625734,0.0,0.009331597222222222,"{""C07"": 288}",C07,397.0572816666672,2018-01-25 00:00:00,2018-01-25 23:55:00,283453.70019745827,1.0987198160099166e+238,0.060546875,2018-01-25,0.0,0.79411726329583,0.0004403048629345662,0.005503810786682041,288,0.10855034722222223,0.05000000000000024
0.001625416666666667,0.0,0.006510416666666667,"{""C11"": 288}",C11,337.529573333334,2018-01-26 00:00:00,2018-01-26 23:55:00,283931.14953899384,1.679795113716309e+266,0.03689236111111111,2018-01-26,0.0,0.7976164449784313,0.000488237231047953,0.00610296538809936,288,0.06536458333333334,0.05000000000000024
0.0002913167032163743,0.0,0.2552083333333333,"{""C03"": 288}",C03,290.99306708333376,2018-01-27 00:00:00,2018-01-27 23:55:00,284415.4441421032,2.0270696039264902e+294,0.07725694444444445,2018-01-27,0.0,0.6359746074364737,0.001893947803694408,0.023674347546180072,288,0.48984374999999997,0.05000000000000024
0.0002383388157894737,0.0,0.3209635416666667,"{""C03"": 288}",C03,1250.4637183333314,2018-01-28 00:00:00,2018-01-28 23:55:00,284928.9079248905,inf,0.1976996527777778,2018-01-28,0.0,0.6267855443473166,0.011792986484582876,0.14741233105728596,288,0.6342361111111111,0.05000000000000024
0.00025289016812865496,0.0,0.4286024305555556,"{""C04"": 288}",C04,2866.337496666669,2018-01-29 00:00:00,2018-01-29 23:55:00,285442.46467137337,7.476750994982684e+21,0.2065972222222222,2018-01-29,0.0,0.4392282653048714,0.00836542260352049,0.10456778254400605,288,0.5399739583333333,0.05000000000000024
0.00020237024853801165,0.0,0.5167100694444444,"{""C04"": 288}",C04,2402.4621216666756,2018-01-30 00:00:00,2018-01-30 23:55:00,285982.9356389046,5.422658184020548e+28,0.19639756944444445,2018-01-30,0.0,0.3587219986225725,0.00288946050484643,0.03611825631058037,288,0.6526041666666667,0.05000000000000024
0.0003062088815789474,0.0,0.2172309027777778,"{""C04"": 288}",C04,711.2161749999925,2018-01-31 00:00:00,2018-01-31 23:55:00,286532.23937773705,1.2150010572366487e+35,0.123046875,2018-01-31,0.0,0.6066293178904565,0.0010742458329082174,0.01342807291135273,288,0.4579427083333333,0.05000000000000024
0.00043353709795321645,0.0,0.19813368055555555,"{""C04"": 288}",C04,382.5399591666661,2018-02-01 00:00:00,2018-02-01 23:55:00,287018.5426182747,4.0971355195465214e+41,0.08897569444444445,2018-02-01,0.0,0.600975608605941,0.0011251883688301633,0.014064854610377035,288,0.3800347222222222,0.05000000000000024
0.00039918585526315753,0.0,0.4010416666666667,"{""C04"": 288}",C04,477.3341800000004,2018-02-02 00:00:00,2018-02-02 23:55:00,287502.4744942188,8.320497938658957e+48,0.12022569444444445,2018-02-02,0.0,0.4579625865330462,0.000527278101438393,0.006590976267979944,288,0.7513454861111111,0.05000000000000024
0.0004987189327485381,0.0,0.4262152777777778,"{""C04"": 288}",C04,347.1578708333341,2018-02-03 00:00:00,2018-02-03 23:55:00,287985.7024524212,2.2217280798074068e+55,0.1558159722222222,2018-02-03,0.0,0.46238672247378815,0.0003453194107670817,0.004316492634588517,288,0.8652777777777777,0.05000000000000024
0.0006492945906432745,0.0,0.18229166666666666,"{""C04"": 288}",C04,324.4891591666674,2018-02-04 00:00:00,2018-02-04 23:55:00,288471.5153105259,1.7549272113320812e+62,0.07552083333333333,2018-02-04,0.0,0.5986600269273086,0.0004733516225381911,0.005916895281727375,288,0.39392361111111107,0.05000000000000024
0.0011984713084795318,0.0,0.0010850694444444445,"{""C04"": 288}",C04,312.752489583334,2018-02-05 00:00:00,2018-02-05 23:55:00,288957.1489171982,3.599851982633043e+69,0.023871527777777776,2018-02-05,0.0,0.7024059737352848,0.00024148765455359614,0.0030185956819199383,288,0.050390624999999994,0.05000000000000024
0.001992722039473685,0.0,0.005208333333333333,"{""C04"": 288}",C04,338.89202083333396,2018-02-06 00:00:00,2018-02-06 23:55:00,289443.2387435436,3.5592737379915947e+76,0.03428819444444445,2018-02-06,0.0,0.6983277425305766,0.0002764333804592403,0.0034554172557404676,288,0.06514756944444444,0.05000000000000024
0.0015034365862573098,0.0,0.006076388888888889,"{""C04"": 288}",C04,370.9312395833339,2018-02-07 00:00:00,2018-02-07 23:55:00,289936.16626286507,2.0471308193036375e+82,0.045355902777777776,2018-02-07,0.0,0.6965418373332279,0.0003348155389309329,0.004185194236636679,288,0.08467881944444446,0.05000000000000024
0.0007510352704678365,0.0,0.2660590277777778,"{""C04"": 288}",C04,316.1296270833339,2018-02-08 00:00:00,2018-02-08 23:55:00,290557.4051530361,9.16363139093583e+88,0.078125,2018-02-08,0.0,0.5382714444389728,0.0001784699980255987,0.0022308749753199974,288,0.49006076388888886,0.05000000000000024
0.001032574013157895,0.0,0.1037326388888889,"{""C04"": 288}",C04,316.59776000000073,2018-02-09 00:00:00,2018-02-09 23:55:00,291062.0161225796,2.360638069597096e+96,0.059244791666666664,2018-02-09,0.0,0.6480523950066525,0.00031964607317247186,0.003995575914655916,288,0.25394965277777776,0.05000000000000024
0.00115156980994152,0.0,0.04123263888888889,"{""C04"": 288}",C04,285.38540666666734,2018-02-10 00:00:00,2018-02-10 23:55:00,291571.22241187096,1.0767649903123783e+102,0.018446180555555556,2018-02-10,0.0,0.6715560079619822,0.0003902720781517041,0.004878400976896327,288,0.06341145833333334,0.05000000000000024
0.0014634968932748537,0.0,0.15538194444444445,"{""C04"": 288}",C04,306.74488583333397,2018-02-11 00:00:00,2018-02-11 23:55:00,292075.99003744125,1.4447434862219786e+110,0.064453125,2018-02-11,0.0,0.6154270543619187,0.0002955157902177718,0.003693947377722142,288,0.35941840277777776,0.05000000000000024
0.0019634576023391816,0.0,0.005859375,"{""C03"": 288}",C03,338.595249583334,2018-02-12 00:00:00,2018-02-12 23:55:00,292562.1420907974,1.4603892668635329e+138,0.023871527777777776,2018-02-12,0.0,0.8025320262322415,0.0005402144943408133,0.006752681179260157,288,0.03975694444444444,0.05000000000000024
0.002179957967836257,0.0,0.0028211805555555555,"{""C03"": 288}",C03,306.974208333334,2018-02-13 00:00:00,2018-02-13 23:55:00,293056.9198973179,5.0551018293605016e+166,0.015625,2018-02-13,0.0,0.8061930615185267,0.0006821153045486732,0.008526441306858425,288,0.021744791666666666,0.05000000000000024
0.0016482986111111125,0.0,0.006076388888888889,"{""C07"": 288}",C07,410.56108333333395,2018-02-14 00:00:00,2018-02-14 23:55:00,293542.4775764942,7.371247115419968e+194,0.0842013888888889,2018-02-14,0.0,0.7921885596517553,0.0008035759119720303,0.010044698899650352,288,0.17343750000000002,0.05000000000000024
0.0016866173245614036,0.0,0.005208333333333333,"{""C11"": 288}",C11,300.8856662500006,2018-02-15 00:00:00,2018-02-15 23:55:00,294089.26699233055,4.555879721774367e+223,0.018229166666666668,2018-02-15,0.0,0.8050812327544719,0.00019663305594371373,0.0024579131992963944,288,0.028038194444444442,0.05000000000000024
0.0017151525950292396,0.0,0.005208333333333333,"{""C03"": 288}",C03,306.75837458333405,2018-02-16 00:00:00,2018-02-16 23:55:00,294588.28609132767,1.6068940719574594e+252,0.024739583333333332,2018-02-16,0.0,0.8040007804569419,0.0005933210896228476,0.0074165136202856,288,0.057986111111111106,0.05000000000000024
0.001694499269005848,0.0,0.0,"{""C03"": 288}",C03,275.50155166666735,2018-02-17 00:00:00,2018-02-17 23:55:00,295135.7537546158,6.0866271927636586e+280,0.006293402777777778,2018-02-17,0.0,0.8123625147056807,0.00017997220957839753,0.002249652619729946,288,0.015017361111111108,0.05000000000000024
0.0017071034356725143,0.0,0.008680555555555556,"{""C03"": 288}",C03,367.4223025000002,2018-02-18 00:00:00,2018-02-18 23:55:00,295739.140638113,inf,0.05164930555555555,2018-02-18,0.0,0.8065654933388414,0.0026210803980679116,0.03276350497584892,288,0.11235243055555556,0.05000000000000024
0.0014678216374269,0.0,0.005642361111111111,"{""C03"": 288}",C03,331.063323333334,2018-02-19 00:00:00,2018-02-19 23:55:00,296317.5616762638,1.6809219368380783e+29,0.027777777777777776,2018-02-19,0.0,0.8028330935899133,0.0011694016361798011,0.014617520452247465,288,0.051041666666666666,0.05000000000000024
0.0015964546783625746,0.0,0.005642361111111111,"{""C00"": 288}",C00,312.1049895833339,2018-02-20 00:00:00,2018-02-20 23:55:00,296903.60781908035,4.3539953039243675e+31,0.020399305555555556,2018-02-20,0.0,0.8030499034037221,0.00031283473798915493,0.003910434224864425,288,0.04279513888888889,0.05000000000000024
0.0018537536549707602,0.0,0.003689236111111111,"{""C11"": 288}",C11,297.13082333333404,2018-02-21 00:00:00,2018-02-21 23:55:00,297439.20670580864,4.91309211836523e+58,0.016276041666666668,2018-02-21,0.0,0.8057544115683913,0.0001741909320173984,0.0021773866502174653,288,0.03324652777777778,0.05000000000000024
0.002038327850877196,0.0,0.0026041666666666665,"{""C03"": 288}",C03,321.74603166666725,2018-02-22 00:00:00,2018-02-22 23:55:00,297957.3278269768,1.7939309697129167e+87,0.02734375,2018-02-22,0.0,0.8049415943888142,0.0007835317291245514,0.009794146614056913,288,0.043229166666666666,0.05000000000000024
0.00207188139619883,0.0,0.007161458333333333,"{""C11"": 288}",C11,318.9624366666673,2018-02-23 00:00:00,2018-02-23 23:55:00,298514.9476149082,6.724236020733478e+115,0.018229166666666668,2018-02-23,0.0,0.8034766038038469,0.00020895290426719646,0.002611911303339951,288,0.03823784722222222,0.05000000000000024
0.0017125484283625713,0.0,0.006076388888888889,"{""C03"": 288}",C03,297.22525000000064,2018-02-24 00:00:00,2018-02-24 23:55:00,299087.0082023144,1.9618165557347236e+144,0.009548611111111112,2018-02-24,0.0,0.8035146211669955,0.00024676441935690707,0.003084555241961358,288,0.027604166666666666,0.05000000000000024
0.0019215926535087716,0.0,0.007595486111111111,"{""C11"": 288}",C11,338.4873329166673,2018-02-25 00:00:00,2018-02-25 23:55:00,299600.06597185135,4.590071837616637e+172,0.03125,2018-02-25,0.0,0.7985358489795846,0.0005391420195857684,0.006739275244822086,288,0.049305555555555554,0.05000000000000024
0.0019537764985380107,0.0,0.004991319444444444,"{""C11"": 288}",C11,327.98295916666723,2018-02-26 00:00:00,2018-02-26 23:55:00,300076.83593440056,2.814109753023982e+201,0.028645833333333332,2018-02-26,0.0,0.8010257988394807,0.0004374173851989456,0.00546771731498683,288,0.05147569444444444,0.05000000000000024
0.0021252119883040936,0.0,0.003689236111111111,"{""C03"": 288}",C03,322.50144791666736,2018-02-27 00:00:00,2018-02-27 23:55:00,300556.68613505363,7.937461524626214e+229,0.024305555555555556,2018-02-27,0.0,0.8043582367874739,0.000273599851636019,0.003419998145450237,288,0.04583333333333333,0.05000000000000024
0.002135316154970761,0.0,0.009982638888888888,"{""C04"": 288}",C04,348.344208333334,2018-02-28 00:00:00,2018-02-28 23:55:00,301092.7937400341,1.4455746322157881e+237,0.042534722222222224,2018-02-28,0.0,0.6942961931090184,0.0005258479161012166,0.006573098951265211,288,0.08858506944444446,0.05000000000000024
0.0022263961988304094,0.0,0.006510416666666667,"{""C04"": 288}",C04,306.11087458333395,2018-03-01 00:00:00,2018-03-01 23:55:00,301698.9918656349,9.261883429184027e+243,0.020399305555555556,2018-03-01,0.0,0.703374495628153,0.0005143559801863691,0.00642944975232962,288,0.04670138888888889,0.05000000000000024
0.0024951206140350866,0.0,0.004774305555555556,"{""C08"": 288}",C08,364.6133758333339,2018-03-02 00:00:00,2018-03-02 23:55:00,302286.0622930527,4.647863590153644e+245,0.042317708333333336,2018-03-02,0.0,0.7989918545533031,0.000587385301364105,0.007342316267051304,288,0.06276041666666667,0.05000000000000024
0.002624412463450291,0.0,0.0028211805555555555,"{""C08"": 288}",C08,311.60587500000065,2018-03-03 00:00:00,2018-03-03 23:55:00,302840.74059295654,2.0485263312206893e+246,0.012803819444444444,2018-03-03,0.0,0.8043736052064157,0.0007724633668555192,0.009655792085694018,288,0.027170138888888886,0.05000000000000024
0.0028738788377192974,0.0,0.0026041666666666665,"{""C08"": 288}",C08,281.81066666666726,2018-03-04 00:00:00,2018-03-04 23:55:00,303338.5894243717,9.390514480060993e+246,0.011284722222222222,2018-03-04,0.0,0.8095135491545694,0.00013936281256111122,0.00174203515701389,288,0.03302951388888889,0.05000000000000024
0.0032586494883040922,0.0,0.004123263888888889,"{""C11"": 288}",C11,289.93358291666704,2018-03-05 00:00:00,2018-03-05 23:55:00,303822.56559181213,9.740370727953055e+273,0.026909722222222224,2018-03-05,0.0,0.8275664353892702,0.00042593296391279427,0.00532416204890997,288,0.04019097222222222,0.05000000000000024
0.0030259502923976602,0.0,0.008463541666666666,"{""C11"": 288}",C11,316.588270833334,2018-03-06 00:00:00,2018-03-06 23:55:00,304304.0689935684,2.8989520833572715e+302,0.022352430555555556,2018-03-06,0.0,0.8017915187723791,0.0006682506626939449,0.008353133283674319,288,0.04409722222222222,0.05000000000000024
0.0028607721125731,0.0,0.007161458333333333,"{""C11"": 288}",C11,298.2413591666673,2018-03-07 00:00:00,2018-03-07 23:55:00,304782.99800515175,inf,0.0234375,2018-03-07,0.0,0.815748082088302,0.003129530703817774,0.039119133797722166,288,0.061111111111111116,0.05000000000000024
0.0033422478070175444,0.0,0.006076388888888889,"{""C06"": 288}",C06,237.0617091666669,2018-03-08 00:00:00,2018-03-08 23:55:00,305253.2718348503,1.1968179655602275e+30,0.016710069444444444,2018-03-08,0.0,0.840623832402957,0.0002997104112880405,0.003746380141100479,288,0.04583333333333333,0.05000000000000024
0.0035293877923976615,0.0,0.002387152777777778,"{""C06"": 288}",C06,180.95780166666776,2018-03-09 00:00:00,2018-03-09 23:55:00,305732.6186077595,5.919653843994968e+36,0.006510416666666667,2018-03-09,0.0,0.8643818739079291,0.0004137285139900429,0.005171606424875479,288,0.018055555555555554,0.05000000000000024
0.002964419773391811,0.0,0.016927083333333332,"{""C07"": 288}",C07,328.10436458333396,2018-03-10 00:00:00,2018-03-10 23:55:00,306208.8398396969,3.8457603198602924e+64,0.024088541666666668,2018-03-10,0.0,0.7916866688568895,0.0004866170829041746,0.006082713536302162,288,0.05169270833333333,0.05000000000000024
0.002776156798245614,0.0,0.004340277777777778,"{""C11"": 288}",C11,293.879833333334,2018-03-11 00:00:00,2018-03-11 23:55:00,306697.311732769,1.19367841232926e+93,0.011284722222222222,2018-03-11,0.0,0.8078593525189183,0.00048775591374614936,0.006096948921826869,288,0.03302951388888889,0.05000000000000024
0.002382706505847952,0.0,0.0028211805555555555,"{""C07"": 288}",C07,323.000563333334,2018-03-12 00:00:00,2018-03-12 23:55:00,307190.32266807556,1.5801959936691812e+121,0.028428819444444444,2018-03-12,0.0,0.8058303642520053,0.0003953691058571718,0.004942113823214608,288,0.05581597222222222,0.05000000000000024
0.0024392863669590657,0.0,0.008897569444444444,"{""C00"": 288}",C00,317.8697816666673,2018-03-13 00:00:00,2018-03-13 23:55:00,307689.5801794529,7.408069229931028e+123,0.021050347222222224,2018-03-13,0.0,0.8000375813716096,0.00039656045894644965,0.004957005736830575,288,0.034548611111111106,0.05000000000000024
0.00294498538011696,0.0,0.002170138888888889,"{""C08"": 288}",C08,312.80316666666704,2018-03-14 00:00:00,2018-03-14 23:55:00,308188.8812253475,3.7220216642326384e+124,0.03342013888888889,2018-03-14,0.0,0.8174366869999017,0.0002331812691014392,0.0029147658637679956,288,0.07274305555555555,0.05000000000000024
0.003269802631578948,0.0,0.004774305555555556,"{""C08"": 288}",C08,224.85764625000087,2018-03-15 00:00:00,2018-03-15 23:55:00,308685.2627708912,1.7036444253398483e+125,0.014322916666666666,2018-03-15,0.0,0.8397921362066479,0.00046935595670486173,0.005866949458810742,288,0.03129340277777778,0.05000000000000024
0.00305283168859649,0.0,0.006944444444444444,"{""C11"": 288}",C11,304.3444691666674,2018-03-16 00:00:00,2018-03-16 23:55:00,309184.5356888771,1.191606887714159e+152,0.031684027777777776,2018-03-16,0.0,0.8130362589374539,0.00038074501339611293,0.004759312667451427,288,0.07296006944444446,0.05000000000000024
0.0019376151315789467,0.0,0.00021701388888888888,"{""C07"": 288}",C07,297.13082333333404,2018-03-17 00:00:00,2018-03-17 23:55:00,309671.8996915817,1.175302776086645e+180,0.015407986111111112,2018-03-17,0.0,0.807867165847346,0.00015142888338362846,0.0018928610422953246,288,0.026302083333333334,0.05000000000000024
0.002010307931286551,0.0,0.004557291666666667,"{""C07"": 288}",C07,361.17353208333395,2018-03-18 00:00:00,2018-03-18 23:55:00,310146.99016809464,4.7083489013838345e+208,0.057291666666666664,2018-03-18,0.0,0.7987452440519733,0.0009005451999661527,0.011256814999576871,288,0.10312500000000001,0.05000000000000024
0.0028420668859649115,0.0,0.0026041666666666665,"{""C06"": 288}",C06,247.25983333333423,2018-03-19 00:00:00,2018-03-19 23:55:00,310621.79992341995,3.066396721581115e+216,0.011284722222222222,2018-03-19,0.0,0.83599515759059,0.000493385311529907,0.006167316394123841,288,0.03216145833333333,0.05000000000000024
0.0033297505482456145,0.0,0.003689236111111111,"{""C05"": 288}",C05,218.99040625000094,2018-03-20 00:00:00,2018-03-20 23:55:00,311094.0867922306,1.9871739452941172e+223,0.017795138888888888,2018-03-20,0.0,0.8501456651378332,0.000271342336970889,0.00339177921213611,288,0.042578124999999994,0.05000000000000024
0.003469225146198832,0.0,0.008246527777777778,"{""C06"": 288}",C06,166.80321833333392,2018-03-21 00:00:00,2018-03-21 23:55:00,311606.4492352009,8.192095522668018e+229,0.029079861111111112,2018-03-21,0.0,0.8738007554380501,0.0002390214215270236,0.0029877677690877884,288,0.0779513888888889,0.05000000000000024
0.0033550593932748537,0.0,0.006944444444444444,"{""C05"": 288}",C05,263.44551083333414,2018-03-22 00:00:00,2018-03-22 23:55:00,312171.34691405296,6.401747482676622e+236,0.032552083333333336,2018-03-22,0.0,0.8508030965224815,0.00031690781738583025,0.0039613477173229186,288,0.07187500000000001,0.05000000000000024
0.0035961357821637416,0.0,0.004123263888888889,"{""C05"": 288}",C05,279.1076470833341,2018-03-23 00:00:00,2018-03-23 23:55:00,312658.0644118786,3.2722179421989833e+243,0.030381944444444444,2018-03-23,0.0,0.8485529266790445,0.0007100209214374549,0.008875261517968167,288,0.05776909722222223,0.05000000000000024
0.003907099780701755,0.0,0.0026041666666666665,"{""C06"": 288}",C06,144.06998833333404,2018-03-24 00:00:00,2018-03-24 23:55:00,313144.8410766125,2.3774867325783437e+250,0.03146701388888889,2018-03-24,0.0,0.9021139700729653,0.0005744550336028083,0.0071806879200350905,288,0.061892361111111106,0.05000000000000024
0.004122164656432749,0.0,0.006293402777777778,"{""C06"": 288}",C06,124.03868750000026,2018-03-25 00:00:00,2018-03-25 23:55:00,313630.92439222336,1.2238267855946388e+257,0.03624131944444445,2018-03-25,0.0,0.9219031550550805,0.00044363121535292093,0.005545390191911515,288,0.07165798611111113,0.05000000000000024
0.003891596308479533,0.0,0.006510416666666667,"{""C05"": 288}",C05,165.89613500000124,2018-03-26 00:00:00,2018-03-26 23:55:00,314123.6226849556,5.270111395456329e+263,0.013237847222222222,2018-03-26,0.0,0.8887708535214647,0.00017857183139991528,0.002232147892498923,288,0.04105902777777778,0.05000000000000024
0.0038703170687134528,0.0,0.0028211805555555555,"{""C05"": 288}",C05,181.38764666666773,2018-03-27 00:00:00,2018-03-27 23:55:00,314594.9316995144,3.4044052299052343e+270,0.019965277777777776,2018-03-27,0.0,0.8896810798921584,0.00021223080010424877,0.002652885001303083,288,0.043229166666666666,0.05000000000000024
0.004004764254385966,0.0,0.0032552083333333335,"{""C06"": 288}",C06,114.65795875000093,2018-03-28 00:00:00,2018-03-28 23:55:00,315087.4146966934,1.919331114692316e+277,0.015407986111111112,2018-03-28,0.0,0.91809635446225,0.0001603218988148698,0.0020040237351858833,288,0.031510416666666666,0.05000000000000024
0.004167304459064328,0.0,0.005642361111111111,"{""C06"": 288}",C06,123.25155166666742,2018-03-29 00:00:00,2018-03-29 23:55:00,315586.29850530624,1.0332303585253904e+284,0.031032986111111112,2018-03-29,0.0,0.9193014950410521,0.0004873210872871858,0.006091513591089854,288,0.04887152777777778,0.05000000000000024
0.0038890515350877156,0.0,0.001736111111111111,"{""C06"": 288}",C06,161.77780333333362,2018-03-30 00:00:00,2018-03-30 23:55:00,316077.0695333481,3.9988035118530886e+290,0.024522569444444444,2018-03-30,0.0,0.8991256052334072,0.0001936523629582873,0.0024206545369786013,288,0.04973958333333333,0.05000000000000024
0.002532834429824561,0.0,0.006076388888888889,"{""C07"": 288}",C07,247.31344000000058,2018-03-31 00:00:00,2018-03-31 23:55:00,316636.02815008163,inf,0.021050347222222224,2018-03-31,0.0,0.8480184414488248,0.0008749166539419047,0.01093645817427378,288,0.05125,0.05000000000000024
0.0026843686038011696,0.0,0.008897569444444444,"{""C05"": 288}",C05,270.1523850000005,2018-04-01 00:00:00,2018-04-01 23:55:00,317109.27887892723,2.4086225252265894e+17,0.03342013888888889,2018-04-01,0.0,0.8272815944607351,0.00023527135992074116,0.0029408919990092553,288,0.07881944444444446,0.05000000000000024
0.0032759009502923973,0.0,0.001953125,"{""C05"": 288}",C05,212.8748858333343,2018-04-02 00:00:00,2018-04-02 23:55:00,317581.17965745926,1.9700238120694484e+24,0.014539930555555556,2018-04-02,0.0,0.8549448443114896,0.00011841842880112996,0.001480230360014107,288,0.03498263888888889,0.05000000000000024
0.003714243421052634,0.0,0.005208333333333333,"{""C06"": 288}",C06,174.84775000000118,2018-04-03 00:00:00,2018-04-03 23:55:00,318051.8612115383,1.389948685262178e+31,0.012152777777777778,2018-04-03,0.0,0.8738352534549196,0.0005367920612071495,0.0067099007650893725,288,0.04409722222222222,0.05000000000000024
0.0033277713815789475,0.0,0.0030381944444444445,"{""C06"": 288}",C06,221.56764625000076,2018-04-04 00:00:00,2018-04-04 23:55:00,318598.0552954674,3.9393136016146366e+37,0.026041666666666668,2018-04-04,0.0,0.8561559618315716,0.00038367052773551226,0.004795881596693898,288,0.057118055555555554,0.05000000000000024
0.0029525365497076023,0.0,0.006944444444444444,"{""C07"": 288}",C07,337.99988541666653,2018-04-05 00:00:00,2018-04-05 23:55:00,319222.4684493542,3.650973629746256e+65,0.055121527777777776,2018-04-05,0.0,0.8325449323560778,0.0004894821788707903,0.006118527235884871,288,0.10225694444444446,0.05000000000000024
0.0031114775219298254,0.0,0.0,"{""C06"": 288}",C06,235.06525000000093,2018-04-06 00:00:00,2018-04-06 23:55:00,319733.3355782032,9.081460266971781e+72,0.015190972222222222,2018-04-06,0.0,0.8423761751768963,0.00039009959642393756,0.004876244955299217,288,0.03628472222222222,0.05000000000000024
0.002670579312865498,0.0,0.002170138888888889,"{""C03"": 288}",C03,333.23514625000064,2018-04-07 00:00:00,2018-04-07 23:55:00,320217.02374076843,6.083121942744785e+100,0.03146701388888889,2018-04-07,0.0,0.8031381054797234,0.000415225177261242,0.005190314715765527,288,0.04800347222222222,0.05000000000000024
0.003077576754385965,0.0,0.003689236111111111,"{""C00"": 288}",C00,265.3960316666665,2018-04-08 00:00:00,2018-04-08 23:55:00,320779.2479121685,1.3103996577953967e+103,0.029730902777777776,2018-04-08,0.0,0.8447857234195728,0.0006169342100227203,0.007711677625283991,288,0.05928819444444444,0.05000000000000024
0.003168933662280703,0.0,0.0030381944444444445,"{""C05"": 288}",C05,246.27181166666702,2018-04-09 00:00:00,2018-04-09 23:55:00,321301.69186091423,6.430955900870473e+108,0.03537326388888889,2018-04-09,0.0,0.8454060565792303,0.0004511009017382298,0.005638761271727864,288,0.0681857638888889,0.05000000000000024
0.0035191867690058496,0.0,0.0028211805555555555,"{""C06"": 288}",C06,238.20978125000104,2018-04-10 00:00:00,2018-04-10 23:55:00,321779.12044620514,4.6603180358023125e+115,0.033203125,2018-04-10,0.0,0.855490176775818,0.00027369283585737157,0.003421160448217143,288,0.05842013888888889,0.05000000000000024
0.003784777960526316,0.0,0.006293402777777778,"{""C06"": 288}",C06,216.64941750000116,2018-04-11 00:00:00,2018-04-11 23:55:00,322253.34822678566,2.6760244868480824e+122,0.03342013888888889,2018-04-11,0.0,0.8668801216504112,0.0006596427259186674,0.008245534073983318,288,0.07382812500000001,0.05000000000000024
0.003720289656432751,0.0,0.00043402777777777775,"{""C06"": 288}",C06,187.41129166666778,2018-04-12 00:00:00,2018-04-12 23:55:00,322730.2359428406,1.4083039370709002e+129,0.021484375,2018-04-12,0.0,0.8720711935202616,0.0004401246552197623,0.005501558190247043,288,0.05060763888888889,0.05000000000000024
0.0034084841008771923,0.0,0.005425347222222222,"{""C06"": 288}",C06,243.84295833333428,2018-04-13 00:00:00,2018-04-13 23:55:00,323300.4846870899,5.89373437779827e+135,0.020833333333333332,2018-04-13,0.0,0.8393671984531994,0.00020854992246995054,0.0026068740308743867,288,0.049305555555555554,0.05000000000000024
0.003077640716374268,0.0,0.0030381944444444445,"{""C07"": 288}",C07,230.66691666666756,2018-04-14 00:00:00,2018-04-14 23:55:00,323835.4238886833,3.379429325833412e+163,0.010633680555555556,2018-04-14,0.0,0.8393994176422067,0.000164814924883714,0.0020601865610464115,288,0.033463541666666666,0.05000000000000024
0.0022868548976608207,0.0,0.004340277777777778,"{""C07"": 288}",C07,276.3648850000007,2018-04-15 00:00:00,2018-04-15 23:55:00,324313.12816786766,5.4806497092468105e+191,0.0010850694444444445,2018-04-15,0.0,0.8062714121750222,0.00022350009939107508,0.0027937512423884,288,0.0043836805555555565,0.05000000000000024
0.0007494554093567247,0.0,0.11675347222222222,"{""C03"": 288}",C03,325.19061750000037,2018-04-16 00:00:00,2018-04-16 23:55:00,324795.4868423939,4.456218431140685e+219,0.041449652777777776,2018-04-16,0.0,0.7188657293181068,0.00043085121377356726,0.005385640172169602,288,0.22790798611111113,0.05000000000000024
0.0014655564692982446,0.0,0.11241319444444445,"{""C00"": 288}",C00,283.488120833334,2018-04-17 00:00:00,2018-04-17 23:55:00,325268.00852036476,4.445822604994963e+222,0.04123263888888889,2018-04-17,0.0,0.7358831250836271,0.00018633803430241798,0.0023292254287802057,288,0.23984374999999997,0.05000000000000024
0.0023058662280701766,0.0,0.010850694444444444,"{""C00"": 288}",C00,344.8321770833339,2018-04-18 00:00:00,2018-04-18 23:55:00,325778.26566815376,2.9084229788873327e+223,0.027777777777777776,2018-04-18,0.0,0.7971038832896524,0.0002338509290894712,0.002923136613618392,288,0.060156249999999994,0.05000000000000024
0.0031058808479532164,0.0,0.003472222222222222,"{""C05"": 288}",C05,251.32092666666705,2018-04-19 00:00:00,2018-04-19 23:55:00,326308.8180298805,2.43920495522446e+229,0.025607638888888888,2018-04-19,0.0,0.8390665969185193,0.00028733527150155057,0.0035916908937693726,288,0.05538194444444444,0.05000000000000024
0.0037395687134502906,0.0,0.00390625,"{""C06"": 288}",C06,238.93493875000095,2018-04-20 00:00:00,2018-04-20 23:55:00,326802.7013595104,1.743621844953003e+236,0.032769097222222224,2018-04-20,0.0,0.8627059188532865,0.0004139687093706177,0.005174608867132718,288,0.07664930555555556,0.05000000000000024
0.003850200109649126,0.0,0.005642361111111111,"{""C06"": 288}",C06,210.41722916666785,2018-04-21 00:00:00,2018-04-21 23:55:00,327298.08054828644,7.334323286334558e+242,0.022569444444444444,2018-04-21,0.0,0.8723369738220749,0.0005490932794591633,0.006863665993239537,288,0.042361111111111106,0.05000000000000024
0.003454442616959064,0.0,0.008246527777777778,"{""C06"": 288}",C06,312.9435308333342,2018-04-22 00:00:00,2018-04-22 23:55:00,327865.9392120838,3.9401122116368634e+249,0.041015625,2018-04-22,0.0,0.8207083309321737,0.0006429001516443293,0.008036251895554129,288,0.08554687500000001,0.05000000000000024
0.0027484283625730972,0.0,0.005642361111111111,"{""C03"": 288}",C03,354.95884333333396,2018-04-23 00:00:00,2018-04-23 23:55:00,328357.56816482544,1.6305453212646237e+277,0.036458333333333336,2018-04-23,0.0,0.8008077088988916,0.00046707175616286664,0.005838396952035819,288,0.07361111111111113,0.05000000000000024
0.0032282903874269013,0.0,0.003472222222222222,"{""C05"": 288}",C05,238.600978750001,2018-04-24 00:00:00,2018-04-24 23:55:00,328834.65281558037,6.256930022894147e+284,0.035807291666666664,2018-04-24,0.0,0.8525105316731545,0.0006146693591297285,0.0076833669891216245,288,0.06471354166666667,0.05000000000000024
0.003671825657894736,0.0,0.004123263888888889,"{""C05"": 288}",C05,169.99077083333447,2018-04-25 00:00:00,2018-04-25 23:55:00,329307.07375764847,4.112666629563673e+291,0.019097222222222224,2018-04-25,0.0,0.8699723775129782,0.00015725133953904476,0.0019656417442380654,288,0.04474826388888889,0.05000000000000024
0.003993795687134502,0.0,0.004774305555555556,"{""C06"": 288}",C06,164.87238625000035,2018-04-26 00:00:00,2018-04-26 23:55:00,329781.69827103615,2.65106760767221e+298,0.029079861111111112,2018-04-26,0.0,0.8988038662592298,0.0005445442681288303,0.006806803351610361,288,0.05950520833333333,0.05000000000000024
0.0038069554093567246,0.0,0.003472222222222222,"{""C06"": 288}",C06,116.42272000000085,2018-04-27 00:00:00,2018-04-27 23:55:00,330253.85706472397,inf,0.021484375,2018-04-27,0.0,0.916933356790798,0.004281283318567923,0.05351604148209905,288,0.04833333333333333,0.05000000000000024
0.0030937052266081884,0.0,0.0030381944444444445,"{""C06"": 288}",C06,118.63458916666634,2018-04-28 00:00:00,2018-04-28 23:55:00,330736.4759068489,inf,0.003689236111111111,2018-04-28,0.0,0.9234658781312474,0.003175616086694564,0.039695201083682,288,0.01738715277777778,0.05000000000000024
0.003288828581871345,0.0,0.004340277777777778,"{""C08"": 288}",C08,235.84764625000093,2018-04-29 00:00:00,2018-04-29 23:55:00,331249.13766527176,106487.897015013,0.015190972222222222,2018-04-29,0.0,0.8392334506571113,0.00020432907667216582,0.0025541134584021043,288,0.03628472222222222,0.05000000000000024
0.0031361065423976594,0.0,0.0,"{""C06"": 288}",C06,243.40655166666758,2018-04-30 00:00:00,2018-04-30 23:55:00,331781.4610824585,54269344650.807655,0.027126736111111112,2018-04-30,0.0,0.8402427899152165,0.00018024276454654071,0.002253034556831779,288,0.05972222222222223,0.05000000000000024
0.003137910270467839,0.0,0.008029513888888888,"{""C08"": 288}",C08,267.15842749999985,2018-05-01 00:00:00,2018-05-01 23:55:00,332326.2250421047,2405729487209.603,0.046223958333333336,2018-05-01,0.0,0.8327216870873724,0.0011853773496731867,0.014817216870914827,288,0.10377604166666668,0.05000000000000024
0.0036471372441520505,0.0,0.004123263888888889,"{""C06"": 288}",C06,265.7536879166668,2018-05-02 00:00:00,2018-05-02 23:55:00,332818.8734872341,1.685630748797429e+18,0.05099826388888889,2018-05-02,0.0,0.8643443288112139,0.00024135467027297682,0.0030169333784121895,288,0.09401041666666668,0.05000000000000024
0.0038866968201754395,0.0,0.0010850694444444445,"{""C06"": 288}",C06,156.45670916666776,2018-05-03 00:00:00,2018-05-03 23:55:00,333310.4453327656,9.958036402067611e+24,0.004991319444444444,2018-05-03,0.0,0.8839517956337141,0.0001529659305100636,0.0019120741313758027,288,0.017621527777777774,0.05000000000000024
0.003935599415204678,0.0,0.0078125,"{""C06"": 288}",C06,214.14108291666736,2018-05-04 00:00:00,2018-05-04 23:55:00,333806.1771659851,5.069805829584962e+31,0.04709201388888889,2018-05-04,0.0,0.8786629685684041,0.00045179359468475237,0.005647419933559403,288,0.09574652777777778,0.05000000000000024
0.003828606542397662,0.0,0.009548611111111112,"{""C08"": 288}",C08,251.25639541666766,2018-05-05 00:00:00,2018-05-05 23:55:00,334344.0774629116,1.8271705753229256e+33,0.0627170138888889,2018-05-05,0.0,0.8672004242696292,0.0006272653840492729,0.00784081730061589,288,0.13589409722222223,0.05000000000000024
0.003805904605263162,0.0,0.0078125,"{""C08"": 288}",C08,211.42894875000096,2018-05-06 00:00:00,2018-05-06 23:55:00,334832.922557354,7.6797489758413e+33,0.024088541666666668,2018-05-06,0.0,0.8697890441931949,0.0006673098663349407,0.008341373329186752,288,0.05581597222222222,0.05000000000000024
0.004024749634502925,0.0,0.001953125,"{""C06"": 288}",C06,124.46014666666716,2018-05-07 00:00:00,2018-05-07 23:55:00,335310.8023378849,5.42337811587374e+39,0.013020833333333334,2018-05-07,0.0,0.9094005778520082,0.00036948054054572205,0.004618506756821511,288,0.033680555555555554,0.05000000000000024
0.004048598318713453,0.0,0.009331597222222222,"{""C06"": 288}",C06,146.10363500000065,2018-05-08 00:00:00,2018-05-08 23:55:00,335791.8793582916,2.7510938647690284e+46,0.03407118055555555,2018-05-08,0.0,0.9096840155298023,0.0025409234077076143,0.0317615425963452,288,0.07730034722222223,0.05000000000000024
0.0037513368055555538,0.0,0.0078125,"{""C03"": 288}",C03,294.1740516666674,2018-05-09 00:00:00,2018-05-09 23:55:00,336372.07360196114,1.9910870996658053e+74,0.04210069444444445,2018-05-09,0.0,0.8231675828793552,0.00461503485855951,0.05768793573199387,288,0.09856770833333334,0.05000000000000024
0.0035578188961988295,0.0,0.0,"{""C11"": 288}",C11,248.6890000000008,2018-05-10 00:00:00,2018-05-10 23:55:00,336964.9049627781,5.947649804294488e+102,0.013237847222222222,2018-05-10,0.0,0.829617762171152,0.00013068040437684092,0.0016335050547105062,288,0.04279513888888889,0.05000000000000024
0.0035437490862573135,0.0,0.0032552083333333335,"{""C11"": 288}",C11,253.20071833333424,2018-05-11 00:00:00,2018-05-11 23:55:00,337513.8221476078,2.219814237644944e+131,0.018880208333333332,2018-05-11,0.0,0.8455533066577915,0.00033451872296592986,0.004181484037074103,288,0.038454861111111106,0.05000000000000024
0.003377033991228069,0.0,0.002387152777777778,"{""C03"": 288}",C03,251.48207333333355,2018-05-12 00:00:00,2018-05-12 23:55:00,338036.3730225563,7.006039524689422e+159,0.018880208333333332,2018-05-12,0.0,0.8333119129312504,0.0004246843839042244,0.0053085547988028165,288,0.044531249999999994,0.05000000000000024
0.0036451653874268997,0.0,0.005642361111111111,"{""C08"": 288}",C08,191.45816666666724,2018-05-13 00:00:00,2018-05-13 23:55:00,338526.9171998501,1.198479060505367e+162,0.018446180555555556,2018-05-13,0.0,0.8676769311700784,0.00017942915817320123,0.0022428644771650018,288,0.053211805555555554,0.05000000000000024
0.0036015981359649113,0.0,0.004123263888888889,"{""C06"": 288}",C06,215.02519833333443,2018-05-14 00:00:00,2018-05-14 23:55:00,339007.6864185333,6.416095439583167e+167,0.026041666666666668,2018-05-14,0.0,0.8579561037672544,0.00025251454890697365,0.0031564318613372206,288,0.05169270833333333,0.05000000000000024
0.003625080409356724,0.0,0.004557291666666667,"{""C06"": 288}",C06,204.58900041666712,2018-05-15 00:00:00,2018-05-15 23:55:00,339528.54511737823,3.429269686321908e+174,0.027560763888888888,2018-05-15,0.0,0.8721676673827555,0.0004055166730004768,0.005068958412505937,288,0.043229166666666666,0.05000000000000024
0.0034257766812865495,0.0,0.0010850694444444445,"{""C07"": 288}",C07,238.60098000000104,2018-05-16 00:00:00,2018-05-16 23:55:00,340015.83778715134,2.345672881894358e+202,0.019097222222222224,2018-05-16,0.0,0.8593708321847964,0.00022576998051154887,0.0028221247563943444,288,0.035416666666666666,0.05000000000000024
0.0034910937500000003,0.0,0.004340277777777778,"{""C05"": 288}",C05,199.98431250000107,2018-05-17 00:00:00,2018-05-17 23:55:00,340536.7264120579,5.2274990418053166e+209,0.03342013888888889,2018-05-17,0.0,0.8696932464937492,0.00028605315324113016,0.0035756644155141245,288,0.06927083333333334,0.05000000000000024
0.003678622076023393,0.0,0.00390625,"{""C05"": 288}",C05,189.43946916666783,2018-05-18 00:00:00,2018-05-18 23:55:00,341165.6632294655,3.4557028814641456e+216,0.011501736111111112,2018-05-18,0.0,0.8721708295866961,0.0001426435374023197,0.0017830442175289759,288,0.032595486111111106,0.05000000000000024
0.0038817096125730983,0.0,0.00390625,"{""C05"": 288}",C05,189.00925958333377,2018-05-19 00:00:00,2018-05-19 23:55:00,341728.61249279976,2.059932148350983e+223,0.03407118055555555,2018-05-19,0.0,0.8881499520270062,0.00011558062114927935,0.0014447577643659784,288,0.06536458333333334,0.05000000000000024
0.004027497258771932,0.0,0.005859375,"{""C05"": 288}",C05,121.44722958333357,2018-05-20 00:00:00,2018-05-20 23:55:00,342199.94677758217,1.205220055169099e+230,0.021484375,2018-05-20,0.0,0.905865699417362,0.00029986439761402433,0.0037483049701752865,288,0.05082465277777778,0.05000000000000024
0.0040694581505847935,0.0,0.001736111111111111,"{""C06"": 288}",C06,143.71525000000014,2018-05-21 00:00:00,2018-05-21 23:55:00,342672.13783431053,6.517320803480842e+236,0.017361111111111112,2018-05-21,0.0,0.9099323510085041,0.000128448509122437,0.0016056063640304279,288,0.04583333333333333,0.05000000000000024
0.004008177997076024,0.0,0.004557291666666667,"{""C06"": 288}",C06,170.774625000001,2018-05-22 00:00:00,2018-05-22 23:55:00,343147.9459927082,3.337507530311377e+243,0.022352430555555556,2018-05-22,0.0,0.8841482350285549,0.00016863687292827513,0.0021079609116034467,288,0.053211805555555554,0.05000000000000024
0.003995190058479533,0.0,0.0013020833333333333,"{""C08"": 288}",C08,137.99821916666644,2018-05-23 00:00:00,2018-05-23 23:55:00,343636.1434144974,1.2312762031863133e+245,0.010633680555555556,2018-05-23,0.0,0.8934433813430187,0.0007027282042065519,0.008784102552581935,288,0.03064236111111111,0.05000000000000024
0.004155319809941523,0.0,0.002170138888888889,"{""C08"": 288}",C08,147.964470000001,2018-05-24 00:00:00,2018-05-24 23:55:00,344132.0050086975,5.402654482844538e+245,0.019314236111111112,2018-05-24,0.0,0.9070830970201484,0.00012134330400526331,0.0015167913000657517,288,0.04105902777777778,0.05000000000000024
0.004151470211988304,0.0,0.0026041666666666665,"{""C08"": 288}",C08,65.24488583333309,2018-05-25 00:00:00,2018-05-25 23:55:00,344647.1046485901,2.2623290362437533e+246,0.018446180555555556,2018-05-25,0.0,0.9424696833403308,4.265709289699367e-05,0.0005332136612124465,288,0.04105902777777778,0.05000000000000024
0.004170418494152051,0.0,0.004123263888888889,"{""C08"": 288}",C08,100.81363500000012,2018-05-26 00:00:00,2018-05-26 23:55:00,345222.61464881897,9.549534231512923e+246,0.019965277777777776,2018-05-26,0.0,0.9315158545781311,0.0002916549384998474,0.0036456867312480742,288,0.03888888888888889,0.05000000000000024
0.004071317616959065,0.0,0.0026041666666666665,"{""C08"": 288}",C08,161.43181333333413,2018-05-27 00:00:00,2018-05-27 23:55:00,345779.537668705,3.8289845392626934e+247,0.029947916666666668,2018-05-27,0.0,0.8996243955437051,0.0023361583086946016,0.029201978858682462,288,0.05147569444444444,0.05000000000000024
0.004076552448830408,0.0,0.003472222222222222,"{""C08"": 288}",C08,126.83978166666759,2018-05-28 00:00:00,2018-05-28 23:55:00,346345.76356077194,1.672007820866119e+248,0.019314236111111112,2018-05-28,0.0,0.9185089188885482,0.00022894086826564573,0.0028617608533205597,288,0.037586805555555554,0.05000000000000024
0.004173665935672514,0.0,0.0030381944444444445,"{""C08"": 288}",C08,83.26295833333305,2018-05-29 00:00:00,2018-05-29 23:55:00,346903.60966062546,7.098567702762684e+248,0.014322916666666666,2018-05-29,0.0,0.9360285938736668,0.0005323027537423408,0.0066537844217792914,288,0.031076388888888886,0.05000000000000024
0.004149790752923982,0.0,0.006510416666666667,"{""C06"": 288}",C06,124.9971775000009,2018-05-30 00:00:00,2018-05-30 23:55:00,347386.7326898575,4.605274509981127e+254,0.030598958333333332,2018-05-30,0.0,0.9307665921275429,0.00037261975381059574,0.0046577469226324365,288,0.06362847222222223,0.05000000000000024
0.004221833881578948,0.0,0.004340277777777778,"{""C06"": 288}",C06,51.43155166666655,2018-05-31 00:00:00,2018-05-31 23:55:00,347870.23509430885,2.4820573165702863e+261,0.016710069444444444,2018-05-31,0.0,0.949020517726077,7.086149382292583e-05,0.0008857686727865961,288,0.03498263888888889,0.05000000000000024
0.004217498172514619,0.0,0.0015190972222222222,"{""C06"": 288}",C06,72.21097999999995,2018-06-01 00:00:00,2018-06-01 23:55:00,348356.02776503563,1.3078135779227732e+268,0.011284722222222222,2018-06-01,0.0,0.9470137832047063,0.002354818550835717,0.029435231885446445,288,0.021527777777777774,0.05000000000000024
0.004159104532163746,0.0,0.0013020833333333333,"{""C06"": 288}",C06,40.733583333333144,2018-06-02 00:00:00,2018-06-02 23:55:00,348887.0075850487,6.917233000805509e+274,0.019314236111111112,2018-06-02,0.0,0.946803932889723,0.0015958663601983625,0.019948329502479552,288,0.04474826388888889,0.05000000000000024
0.004098654057017543,0.0,0.005208333333333333,"{""C08"": 288}",C08,121.02905166666679,2018-06-03 00:00:00,2018-06-03 23:55:00,349388.45043325424,2.3642450378811947e+276,0.026475694444444444,2018-06-03,0.0,0.9063696190634529,0.000787810112591379,0.009847626407392217,288,0.06514756944444444,0.05000000000000024
0.0041741995614035105,0.0,0.002387152777777778,"{""C05"": 288}",C05,56.719468333333054,2018-06-04 00:00:00,2018-06-04 23:55:00,349879.1256775856,1.564389349076838e+282,0.024088541666666668,2018-06-04,0.0,0.9416031191573571,0.0003498816439197908,0.0043735205489973845,288,0.05972222222222223,0.05000000000000024
0.004292929459064326,0.0,0.001953125,"{""C06"": 288}",C06,66.91832291666638,2018-06-05 00:00:00,2018-06-05 23:55:00,350402.87458372116,8.32487875312964e+288,0.0078125,2018-06-05,0.0,0.9453151414448071,0.000429388220558281,0.005367352756978511,288,0.012847222222222223,0.05000000000000024
0.004209252558479532,0.0,0.0010850694444444445,"{""C10"": 288}",C10,41.318374583333146,2018-06-06 00:00:00,2018-06-06 23:55:00,350877.9078745842,2.8943471034997823e+290,0.017361111111111112,2018-06-06,0.0,0.9478282821875231,0.00014449199117631914,0.001806149889703999,288,0.035633680555555554,0.05000000000000024
0.0043246354166666685,0.0,0.005859375,"{""C02"": 288}",C02,91.85254124999979,2018-06-07 00:00:00,2018-06-07 23:55:00,351361.816819191,1.2465369703496373e+291,0.038411458333333336,2018-06-07,0.0,0.9403344513746964,0.0004802749290391757,0.006003436612989714,288,0.07838541666666668,0.05000000000000024
0.004280656980994151,0.0,0.006293402777777778,"{""C02"": 288}",C02,68.79337541666655,2018-06-08 00:00:00,2018-06-08 23:55:00,351836.1705009937,5.191893904181898e+291,0.028428819444444444,2018-06-08,0.0,0.9435946933245649,0.00013772654663734375,0.0017215818329667737,288,0.05776909722222222,0.05000000000000024
0.004171969115497076,0.0,0.004340277777777778,"{""C05"": 288}",C05,97.32785333333315,2018-06-09 00:00:00,2018-06-09 23:55:00,352316.72390055656,3.0219934942492035e+297,0.037109375,2018-06-09,0.0,0.9208304120364382,0.00036234321114124007,0.004529290139265502,288,0.08446180555555556,0.05000000000000024
0.004146794590643273,0.0,0.005859375,"{""C05"": 288}",C05,116.722594166667,2018-06-10 00:00:00,2018-06-10 23:55:00,352793.1514046192,1.7523021561552837e+304,0.030598958333333332,2018-06-10,0.0,0.9189984227524862,0.0003409532125138011,0.004261915156422481,288,0.06015625000000001,0.05000000000000024
0.0030193192616959057,0.0,0.008463541666666666,"{""C10"": 288}",C10,95.35940166666688,2018-06-11 00:00:00,2018-06-11 23:55:00,353264.8578360081,inf,0.023220486111111112,2018-06-11,0.0,0.9530412081077309,0.006759262573709463,0.08449078217136828,288,0.04826388888888889,0.05000000000000024
0.0030583251096491246,0.0,0.001736111111111111,"{""C06"": 288}",C06,128.208246666667,2018-06-12 00:00:00,2018-06-12 23:55:00,353745.4395055771,inf,0.01171875,2018-06-12,0.0,0.9374298396689666,0.0063337697949642086,0.07917212243705263,288,0.03128472222222222,0.05000000000000024
0.004132508223684209,0.0,0.003472222222222222,"{""C02"": 288}",C02,134.72170791666736,2018-06-13 00:00:00,2018-06-13 23:55:00,354224.46626544,73656.98896956074,0.020399305555555556,2018-06-13,0.0,0.9109862461349773,0.0008835035416582356,0.011043794270727932,288,0.048437499999999994,0.05000000000000024
0.004138980263157895,0.0,0.004991319444444444,"{""C10"": 288}",C10,90.57431291666681,2018-06-14 00:00:00,2018-06-14 23:55:00,354704.24706840515,311755.4150990906,0.028645833333333332,2018-06-14,0.0,0.9274850716222447,0.0002039635115733832,0.002549543894667324,288,0.059939236111111106,0.05000000000000024
0.004216914290935671,0.0,0.0032552083333333335,"{""C10"": 288}",C10,46.449156666666546,2018-06-15 00:00:00,2018-06-15 23:55:00,355181.2517077923,1328807.7114786361,0.016927083333333332,2018-06-15,0.0,0.9471543223874487,7.056002200762444e-05,0.0008820002750952872,288,0.035633680555555554,0.05000000000000024
0.004226355994152044,0.0,0.001736111111111111,"{""C10"": 288}",C10,50.52774999999983,2018-06-16 00:00:00,2018-06-16 23:55:00,355661.9487965107,5609819.472730358,0.007378472222222222,2018-06-16,0.0,0.949708660330807,0.00012690368443939566,0.0015862960554924436,288,0.011979166666666667,0.05000000000000024
0.004330782163742689,0.0,0.004774305555555556,"{""C02"": 288}",C02,46.54358333333314,2018-06-17 00:00:00,2018-06-17 23:55:00,356147.3407006264,24049972.55716023,0.017578125,2018-06-17,0.0,0.9465776528122033,0.00010945215962463454,0.0013681519953079508,288,0.037586805555555554,0.05000000000000024
0.004339656432748535,0.0,0.008680555555555556,"{""C10"": 288}",C10,96.2279066666669,2018-06-18 00:00:00,2018-06-18 23:55:00,356632.2386302948,101552741.5426911,0.029730902777777776,2018-06-18,0.0,0.9391737561042428,0.00019350210283615896,0.0024187762854520397,288,0.07252604166666668,0.05000000000000024
0.004312286184210527,0.0,0.011067708333333334,"{""C02"": 288}",C02,156.59197083333396,2018-06-19 00:00:00,2018-06-19 23:55:00,357117.77857351303,424146935.03692085,0.05295138888888889,2018-06-19,0.0,0.9309095180581104,0.0006411223596417831,0.0080140294955223,288,0.08750000000000001,0.05000000000000024
0.004247796966374267,0.0,0.0030381944444444445,"{""C10"": 288}",C10,46.54358333333322,2018-06-20 00:00:00,2018-06-20 23:55:00,357636.5256974697,1764369858.5837586,0.017578125,2018-06-20,0.0,0.9474780139485279,7.37696791580386e-05,0.0009221209894755008,288,0.03628472222222222,0.05000000000000024
0.0042568905336257306,0.0,0.006510416666666667,"{""C10"": 288}",C10,116.91290750000044,2018-06-21 00:00:00,2018-06-21 23:55:00,358134.3945994377,7427937577.48561,0.032769097222222224,2018-06-21,0.0,0.9414138637562165,5.805568114785981e-05,0.0007256960143482365,288,0.061024305555555554,0.05000000000000024
0.004237738486842103,0.0,0.001736111111111111,"{""C10"": 288}",C10,67.01274999999993,2018-06-22 00:00:00,2018-06-22 23:55:00,358613.50458431244,31087810191.80104,0.008897569444444444,2018-06-22,0.0,0.9468460224343934,8.156579393565841e-05,0.0010195724241957587,288,0.015017361111111108,0.05000000000000024
0.004249602521929823,0.0,0.002170138888888889,"{""C10"": 288}",C10,88.88483333333397,2018-06-23 00:00:00,2018-06-23 23:55:00,359093.37008047104,131192271535.39362,0.017144097222222224,2018-06-23,0.0,0.9442810200729449,5.224894962142833e-05,0.0006531118702678522,288,0.029774305555555554,0.05000000000000024
0.004267024853801171,0.0,0.00390625,"{""C10"": 288}",C10,51.809261666666444,2018-06-24 00:00:00,2018-06-24 23:55:00,359575.52022624016,553919046675.2247,0.016710069444444444,2018-06-24,0.0,0.9455007553064667,0.0001029971947647465,0.001287464934559362,288,0.029774305555555554,0.05000000000000024
0.004340106907894734,0.0,0.008897569444444444,"{""C10"": 288}",C10,99.16863500000008,2018-06-25 00:00:00,2018-06-25 23:55:00,360057.6258778572,2362714901104.404,0.04796006944444445,2018-06-25,0.0,0.9314136190419546,0.00025508209477902437,0.003188526184737845,288,0.09726562500000001,0.05000000000000024
0.004455379203216373,0.0,0.008897569444444444,"{""C02"": 288}",C02,80.66019833333374,2018-06-26 00:00:00,2018-06-26 23:55:00,360546.37065291405,10198252765166.443,0.03732638888888889,2018-06-26,0.0,0.9382414976920868,0.000284899281357071,0.0035612410169633727,288,0.08164062500000001,0.05000000000000024
0.0043267525584795305,0.0,0.008680555555555556,"{""C10"": 288}",C10,161.9925425,2018-06-27 00:00:00,2018-06-27 23:55:00,361086.58529925346,41695559035069.95,0.051432291666666664,2018-06-27,0.0,0.9304641022842984,0.0002896048860001975,0.003620061075002509,288,0.08489583333333334,0.05000000000000024
0.004301787280701755,0.0,0.003472222222222222,"{""C10"": 288}",C10,83.7540516666669,2018-06-28 00:00:00,2018-06-28 23:55:00,361571.5218024254,174868641798110.97,0.007595486111111111,2018-06-28,0.0,0.9425317431931314,8.216834617837757e-05,0.0010271043272297165,288,0.014149305555555556,0.05000000000000024
0.0044385553728070225,0.0,0.007161458333333333,"{""C02"": 288}",C02,113.09061416666724,2018-06-29 00:00:00,2018-06-29 23:55:00,362050.7193672657,757973391146420.0,0.048177083333333336,2018-06-29,0.0,0.9405571179459002,0.00047789830630489804,0.0059737288288112195,288,0.08684895833333334,0.05000000000000024
0.004429852887426898,0.0,0.004991319444444444,"{""C10"": 288}",C10,68.90129124999979,2018-06-30 00:00:00,2018-06-30 23:55:00,362530.7027668953,3171969978206997.5,0.027126736111111112,2018-06-30,0.0,0.9430375342699134,0.00016734156604340423,0.002091769575542558,288,0.048437499999999994,0.05000000000000024
0.004309883040935673,0.0,0.0013020833333333333,"{""C10"": 288}",C10,56.036239999999744,2018-07-01 00:00:00,2018-07-01 23:55:00,363011.73643159866,1.3020244428601262e+16,0.009114583333333334,2018-07-01,0.0,0.9494625860180747,0.00013890563684378665,0.0017363204605473205,288,0.020659722222222218,0.05000000000000024
0.0043289948830409365,0.0,0.007595486111111111,"{""C10"": 288}",C10,69.61623999999999,2018-07-02 00:00:00,2018-07-02 23:55:00,363508.9894475937,5.473455634113412e+16,0.03342013888888889,2018-07-02,0.0,0.9402028558776655,0.00013694504841442153,0.0017118131051803475,288,0.05907118055555557,0.05000000000000024
0.00427949561403509,0.0,0.00390625,"{""C10"": 288}",C10,51.17524999999978,2018-07-03 00:00:00,2018-07-03 23:55:00,363987.12615299225,2.2863836843740653e+17,0.012586805555555556,2018-07-03,0.0,0.9469382978520579,2.859313842843575e-05,0.00035741423035544204,288,0.029340277777777774,0.05000000000000024
0.004267849963450291,0.0,0.004774305555555556,"{""C10"": 288}",C10,84.28014666666685,2018-07-04 00:00:00,2018-07-04 23:55:00,364464.89675450325,9.573866709738063e+17,0.021267361111111112,2018-07-04,0.0,0.9438035796234616,8.988590026352539e-05,0.0011235737532940483,288,0.049305555555555554,0.05000000000000024
0.004326082785087719,0.0,0.002170138888888889,"{""C10"": 288}",C10,73.1687395833332,2018-07-05 00:00:00,2018-07-05 23:55:00,364941.7505733967,4.088937527157512e+18,0.010633680555555556,2018-07-05,0.0,0.9428461903290126,0.00012064042995216856,0.0015080053744021542,288,0.023046874999999998,0.05000000000000024
0.004429258954678366,0.0,0.0078125,"{""C02"": 288}",C02,128.28061625000086,2018-07-06 00:00:00,2018-07-06 23:55:00,365417.5747618675,1.7633771760712999e+19,0.035807291666666664,2018-07-06,0.0,0.9361398883518292,0.0003452199136458535,0.004315248920573149,288,0.06818576388888889,0.05000000000000024
0.004356162280701754,0.0,0.006076388888888889,"{""C10"": 288}",C10,96.03905333333356,2018-07-07 00:00:00,2018-07-07 23:55:00,365892.680423975,7.2867236832596296e+19,0.029296875,2018-07-07,0.0,0.937391894222211,0.00011060245568990697,0.0013825306961238243,288,0.05364583333333333,0.05000000000000024
0.004385143457602339,0.0,0.001953125,"{""C10"": 288}",C10,45.545354166666485,2018-07-08 00:00:00,2018-07-08 23:55:00,366392.2663140297,3.0764001166417206e+20,0.011067708333333334,2018-07-08,0.0,0.949632316010519,0.00013257154784815836,0.001657144348102,288,0.015885416666666666,0.05000000000000024
0.004353151498538012,0.0,0.001953125,"{""C10"": 288}",C10,116.19795916666678,2018-07-09 00:00:00,2018-07-09 23:55:00,366872.05234360695,1.2855071980257823e+21,0.018663194444444444,2018-07-09,0.0,0.9386759235351764,0.00013479744176112917,0.0016849680220141078,288,0.032812499999999994,0.05000000000000024
0.00433748355263158,0.0,0.005859375,"{""C10"": 288}",C10,68.13238499999986,2018-07-10 00:00:00,2018-07-10 23:55:00,367349.7633047104,5.388178965431712e+21,0.020399305555555556,2018-07-10,0.0,0.9442810653536211,6.140019210126346e-05,0.0007675024012658097,288,0.042578124999999994,0.05000000000000024
0.004339744152046784,0.0,0.0032552083333333335,"{""C10"": 288}",C10,116.61613583333369,2018-07-11 00:00:00,2018-07-11 23:55:00,367826.8032269478,2.2744770454893342e+22,0.027560763888888888,2018-07-11,0.0,0.9407251203108071,0.00012738031290549748,0.0015922539113187083,288,0.04887152777777778,0.05000000000000024
0.004444810855263157,0.0,0.007378472222222222,"{""C02"": 288}",C02,95.98509375000044,2018-07-12 00:00:00,2018-07-12 23:55:00,368304.41921401024,9.757890552288829e+22,0.027126736111111112,2018-07-12,0.0,0.9375171845062523,0.00035945761593999235,0.00449322019924993,288,0.05256076388888889,0.05000000000000024
0.00443189418859649,0.0,0.008680555555555556,"{""C10"": 288}",C10,85.91238583333305,2018-07-13 00:00:00,2018-07-13 23:55:00,368780.8220500946,4.105089029945527e+23,0.028645833333333332,2018-07-13,0.0,0.9364341708530348,0.0003231267675614094,0.004039084594517668,288,0.07230902777777778,0.05000000000000024
0.004522465277777779,0.0,0.006727430555555556,"{""C02"": 288}",C02,79.85082166666675,2018-07-14 00:00:00,2018-07-14 23:55:00,369258.37622880936,1.7646155912751845e+24,0.030381944444444444,2018-07-14,0.0,0.9414522016315119,0.0003491783968466867,0.004364729960583596,288,0.05972222222222223,0.05000000000000024
0.004576246345029239,0.0,0.0030381944444444445,"{""C02"": 288}",C02,68.02446833333327,2018-07-15 00:00:00,2018-07-15 23:55:00,369733.92302155495,7.403412053297426e+24,0.018663194444444444,2018-07-15,0.0,0.9462937258694358,0.00012848744103314438,0.0016060930129143307,288,0.03802083333333333,0.05000000000000024
0.0043937545687134484,0.0,0.007595486111111111,"{""C10"": 288}",C10,63.298374583333135,2018-07-16 00:00:00,2018-07-16 23:55:00,370213.17305898666,3.018253874198657e+25,0.024305555555555556,2018-07-16,0.0,0.9416513461308694,0.00014397334810055883,0.001799666851256993,288,0.056249999999999994,0.05000000000000024
0.004362687317251464,0.0,0.0030381944444444445,"{""C10"": 288}",C10,78.19160541666653,2018-07-17 00:00:00,2018-07-17 23:55:00,370697.09260344505,1.2601298627516076e+26,0.017144097222222224,2018-07-17,0.0,0.9448569509652986,0.0004204547471776203,0.0052556843397203,288,0.029774305555555554,0.05000000000000024
0.004507330957602343,0.0,0.003472222222222222,"{""C02"": 288}",C02,100.18509458333304,2018-07-18 00:00:00,2018-07-18 23:55:00,371189.85225343704,5.520296736601098e+26,0.019097222222222224,2018-07-18,0.0,0.9397799845845485,0.0003168637384945411,0.00396079673118178,288,0.033680555555555554,0.05000000000000024
0.004621027046783625,0.0,0.00043402777777777775,"{""C02"": 288}",C02,55.7124895833331,2018-07-19 00:00:00,2018-07-19 23:55:00,371703.5422947407,2.34905767731127e+27,0.005642361111111111,2018-07-19,0.0,0.9485767760429249,8.884556943873692e-05,0.0011105696179842034,288,0.008506944444444445,0.05000000000000024
0.004685286915204678,0.0,0.004991319444444444,"{""C02"": 288}",C02,100.37394833333357,2018-07-20 00:00:00,2018-07-20 23:55:00,372320.2562878132,1.0048429339451018e+28,0.021701388888888888,2018-07-20,0.0,0.9416980560953075,0.00035668468844542514,0.004458558605567851,288,0.04409722222222222,0.05000000000000024
0.0046829641812865495,0.0,0.010416666666666666,"{""C02"": 288}",C02,157.14504208333324,2018-07-21 00:00:00,2018-07-21 23:55:00,372896.3856596947,4.172294040907577e+28,0.05186631944444445,2018-07-21,0.0,0.9290483554454281,0.0005625067872466189,0.007031334840582724,288,0.09965277777777778,0.05000000000000024
0.004510255847953218,0.0,0.005859375,"{""C02"": 288}",C02,113.8325425000005,2018-07-22 00:00:00,2018-07-22 23:55:00,373432.0795969963,1.7094307862705124e+29,0.04318576388888889,2018-07-22,0.0,0.9346546398079815,0.0002844815458295713,0.0035560193228696183,288,0.07447916666666668,0.05000000000000024
0.00443696728801169,0.0,0.008029513888888888,"{""C02"": 288}",C02,114.10233375000082,2018-07-23 00:00:00,2018-07-23 23:55:00,373912.75234651566,7.08993263193869e+29,0.04796006944444445,2018-07-23,0.0,0.9340344257294944,0.00036267380151499103,0.004533422518937404,288,0.09639756944444446,0.05000000000000024
0.004325976790935671,0.0,0.00390625,"{""C10"": 288}",C10,83.6056666666671,2018-07-24 00:00:00,2018-07-24 23:55:00,374408.8451449871,2.9120146767130823e+30,0.012586805555555556,2018-07-24,0.0,0.9424291017773242,0.00016554856493783112,0.002069357061722869,288,0.01892361111111111,0.05000000000000024
0.004327504568713451,0.0,0.0026041666666666665,"{""C10"": 288}",C10,50.56821833333315,2018-07-25 00:00:00,2018-07-25 23:55:00,374886.4956598282,1.222893269265715e+31,0.010633680555555556,2018-07-25,0.0,0.951293582386816,1.2627599033791522e-05,0.00015784498792238285,288,0.020225694444444442,0.05000000000000024
0.004344816337719299,0.0,0.007378472222222222,"{""C10"": 288}",C10,106.59738583333313,2018-07-26 00:00:00,2018-07-26 23:55:00,375366.1437716484,5.174107877140621e+31,0.032769097222222224,2018-07-26,0.0,0.9387449883786364,0.0001056210904496842,0.0013202636306210692,288,0.06623263888888889,0.05000000000000024
0.004377561220760233,0.0,0.012369791666666666,"{""C10"": 288}",C10,119.1926458333341,2018-07-27 00:00:00,2018-07-27 23:55:00,375853.746311903,2.1913449265943103e+32,0.048177083333333336,2018-07-27,0.0,0.9346915565945947,0.00048745958789242694,0.006093244848655335,288,0.10073784722222223,0.05000000000000024
0.004324012244152048,0.0,0.008680555555555556,"{""C10"": 288}",C10,135.58321875000019,2018-07-28 00:00:00,2018-07-28 23:55:00,376337.5128684044,9.11638777212633e+32,0.05251736111111111,2018-07-28,0.0,0.9348234116769726,0.0003090764556184207,0.00386345569523028,288,0.09921875000000001,0.05000000000000024
0.004330749269005845,0.0,0.0032552083333333335,"{""C10"": 288}",C10,83.55170833333328,2018-07-29 00:00:00,2018-07-29 23:55:00,376818.77985811234,3.8451260550555734e+33,0.019965277777777776,2018-07-29,0.0,0.9460197946856072,3.656606974976213e-05,0.0004570758718720672,288,0.03194444444444444,0.05000000000000024
0.004307023026315793,0.0,0.002387152777777778,"{""C10"": 288}",C10,67.44441749999977,2018-07-30 00:00:00,2018-07-30 23:55:00,377295.2554190159,1.6126206573457118e+34,0.012369791666666666,2018-07-30,0.0,0.9450012168132622,0.00012637191034302282,0.0015796488792877755,288,0.018489583333333334,0.05000000000000024
0.004413572733918128,0.0,0.0013020833333333333,"{""C02"": 288}",C02,61.31540624999977,2018-07-31 00:00:00,2018-07-31 23:55:00,377827.33498573303,6.908465998043325e+34,0.003689236111111111,2018-07-31,0.0,0.94671420287245,0.00012267012590207895,0.0015333765737759592,288,0.008072916666666667,0.05000000000000024
0.004454417032163738,0.0,0.00390625,"{""C02"": 288}",C02,62.030353333333174,2018-08-01 00:00:00,2018-08-01 23:55:00,378358.26173591614,2.927523033127888e+35,0.016927083333333332,2018-08-01,0.0,0.948795148737518,0.00021563729045007647,0.0026954661306259355,288,0.029340277777777774,0.05000000000000024
0.004483617507309942,0.0,0.002170138888888889,"{""C02"": 288}",C02,63.31186499999987,2018-08-02 00:00:00,2018-08-02 23:55:00,378854.79709887505,1.2433589084208486e+36,0.021050347222222224,2018-08-02,0.0,0.9460027960265701,0.00012590540194409812,0.0015738175243012063,288,0.039539930555555554,0.05000000000000024
0.004552396747076023,0.0,0.008246527777777778,"{""C02"": 288}",C02,90.5440525000002,2018-08-03 00:00:00,2018-08-03 23:55:00,379348.80748581886,5.306707655103641e+36,0.032552083333333336,2018-08-03,0.0,0.9370208410383108,0.00026295054796495176,0.003286881849561916,288,0.07035590277777778,0.05000000000000024
0.004598972039473686,0.0,0.012586805555555556,"{""C02"": 288}",C02,87.12644791666692,2018-08-04 00:00:00,2018-08-04 23:55:00,379840.90231847763,2.243098990636425e+37,0.047526041666666664,2018-08-04,0.0,0.9373156036360959,0.0004135183218789594,0.00516897902348703,288,0.11072048611111113,0.05000000000000024
0.004326472039473686,0.0,0.00390625,"{""C10"": 288}",C10,68.05144833333321,2018-08-05 00:00:00,2018-08-05 23:55:00,380333.37361359596,8.901569991635697e+37,0.012152777777777778,2018-08-05,0.0,0.9414058046611012,9.592147968183483e-05,0.0011990184960229146,288,0.025868055555555557,0.05000000000000024
0.004314947916666662,0.0,0.002387152777777778,"{""C10"": 288}",C10,67.17462583333318,2018-08-06 00:00:00,2018-08-06 23:55:00,380827.2943985462,3.734312237138465e+38,0.016276041666666668,2018-08-06,0.0,0.9484082960073165,0.00013434350182993588,0.0016792937728741999,288,0.028038194444444442,0.05000000000000024
0.004365699926900587,0.0,0.004340277777777778,"{""C10"": 288}",C10,62.17873999999977,2018-08-07 00:00:00,2018-08-07 23:55:00,381326.2273321152,1.5905188461433427e+39,0.014973958333333334,2018-08-07,0.0,0.9462170779530248,3.851539442054036e-05,0.0004814424302567405,288,0.03519965277777778,0.05000000000000024
0.004511326754385964,0.0,0.0015190972222222222,"{""C02"": 288}",C02,45.90957166666642,2018-08-08 00:00:00,2018-08-08 23:55:00,381852.6830317974,6.93422976272591e+39,0.015625,2018-08-08,0.0,0.9491443968028945,0.0005693944524219272,0.007117430655274048,288,0.021527777777777774,0.05000000000000024
0.004653442068713453,0.0,0.003689236111111111,"{""C02"": 288}",C02,73.29014624999976,2018-08-09 00:00:00,2018-08-09 23:55:00,382440.4906361103,2.981467498948294e+40,0.020399305555555556,2018-08-09,0.0,0.9440764529458883,0.00025311248435782983,0.003163906054472884,288,0.027604166666666666,0.05000000000000024
0.004420295138888888,0.0,0.0032552083333333335,"{""C02"": 288}",C02,89.18160583333359,2018-08-10 00:00:00,2018-08-10 23:55:00,382919.33459067345,1.1924945630320437e+41,0.012803819444444444,2018-08-10,0.0,0.9410465396942946,0.00025460378025254514,0.0031825472531568063,288,0.024999999999999998,0.05000000000000024
0.004283709795321639,0.0,0.005425347222222222,"{""C10"": 288}",C10,106.00384333333322,2018-08-11 00:00:00,2018-08-11 23:55:00,383459.7607514858,4.875811481889175e+41,0.030164930555555556,2018-08-11,0.0,0.9416633888328424,4.427830728026641e-05,0.0005534788410033712,288,0.045399305555555554,0.05000000000000024
0.004473783808479528,0.0,0.013237847222222222,"{""C02"": 288}",C02,163.40894916666608,2018-08-12 00:00:00,2018-08-12 23:55:00,383946.41295719147,2.146613705775216e+42,0.05099826388888889,2018-08-12,0.0,0.928288632360945,0.0007187430667752783,0.008984288334690926,288,0.12048611111111113,0.05000000000000024
0.004461270102339177,0.0,0.006076388888888889,"{""C02"": 288}",C02,64.1617083333331,2018-08-13 00:00:00,2018-08-13 23:55:00,384421.19405293465,8.959503229948261e+42,0.030381944444444444,2018-08-13,0.0,0.9406126668612546,0.00018871380245082865,0.0023589225306353463,288,0.06710069444444446,0.05000000000000024
0.0043277805190058485,0.0,0.006510416666666667,"{""C02"": 288}",C02,112.21379166666772,2018-08-14 00:00:00,2018-08-14 23:55:00,384895.03827023506,3.658620779101857e+43,0.040581597222222224,2018-08-14,0.0,0.9409165354014478,0.0002496801566589451,0.0031210019582368115,288,0.06449652777777778,0.05000000000000024
0.004311765350877194,0.0,0.006076388888888889,"{""C10"": 288}",C10,31.178219166666544,2018-08-15 00:00:00,2018-08-15 23:55:00,385372.59965610504,1.5357550010572446e+44,0.023654513888888888,2018-08-15,0.0,0.946365401744419,0.00015337578100317587,0.001917197262539713,288,0.05256076388888889,0.05000000000000024
0.0043302677266081864,0.0,0.0013020833333333333,"{""C10"": 288}",C10,56.575822916666375,2018-08-16 00:00:00,2018-08-16 23:55:00,385846.02404356,6.503992540456556e+44,0.01171875,2018-08-16,0.0,0.9469675488064299,5.72572813464894e-05,0.0007157160168311121,288,0.022612847222222218,0.05000000000000024
0.004378305921052635,0.0,0.005208333333333333,"{""C10"": 288}",C10,51.64738583333317,2018-08-17 00:00:00,2018-08-17 23:55:00,386326.11358857155,2.7591787255074783e+45,0.018012152777777776,2018-08-17,0.0,0.9465298171787985,0.00014095464876181255,0.0017619331095226724,288,0.036718749999999994,0.05000000000000024
0.004407845394736845,0.0,0.006293402777777778,"{""C10"": 288}",C10,112.47009291666691,2018-08-18 00:00:00,2018-08-18 23:55:00,386822.14265847206,1.1671384241299267e+46,0.03428819444444445,2018-08-18,0.0,0.9374021614646018,8.210529292041588e-05,0.001026316161505145,288,0.059071180555555554,0.05000000000000024
0.0043061202485380114,0.0,0.003472222222222222,"{""C02"": 288}",C02,68.41566666666655,2018-08-19 00:00:00,2018-08-19 23:55:00,387314.5126850605,4.798676248463897e+46,0.022786458333333332,2018-08-19,0.0,0.9438674306993643,0.00010007842240429244,0.001250980280053676,288,0.04973958333333333,0.05000000000000024
0.004258953764619882,0.0,0.0,"{""C02"": 288}",C02,72.46655166666632,2018-08-20 00:00:00,2018-08-20 23:55:00,387830.43254876137,1.9906368050110046e+47,0.018663194444444444,2018-08-20,0.0,0.9393389775366574,0.0001437577652331432,0.0017969720654143202,288,0.041493055555555554,0.05000000000000024
0.004242870979532168,0.0,0.005208333333333333,"{""C10"": 288}",C10,113.71441666666662,2018-08-21 00:00:00,2018-08-21 23:55:00,388350.7902889252,8.382376827247181e+47,0.019965277777777776,2018-08-21,0.0,0.9236506852865296,9.590663422104756e-05,0.001198832927763107,288,0.04865451388888889,0.05000000000000024
0.0043852485380116955,0.0,0.006944444444444444,"{""C02"": 288}",C02,102.4378541666665,2018-08-22 00:00:00,2018-08-22 23:55:00,388842.7816989422,3.6498637481043375e+48,0.037109375,2018-08-22,0.0,0.9387606707190448,0.0003228600460530681,0.0040357505756633575,288,0.069921875,0.05000000000000024
0.004349208698830407,0.0,0.006944444444444444,"{""C10"": 288}",C10,106.85368750000016,2018-08-23 00:00:00,2018-08-23 23:55:00,389334.88554263115,1.5119257297085489e+49,0.030381944444444444,2018-08-23,0.0,0.9379916206583194,9.842391209497687e-05,0.0012302989011871894,288,0.049305555555555554,0.05000000000000024
0.004269500182748539,0.0,0.00390625,"{""C10"": 288}",C10,73.4655108333333,2018-08-24 00:00:00,2018-08-24 23:55:00,389824.1529929638,6.262433264259524e+49,0.021267361111111112,2018-08-24,0.0,0.9428365576852493,0.00014102646403338899,0.0017628308004174402,288,0.03498263888888889,0.05000000000000024
0.004219216922514617,0.0,0.0008680555555555555,"{""C10"": 288}",C10,50.230979583333124,2018-08-25 00:00:00,2018-08-25 23:55:00,390299.4584276676,2.6063637573810866e+50,0.006510416666666667,2018-08-25,0.0,0.9514512672875376,8.025657851277203e-05,0.0010032072314096758,288,0.015451388888888886,0.05000000000000024
0.0042626461988304045,0.0,0.0015190972222222222,"{""C10"": 288}",C10,83.2009799999999,2018-08-26 00:00:00,2018-08-26 23:55:00,390775.7911634445,1.1109471876578257e+51,0.015625,2018-08-26,0.0,0.9461994048112159,1.627083016228097e-05,0.0002033853770285301,288,0.02673611111111111,0.05000000000000024
0.004490247624269006,0.0,0.003472222222222222,"{""C02"": 288}",C02,89.51884291666696,2018-08-27 00:00:00,2018-08-27 23:55:00,391248.7372148037,4.8691120963887323e+51,0.021267361111111112,2018-08-27,0.0,0.942044937602463,0.00016122678160871535,0.0020153347701089195,288,0.029340277777777774,0.05000000000000024
0.00427829312865497,0.0,0.009331597222222222,"{""C10"": 288}",C10,96.25488583333328,2018-08-28 00:00:00,2018-08-28 23:55:00,391762.4658110142,1.9649765745163274e+52,0.03493923611111111,2018-08-28,0.0,0.9384813606255131,0.00012958880684929198,0.001619860085616168,288,0.07057291666666667,0.05000000000000024
0.004284004934210524,0.0,0.004123263888888889,"{""C10"": 288}",C10,80.16108374999975,2018-08-29 00:00:00,2018-08-29 23:55:00,392238.24152088165,8.269492244522381e+52,0.029730902777777776,2018-08-29,0.0,0.9420513797901067,7.896526864007835e-05,0.00098706585800099,288,0.05863715277777778,0.05000000000000024
0.004279644554093568,0.0,0.001736111111111111,"{""C10"": 288}",C10,61.585197916666374,2018-08-30 00:00:00,2018-08-30 23:55:00,392712.85790610313,3.4714296832369196e+53,0.010633680555555556,2018-08-30,0.0,0.9471981572605025,3.529387415326809e-05,0.0004411734269158528,288,0.015017361111111108,0.05000000000000024
0.004256792763157895,0.0,0.0026041666666666665,"{""C10"": 288}",C10,68.13238583333325,2018-08-31 00:00:00,2018-08-31 23:55:00,393200.4477276802,1.4510104092497765e+54,0.021267361111111112,2018-08-31,0.0,0.9462918674208775,0.00015166704781024025,0.0018958380976279697,288,0.03975694444444444,0.05000000000000024
0.004277182017543861,0.0,0.009765625,"{""C10"": 288}",C10,129.13045833333325,2018-09-01 00:00:00,2018-09-01 23:55:00,393747.74052476883,6.139539860559075e+54,0.035590277777777776,2018-09-01,0.0,0.9349406486022045,6.503862689880635e-05,0.0008129828362351059,288,0.0740451388888889,0.05000000000000024
0.004255129751461988,0.0,0.014322916666666666,"{""C10"": 288}",C10,159.92389624999976,2018-09-02 00:00:00,2018-09-02 23:55:00,394272.56893491745,2.571098287359112e+55,0.05881076388888889,2018-09-02,0.0,0.927376585964881,0.00015738088514090636,0.001967261064261325,288,0.12526041666666668,0.05000000000000024
0.004244169407894734,0.0,0.0026041666666666665,"{""C10"": 288}",C10,66.91832291666643,2018-09-03 00:00:00,2018-09-03 23:55:00,394858.3804934025,1.0782303442365532e+56,0.008246527777777778,2018-09-03,0.0,0.9466479799991271,4.453374869565712e-05,0.0005566718586957082,288,0.013715277777777778,0.05000000000000024
0.004331204312865498,0.0,0.006944444444444444,"{""C02"": 288}",C02,111.97097791666654,2018-09-04 00:00:00,2018-09-04 23:55:00,395369.53553056717,4.606838708938751e+56,0.033637152777777776,2018-09-04,0.0,0.9397361514078594,0.00021568257774266916,0.0026960322217833526,288,0.05755208333333333,0.05000000000000024
0.004253283991228069,0.0,0.001953125,"{""C10"": 288}",C10,67.41743666666643,2018-09-05 00:00:00,2018-09-05 23:55:00,395844.11265206337,1.9099574946085807e+57,0.011935763888888888,2018-09-05,0.0,0.9450151287016868,7.509233708823067e-05,0.0009386542136029048,288,0.017621527777777774,0.05000000000000024
0.004358972039473689,0.0,0.002387152777777778,"{""C02"": 288}",C02,84.52295791666656,2018-09-06 00:00:00,2018-09-06 23:55:00,396319.20483493805,8.232310822696045e+57,0.022135416666666668,2018-09-06,0.0,0.9406342676530441,0.0002657477338955772,0.0033218466736947196,288,0.036501736111111106,0.05000000000000024
0.004385594846491232,0.0,0.0,"{""C02"": 288}",C02,28.60170791666655,2018-09-07 00:00:00,2018-09-07 23:55:00,396821.96389865875,3.4733139486374214e+58,0.004774305555555556,2018-09-07,0.0,0.9538037947207599,0.00020812967734944716,0.002601620966868101,288,0.0067708333333333336,0.05000000000000024
0.004266479349415203,0.0,0.009114583333333334,"{""C10"": 288}",C10,114.72285291666681,2018-09-08 00:00:00,2018-09-08 23:55:00,397377.69930291176,1.4227884518482042e+59,0.04014756944444445,2018-09-08,0.0,0.934130393658669,0.0001722560010609316,0.002153200013261672,288,0.07447916666666668,0.05000000000000024
0.004202221308479532,0.0,0.006076388888888889,"{""C10"": 288}",C10,79.63499000000039,2018-09-09 00:00:00,2018-09-09 23:55:00,397905.05709314346,5.914380391477807e+59,0.020182291666666668,2018-09-09,0.0,0.9417259565743207,5.7418791478097815e-05,0.0007177348934762193,288,0.051258680555555554,0.05000000000000024
0.004281647478070174,0.0,0.007161458333333333,"{""C10"": 288}",C10,100.91353250000037,2018-09-10 00:00:00,2018-09-10 23:55:00,398422.22612810135,2.5353242291278198e+60,0.029513888888888888,2018-09-10,0.0,0.9408469887209355,5.218492599309535e-05,0.0006523115749137465,288,0.06319444444444446,0.05000000000000024
0.004259697551169592,0.0,0.007161458333333333,"{""C10"": 288}",C10,68.4966033333333,2018-09-11 00:00:00,2018-09-11 23:55:00,398910.82783150673,1.0590081657854275e+61,0.023654513888888888,2018-09-11,0.0,0.9425512102824227,0.0001442729041410564,0.0018034113017631756,288,0.044531249999999994,0.05000000000000024
0.00437100237573099,0.0,0.009548611111111112,"{""C02"": 288}",C02,103.51702166666678,2018-09-12 00:00:00,2018-09-12 23:55:00,399416.1282737255,4.5497825327341246e+61,0.043619791666666664,2018-09-12,0.0,0.9318977712572871,0.0002276489958447996,0.0028456124480599936,288,0.08880208333333334,0.05000000000000024
0.004245460526315792,0.0,0.006510416666666667,"{""C10"": 288}",C10,129.06702083333383,2018-09-13 00:00:00,2018-09-13 23:55:00,399909.41745996475,1.8651317496690347e+62,0.04275173611111111,2018-09-13,0.0,0.9338631527541524,0.0004222491691642914,0.005278114614553677,288,0.08793402777777778,0.05000000000000024
0.004199402412280704,0.0,0.004123263888888889,"{""C10"": 288}",C10,135.40639666666672,2018-09-14 00:00:00,2018-09-14 23:55:00,400400.20827174187,7.805099879850859e+62,0.024522569444444444,2018-09-14,0.0,0.9222245949138477,7.990003856844525e-05,0.000998750482105547,288,0.045399305555555554,0.05000000000000024
0.004253696089181287,0.0,0.0013020833333333333,"{""C10"": 288}",C10,56.94004166666644,2018-09-15 00:00:00,2018-09-15 23:55:00,400890.05942726135,3.315225685441367e+63,0.012803819444444444,2018-09-15,0.0,0.9471472215965213,9.590589064227675e-05,0.0011988236330284531,288,0.024565972222222218,0.05000000000000024
0.004221767178362578,0.0,0.003689236111111111,"{""C10"": 288}",C10,67.64675999999977,2018-09-16 00:00:00,2018-09-16 23:55:00,401379.1749141216,1.382312141545704e+64,0.017795138888888888,2018-09-16,0.0,0.9456721075173387,7.744251270047091e-05,0.0009680314087558735,288,0.031076388888888886,0.05000000000000024
0.004304251644736838,0.0,0.008680555555555556,"{""C10"": 288}",C10,128.19967666666707,2018-09-17 00:00:00,2018-09-17 23:55:00,401984.04336094856,5.902616927956013e+64,0.029947916666666668,2018-09-17,0.0,0.939036450538385,4.544068733284032e-05,0.0005680085916604997,288,0.051041666666666666,0.05000000000000024
0.004216875000000003,0.0,0.005859375,"{""C06"": 288}",C06,106.83472916666703,2018-09-18 00:00:00,2018-09-18 23:55:00,402498.54526019096,3.726728647904156e+70,0.03515625,2018-09-18,0.0,0.9289849182764142,0.0006252050367036254,0.00781506295879532,288,0.06254340277777777,0.05000000000000024
0.00415703581871345,0.0,0.0026041666666666665,"{""C06"": 288}",C06,124.0751462500004,2018-09-19 00:00:00,2018-09-19 23:55:00,403019.46830153465,1.9662075201598558e+77,0.025824652777777776,2018-09-19,0.0,0.9274884979755268,0.0002860996531026696,0.0035762456637833595,288,0.06276041666666667,0.05000000000000024
0.0041154861111111106,0.0,0.00390625,"{""C05"": 288}",C05,137.60374,2018-09-20 00:00:00,2018-09-20 23:55:00,403511.8233323097,1.0013866465676972e+84,0.023003472222222224,2018-09-20,0.0,0.9008819526352124,0.0002090039827428768,0.0026125497842859027,288,0.05473090277777778,0.05000000000000024
0.004124857456140352,0.0,0.008463541666666666,"{""C05"": 288}",C05,173.78025124999957,2018-09-21 00:00:00,2018-09-21 23:55:00,404008.2165439129,5.52758049599597e+90,0.03624131944444445,2018-09-21,0.0,0.9005167995223776,0.00025357187460379674,0.0031696484325474655,288,0.08467881944444446,0.05000000000000024
0.004137139985380118,0.0,0.0008680555555555555,"{""C05"": 288}",C05,55.995042499999705,2018-09-22 00:00:00,2018-09-22 23:55:00,404480.10210871696,2.9835834625093473e+97,0.010416666666666666,2018-09-22,0.0,0.9405259246099179,9.89851890082036e-05,0.0012373148626025551,288,0.028472222222222218,0.05000000000000024
0.004220752923976605,0.0,0.005859375,"{""C10"": 288}",C10,111.33550958333392,2018-09-23 00:00:00,2018-09-23 23:55:00,404954.51813673973,1.041733061069328e+99,0.035590277777777776,2018-09-23,0.0,0.9229650509598079,6.995024107571663e-05,0.0008743780134464727,288,0.08142361111111113,0.05000000000000024
0.003999022295321642,0.0,0.003689236111111111,"{""C02"": 288}",C02,187.16519791666758,2018-09-24 00:00:00,2018-09-24 23:55:00,405430.2110860348,4.0937305700337034e+99,0.020182291666666668,2018-09-24,0.0,0.8830509504549542,0.00012026900133469316,0.0015033625166836727,288,0.04279513888888889,0.05000000000000024
0.003926510416666665,0.0,0.006944444444444444,"{""C05"": 288}",C05,208.56587541666775,2018-09-25 00:00:00,2018-09-25 23:55:00,405905.42729735374,2.500929280858372e+105,0.034505208333333336,2018-09-25,0.0,0.8895470753118927,0.000144401417187416,0.0018050177148426925,288,0.08012152777777778,0.05000000000000024
0.004072769554093569,0.0,0.006510416666666667,"{""C05"": 288}",C05,139.71759291666748,2018-09-26 00:00:00,2018-09-26 23:55:00,406378.89194345474,1.4170021966562028e+112,0.04296875,2018-09-26,0.0,0.906040520856086,0.0026469136011550267,0.03308642001443779,288,0.08055555555555556,0.05000000000000024
0.004089145650584796,0.0,0.002170138888888889,"{""C05"": 288}",C05,150.02837500000044,2018-09-27 00:00:00,2018-09-27 23:55:00,406857.66345882416,7.740116286595022e+118,0.021267361111111112,2018-09-27,0.0,0.906183893896547,0.0004973050408119818,0.006216313010149761,288,0.050173611111111106,0.05000000000000024
0.004162394005847952,0.0,0.013020833333333334,"{""C05"": 288}",C05,196.87186416666594,2018-09-28 00:00:00,2018-09-28 23:55:00,407334.27628040314,4.250359839096631e+125,0.055121527777777776,2018-09-28,0.0,0.9050030839330636,0.0005117003697238188,0.006396254621547748,288,0.11332465277777778,0.05000000000000024
0.004242532894736843,0.0,0.00043402777777777775,"{""C02"": 288}",C02,69.8408229166665,2018-09-29 00:00:00,2018-09-29 23:55:00,407805.0474925041,1.4919842730150427e+127,0.016710069444444444,2018-09-29,0.0,0.9437461531179425,4.358147348466583e-05,0.0005447684185583241,288,0.044531249999999994,0.05000000000000024
0.004164259868421052,0.0,0.008029513888888888,"{""C10"": 288}",C10,138.07259291666728,2018-09-30 00:00:00,2018-09-30 23:55:00,408278.4171485901,6.168887428701668e+127,0.04796006944444445,2018-09-30,0.0,0.9141043139914437,6.592220489410442e-05,0.0008240275611763162,288,0.09618055555555556,0.05000000000000024
0.004095632309941522,0.0,0.004774305555555556,"{""C05"": 288}",C05,114.54129250000044,2018-10-01 00:00:00,2018-10-01 23:55:00,408749.5352282524,3.996995548163806e+133,0.029947916666666668,2018-10-01,0.0,0.9170965137215467,0.00043956032315616125,0.005494504039452027,288,0.059071180555555554,0.05000000000000024
0.004145148940058478,0.0,0.005642361111111111,"{""C05"": 288}",C05,76.35082333333364,2018-10-02 00:00:00,2018-10-02 23:55:00,409305.78675580025,2.1290313308324976e+140,0.011501736111111112,2018-10-02,0.0,0.9252029243600857,7.76178089349216e-05,0.0009702226116865333,288,0.038454861111111106,0.05000000000000024
0.004235360014619886,0.0,0.00043402777777777775,"{""C10"": 288}",C10,84.74280166666712,2018-10-03 00:00:00,2018-10-03 23:55:00,409812.27890610695,7.466104748167981e+141,0.019748263888888888,2018-10-03,0.0,0.9394738229098724,5.1267273736488916e-05,0.0006408409217060969,288,0.04192708333333333,0.05000000000000024
0.0041327604166666665,0.0,0.005859375,"{""C05"": 288}",C05,139.30014500000019,2018-10-04 00:00:00,2018-10-04 23:55:00,410285.1936032772,4.670545972535701e+147,0.04210069444444445,2018-10-04,0.0,0.917405970151132,0.00016202687456412783,0.0020253359320515944,288,0.08663194444444446,0.05000000000000024
0.004097429641812866,0.0,0.008463541666666666,"{""C06"": 288}",C06,184.3553545833342,2018-10-05 00:00:00,2018-10-05 23:55:00,410782.39101696014,2.3656720641610028e+154,0.039496527777777776,2018-10-05,0.0,0.8851779675814576,0.0004838396996735737,0.006047996245919632,288,0.09205729166666668,0.05000000000000024
0.003533606542397661,0.0,0.005425347222222222,"{""C06"": 288}",C06,301.01473000000067,2018-10-06 00:00:00,2018-10-06 23:55:00,411329.0567831993,9.045115423736484e+160,0.029513888888888888,2018-10-06,0.0,0.8376215289500123,0.000141306967826899,0.0017663370978362484,288,0.06319444444444446,0.05000000000000024
0.0034659000365497095,0.0,0.004991319444444444,"{""C11"": 288}",C11,253.8744691666672,2018-10-07 00:00:00,2018-10-07 23:55:00,411900.51432704926,9.354590294306054e+188,0.022569444444444444,2018-10-07,0.0,0.8339798198219026,0.00027033235982288294,0.0033791544977859874,288,0.05386284722222222,0.05000000000000024
0.003695521747076024,0.0,0.002387152777777778,"{""C06"": 288}",C06,202.05222958333442,2018-10-08 00:00:00,2018-10-08 23:55:00,412424.2693948746,1.9546145884800565e+196,0.021701388888888888,2018-10-08,0.0,0.8616790359100029,0.000212480089285126,0.0026560011160640974,288,0.04605034722222222,0.05000000000000024
0.0037804385964912307,0.0,0.0030381944444444445,"{""C05"": 288}",C05,165.12577083333383,2018-10-09 00:00:00,2018-10-09 23:55:00,412902.021777153,1.123699661340563e+203,0.014105902777777778,2018-10-09,0.0,0.8757846757958154,0.00011901440363119704,0.0014876800453900068,288,0.03606770833333333,0.05000000000000024
0.0039032044956140355,0.0,0.005859375,"{""C06"": 288}",C06,158.93077083333432,2018-10-10 00:00:00,2018-10-10 23:55:00,413380.2574169636,6.1672965578860576e+209,0.028645833333333332,2018-10-10,0.0,0.8899104769985766,0.00037914480750488543,0.004739310093811051,288,0.06145833333333333,0.05000000000000024
0.003915429459064328,0.0,0.007595486111111111,"{""C06"": 288}",C06,208.02155333333377,2018-10-11 00:00:00,2018-10-11 23:55:00,413858.0875296593,3.3693488093523315e+216,0.038411458333333336,2018-10-11,0.0,0.8823913552086314,0.000530636510917344,0.006632956386466796,288,0.07968750000000001,0.05000000000000024
0.0039158479532163705,0.0,0.005208333333333333,"{""C06"": 288}",C06,178.73821833333378,2018-10-12 00:00:00,2018-10-12 23:55:00,414369.059568882,1.6780272323178314e+223,0.027126736111111112,2018-10-12,0.0,0.883357694150733,9.425509840473655e-05,0.00117818873005922,288,0.06471354166666667,0.05000000000000024
0.003667831688596491,0.0,0.004991319444444444,"{""C11"": 288}",C11,265.90863500000086,2018-10-13 00:00:00,2018-10-13 23:55:00,414982.589561224,1.3606230813668535e+251,0.029947916666666668,2018-10-13,0.0,0.8456252718757328,0.0003858677398845183,0.00482334674855649,288,0.05538194444444444,0.05000000000000024
0.0036922194809941547,0.0,0.007595486111111111,"{""C11"": 288}",C11,257.61800958333305,2018-10-14 00:00:00,2018-10-14 23:55:00,415517.31103110313,4.5161963179543455e+279,0.04123263888888889,2018-10-14,0.0,0.8621146126995157,0.000506960140381477,0.006337001754768488,288,0.07361111111111113,0.05000000000000024
0.0034546262792397673,0.0,0.005642361111111111,"{""C07"": 288}",C07,188.22906666666753,2018-10-15 00:00:00,2018-10-15 23:55:00,416010.07507944107,inf,0.022352430555555556,2018-10-15,0.0,0.882689425338599,0.003162324767438565,0.03952905959298205,288,0.049262152777777776,0.05000000000000024
0.003501050804093568,0.0,0.0,"{""C05"": 288}",C05,209.84446833333436,2018-10-16 00:00:00,2018-10-16 23:55:00,416504.4610402584,14392500.257705972,0.027994791666666668,2018-10-16,0.0,0.8589538173132243,0.00021861374072480348,0.002732671759060033,288,0.06145833333333333,0.05000000000000024
0.003359922331871346,0.0,0.009765625,"{""C00"": 288}",C00,233.07353166666763,2018-10-17 00:00:00,2018-10-17 23:55:00,416996.9516735077,595854509.6656288,0.019965277777777776,2018-10-17,0.0,0.8436363999228094,0.0006511819537927991,0.008139774422409957,288,0.045399305555555554,0.05000000000000024
0.0033259978070175437,0.0,0.0,"{""C05"": 288}",C05,192.25733333333437,2018-10-18 00:00:00,2018-10-18 23:55:00,417489.35858011246,301599587760006.06,0.003472222222222222,2018-10-18,0.0,0.8584703241216654,1.1515697976719767e-05,0.0001439462247089703,288,0.01458333333333333,0.05000000000000024
0.0034781377923976645,0.0,0.0032552083333333335,"{""C05"": 288}",C05,211.59410416666776,2018-10-19 00:00:00,2018-10-19 23:55:00,417981.24562478065,1.7542463972027193e+21,0.027994791666666668,2018-10-19,0.0,0.8590913497245047,0.0003070537201804667,0.0038381715022558216,288,0.06644965277777778,0.05000000000000024
0.0035575685307017556,0.0,0.005425347222222222,"{""C08"": 288}",C08,274.43879125000046,2018-10-20 00:00:00,2018-10-20 23:55:00,418482.5717051029,7.563468329389265e+22,0.037109375,2018-10-20,0.0,0.8357213422504126,0.0007685209526520903,0.009606511908151155,288,0.06493055555555556,0.05000000000000024
0.003724218750000001,0.0,0.00390625,"{""C08"": 288}",C08,191.3050412500011,2018-10-21 00:00:00,2018-10-21 23:55:00,418987.95043587685,3.317201906106062e+23,0.0234375,2018-10-21,0.0,0.8650873875774946,0.00016685859612502118,0.002085732451562784,288,0.04670138888888889,0.05000000000000024
0.003517177448830409,0.0,0.00390625,"{""C08"": 288}",C08,240.99337500000098,2018-10-22 00:00:00,2018-10-22 23:55:00,419481.14584851265,1.2846297042309398e+24,0.031032986111111112,2018-10-22,0.0,0.8532475394455581,0.00026723838451614895,0.0033404798064518427,288,0.06362847222222223,0.05000000000000024
0.003679902229532165,0.0,0.0,"{""C05"": 288}",C05,152.5440000000009,2018-10-23 00:00:00,2018-10-23 23:55:00,420042.15798425674,7.766845837717181e+29,0.003472222222222222,2018-10-23,0.0,0.8807986754986441,7.038775386579509e-06,8.798469233221977e-05,288,0.01458333333333333,0.05000000000000024
0.003857107090643276,0.0,0.0078125,"{""C05"": 288}",C05,158.78238583333464,2018-10-24 00:00:00,2018-10-24 23:55:00,420522.0012514591,4.899022008589336e+36,0.03428819444444445,2018-10-24,0.0,0.8886094632992214,0.00019796689757337104,0.002474586219667162,288,0.08337673611111113,0.05000000000000024
0.003991834795321638,0.0,0.00390625,"{""C05"": 288}",C05,122.31603166666766,2018-10-25 00:00:00,2018-10-25 23:55:00,421125.89102602005,2.908655587854598e+43,0.01953125,2018-10-25,0.0,0.9164703921940822,0.00023817413427810165,0.0029771766784762927,288,0.032812499999999994,0.05000000000000024
0.004018739948830413,0.0,0.003472222222222222,"{""C06"": 288}",C06,185.02582333333402,2018-10-26 00:00:00,2018-10-26 23:55:00,421603.8781979084,1.3771109911191104e+50,0.023220486111111112,2018-10-26,0.0,0.8958157276321743,0.0004283836885103846,0.005354796106379836,288,0.05060763888888889,0.05000000000000024
0.0033623629385964903,0.0,0.008680555555555556,"{""C07"": 288}",C07,325.2657199999998,2018-10-27 00:00:00,2018-10-27 23:55:00,422085.8755328655,6.585395081675883e+77,0.0666232638888889,2018-10-27,0.0,0.8400604806685019,0.0010629274417092638,0.013286593021365804,288,0.14565972222222223,0.05000000000000024
0.0024858744517543873,0.0,0.007378472222222222,"{""C03"": 288}",C03,396.9763441666673,2018-10-28 00:00:00,2018-10-28 23:55:00,422568.22127199173,2.1407129052601855e+106,0.052300347222222224,2018-10-28,0.0,0.7951952023221228,0.0004550156499788479,0.005687695624735659,288,0.09401041666666668,0.05000000000000024
0.00264313230994152,0.0,0.00021701388888888888,"{""C00"": 288}",C00,271.0142616666674,2018-10-29 00:00:00,2018-10-29 23:55:00,423052.25327944756,3.803816656150598e+108,0.008680555555555556,2018-10-29,0.0,0.8161918852299762,0.0005716040191992944,0.007145050239991197,288,0.021527777777777774,0.05000000000000024
0.0025608104897660803,0.0,0.006727430555555556,"{""C00"": 288}",C00,311.35577125000015,2018-10-30 00:00:00,2018-10-30 23:55:00,423531.35677576065,1.5550005012382353e+109,0.03993055555555555,2018-10-30,0.0,0.8241217884906125,0.0006104081612504558,0.00763010201563066,288,0.06861979166666668,0.05000000000000024
0.0027192315423976592,0.0,0.004340277777777778,"{""C05"": 288}",C05,294.7096258333335,2018-10-31 00:00:00,2018-10-31 23:55:00,424013.38415670395,7.608581284915605e+114,0.029296875,2018-10-31,0.0,0.8319392883059648,0.0005231659870048332,0.006539574837560448,288,0.07534722222222223,0.05000000000000024
0.0027394261695906437,0.0,0.007595486111111111,"{""C00"": 288}",C00,291.6358229166673,2018-11-01 00:00:00,2018-11-01 23:55:00,424496.098105669,3.764634409005547e+116,0.016927083333333332,2018-11-01,0.0,0.8045690444008935,0.0001480119962855825,0.0018501499535697856,288,0.03975694444444444,0.05000000000000024
0.002656847587719296,0.0,0.004774305555555556,"{""C11"": 288}",C11,323.25686500000063,2018-11-02 00:00:00,2018-11-02 23:55:00,424986.57793951035,2.5158769963905508e+143,0.025607638888888888,2018-11-02,0.0,0.8015367710950522,0.00029058705255232233,0.0036323381569040043,288,0.040624999999999994,0.05000000000000024
0.0025083379020467843,0.0,0.001736111111111111,"{""C11"": 288}",C11,374.51072000000056,2018-11-03 00:00:00,2018-11-03 23:55:00,425469.0029911995,8.715598353878664e+171,0.06640625,2018-11-03,0.0,0.7973879126491125,0.0005643540935209575,0.007054426169011936,288,0.1092013888888889,0.05000000000000024
0.0024894417032163742,0.0,0.0026041666666666665,"{""C06"": 288}",C06,287.098583333334,2018-11-04 00:00:00,2018-11-04 23:55:00,425953.76628685,2.056456603784743e+179,0.001736111111111111,2018-11-04,0.0,0.8072210531519882,0.00015717761629774216,0.0019647202037217735,288,0.0050347222222222225,0.05000000000000024
0.002485985014619883,0.0,0.008029513888888888,"{""C11"": 288}",C11,384.36759333333396,2018-11-05 00:00:00,2018-11-05 23:55:00,426438.6486251354,1.7123932620646232e+207,0.058159722222222224,2018-11-05,0.0,0.7959041008986033,0.0008923797769396078,0.011154747211745124,288,0.11354166666666668,0.05000000000000024
0.0021798775584795337,0.0,0.010633680555555556,"{""C03"": 288}",C03,343.7260316666673,2018-11-06 00:00:00,2018-11-06 23:55:00,426928.46912002563,5.206199934187744e+235,0.03602430555555555,2018-11-06,0.0,0.7972908544217167,0.0004883764263619841,0.006104705329524771,288,0.05993923611111112,0.05000000000000024
0.0022250438596491235,0.0,0.0015190972222222222,"{""C11"": 288}",C11,281.360770833334,2018-11-07 00:00:00,2018-11-07 23:55:00,427448.0829753876,2.137469227803349e+264,0.00021701388888888888,2018-11-07,0.0,0.8085232185393301,0.0003792955185915871,0.004741193982394831,288,0.0017795138888888886,0.05000000000000024
0.0025224561403508782,0.0,0.004774305555555556,"{""C11"": 288}",C11,348.8433229166674,2018-11-08 00:00:00,2018-11-08 23:55:00,427985.7572886944,8.46247468711855e+292,0.043619791666666664,2018-11-08,0.0,0.7995249431281469,0.0005187727846570144,0.0064846598082126715,288,0.09032118055555556,0.05000000000000024
0.0024154778874269016,0.0,0.011067708333333334,"{""C11"": 288}",C11,307.77521416666724,2018-11-09 00:00:00,2018-11-09 23:55:00,428485.44714546204,inf,0.024088541666666668,2018-11-09,0.0,0.8280186304214856,0.0010468091896280516,0.013085114870350616,288,0.06331597222222222,0.05000000000000024
0.002494908625730995,0.0,0.0032552083333333335,"{""C11"": 288}",C11,302.9765516666673,2018-11-10 00:00:00,2018-11-10 23:55:00,428980.96987867355,3.332701320884291e+41,0.013454861111111112,2018-11-10,0.0,0.8052383651789521,0.00014305976310993585,0.0017882470388741606,288,0.03216145833333333,0.05000000000000024
0.0025177951388888854,0.0,0.004557291666666667,"{""C11"": 288}",C11,311.5114479166673,2018-11-11 00:00:00,2018-11-11 23:55:00,429510.29630589485,1.5376416467665056e+70,0.0234375,2018-11-11,0.0,0.8050608505493317,0.0004570622215447009,0.005713277769308785,288,0.044314236111111106,0.05000000000000024
0.0024533598318713444,0.0,0.0013020833333333333,"{""C11"": 288}",C11,318.26098000000064,2018-11-12 00:00:00,2018-11-12 23:55:00,430115.32309007645,5.1199488572185993e+98,0.023003472222222224,2018-11-12,0.0,0.8050692242320122,0.00014617577629115388,0.0018271972036394332,288,0.043229166666666666,0.05000000000000024
0.002195222953216374,0.0,0.010416666666666666,"{""C03"": 288}",C03,391.9534800000006,2018-11-13 00:00:00,2018-11-13 23:55:00,430676.336758852,1.482183855822939e+127,0.06293402777777778,2018-11-13,0.0,0.7920966870560379,0.00041121270164119777,0.005140158770515008,288,0.12591145833333334,0.05000000000000024
0.0020458726242690043,0.0,0.004123263888888889,"{""C03"": 288}",C03,332.64160500000054,2018-11-14 00:00:00,2018-11-14 23:55:00,431157.9086046219,5.388946414280338e+155,0.03407118055555555,2018-11-14,0.0,0.8026284318222325,0.0006419699068178522,0.008024623835223163,288,0.06449652777777778,0.05000000000000024
0.001869496527777779,0.0,0.007161458333333333,"{""C03"": 288}",C03,334.09847833333396,2018-11-15 00:00:00,2018-11-15 23:55:00,431638.6347005367,1.808920873390938e+184,0.025824652777777776,2018-11-15,0.0,0.8023186205094076,0.00026534634400368433,0.0033168293000459858,288,0.040407986111111106,0.05000000000000024
0.0019002732090643278,0.0,0.008680555555555556,"{""C03"": 288}",C03,352.97587500000066,2018-11-16 00:00:00,2018-11-16 23:55:00,432152.65824341774,4.4350013065672905e+212,0.035807291666666664,2018-11-16,0.0,0.7973295959847633,0.0004340824350391991,0.005426030437989996,288,0.08467881944444446,0.05000000000000024
0.002396187865497077,0.0,0.0008680555555555555,"{""C00"": 288}",C00,311.8891566666673,2018-11-17 00:00:00,2018-11-17 23:55:00,432631.63465309143,1.0251169801418115e+215,0.029947916666666668,2018-11-17,0.0,0.8061114547546746,0.00021900001551950269,0.0027375001939937663,288,0.0640625,0.05000000000000024
0.0024757858187134506,0.0,0.010416666666666666,"{""C11"": 288}",C11,324.1067091666673,2018-11-18 00:00:00,2018-11-18 23:55:00,433111.2554111481,9.333976260701706e+241,0.024956597222222224,2018-11-18,0.0,0.7992900595393181,0.00023957464773373752,0.002994683096671721,288,0.058854166666666666,0.05000000000000024
0.002236185124269006,0.0,0.007161458333333333,"{""C11"": 288}",C11,371.29545791666726,2018-11-19 00:00:00,2018-11-19 23:55:00,433671.5959367752,1.6506810877730276e+270,0.036458333333333336,2018-11-19,0.0,0.798548516849449,0.0002835412687383987,0.0035442658592300096,288,0.06840277777777777,0.05000000000000024
0.002063117690058478,0.0,0.004123263888888889,"{""C11"": 288}",C11,279.2429075000006,2018-11-20 00:00:00,2018-11-20 23:55:00,434152.0622932911,7.996974587242533e+298,0.004340277777777778,2018-11-20,0.0,0.8078612166503841,0.000632436949015823,0.00790546186269784,288,0.011979166666666667,0.05000000000000024
0.0026007319078947375,0.0,0.005642361111111111,"{""C00"": 288}",C00,349.3289479166673,2018-11-21 00:00:00,2018-11-21 23:55:00,434631.4227130413,1.9224122460353626e+301,0.030164930555555556,2018-11-21,0.0,0.8018172729018747,0.0004261350703564741,0.005326688379455917,288,0.059288194444444456,0.05000000000000024
0.0022999872076023397,0.0,0.001953125,"{""C11"": 288}",C11,260.593918333334,2018-11-22 00:00:00,2018-11-22 23:55:00,435107.4001605511,inf,0.0028211805555555555,2018-11-22,0.0,0.8310475227292519,0.00040646790816897344,0.005080848852112167,288,0.01152777777777778,0.05000000000000024
0.0024191712353801163,0.0,0.003689236111111111,"{""C11"": 288}",C11,291.743739583334,2018-11-23 00:00:00,2018-11-23 23:55:00,435599.2994580269,2.555196599871996e+48,0.007378472222222222,2018-11-23,0.0,0.8055945309819188,0.00019245442508784627,0.0024056803135981226,288,0.013064236111111112,0.05000000000000024
0.002009812682748539,0.0,0.0026041666666666665,"{""C03"": 288}",C03,286.127333333334,2018-11-24 00:00:00,2018-11-24 23:55:00,436081.0346124172,8.873661762002566e+76,0.013888888888888888,2018-11-24,0.0,0.8078795622626029,0.00010539916483754219,0.0013174895604692886,288,0.03302951388888889,0.05000000000000024
0.001913942799707602,0.0,0.001736111111111111,"{""C03"": 288}",C03,280.74025000000063,2018-11-25 00:00:00,2018-11-25 23:55:00,436560.55446243286,3.0671306455075023e+105,0.007161458333333333,2018-11-25,0.0,0.8076901263117149,0.0004421500935432328,0.0055268761692903725,288,0.017187499999999998,0.05000000000000024
0.0016446920687134502,0.0,0.001736111111111111,"{""C07"": 288}",C07,307.36540666666735,2018-11-26 00:00:00,2018-11-26 23:55:00,437041.86254382133,2.2705925737597548e+133,0.018446180555555556,2018-11-26,0.0,0.8080588883619627,0.00034107350531933364,0.004263418816491673,288,0.037586805555555554,0.05000000000000024
0.0015149908625730997,0.0,0.003472222222222222,"{""C00"": 288}",C00,297.130823333334,2018-11-27 00:00:00,2018-11-27 23:55:00,437515.8689880371,1.1163764373122107e+136,0.017578125,2018-11-27,0.0,0.8077627826026986,0.00010870026811108398,0.001358753351388539,288,0.03693576388888889,0.05000000000000024
0.002114035087719298,0.0,0.0026041666666666665,"{""C00"": 288}",C00,308.4715525000006,2018-11-28 00:00:00,2018-11-28 23:55:00,437992.7889966965,6.598070591168995e+136,0.013237847222222222,2018-11-28,0.0,0.8069901373630616,7.28292520413295e-05,0.0009103656505166373,288,0.03064236111111111,0.05000000000000024
0.002462620614035088,0.0,0.00390625,"{""C11"": 288}",C11,312.0105625000007,2018-11-29 00:00:00,2018-11-29 23:55:00,438469.24899196625,7.638035972921439e+163,0.0234375,2018-11-29,0.0,0.8035080808007731,0.0004443784496097018,0.005554730620121258,288,0.039539930555555554,0.05000000000000024
0.002569508406432747,0.0,0.006727430555555556,"{""C07"": 288}",C07,303.340770833334,2018-11-30 00:00:00,2018-11-30 23:55:00,438947.7726778984,2.846091671673064e+192,0.008463541666666666,2018-11-30,0.0,0.804896311044415,0.00016595034045493944,0.0020743792556866983,288,0.02282986111111111,0.05000000000000024
0.002642811586257307,0.0,0.001736111111111111,"{""C03"": 288}",C03,297.22525000000064,2018-12-01 00:00:00,2018-12-01 23:55:00,439435.4080321789,9.157062327924306e+220,0.013020833333333334,2018-12-01,0.0,0.8071969642475173,0.00030571319442355044,0.003821414930294394,288,0.031076388888888886,0.05000000000000024
0.0025920230263157913,0.0,0.008246527777777778,"{""C08"": 288}",C08,324.4574366666673,2018-12-02 00:00:00,2018-12-02 23:55:00,439929.7821030617,1.3101882789403016e+223,0.021050347222222224,2018-12-02,0.0,0.8008248349922515,0.0002658331412172598,0.0033229142652157224,288,0.039539930555555554,0.05000000000000024
0.0022154979897660823,0.0,0.0032552083333333335,"{""C08"": 288}",C08,301.627593333334,2018-12-03 00:00:00,2018-12-03 23:55:00,440432.0885272026,4.913439994095831e+223,0.017361111111111112,2018-12-03,0.0,0.8085728372491833,0.00036259741320064973,0.004532467665008113,288,0.035416666666666666,0.05000000000000024
0.002430731907894734,0.0,0.004991319444444444,"{""C08"": 288}",C08,323.3512925000006,2018-12-04 00:00:00,2018-12-04 23:55:00,440932.0641860962,2.296982590561821e+224,0.023220486111111112,2018-12-04,0.0,0.8037985041699516,0.00022583427626993516,0.0028229284533742164,288,0.04388020833333333,0.05000000000000024
0.002480216557017543,0.0,0.004123263888888889,"{""C03"": 288}",C03,297.130823333334,2018-12-05 00:00:00,2018-12-05 23:55:00,441431.3479232788,2.109884631947212e+251,0.016276041666666668,2018-12-05,0.0,0.8053057088531435,0.00015038261201413044,0.0018797826501766532,288,0.03324652777777778,0.05000000000000024
0.002189012244152047,0.0,0.0015190972222222222,"{""C03"": 288}",C03,301.6410837500006,2018-12-06 00:00:00,2018-12-06 23:55:00,441923.0597605705,6.021242346037671e+279,0.015407986111111112,2018-12-06,0.0,0.8066400650659085,0.00046355357058164753,0.005794419632270547,288,0.019357638888888886,0.05000000000000024
0.001791439144736842,0.0,0.010199652777777778,"{""C11"": 288}",C11,332.7626612500002,2018-12-07 00:00:00,2018-12-07 23:55:00,442459.7226264477,inf,0.027777777777777776,2018-12-07,0.0,0.8132185768347001,0.0009140254569732525,0.011425318212165659,288,0.06348958333333334,0.05000000000000024
0.001913595577485381,0.0,0.005642361111111111,"{""C11"": 288}",C11,344.4274900000006,2018-12-08 00:00:00,2018-12-08 23:55:00,443008.7732448578,3.0911822730947653e+28,0.026909722222222224,2018-12-08,0.0,0.8039489353286028,0.00048279062459889076,0.006034882807486149,288,0.061458333333333344,0.05000000000000024
0.0016044170321637425,0.0,0.005425347222222222,"{""C11"": 288}",C11,339.9442091666673,2018-12-09 00:00:00,2018-12-09 23:55:00,443572.74599170685,7.256588844956391e+56,0.022569444444444444,2018-12-09,0.0,0.803229359230624,0.0001676522902785504,0.0020956536284818727,288,0.03715277777777778,0.05000000000000024
0.0014136924342105267,0.0,0.004123263888888889,"{""C11"": 288}",C11,323.45920875000064,2018-12-10 00:00:00,2018-12-10 23:55:00,444199.8693039417,1.4914624117123504e+85,0.016710069444444444,2018-12-10,0.0,0.8041946453939175,0.00021990586090611452,0.00274882326132646,288,0.023697916666666666,0.05000000000000024
0.001733728983918128,0.0,0.008246527777777778,"{""C00"": 288}",C00,292.593583333334,2018-12-11 00:00:00,2018-12-11 23:55:00,444753.11491036415,5.855950938433641e+87,0.007161458333333333,2018-12-11,0.0,0.8021510155357638,0.0001243049990489071,0.0015538124881113555,288,0.014149305555555556,0.05000000000000024
0.002127632492690058,0.0,0.0026041666666666665,"{""C00"": 288}",C00,333.14071916666734,2018-12-12 00:00:00,2018-12-12 23:55:00,445243.08695960045,2.9448010585491274e+88,0.03298611111111111,2018-12-12,0.0,0.8036285456910736,0.0002822735129362296,0.0035284189117028744,288,0.056249999999999994,0.05000000000000024
0.0022788532529239777,0.0,0.008680555555555556,"{""C00"": 288}",C00,326.9847287500006,2018-12-13 00:00:00,2018-12-13 23:55:00,445732.4155881405,1.3281706621264482e+89,0.027126736111111112,2018-12-13,0.0,0.8012660183099044,0.0004143862504249612,0.00517982813031195,288,0.05842013888888889,0.05000000000000024
0.002041431834795321,0.0,0.004340277777777778,"{""C00"": 288}",C00,338.9999375000006,2018-12-14 00:00:00,2018-12-14 23:55:00,446222.9565861225,4.86584504851334e+89,0.028645833333333332,2018-12-14,0.0,0.8034135336374486,0.000273270673873335,0.0034158834234166626,288,0.051041666666666666,0.05000000000000024
0.0019589117324561407,0.0,0.004340277777777778,"{""C00"": 288}",C00,318.5577500000007,2018-12-15 00:00:00,2018-12-15 23:55:00,446725.23992967606,1.9658346523202395e+90,0.013454861111111112,2018-12-15,0.0,0.8041158758351656,0.0001634452453493822,0.002043065566867293,288,0.026085069444444442,0.05000000000000024
0.0019396737938596484,0.0,0.008680555555555556,"{""C00"": 288}",C00,412.8678037500006,2018-12-16 00:00:00,2018-12-16 23:55:00,447320.5422756672,8.552262227575583e+90,0.06749131944444445,2018-12-16,0.0,0.7948322868895205,0.00031969787999906166,0.003996223499988235,288,0.11137152777777778,0.05000000000000024
0.0017715423976608176,0.0,0.007161458333333333,"{""C03"": 288}",C03,355.56587500000063,2018-12-17 00:00:00,2018-12-17 23:55:00,447923.9780392647,6.814788575723952e+117,0.03407118055555555,2018-12-17,0.0,0.7994400405066081,0.00030575244251383006,0.0038219055314228814,288,0.06449652777777778,0.05000000000000024
0.001364077119883041,0.0,0.010850694444444444,"{""C11"": 288}",C11,313.8181666666673,2018-12-18 00:00:00,2018-12-18 23:55:00,448494.94539642334,8.524965441424458e+145,0.014105902777777778,2018-12-18,0.0,0.8010629013284538,0.00016685330100928047,0.002085666262615986,288,0.03433159722222222,0.05000000000000024
0.0012769325657894732,0.0,0.005425347222222222,"{""C04"": 288}",C04,348.38467791666733,2018-12-19 00:00:00,2018-12-19 23:55:00,449065.9163694382,1.3213346946475575e+153,0.029296875,2018-12-19,0.0,0.6994864825654903,0.0005199989984712892,0.006499987480891107,288,0.047135416666666666,0.05000000000000024
0.0011905985014619878,0.0,0.004774305555555556,"{""C03"": 288}",C03,328.4955629166673,2018-12-20 00:00:00,2018-12-20 23:55:00,449690.3193747997,3.0098896141241803e+181,0.028428819444444444,2018-12-20,0.0,0.802552109011502,0.0002733621999595787,0.0034170274994947277,288,0.05690104166666668,0.05000000000000024
0.0009664875730994159,0.0,0.07964409722222222,"{""C11"": 288}",C11,312.455718333334,2018-12-21 00:00:00,2018-12-21 23:55:00,450280.52222800255,1.7462717218912718e+208,0.035590277777777776,2018-12-21,0.0,0.7408186444942585,0.00027886134023526876,0.0034857667529408945,288,0.1209201388888889,0.05000000000000024
0.0005128024488304092,0.0,0.375,"{""C00"": 288}",C00,349.59874000000065,2018-12-22 00:00:00,2018-12-22 23:55:00,450849.997995615,6.662588110569197e+211,0.1330295138888889,2018-12-22,0.0,0.5113958020383709,0.0003458056126521281,0.00432257015815158,288,0.6918836805555555,0.05000000000000024
0.0006763212719298244,0.0,0.3025173611111111,"{""C00"": 288}",C00,285.1560837500007,2018-12-23 00:00:00,2018-12-23 23:55:00,451329.2983162403,3.227692649519504e+212,0.08159722222222222,2018-12-23,0.0,0.5899121544314356,0.0004630706834130356,0.0057883835426629435,288,0.5703559027777777,0.05000000000000024
0.0009477531067251457,0.0,0.1779513888888889,"{""C11"": 288}",C11,286.50504166666735,2018-12-24 00:00:00,2018-12-24 23:55:00,451809.5057530403,5.934218724833915e+239,0.04861111111111111,2018-12-24,0.0,0.6871107664024662,0.0001629946644945301,0.002037433306181605,288,0.3526909722222222,0.05000000000000024
0.001133308662280702,0.0,0.008246527777777778,"{""C00"": 288}",C00,359.83332333333396,2018-12-25 00:00:00,2018-12-25 23:55:00,452284.1956729889,8.651084573141152e+241,0.04796006944444445,2018-12-25,0.0,0.7954832247614244,0.0003153788450966988,0.003942235563708733,288,0.0875,0.05000000000000024
0.0015858205409356727,0.0,0.004340277777777778,"{""C00"": 288}",C00,297.845770833334,2018-12-26 00:00:00,2018-12-26 23:55:00,452758.6578652859,5.674644114236641e+242,0.005208333333333333,2018-12-26,0.0,0.8061552244896331,0.00010465302157730926,0.001308162769716386,288,0.008506944444444445,0.05000000000000024
0.0020489062499999978,0.0,0.004340277777777778,"{""C07"": 288}",C07,328.38764666666737,2018-12-27 00:00:00,2018-12-27 23:55:00,453245.8398106098,6.153698897360978e+269,0.03732638888888889,2018-12-27,0.0,0.8031481842023027,0.000340476925705464,0.0042559615713183285,288,0.07187500000000001,0.05000000000000024
0.0016085855263157894,0.0,0.008897569444444444,"{""C03"": 288}",C03,356.21337500000067,2018-12-28 00:00:00,2018-12-28 23:55:00,453748.8315269947,6.165956966589437e+297,0.041449652777777776,2018-12-28,0.0,0.7983134966285284,0.00019944536838081308,0.0024930671047601774,288,0.0916232638888889,0.05000000000000024
0.000907138157894737,0.0,0.038628472222222224,"{""C00"": 288}",C00,331.9941050000006,2018-12-29 00:00:00,2018-12-29 23:55:00,454226.97586655617,1.428684278279037e+300,0.038411458333333336,2018-12-29,0.0,0.7678436171227049,0.0002626516125388146,0.0032831451567351937,288,0.08142361111111113,0.05000000000000024
0.0009273894371345031,0.0,0.0685763888888889,"{""C11"": 288}",C11,273.65915833333395,2018-12-30 00:00:00,2018-12-30 23:55:00,454705.04539227486,inf,0.029730902777777776,2018-12-30,0.0,0.7649660256929991,0.0005784098695056696,0.00723012336882088,288,0.1192621527777778,0.05000000000000024
0.0009207501827485382,0.0,0.0006510416666666666,"{""C00"": 288}",C00,322.245145833334,2018-12-31 00:00:00,2018-12-31 23:55:00,455268.5968263149,9.789411984107341e+20,0.029730902777777776,2018-12-31,0.0,0.8073804742485557,0.00018634630937237258,0.0023293288671546258,288,0.06362847222222223,0.05000000000000024
0.000914316520467836,0.0,0.0,"{""C11"": 288}",C11,292.4856666666673,2019-01-01 00:00:00,2019-01-01 23:55:00,455783.89840102196,8.667986796114586e+46,0.010633680555555556,2019-01-01,0.0,0.8099787372626807,3.887415753663944e-05,0.00048592696920799123,288,0.020225694444444442,0.05000000000000024
0.0010136248172514625,0.0,0.002170138888888889,"{""C11"": 288}",C11,307.47332291666737,2019-01-02 00:00:00,2019-01-02 23:55:00,456262.13988661766,3.495653951897141e+76,0.011935763888888888,2019-01-02,0.0,0.8066573356384643,0.00015653326068513498,0.0019566657585641857,288,0.017621527777777778,0.05000000000000024
0.0006996098318713443,0.0,0.0703125,"{""C09"": 288}",C09,276.0141566666673,2019-01-03 00:00:00,2019-01-03 23:55:00,456755.71726965904,1.196808355919474e+83,0.020182291666666668,2019-01-03,0.0,0.6623401628758677,0.003326492437577435,0.04158115546971786,288,0.11983506944444446,0.05000000000000024
0.0008515387426900584,0.0,0.12196180555555555,"{""C01"": 288}",C01,349.09562291666737,2019-01-04 00:00:00,2019-01-04 23:55:00,457256.9804661274,1.520311923361235e+110,0.07660590277777778,2019-01-04,0.0,0.6318644575331818,0.01020065586227547,0.12750819827844354,288,0.30842013888888886,0.05000000000000024
0.0012583296783625735,0.0,0.021050347222222224,"{""C09"": 288}",C09,357.6210329166672,2019-01-05 00:00:00,2019-01-05 23:55:00,457761.8184850216,6.160126609509874e+118,0.04405381944444445,2019-01-05,0.0,0.6869717666461442,0.0017858252030076933,0.022322815037596186,288,0.08098958333333334,0.05000000000000024
0.0012270604897660822,0.0,0.008680555555555556,"{""C03"": 288}",C03,308.4850412500006,2019-01-06 00:00:00,2019-01-06 23:55:00,458245.457957983,5.634235804183286e+146,0.014756944444444444,2019-01-06,0.0,0.8015090579487523,0.00023758855492372508,0.0029698569365465407,288,0.02261284722222222,0.05000000000000024
0.0010914766081871344,0.0,0.029079861111111112,"{""C00"": 288}",C00,313.2111350000007,2019-01-07 00:00:00,2019-01-07 23:55:00,458790.20024466515,6.767988463265792e+148,0.023003472222222224,2019-01-07,0.0,0.7792307068475252,5.285405469569429e-05,0.0006606756836962098,288,0.061892361111111106,0.05000000000000024
0.0009092726608187134,0.0,0.12803819444444445,"{""C00"": 288}",C00,292.593583333334,2019-01-08 00:00:00,2019-01-08 23:55:00,459381.75064086914,2.72216118104089e+149,0.03407118055555555,2019-01-08,0.0,0.7037237954576674,4.403960002987818e-05,0.0005504950003734071,288,0.19687500000000002,0.05000000000000024
0.0012557172880116963,0.0,0.004340277777777778,"{""C07"": 288}",C07,296.37540625000065,2019-01-09 00:00:00,2019-01-09 23:55:00,459952.27266407013,9.697970708956217e+175,0.013671875,2019-01-09,0.0,0.8048942533578116,0.0002879231890889975,0.003599039863612436,288,0.031510416666666666,0.05000000000000024
0.00038416118421052606,0.0,0.25390625,"{""C00"": 288}",C00,314.78686999999974,2019-01-10 00:00:00,2019-01-10 23:55:00,460453.46237540245,1.6392665323774374e+178,0.12065972222222222,2019-01-10,0.0,0.6452047798856233,0.0006709291964964504,0.008386614956205614,288,0.5553819444444444,0.05000000000000024
0.00048208972953216384,0.0,0.1948784722222222,"{""C00"": 288}",C00,331.6186099999998,2019-01-11 00:00:00,2019-01-11 23:55:00,460928.8416852951,8.487519784205263e+178,0.08745659722222222,2019-01-11,0.0,0.691392068872263,0.0008020487213454897,0.01002560901681862,288,0.41388888888888886,0.05000000000000024
0.000433800255847953,0.0,0.216796875,"{""C07"": 288}",C07,317.3087037500007,2019-01-12 00:00:00,2019-01-12 23:55:00,461411.03678274155,4.340189189733302e+205,0.08745659722222222,2019-01-12,0.0,0.6496430251344764,0.001679731148060783,0.020996639350759776,288,0.4197482638888889,0.05000000000000024
0.0007952613304093568,0.0,0.18294270833333334,"{""C03"": 288}",C03,311.619365833334,2019-01-13 00:00:00,2019-01-13 23:55:00,461899.2825343609,7.050550244126085e+234,0.06597222222222222,2019-01-13,0.0,0.6845186972858911,0.0007602286922305841,0.00950285865288228,288,0.3874131944444444,0.05000000000000024
0.0012572076023391818,0.0,0.0032552083333333335,"{""C03"": 288}",C03,312.469208333334,2019-01-14 00:00:00,2019-01-14 23:55:00,462386.0322985649,2.2351291960082482e+263,0.012369791666666666,2019-01-14,0.0,0.805219917514533,0.00019632334059306255,0.002454041757413276,288,0.01848958333333333,0.05000000000000024
0.0012950347222222226,0.0,0.008463541666666666,"{""C04"": 288}",C04,327.335458333334,2019-01-15 00:00:00,2019-01-15 23:55:00,462866.66316986084,2.742389240027332e+270,0.029513888888888888,2019-01-15,0.0,0.7018142484806139,0.0005229419921655107,0.006536774902068924,288,0.057986111111111106,0.05000000000000024
0.001777580409356724,0.0,0.0008680555555555555,"{""C07"": 288}",C07,276.3648850000007,2019-01-16 00:00:00,2019-01-16 23:55:00,463354.61703824997,7.278581729475938e+298,0.00021701388888888888,2019-01-16,0.0,0.8103344994078509,0.000246933682670521,0.0030866710333815137,288,0.0013454861111111109,0.05000000000000024
0.0010502055921052633,0.0,0.0028211805555555555,"{""C09"": 288}",C09,276.386579583333,2019-01-17 00:00:00,2019-01-17 23:55:00,463895.55670046806,inf,0.019314236111111112,2019-01-17,0.0,0.77693872033429,0.008794356047140493,0.10992945058925618,288,0.05136284722222222,0.05000000000000024
0.00032829586988304097,0.0,0.15950520833333334,"{""C01"": 288}",C01,313.67253833333285,2019-01-18 00:00:00,2019-01-18 23:55:00,464530.24389886856,inf,0.0642361111111111,2019-01-18,0.0,0.6252343911530158,0.007995990611211711,0.09994988264014631,288,0.32999131944444443,0.05000000000000024
0.00028189967105263165,0.0,0.3168402777777778,"{""C01"": 288}",C01,222.70334416666708,2019-01-19 00:00:00,2019-01-19 23:55:00,465089.59883117676,8.732373997493712e+52,0.09526909722222222,2019-01-19,0.0,0.5540346781168859,0.002153750108676666,0.026921876358458302,288,0.6354600694444444,0.05000000000000024
0.00039220394736842116,0.0,0.2584635416666667,"{""C01"": 288}",C01,491.6440712499996,2019-01-20 00:00:00,2019-01-20 23:55:00,465591.2212600708,6.273835162692317e+81,0.10828993055555555,2019-01-20,0.0,0.5540930269571709,0.004293872096655469,0.05367340120819335,288,0.5124131944444444,0.05000000000000024
0.0003620458698830409,0.0,0.4006076388888889,"{""C01"": 288}",C01,330.26418208333394,2019-01-21 00:00:00,2019-01-21 23:55:00,466090.4817533493,2.857774919462779e+110,0.14127604166666666,2019-01-21,0.0,0.4771529853899124,0.001270248591345423,0.015878107391817792,288,0.7550347222222222,0.05000000000000024
0.0005097898391812866,0.0,0.2593315972222222,"{""C01"": 288}",C01,320.3613504166673,2019-01-22 00:00:00,2019-01-22 23:55:00,466594.61161112785,9.515227406527122e+138,0.09223090277777778,2019-01-22,0.0,0.5451896297250812,0.0025641599928251753,0.0320519999103147,288,0.48637152777777776,0.05000000000000024
0.0006848428362573098,0.0,0.1323784722222222,"{""C01"": 288}",C01,351.299168333334,2019-01-23 00:00:00,2019-01-23 23:55:00,467102.5097076893,3.4829963941851075e+167,0.08159722222222222,2019-01-23,0.0,0.6292808660481034,0.0012437442074845666,0.015546802593557087,288,0.31644965277777776,0.05000000000000024
0.0008874789839181285,0.0,0.068359375,"{""C01"": 288}",C01,351.7483229166673,2019-01-24 00:00:00,2019-01-24 23:55:00,467616.12682032585,3.7261654103199074e+196,0.0546875,2019-01-24,0.0,0.6575940160390114,0.0021990782299605507,0.027488477874506864,288,0.17712673611111113,0.05000000000000024
0.000999914108187133,0.0,0.004991319444444444,"{""C09"": 288}",C09,281.859885833334,2019-01-25 00:00:00,2019-01-25 23:55:00,468218.25733470917,5.484008585789466e+203,0.0028211805555555555,2019-01-25,0.0,0.7038847929280004,0.00023357006150309767,0.0029196257687887093,288,0.008723958333333334,0.05000000000000024
0.0013690085891812857,0.0,0.004123263888888889,"{""C00"": 288}",C00,296.9824366666673,2019-01-26 00:00:00,2019-01-26 23:55:00,468724.8957517147,5.777940553053976e+205,0.011284722222222222,2019-01-26,0.0,0.8035400679480045,7.361208221131352e-05,0.0009201510276413844,288,0.02282986111111111,0.05000000000000024
0.002043508771929824,0.0,0.004123263888888889,"{""C07"": 288}",C07,334.0849900000007,2019-01-27 00:00:00,2019-01-27 23:55:00,469242.39213490486,9.351511452776012e+232,0.029079861111111112,2019-01-27,0.0,0.8052160664250687,0.0003359303541345314,0.004199129426681627,288,0.057118055555555554,0.05000000000000024
0.0020251717836257312,0.0,0.005642361111111111,"{""C03"": 288}",C03,311.60587500000065,2019-01-28 00:00:00,2019-01-28 23:55:00,469860.3030962944,3.203275823443532e+261,0.020616319444444444,2019-01-28,0.0,0.8043460910753681,0.0005443177322663632,0.006803971653329547,288,0.047135416666666666,0.05000000000000024
0.001566365131578947,0.0,0.011284722222222222,"{""C03"": 288}",C03,336.6122812500006,2019-01-29 00:00:00,2019-01-29 23:55:00,470452.61411190033,4.564514614218282e+289,0.036675347222222224,2019-01-29,0.0,0.7989640191929204,0.0009061422430474965,0.01132677803809371,288,0.08098958333333334,0.05000000000000024
0.001288457602339182,0.0,0.001953125,"{""C11"": 288}",C11,289.17290791666767,2019-01-30 00:00:00,2019-01-30 23:55:00,470928.4148480892,inf,0.018229166666666668,2019-01-30,0.0,0.8246724435897906,0.00025678749660289343,0.0032098437075361815,288,0.030850694444444444,0.05000000000000024
0.0016443192616959071,0.0,0.0030381944444444445,"{""C00"": 288}",C00,306.5290529166673,2019-01-31 00:00:00,2019-01-31 23:55:00,471434.9700155258,1745066037291.8464,0.020182291666666668,2019-01-31,0.0,0.8048315388660788,0.0002259213262685041,0.002824016578356259,288,0.028038194444444442,0.05000000000000024
0.0014941648391812875,0.0,0.005425347222222222,"{""C00"": 288}",C00,327.632229583334,2019-02-01 00:00:00,2019-02-01 23:55:00,472060.72673869133,6410959686510.957,0.034722222222222224,2019-02-01,0.0,0.8010412142965797,0.0001867638428434856,0.0023345480355435725,288,0.0662326388888889,0.05000000000000024
0.001445888157894737,0.0,0.004340277777777778,"{""C11"": 288}",C11,301.964833333334,2019-02-02 00:00:00,2019-02-02 23:55:00,472545.46568131447,5.603494540770297e+39,0.013671875,2019-02-02,0.0,0.8047791041288188,0.00021113793730308977,0.0026392242162886284,288,0.027387152777777774,0.05000000000000024
0.0006718475877192992,0.0,0.1115451388888889,"{""C03"": 288}",C03,316.8580633333339,2019-02-03 00:00:00,2019-02-03 23:55:00,473034.7750749588,3.498451196384616e+67,0.04796006944444445,2019-02-03,0.0,0.7265127556190247,0.00088743777028649,0.011092972128581104,288,0.23637152777777778,0.05000000000000024
0.0005673839546783625,0.0,0.2827690972222222,"{""C07"": 288}",C07,364.1911950000004,2019-02-04 00:00:00,2019-02-04 23:55:00,473516.2975924015,1.3534355093452248e+96,0.12000868055555555,2019-02-04,0.0,0.6069651773712679,0.001740681994054736,0.02175852492568423,288,0.5857638888888889,0.05000000000000024
0.0007153810307017548,0.0,0.3014322916666667,"{""C04"": 288}",C04,341.76203916666736,2019-02-05 00:00:00,2019-02-05 23:55:00,473994.70765829086,2.4356309228521138e+103,0.12434895833333333,2019-02-05,0.0,0.5298258392890182,0.0007902491847035834,0.009878114808794828,288,0.6176649305555555,0.05000000000000024
0.0008917507309941523,0.0,0.13172743055555555,"{""C00"": 288}",C00,331.000620833334,2019-02-06 00:00:00,2019-02-06 23:55:00,474475.2303595543,3.434012092426216e+105,0.06944444444444445,2019-02-06,0.0,0.7196843929521463,0.0002376824807602967,0.0029710310095037175,288,0.3032118055555555,0.05000000000000024
0.0012461485745614038,0.0,0.0032552083333333335,"{""C11"": 288}",C11,302.47743666666736,2019-02-07 00:00:00,2019-02-07 23:55:00,474958.6212556362,5.167278001363007e+132,0.013671875,2019-02-07,0.0,0.8063326573130846,0.00012916413098545,0.0016145516373181129,288,0.032595486111111106,0.05000000000000024
0.0019429751461988323,0.0,0.004991319444444444,"{""C11"": 288}",C11,302.32905166666734,2019-02-08 00:00:00,2019-02-08 23:55:00,475438.55504250526,2.4673905133953536e+161,0.0078125,2019-02-08,0.0,0.804358303006971,0.0001826905222730503,0.0022836315284131313,288,0.013932291666666667,0.05000000000000024
0.0017218357090643265,0.0,0.006510416666666667,"{""C03"": 288}",C03,349.5852512500005,2019-02-09 00:00:00,2019-02-09 23:55:00,475927.23728990555,5.958256884681361e+189,0.029079861111111112,2019-02-09,0.0,0.8002825279514364,0.0005947757270119287,0.007434696587649059,288,0.052126736111111106,0.05000000000000024
0.001322155519005848,0.0,0.0026041666666666665,"{""C00"": 288}",C00,298.34488500000066,2019-02-10 00:00:00,2019-02-10 23:55:00,476404.6622405052,8.08165709382616e+191,0.006293402777777778,2019-02-10,0.0,0.8095437045980316,4.635818043241964e-05,0.0005794772554052367,288,0.015017361111111108,0.05000000000000024
0.000952192982456141,0.0,0.0032552083333333335,"{""C11"": 288}",C11,322.744260833334,2019-02-11 00:00:00,2019-02-11 23:55:00,476976.59274053574,1.2747483871543e+218,0.028211805555555556,2019-02-11,0.0,0.8032960079186318,0.00022444322106636043,0.002805540263329492,288,0.05625000000000001,0.05000000000000024
0.0008485992324561401,0.0,0.1447482638888889,"{""C07"": 288}",C07,334.73249000000067,2019-02-12 00:00:00,2019-02-12 23:55:00,477521.24780106544,4.193676700691478e+246,0.06380208333333333,2019-02-12,0.0,0.6936548620374788,0.00018947768118362585,0.0023684710147953065,288,0.30625,0.05000000000000024
0.0012010261330409355,0.0,0.1720920138888889,"{""C00"": 288}",C00,363.3723341666672,2019-02-13 00:00:00,2019-02-13 23:55:00,478054.4260869026,3.879912023833869e+249,0.0978732638888889,2019-02-13,0.0,0.6835231889617618,0.00029211753711123195,0.0036514692138904068,288,0.42604166666666665,0.05000000000000024
0.001794952485380117,0.0,0.008897569444444444,"{""C00"": 288}",C00,326.78238583333405,2019-02-14 00:00:00,2019-02-14 23:55:00,478599.85233831406,2.6705945551444336e+250,0.035807291666666664,2019-02-14,0.0,0.7983293632986378,0.0002162482612240534,0.0027031032653006618,288,0.07230902777777778,0.05000000000000024
0.002039644554093565,0.0,0.003689236111111111,"{""C03"": 288}",C03,291.24462541666736,2019-02-15 00:00:00,2019-02-15 23:55:00,479085.0500321388,2.747048740548241e+277,0.010199652777777778,2019-02-15,0.0,0.8082944819965205,0.0005662492859121824,0.007078116073902279,288,0.015017361111111108,0.05000000000000024
0.0013920321637426903,0.0,0.005859375,"{""C03"": 288}",C03,303.33167208333344,2019-02-16 00:00:00,2019-02-16 23:55:00,479576.18868255615,inf,0.017795138888888888,2019-02-16,0.0,0.8150157660321773,0.0034889411244968024,0.04361176405621003,288,0.03892361111111111,0.05000000000000024
0.0007429605263157896,0.0,0.15342881944444445,"{""C11"": 288}",C11,497.2630175000009,2019-02-17 00:00:00,2019-02-17 23:55:00,480060.19831967354,3.3668768078221324e+25,0.0939670138888889,2019-02-17,0.0,0.6749010589965799,0.0016048811236917782,0.020061014046147234,288,0.36440972222222223,0.05000000000000024
0.0008929906798245606,0.0,0.1762152777777778,"{""C00"": 288}",C00,297.491038333334,2019-02-18 00:00:00,2019-02-18 23:55:00,480534.0531075001,1.019905527140152e+28,0.06380208333333333,2019-02-18,0.0,0.6917839783305834,0.0001281431551932451,0.0016017894399155922,288,0.36115451388888886,0.05000000000000024
0.0006687792397660822,0.0,0.2803819444444444,"{""C07"": 288}",C07,298.7678033333339,2019-02-19 00:00:00,2019-02-19 23:55:00,481008.21635627747,2.281532121031798e+54,0.07855902777777778,2019-02-19,0.0,0.5643806723920828,0.0011356444015455213,0.014195555019319038,288,0.4394965277777778,0.05000000000000024
0.0008666767178362578,0.0,0.2426215277777778,"{""C00"": 288}",C00,327.07915750000063,2019-02-20 00:00:00,2019-02-20 23:55:00,481481.26231718063,1.3681654385248027e+57,0.08550347222222222,2019-02-20,0.0,0.6328621547316927,0.00013955519559429966,0.001744439944928758,288,0.4874565972222222,0.05000000000000024
0.0009131679459064327,0.0,0.0915798611111111,"{""C07"": 288}",C07,314.0744691666672,2019-02-21 00:00:00,2019-02-21 23:55:00,481957.67338871956,1.1721026717988923e+84,0.024739583333333332,2019-02-21,0.0,0.7159723671592969,0.00016035477891272,0.0020044347364090187,288,0.09422743055555556,0.05000000000000024
0.0012311028874269015,0.0,0.0032552083333333335,"{""C00"": 288}",C00,338.62222958333393,2019-02-22 00:00:00,2019-02-22 23:55:00,482434.94009518623,2.816018644804559e+86,0.03819444444444445,2019-02-22,0.0,0.8019391101442316,0.00021448662601082183,0.0026810828251353134,288,0.06927083333333334,0.05000000000000024
0.0013827558479532166,0.0,0.0,"{""C00"": 288}",C00,276.108583333334,2019-02-23 00:00:00,2019-02-23 23:55:00,482909.6526579857,1.3692022832415875e+87,0.0008680555555555555,2019-02-23,0.0,0.8122222241925712,8.011711460907176e-05,0.0010014639326134242,288,0.0024305555555555556,0.05000000000000024
0.0015416785453216371,0.0,0.010199652777777778,"{""C00"": 288}",C00,371.90248916666724,2019-02-24 00:00:00,2019-02-24 23:55:00,483391.15056467056,6.603701486828948e+87,0.033637152777777776,2019-02-24,0.0,0.7970879359432952,0.00012822861716887986,0.0016028577146110464,288,0.058420138888888896,0.05000000000000024
0.0014402046783625736,0.0,0.003689236111111111,"{""C00"": 288}",C00,305.35545791666726,2019-02-25 00:00:00,2019-02-25 23:55:00,483873.0688381195,2.5689170883968983e+88,0.019097222222222224,2019-02-25,0.0,0.8060254603849288,0.000606429576484961,0.00758036970606202,288,0.034548611111111106,0.05000000000000024
0.0018981725146198839,0.0,0.011935763888888888,"{""C00"": 288}",C00,317.96420916666733,2019-02-26 00:00:00,2019-02-26 23:55:00,484352.4720516205,1.5405768045606853e+89,0.015625,2019-02-26,0.0,0.7974553082944431,0.00018133659783982838,0.00226670747299788,288,0.03237847222222222,0.05000000000000024
0.0017467132675438582,0.0,0.006944444444444444,"{""C03"": 288}",C03,296.28097958333393,2019-02-27 00:00:00,2019-02-27 23:55:00,484837.8568241596,1.1735434011133987e+116,0.021701388888888888,2019-02-27,0.0,0.8040820391212171,0.00019992310444728043,0.002499038805590983,288,0.04171006944444444,0.05000000000000024
0.0015782346491228067,0.0,0.0015190972222222222,"{""C11"": 288}",C11,312.7794695833339,2019-02-28 00:00:00,2019-02-28 23:55:00,485353.95068335533,3.3416477314597085e+144,0.024305555555555556,2019-02-28,0.0,0.8077470667424235,0.00025439014336718765,0.0031798767920898415,288,0.03715277777777778,0.05000000000000024
0.0011728929093567252,0.0,0.00390625,"{""C11"": 288}",C11,318.9759275000006,2019-03-01 00:00:00,2019-03-01 23:55:00,485878.81439709663,1.241817847931507e+172,0.014973958333333334,2019-03-01,0.0,0.805745411358251,0.00012967170402036486,0.001620896300254539,288,0.020225694444444442,0.05000000000000024
0.0014045869883040935,0.0,0.14127604166666666,"{""C00"": 288}",C00,355.4714479166672,2019-03-02 00:00:00,2019-03-02 23:55:00,486367.8900015354,1.9315314668237356e+175,0.06987847222222222,2019-03-02,0.0,0.6985059984517982,0.00015526860392564232,0.0019408575490705475,288,0.3051649305555555,0.05000000000000024
0.0015467059576023394,0.0,0.001736111111111111,"{""C00"": 288}",C00,296.3619166666673,2019-03-03 00:00:00,2019-03-03 23:55:00,486856.2534122467,8.270345086757104e+175,0.019097222222222224,2019-03-03,0.0,0.8104895611214613,6.600230596072165e-05,0.0008250288245090356,288,0.04409722222222222,0.05000000000000024
0.0016373940058479535,0.0,0.0030381944444444445,"{""C00"": 288}",C00,312.7120216666672,2019-03-04 00:00:00,2019-03-04 23:55:00,487345.7413928509,3.737491546728965e+176,0.013237847222222222,2019-03-04,0.0,0.8047800382075477,0.0001165668033221891,0.001457085041527354,288,0.025434027777777774,0.05000000000000024
0.001719147478070175,0.0,0.005208333333333333,"{""C00"": 288}",C00,333.5723850000007,2019-03-05 00:00:00,2019-03-05 23:55:00,487854.8725707531,1.6189113544660076e+177,0.025824652777777776,2019-03-05,0.0,0.800274770962297,0.0001502717136457495,0.0018783964205718446,288,0.05733506944444444,0.05000000000000024
0.001915434027777778,0.0,0.008680555555555556,"{""C00"": 288}",C00,349.9224891666673,2019-03-06 00:00:00,2019-03-06 23:55:00,488435.9676604271,7.653932976536737e+177,0.029513888888888888,2019-03-06,0.0,0.7977360424130889,0.00013258896251536548,0.0016573620314420682,288,0.04670138888888889,0.05000000000000024
0.0019124552266081866,0.0,0.009114583333333334,"{""C00"": 288}",C00,322.60936541666723,2019-03-07 00:00:00,2019-03-07 23:55:00,489060.0405962467,3.2069214810149285e+178,0.023654513888888888,2019-03-07,0.0,0.8005678461988596,0.0002489679248535933,0.0031120990606698933,288,0.04409722222222222,0.05000000000000024
0.0014583698830409348,0.0,0.006727430555555556,"{""C03"": 288}",C03,317.50556291666726,2019-03-08 00:00:00,2019-03-08 23:55:00,489628.05546951294,1.5388392932294757e+205,0.028645833333333332,2019-03-08,0.0,0.8021179288253354,0.0004017169525564524,0.005021461906955635,288,0.053211805555555554,0.05000000000000024
0.0013362408625730998,0.0,0.004774305555555556,"{""C07"": 288}",C07,350.3271766666673,2019-03-09 00:00:00,2019-03-09 23:55:00,490105.7478816509,1.0809838479767294e+232,0.030381944444444444,2019-03-09,0.0,0.8008143994258279,0.0003282640791686723,0.004103300989608375,288,0.06514756944444446,0.05000000000000024
0.0016933826754385968,0.0,0.04405381944444445,"{""C00"": 288}",C00,292.4991566666673,2019-03-10 00:00:00,2019-03-10 23:55:00,490594.76277184486,1.4844158651843635e+236,0.01171875,2019-03-10,0.0,0.7561030154300261,2.4978167208011672e-05,0.00031222709010014793,288,0.03888888888888889,0.05000000000000024
0.001903634868421055,0.0,0.003689236111111111,"{""C11"": 288}",C11,280.6593129166673,2019-03-11 00:00:00,2019-03-11 23:55:00,491204.171421051,6.396185131148807e+262,0.010199652777777778,2019-03-11,0.0,0.8070908000289813,0.000368155062957354,0.004601938286966956,288,0.015451388888888886,0.05000000000000024
0.00236453125,0.0,0.0028211805555555555,"{""C00"": 288}",C00,306.9607191666673,2019-03-12 00:00:00,2019-03-12 23:55:00,491752.06068611145,2.9004441783069353e+265,0.014539930555555556,2019-03-12,0.0,0.8045749666176409,0.00021065131667488723,0.0026331414584360867,288,0.03411458333333333,0.05000000000000024
0.0028268448464912276,0.0,0.0028211805555555555,"{""C00"": 288}",C00,291.5009275000006,2019-03-13 00:00:00,2019-03-13 23:55:00,492226.8044297695,1.4543971765882592e+266,0.009548611111111112,2019-03-13,0.0,0.8079455174790281,0.00011427856104036353,0.0014284820130045566,288,0.013064236111111112,0.05000000000000024
0.002950330774853804,0.0,0.004774305555555556,"{""C06"": 288}",C06,310.8869166666673,2019-03-14 00:00:00,2019-03-14 23:55:00,492705.10120534897,8.93811022972497e+271,0.028862847222222224,2019-03-14,0.0,0.8095967244951623,0.0003112999691819437,0.003891249614774319,288,0.07230902777777778,0.05000000000000024
0.0018713313230994157,0.0,0.003689236111111111,"{""C03"": 288}",C03,347.4673858333339,2019-03-15 00:00:00,2019-03-15 23:55:00,493193.30588150024,3.8899499043880295e+299,0.05186631944444445,2019-03-15,0.0,0.8025895071252652,0.0002645547242890436,0.0033069340536130204,288,0.10269097222222223,0.05000000000000024
0.002292594115497077,0.0,0.0013020833333333333,"{""C07"": 288}",C07,297.6255716666673,2019-03-16 00:00:00,2019-03-16 23:55:00,493676.63931417465,inf,0.03493923611111111,2019-03-16,0.0,0.8196100569239735,0.0031921636671580194,0.039902045839475236,288,0.06600694444444445,0.05000000000000024
0.001665465095029241,0.0,0.005208333333333333,"{""C03"": 288}",C03,302.47743750000063,2019-03-17 00:00:00,2019-03-17 23:55:00,494165.1082429886,1.7729931240977967e+48,0.012369791666666666,2019-03-17,0.0,0.8045586972756975,0.00020864964503921232,0.002608120562990164,288,0.02478298611111111,0.05000000000000024
0.001490134320175439,0.0,0.004774305555555556,"{""C07"": 288}",C07,307.62170791666733,2019-03-18 00:00:00,2019-03-18 23:55:00,494641.3445549011,3.091500374545017e+76,0.018663194444444444,2019-03-18,0.0,0.8059115196127008,0.00013428575004840567,0.0016785718756050796,288,0.03910590277777778,0.05000000000000024
0.0017547679093567257,0.0,0.004774305555555556,"{""C07"": 288}",C07,337.637489583334,2019-03-19 00:00:00,2019-03-19 23:55:00,495132.99235367775,2.325482316410521e+105,0.033637152777777776,2019-03-19,0.0,0.8030667812173599,0.0004596770100638492,0.005745962625798108,288,0.057552083333333344,0.05000000000000024
0.0010965460526315795,0.0,0.025607638888888888,"{""C11"": 288}",C11,349.3424366666673,2019-03-20 00:00:00,2019-03-20 23:55:00,495613.9011864662,3.1289753934539917e+132,0.042534722222222224,2019-03-20,0.0,0.7744995675992137,0.00045987496910495095,0.005748437113811889,288,0.10203993055555556,0.05000000000000024
0.0011141173245614042,0.0,0.021918402777777776,"{""C11"": 288}",C11,344.9805629166673,2019-03-21 00:00:00,2019-03-21 23:55:00,496131.6755127907,4.992539595571174e+161,0.03624131944444445,2019-03-21,0.0,0.7774460147697752,0.00023044443914384136,0.0028805554892980126,288,0.0796875,0.05000000000000024
0.001761708698830409,0.0,0.15169270833333334,"{""C00"": 288}",C00,318.46332333333396,2019-03-22 00:00:00,2019-03-22 23:55:00,496607.2717998028,5.936276984065406e+164,0.055338541666666664,2019-03-22,0.0,0.6960220706742781,6.626214343500355e-05,0.0008282767929375695,288,0.2882378472222222,0.05000000000000024
0.0024527841739766082,0.0,0.0006510416666666666,"{""C07"": 288}",C07,281.85988500000065,2019-03-23 00:00:00,2019-03-23 23:55:00,497082.44168806076,7.761276319140377e+191,0.00043402777777777775,2019-03-23,0.0,0.8096240019039013,0.00012184827403916556,0.0015231034254896002,288,0.0015624999999999999,0.05000000000000024
0.002395587536549707,0.0,0.010850694444444444,"{""C03"": 288}",C03,323.364780833334,2019-03-24 00:00:00,2019-03-24 23:55:00,497572.3828237057,2.729371537234648e+220,0.024305555555555556,2019-03-24,0.0,0.8012082350940084,0.00035078605076832326,0.004384825634604088,288,0.056249999999999994,0.05000000000000024
0.0020822989766081886,0.0,0.005642361111111111,"{""C03"": 288}",C03,338.2310316666673,2019-03-25 00:00:00,2019-03-25 23:55:00,498071.7239224911,7.162090216709837e+248,0.030598958333333332,2019-03-25,0.0,0.8000181530942814,0.00043553686924893004,0.005444210865611629,288,0.056032986111111106,0.05000000000000024
0.001656716008771929,0.0,0.003689236111111111,"{""C03"": 288}",C03,322.2451462500006,2019-03-26 00:00:00,2019-03-26 23:55:00,498600.93386650085,1.9640916009238444e+277,0.023003472222222224,2019-03-26,0.0,0.804802078957298,0.00041245066545363027,0.005155633318170363,288,0.050173611111111106,0.05000000000000024
0.001943819444444445,0.0,0.004991319444444444,"{""C11"": 288}",C11,311.0807266666669,2019-03-27 00:00:00,2019-03-27 23:55:00,499079.9360933304,inf,0.018012152777777776,2019-03-27,0.0,0.818456222398741,0.0003005869622586903,0.0037573370282335994,288,0.031935763888888885,0.05000000000000024
0.002055002741228069,0.0,0.008680555555555556,"{""C11"": 288}",C11,350.42634916666725,2019-03-28 00:00:00,2019-03-28 23:55:00,499571.6293861866,1.4951089073606825e+26,0.026692708333333332,2019-03-28,0.0,0.8013617004592019,0.0003200197356575172,0.004000246695718999,288,0.056467013888888896,0.05000000000000024
0.0024013770102339193,0.0,0.004340277777777778,"{""C11"": 288}",C11,276.86400000000066,2019-03-29 00:00:00,2019-03-29 23:55:00,500051.0536189079,6.755335827203015e+54,0.0008680555555555555,2019-03-29,0.0,0.8072733182937989,7.024157764746604e-05,0.0008780197205933785,288,0.007855902777777778,0.05000000000000024
0.002851610928362572,0.0,0.004991319444444444,"{""C07"": 288}",C07,313.13019833333396,2019-03-30 00:00:00,2019-03-30 23:55:00,500527.16599845886,2.6813122611295704e+83,0.016493055555555556,2019-03-30,0.0,0.8025589692783991,0.00025712064220473406,0.003214008027559145,288,0.02434895833333333,0.05000000000000024
0.0026441191520467835,0.0,0.00390625,"{""C03"": 288}",C03,297.49504166666736,2019-03-31 00:00:00,2019-03-31 23:55:00,501022.779116869,8.215301072378098e+111,0.010416666666666666,2019-03-31,0.0,0.8052689534967004,0.00015484699065284458,0.0019355873831605995,288,0.015668402777777774,0.05000000000000024
0.002165329861111112,0.0,0.004557291666666667,"{""C09"": 288}",C09,333.6937916666673,2019-04-01 00:00:00,2019-04-01 23:55:00,501521.23124814034,1.2965977075953849e+119,0.019748263888888888,2019-04-01,0.0,0.701161973476548,0.00048614471468557075,0.0060768089335696595,288,0.03498263888888889,0.05000000000000024
0.002124503837719298,0.0,0.005642361111111111,"{""C11"": 288}",C11,318.3554066666673,2019-04-02 00:00:00,2019-04-02 23:55:00,501999.4689743519,9.609037853388898e+146,0.020182291666666668,2019-04-02,0.0,0.8014653785731487,0.0001943228310840838,0.002429035388551053,288,0.046484374999999994,0.05000000000000024
0.0024692059576023415,0.0,0.001953125,"{""C00"": 288}",C00,302.2346250000006,2019-04-03 00:00:00,2019-04-03 23:55:00,502480.52549624443,2.1202484348927985e+149,0.007595486111111111,2019-04-03,0.0,0.8058453169552998,0.00015544056728816733,0.0019430070911021066,288,0.012413194444444445,0.05000000000000024
0.002787307200292398,0.0,0.004557291666666667,"{""C11"": 288}",C11,332.9923341666673,2019-04-04 00:00:00,2019-04-04 23:55:00,502990.57104325294,1.766199330671969e+176,0.029730902777777776,2019-04-04,0.0,0.8017961542952975,0.0005653917606331302,0.007067397007914117,288,0.05928819444444444,0.05000000000000024
0.0030359795321637413,0.0,0.0008680555555555555,"{""C11"": 288}",C11,283.31748958333407,2019-04-05 00:00:00,2019-04-05 23:55:00,503472.56557536125,8.892254813929453e+204,0.014105902777777778,2019-04-05,0.0,0.8175629387222362,5.0298219538665545e-05,0.0006287277442333407,288,0.03411458333333333,0.05000000000000024
0.0032140040204678352,0.0,0.009114583333333334,"{""C03"": 288}",C03,296.614937916667,2019-04-06 00:00:00,2019-04-06 23:55:00,503957.7167890072,2.9258729402664153e+233,0.032769097222222224,2019-04-06,0.0,0.8171603518932002,0.0005089494628309957,0.006361868285387463,288,0.05842013888888889,0.05000000000000024
0.00305938779239766,0.0,0.006293402777777778,"{""C03"": 288}",C03,333.47795875000065,2019-04-07 00:00:00,2019-04-07 23:55:00,504497.2136039734,9.385974487656425e+261,0.030598958333333332,2019-04-07,0.0,0.7992578158568078,0.0003429937433391163,0.004287421791738946,288,0.06536458333333334,0.05000000000000024
0.003014523026315788,0.0,0.002170138888888889,"{""C11"": 288}",C11,297.09035333333395,2019-04-08 00:00:00,2019-04-08 23:55:00,505034.50290489197,3.0098540270080157e+290,0.0026041666666666665,2019-04-08,0.0,0.8060000796307804,0.00019032798295938664,0.002379099786992373,288,0.0059027777777777785,0.05000000000000024
0.003140475146198831,0.0,0.007378472222222222,"{""C00"": 288}",C00,322.88462458333373,2019-04-09 00:00:00,2019-04-09 23:55:00,505510.92353630066,5.236853403996366e+292,0.037543402777777776,2019-04-09,0.0,0.8100367599532933,0.000359891102576592,0.004498638782207394,288,0.07426215277777778,0.05000000000000024
0.0033253198099415216,0.0,0.0028211805555555555,"{""C00"": 288}",C00,291.5490529166664,2019-04-10 00:00:00,2019-04-10 23:55:00,505986.7282938957,2.3667862291521733e+293,0.052734375,2019-04-10,0.0,0.8402741183803385,0.0006684745763302333,0.008355932204127912,288,0.10290798611111113,0.05000000000000024
