bayesian_profile,climate_context_id,climate_context_name,comfort_error,context_penalty,electric_kw,energy_cost,gas_kw,gas_penalty,growth_day,guidance_penalty,heating_group_pct,heating_ventilation_conflict_penalty,indoor_air_speed_m_s,indoor_rh_pct,indoor_temp_c,lct_c,learning_elapsed_sec,light_on,mode,model_uncertainty_radius,mpc_score,oscillation_penalty,outdoor_cloud_okta,outdoor_rain_mm_day,outdoor_rh_pct,outdoor_solar_w_m2,outdoor_temp_c,outdoor_wind_m_s,reward,rl_action_key,rl_prior_cost,rl_q_delta,rl_state_key,rl_td_error,robust_margin_penalty,safety_status,state_estimation_temp_error_c,state_estimation_uncertainty_radius,switch_penalty,timestamp,uct_c,ventilation_group_pct
balanced,C00,cluster_00_mild_normal_humidity_normal_wind,0.0034081578947368417,0.0,12.124,12.124,0,0.0,,0.0002323108047091412,0.0,0.0,0.246384,51.9499,15.7951,-14,505162.10225462914,True,TRAIN,0.05,3.842001902820196e+292,0.0,1,2.64,59.3333,64.1079,13.18,1.3067,0.8024906300140325,V100|H000|L1,-6.421451194223103,1.526154110842448e-05,ctx=C00|phase=P_UNKNOWN|band=inside_high|hum=normal,-0.00019076926385530601,0.0,OK,0.0,0.05,0.0,2019-04-09 06:20:00,24.5,100.0
balanced,C00,cluster_00_mild_normal_humidity_normal_wind,0.0034026315789473663,0.0,12.124,12.124,0,0.0,,0.00023155803324099693,0.0,0.0,0.246727,52.1325,15.793,-14.25,505163.811419487,True,TRAIN,0.05,3.854950971081958e+292,0.0,1,2.64,59.6667,79.4123,13.1475,1.3608,0.802494673711417,V100|H000|L1,-6.421329101894235,1.37171220290222e-05,ctx=C00|phase=P_UNKNOWN|band=inside_high|hum=normal,-0.00017146402536238892,0.0,OK,0.0,0.05,0.0,2019-04-09 06:25:00,24.5,100.0
balanced,C00,cluster_00_mild_normal_humidity_normal_wind,0.0033971052631578966,0.0,12.124,12.124,0,0.0,,0.0002308064833795016,0.0,0.0,0.247014,52.3134,15.7909,-14.25,505165.4913625717,True,TRAIN,0.05,3.867933479978773e+292,0.0,1,2.64,60,94.4139,13.115,1.415,0.8024987166628338,V100|H000|L1,-6.421219364918003,1.2296316153292963e-05,ctx=C00|phase=P_UNKNOWN|band=inside_high|hum=normal,-0.00015370395191660613,0.0,OK,0.0,0.05,0.0,2019-04-09 06:30:00,24.5,100.0
balanced,C00,cluster_00_mild_normal_humidity_normal_wind,0.0033915789473684213,0.0,12.124,12.124,0,0.0,,0.00023005615512465376,0.0,0.0,0.247281,52.4933,15.7888,-14.25,505167.06576633453,True,TRAIN,0.05,3.8809494401902723e+292,0.0,1,2.64,60.3333,109.1063,13.0825,1.4692,0.8025027588682595,V100|H000|L1,-6.421120994388777,1.098923442699462e-05,ctx=C00|phase=P_UNKNOWN|band=inside_high|hum=normal,-0.0001373654303375993,0.0,OK,0.0,0.05,0.0,2019-04-09 06:35:00,24.5,100.0
balanced,C00,cluster_00_mild_normal_humidity_normal_wind,0.003385789473684211,0.0,12.124,12.124,0,0.0,,0.00022927140720221614,0.0,0.0,0.247542,52.6724,15.7866,-14.25,505168.800062418,True,TRAIN,0.05,3.893696227108588e+292,0.0,1,2.64,60.6667,123.4831,13.05,1.5233,0.802506992759511,V100|H000|L1,-6.421033080513361,9.771384372747605e-06,ctx=C00|phase=P_UNKNOWN|band=inside_high|hum=normal,-0.000122142304659123,0.0,OK,0.0,0.05,0.0,2019-04-09 06:40:00,24.5,100.0
balanced,C00,cluster_00_mild_normal_humidity_normal_wind,0.0033799999999999998,0.0,12.124,12.124,0,0.0,,0.00022848799999999997,0.0,0.0,0.247801,52.8506,15.7844,-14.25,505170.37366580963,True,TRAIN,0.05,3.9064734581600804e+292,0.0,1,2.64,61,137.5387,13.0175,1.5775,0.8025112258319812,V100|H000|L1,-6.420954909438379,8.651027825323787e-06,ctx=C00|phase=P_UNKNOWN|band=inside_high|hum=normal,-0.00010813784781615876,0.0,OK,0.0,0.05,0.0,2019-04-09 06:45:00,24.25,100.0
balanced,C00,cluster_00_mild_normal_humidity_normal_wind,0.0033742105263157886,0.0,12.124,12.124,0,0.0,,0.00022770593351800544,0.0,0.0,0.24806,53.028,15.7822,-14.25,505171.9479598999,True,TRAIN,0.05,3.919281119116411e+292,0.0,1,2.64,61.3333,151.2672,12.985,1.6317,0.8025154580856434,V100|H000|L1,-6.420885701215776,7.620365306326704e-06,ctx=C00|phase=P_UNKNOWN|band=inside_high|hum=normal,-9.525456632863971e-05,0.0,OK,0.0,0.05,0.0,2019-04-09 06:50:00,24.25,100.0
balanced,C00,cluster_00_mild_normal_humidity_normal_wind,0.003368421052631578,0.0,12.124,12.124,0,0.0,,0.0002269252077562325,0.0,0.0,0.248319,53.2045,15.78,-14.25,505173.5229358673,True,TRAIN,0.05,3.932119194845851e+292,0.0,1,2.64,61.6667,164.6635,12.9525,1.6858,0.8025196895204711,V100|H000|L1,-6.420824738293326,6.672221295578318e-06,ctx=C00|phase=P_UNKNOWN|band=inside_high|hum=normal,-8.340276619456244e-05,0.0,OK,0.0,0.05,0.0,2019-04-09 06:55:00,24.25,100.0
balanced,C00,cluster_00_mild_normal_humidity_normal_wind,0.00336236842105263,0.0,12.124,12.124,0,0.0,,0.0002261104279778391,0.0,0.0,0.248578,53.3802,15.7777,-14.25,505175.25469493866,True,TRAIN,0.05,3.94467893650845e+292,0.0,1,2.64,62,177.7224,12.92,1.74,0.8025241124177065,V100|H000|L1,-6.420771360522961,5.784611813108853e-06,ctx=C00|phase=P_UNKNOWN|band=inside_high|hum=normal,-7.230764766363862e-05,0.0,OK,0.0,0.05,0.0,2019-04-09 07:00:00,24.25,100.0
balanced,C00,cluster_00_mild_normal_humidity_normal_wind,0.0033884210526315774,0.0,12.124,12.124,0,0.0,,0.00022962794459833774,0.0,0.0,0.248682,53.4425,15.7876,-14.25,505176.82939600945,True,TRAIN,0.05,3.995119700744713e+292,0.0,1,2.72,61.4167,191.5274,13.0817,1.7442,0.8025050683649878,V100|H000|L1,-6.420725083628456,6.845367085506204e-06,ctx=C00|phase=P_UNKNOWN|band=inside_high|hum=normal,-8.556708856921613e-05,0.0,OK,0.0,0.05,0.0,2019-04-09 07:05:00,24.25,100.0
balanced,C00,cluster_00_mild_normal_humidity_normal_wind,0.0034239473684210524,0.0,12.124,12.124,0,0.0,,0.000234468311634349,0.0,0.0,0.248731,53.4627,15.8011,-14.25,505178.55808258057,True,TRAIN,0.05,4.057192057977744e+292,0.0,1,2.8,60.8333,205.1482,13.2433,1.7483,0.8024790724827063,V100|H000|L1,-6.420670320691772,8.377408301174505e-06,ctx=C00|phase=P_UNKNOWN|band=inside_high|hum=normal,-0.00010471760376518091,0.0,OK,0.0,0.05,0.0,2019-04-09 07:10:00,24.25,100.0
balanced,C00,cluster_00_mild_normal_humidity_normal_wind,0.0034626315789473673,0.0,12.124,12.124,0,0.0,,0.00023979634903047075,0.0,0.0,0.248761,53.4659,15.8158,-14.25,505180.15555882454,True,TRAIN,0.05,4.123545904570402e+292,0.0,1,2.88,60.25,218.5788,13.405,1.7525,0.8024507307992584,V100|H000|L1,-6.420603301425363,9.974550312930042e-06,ctx=C00|phase=P_UNKNOWN|band=inside_high|hum=normal,-0.00012468187891190308,0.0,OK,0.0,0.05,0.0,2019-04-09 07:15:00,24.25,100.0
balanced,C00,cluster_00_mild_normal_humidity_normal_wind,0.003501842105263159,0.0,12.124,12.124,0,0.0,,0.00024525796260387825,0.0,0.0,0.248785,53.4598,15.8307,-14.25,505181.88412833214,True,TRAIN,0.05,4.1910917676606595e+292,0.0,1,2.96,59.6667,231.8137,13.5667,1.7567,0.8024219662255314,V100|H000|L1,-6.420523505022859,1.1477752186128676e-05,ctx=C00|phase=P_UNKNOWN|band=inside_high|hum=normal,-0.00014347190232599782,0.0,OK,0.0,0.05,0.0,2019-04-09 07:20:00,24.25,100.0
balanced,C00,cluster_00_mild_normal_humidity_normal_wind,0.0035413157894736863,0.0,12.124,12.124,0,0.0,,0.0002508183504155128,0.0,0.0,0.248806,53.4468,15.8457,-14.25,505183.6291794777,True,TRAIN,0.05,4.259526529420347e+292,0.0,1,3.04,59.0833,244.847,13.7283,1.7608,0.8023929706894609,V100|H000|L1,-6.42043168300537,1.2879174896784917e-05,ctx=C00|phase=P_UNKNOWN|band=inside_high|hum=normal,-0.00016098968621036658,0.0,OK,0.0,0.05,0.0,2019-04-09 07:25:00,24.25,100.0
balanced,C00,cluster_00_mild_normal_humidity_normal_wind,0.003581052631578946,0.0,12.124,12.124,0,0.0,,0.0002564787590027699,0.0,0.0,0.248827,53.428,15.8608,-14.25,505185.2326927185,True,TRAIN,0.05,4.328858972833007e+292,0.0,2,3.12,58.5,257.6735,13.89,1.765,0.8023637434388391,V100|H000|L1,-6.420328649606196,1.4187020954792295e-05,ctx=C00|phase=P_UNKNOWN|band=inside_high|hum=normal,-0.0001773377619354033,0.0,OK,0.0,0.05,0.0,2019-04-09 07:30:00,24.25,100.0
balanced,C00,cluster_00_mild_normal_humidity_normal_wind,0.0036205263157894733,0.0,12.124,12.124,0,0.0,,0.000262164216066482,0.0,0.0,0.248847,53.4034,15.8758,-14.25,505186.9792845249,True,TRAIN,0.05,4.398458550630343e+292,0.0,2,3.2,57.9167,270.2878,14.0517,1.7692,0.8023346715980992,V100|H000|L1,-6.420215153438558,1.537780653759757e-05,ctx=C00|phase=P_UNKNOWN|band=inside_high|hum=normal,-0.00019222258172046924,0.0,OK,0.0,0.05,0.0,2019-04-09 07:35:00,24.25,100.0
balanced,C00,cluster_00_mild_normal_humidity_normal_wind,0.003660000000000002,0.0,12.124,12.124,0,0.0,,0.00026791200000000025,0.0,0.0,0.248867,53.3726,15.8908,-14,505188.61990737915,True,TRAIN,0.05,4.468645902731332e+292,0.0,2,3.28,57.3333,282.6847,14.2133,1.7733,0.8023055617445407,V100|H000|L1,-6.420092130986257,1.6476370299334242e-05,ctx=C00|phase=P_UNKNOWN|band=inside_high|hum=normal,-0.00020595462874140047,0.0,OK,0.0,0.05,0.0,2019-04-09 07:40:00,24.25,100.0
balanced,C00,cluster_00_mild_normal_humidity_normal_wind,0.0036997368421052656,0.0,12.124,12.124,0,0.0,,0.00027376105401662084,0.0,0.0,0.248887,53.3362,15.9059,-14,505190.2764351368,True,TRAIN,0.05,4.5397480737871945e+292,0.0,2,3.36,56.75,294.8591,14.375,1.7775,0.8022762194401085,V100|H000|L1,-6.419960320023862,1.7505645029891603e-05,ctx=C00|phase=P_UNKNOWN|band=inside_high|hum=normal,-0.00021882056287425566,0.0,OK,0.0,0.05,0.0,2019-04-09 07:45:00,24.25,100.0
balanced,C00,cluster_00_mild_normal_humidity_normal_wind,0.003739210526315789,0.0,12.124,12.124,0,0.0,,0.0002796339072022159,0.0,0.0,0.248907,53.2938,15.9209,-14,505191.8540174961,True,TRAIN,0.05,4.611125028973924e+292,0.0,2,3.44,56.1667,306.8063,14.5367,1.7817,0.8022470333331584,V100|H000|L1,-6.419820274863623,1.8440081983595036e-05,ctx=C00|phase=P_UNKNOWN|band=inside_high|hum=normal,-0.00023050102479449386,0.0,OK,0.0,0.05,0.0,2019-04-09 07:50:00,24.25,100.0
balanced,C00,cluster_00_mild_normal_humidity_normal_wind,0.003778684210526316,0.0,12.124,12.124,0,0.0,,0.0002855690872576178,0.0,0.0,0.248927,53.245,15.9359,-14,505193.5108139515,True,TRAIN,0.05,4.683102260010681e+292,0.0,2,3.52,55.5833,318.5215,14.6983,1.7858,0.8022178092389893,V100|H000|L1,-6.419672754207754,1.9302802958365284e-05,ctx=C00|phase=P_UNKNOWN|band=inside_high|hum=normal,-0.00024128503697995463,0.0,OK,0.0,0.05,0.0,2019-04-09 07:55:00,24.25,100.0
balanced,C00,cluster_00_mild_normal_humidity_normal_wind,0.0038181578947368445,0.0,12.124,12.124,0,0.0,,0.00029156659418282576,0.0,0.0,0.248947,53.1903,15.9509,-14,505195.21152949333,True,TRAIN,0.05,4.755683985232083e+292,0.0,2,3.6,55,330.0,14.86,1.79,0.8021885471661359,V100|H000|L1,-6.419518331784087,2.0099544549956327e-05,ctx=C00|phase=P_UNKNOWN|band=inside_high|hum=normal,-0.0002512443068750647,0.0,OK,0.0,0.05,0.0,2019-04-09 08:00:00,24.25,100.0
balanced,C00,cluster_00_mild_normal_humidity_normal_wind,0.003834473684210528,0.0,12.124,12.124,0,0.0,,0.0002940637686980612,0.0,0.0,0.248871,53.146,15.9571,-14,505196.89579439163,True,TRAIN,0.05,4.799886050421169e+292,0.0,2,3.62,54.9167,340.9493,14.8775,1.7633,0.8021764410848787,V100|H000|L1,-6.419357535427688,1.9460067486543053e-05,ctx=C00|phase=P_UNKNOWN|band=inside_high|hum=normal,-0.00024325084358223226,0.0,OK,0.0,0.05,0.0,2019-04-09 08:05:00,24.25,100.0
balanced,C00,cluster_00_mild_normal_humidity_normal_wind,0.0038436842105263147,0.0,12.124,12.124,0,0.0,,0.000295478166204986,0.0,0.0,0.248761,53.1109,15.9606,-14,505198.47337555885,True,TRAIN,0.05,4.835472605223649e+292,0.0,2,3.64,54.8333,351.6327,14.895,1.7367,0.8021696041423416,V100|H000|L1,-6.419201854887795,1.8450217490584286e-05,ctx=C00|phase=P_UNKNOWN|band=inside_high|hum=normal,-0.00023062771863280318,0.0,OK,0.0,0.05,0.0,2019-04-09 08:10:00,24.25,100.0
balanced,C00,cluster_00_mild_normal_humidity_normal_wind,0.003850789473684211,0.0,12.124,12.124,0,0.0,,0.00029657159141274243,0.0,0.0,0.24864,53.0802,15.9633,-14,505200.2057991028,True,TRAIN,0.05,4.868633300383327e+292,0.0,2,3.66,54.75,362.0466,14.9125,1.71,0.802164328517238,V100|H000|L1,-6.419054253147871,1.7396250099666055e-05,ctx=C00|phase=P_UNKNOWN|band=inside_high|hum=normal,-0.0002174531262458812,0.0,OK,0.0,0.05,0.0,2019-04-09 08:15:00,24.25,100.0
balanced,C00,cluster_00_mild_normal_humidity_normal_wind,0.003857105263157895,0.0,12.124,12.124,0,0.0,,0.0002975452202216067,0.0,0.0,0.248514,53.0512,15.9657,-14,505201.90606212616,True,TRAIN,0.05,4.901001576924554e+292,0.0,2,3.68,54.6667,372.1874,14.93,1.6833,0.8021596380401047,V100|H000|L1,-6.418915083147073,1.63797882624106e-05,ctx=C00|phase=P_UNKNOWN|band=inside_high|hum=normal,-0.00020474735327946636,0.0,OK,0.0,0.05,0.0,2019-04-09 08:20:00,24.25,100.0
balanced,C00,cluster_00_mild_normal_humidity_normal_wind,0.0038634210526315785,0.0,12.124,12.124,0,0.0,,0.0002985204445983379,0.0,0.0,0.248387,53.0227,15.9681,-14,505203.56135869026,True,TRAIN,0.05,4.933571820398683e+292,0.0,2,3.7,54.5833,382.0517,14.9475,1.6567,0.8021549465911516,V100|H000|L1,-6.418784044840974,1.5444721117585658e-05,ctx=C00|phase=P_UNKNOWN|band=inside_high|hum=normal,-0.0001930590139701538,0.0,OK,0.0,0.05,0.0,2019-04-09 08:25:00,24.25,100.0
balanced,C00,cluster_00_mild_normal_humidity_normal_wind,0.0038694736842105255,0.0,12.124,12.124,0,0.0,,0.00029945653185595557,0.0,0.0,0.24826,52.9944,15.9704,-14,505205.13913464546,True,TRAIN,0.05,4.96600750952782e+292,0.0,2,3.72,54.5,391.6365,14.965,1.63,0.8021504497073463,V100|H000|L1,-6.418660487072033,1.456889413264939e-05,ctx=C00|phase=P_UNKNOWN|band=inside_high|hum=normal,-0.00018211117665789534,0.0,OK,0.0,0.05,0.0,2019-04-09 08:30:00,24.25,100.0
balanced,C00,cluster_00_mild_normal_humidity_normal_wind,0.0038755263157894734,0.0,12.124,12.124,0,0.0,,0.00030039408448753453,0.0,0.0,0.248133,52.9661,15.9727,-14,505206.8261721134,True,TRAIN,0.05,4.99864421625274e+292,0.0,2,3.74,54.4167,400.9388,14.9825,1.6033,0.8021459519310825,V100|H000|L1,-6.418543935918972,1.3763204703143295e-05,ctx=C00|phase=P_UNKNOWN|band=inside_high|hum=normal,-0.00017204005878901363,0.0,OK,0.0,0.05,0.0,2019-04-09 08:35:00,24.25,100.0
balanced,C00,cluster_00_mild_normal_humidity_normal_wind,0.00388157894736842,0.0,12.124,12.124,0,0.0,,0.0003013331024930746,0.0,0.0,0.248006,52.9378,15.975,-14,505208.54337096214,True,TRAIN,0.05,5.03148313985717e+292,0.0,2,3.76,54.3333,409.9557,15,1.5767,0.8021414532623907,V100|H000|L1,-6.418433830281347,1.3022041822186026e-05,ctx=C00|phase=P_UNKNOWN|band=inside_high|hum=normal,-0.0001627755227776584,0.0,OK,0.0,0.05,0.0,2019-04-09 08:40:00,24.25,100.0
balanced,C00,cluster_00_mild_normal_humidity_normal_wind,0.003887368421052631,0.0,12.124,12.124,0,0.0,,0.00030223266481994453,0.0,0.0,0.247878,52.9094,15.9772,-14,505210.2198777199,True,TRAIN,0.05,5.064182663503727e+292,0.0,2,3.78,54.25,418.6846,15.0175,1.55,0.802137149352949,V100|H000|L1,-6.41832965394677,1.2324591231793747e-05,ctx=C00|phase=P_UNKNOWN|band=inside_high|hum=normal,-0.0001540573903971998,0.0,OK,0.0,0.05,0.0,2019-04-09 08:45:00,24.25,100.0
balanced,C00,cluster_00_mild_normal_humidity_normal_wind,0.0038931578947368423,0.0,12.124,12.124,0,0.0,,0.00030313356786703603,0.0,0.0,0.247751,52.8811,15.9794,-14,505211.7972564697,True,TRAIN,0.05,5.0970833953082525e+292,0.0,2,3.8,54.1667,427.1231,15.035,1.5233,0.8021328446270501,V100|H000|L1,-6.418231057216915,1.1683002005158372e-05,ctx=C00|phase=P_UNKNOWN|band=inside_high|hum=normal,-0.0001460375250642576,0.0,OK,0.0,0.05,0.0,2019-04-09 08:50:00,24.25,100.0
balanced,C00,cluster_00_mild_normal_humidity_normal_wind,0.0038989473684210535,0.0,12.124,12.124,0,0.0,,0.00030403581163434916,0.0,0.0,0.247624,52.8527,15.9816,-14,505213.4959566593,True,TRAIN,0.05,5.130186529864236e+292,0.0,2,3.82,54.0833,435.2691,15.0525,1.4967,0.8021285390847213,V100|H000|L1,-6.418137593200874,1.1092805231038838e-05,ctx=C00|phase=P_UNKNOWN|band=inside_high|hum=normal,-0.00013866006538798548,0.0,OK,0.0,0.05,0.0,2019-04-09 08:55:00,24.25,100.0
balanced,C00,cluster_00_mild_normal_humidity_normal_wind,0.0039047368421052647,0.0,12.124,12.124,0,0.0,,0.0003049393961218839,0.0,0.0,0.247497,52.8243,15.9838,-14,505215.17659163475,True,TRAIN,0.05,5.163493268680897e+292,0.0,2,3.84,54,443.1202,15.07,1.47,0.8021242327259893,V100|H000|L1,-6.418048850759026,1.054988951110225e-05,ctx=C00|phase=P_UNKNOWN|band=inside_high|hum=normal,-0.00013187361888888915,0.0,OK,0.0,0.05,0.0,2019-04-09 09:00:00,24.25,100.0
balanced,C00,cluster_00_mild_normal_humidity_normal_wind,0.003923947368421051,0.0,12.124,12.124,0,0.0,,0.00030794725900276984,0.0,0.0,0.247543,52.8776,15.9911,-14,505216.8851647377,True,TRAIN,0.05,5.214841108636426e+292,0.0,2,4.06,53.75,450.6748,15.1742,1.4992,0.8021099375961653,V100|H000|L1,-6.417964451642937,1.0849508736088254e-05,ctx=C00|phase=P_UNKNOWN|band=inside_high|hum=normal,-0.0001356188592017693,0.0,OK,0.0,0.05,0.0,2019-04-09 09:05:00,24.25,100.0
balanced,C00,cluster_00_mild_normal_humidity_normal_wind,0.003947105263157896,0.0,12.124,12.124,0,0.0,,0.0003115927991689752,0.0,0.0,0.247649,52.9463,15.9999,-14,505218.4665007591,True,TRAIN,0.05,5.271845536676278e+292,0.0,2,4.28,53.5,457.9311,15.2783,1.5283,0.802092693163526,V100|H000|L1,-6.417877655573048,1.136110264843282e-05,ctx=C00|phase=P_UNKNOWN|band=inside_high|hum=normal,-0.00014201378310496615,0.0,OK,0.0,0.05,0.0,2019-04-09 09:10:00,24.5,100.0
balanced,C00,cluster_00_mild_normal_humidity_normal_wind,0.003971578947368421,0.0,12.124,12.124,0,0.0,,0.00031546878670360104,0.0,0.0,0.247777,53.017,16.0092,-13.75,505220.114890337,True,TRAIN,0.05,5.331055823969327e+292,0.0,2,4.5,53.25,464.8876,15.3825,1.5575,0.8020744547407176,V100|H000|L1,-6.417786766751861,1.1911288261168274e-05,ctx=C00|phase=P_UNKNOWN|band=inside_high|hum=normal,-0.000148891103264992,0.0,OK,0.0,0.05,0.0,2019-04-09 09:15:00,24.5,100.0
balanced,C00,cluster_00_mild_normal_humidity_normal_wind,0.003996578947368419,0.0,12.124,12.124,0,0.0,,0.0003194528656509691,0.0,0.0,0.247912,53.0868,16.0187,-13.75,505221.76067996025,True,TRAIN,0.05,5.391436424769099e+292,0.0,2,4.72,53,471.5429,15.4867,1.5867,0.8020558090370702,V100|H000|L1,-6.417691476445771,1.2450041492084729e-05,ctx=C00|phase=P_UNKNOWN|band=inside_high|hum=normal,-0.00015562551865122565,0.0,OK,0.0,0.05,0.0,2019-04-09 09:20:00,24.5,100.0
balanced,C00,cluster_00_mild_normal_humidity_normal_wind,0.004021578947368417,0.0,12.124,12.124,0,0.0,,0.0003234619445983372,0.0,0.0,0.24805,53.155,16.0282,-13.5,505223.3448705673,True,TRAIN,0.05,5.452287555181269e+292,0.0,2,4.94,52.75,477.8959,15.5908,1.6158,0.8020371481187204,V100|H000|L1,-6.417591876113835,1.2946911640665526e-05,ctx=C00|phase=P_UNKNOWN|band=inside_high|hum=normal,-0.0001618363955089297,0.0,OK,0.0,0.05,0.0,2019-04-09 09:25:00,24.5,100.0
balanced,C00,cluster_00_mild_normal_humidity_normal_wind,0.004046578947368424,0.0,12.124,12.124,0,0.0,,0.00032749602354570676,0.0,0.0,0.248189,53.2221,16.0377,-13.5,505225.074917078,True,TRAIN,0.05,5.513612410986953e+292,0.0,2,5.16,52.5,483.9455,15.695,1.645,0.8020184719878526,V100|H000|L1,-6.417488300820709,1.3405249178921608e-05,ctx=C00|phase=P_UNKNOWN|band=inside_high|hum=normal,-0.000167565614736076,0.0,OK,0.0,0.05,0.0,2019-04-09 09:30:00,24.5,100.0
balanced,C00,cluster_00_mild_normal_humidity_normal_wind,0.004071578947368422,0.0,12.124,12.124,0,0.0,,0.0003315551024930749,0.0,0.0,0.248328,53.2879,16.0472,-13.5,505226.77088189125,True,TRAIN,0.05,5.575414208161803e+292,0.0,2,5.38,52.25,489.6911,15.7992,1.6742,0.8019997806466528,V100|H000|L1,-6.417381058827278,1.3828136540605662e-05,ctx=C00|phase=P_UNKNOWN|band=inside_high|hum=normal,-0.00017285170675696016,0.0,OK,0.0,0.05,0.0,2019-04-09 09:35:00,24.5,100.0
balanced,C00,cluster_00_mild_normal_humidity_normal_wind,0.004096578947368419,0.0,12.124,12.124,0,0.0,,0.00033563918144044295,0.0,0.0,0.248467,53.3522,16.0567,-13.25,505228.4546175003,True,TRAIN,0.05,5.637696182998126e+292,0.0,2,5.6,52,495.1319,15.9033,1.7033,0.8019810740973089,V100|H000|L1,-6.417270433734953,1.4218409564836776e-05,ctx=C00|phase=P_UNKNOWN|band=inside_high|hum=normal,-0.00017773011956023765,0.0,OK,0.0,0.05,0.0,2019-04-09 09:40:00,24.75,100.0
balanced,C00,cluster_00_mild_normal_humidity_normal_wind,0.004120263157894736,0.00225,1.764,1.764,0,0.0,,0.00033953136980609407,0.0,0.0,0.144667,64.4215,16.0657,-13.5,505230.04065823555,True,TRAIN,0.05,5.69864175389527e+292,0.25,2,5.82,51.75,500.2676,16.0075,1.7325,0.9597022977113385,V000|H000|L1,-7.677680864178653,6.248248793916389e-07,ctx=C00|phase=P_UNKNOWN|band=inside_high|hum=normal,-7.81031099306162e-06,0.0,OK,0.0,0.05,2.0,2019-04-09 09:45:00,22.75,0.0
balanced,C00,cluster_00_mild_normal_humidity_normal_wind,0.0041292105263157864,0.00225,1.764,1.764,0,0.0,,0.0003410075914127419,0.0,0.0,0.108428,67.15,16.0691,-13.5,505231.7810459137,True,TRAIN,0.05,5.739571737827967e+292,0.25,2,6.04,51.5,505.0978,16.1117,1.7617,0.9596926973838855,V000|H000|L1,-7.677675865579618,1.3428650853519741e-06,ctx=C00|phase=P_UNKNOWN|band=inside_high|hum=normal,-1.6785813566677632e-05,0.0,OK,0.0,0.05,0.0,2019-04-09 09:50:00,22.25,0.0
balanced,C00,cluster_00_mild_normal_humidity_normal_wind,0.004133684210526312,0.00225,1.764,1.764,0,0.0,,0.00034174690304709075,0.0,0.0,0.095835,67.799,16.0708,-13.5,505233.4721400738,True,TRAIN,0.05,5.774519076036625e+292,0.0,2,6.26,51.25,509.6225,16.2158,1.7908,0.9596878961862196,V000|H000|L1,-7.677665122658935,1.619531691754439e-06,ctx=C00|phase=P_UNKNOWN|band=inside_high|hum=normal,-2.0244146147208042e-05,0.0,OK,0.0,0.05,0.0,2019-04-09 09:55:00,22.25,0.0
balanced,C00,cluster_00_mild_normal_humidity_normal_wind,0.00413657894736842,0.00225,1.764,1.764,0,0.0,,0.00034222570775623246,0.0,0.0,0.0915186,67.93,16.0719,-13.25,505235.15864396095,True,TRAIN,0.05,5.807455671186711e+292,0.0,2,6.48,51,513.8417,16.32,1.82,0.9596847891616153,V000|H000|L1,-7.677652166405401,1.7385311248396818e-06,ctx=C00|phase=P_UNKNOWN|band=inside_high|hum=normal,-2.1731639059829888e-05,0.0,OK,0.0,0.05,0.0,2019-04-09 10:00:00,22.25,0.0
balanced,C00,cluster_00_mild_normal_humidity_normal_wind,0.004139473684210528,0.00225,1.764,1.764,0,0.0,,0.0003427048476454296,0.0,0.0,0.0898805,68.0177,16.073,-13.5,505236.73844766617,True,TRAIN,0.05,5.840577269311398e+292,0.0,2,6.36,50.9167,526.5231,16.3483,1.7792,0.9596816818484319,V000|H000|L1,-7.677638258156402,1.8480336894111105e-06,ctx=C00|phase=P_UNKNOWN|band=inside_high|hum=normal,-2.3100421118305015e-05,0.0,OK,0.0,0.05,0.0,2019-04-09 10:05:00,22.25,0.0
balanced,C00,cluster_00_mild_normal_humidity_normal_wind,0.004142368421052636,0.00225,1.764,1.764,0,0.0,,0.0003431843227146821,0.0,0.0,0.0891797,68.0945,16.0741,-13.5,505238.40090322495,True,TRAIN,0.05,5.873884897025551e+292,0.0,2,6.24,50.8333,539.1055,16.3767,1.7383,0.9596785742466754,V000|H000|L1,-7.677623473886887,1.9487991348432487e-06,ctx=C00|phase=P_UNKNOWN|band=inside_high|hum=normal,-2.4359989185485098e-05,0.0,OK,0.0,0.05,0.0,2019-04-09 10:10:00,22.25,0.0
balanced,C00,cluster_00_mild_normal_humidity_normal_wind,0.004144999999999998,0.00225,1.764,1.764,0,0.0,,0.00034362049999999957,0.0,0.0,0.0888074,68.1684,16.0751,-13.5,505240.1530470848,True,TRAIN,0.05,5.907004562487423e+292,0.0,2,6.12,50.75,551.5767,16.405,1.6975,0.9596757489037597,V000|H000|L1,-7.677607883493808,2.0189226372924196e-06,ctx=C00|phase=P_UNKNOWN|band=inside_high|hum=normal,-2.5236532966266267e-05,0.0,OK,0.0,0.05,0.0,2019-04-09 10:15:00,22,0.0
balanced,C00,cluster_00_mild_normal_humidity_normal_wind,0.00414763157894737,0.00225,1.764,1.764,0,0.0,,0.000344056954293629,0.0,0.0,0.0885502,68.2415,16.0761,-13.5,505241.7284896374,True,TRAIN,0.05,5.940308577481504e+292,0.0,2,6,50.6667,563.9248,16.4333,1.6567,0.9596729233223629,V000|H000|L1,-7.67759173211271,2.083455338031115e-06,ctx=C00|phase=P_UNKNOWN|band=inside_high|hum=normal,-2.6043191725833026e-05,0.0,OK,0.0,0.05,0.0,2019-04-09 10:20:00,22,0.0
balanced,C00,cluster_00_mild_normal_humidity_normal_wind,0.004150263157894741,0.00225,1.764,1.764,0,0.0,,0.00034449368559556857,0.0,0.0,0.0883331,68.3145,16.0771,-13.75,505243.4494049549,True,TRAIN,0.05,5.973797957511463e+292,0.0,2,5.88,50.5833,576.1377,16.4617,1.6158,0.9596700975024892,V000|H000|L1,-7.677575064470005,2.1428445009519237e-06,ctx=C00|phase=P_UNKNOWN|band=inside_high|hum=normal,-2.6785556261454957e-05,0.0,OK,0.0,0.05,0.0,2019-04-09 10:25:00,22,0.0
balanced,C00,cluster_00_mild_normal_humidity_normal_wind,0.004152894736842104,0.00225,1.764,1.764,0,0.0,,0.0003449306939058169,0.0,0.0,0.0881306,68.3871,16.0781,-13.75,505245.140206337,True,TRAIN,0.05,6.0074737236272715e+292,0.0,2,5.76,50.5,588.2033,16.49,1.575,0.9596672714441433,V000|H000|L1,-7.677557921713998,2.197501608458552e-06,ctx=C00|phase=P_UNKNOWN|band=inside_high|hum=normal,-2.7468770106398033e-05,0.0,OK,0.0,0.05,0.0,2019-04-09 10:30:00,22,0.0
balanced,C00,cluster_00_mild_normal_humidity_normal_wind,0.004155526315789475,0.00225,1.764,1.764,0,0.0,,0.00034536797922437695,0.0,0.0,0.0879334,68.4595,16.0791,-13.75,505246.8563261032,True,TRAIN,0.05,6.041336902455312e+292,0.0,2,5.64,50.4167,600.1095,16.5183,1.5342,0.9596644451473295,V000|H000|L1,-7.67754034170113,2.247805224953048e-06,ctx=C00|phase=P_UNKNOWN|band=inside_high|hum=normal,-2.8097565311746564e-05,0.0,OK,0.0,0.05,0.0,2019-04-09 10:35:00,22,0.0
balanced,C00,cluster_00_mild_normal_humidity_normal_wind,0.004158157894736846,0.00225,1.764,1.764,0,0.0,,0.00034580554155124723,0.0,0.0,0.0877379,68.532,16.0801,-14,505248.4285316467,True,TRAIN,0.05,6.075388526228543e+292,0.0,2,5.52,50.3333,611.8443,16.5467,1.4933,0.959661618612052,V000|H000|L1,-7.6775223592593305,2.294103629174593e-06,ctx=C00|phase=P_UNKNOWN|band=inside_high|hum=normal,-2.8676295364293836e-05,0.0,OK,0.0,0.05,0.0,2019-04-09 10:40:00,21.75,0.0
balanced,C00,cluster_00_mild_normal_humidity_normal_wind,0.004160526315789472,0.00225,1.764,1.764,0,0.0,,0.0003461995844875344,0.0,0.0,0.0875435,68.6041,16.081,-14,505250.1463239193,True,TRAIN,0.05,6.109243216421207e+292,0.0,2,5.4,50.25,623.3957,16.575,1.4525,0.9596590745264194,V000|H000|L1,-7.677504006430297,2.3141021894268476e-06,ctx=C00|phase=P_UNKNOWN|band=inside_high|hum=normal,-2.8926277367724573e-05,0.0,OK,0.0,0.05,0.0,2019-04-09 10:45:00,21.75,0.0
balanced,C00,cluster_00_mild_normal_humidity_normal_wind,0.004162894736842108,0.00225,1.764,1.764,0,0.0,,0.00034659385180055443,0.0,0.0,0.0873498,68.6761,16.0819,-14,505251.8081240654,True,TRAIN,0.05,6.143284568802656e+292,0.0,2,5.28,50.1667,634.7516,16.6033,1.4117,0.9596565302476381,V000|H000|L1,-7.677485493612782,2.332516316760902e-06,ctx=C00|phase=P_UNKNOWN|band=inside_high|hum=normal,-2.9156453959622297e-05,0.0,OK,0.0,0.05,0.0,2019-04-09 10:50:00,21.75,0.0
balanced,C00,cluster_00_mild_normal_humidity_normal_wind,0.0041652631578947335,0.00225,1.764,1.764,0,0.0,,0.00034698834349030424,0.0,0.0,0.0871562,68.7481,16.0828,-14,505253.50642490387,True,TRAIN,0.05,6.177513603627494e+292,0.0,2,5.16,50.0833,645.9002,16.6317,1.3708,0.959653985775711,V000|H000|L1,-7.677466833482248,2.349472765561522e-06,ctx=C00|phase=P_UNKNOWN|band=inside_high|hum=normal,-2.9368409569907605e-05,0.0,OK,0.0,0.05,0.0,2019-04-09 10:55:00,21.75,0.0
balanced,C00,cluster_00_mild_normal_humidity_normal_wind,0.00416763157894737,0.00225,1.764,1.764,0,0.0,,0.0003473830595567869,0.0,0.0,0.0869633,68.8198,16.0837,-14.25,505255.0768289566,True,TRAIN,0.05,6.211931346686377e+292,0.0,1,5.04,50,656.8296,16.66,1.33,0.9596514411106415,V000|H000|L1,-7.677448037700123,2.3650881498804566e-06,ctx=C00|phase=P_UNKNOWN|band=inside_high|hum=normal,-2.9563601873894285e-05,0.0,OK,0.0,0.05,0.0,2019-04-09 11:00:00,21.75,0.0
balanced,C00,cluster_00_mild_normal_humidity_normal_wind,0.0041681578947368415,0.00225,1.764,1.764,0,0.0,,0.00034747080470914123,0.0,0.0,0.0867709,68.8486,16.0839,-14.25,505256.7550435066,True,TRAIN,0.05,6.243779409178904e+292,0.0,1,5.04,49.8333,661.5919,16.5892,1.2892,0.959650875603286,V000|H000|L1,-7.677429116994924,2.2211216863521344e-06,ctx=C00|phase=P_UNKNOWN|band=inside_high|hum=normal,-2.7764021079512702e-05,0.0,OK,0.0,0.05,0.0,2019-04-09 11:05:00,21.5,0.0
balanced,C00,cluster_00_mild_normal_humidity_normal_wind,0.004168421052631578,0.00225,1.764,1.764,0,0.0,,0.0003475146814404431,0.0,0.0,0.0865787,68.8702,16.084,-14.25,505258.48556780815,True,TRAIN,0.05,6.275394480118744e+292,0.0,1,5.04,49.6667,666.0508,16.5183,1.2483,0.9596505928460316,V000|H000|L1,-7.677411348021433,2.0660525318350054e-06,ctx=C00|phase=P_UNKNOWN|band=inside_high|hum=normal,-2.582565664754899e-05,0.0,OK,0.0,0.05,0.0,2019-04-09 11:10:00,21.5,0.0
balanced,C00,cluster_00_mild_normal_humidity_normal_wind,0.004168421052631578,0.00225,1.764,1.764,0,0.0,,0.0003475146814404431,0.0,0.0,0.0863872,68.8926,16.084,-14.25,505260.0554435253,True,TRAIN,0.05,6.306771452519337e+292,0.0,1,5.04,49.5,670.2033,16.4475,1.2075,0.9596505928460316,V000|H000|L1,-7.6773948196011785,1.900768329288205e-06,ctx=C00|phase=P_UNKNOWN|band=inside_high|hum=normal,-2.3759604115713984e-05,0.0,OK,0.0,0.05,0.0,2019-04-09 11:15:00,21.5,0.0
balanced,C00,cluster_00_mild_normal_humidity_normal_wind,0.0041681578947368415,0.00225,1.764,1.764,0,0.0,,0.00034747080470914123,0.0,0.0,0.0861964,68.9179,16.0839,-14.25,505261.6863389015,True,TRAIN,0.05,6.3379051642447e+292,0.0,1,5.04,49.3333,674.0462,16.3767,1.1667,0.959650875603286,V000|H000|L1,-7.677379613454544,1.7260862825718704e-06,ctx=C00|phase=P_UNKNOWN|band=inside_high|hum=normal,-2.1576078532037357e-05,0.0,OK,0.0,0.05,0.0,2019-04-09 11:20:00,21.5,0.0
balanced,C00,cluster_00_mild_normal_humidity_normal_wind,0.004167894736842106,0.00225,1.764,1.764,0,0.0,,0.0003474269307479226,0.0,0.0,0.086006,68.9466,16.0838,-14.25,505263.4258687496,True,TRAIN,0.05,6.369192543801005e+292,0.0,1,5.04,49.1667,677.5767,16.3058,1.1258,0.959651158358156,V000|H000|L1,-7.677365804764284,1.5653789903202764e-06,ctx=C00|phase=P_UNKNOWN|band=inside_high|hum=normal,-1.9567237379503055e-05,0.0,OK,0.0,0.05,0.0,2019-04-09 11:25:00,21.5,0.0
balanced,C00,cluster_00_mild_normal_humidity_normal_wind,0.00416763157894737,0.00225,1.764,1.764,0,0.0,,0.0003473830595567869,0.0,0.0,0.0858164,68.9785,16.0837,-14.25,505265.09362220764,True,TRAIN,0.05,6.400634349523767e+292,0.0,1,5.04,49,680.7921,16.235,1.085,0.9596514411106415,V000|H000|L1,-7.677353281732361,1.4175284722695025e-06,ctx=C00|phase=P_UNKNOWN|band=inside_high|hum=normal,-1.7719105903646337e-05,0.0,OK,0.0,0.05,0.0,2019-04-09 11:30:00,21.5,0.0
balanced,C00,cluster_00_mild_normal_humidity_normal_wind,0.004167368421052633,0.00225,1.764,1.764,0,0.0,,0.0003473391911357343,0.0,0.0,0.0856277,69.0135,16.0836,-14.25,505266.6635951996,True,TRAIN,0.05,6.432231343490158e+292,0.0,1,5.04,48.8333,683.6899,16.1642,1.0442,0.9596517238607426,V000|H000|L1,-7.677341941504583,1.2815061863902244e-06,ctx=C00|phase=P_UNKNOWN|band=inside_high|hum=normal,-1.6018827330266383e-05,0.0,OK,0.0,0.05,0.0,2019-04-09 11:35:00,21.5,0.0
balanced,C00,cluster_00_mild_normal_humidity_normal_wind,0.004167105263157897,0.00225,1.764,1.764,0,0.0,,0.0003472953254847649,0.0,0.0,0.0854395,69.0519,16.0835,-14.25,505268.37678956985,True,TRAIN,0.05,6.463984291537478e+292,0.0,1,5.04,48.6667,686.2675,16.0933,1.0033,0.9596520066084592,V000|H000|L1,-7.677331689455092,1.156365874166454e-06,ctx=C00|phase=P_UNKNOWN|band=inside_high|hum=normal,-1.445457342730272e-05,0.0,OK,0.0,0.05,0.0,2019-04-09 11:40:00,21.5,0.0
balanced,C00,cluster_00_mild_normal_humidity_normal_wind,0.004166842105263161,0.00225,1.764,1.764,0,0.0,,0.00034725146260387857,0.0,0.0,0.0852525,69.0931,16.0834,-14.25,505269.99592995644,True,TRAIN,0.05,6.495893963281683e+292,0.0,1,5.04,48.5,688.5227,16.0225,0.9625,0.9596522893537914,V000|H000|L1,-7.6773224385280985,1.0412369776391373e-06,ctx=C00|phase=P_UNKNOWN|band=inside_high|hum=normal,-1.3015462220877794e-05,0.0,OK,0.0,0.05,0.0,2019-04-09 11:45:00,21.5,0.0
balanced,C00,cluster_00_mild_normal_humidity_normal_wind,0.004159473684210528,0.0,12.124,12.124,0,0.0,,0.000346024426592798,0.0,0.0,0.189006,54.6363,16.0806,-14,505271.72164583206,True,TRAIN,0.05,6.5168290061606916e+292,0.25,1,5.04,48.3333,690.4533,15.9517,0.9217,0.8019339451140458,V100|H000|L1,-6.417156686458434,1.685125546069255e-05,ctx=C00|phase=P_UNKNOWN|band=inside_high|hum=normal,-0.00021064069325849033,0.0,OK,0.0,0.05,2.0,2019-04-09 11:50:00,23.75,100.0
balanced,C00,cluster_00_mild_normal_humidity_normal_wind,0.004146315789473688,0.0,12.124,12.124,0,0.0,,0.0003438386925207763,0.0,0.0,0.2252,50.748,16.0756,-14,505273.29789829254,True,TRAIN,0.05,6.52869502784849e+292,0.25,1,5.04,48.1667,692.0575,15.8808,0.8808,0.8019438126932648,V100|H000|L1,-6.417021876414749,1.4713748686334682e-05,ctx=C00|phase=P_UNKNOWN|band=inside_high|hum=normal,-0.00018392185857885046,0.0,OK,0.0,0.05,0.0,2019-04-09 11:55:00,24.5,100.0
balanced,C00,cluster_00_mild_normal_humidity_normal_wind,0.004131315789473686,0.0,12.124,12.124,0,0.0,,0.0003413554030470917,0.0,0.0,0.237749,49.5052,16.0699,-13.75,505274.98446416855,True,TRAIN,0.05,6.5376017490736455e+292,0.0,1,5.04,48,693.3333,15.81,0.84,0.8019550565970174,V100|H000|L1,-6.416904166425258,1.263713649124476e-05,ctx=C00|phase=P_UNKNOWN|band=inside_high|hum=normal,-0.00015796420613989337,0.0,OK,0.0,0.05,0.0,2019-04-09 12:00:00,24.75,100.0
balanced,C00,cluster_00_mild_normal_humidity_normal_wind,0.004119736842105264,0.0,12.124,12.124,0,0.0,,0.000339444632963989,0.0,0.0,0.242026,49.1125,16.0655,-14,505276.69728064537,True,TRAIN,0.05,6.551875033993032e+292,0.0,1,4.86,48,688.1695,15.7692,0.8,0.8019637323586608,V100|H000|L1,-6.416803069333328,1.0932104640426488e-05,ctx=C00|phase=P_UNKNOWN|band=inside_high|hum=normal,-0.00013665130800522007,0.0,OK,0.0,0.05,0.0,2019-04-09 12:05:00,24.75,100.0
balanced,C00,cluster_00_mild_normal_humidity_normal_wind,0.004109210526315786,0.0,12.124,12.124,0,0.0,,0.0003377122229916892,0.0,0.0,0.243409,48.9313,16.0615,-14,505278.32680654526,True,TRAIN,0.05,6.567810047849256e+292,0.0,1,4.68,48,682.683,15.7283,0.76,0.8019716165845014,V100|H000|L1,-6.416715612496205,9.426798201928044e-06,ctx=C00|phase=P_UNKNOWN|band=inside_high|hum=normal,-0.00011783497752415606,0.0,OK,0.0,0.05,0.0,2019-04-09 12:10:00,24.75,100.0
balanced,C00,cluster_00_mild_normal_humidity_normal_wind,0.004098947368421055,0.0,12.124,12.124,0,0.0,,0.0003360273905817178,0.0,0.0,0.24378,48.8032,16.0576,-14,505279.90348505974,True,TRAIN,0.05,6.584163327046215e+292,0.0,1,4.5,48,676.881,15.6875,0.72,0.8019793011093438,V100|H000|L1,-6.416640198110589,8.05789235835963e-06,ctx=C00|phase=P_UNKNOWN|band=inside_high|hum=normal,-0.00010072365447988396,0.0,OK,0.0,0.05,0.0,2019-04-09 12:15:00,24.75,100.0
balanced,C00,cluster_00_mild_normal_humidity_normal_wind,0.004088684210526314,0.0,12.124,12.124,0,0.0,,0.0003343467714681437,0.0,0.0,0.243798,48.6885,16.0537,-14.25,505281.4795124531,True,TRAIN,0.05,6.60051594378393e+292,0.0,2,4.32,48,670.7711,15.6467,0.68,0.801986983071533,V100|H000|L1,-6.4165757349717225,6.798703994559396e-06,ctx=C00|phase=P_UNKNOWN|band=inside_high|hum=normal,-8.498379993227001e-05,0.0,OK,0.0,0.05,0.0,2019-04-09 12:20:00,24.75,100.0
balanced,C00,cluster_00_mild_normal_humidity_normal_wind,0.004078421052631582,0.0,12.124,12.124,0,0.0,,0.00033267036565097003,0.0,0.0,0.243694,48.5771,16.0498,-14.25,505283.1218674183,True,TRAIN,0.05,6.6168674826058625e+292,0.0,2,4.14,48,664.361,15.6058,0.64,0.801994662470918,V100|H000|L1,-6.416521345339766,5.640455724265081e-06,ctx=C00|phase=P_UNKNOWN|band=inside_high|hum=normal,-7.05056965527584e-05,0.0,OK,0.0,0.05,0.0,2019-04-09 12:25:00,24.75,100.0
balanced,C00,cluster_00_mild_normal_humidity_normal_wind,0.004068157894736841,0.0,12.124,12.124,0,0.0,,0.0003309981731301937,0.0,0.0,0.243549,48.4669,16.0459,-14.25,505284.69649004936,True,TRAIN,0.05,6.633217523917406e+292,0.0,2,3.96,48,657.6584,15.565,0.6,0.802002339307347,V100|H000|L1,-6.416476221693972,4.575072351964415e-06,ctx=C00|phase=P_UNKNOWN|band=inside_high|hum=normal,-5.718840439949968e-05,0.0,OK,0.0,0.05,0.0,2019-04-09 12:30:00,24.75,100.0
balanced,C00,cluster_00_mild_normal_humidity_normal_wind,0.00405789473684211,0.0,12.124,12.124,0,0.0,,0.0003293301939058179,0.0,0.0,0.243392,48.3572,16.042,-14.25,505286.44240784645,True,TRAIN,0.05,6.649565643955014e+292,0.0,2,3.78,48,650.6713,15.5242,0.56,0.8020100135806688,V100|H000|L1,-6.416439621115156,3.5951246980525653e-06,ctx=C00|phase=P_UNKNOWN|band=inside_high|hum=normal,-4.493905872571258e-05,0.0,OK,0.0,0.05,0.0,2019-04-09 12:35:00,24.75,100.0
balanced,C00,cluster_00_mild_normal_humidity_normal_wind,0.004047368421052632,0.0,12.124,12.124,0,0.0,,0.0003276238227146815,0.0,0.0,0.243234,48.2477,16.038,-14.5,505288.1050853729,True,TRAIN,0.05,6.665478028667194e+292,0.0,2,3.6,48,643.4077,15.4833,0.52,0.8020178819675402,V100|H000|L1,-6.416410860117572,2.678043772519345e-06,ctx=C00|phase=P_UNKNOWN|band=inside_high|hum=normal,-3.347554715626977e-05,0.0,OK,0.0,0.05,0.0,2019-04-09 12:40:00,24.75,100.0
balanced,C00,cluster_00_mild_normal_humidity_normal_wind,0.004037105263157891,0.0,12.124,12.124,0,0.0,,0.0003259643781163429,0.0,0.0,0.243078,48.1386,16.0341,-14.5,505289.67927241325,True,TRAIN,0.05,6.681818851103527e+292,0.0,2,3.42,48,635.8758,15.4425,0.48,0.802025551048463,V100|H000|L1,-6.416389435767392,1.850273796843993e-06,ctx=C00|phase=P_UNKNOWN|band=inside_high|hum=normal,-2.3128422460994003e-05,0.0,OK,0.0,0.05,0.0,2019-04-09 12:45:00,24.5,100.0
balanced,C00,cluster_00_mild_normal_humidity_normal_wind,0.004026578947368424,0.0,12.124,12.124,0,0.0,,0.00032426676038781204,0.0,0.0,0.242925,48.0298,16.0301,-14.5,505291.42962789536,True,TRAIN,0.05,6.697718714030303e+292,0.0,2,3.24,48,628.0838,15.4017,0.44,0.8020334141094783,V100|H000|L1,-6.416374633577017,1.0732070119257031e-06,ctx=C00|phase=P_UNKNOWN|band=inside_high|hum=normal,-1.3415087648849244e-05,0.0,OK,0.0,0.05,0.0,2019-04-09 12:50:00,24.5,100.0
balanced,C00,cluster_00_mild_normal_humidity_normal_wind,0.004016052631578946,0.0,12.124,12.124,0,0.0,,0.0003225735747922436,0.0,0.0,0.242778,47.9211,16.0261,-14.75,505293.08682489395,True,TRAIN,0.05,6.713610530115054e+292,0.0,2,3.06,48,620.04,15.3608,0.4,0.8020412744736152,V100|H000|L1,-6.4163660479209215,3.5852131996527703e-07,ctx=C00|phase=P_UNKNOWN|band=inside_high|hum=normal,-4.481516500010052e-06,0.0,OK,0.0,0.05,0.0,2019-04-09 12:55:00,24.5,100.0
balanced,C00,cluster_00_mild_normal_humidity_normal_wind,0.004005526315789469,0.0,12.124,12.124,0,0.0,,0.0003208848213296392,0.0,0.0,0.242637,47.8128,16.0221,-14.75,505294.6560573578,True,TRAIN,0.05,6.7294938213928e+292,0.0,2,2.88,48,611.753,15.32,0.36,0.8020491321407103,V100|H000|L1,-6.416363179750362,2.9877375318232424e-07,ctx=C00|phase=P_UNKNOWN|band=inside_high|hum=normal,3.7346719150566088e-06,0.0,OK,0.0,0.05,0.0,2019-04-09 13:00:00,24.5,100.0
balanced,C00,cluster_00_mild_normal_humidity_normal_wind,0.0039886842105263135,0.0,12.124,12.124,0,0.0,,0.0003181920346260384,0.0,0.0,0.242743,47.9804,16.0157,-14.75,505296.2273132801,True,TRAIN,0.05,6.734704194212272e+292,0.0,2,2.88,48.5,603.7647,15.24,0.4283,0.8020616987978085,V100|H000|L1,-6.416365569940387,1.2802044208060082e-06,ctx=C00|phase=P_UNKNOWN|band=inside_high|hum=normal,1.6002555260130613e-05,0.0,OK,0.0,0.05,0.0,2019-04-09 13:05:00,24.5,100.0
balanced,C00,cluster_00_mild_normal_humidity_normal_wind,0.003970000000000004,0.0,12.124,12.124,0,0.0,,0.00031521800000000057,0.0,0.0,0.242947,48.216,16.0086,-14.75,505297.8976891041,True,TRAIN,0.05,6.736672574470932e+292,0.0,2,2.88,49,595.5433,15.16,0.4967,0.802075631853246,V100|H000|L1,-6.416375811575754,2.2924325021600467e-06,ctx=C00|phase=P_UNKNOWN|band=inside_high|hum=normal,2.865540627683405e-05,0.0,OK,0.0,0.05,0.0,2019-04-09 13:10:00,24.5,100.0
balanced,C00,cluster_00_mild_normal_humidity_normal_wind,0.003950526315789476,0.0,12.124,12.124,0,0.0,,0.00031213316343490344,0.0,0.0,0.243195,48.4665,16.0012,-14.75,505299.46756482124,True,TRAIN,0.05,6.737145918825226e+292,0.0,2,2.88,49.5,587.0967,15.08,0.565,0.8020901445834131,V100|H000|L1,-6.416394151035771,3.27005631528543e-06,ctx=C00|phase=P_UNKNOWN|band=inside_high|hum=normal,4.087570394173401e-05,0.0,OK,0.0,0.05,0.0,2019-04-09 13:15:00,24.5,100.0
balanced,C00,cluster_00_mild_normal_humidity_normal_wind,0.003930789473684212,0.0,12.124,12.124,0,0.0,,0.0003090221177285321,0.0,0.0,0.243465,48.7183,15.9937,-14.75,505301.1202135086,True,TRAIN,0.05,6.737004551854504e+292,0.0,2,2.88,50,578.433,15,0.6333,0.802104844009433,V100|H000|L1,-6.416420311486293,4.184405891671794e-06,ctx=C00|phase=P_UNKNOWN|band=inside_high|hum=normal,5.230507364639703e-05,0.0,OK,0.0,0.05,0.0,2019-04-09 13:20:00,24.5,100.0
balanced,C00,cluster_00_mild_normal_humidity_normal_wind,0.003910789473684212,0.0,12.124,12.124,0,0.0,,0.0003058854861495847,0.0,0.0,0.243748,48.968,15.9861,-14.75,505302.75685596466,True,TRAIN,0.05,6.736240059472138e+292,0.0,2,2.88,50.5,569.5604,14.92,0.7017,0.8021197297507977,V100|H000|L1,-6.416453786733427,5.040512729537205e-06,ctx=C00|phase=P_UNKNOWN|band=inside_high|hum=normal,6.30064091193816e-05,0.0,OK,0.0,0.05,0.0,2019-04-09 13:25:00,24.5,100.0
balanced,C00,cluster_00_mild_normal_humidity_normal_wind,0.0038907894736842116,0.0,12.124,12.124,0,0.0,,0.00030276485457063725,0.0,0.0,0.24404,49.2146,15.9785,-14.75,505304.3963057995,True,TRAIN,0.05,6.735299497052151e+292,0.0,2,2.88,51,560.4869,14.84,0.77,0.8021346057499632,V100|H000|L1,-6.416494110835263,5.827351644449585e-06,ctx=C00|phase=P_UNKNOWN|band=inside_high|hum=normal,7.284189555534226e-05,0.0,OK,0.0,0.05,0.0,2019-04-09 13:30:00,24.5,100.0
balanced,C00,cluster_00_mild_normal_humidity_normal_wind,0.0038707894736842116,0.0,12.124,12.124,0,0.0,,0.00029966022299168993,0.0,0.0,0.244338,49.458,15.9709,-14.75,505305.9666252136,True,TRAIN,0.05,6.734181123006478e+292,0.0,2,2.88,51.5,551.2209,14.76,0.8383,0.8021494720058147,V100|H000|L1,-6.4165407296484185,6.550463981014332e-06,ctx=C00|phase=P_UNKNOWN|band=inside_high|hum=normal,8.188079976234608e-05,0.0,OK,0.0,0.05,0.0,2019-04-09 13:35:00,24.5,100.0
balanced,C00,cluster_00_mild_normal_humidity_normal_wind,0.0038505263157894752,0.0,12.124,12.124,0,0.0,,0.0002965310581717454,0.0,0.0,0.244642,49.6981,15.9632,-14.75,505307.62643766403,True,TRAIN,0.05,6.732423066339652e+292,0.0,2,2.88,52,541.7707,14.68,0.9067,0.8021645239326949,V100|H000|L1,-6.416593133360267,7.2305810129291714e-06,ctx=C00|phase=P_UNKNOWN|band=inside_high|hum=normal,9.038226266155913e-05,0.0,OK,0.0,0.05,0.0,2019-04-09 13:40:00,24.25,100.0
balanced,C00,cluster_00_mild_normal_humidity_normal_wind,0.0038299999999999983,0.0,12.124,12.124,0,0.0,,0.00029337799999999974,0.0,0.0,0.24495,49.9349,15.9554,-14.5,505309.3292584419,True,TRAIN,0.05,6.7300166576028384e+292,0.0,2,2.88,52.5,532.1445,14.6,0.975,0.8021797611397135,V100|H000|L1,-6.41665097800837,7.87111109334937e-06,ctx=C00|phase=P_UNKNOWN|band=inside_high|hum=normal,9.838888866720019e-05,0.0,OK,0.0,0.05,0.0,2019-04-09 13:45:00,24.25,100.0
balanced,C00,cluster_00_mild_normal_humidity_normal_wind,0.0039686842105263135,0.0,12.124,209.944,0,0.0,,0.00031500908725761736,0.0,0.75,0.245262,50.1685,15.9476,-14.5,505311.0469903946,True,TRAIN,0.05,7.008578955570629e+292,0.25,3,2.88,53,522.3508,14.52,1.0433,0.19219076295602694,V100|H075|L1,-0.12304795759213041,0.014144781460560852,ctx=C00|phase=P_UNKNOWN|band=inside_high|hum=normal,0.17680976825701064,0.0,HEAT_OFF_HIGH_EXHAUST,0.0,0.05,0.8125,2019-04-09 13:50:00,24.25,100.0
balanced,C00,cluster_00_mild_normal_humidity_normal_wind,0.003788947368421053,0.0,12.124,12.124,0,0.0,,0.0002871224432132964,0.0,0.0,0.245576,50.3989,15.9398,-14.5,505312.6199827194,True,TRAIN,0.05,6.724624852550726e+292,0.0,3,2.88,53.5,512.3981,14.44,1.1117,0.8022102047532517,V100|H000|L1,-6.416713946897117,9.67691128894721e-06,ctx=C00|phase=P_UNKNOWN|band=inside_high|hum=normal,0.00012096139111206217,0.0,OK,0.0,0.05,0.0,2019-04-09 13:55:00,24.25,100.0
balanced,C00,cluster_00_mild_normal_humidity_normal_wind,0.00376842105263158,0.0,12.124,12.124,0,0.0,,0.0002840199445983381,0.0,0.0,0.245893,50.626,15.932,-14.5,505314.1912095547,True,TRAIN,0.05,6.721635715236077e+292,0.0,3,2.88,54,502.2947,14.36,1.18,0.8022254111573677,V100|H000|L1,-6.416791362187428,1.0119270715147621e-05,ctx=C00|phase=P_UNKNOWN|band=inside_high|hum=normal,0.00012649088393912322,0.0,OK,0.0,0.05,0.0,2019-04-09 14:00:00,24.25,100.0
balanced,C00,cluster_00_mild_normal_humidity_normal_wind,0.0037494736842105247,0.0,12.124,12.124,0,0.0,,0.0002811710581717449,0.0,0.0,0.246244,50.4667,15.9248,-14.5,505315.8290066719,True,TRAIN,0.05,6.721278980379676e+292,0.0,3,2.88,53.9167,500.5984,14.285,1.2592,0.8022394387227002,V100|H000|L1,-6.41687231635315,1.0431934284516053e-05,ctx=C00|phase=P_UNKNOWN|band=inside_high|hum=normal,0.00013039917855650618,0.0,OK,0.0,0.05,0.0,2019-04-09 14:05:00,24.25,100.0
balanced,C00,cluster_00_mild_normal_humidity_normal_wind,0.0037307894736842103,0.0,12.124,12.124,0,0.0,,0.00027837580193905816,0.0,0.0,0.246609,50.2114,15.9177,-14.5,505317.4685692787,True,TRAIN,0.05,6.7212247308651675e+292,0.0,3,2.88,53.8333,498.5381,14.21,1.3383,0.8022532628904803,V100|H000|L1,-6.416955771827426,1.0703312964155387e-05,ctx=C00|phase=P_UNKNOWN|band=inside_high|hum=normal,0.00013379141205205336,0.0,OK,0.0,0.05,0.0,2019-04-09 14:10:00,24.25,100.0
balanced,C00,cluster_00_mild_normal_humidity_normal_wind,0.0041521052631578945,0.00225,1.764,199.584,197.82,0.0,,0.00034479956232686976,75.0,0.0,0.143041,63.5579,16.0778,-14.75,505319.03920841217,True,TRAIN,0.05,7.5176498005648965e+292,0.5,2,2.88,53.75,496.1102,14.135,1.4175,0.20006294361023855,V000|H075|L1,-0.5456237919908844,0.010548797568910237,ctx=C00|phase=P_UNKNOWN|band=inside_high|hum=normal,0.131859969611378,0.0,OK,0.0,0.05,2.8125,2019-04-09 14:15:00,22,0.0
balanced,C00,cluster_00_mild_normal_humidity_normal_wind,0.003825789473684209,0.0,12.124,12.124,0,0.0,,0.00029273330193905795,0.0,0.0,0.210976,52.9379,15.9538,-14.75,505320.6065392494,True,TRAIN,0.05,6.9614685489045174e+292,2.0625,2,2.88,53.6667,493.3116,14.06,1.4967,0.802182885451719,V100|H000|L1,-6.417041398331139,4.216852826144368e-06,ctx=C00|phase=P_UNKNOWN|band=inside_high|hum=normal,5.271066032663807e-05,0.0,OK,0.0,0.05,2.8125,2019-04-09 14:20:00,23.75,100.0
balanced,C00,cluster_00_mild_normal_humidity_normal_wind,0.0037147368421052633,0.0,12.124,12.124,0,0.0,,0.00027598539612188363,0.0,0.0,0.234998,50.1544,15.9116,-14.5,505322.28594756126,True,TRAIN,0.05,6.793192357031083e+292,0.5,2,2.88,53.5833,490.1391,13.985,1.5758,0.8022651331949043,V100|H000|L1,-6.417075133153748,1.0459324054856722e-05,ctx=C00|phase=P_UNKNOWN|band=inside_high|hum=normal,0.00013074155068582005,0.0,OK,0.0,0.05,0.0,2019-04-09 14:25:00,24.25,100.0
balanced,C00,cluster_00_mild_normal_humidity_normal_wind,0.0036681578947368437,0.0,12.124,12.124,0,0.0,,0.00026910764681440465,0.0,0.0,0.243651,49.2728,15.8939,-14.5,505324.0181262493,True,TRAIN,0.05,6.74155283408753e+292,0.0,2,2.88,53.5,486.59,13.91,1.655,0.8022995409691421,V100|H000|L1,-6.417158807746187,1.2375200069469905e-05,ctx=C00|phase=P_UNKNOWN|band=inside_high|hum=normal,0.0001546900008687624,0.0,OK,0.0,0.05,0.0,2019-04-09 14:30:00,24.5,100.0
balanced,C00,cluster_00_mild_normal_humidity_normal_wind,0.00364078947368421,0.0,12.124,12.124,0,0.0,,0.0002651069598337949,0.0,0.0,0.246926,48.8504,15.8835,-14.5,505325.5896065235,True,TRAIN,0.05,6.72470983405545e+292,0.0,2,2.88,53.4167,482.6618,13.835,1.7342,0.802319733287627,V100|H000|L1,-6.417257809346743,1.3000569542676033e-05,ctx=C00|phase=P_UNKNOWN|band=inside_high|hum=normal,0.00016250711928411654,0.0,OK,0.0,0.05,0.0,2019-04-09 14:35:00,24.5,100.0
balanced,C00,cluster_00_mild_normal_humidity_normal_wind,0.003619210526315788,0.0,12.124,12.124,0,0.0,,0.00026197369667590005,0.0,0.0,0.248319,48.5387,15.8753,-14.5,505327.3301832676,True,TRAIN,0.05,6.718276763245637e+292,0.0,2,2.88,53.3333,478.3522,13.76,1.8133,0.802335641271933,V100|H000|L1,-6.417361813903084,1.323316272383579e-05,ctx=C00|phase=P_UNKNOWN|band=inside_high|hum=normal,0.00016541453404750328,0.0,OK,0.0,0.05,0.0,2019-04-09 14:40:00,24.5,100.0
balanced,C00,cluster_00_mild_normal_humidity_normal_wind,0.0035992105263157876,0.0,12.124,12.124,0,0.0,,0.00025908632825484735,0.0,0.0,0.249054,48.2543,15.8677,-14.5,505329.03039598465,True,TRAIN,0.05,6.714556871036509e+292,0.0,2,2.88,53.25,473.6591,13.685,1.8925,0.8023503751138326,V100|H000|L1,-6.417467679204875,1.3353217057865407e-05,ctx=C00|phase=P_UNKNOWN|band=inside_high|hum=normal,0.00016691521322320657,0.0,OK,0.0,0.05,0.0,2019-04-09 14:45:00,24.75,100.0
balanced,C00,cluster_00_mild_normal_humidity_normal_wind,0.003579473684210528,0.0,12.124,12.124,0,0.0,,0.00025625263711911387,0.0,0.0,0.249559,47.9775,15.8602,-14.5,505330.60210990906,True,TRAIN,0.05,6.711125215517867e+292,0.0,2,2.88,53.1667,468.5807,13.61,1.9717,0.8023649055216819,V100|H000|L1,-6.417574504941338,1.3447392321230822e-05,ctx=C00|phase=P_UNKNOWN|band=inside_high|hum=normal,0.00016809240401471914,0.0,OK,0.0,0.05,0.0,2019-04-09 14:50:00,24.75,100.0
balanced,C00,cluster_00_mild_normal_humidity_normal_wind,0.0035597368421052644,0.0,12.124,12.124,0,0.0,,0.0002534345277008312,0.0,0.0,0.249984,47.7036,15.8527,-14.5,505332.3331489563,True,TRAIN,0.05,6.707491379522256e+292,0.0,2,2.88,53.0833,463.1156,13.535,2.0508,0.8023794264241181,V100|H000|L1,-6.417682084079908,1.3533273130361678e-05,ctx=C00|phase=P_UNKNOWN|band=inside_high|hum=normal,0.000169165914129632,0.0,OK,0.0,0.05,0.0,2019-04-09 14:55:00,24.75,100.0
balanced,C00,cluster_00_mild_normal_humidity_normal_wind,0.003540000000000001,0.0,12.124,12.124,0,0.0,,0.00025063200000000014,0.0,0.0,0.250381,47.4317,15.8452,-14.5,505334.06487321854,True,TRAIN,0.05,6.7036534270363e+292,0.0,2,2.88,53,457.2624,13.46,2.13,0.8023939378200801,V100|H000|L1,-6.4177903502649505,1.361152295686896e-05,ctx=C00|phase=P_UNKNOWN|band=inside_high|hum=normal,0.00017014403696125058,0.0,OK,0.0,0.05,0.0,2019-04-09 15:00:00,24.75,100.0
balanced,C00,cluster_00_mild_normal_humidity_normal_wind,0.00351,0.0,12.124,12.124,0,0.0,,0.000246402,0.0,0.0,0.250599,47.453,15.8338,-14.5,505335.713278532,True,TRAIN,0.05,6.680077018797145e+292,0.0,2,2.88,53.5833,449.4835,13.3208,2.155,0.8024159769327617,V100|H000|L1,-6.417899242448605,1.4285730134844243e-05,ctx=C00|phase=P_UNKNOWN|band=inside_high|hum=normal,0.00017857162668599713,0.0,OK,0.0,0.05,0.0,2019-04-09 15:05:00,24.75,100.0
balanced,C00,cluster_00_mild_normal_humidity_normal_wind,0.003477105263157897,0.0,12.124,12.124,0,0.0,,0.0002418052202216069,0.0,0.0,0.250754,47.5465,15.8213,-14.5,505337.2851905823,True,TRAIN,0.05,6.650560574120074e+292,0.0,2,2.88,54.1667,441.3856,13.1817,2.18,0.8024401173742938,V100|H000|L1,-6.418013528289684,1.507410704670864e-05,ctx=C00|phase=P_UNKNOWN|band=inside_high|hum=normal,0.00018842633808324738,0.0,OK,0.0,0.05,0.0,2019-04-09 15:10:00,24.75,100.0
balanced,C00,cluster_00_mild_normal_humidity_normal_wind,0.003442894736842103,0.0,12.124,12.124,0,0.0,,0.0002370704833795011,0.0,0.0,0.250887,47.6545,15.8083,-14.5,505338.9855308533,True,TRAIN,0.05,6.618052706513954e+292,0.0,2,2.88,54.75,432.9704,13.0425,2.205,0.8024651954079426,V100|H000|L1,-6.418134121146058,1.5874421174788544e-05,ctx=C00|phase=P_UNKNOWN|band=inside_high|hum=normal,0.0001984302646853564,0.0,OK,0.0,0.05,0.0,2019-04-09 15:15:00,24.75,100.0
balanced,C00,cluster_00_mild_normal_humidity_normal_wind,0.0034084210526315775,0.0,12.124,12.124,0,0.0,,0.000232346681440443,0.0,0.0,0.251012,47.7626,15.7952,-14.5,505340.7311785221,True,TRAIN,0.05,6.584545115649515e+292,0.0,2,2.88,55.3333,424.2398,12.9033,2.23,0.8024904374384078,V100|H000|L1,-6.418261116515456,1.6623829918072097e-05,ctx=C00|phase=P_UNKNOWN|band=inside_high|hum=normal,0.00020779787397573468,0.0,OK,0.0,0.05,0.0,2019-04-09 15:20:00,24.75,100.0
balanced,C00,cluster_00_mild_normal_humidity_normal_wind,0.0033739473684210523,0.0,12.124,12.124,0,0.0,,0.00022767041689750685,0.0,0.0,0.251134,47.867,15.7821,-14.5,505342.30356287956,True,TRAIN,0.05,6.550536997558767e+292,0.0,2,2.88,55.9167,415.1959,12.7642,2.255,0.8025156504413542,V100|H000|L1,-6.418394107154801,1.7310963760341913e-05,ctx=C00|phase=P_UNKNOWN|band=inside_high|hum=normal,0.00021638704700410738,0.0,OK,0.0,0.05,0.0,2019-04-09 15:25:00,24.75,100.0
balanced,C00,cluster_00_mild_normal_humidity_normal_wind,0.0033392105263157904,0.0,12.124,12.124,0,0.0,,0.00022300653878116355,0.0,0.0,0.251255,47.9664,15.7689,-14.5,505343.9480354786,True,TRAIN,0.05,6.515510707576111e+292,0.0,2,2.88,56.5,405.841,12.625,2.28,0.8025410265435309,V100|H000|L1,-6.4185325948648835,1.795617483368872e-05,ctx=C00|phase=P_UNKNOWN|band=inside_high|hum=normal,0.00022445218542044287,0.0,OK,0.0,0.05,0.0,2019-04-09 15:30:00,24.75,100.0
balanced,C00,cluster_00_mild_normal_humidity_normal_wind,0.003304210526315788,0.0,12.124,12.124,0,0.0,,0.00021835614404432116,0.0,0.0,0.251376,48.0608,15.7556,-14.5,505345.61105918884,True,TRAIN,0.05,6.479454346800159e+292,0.0,2,2.88,57.0833,396.1775,12.4858,2.305,0.8025665650691696,V100|H000|L1,-6.418676244263553,1.8562762898022278e-05,ctx=C00|phase=P_UNKNOWN|band=inside_high|hum=normal,0.000232034536225445,0.0,OK,0.0,0.05,0.0,2019-04-09 15:35:00,24.75,100.0
balanced,C00,cluster_00_mild_normal_humidity_normal_wind,0.00326921052631579,0.0,12.124,12.124,0,0.0,,0.00021375474930747926,0.0,0.0,0.251497,48.1505,15.7423,-14.5,505347.30591106415,True,TRAIN,0.05,6.442874534648765e+292,0.0,2,2.88,57.6667,386.2081,12.3467,2.33,0.8025920736566893,V100|H000|L1,-6.418824746366737,1.9118428867814785e-05,ctx=C00|phase=P_UNKNOWN|band=inside_high|hum=normal,0.0002389803608471297,0.0,OK,0.0,0.05,0.0,2019-04-09 15:40:00,24.75,100.0
balanced,C00,cluster_00_mild_normal_humidity_normal_wind,0.0032342105263157873,0.0,12.124,12.124,0,0.0,,0.00020920235457063684,0.0,0.0,0.251619,48.235,15.729,-14.5,505348.87816119194,True,TRAIN,0.05,6.40576693801718e+292,0.0,1,2.88,58.25,375.9359,12.2075,2.355,0.8026175523002252,V100|H000|L1,-6.41897769379768,1.9627246041209467e-05,ctx=C00|phase=P_UNKNOWN|band=inside_high|hum=normal,0.0002453405755152849,0.0,OK,0.0,0.05,0.0,2019-04-09 15:45:00,24.75,100.0
balanced,C00,cluster_00_mild_normal_humidity_normal_wind,0.0031989473684210534,0.0,12.124,12.124,0,0.0,,0.00020466528531855964,0.0,0.0,0.25174,48.3146,15.7156,-14.5,505350.45086455345,True,TRAIN,0.05,6.367603369652528e+292,0.0,1,2.88,58.8333,365.3637,12.0683,2.38,0.8026431922240265,V100|H000|L1,-6.419134711766009,2.01082602619973e-05,ctx=C00|phase=P_UNKNOWN|band=inside_high|hum=normal,0.00025135325327529934,0.0,OK,0.0,0.05,0.0,2019-04-09 15:50:00,24.75,100.0
balanced,C00,cluster_00_mild_normal_humidity_normal_wind,0.0039355263157894735,0.00225,1.764,199.584,197.82,0.0,,0.00030976734764542933,75.0,0.0,0.147921,61.2212,15.9955,-14.75,505352.1896188259,True,TRAIN,0.05,7.8729554076274505e+292,0.5,1,2.88,59.4167,354.4951,11.9292,2.405,0.2000730148996126,V000|H075|L1,-0.6300141725421663,0.00970569946654734,ctx=C00|phase=P_UNKNOWN|band=inside_high|hum=normal,0.12132124333184181,0.0,OK,0.0,0.05,2.8125,2019-04-09 15:55:00,22.5,0.0
balanced,C00,cluster_00_mild_normal_humidity_normal_wind,0.0033597368421052634,0.0,12.124,12.124,0,0.0,,0.00022575663296398897,0.0,0.0,0.215603,51.4633,15.7767,-14.5,505353.75617194176,True,TRAIN,0.05,6.754703563866637e+292,2.0625,1,2.88,60,343.3333,11.79,2.43,0.8025260351373398,V100|H000|L1,-6.419295577848105,9.12703250610658e-06,ctx=C00|phase=P_UNKNOWN|band=inside_high|hum=normal,0.00011408790632660981,0.0,OK,0.0,0.05,2.8125,2019-04-09 16:00:00,24.25,100.0
balanced,C00,cluster_00_mild_normal_humidity_normal_wind,0.0031657894736842086,0.0,12.124,12.124,0,0.0,,0.00020044445983379477,0.0,0.0,0.239205,49.3403,15.703,-14.5,505355.4403269291,True,TRAIN,0.05,6.396598989009334e+292,0.5,1,2.88,60.75,332.9511,11.665,2.4025,0.8026672736672276,V100|H000|L1,-6.419368594108154,1.9695952296672203e-05,ctx=C00|phase=P_UNKNOWN|band=inside_high|hum=normal,0.0002461994037082915,0.0,OK,0.0,0.05,0.0,2019-04-09 16:05:00,24.5,100.0
balanced,C00,cluster_00_mild_normal_humidity_normal_wind,0.0030860526315789494,0.0,12.124,12.124,0,0.0,,0.0001904744168975072,0.0,0.0,0.247379,49.0208,15.6727,-14.25,505357.15750432014,True,TRAIN,0.05,6.266665081116634e+292,0.0,1,2.88,61.5,322.1979,11.54,2.375,0.8027250737102393,V100|H000|L1,-6.419526161726528,2.2744279553843505e-05,ctx=C00|phase=P_UNKNOWN|band=inside_high|hum=normal,0.00028430349442332137,0.0,OK,0.0,0.05,0.0,2019-04-09 16:10:00,24.75,100.0
balanced,C00,cluster_00_mild_normal_humidity_normal_wind,0.0030407894736842107,0.0,12.124,12.124,0,0.0,,0.00018492801246537398,0.0,0.0,0.250154,49.117,15.6555,-14.25,505358.7975039482,True,TRAIN,0.05,6.2056256150221e+292,0.0,1,2.88,62.25,311.0764,11.415,2.3475,0.8027578150785187,V100|H000|L1,-6.419708115962958,2.3544046651946537e-05,ctx=C00|phase=P_UNKNOWN|band=inside_high|hum=normal,0.00029430058314894314,0.0,OK,0.0,0.05,0.0,2019-04-09 16:15:00,24.75,100.0
balanced,C00,cluster_00_mild_normal_humidity_normal_wind,0.003005789473684213,0.0,12.124,12.124,0,0.0,,0.00018069540720221634,0.0,0.0,0.251038,49.3033,15.6422,-14.25,505360.371540308,True,TRAIN,0.05,6.164868806028246e+292,0.0,1,2.88,63,299.5894,11.29,2.32,0.8027830981545773,V100|H000|L1,-6.419896468336174,2.3683169004473648e-05,ctx=C00|phase=P_UNKNOWN|band=inside_high|hum=normal,0.000296039612555532,0.0,OK,0.0,0.05,0.0,2019-04-09 16:20:00,24.75,100.0
balanced,C00,cluster_00_mild_normal_humidity_normal_wind,0.0029739473684210543,0.0,12.124,12.124,0,0.0,,0.00017688725900277027,0.0,0.0,0.251261,49.5048,15.6301,-14.25,505362.09899663925,True,TRAIN,0.05,6.130058508913485e+292,0.0,1,2.88,63.75,287.7401,11.165,2.2925,0.8028060739995301,V100|H000|L1,-6.42008593368821,2.3626583080305075e-05,ctx=C00|phase=P_UNKNOWN|band=inside_high|hum=normal,0.00029533228850386894,0.0,OK,0.0,0.05,0.0,2019-04-09 16:25:00,24.75,100.0
balanced,C00,cluster_00_mild_normal_humidity_normal_wind,0.0029428947368421044,0.0,12.124,12.124,0,0.0,,0.0001732125886426592,0.0,0.0,0.251253,49.7045,15.6183,-14.25,505363.6771271229,True,TRAIN,0.05,6.096381428785535e+292,0.0,1,2.88,64.5,275.5321,11.04,2.265,0.8028284562860243,V100|H000|L1,-6.420274946352852,2.3527039353377077e-05,ctx=C00|phase=P_UNKNOWN|band=inside_high|hum=normal,0.0002940879919177686,0.0,OK,0.0,0.05,0.0,2019-04-09 16:30:00,24.75,100.0
balanced,C00,cluster_00_mild_normal_humidity_normal_wind,0.0029121052631578956,0.0,12.124,12.124,0,0.0,,0.0001696071412742383,0.0,0.0,0.251163,49.8991,15.6066,-14.25,505365.4140098095,True,TRAIN,0.05,6.062762199355761e+292,0.0,1,2.88,65.25,262.9689,10.915,2.2375,0.8028506255780776,V100|H000|L1,-6.420463162667679,2.3418419569432025e-05,ctx=C00|phase=P_UNKNOWN|band=inside_high|hum=normal,0.0002927302446177338,0.0,OK,0.0,0.05,0.0,2019-04-09 16:35:00,24.75,100.0
balanced,C00,cluster_00_mild_normal_humidity_normal_wind,0.0028813157894736867,0.0,12.124,12.124,0,0.0,,0.00016603961357340746,0.0,0.0,0.251045,50.0879,15.5949,-14.25,505366.989010334,True,TRAIN,0.05,6.028654368095968e+292,0.0,1,2.88,66,250.0547,10.79,2.21,0.8028727716513336,V100|H000|L1,-6.420650510024235,2.3316631864389592e-05,ctx=C00|phase=P_UNKNOWN|band=inside_high|hum=normal,0.0002914578983043148,0.0,OK,0.0,0.05,0.0,2019-04-09 16:40:00,24.75,100.0
balanced,C00,cluster_00_mild_normal_humidity_normal_wind,0.002850526315789473,0.0,12.124,12.124,0,0.0,,0.00016251000554016613,0.0,0.0,0.250918,50.2708,15.5832,-14.25,505368.6414117813,True,TRAIN,0.05,5.994053889468584e+292,0.0,1,2.88,66.75,236.7937,10.665,2.1825,0.8028948945018477,V100|H000|L1,-6.42083704307915,2.3221129356265635e-05,ctx=C00|phase=P_UNKNOWN|band=inside_high|hum=normal,0.00029026411695398657,0.0,OK,0.0,0.05,0.0,2019-04-09 16:45:00,24.75,100.0
balanced,C00,cluster_00_mild_normal_humidity_normal_wind,0.002819736842105264,0.0,12.124,12.124,0,0.0,,0.00015901831717451536,0.0,0.0,0.250787,50.4478,15.5715,-14.25,505370.21650218964,True,TRAIN,0.05,5.958956689695734e+292,0.0,1,2.88,67.5,223.1905,10.54,2.155,0.8029169941256799,V100|H000|L1,-6.421022812114,2.31314089144119e-05,ctx=C00|phase=P_UNKNOWN|band=inside_high|hum=normal,0.0002891426114298712,0.0,OK,0.0,0.05,0.0,2019-04-09 16:50:00,24.75,100.0
balanced,C00,cluster_00_mild_normal_humidity_normal_wind,0.0027889473684210506,0.0,12.124,12.124,0,0.0,,0.00015556454847645408,0.0,0.0,0.250655,50.6191,15.5598,-14.25,505371.87308359146,True,TRAIN,0.05,5.923358666577909e+292,0.0,1,2.88,68.25,209.2499,10.415,2.1275,0.8029390705188932,V100|H000|L1,-6.421207863385315,2.3047007658316687e-05,ctx=C00|phase=P_UNKNOWN|band=inside_high|hum=normal,0.00028808759572884757,0.0,OK,0.0,0.05,0.0,2019-04-09 16:55:00,24.5,100.0
balanced,C00,cluster_00_mild_normal_humidity_normal_wind,0.0027581578947368417,0.0,12.124,12.124,0,0.0,,0.00015214869944598332,0.0,0.0,0.250522,50.7846,15.5481,-14.25,505373.4480037689,True,TRAIN,0.05,5.887255689311672e+292,0.0,1,2.88,69,194.977,10.29,2.1,0.8029611236775551,V100|H000|L1,-6.421392239446582,2.296749973862422e-05,ctx=C00|phase=P_UNKNOWN|band=inside_high|hum=normal,0.00028709374673241417,0.0,OK,0.0,0.05,0.0,2019-04-09 17:00:00,24.5,100.0
balanced,C00,cluster_00_mild_normal_humidity_normal_wind,0.0027471052631578966,0.0,12.124,12.124,0,0.0,,0.00015093174653739634,0.0,0.0,0.250324,50.9969,15.5439,-14.25,505375.17077183723,True,TRAIN,0.05,5.892982296672859e+292,0.0,1,2.88,69.3333,179.7169,10.2833,2.0517,0.8029690345279591,V100|H000|L1,-6.421575979444491,2.1762967791771892e-05,ctx=C00|phase=P_UNKNOWN|band=inside_high|hum=normal,0.0002720370973977593,0.0,OK,0.0,0.05,0.0,2019-04-09 17:05:00,24.5,100.0
balanced,C00,cluster_00_mild_normal_humidity_normal_wind,0.0027418421052631584,0.0,12.124,12.124,0,0.0,,0.00015035396260387816,0.0,0.0,0.250103,51.2156,15.5419,-14.25,505376.74789714813,True,TRAIN,0.05,5.911100436993931e+292,0.0,0,2.88,69.6667,164.2536,10.2767,2.0033,0.8029728005470139,V100|H000|L1,-6.421750083186825,2.0323211892825377e-05,ctx=C00|phase=P_UNKNOWN|band=inside_high|hum=normal,0.0002540401486608168,0.0,OK,0.0,0.05,0.0,2019-04-09 17:10:00,24.5,100.0
balanced,C00,cluster_00_mild_normal_humidity_normal_wind,0.002738421052631578,0.0,12.124,12.124,0,0.0,,0.00014997899722991677,0.0,0.0,0.249874,51.4338,15.5406,-14.25,505378.48565363884,True,TRAIN,0.05,5.933243660917132e+292,0.0,0,2.88,70,148.5938,10.27,1.955,0.8029752480952322,V100|H000|L1,-6.421912668881967,1.889315879888276e-05,ctx=C00|phase=P_UNKNOWN|band=inside_high|hum=normal,0.00023616448498631204,0.0,OK,0.0,0.05,0.0,2019-04-09 17:15:00,24.5,100.0
balanced,C00,cluster_00_mild_normal_humidity_normal_wind,0.0027352631578947384,0.0,12.124,12.124,0,0.0,,0.00014963329085872592,0.0,0.0,0.249643,51.6514,15.5394,-14,505380.0617866516,True,TRAIN,0.05,5.956033565695809e+292,0.0,0,2.88,70.3333,132.7444,10.2633,1.9067,0.8029775071158429,V100|H000|L1,-6.4220638141523585,1.756242774386685e-05,ctx=C00|phase=P_UNKNOWN|band=inside_high|hum=normal,0.00021953034679811356,0.0,OK,0.0,0.05,0.0,2019-04-09 17:20:00,24.5,100.0
balanced,C00,cluster_00_mild_normal_humidity_normal_wind,0.002732368421052631,0.0,12.124,12.124,0,0.0,,0.00014931674376731293,0.0,0.0,0.249411,51.8688,15.5383,-14,505381.71171975136,True,TRAIN,0.05,5.979478929688534e+292,0.0,0,2.88,70.6667,116.7124,10.2567,1.8583,0.8029795776699625,V100|H000|L1,-6.422204313574309,1.632307785393028e-05,ctx=C00|phase=P_UNKNOWN|band=inside_high|hum=normal,0.00020403847317385093,0.0,OK,0.0,0.05,0.0,2019-04-09 17:25:00,24.5,100.0
balanced,C00,cluster_00_mild_normal_humidity_normal_wind,0.0027294736842105273,0.0,12.124,12.124,0,0.0,,0.00014900053185595578,0.0,0.0,0.249179,52.0858,15.5372,-14,505383.3722708225,True,TRAIN,0.05,6.0030098464820525e+292,0.0,0,2.88,71,100.5052,10.25,1.81,0.8029816480186431,V100|H000|L1,-6.422334898197141,1.5182859520068703e-05,ctx=C00|phase=P_UNKNOWN|band=inside_high|hum=normal,0.00018978574400052572,0.0,OK,0.0,0.05,0.0,2019-04-09 17:30:00,24.5,100.0
balanced,C00,cluster_00_mild_normal_humidity_normal_wind,0.0027265789473684197,0.0,12.124,12.124,0,0.0,,0.00014868465512465358,0.0,0.0,0.248947,52.3025,15.5361,-14,505384.9520506859,True,TRAIN,0.05,6.026626585470255e+292,0.0,0,2.88,71.3333,84.1299,10.2433,1.7617,0.8029837181618815,V100|H000|L1,-6.422456361073301,1.41338422174897e-05,ctx=C00|phase=P_UNKNOWN|band=inside_high|hum=normal,0.0001766730277188433,0.0,OK,0.0,0.05,0.0,2019-04-09 17:35:00,24.5,100.0
balanced,C00,cluster_00_mild_normal_humidity_normal_wind,0.002723684210526316,0.0,12.124,12.124,0,0.0,,0.00014836911357340725,0.0,0.0,0.248715,52.5194,15.535,-14,505386.64667987823,True,TRAIN,0.05,6.050329416602187e+292,0.0,0,2.88,71.6667,67.5941,10.2367,1.7133,0.8029857880996744,V100|H000|L1,-6.422569431811041,1.316872986356632e-05,ctx=C00|phase=P_UNKNOWN|band=inside_high|hum=normal,0.00016460912329419042,0.0,OK,0.0,0.05,0.0,2019-04-09 17:40:00,24.5,100.0
balanced,C00,cluster_00_mild_normal_humidity_normal_wind,0.0027207894736842085,0.0,12.124,12.124,0,0.0,,0.00014805390720221584,0.0,0.0,0.248483,52.7359,15.5339,-14,505388.2735519409,True,TRAIN,0.05,6.074118610380792e+292,0.0,0,2.88,72,50.9054,10.23,1.665,0.8029878578320186,V100|H000|L1,-6.42267478164995,1.2280810061993108e-05,ctx=C00|phase=P_UNKNOWN|band=inside_high|hum=normal,0.00015351012577491385,0.0,OK,0.0,0.05,0.0,2019-04-09 17:45:00,24.5,100.0
balanced,C00,cluster_00_mild_normal_humidity_normal_wind,0.0027178947368421053,0.0,12.124,12.124,0,0.0,,0.00014773903601108032,0.0,0.0,0.248252,52.9522,15.5328,-14,505389.9920823574,True,TRAIN,0.05,6.097994437861779e+292,0.0,0,2.88,72.3333,34.0716,10.2233,1.6167,0.8029899273589107,V100|H000|L1,-6.422773028130446,1.1463907408360008e-05,ctx=C00|phase=P_UNKNOWN|band=inside_high|hum=normal,0.0001432988426049997,0.0,OK,0.0,0.05,0.0,2019-04-09 17:50:00,24.5,100.0
balanced,C00,cluster_00_mild_normal_humidity_normal_wind,0.002715000000000002,0.0,12.124,12.124,0,0.0,,0.0001474245000000002,0.0,0.0,0.248021,53.1686,15.5317,-14,505391.570032835,True,TRAIN,0.05,6.121957170652316e+292,0.0,0,2.88,72.6667,17.1004,10.2167,1.5683,0.8029919966803476,V100|H000|L1,-6.422864739389713,1.0712340530627529e-05,ctx=C00|phase=P_UNKNOWN|band=inside_high|hum=normal,0.00013390425663351024,0.0,OK,0.0,0.05,0.0,2019-04-09 17:55:00,24.5,100.0
balanced,C00,cluster_00_mild_normal_humidity_normal_wind,0.0027118421052631583,0.0,12.124,12.124,0,0.0,,0.00014708175207756233,0.0,0.0,0.247791,53.3847,15.5305,-14,505393.30135679245,True,TRAIN,0.05,6.145410728582915e+292,0.0,0,2.88,73,0.0,10.21,1.52,0.8029942538875904,V100|H000|L1,-6.422950438113958,1.0035929867702187e-05,ctx=C00|phase=P_UNKNOWN|band=inside_high|hum=normal,0.0001254491233456667,0.0,OK,0.0,0.05,0.0,2019-04-09 18:00:00,24.5,100.0
balanced,C00,cluster_00_mild_normal_humidity_normal_wind,0.0027168421052631603,0.0,12.124,12.124,0,0.0,,0.00014762462049861523,0.0,0.0,0.247625,53.3393,15.5324,-14,505395.0152761936,True,TRAIN,0.05,6.1875251299077635e+292,0.0,0,2.88,72.6667,0.0,10.2417,1.4925,0.802990679863205,V100|H000|L1,-6.423030725552899,8.947133527392737e-06,ctx=C00|phase=P_UNKNOWN|band=inside_high|hum=normal,0.00011183916909263125,0.0,OK,0.0,0.05,0.0,2019-04-09 18:05:00,24.5,100.0
balanced,C00,cluster_00_mild_normal_humidity_normal_wind,0.0027239473684210528,0.0,12.124,12.124,0,0.0,,0.00014839778531855954,0.0,0.0,0.247482,53.2254,15.5351,-14,505396.74662542343,True,TRAIN,0.05,6.234725686049357e+292,0.0,0,2.88,72.3333,0.0,10.2733,1.465,0.802985599932001,V100|H000|L1,-6.4231023026211185,7.824968348946193e-06,ctx=C00|phase=P_UNKNOWN|band=inside_high|hum=normal,9.781210436121679e-05,0.0,OK,0.0,0.05,0.0,2019-04-09 18:10:00,24.5,100.0
balanced,C00,cluster_00_mild_normal_humidity_normal_wind,0.002731842105263158,0.0,12.124,12.124,0,0.0,,0.00014925922576177286,0.0,0.0,0.247348,53.0934,15.5381,-14,505398.32357621193,True,TRAIN,0.05,6.284059586862406e+292,0.0,0,2.88,72,0.0,10.305,1.4375,0.802979954112276,V100|H000|L1,-6.42316490236791,6.747305302923223e-06,ctx=C00|phase=P_UNKNOWN|band=inside_high|hum=normal,8.434131628720642e-05,0.0,OK,0.0,0.05,0.0,2019-04-09 18:15:00,24.5,100.0
balanced,C00,cluster_00_mild_normal_humidity_normal_wind,0.00274,0.0,12.124,12.124,0,0.0,,0.00015015199999999997,0.0,0.0,0.247216,52.9561,15.5412,-14,505399.96000528336,True,TRAIN,0.05,6.334339327666257e+292,0.0,0,2.88,71.6667,0.0,10.3367,1.41,0.8029741184932462,V100|H000|L1,-6.423218880810333,5.740671356391225e-06,ctx=C00|phase=P_UNKNOWN|band=inside_high|hum=normal,7.175839195450173e-05,0.0,OK,0.0,0.05,0.0,2019-04-09 18:20:00,24.5,100.0
balanced,C00,cluster_00_mild_normal_humidity_normal_wind,0.0027481578947368417,0.0,12.124,12.124,0,0.0,,0.0001510474362880886,0.0,0.0,0.247085,52.8166,15.5443,-14,505401.6159555912,True,TRAIN,0.05,6.384964764388475e+292,0.0,0,2.88,71.3333,0.0,10.3683,1.3825,0.8029682812426577,V100|H000|L1,-6.423264806181185,4.814437600808574e-06,ctx=C00|phase=P_UNKNOWN|band=inside_high|hum=normal,6.018047000966309e-05,0.0,OK,0.0,0.05,0.0,2019-04-09 18:25:00,24.5,100.0
balanced,C00,cluster_00_mild_normal_humidity_normal_wind,0.0027563157894736835,0.0,12.124,12.124,0,0.0,,0.0001519455346260387,0.0,0.0,0.246955,52.6763,15.5474,-14,505403.1949543953,True,TRAIN,0.05,6.435938096994724e+292,0.0,0,2.88,71,0.0,10.4,1.355,0.8029624423605837,V100|H000|L1,-6.423303321681991,3.96217202680571e-06,ctx=C00|phase=P_UNKNOWN|band=inside_high|hum=normal,4.9527150334793824e-05,0.0,OK,0.0,0.05,0.0,2019-04-09 18:30:00,24.5,100.0
balanced,C00,cluster_00_mild_normal_humidity_normal_wind,0.002764473684210525,0.0,12.124,12.124,0,0.0,,0.00015284629501385028,0.0,0.0,0.246825,52.5352,15.5505,-14,505404.8327078819,True,TRAIN,0.05,6.487261538807924e+292,0.0,0,2.88,70.6667,0.0,10.4317,1.3275,0.8029566018470973,V100|H000|L1,-6.4233350190582055,3.177957185740432e-06,ctx=C00|phase=P_UNKNOWN|band=inside_high|hum=normal,3.972446482158887e-05,0.0,OK,0.0,0.05,0.0,2019-04-09 18:35:00,24.5,100.0
balanced,C00,cluster_00_mild_normal_humidity_normal_wind,0.002772631578947367,0.0,12.124,12.124,0,0.0,,0.00015374971745152338,0.0,0.0,0.246695,52.3931,15.5536,-14,505406.5714366436,True,TRAIN,0.05,6.538937316586833e+292,0.0,0,2.88,70.3333,0.0,10.4633,1.3,0.8029507597022713,V100|H000|L1,-6.423360442715691,2.4563490247375697e-06,ctx=C00|phase=P_UNKNOWN|band=inside_high|hum=normal,3.0704362809830243e-05,0.0,OK,0.0,0.05,0.0,2019-04-09 18:40:00,24.5,100.0
balanced,C00,cluster_00_mild_normal_humidity_normal_wind,0.0027807894736842087,0.0,12.124,12.124,0,0.0,,0.00015465580193905798,0.0,0.0,0.246566,52.2504,15.5567,-14,505408.3110127449,True,TRAIN,0.05,6.590967670605059e+292,0.0,0,2.88,70,0.0,10.495,1.2725,0.802944915926179,V100|H000|L1,-6.423380093507889,1.7923390154273022e-06,ctx=C00|phase=P_UNKNOWN|band=inside_high|hum=normal,2.2404237692841278e-05,0.0,OK,0.0,0.05,0.0,2019-04-09 18:45:00,24.5,100.0
balanced,C00,cluster_00_mild_normal_humidity_normal_wind,0.0027889473684210506,0.0,12.124,12.124,0,0.0,,0.00015556454847645408,0.0,0.0,0.246437,52.1071,15.5598,-14,505409.88920521736,True,TRAIN,0.05,6.6433548547305545e+292,0.0,0,2.88,69.6667,0.0,10.5267,1.245,0.8029390705188932,V100|H000|L1,-6.423394432220013,1.1813193113718867e-06,ctx=C00|phase=P_UNKNOWN|band=inside_high|hum=normal,1.4766491391648984e-05,0.0,OK,0.0,0.05,0.0,2019-04-09 18:50:00,24.5,100.0
balanced,C00,cluster_00_mild_normal_humidity_normal_wind,0.002797105263157897,0.0,12.124,12.124,0,0.0,,0.00015647595706371216,0.0,0.0,0.246308,51.9627,15.5629,-14,505411.62697434425,True,TRAIN,0.05,6.69610113650555e+292,0.0,0,2.88,69.3333,0.0,10.5583,1.2175,0.8029332234804873,V100|H000|L1,-6.423403882774504,6.190506939285356e-07,ctx=C00|phase=P_UNKNOWN|band=inside_high|hum=normal,7.738133674384251e-06,0.0,OK,0.0,0.05,0.0,2019-04-09 18:55:00,24.75,100.0
balanced,C00,cluster_00_mild_normal_humidity_normal_wind,0.002805263157894739,0.0,12.124,12.124,0,0.0,,0.00015739002770083125,0.0,0.0,0.246179,51.8178,15.566,-14,505413.3612191677,True,TRAIN,0.05,6.749208797226917e+292,0.0,0,2.88,69,0.0,10.59,1.19,0.8029273748110346,V100|H000|L1,-6.423408835180055,1.0163308217236988e-07,ctx=C00|phase=P_UNKNOWN|band=inside_high|hum=normal,1.270413527709735e-06,0.0,OK,0.0,0.05,0.0,2019-04-09 19:00:00,24.75,100.0
balanced,C00,cluster_00_mild_normal_humidity_normal_wind,0.0027918421052631585,0.0,12.124,12.124,0,0.0,,0.00015588764681440448,0.0,0.0,0.246051,51.7594,15.5609,-14,505414.93794441223,True,TRAIN,0.05,6.750503556325441e+292,0.0,0,2.88,69.4167,0.0,10.4858,1.1625,0.8029369959500309,V100|H000|L1,-6.4234096482447125,8.631935553005121e-07,ctx=C00|phase=P_UNKNOWN|band=inside_high|hum=normal,1.0789919441811513e-05,0.0,OK,0.0,0.05,0.0,2019-04-09 19:05:00,24.75,100.0
balanced,C00,cluster_00_mild_normal_humidity_normal_wind,0.0027721052631578947,0.0,12.124,12.124,0,0.0,,0.000153691351800554,0.0,0.0,0.245923,51.7273,15.5534,-14,505416.69328427315,True,TRAIN,0.05,6.736294983942299e+292,0.0,0,2.88,69.8333,0.0,10.3817,1.135,0.8029511366640679,V100|H000|L1,-6.423416553793155,1.9253951938358327e-06,ctx=C00|phase=P_UNKNOWN|band=inside_high|hum=normal,2.406743992355853e-05,0.0,OK,0.0,0.05,0.0,2019-04-09 19:10:00,24.75,100.0
balanced,C00,cluster_00_mild_normal_humidity_normal_wind,0.0027502631578947365,0.0,12.124,12.124,0,0.0,,0.00015127894875346254,0.0,0.0,0.245795,51.7019,15.5451,-14,505418.43201065063,True,TRAIN,0.05,6.716634134380753e+292,0.0,0,2.88,70.25,0.0,10.2775,1.1075,0.8029667745905655,V100|H000|L1,-6.423431956954706,3.022397698226875e-06,ctx=C00|phase=P_UNKNOWN|band=inside_high|hum=normal,3.777997122733634e-05,0.0,OK,0.0,0.05,0.0,2019-04-09 19:15:00,24.75,100.0
balanced,C00,cluster_00_mild_normal_humidity_normal_wind,0.0027278947368421054,0.0,12.124,12.124,0,0.0,,0.00014882819390581718,0.0,0.0,0.245667,51.6772,15.5366,-14,505420.00966763496,True,TRAIN,0.05,6.695316484946497e+292,0.0,0,2.88,70.6667,0.0,10.1733,1.08,0.8029827772131506,V100|H000|L1,-6.423456136136291,4.060815689155284e-06,ctx=C00|phase=P_UNKNOWN|band=inside_high|hum=normal,5.076019611416349e-05,0.0,OK,0.0,0.05,0.0,2019-04-09 19:20:00,24.75,100.0
balanced,C00,cluster_00_mild_normal_humidity_normal_wind,0.002705526315789474,0.0,12.124,12.124,0,0.0,,0.0001463974529085873,0.0,0.0,0.24554,51.6515,15.5281,-14,505421.7203607559,True,TRAIN,0.05,6.673617743164539e+292,0.0,0,2.88,71.0833,0.0,10.0692,1.0525,0.8029987675685211,V100|H000|L1,-6.423488622661805,5.0151788636432215e-06,ctx=C00|phase=P_UNKNOWN|band=inside_high|hum=normal,6.268973579548476e-05,0.0,OK,0.0,0.05,0.0,2019-04-09 19:25:00,24.75,100.0
balanced,C00,cluster_00_mild_normal_humidity_normal_wind,0.002683157894736844,0.0,12.124,12.124,0,0.0,,0.00014398672576177303,0.0,0.0,0.245413,51.6238,15.5196,-14,505423.4589724541,True,TRAIN,0.05,6.651534631052642e+292,0.0,0,2.88,71.5,0.0,9.965,1.025,0.8030147456551734,V100|H000|L1,-6.423528744092714,5.8922114867243636e-06,ctx=C00|phase=P_UNKNOWN|band=inside_high|hum=normal,7.365264358416557e-05,0.0,OK,0.0,0.05,0.0,2019-04-09 19:30:00,24.75,100.0
balanced,C00,cluster_00_mild_normal_humidity_normal_wind,0.0026605263157894717,0.0,12.124,12.124,0,0.0,,0.00014156800554016597,0.0,0.0,0.245287,51.5942,15.511,-14,505425.0351843834,True,TRAIN,0.05,6.628408218472127e+292,0.0,0,2.88,71.9167,0.0,9.8608,0.9975,0.8030308992317065,V100|H000|L1,-6.423575881784608,6.713120690449159e-06,ctx=C00|phase=P_UNKNOWN|band=inside_high|hum=normal,8.391400863050347e-05,0.0,OK,0.0,0.05,0.0,2019-04-09 19:35:00,24.75,100.0
balanced,C00,cluster_00_mild_normal_humidity_normal_wind,0.002638157894736841,0.0,12.124,12.124,0,0.0,,0.0001391975415512464,0.0,0.0,0.245161,51.5629,15.5025,-14,505426.75166392326,True,TRAIN,0.05,6.605543160448467e+292,0.0,0,2.88,72.3333,0.0,9.7567,0.97,0.803046852632033,V100|H000|L1,-6.423629586750131,7.452343061320477e-06,ctx=C00|phase=P_UNKNOWN|band=inside_high|hum=normal,9.315428826661698e-05,0.0,OK,0.0,0.05,0.0,2019-04-09 19:40:00,24.75,100.0
balanced,C00,cluster_00_mild_normal_humidity_normal_wind,0.0026157894736842102,0.0,12.124,12.124,0,0.0,,0.0001368470914127423,0.0,0.0,0.245036,51.5294,15.494,-14,505428.32803463936,True,TRAIN,0.05,6.582283741639109e+292,0.0,0,2.88,72.75,0.0,9.6525,0.9425,0.8030627937591186,V100|H000|L1,-6.423689205494622,8.131445783265967e-06,ctx=C00|phase=P_UNKNOWN|band=inside_high|hum=normal,0.0001016430722908801,0.0,OK,0.0,0.05,0.0,2019-04-09 19:45:00,24.75,100.0
balanced,C00,cluster_00_mild_normal_humidity_normal_wind,0.0025934210526315795,0.0,12.124,12.124,0,0.0,,0.00013451665512465377,0.0,0.0,0.244911,51.494,15.4855,-14,505429.90485072136,True,TRAIN,0.05,6.558626590062647e+292,0.0,0,2.88,73.1667,0.0,9.5483,0.915,0.8030787226114637,V100|H000|L1,-6.423754257060888,8.755238308233437e-06,ctx=C00|phase=P_UNKNOWN|band=inside_high|hum=normal,0.00010944047885275143,0.0,OK,0.0,0.05,0.0,2019-04-09 19:50:00,24.75,100.0
balanced,C00,cluster_00_mild_normal_humidity_normal_wind,0.0025710526315789483,0.0,12.124,12.124,0,0.0,,0.00013220623268698071,0.0,0.0,0.244787,51.4568,15.477,-14,505431.6457154751,True,TRAIN,0.05,6.534568309876877e+292,0.0,0,2.88,73.5833,0.0,9.4442,0.8875,0.8030946391875698,V100|H000|L1,-6.423824298967354,9.328145332054838e-06,ctx=C00|phase=P_UNKNOWN|band=inside_high|hum=normal,0.00011660181665062996,0.0,OK,0.0,0.05,0.0,2019-04-09 19:55:00,24.75,100.0
balanced,C00,cluster_00_mild_normal_humidity_normal_wind,0.0026547368421052653,0.0,12.124,144.004,0,0.0,,0.00014095255401662074,0.0,0.5,0.244663,51.4177,15.4685,-14,505433.22510528564,True,TRAIN,0.05,6.780995776416392e+292,0.0,0,2.88,74,0.0,9.34,0.86,0.25754108037270784,V100|H050|L1,-0.5842796573407891,0.014760489856408737,ctx=C00|phase=P_UNKNOWN|band=inside_high|hum=normal,0.1845061232051092,0.0,HEAT_OFF_HIGH_EXHAUST,0.0,0.05,0.25,2019-04-09 20:00:00,24.75,100.0
balanced,C00,cluster_00_mild_normal_humidity_normal_wind,0.00254263157894737,0.0,12.124,12.124,0,0.0,,0.0001292995069252079,0.0,0.0,0.244528,51.4075,15.4662,-14,505434.89257597923,True,TRAIN,0.05,6.527118467257518e+292,0.0,0,2.88,74,0.0,9.3375,0.8283,0.803114844891193,V100|H000|L1,-6.42389892413001,1.0198349995382827e-05,ctx=C00|phase=P_UNKNOWN|band=inside_high|hum=normal,0.00012747937494173023,0.0,OK,0.0,0.05,0.0,2019-04-09 20:05:00,24.75,100.0
balanced,C00,cluster_00_mild_normal_humidity_normal_wind,0.0025413157894736845,0.0,12.124,12.124,0,0.0,,0.0001291657188365651,0.0,0.0,0.244389,51.3999,15.4657,-14,505436.52875089645,True,TRAIN,0.05,6.5563594445764165e+292,0.0,0,2.88,74,0.0,9.335,0.7967,0.8031157798603203,V100|H000|L1,-6.423980510929973,9.457279525948437e-06,ctx=C00|phase=P_UNKNOWN|band=inside_high|hum=normal,0.00011821599407368932,0.0,OK,0.0,0.05,0.0,2019-04-09 20:10:00,24.75,100.0
balanced,C00,cluster_00_mild_normal_humidity_normal_wind,0.0025413157894736845,0.0,12.124,12.124,0,0.0,,0.0001291657188365651,0.0,0.0,0.24425,51.3917,15.4657,-14,505438.1043598652,True,TRAIN,0.05,6.589141241799297e+292,0.0,0,2.88,74,0.0,9.3325,0.765,0.8031157798603203,V100|H000|L1,-6.424056169166181,8.700697163854798e-06,ctx=C00|phase=P_UNKNOWN|band=inside_high|hum=normal,0.00010875871454774089,0.0,OK,0.0,0.05,0.0,2019-04-09 20:15:00,24.75,100.0
balanced,C00,cluster_00_mild_normal_humidity_normal_wind,0.0025418421052631566,0.0,12.124,12.124,0,0.0,,0.00012921922576177272,0.0,0.0,0.244111,51.383,15.4659,-14,505439.8023877144,True,TRAIN,0.05,6.623458406421462e+292,0.0,0,2.88,74,0.0,9.33,0.7333,0.8031154058777682,V100|H000|L1,-6.424125774743492,7.974722786574517e-06,ctx=C00|phase=P_UNKNOWN|band=inside_high|hum=normal,9.968403483173738e-05,0.0,OK,0.0,0.05,0.0,2019-04-09 20:20:00,24.75,100.0
balanced,C00,cluster_00_mild_normal_humidity_normal_wind,0.002542368421052634,0.0,12.124,12.124,0,0.0,,0.00012927274376731325,0.0,0.0,0.243974,51.374,15.4661,-14,505441.4245047569,True,TRAIN,0.05,6.6579540141588175e+292,0.0,0,2.88,74,0.0,9.3275,0.7017,0.8031150318884176,V100|H000|L1,-6.424189572525784,7.306825815511786e-06,ctx=C00|phase=P_UNKNOWN|band=inside_high|hum=normal,9.133532269456346e-05,0.0,OK,0.0,0.05,0.0,2019-04-09 20:25:00,24.75,100.0
balanced,C00,cluster_00_mild_normal_humidity_normal_wind,0.0025428947368421064,0.0,12.124,12.124,0,0.0,,0.00012932627285318569,0.0,0.0,0.243838,51.3649,15.4663,-14,505443.08120799065,True,TRAIN,0.05,6.692628991513373e+292,0.0,0,2.88,74,0.0,9.325,0.67,0.8031146578922688,V100|H000|L1,-6.424248027132308,6.692360058457858e-06,ctx=C00|phase=P_UNKNOWN|band=inside_high|hum=normal,8.365450073022362e-05,0.0,OK,0.0,0.05,0.0,2019-04-09 20:30:00,24.75,100.0
balanced,C00,cluster_00_mild_normal_humidity_normal_wind,0.002543684210526315,0.0,12.124,12.124,0,0.0,,0.00012940658725761766,0.0,0.0,0.243703,51.3558,15.4666,-14,505444.6600115299,True,TRAIN,0.05,6.728180336451211e+292,0.0,0,2.88,74,0.0,9.3225,0.6383,0.8031140968852982,V100|H000|L1,-6.424301566012776,6.112090696119843e-06,ctx=C00|phase=P_UNKNOWN|band=inside_high|hum=normal,7.640113370122048e-05,0.0,OK,0.0,0.05,0.0,2019-04-09 20:35:00,24.75,100.0
balanced,C00,cluster_00_mild_normal_humidity_normal_wind,0.0025442105263157877,0.0,12.124,12.124,0,0.0,,0.00012946014404432112,0.0,0.0,0.24357,51.3467,15.4668,-14,505446.3460419178,True,TRAIN,0.05,6.763220332120249e+292,0.0,0,2.88,74,0.0,9.32,0.6067,0.8031137228721533,V100|H000|L1,-6.424350462738345,5.593202388798346e-06,ctx=C00|phase=P_UNKNOWN|band=inside_high|hum=normal,6.991502986020137e-05,0.0,OK,0.0,0.05,0.0,2019-04-09 20:40:00,24.75,100.0
balanced,C00,cluster_00_mild_normal_humidity_normal_wind,0.002545000000000001,0.0,12.124,12.124,0,0.0,,0.00012954050000000007,0.0,0.0,0.243439,51.3376,15.4671,-14,505448.02733516693,True,TRAIN,0.05,6.799145567965934e+292,0.0,0,2.88,74,0.0,9.3175,0.575,0.803113161839689,V100|H000|L1,-6.424395208357455,5.100863600615568e-06,ctx=C00|phase=P_UNKNOWN|band=inside_high|hum=normal,6.376079500702847e-05,0.0,OK,0.0,0.05,0.0,2019-04-09 20:45:00,24.75,100.0
balanced,C00,cluster_00_mild_normal_humidity_normal_wind,0.0025455263157894733,0.0,12.124,12.124,0,0.0,,0.00012959408448753458,0.0,0.0,0.24331,51.3285,15.4673,-14,505449.7417087555,True,TRAIN,0.05,6.8345544157097636e+292,0.0,0,2.88,74,0.0,9.315,0.5433,0.8031127878095481,V100|H000|L1,-6.42443601526626,4.662872101213189e-06,ctx=C00|phase=P_UNKNOWN|band=inside_high|hum=normal,5.828590126555344e-05,0.0,OK,0.0,0.05,0.0,2019-04-09 20:50:00,24.75,100.0
balanced,C00,cluster_00_mild_normal_humidity_normal_wind,0.002546052631578946,0.0,12.124,12.124,0,0.0,,0.0001296476800554015,0.0,0.0,0.243184,51.3194,15.4675,-14,505451.31735634804,True,TRAIN,0.05,6.87014737329183e+292,0.0,0,2.88,74,0.0,9.3125,0.5117,0.8031124137726089,V100|H000|L1,-6.42447331824307,4.2599193780246125e-06,ctx=C00|phase=P_UNKNOWN|band=inside_high|hum=normal,5.324899222514112e-05,0.0,OK,0.0,0.05,0.0,2019-04-09 20:55:00,24.75,100.0
balanced,C00,cluster_00_mild_normal_humidity_normal_wind,0.002545000000000001,0.0,10.36,10.36,0,0.0,,0.00012954050000000007,0.0,0.0,0.24306,51.3121,15.4671,-14,505453.0664460659,False,TRAIN,0.05,6.9016435372962135e+292,0.0,0,2.88,74,0.0,9.31,0.48,0.8265319804041286,V100|H000|L0,-6.610521602048893,1.7342411841370087e-05,ctx=C00|phase=P_UNKNOWN|band=inside_high|hum=normal,0.00021678014801695955,0.0,OK,0.0,0.05,0.1,2019-04-09 21:00:00,24.75,100.0
balanced,C00,cluster_00_mild_normal_humidity_normal_wind,0.0025273684210526315,0.0,10.36,10.36,0,0.0,,0.0001277518227146814,0.0,0.0,0.242939,51.2043,15.4604,-14,505454.7503013611,False,TRAIN,0.05,6.888098589065637e+292,0.0,0,2.88,74.3333,0.0,9.1942,0.4483,0.8265452476644602,V100|H000|L0,-6.610660341343624,1.7016399720626296e-05,ctx=C00|phase=P_UNKNOWN|band=inside_high|hum=normal,0.0002127049965072736,0.0,OK,0.0,0.05,0.0,2019-04-09 21:05:00,24.75,100.0
balanced,C00,cluster_00_mild_normal_humidity_normal_wind,0.0025047368421052645,0.0,10.36,10.36,0,0.0,,0.00012547413296398903,0.0,0.0,0.242821,51.0751,15.4518,-14,505456.32660222054,False,TRAIN,0.05,6.860550497977968e+292,0.0,0,2.88,74.6667,0.0,9.0783,0.4167,0.8265622654554515,V100|H000|L0,-6.610796472541389,1.7016511022260872e-05,ctx=C00|phase=P_UNKNOWN|band=inside_high|hum=normal,0.00021270638777792783,0.0,OK,0.0,0.05,0.0,2019-04-09 21:10:00,24.75,100.0
balanced,C00,cluster_00_mild_normal_humidity_normal_wind,0.0024807894736842114,0.0,10.36,10.36,0,0.0,,0.0001230863282548477,0.0,0.0,0.242707,50.9415,15.4427,-14,505458.0352509022,False,TRAIN,0.05,6.828932716133691e+292,0.0,0,2.88,75,0.0,8.9625,0.385,0.8265802581737748,V100|H000|L0,-6.610932604629567,1.70946076063494e-05,ctx=C00|phase=P_UNKNOWN|band=inside_high|hum=normal,0.0002136825950789234,0.0,OK,0.0,0.05,0.0,2019-04-09 21:15:00,24.75,100.0
balanced,C00,cluster_00_mild_normal_humidity_normal_wind,0.0024563157894736862,0.0,10.36,10.36,0,0.0,,0.00012066974515235474,0.0,0.0,0.242598,50.8064,15.4334,-14,505459.6096494198,False,TRAIN,0.05,6.795371195741365e+292,0.0,0,2.88,75.3333,0.0,8.8467,0.3533,0.8265986309518683,V100|H000|L0,-6.611069361490418,1.7196861245238892e-05,ctx=C00|phase=P_UNKNOWN|band=inside_high|hum=normal,0.00021496076556604127,0.0,OK,0.0,0.05,0.0,2019-04-09 21:20:00,24.75,100.0
balanced,C00,cluster_00_mild_normal_humidity_normal_wind,0.00243157894736842,0.0,10.36,10.36,0,0.0,,0.00011825152354570624,0.0,0.0,0.242493,50.6702,15.424,-14,505461.3149113655,False,TRAIN,0.05,6.760571673226203e+292,0.0,0,2.88,75.6667,0.0,8.7308,0.3217,0.8266171854810133,V100|H000|L0,-6.61120693638038,1.7305474677264954e-05,ctx=C00|phase=P_UNKNOWN|band=inside_high|hum=normal,0.00021631843346581192,0.0,OK,0.0,0.05,0.0,2019-04-09 21:25:00,24.75,100.0
balanced,C00,cluster_00_mild_normal_humidity_normal_wind,0.0024068421052631586,0.0,10.36,10.36,0,0.0,,0.00011585777839335185,0.0,0.0,0.242394,50.5334,15.4146,-14,505462.8902721405,False,TRAIN,0.05,6.72525427120601e+292,0.0,0,2.88,76,0.0,8.615,0.29,0.826635724117745,V100|H000|L0,-6.611345380177798,1.740412764161814e-05,ctx=C00|phase=P_UNKNOWN|band=inside_high|hum=normal,0.00021755159552028225,0.0,OK,0.0,0.05,0.0,2019-04-09 21:30:00,24.75,100.0
balanced,C00,cluster_00_mild_normal_humidity_normal_wind,0.0023821052631578968,0.0,10.36,10.36,0,0.0,,0.00011348850969529104,0.0,0.0,0.242301,50.3957,15.4052,-14,505464.5583603382,False,TRAIN,0.05,6.689414680873782e+292,0.0,0,2.88,76.3333,0.0,8.4992,0.2583,0.8266542468598691,V100|H000|L0,-6.611484613198931,1.7493616800257072e-05,ctx=C00|phase=P_UNKNOWN|band=inside_high|hum=normal,0.00021867021000276932,0.0,OK,0.0,0.05,0.0,2019-04-09 21:35:00,24.75,100.0
balanced,C00,cluster_00_mild_normal_humidity_normal_wind,0.0023573684210526306,0.0,10.36,10.36,0,0.0,,0.00011114371745152342,0.0,0.0,0.242215,50.2571,15.3958,-14,505466.2406592369,False,TRAIN,0.05,6.65304856328144e+292,0.0,0,2.88,76.6667,0.0,8.3833,0.2267,0.8266727537051922,V100|H000|L0,-6.611624562133333,1.7574675082010494e-05,ctx=C00|phase=P_UNKNOWN|band=inside_high|hum=normal,0.00021968343852563077,0.0,OK,0.0,0.05,0.0,2019-04-09 21:40:00,24.75,100.0
balanced,C00,cluster_00_mild_normal_humidity_normal_wind,0.0023326315789473687,0.0,10.36,10.36,0,0.0,,0.00010882340166204986,0.0,0.0,0.242136,50.1178,15.3864,-14,505467.8183500767,False,TRAIN,0.05,6.616151549146164e+292,0.0,0,2.88,77,0.0,8.2675,0.195,0.8266912446515237,V100|H000|L0,-6.611765159533989,1.7647976782053654e-05,ctx=C00|phase=P_UNKNOWN|band=inside_high|hum=normal,0.00022059970977506005,0.0,OK,0.0,0.05,0.0,2019-04-09 21:45:00,25,100.0
balanced,C00,cluster_00_mild_normal_humidity_normal_wind,0.0023076315789473663,0.0,10.36,10.36,0,0.0,,0.00010650327008310227,0.0,0.0,0.242066,49.9777,15.3769,-14,505469.456458807,False,TRAIN,0.05,6.577969099631652e+292,0.0,0,2.88,77.3333,0.0,8.1517,0.1633,0.826709916154219,V100|H000|L0,-6.611906343348245,1.7729858855064506e-05,ctx=C00|phase=P_UNKNOWN|band=inside_high|hum=normal,0.00022162323568830633,0.0,OK,0.0,0.05,0.0,2019-04-09 21:50:00,25,100.0
balanced,C00,cluster_00_mild_normal_humidity_normal_wind,0.0022826315789473686,0.0,10.36,10.36,0,0.0,,0.00010420813850415513,0.0,0.0,0.242006,49.8368,15.3674,-14,505471.1551473141,False,TRAIN,0.05,6.5392394218332795e+292,0.0,0,2.88,77.6667,0.0,8.0358,0.1317,0.8267285714133522,V100|H000|L0,-6.612048182219086,1.780389087735479e-05,ctx=C00|phase=P_UNKNOWN|band=inside_high|hum=normal,0.00022254863596649077,0.0,OK,0.0,0.05,0.0,2019-04-09 21:55:00,25,100.0
balanced,C00,cluster_00_mild_normal_humidity_normal_wind,0.0022576315789473705,0.0,10.36,10.36,0,0.0,,0.00010193800692520795,0.0,0.0,0.241956,49.6953,15.3579,-14,505472.7839963436,False,TRAIN,0.05,6.499957998029432e+292,0.0,0,2.88,78,0.0,7.92,0.1,0.8267472104266669,V100|H000|L0,-6.612190613346105,1.7870700672273365e-05,ctx=C00|phase=P_UNKNOWN|band=inside_high|hum=normal,0.00022338375840380564,0.0,OK,0.0,0.05,0.0,2019-04-09 22:00:00,25,100.0
balanced,C00,cluster_00_mild_normal_humidity_normal_wind,0.002251052631578946,0.0,10.36,10.36,0,0.0,,0.00010134475900276997,0.0,0.0,0.241947,49.6058,15.3554,-14,505474.3589088917,False,TRAIN,0.05,6.513421601435994e+292,0.0,0,2.88,77.8333,0.0,7.9267,0.1108,0.826752112729752,V100|H000|L0,-6.612333578951483,1.683322886536498e-05,ctx=C00|phase=P_UNKNOWN|band=inside_high|hum=normal,0.00021041536081667367,0.0,OK,0.0,0.05,0.0,2019-04-09 22:05:00,25,100.0
balanced,C00,cluster_00_mild_normal_humidity_normal_wind,0.002250000000000001,0.0,10.36,10.36,0,0.0,,0.00010125000000000009,0.0,0.0,0.241954,49.5241,15.355,-14,505476.100869894,False,TRAIN,0.05,6.54292769064054e+292,0.0,0,2.88,77.6667,0.0,7.9333,0.1217,0.826752896993823,V100|H000|L0,-6.612468244782406,1.5549311681795075e-05,ctx=C00|phase=P_UNKNOWN|band=inside_high|hum=normal,0.00019436639602232741,0.0,OK,0.0,0.05,0.0,2019-04-09 22:10:00,25,100.0
balanced,C00,cluster_00_mild_normal_humidity_normal_wind,0.0022505263157894737,0.0,10.36,10.36,0,0.0,,0.00010129737396121883,0.0,0.0,0.241967,49.4429,15.3552,-14,505477.7728090286,False,TRAIN,0.05,6.577180491042064e+292,0.0,0,2.88,77.5,0.0,7.94,0.1325,0.8267525048653884,V100|H000|L0,-6.61259263927586,1.4273996472469186e-05,ctx=C00|phase=P_UNKNOWN|band=inside_high|hum=normal,0.00017842495590592033,0.0,OK,0.0,0.05,0.0,2019-04-09 22:15:00,25,100.0
balanced,C00,cluster_00_mild_normal_humidity_normal_wind,0.0022515789473684235,0.0,10.36,10.36,0,0.0,,0.00010139215512465395,0.0,0.0,0.241984,49.3613,15.3556,-14,505479.34870004654,False,TRAIN,0.05,6.613158099013417e+292,0.0,0,2.88,77.3333,0.0,7.9467,0.1433,0.826751720586914,V100|H000|L0,-6.61270683124764,1.3069334476756289e-05,ctx=C00|phase=P_UNKNOWN|band=inside_high|hum=normal,0.00016336668095906504,0.0,OK,0.0,0.05,0.0,2019-04-09 22:20:00,25,100.0
balanced,C00,cluster_00_mild_normal_humidity_normal_wind,0.0022528947368421043,0.0,10.36,10.36,0,0.0,,0.0001015106939058171,0.0,0.0,0.242002,49.2793,15.3561,-14,505481.0553548336,False,TRAIN,0.05,6.650107844563118e+292,0.0,0,2.88,77.1667,0.0,7.9533,0.1542,0.826750740198312,V100|H000|L0,-6.612811385923454,1.194535663040508e-05,ctx=C00|phase=P_UNKNOWN|band=inside_high|hum=normal,0.00014931695788023003,0.0,OK,0.0,0.05,0.0,2019-04-09 22:25:00,25,100.0
balanced,C00,cluster_00_mild_normal_humidity_normal_wind,0.0022542105263157904,0.0,10.36,10.36,0,0.0,,0.00010162930193905824,0.0,0.0,0.242021,49.1973,15.3566,-14,505482.7201080322,False,TRAIN,0.05,6.687261758615857e+292,0.0,0,2.88,77,0.0,7.96,0.165,0.8267497597647002,V100|H000|L0,-6.612906948776497,1.091129341102004e-05,ctx=C00|phase=P_UNKNOWN|band=inside_high|hum=normal,0.00013639116763808357,0.0,OK,0.0,0.05,0.0,2019-04-09 22:30:00,25,100.0
balanced,C00,cluster_00_mild_normal_humidity_normal_wind,0.002255526315789476,0.0,10.36,10.36,0,0.0,,0.00010174797922437693,0.0,0.0,0.242042,49.1152,15.3571,-14,505484.3849480152,False,TRAIN,0.05,6.724620959113007e+292,0.0,0,2.88,76.8333,0.0,7.9667,0.1758,0.8267487792860793,V100|H000|L0,-6.612994239123785,9.959951648541576e-06,ctx=C00|phase=P_UNKNOWN|band=inside_high|hum=normal,0.00012449939560610357,0.0,OK,0.0,0.05,0.0,2019-04-09 22:35:00,25,100.0
balanced,C00,cluster_00_mild_normal_humidity_normal_wind,0.002256578947368421,0.0,10.36,10.36,0,0.0,,0.00010184297091412741,0.0,0.0,0.242064,49.0328,15.3575,-14,505485.9599943161,False,TRAIN,0.05,6.761398068838635e+292,0.0,0,2.88,76.6667,0.0,7.9733,0.1867,0.8267479948707759,V100|H000|L0,-6.613073918736974,9.100402292294696e-06,ctx=C00|phase=P_UNKNOWN|band=inside_high|hum=normal,0.0001137550286541833,0.0,OK,0.0,0.05,0.0,2019-04-09 22:40:00,25,100.0
balanced,C00,cluster_00_mild_normal_humidity_normal_wind,0.0022578947368421067,0.0,10.36,10.36,0,0.0,,0.00010196177285318573,0.0,0.0,0.242087,48.9506,15.358,-14,505487.6736381054,False,TRAIN,0.05,6.799167277876233e+292,0.0,0,2.88,76.5,0.0,7.98,0.1975,0.8267470143111388,V100|H000|L0,-6.613146721955312,8.293925337965469e-06,ctx=C00|phase=P_UNKNOWN|band=inside_high|hum=normal,0.00010367406672484591,0.0,OK,0.0,0.05,0.0,2019-04-09 22:45:00,25,100.0
balanced,C00,cluster_00_mild_normal_humidity_normal_wind,0.002259210526315788,0.0,10.36,10.36,0,0.0,,0.00010208064404432118,0.0,0.0,0.242111,48.8682,15.3585,-14,505489.2480611801,False,TRAIN,0.05,6.837145144052472e+292,0.0,0,2.88,76.3333,0.0,7.9867,0.2083,0.8267460337064932,V100|H000|L0,-6.613213073358016,7.551962939333912e-06,ctx=C00|phase=P_UNKNOWN|band=inside_high|hum=normal,9.439953674128532e-05,0.0,OK,0.0,0.05,0.0,2019-04-09 22:50:00,25,100.0
balanced,C00,cluster_00_mild_normal_humidity_normal_wind,0.0022602631578947374,0.0,10.36,10.36,0,0.0,,0.00010217579085872581,0.0,0.0,0.242136,48.7857,15.3589,-14,505490.91351795197,False,TRAIN,0.05,6.874532421721383e+292,0.0,0,2.88,76.1667,0.0,7.9933,0.2192,0.826745249190371,V100|H000|L0,-6.61327348906153,6.885044614324265e-06,ctx=C00|phase=P_UNKNOWN|band=inside_high|hum=normal,8.606305767966393e-05,0.0,OK,0.0,0.05,0.0,2019-04-09 22:55:00,25,100.0
balanced,C00,cluster_00_mild_normal_humidity_normal_wind,0.002261578947368423,0.0,10.36,10.36,0,0.0,,0.0001022947867036013,0.0,0.0,0.242162,48.7032,15.3594,-14,505492.4902508259,False,TRAIN,0.05,6.912927033465474e+292,0.0,0,2.88,76,0.0,8,0.23,0.826744268504711,V100|H000|L0,-6.613328569418445,6.255786192399526e-06,ctx=C00|phase=P_UNKNOWN|band=inside_high|hum=normal,7.819732740543817e-05,0.0,OK,0.0,0.05,0.0,2019-04-09 23:00:00,25,100.0
balanced,C00,cluster_00_mild_normal_humidity_normal_wind,0.002263684210526318,0.0,10.36,10.36,0,0.0,,0.00010248532409972318,0.0,0.0,0.242177,48.6318,15.3602,-14,505494.14980220795,False,TRAIN,0.05,6.953958963646655e+292,0.0,0,2.88,75.8333,0.0,8.0117,0.2333,0.8267426993140397,V100|H000|L0,-6.613378615707984,5.6297880433042735e-06,ctx=C00|phase=P_UNKNOWN|band=inside_high|hum=normal,7.037235054163649e-05,0.0,OK,0.0,0.05,0.0,2019-04-09 23:05:00,25,100.0
balanced,C00,cluster_00_mild_normal_humidity_normal_wind,0.0022660526315789486,0.0,10.36,10.36,0,0.0,,0.00010269989058171756,0.0,0.0,0.242188,48.5626,15.3611,-14,505495.82007718086,False,TRAIN,0.05,6.996040843889924e+292,0.0,0,2.88,75.6667,0.0,8.0233,0.2367,0.826740933836813,V100|H000|L0,-6.613423654012331,5.038166821735857e-06,ctx=C00|phase=P_UNKNOWN|band=inside_high|hum=normal,6.297708527169821e-05,0.0,OK,0.0,0.05,0.0,2019-04-09 23:10:00,25,100.0
balanced,C00,cluster_00_mild_normal_humidity_normal_wind,0.0022684210526315793,0.0,10.36,10.36,0,0.0,,0.00010291468144044326,0.0,0.0,0.242197,48.494,15.362,-14,505497.39535069466,False,TRAIN,0.05,7.038369693961534e+292,0.0,0,2.88,75.5,0.0,8.035,0.24,0.8267391682137655,V100|H000|L0,-6.6134639593469045,4.4938636322156e-06,ctx=C00|phase=P_UNKNOWN|band=inside_high|hum=normal,5.6173295402417445e-05,0.0,OK,0.0,0.05,0.0,2019-04-09 23:15:00,25,100.0
balanced,C00,cluster_00_mild_normal_humidity_normal_wind,0.00227078947368421,0.0,10.36,10.36,0,0.0,,0.00010312969667590025,0.0,0.0,0.242206,48.4254,15.3629,-14,505499.12932276726,False,TRAIN,0.05,7.080946931512763e+292,0.0,0,2.88,75.3333,0.0,8.0467,0.2433,0.8267374024448992,V100|H000|L0,-6.613499910255962,3.993093032339523e-06,ctx=C00|phase=P_UNKNOWN|band=inside_high|hum=normal,4.991366290396648e-05,0.0,OK,0.0,0.05,0.0,2019-04-09 23:20:00,25,100.0
balanced,C00,cluster_00_mild_normal_humidity_normal_wind,0.002273421052631577,0.0,10.36,10.36,0,0.0,,0.00010336886565096935,0.0,0.0,0.242215,48.3566,15.3639,-14,505500.8799698353,False,TRAIN,0.05,7.124598683977912e+292,0.0,0,2.88,75.1667,0.0,8.0583,0.2467,0.8267354403084725,V100|H000|L0,-6.613531855000221,3.5166746755743716e-06,ctx=C00|phase=P_UNKNOWN|band=inside_high|hum=normal,4.395843344484618e-05,0.0,OK,0.0,0.05,0.0,2019-04-09 23:25:00,25.25,100.0
balanced,C00,cluster_00_mild_normal_humidity_normal_wind,0.0022757894736842124,0.0,10.36,10.36,0,0.0,,0.00010358435457063727,0.0,0.0,0.242224,48.2877,15.3648,-14,505502.6175005436,False,TRAIN,0.05,7.167681105004779e+292,0.0,0,2.88,75,0.0,8.07,0.25,0.8267336742317727,V100|H000|L0,-6.6135599883976255,3.0940545655555596e-06,ctx=C00|phase=P_UNKNOWN|band=inside_high|hum=normal,3.8675682069500006e-05,0.0,OK,0.0,0.05,0.0,2019-04-09 23:30:00,25.25,100.0
balanced,C00,cluster_00_mild_normal_humidity_normal_wind,0.0022784210526315793,0.0,10.36,10.36,0,0.0,,0.00010382404986149587,0.0,0.0,0.242233,48.2188,15.3658,-14,505504.2108030319,False,TRAIN,0.05,7.211849204690909e+292,0.0,0,2.88,74.8333,0.0,8.0817,0.2533,0.8267317117533134,V100|H000|L0,-6.61358474083415,2.6895319236164283e-06,ctx=C00|phase=P_UNKNOWN|band=inside_high|hum=normal,3.361914904465024e-05,0.0,OK,0.0,0.05,0.0,2019-04-09 23:35:00,25.25,100.0
balanced,C00,cluster_00_mild_normal_humidity_normal_wind,0.00228078947368421,0.0,10.36,10.36,0,0.0,,0.00010404001246537391,0.0,0.0,0.242242,48.1495,15.3667,-14,505505.9404001236,False,TRAIN,0.05,7.255442659083087e+292,0.0,0,2.88,74.6667,0.0,8.0933,0.2567,0.8267299453687887,V100|H000|L0,-6.613606257089539,2.333058607750793e-06,ctx=C00|phase=P_UNKNOWN|band=inside_high|hum=normal,2.9163232596385313e-05,0.0,OK,0.0,0.05,0.0,2019-04-09 23:40:00,25.25,100.0
balanced,C00,cluster_00_mild_normal_humidity_normal_wind,0.002283421052631577,0.0,10.36,10.36,0,0.0,,0.00010428023407202199,0.0,0.0,0.242251,48.0803,15.3677,-14,505507.6792047024,False,TRAIN,0.05,7.300133071723574e+292,0.0,0,2.88,74.5,0.0,8.105,0.26,0.8267279825483065,V100|H000|L0,-6.613624921558401,1.989388280554394e-06,ctx=C00|phase=P_UNKNOWN|band=inside_high|hum=normal,2.4867353506374812e-05,0.0,OK,0.0,0.05,0.0,2019-04-09 23:45:00,25.25,100.0
balanced,C00,cluster_00_mild_normal_humidity_normal_wind,0.0022857894736842124,0.0,10.36,10.36,0,0.0,,0.00010449667036011095,0.0,0.0,0.24226,48.0109,15.3686,-14,505509.25724601746,False,TRAIN,0.05,7.3442434758898255e+292,0.0,0,2.88,74.3333,0.0,8.1167,0.2633,0.8267262158559652,V100|H000|L0,-6.613640836664645,1.6889018307209014e-06,ctx=C00|phase=P_UNKNOWN|band=inside_high|hum=normal,2.1111272884510868e-05,0.0,OK,0.0,0.05,0.0,2019-04-09 23:50:00,25.25,100.0
balanced,C00,cluster_00_mild_normal_humidity_normal_wind,0.002288157894736843,0.0,10.36,10.36,0,0.0,,0.00010471333102493083,0.0,0.0,0.242269,47.9413,15.3695,-14,505510.92353630066,False,TRAIN,0.05,7.388612480770931e+292,0.0,0,2.88,74.1667,0.0,8.1283,0.2667,0.8267244490178194,V100|H000|L0,-6.613654347879291,1.4124426326311834e-06,ctx=C00|phase=P_UNKNOWN|band=inside_high|hum=normal,1.7655532908000815e-05,0.0,OK,0.0,0.05,0.0,2019-04-09 23:55:00,25.25,100.0
balanced,C00,cluster_00_mild_normal_humidity_normal_wind,0.00229078947368421,0.0,10.36,10.36,0,0.0,,0.0001049543282548476,0.0,0.0,0.242278,47.8717,15.3705,-14,505512.5973806381,False,TRAIN,0.05,7.434095572551635e+292,0.0,0,2.88,74,0.0,8.14,0.27,0.8267224856933205,V100|H000|L0,-6.613665647420352,1.1423812621425e-06,ctx=C00|phase=P_UNKNOWN|band=inside_high|hum=normal,1.4279765776503694e-05,0.0,OK,0.0,0.05,0.0,2019-04-10 00:00:00,25.25,100.0
balanced,C00,cluster_00_mild_normal_humidity_normal_wind,0.00229184210526316,0.0,10.36,10.36,0,0.0,,0.00010505080470914145,0.0,0.0,0.242271,47.8166,15.3709,-14,505514.1736769676,False,TRAIN,0.05,7.474699142223894e+292,0.0,0,2.88,73.9167,0.0,8.1408,0.2642,0.8267217003131206,V100|H000|L0,-6.613674786470449,9.881603451056264e-07,ctx=C00|phase=P_UNKNOWN|band=inside_high|hum=normal,1.2352004314486464e-05,0.0,OK,0.0,0.05,0.0,2019-04-10 00:05:00,25.25,100.0
balanced,C00,cluster_00_mild_normal_humidity_normal_wind,0.0022923684210526324,0.0,10.36,10.36,0,0.0,,0.00010509905955678675,0.0,0.0,0.242258,47.7657,15.3711,-14,505515.88485741615,False,TRAIN,0.05,7.513797766569282e+292,0.0,0,2.88,73.8333,0.0,8.1417,0.2583,0.8267213076122207,V100|H000|L0,-6.61368269175321,8.776914455221885e-07,ctx=C00|phase=P_UNKNOWN|band=inside_high|hum=normal,1.0971143069471445e-05,0.0,OK,0.0,0.05,0.0,2019-04-10 00:10:00,25.25,100.0
balanced,C00,cluster_00_mild_normal_humidity_normal_wind,0.0022926315789473686,0.0,10.36,10.36,0,0.0,,0.00010512319113573407,0.0,0.0,0.242243,47.7157,15.3712,-14,505517.61105775833,False,TRAIN,0.05,7.552233632540846e+292,0.0,0,2.88,73.75,0.0,8.1425,0.2525,0.8267211112590707,V100|H000|L0,-6.613689713284774,7.917678779278958e-07,ctx=C00|phase=P_UNKNOWN|band=inside_high|hum=normal,9.897098473876653e-06,0.0,OK,0.0,0.05,0.0,2019-04-10 00:15:00,25.25,100.0
balanced,C00,cluster_00_mild_normal_humidity_normal_wind,0.0022931578947368407,0.0,10.36,10.36,0,0.0,,0.00010517146260387799,0.0,0.0,0.242228,47.6661,15.3714,-14,505519.3311576843,False,TRAIN,0.05,7.591737223752375e+292,0.0,0,2.88,73.6667,0.0,8.1433,0.2467,0.8267207185473708,V100|H000|L0,-6.613696047427798,6.970095116631825e-07,ctx=C00|phase=P_UNKNOWN|band=inside_high|hum=normal,8.712618896122848e-06,0.0,OK,0.0,0.05,0.0,2019-04-10 00:20:00,25.25,100.0
balanced,C00,cluster_00_mild_normal_humidity_normal_wind,0.002293421052631577,0.0,10.36,10.36,0,0.0,,0.00010519560249307461,0.0,0.0,0.242212,47.6167,15.3715,-14,505521.0614526272,False,TRAIN,0.05,7.630571477453171e+292,0.0,0,2.88,73.5833,0.0,8.1442,0.2408,0.8267205221888209,V100|H000|L0,-6.613701623503891,6.255400667454225e-07,ctx=C00|phase=P_UNKNOWN|band=inside_high|hum=normal,7.819250834484315e-06,0.0,OK,0.0,0.05,0.0,2019-04-10 00:25:00,25.25,100.0
balanced,C00,cluster_00_mild_normal_humidity_normal_wind,0.0023468421052631576,0.0,10.36,76.3,0,0.0,,0.0001101533573407202,0.0,0.25,0.242197,47.5672,15.3716,-14,505522.6367826462,False,TRAIN,0.05,7.847353255089737e+292,0.0,0,2.88,73.5,0.0,8.145,0.235,0.3954981246643829,V100|H025|L0,-0.48611939301993184,0.026778656042951314,ctx=C00|phase=P_UNKNOWN|band=inside_high|hum=normal,0.33473320053689143,0.0,HEAT_OFF_HIGH_EXHAUST,0.0,0.05,0.0625,2019-04-10 00:30:00,25.25,100.0
balanced,C00,cluster_00_mild_normal_humidity_normal_wind,0.0022942105263157905,0.0,10.36,10.36,0,0.0,,0.00010526803878116351,0.0,0.0,0.242182,47.5177,15.3718,-14,505524.39411878586,False,TRAIN,0.05,7.70972099195579e+292,0.0,0,2.88,73.4167,0.0,8.1458,0.2292,0.8267199331023711,V100|H000|L0,-6.613706627824425,5.283699454627921e-07,ctx=C00|phase=P_UNKNOWN|band=inside_high|hum=normal,6.604624318007346e-06,0.0,OK,0.0,0.05,0.0,2019-04-10 00:35:00,25.25,100.0
balanced,C00,cluster_00_mild_normal_humidity_normal_wind,0.0022944736842105268,0.0,10.36,10.36,0,0.0,,0.00010529218975069257,0.0,0.0,0.242168,47.4683,15.3719,-14,505526.07696819305,False,TRAIN,0.05,7.749158363788348e+292,0.0,0,2.88,73.3333,0.0,8.1467,0.2233,0.8267197367366214,V100|H000|L0,-6.613710854783989,4.703910898573582e-07,ctx=C00|phase=P_UNKNOWN|band=inside_high|hum=normal,5.879888622772889e-06,0.0,OK,0.0,0.05,0.0,2019-04-10 00:40:00,25.25,100.0
balanced,C00,cluster_00_mild_normal_humidity_normal_wind,0.002294736842105263,0.0,10.36,10.36,0,0.0,,0.0001053163434903047,0.0,0.0,0.242154,47.4188,15.372,-14,505527.6526546478,False,TRAIN,0.05,7.788797366314434e+292,0.0,0,2.88,73.25,0.0,8.1475,0.2175,0.8267195403690716,V100|H000|L0,-6.6137146179127075,4.170503986600238e-07,ctx=C00|phase=P_UNKNOWN|band=inside_high|hum=normal,5.213129983139275e-06,0.0,OK,0.0,0.05,0.0,2019-04-10 00:45:00,25.25,100.0
balanced,C00,cluster_00_mild_normal_humidity_normal_wind,0.0022949999999999993,0.0,10.36,10.36,0,0.0,,0.00010534049999999993,0.0,0.0,0.24214,47.3693,15.3721,-14,505529.39006495476,False,TRAIN,0.05,7.828639029906685e+292,0.0,0,2.88,73.1667,0.0,8.1483,0.2117,0.8267193439997217,V100|H000|L0,-6.613717954315897,3.679768187936361e-07,ctx=C00|phase=P_UNKNOWN|band=inside_high|hum=normal,4.599710234587384e-06,0.0,OK,0.0,0.05,0.0,2019-04-10 00:50:00,25.25,100.0
balanced,C00,cluster_00_mild_normal_humidity_normal_wind,0.0022955263157894714,0.0,10.36,10.36,0,0.0,,0.00010538882132963969,0.0,0.0,0.242126,47.32,15.3723,-14,505531.08050370216,False,TRAIN,0.05,7.869586555345182e+292,0.0,0,2.88,73.0833,0.0,8.1492,0.2058,0.8267189512556223,V100|H000|L0,-6.613720898130447,3.071191453374311e-07,ctx=C00|phase=P_UNKNOWN|band=inside_high|hum=normal,3.838989316440333e-06,0.0,OK,0.0,0.05,0.0,2019-04-10 00:55:00,25.25,100.0
balanced,C00,cluster_00_mild_normal_humidity_normal_wind,0.0022957894736842124,0.0,10.36,10.36,0,0.0,,0.00010541298614958467,0.0,0.0,0.242112,47.2704,15.3724,-14,505532.65705776215,False,TRAIN,0.05,7.9098411640921295e+292,0.0,0,2.88,73,0.0,8.15,0.2,0.8267187548808725,V100|H000|L0,-6.61372335508361,2.668396337224266e-07,ctx=C00|phase=P_UNKNOWN|band=inside_high|hum=normal,3.3354954213082877e-06,0.0,OK,0.0,0.05,0.0,2019-04-10 01:00:00,25.25,100.0
balanced,C00,cluster_00_mild_normal_humidity_normal_wind,0.0022949999999999993,0.0,10.36,10.36,0,0.0,,0.00010534049999999993,0.0,0.0,0.242093,47.2028,15.3721,-14,505534.3662970066,False,TRAIN,0.05,7.946656741862404e+292,0.0,0,2.88,72.9167,0.0,8.1425,0.19,0.8267193439997217,V100|H000|L0,-6.61372548980068,2.9262197098756104e-07,ctx=C00|phase=P_UNKNOWN|band=inside_high|hum=normal,3.6577746367338904e-06,0.0,OK,0.0,0.05,0.0,2019-04-10 01:05:00,25.25,100.0
balanced,C00,cluster_00_mild_normal_humidity_normal_wind,0.002293684210526318,0.0,10.36,10.36,0,0.0,,0.00010521974515235477,0.0,0.0,0.242073,47.131,15.3716,-14,505536.07290911674,False,TRAIN,0.05,7.9818111985876805e+292,0.0,0,2.88,72.8333,0.0,8.135,0.18,0.8267203258284709,V100|H000|L0,-6.6137278307764475,3.477585132083405e-07,ctx=C00|phase=P_UNKNOWN|band=inside_high|hum=normal,4.346981414937723e-06,0.0,OK,0.0,0.05,0.0,2019-04-10 01:10:00,25.25,100.0
balanced,C00,cluster_00_mild_normal_humidity_normal_wind,0.0022923684210526324,0.0,10.36,10.36,0,0.0,,0.00010509905955678675,0.0,0.0,0.242053,47.0583,15.3711,-14,505537.7674572468,False,TRAIN,0.05,8.017118533461647e+292,0.0,0,2.88,72.75,0.0,8.1275,0.17,0.8267213076122207,V100|H000|L0,-6.613730612844553,3.984805321266549e-07,ctx=C00|phase=P_UNKNOWN|band=inside_high|hum=normal,4.981006651583186e-06,0.0,OK,0.0,0.05,0.0,2019-04-10 01:15:00,25.25,100.0
balanced,C00,cluster_00_mild_normal_humidity_normal_wind,0.00229078947368421,0.0,10.36,10.36,0,0.0,,0.0001049543282548476,0.0,0.0,0.242033,46.9854,15.3705,-14,505539.34368014336,False,TRAIN,0.05,8.051654450459477e+292,0.0,0,2.88,72.6667,0.0,8.12,0.16,0.8267224856933205,V100|H000|L0,-6.61373380068881,4.608485775214888e-07,ctx=C00|phase=P_UNKNOWN|band=inside_high|hum=normal,5.760607219240654e-06,0.0,OK,0.0,0.05,0.0,2019-04-10 01:20:00,25.25,100.0
balanced,C00,cluster_00_mild_normal_humidity_normal_wind,0.002289210526315788,0.0,10.36,10.36,0,0.0,,0.00010480969667590016,0.0,0.0,0.242014,46.9126,15.3699,-14,505540.9810590744,False,TRAIN,0.05,8.086335298663951e+292,0.0,0,2.88,72.5833,0.0,8.1125,0.15,0.82672366370962,V100|H000|L0,-6.61373748747743,5.182219953159262e-07,ctx=C00|phase=P_UNKNOWN|band=inside_high|hum=normal,6.4777749412270325e-06,0.0,OK,0.0,0.05,0.0,2019-04-10 01:25:00,25.25,100.0
balanced,C00,cluster_00_mild_normal_humidity_normal_wind,0.002287894736842107,0.0,10.36,10.36,0,0.0,,0.00010468924653739628,0.0,0.0,0.241996,46.8399,15.3694,-14,505542.6401491165,False,TRAIN,0.05,8.122095882517231e+292,0.0,0,2.88,72.5,0.0,8.105,0.14,0.8267246453403692,V100|H000|L0,-6.613741633253393,5.552946955589277e-07,ctx=C00|phase=P_UNKNOWN|band=inside_high|hum=normal,6.941183695041708e-06,0.0,OK,0.0,0.05,0.0,2019-04-10 01:30:00,25.25,100.0
balanced,C00,cluster_00_mild_normal_humidity_normal_wind,0.002286315789473685,0.0,10.36,10.36,0,0.0,,0.0001045447977839336,0.0,0.0,0.24198,46.7672,15.3688,-14,505544.3009419441,False,TRAIN,0.05,8.157073024205915e+292,0.0,0,2.88,72.4167,0.0,8.0975,0.13,0.8267258232378665,V100|H000|L0,-6.613746075610957,6.051029197706725e-07,ctx=C00|phase=P_UNKNOWN|band=inside_high|hum=normal,7.56378649680034e-06,0.0,OK,0.0,0.05,0.0,2019-04-10 01:35:00,25.25,100.0
balanced,C00,cluster_00_mild_normal_humidity_normal_wind,0.0022847368421052626,0.0,10.36,10.36,0,0.0,,0.00010440044875346256,0.0,0.0,0.241964,46.6946,15.3682,-14,505545.87718200684,False,TRAIN,0.05,8.19219688491442e+292,0.0,0,2.88,72.3333,0.0,8.09,0.12,0.8267270010705621,V100|H000|L0,-6.613750916434316,6.509213018590643e-07,ctx=C00|phase=P_UNKNOWN|band=inside_high|hum=normal,8.13651627262768e-06,0.0,OK,0.0,0.05,0.0,2019-04-10 01:40:00,25.25,100.0
balanced,C00,cluster_00_mild_normal_humidity_normal_wind,0.002283421052631577,0.0,10.36,10.36,0,0.0,,0.00010428023407202199,0.0,0.0,0.24195,46.6221,15.3677,-14,505547.62379074097,False,TRAIN,0.05,8.228416359393502e+292,0.0,0,2.88,72.25,0.0,8.0825,0.11,0.8267279825483065,V100|H000|L0,-6.61375612380473,6.773658172143371e-07,ctx=C00|phase=P_UNKNOWN|band=inside_high|hum=normal,8.467072715179214e-06,0.0,OK,0.0,0.05,0.0,2019-04-10 01:45:00,25.5,100.0
balanced,C00,cluster_00_mild_normal_humidity_normal_wind,0.003388684210526314,0.0,0.161875,263.921875,263.76,0.0,,0.00022966361357340694,100.0,0.25,0.163981,47.359,15.7877,-14,505549.2969968319,False,TRAIN,0.05,1.2272341137168341e+293,0.5,0,2.88,72.1667,0.0,8.075,0.1,0.1591835577753368,V025|H100|L0,-0.10187467821083593,0.011715937839918585,ctx=C00|phase=P_UNKNOWN|band=inside_high|hum=normal,0.1464492229989823,0.0,OK,0.0,0.05,2.8125,2019-04-10 01:50:00,25,25.0
balanced,C00,cluster_00_mild_normal_humidity_normal_wind,0.0026123684210526297,0.0,10.36,10.36,0,0.0,,0.00013648937534626018,0.0,0.0,0.21464,46.3983,15.4927,-14,505550.8677537441,False,TRAIN,0.05,9.508167129068372e+292,2.0625,0,2.88,72.0833,0.0,8.0675,0.09,0.8264812132813902,V100|H000|L0,-6.613761542731268,1.911836480150697e-05,ctx=C00|phase=P_UNKNOWN|band=inside_high|hum=normal,-0.00023897956001828202,0.0,OK,0.0,0.05,2.8125,2019-04-10 01:55:00,25.25,100.0
balanced,C00,cluster_00_mild_normal_humidity_normal_wind,0.00237842105263158,0.0,10.36,10.36,0,0.0,,0.00011313773407202227,0.0,0.0,0.232363,46.3006,15.4038,-14,505552.5913338661,False,TRAIN,0.05,8.699958555966821e+292,0.5,0,2.88,72,0.0,8.06,0.08,0.8266570042060803,V100|H000|L0,-6.613608595812856,3.525621642186394e-06,ctx=C00|phase=P_UNKNOWN|band=inside_high|hum=normal,-4.407027052666379e-05,0.0,OK,0.0,0.05,0.0,2019-04-10 02:00:00,25.5,100.0
balanced,C00,cluster_00_mild_normal_humidity_normal_wind,0.0023168421052631575,0.0,10.36,10.36,0,0.0,,0.0001073551468144044,0.0,0.0,0.238573,46.5728,15.3804,-14,505554.3455057144,False,TRAIN,0.05,8.517084233499172e+292,0.0,0,2.88,72.25,0.0,8.1167,0.0892,0.8267030390692546,V100|H000|L0,-6.613580390839719,4.392171432110459e-07,ctx=C00|phase=P_UNKNOWN|band=inside_high|hum=normal,5.4902142897494954e-06,0.0,OK,0.0,0.05,0.0,2019-04-10 02:05:00,25.25,100.0
balanced,C00,cluster_00_mild_normal_humidity_normal_wind,0.0023071052631578937,0.0,10.36,10.36,0,0.0,,0.00010645469390581709,0.0,0.0,0.240753,46.8949,15.3767,-14,505555.92246580124,False,TRAIN,0.05,8.523696485968042e+292,0.0,0,2.88,72.5,0.0,8.1733,0.0983,0.8267103090639095,V100|H000|L0,-6.613583904576864,9.85679344145396e-07,ctx=C00|phase=P_UNKNOWN|band=inside_high|hum=normal,1.2320991801484382e-05,0.0,OK,0.0,0.05,0.0,2019-04-10 02:10:00,25.25,100.0
balanced,C00,cluster_00_mild_normal_humidity_normal_wind,0.002312894736842105,0.0,10.36,10.36,0,0.0,,0.00010698964127423818,0.0,0.0,0.241524,47.2177,15.3789,-14,505557.5499215126,False,TRAIN,0.05,8.587811367314816e+292,0.0,0,2.88,72.75,0.0,8.23,0.1075,0.8267059866613511,V100|H000|L0,-6.6135917900116175,5.610327918903479e-07,ctx=C00|phase=P_UNKNOWN|band=inside_high|hum=normal,7.012909898906905e-06,0.0,OK,0.0,0.05,0.0,2019-04-10 02:15:00,25.25,100.0
balanced,C00,cluster_00_mild_normal_humidity_normal_wind,0.0023231578947368408,0.0,10.36,10.36,0,0.0,,0.00010794125207756222,0.0,0.0,0.241802,47.5378,15.3828,-14,505559.24932169914,False,TRAIN,0.05,8.669048213039985e+292,0.0,0,2.88,73,0.0,8.2867,0.1167,0.8266983220796217,V100|H000|L0,-6.613596278273953,9.70163698266191e-08,ctx=C00|phase=P_UNKNOWN|band=inside_high|hum=normal,-1.2127046223886495e-06,0.0,OK,0.0,0.05,0.0,2019-04-10 02:20:00,25.25,100.0
balanced,C00,cluster_00_mild_normal_humidity_normal_wind,0.0023349999999999994,0.0,10.36,10.36,0,0.0,,0.00010904449999999993,0.0,0.0,0.241907,47.8571,15.3873,-14,505560.8807859421,False,TRAIN,0.05,8.756804159297161e+292,0.0,0,2.88,73.25,0.0,8.3433,0.1258,0.8266894749300772,V100|H000|L0,-6.613595502142994,7.970270237134258e-07,ctx=C00|phase=P_UNKNOWN|band=inside_high|hum=normal,-9.962837797083957e-06,0.0,OK,0.0,0.05,0.0,2019-04-10 02:25:00,25.25,100.0
balanced,C00,cluster_00_mild_normal_humidity_normal_wind,0.002347105263157894,0.0,10.36,10.36,0,0.0,,0.00011017806232686973,0.0,0.0,0.241954,48.1773,15.3919,-14,505562.45726442337,False,TRAIN,0.05,8.846212777894199e+292,0.0,0,2.88,73.5,0.0,8.4,0.135,0.8266804274107181,V100|H000|L0,-6.613589125926804,1.4570664106372533e-06,ctx=C00|phase=P_UNKNOWN|band=inside_high|hum=normal,-1.8213330132410555e-05,0.0,OK,0.0,0.05,0.0,2019-04-10 02:30:00,25.25,100.0
balanced,C00,cluster_00_mild_normal_humidity_normal_wind,0.002359473684210525,0.0,10.36,10.36,0,0.0,,0.00011134232132963977,0.0,0.0,0.24198,48.4988,15.3966,-14,505564.11311125755,False,TRAIN,0.05,8.937293360851256e+292,0.0,0,2.88,73.75,0.0,8.4567,0.1442,0.8266711792734696,V100|H000|L0,-6.613577469395519,2.080352077604708e-06,ctx=C00|phase=P_UNKNOWN|band=inside_high|hum=normal,-2.6004400970336405e-05,0.0,OK,0.0,0.05,0.0,2019-04-10 02:35:00,25,100.0
balanced,C00,cluster_00_mild_normal_humidity_normal_wind,0.00237184210526316,0.0,10.36,10.36,0,0.0,,0.00011251269944598359,0.0,0.0,0.242,48.8215,15.4013,-14,505565.7778263092,False,TRAIN,0.05,9.029063594318452e+292,0.0,0,2.88,74,0.0,8.5133,0.1533,0.8266619271615193,V100|H000|L0,-6.613560826578898,2.654092867482305e-06,ctx=C00|phase=P_UNKNOWN|band=inside_high|hum=normal,-3.31761608429737e-05,0.0,OK,0.0,0.05,0.0,2019-04-10 02:40:00,25,100.0
balanced,C00,cluster_00_mild_normal_humidity_normal_wind,0.002384210526315791,0.0,10.36,10.36,0,0.0,,0.00011368919667590043,0.0,0.0,0.242018,49.146,15.406,-14,505567.4467713833,False,TRAIN,0.05,9.121528097786285e+292,0.0,0,2.88,74.25,0.0,8.57,0.1625,0.8266526710751417,V100|H000|L0,-6.6135395938359585,3.182252348299386e-06,ctx=C00|phase=P_UNKNOWN|band=inside_high|hum=normal,-3.977815435307619e-05,0.0,OK,0.0,0.05,0.0,2019-04-10 02:45:00,25,100.0
balanced,C00,cluster_00_mild_normal_humidity_normal_wind,0.002396578947368422,0.0,10.36,10.36,0,0.0,,0.00011487181301939067,0.0,0.0,0.242036,49.4722,15.4107,-14,505569.02311849594,False,TRAIN,0.05,9.214691519698934e+292,0.0,0,2.88,74.5,0.0,8.6267,0.1717,0.8266434110146105,V100|H000|L0,-6.613514135817172,3.668477002838344e-06,ctx=C00|phase=P_UNKNOWN|band=inside_high|hum=normal,-4.585596253603441e-05,0.0,OK,0.0,0.05,0.0,2019-04-10 02:50:00,25,100.0
balanced,C00,cluster_00_mild_normal_humidity_normal_wind,0.0024089473684210526,0.0,10.36,10.36,0,0.0,,0.00011606054847645429,0.0,0.0,0.242054,49.7998,15.4154,-14,505570.74277710915,False,TRAIN,0.05,9.308558537628266e+292,0.0,0,2.88,74.75,0.0,8.6833,0.1808,0.8266341469801998,V100|H000|L0,-6.613484788001149,4.116121595565403e-06,ctx=C00|phase=P_UNKNOWN|band=inside_high|hum=normal,-5.14515199439014e-05,0.0,OK,0.0,0.05,0.0,2019-04-10 02:55:00,25,100.0
balanced,C00,cluster_00_mild_normal_humidity_normal_wind,0.0024213157894736837,0.0,10.36,10.36,0,0.0,,0.00011725540304709135,0.0,0.0,0.242073,50.1293,15.4201,-14,505572.40006017685,False,TRAIN,0.05,9.403133858448902e+292,0.0,0,2.88,75,0.0,8.74,0.19,0.8266248789721837,V100|H000|L0,-6.613451859028385,4.528272509185527e-06,ctx=C00|phase=P_UNKNOWN|band=inside_high|hum=normal,-5.6603406364375e-05,0.0,OK,0.0,0.05,0.0,2019-04-10 03:00:00,25,100.0
balanced,C00,cluster_00_mild_normal_humidity_normal_wind,0.0024402631578947388,0.0,10.36,10.36,0,0.0,,0.00011909768559556806,0.0,0.0,0.242075,50.3568,15.4273,-14,505574.0871012211,False,TRAIN,0.05,9.524099181691526e+292,0.0,0,2.88,74.8333,0.0,8.8392,0.1867,0.8266106734671281,V100|H000|L0,-6.613415632848311,5.302451112854101e-06,ctx=C00|phase=P_UNKNOWN|band=inside_high|hum=normal,-6.628063891078728e-05,0.0,OK,0.0,0.05,0.0,2019-04-10 03:05:00,24.75,100.0
balanced,C00,cluster_00_mild_normal_humidity_normal_wind,0.00246157894736842,0.0,10.36,10.36,0,0.0,,0.00012118741828254837,0.0,0.0,0.242071,50.5571,15.4354,-14,505575.66411828995,False,TRAIN,0.05,9.655329005097608e+292,0.0,0,2.88,74.6667,0.0,8.9383,0.1833,0.8265946811295167,V100|H000|L0,-6.6133732132394085,6.157642032711408e-06,ctx=C00|phase=P_UNKNOWN|band=inside_high|hum=normal,-7.697052540933669e-05,0.0,OK,0.0,0.05,0.0,2019-04-10 03:10:00,24.75,100.0
balanced,C00,cluster_00_mild_normal_humidity_normal_wind,0.002483157894736842,0.0,10.36,10.36,0,0.0,,0.0001233214626038781,0.0,0.0,0.242065,50.7502,15.4436,-14,505577.3791639805,False,TRAIN,0.05,9.788670399247547e+292,0.0,0,2.88,74.5,0.0,9.0375,0.18,0.826578479337628,V100|H000|L0,-6.613323952103147,6.961174021213878e-06,ctx=C00|phase=P_UNKNOWN|band=inside_high|hum=normal,-8.701467526539552e-05,0.0,OK,0.0,0.05,0.0,2019-04-10 03:15:00,24.75,100.0
balanced,C00,cluster_00_mild_normal_humidity_normal_wind,0.0025050000000000007,0.0,10.36,10.36,0,0.0,,0.00012550050000000008,0.0,0.0,0.242059,50.9417,15.4519,-14,505579.14652085304,False,TRAIN,0.05,9.924146385978127e+292,0.0,0,2.88,74.3333,0.0,9.1367,0.1767,0.8265620676505667,V100|H000|L0,-6.613268262710977,7.717215064428906e-06,ctx=C00|phase=P_UNKNOWN|band=inside_high|hum=normal,-9.646518830541684e-05,0.0,OK,0.0,0.05,0.0,2019-04-10 03:20:00,24.75,100.0
balanced,C00,cluster_00_mild_normal_humidity_normal_wind,0.002527105263157895,0.0,10.36,10.36,0,0.0,,0.00012772522022160669,0.0,0.0,0.242052,51.1327,15.4603,-14,505580.72464060783,False,TRAIN,0.05,1.0061780190489618e+293,0.0,0,2.88,74.1667,0.0,9.2358,0.1733,0.8265454456221537,V100|H000|L0,-6.613206524990462,8.429600132364712e-06,ctx=C00|phase=P_UNKNOWN|band=inside_high|hum=normal,-0.00010537000165400379,0.0,OK,0.0,0.05,0.0,2019-04-10 03:25:00,24.75,100.0
balanced,C00,cluster_00_mild_normal_humidity_normal_wind,0.0025489473684210534,0.0,10.36,10.36,0,0.0,,0.00012994265373961227,0.0,0.0,0.242045,51.3239,15.4686,-14,505582.4798028469,False,TRAIN,0.05,1.0199489215839619e+293,0.0,0,2.88,74,0.0,9.335,0.17,0.8265290090165005,V100|H000|L0,-6.613139088189403,9.070160573942943e-06,ctx=C00|phase=P_UNKNOWN|band=inside_high|hum=normal,-0.00011337700717484189,0.0,OK,0.0,0.05,0.0,2019-04-10 03:30:00,24.75,100.0
balanced,C00,cluster_00_mild_normal_humidity_normal_wind,0.0025710526315789483,0.0,10.36,10.36,0,0.0,,0.00013220623268698071,0.0,0.0,0.242039,51.5154,15.477,-14,505584.1125512123,False,TRAIN,0.05,1.033938206555305e+293,0.0,0,2.88,73.8333,0.0,9.4342,0.1667,0.826512361772377,V100|H000|L0,-6.613066526904811,9.676327257901463e-06,ctx=C00|phase=P_UNKNOWN|band=inside_high|hum=normal,-0.00012095409072443442,0.0,OK,0.0,0.05,0.0,2019-04-10 03:35:00,24.75,100.0
balanced,C00,cluster_00_mild_normal_humidity_normal_wind,0.0025928947368421065,0.0,10.36,10.36,0,0.0,,0.00013446206232686994,0.0,0.0,0.242032,51.7068,15.4853,-14,505585.8627460003,False,TRAIN,0.05,1.0479355286525453e+293,0.0,0,2.88,73.6667,0.0,9.5333,0.1633,0.8264959002542713,V100|H000|L0,-6.612989116286748,1.021914252574696e-05,ctx=C00|phase=P_UNKNOWN|band=inside_high|hum=normal,-0.00012773928157217007,0.0,OK,0.0,0.05,0.0,2019-04-10 03:40:00,24.75,100.0
balanced,C00,cluster_00_mild_normal_humidity_normal_wind,0.0026150000000000014,0.0,10.36,10.36,0,0.0,,0.00013676450000000014,0.0,0.0,0.242026,51.8987,15.4937,-14,505587.44092321396,False,TRAIN,0.05,1.0621538643013745e+293,0.0,0,2.88,73.5,0.0,9.6325,0.16,0.8264792278006551,V100|H000|L0,-6.612907363146542,1.0735407413031695e-05,ctx=C00|phase=P_UNKNOWN|band=inside_high|hum=normal,-0.00013419259266267414,0.0,OK,0.0,0.05,0.0,2019-04-10 03:45:00,24.75,100.0
balanced,C00,cluster_00_mild_normal_humidity_normal_wind,0.0026368421052631597,0.0,10.36,10.36,0,0.0,,0.00013905872576177304,0.0,0.0,0.24202,52.0908,15.502,-14,505589.1572289467,False,TRAIN,0.05,1.0763807616887665e+293,0.0,0,2.88,73.3333,0.0,9.7317,0.1567,0.8264627413762446,V100|H000|L0,-6.612821479887238,1.1195488772819395e-05,ctx=C00|phase=P_UNKNOWN|band=inside_high|hum=normal,-0.0001399436096600759,0.0,OK,0.0,0.05,0.0,2019-04-10 03:50:00,24.5,100.0
balanced,C00,cluster_00_mild_normal_humidity_normal_wind,0.002658947368421054,0.0,10.36,10.36,0,0.0,,0.00014140002216066498,0.0,0.0,0.242014,52.2831,15.5104,-14,505590.9031019211,False,TRAIN,0.05,1.0908313345492824e+293,0.0,0,2.88,73.1667,0.0,9.8308,0.1533,0.826446043719362,V100|H000|L0,-6.612731915977055,1.1635662221620713e-05,ctx=C00|phase=P_UNKNOWN|band=inside_high|hum=normal,-0.00014544577776987033,0.0,OK,0.0,0.05,0.0,2019-04-10 03:55:00,24.5,100.0
balanced,C00,cluster_00_mild_normal_humidity_normal_wind,0.0026807894736842128,0.0,10.36,10.36,0,0.0,,0.00014373264404432158,0.0,0.0,0.242008,52.4756,15.5187,-14,505592.4802830219,False,TRAIN,0.05,1.1052910034717746e+293,0.0,0,2.88,73,0.0,9.93,0.15,0.8264295323948035,V100|H000|L0,-6.612638830679282,1.202571520853013e-05,ctx=C00|phase=P_UNKNOWN|band=inside_high|hum=normal,-0.00015032144010673765,0.0,OK,0.0,0.05,0.0,2019-04-10 04:00:00,24.5,100.0
balanced,C00,cluster_00_mild_normal_humidity_normal_wind,0.0027310526315789496,0.0,10.36,10.36,0,0.0,,0.0001491729695290861,0.0,0.0,0.242082,52.5048,15.5378,-14,505594.18972969055,False,TRAIN,0.05,1.1316446043192527e+293,0.0,0,2.88,71.6667,0.0,10.2167,0.2075,0.8263914894595104,V100|H000|L0,-6.612542624957614,1.410709281535194e-05,ctx=C00|phase=P_UNKNOWN|band=inside_high|hum=normal,-0.00017633866019139965,0.0,OK,0.0,0.05,0.0,2019-04-10 04:05:00,24.5,100.0
balanced,C00,cluster_00_mild_normal_humidity_normal_wind,0.002789736842105264,0.0,10.36,10.36,0,0.0,,0.00015565263296398902,0.0,0.0,0.242204,52.4701,15.5601,-14,505595.7683610916,False,TRAIN,0.05,1.1617409204702574e+293,0.0,0,2.88,70.3333,0.0,10.5033,0.265,0.8263469899544673,V100|H000|L0,-6.612429768215091,1.6538485793526903e-05,ctx=C00|phase=P_UNKNOWN|band=inside_high|hum=normal,-0.00020673107241908628,0.0,OK,0.0,0.05,0.0,2019-04-10 04:10:00,24.5,100.0
balanced,C00,cluster_00_mild_normal_humidity_normal_wind,0.0028510526315789456,0.0,10.36,10.36,0,0.0,,0.00016257002216066462,0.0,0.0,0.242357,52.4021,15.5834,-14,505597.34617853165,False,TRAIN,0.05,1.1932112666764106e+293,0.0,0,2.88,69,0.0,10.79,0.3225,0.8263003995998771,V100|H000|L0,-6.612297460328743,1.8942635297225507e-05,ctx=C00|phase=P_UNKNOWN|band=inside_high|hum=normal,-0.00023678294121576293,0.0,OK,0.0,0.05,0.0,2019-04-10 04:15:00,24.5,100.0
balanced,C00,cluster_00_mild_normal_humidity_normal_wind,0.0029128947368421043,0.0,10.36,10.36,0,0.0,,0.00016969911495844865,0.0,0.0,0.242534,52.3094,15.6069,-14,505599.0063068867,False,TRAIN,0.05,1.2251886457813732e+293,0.0,0,2.88,67.6667,0.0,11.0767,0.38,0.8262533106565113,V100|H000|L0,-6.612145919246365,2.119433994274278e-05,ctx=C00|phase=P_UNKNOWN|band=inside_high|hum=normal,-0.00026492924928434025,0.0,OK,0.0,0.05,0.0,2019-04-10 04:20:00,24.5,100.0
balanced,C00,cluster_00_mild_normal_humidity_normal_wind,0.002974999999999999,0.0,10.36,10.36,0,0.0,,0.0001770124999999999,0.0,0.0,0.242729,52.1939,15.6305,-14,505600.6712036133,False,TRAIN,0.05,1.2575672083079966e+293,0.0,0,2.88,66.3333,0.0,11.3633,0.4375,0.8262059216429816,V100|H000|L0,-6.611976364526823,2.3289913829716014e-05,ctx=C00|phase=P_UNKNOWN|band=inside_high|hum=normal,-0.00029112392287133915,0.0,OK,0.0,0.05,0.0,2019-04-10 04:25:00,24.5,100.0
balanced,C00,cluster_00_mild_normal_humidity_normal_wind,0.0030373684210526306,0.0,10.36,10.36,0,0.0,,0.00018451213850415496,0.0,0.0,0.242938,52.0564,15.6542,-14,505602.35300064087,False,TRAIN,0.05,1.2903507228555815e+293,0.0,0,2.88,65,0.0,11.65,0.495,0.8261582313248647,V100|H000|L0,-6.6117900452161855,2.524194617270492e-05,ctx=C00|phase=P_UNKNOWN|band=inside_high|hum=normal,-0.00031552432715853396,0.0,OK,0.0,0.05,0.0,2019-04-10 04:30:00,24.5,100.0
balanced,C00,cluster_00_mild_normal_humidity_normal_wind,0.0030997368421052615,0.0,10.36,10.36,0,0.0,,0.00019216736980609398,0.0,0.0,0.243159,51.8961,15.6779,-14,505603.93153595924,False,TRAIN,0.05,1.3234306333684344e+293,0.0,0,2.88,63.6667,0.0,11.9367,0.5525,0.8261104403263633,V100|H000|L0,-6.611588109646804,2.7045870358954893e-05,ctx=C00|phase=P_UNKNOWN|band=inside_high|hum=normal,-0.0003380733794872137,0.0,OK,0.0,0.05,0.0,2019-04-10 04:35:00,24.75,100.0
balanced,C00,cluster_00_mild_normal_humidity_normal_wind,0.0031623684210526333,0.0,10.36,10.36,0,0.0,,0.0002000114806094185,0.0,0.0,0.243389,51.7123,15.7017,-14,505605.66440820694,False,TRAIN,0.05,1.3569220010862074e+293,0.0,0,2.88,62.3333,0.0,12.2233,0.61,0.826062346395758,V100|H000|L0,-6.611371742683932,2.8729715178643644e-05,ctx=C00|phase=P_UNKNOWN|band=inside_high|hum=normal,-0.00035912143973348964,0.0,OK,0.0,0.05,0.0,2019-04-10 04:40:00,24.75,100.0
balanced,C00,cluster_00_mild_normal_humidity_normal_wind,0.003225000000000001,0.0,10.36,10.36,0,0.0,,0.0002080125000000001,0.0,0.0,0.243626,51.5046,15.7255,-14,505607.3044323921,False,TRAIN,0.05,1.3907151967153218e+293,0.0,0,2.88,61,0.0,12.51,0.6675,0.8260141510059804,V100|H000|L0,-6.611141904962503,3.0286969146642306e-05,ctx=C00|phase=P_UNKNOWN|band=inside_high|hum=normal,-0.0003785871143324737,0.0,OK,0.0,0.05,0.0,2019-04-10 04:45:00,24.75,100.0
balanced,C00,cluster_00_mild_normal_humidity_normal_wind,0.0032878947368421042,0.0,10.36,10.36,0,0.0,,0.0002162050360110802,0.0,0.0,0.24387,51.2724,15.7494,-14,505609.0199315548,False,TRAIN,0.05,1.4249264501101608e+293,0.0,0,2.88,59.6667,0.0,12.7967,0.725,0.8259656510518264,V100|H000|L0,-6.61089960920933,3.174400794714316e-05,ctx=C00|phase=P_UNKNOWN|band=inside_high|hum=normal,-0.0003968000993398446,0.0,OK,0.0,0.05,0.0,2019-04-10 04:50:00,24.75,100.0
balanced,C00,cluster_00_mild_normal_humidity_normal_wind,0.003351052631578949,0.0,10.36,10.36,0,0.0,,0.00022459107479224402,0.0,0.0,0.244118,51.0145,15.7734,-14,505610.5977883339,False,TRAIN,0.05,1.4595596672627914e+293,0.0,0,2.88,58.3333,0.0,13.0833,0.7825,0.8259168452867499,V100|H000|L0,-6.610645657145753,3.310894851749069e-05,ctx=C00|phase=P_UNKNOWN|band=inside_high|hum=normal,-0.0004138618564691887,0.0,OK,0.0,0.05,0.0,2019-04-10 04:55:00,24.75,100.0
balanced,C00,cluster_00_mild_normal_humidity_normal_wind,0.003416052631578947,0.0,12.124,12.124,0,0.0,,0.00023338831163434898,0.0,0.0,0.244371,50.729,15.7981,-14,505612.3115243912,True,TRAIN,0.05,1.4953099388206357e+293,0.0,0,2.88,57,0.0,13.37,0.84,0.8024848520095036,V100|H000|L1,-6.424507397598094,4.628581522070352e-05,ctx=C00|phase=P_UNKNOWN|band=inside_high|hum=normal,-0.0005785726902581834,0.0,OK,0.0,0.05,0.1,2019-04-10 05:00:00,24.75,100.0
balanced,C00,cluster_00_mild_normal_humidity_normal_wind,0.0034400000000000003,0.0,12.124,12.124,0,0.0,,0.00023667200000000003,0.0,0.0,0.244649,50.6061,15.8072,-14,505613.8891453743,True,TRAIN,0.05,1.5133213910996586e+293,0.0,0,2.88,56.8333,0.0,13.4025,0.905,0.8024673160839922,V100|H000|L1,-6.424137111076329,4.398582404385731e-05,ctx=C00|phase=P_UNKNOWN|band=inside_high|hum=normal,-0.000549822800548827,0.0,OK,0.0,0.05,0.0,2019-04-10 05:05:00,24.75,100.0
balanced,C00,cluster_00_mild_normal_humidity_normal_wind,0.0034515789473684223,0.0,12.124,12.124,0,0.0,,0.00023826794459833815,0.0,0.0,0.244938,50.535,15.8116,-14,505615.5699248314,True,TRAIN,0.05,1.5260072661024663e+293,0.0,0,2.88,56.6667,0.0,13.435,0.97,0.8024588321520286,V100|H000|L1,-6.423785224483978,4.1145672677433964e-05,ctx=C00|phase=P_UNKNOWN|band=inside_high|hum=normal,-0.0005143209084685907,0.0,OK,0.0,0.05,0.0,2019-04-10 05:10:00,24.75,100.0
balanced,C00,cluster_00_mild_normal_humidity_normal_wind,0.003459473684210528,0.0,12.124,12.124,0,0.0,,0.00023935916343490322,0.0,0.0,0.245233,50.4799,15.8146,-14,505617.30000925064,True,TRAIN,0.05,1.537145164515396e+293,0.0,0,2.88,56.5,0.0,13.4675,1.035,0.8024530457758604,V100|H000|L1,-6.423456059102558,3.831692895672756e-05,ctx=C00|phase=P_UNKNOWN|band=inside_high|hum=normal,-0.00047896161195937204,0.0,OK,0.0,0.05,0.0,2019-04-10 05:15:00,24.75,100.0
balanced,C00,cluster_00_mild_normal_humidity_normal_wind,0.0034663157894736837,0.0,12.124,12.124,0,0.0,,0.00024030690304709131,0.0,0.0,0.245531,50.4295,15.8172,-14,505618.8793852329,True,TRAIN,0.05,1.547886238211758e+293,0.0,0,2.88,56.3333,0.0,13.5,1.1,0.8024480296854671,V100|H000|L1,-6.423149523670904,3.565286187168226e-05,ctx=C00|phase=P_UNKNOWN|band=inside_high|hum=normal,-0.00044566077339591725,0.0,OK,0.0,0.05,0.0,2019-04-10 05:20:00,24.75,100.0
balanced,C00,cluster_00_mild_normal_humidity_normal_wind,0.003472631578947367,0.0,12.124,12.124,0,0.0,,0.00024118340166204966,0.0,0.0,0.245831,50.3803,15.8196,-14,505620.61683154106,True,TRAIN,0.05,1.5584600921226514e+293,0.0,0,2.88,56.1667,0.0,13.5325,1.165,0.8024433984336214,V100|H000|L1,-6.422864300775931,3.317113306955388e-05,ctx=C00|phase=P_UNKNOWN|band=inside_high|hum=normal,-0.0004146391633699231,0.0,OK,0.0,0.05,0.0,2019-04-10 05:25:00,24.75,100.0
balanced,C00,cluster_00_mild_normal_humidity_normal_wind,0.00347894736842105,0.0,12.124,12.124,0,0.0,,0.00024206149584487505,0.0,0.0,0.246134,50.3312,15.822,-14,505622.2947409153,True,TRAIN,0.05,1.5691009874166982e+293,0.0,0,2.88,56,0.0,13.565,1.23,0.8024387662078344,V100|H000|L1,-6.4225989317113745,3.088802048700767e-05,ctx=C00|phase=P_UNKNOWN|band=inside_high|hum=normal,-0.00038610025608742937,0.0,OK,0.0,0.05,0.0,2019-04-10 05:30:00,24.75,100.0
balanced,C00,cluster_00_mild_normal_humidity_normal_wind,0.0034855263157894754,0.0,12.124,12.124,0,0.0,,0.00024297787396121903,0.0,0.0,0.246438,50.2817,15.8245,-14,505624.0015950203,True,TRAIN,0.05,1.579928615070035e+293,0.0,0,2.88,55.8333,0.0,13.5975,1.295,0.8024339399370185,V100|H000|L1,-6.4223518275474785,2.8803080513339907e-05,ctx=C00|phase=P_UNKNOWN|band=inside_high|hum=normal,-0.00036003850641630475,0.0,OK,0.0,0.05,0.0,2019-04-10 05:35:00,25,100.0
balanced,C00,cluster_00_mild_normal_humidity_normal_wind,0.0034918421052631586,0.0,12.124,12.124,0,0.0,,0.00024385922576177296,0.0,0.0,0.246744,50.2319,15.8269,-14,505625.57657027245,True,TRAIN,0.05,1.5907054101420237e+293,0.0,0,2.88,55.6667,0.0,13.63,1.36,0.802429305722875,V100|H000|L1,-6.422121402903372,2.6869571203680387e-05,ctx=C00|phase=P_UNKNOWN|band=inside_high|hum=normal,-0.00033586964004650444,0.0,OK,0.0,0.05,0.0,2019-04-10 05:40:00,25,100.0
balanced,C00,cluster_00_mild_normal_humidity_normal_wind,0.003498157894736842,0.0,12.124,12.124,0,0.0,,0.0002447421731301939,0.0,0.0,0.247051,50.1817,15.8293,-14,505627.25476694107,True,TRAIN,0.05,1.601550474949356e+293,0.0,0,2.88,55.5,0.0,13.6625,1.425,0.8024246705348953,V100|H000|L1,-6.421906446333742,2.509082054580336e-05,ctx=C00|phase=P_UNKNOWN|band=inside_high|hum=normal,-0.0003136352568224865,0.0,OK,0.0,0.05,0.0,2019-04-10 05:45:00,25,100.0
balanced,C00,cluster_00_mild_normal_humidity_normal_wind,0.003504736842105262,0.0,12.124,12.124,0,0.0,,0.00024566360664819925,0.0,0.0,0.247359,50.131,15.8318,-14,505628.96652293205,True,TRAIN,0.05,1.6125853059130664e+293,0.0,0,2.88,55.3333,0.0,13.695,1.49,0.8024198411785745,V100|H000|L1,-6.421705719769376,2.3469903407846715e-05,ctx=C00|phase=P_UNKNOWN|band=inside_high|hum=normal,-0.0002933737925975288,0.0,OK,0.0,0.05,0.0,2019-04-10 05:50:00,25,100.0
balanced,C00,cluster_00_mild_normal_humidity_normal_wind,0.0035110526315789456,0.0,12.124,12.124,0,0.0,,0.00024654981163434875,0.0,0.0,0.247668,50.0799,15.8342,-14,505630.592199564,True,TRAIN,0.05,1.6235687578652638e+293,0.0,0,2.88,55.1667,0.0,13.7275,1.555,0.8024152040024538,V100|H000|L1,-6.421517960542113,2.1963285224857465e-05,ctx=C00|phase=P_UNKNOWN|band=inside_high|hum=normal,-0.00027454106531032973,0.0,OK,0.0,0.05,0.0,2019-04-10 05:55:00,25,100.0
balanced,C00,cluster_00_mild_normal_humidity_normal_wind,0.0035176315789473694,0.0,12.124,12.124,0,0.0,,0.0002474746385041553,0.0,0.0,0.247977,50.0284,15.8367,-14,505632.17978453636,True,TRAIN,0.05,1.63474402670641e+293,0.0,0,2.88,55,0.0,13.76,1.62,0.8024103725752281,V100|H000|L1,-6.421342254260314,2.0592736584945648e-05,ctx=C00|phase=P_UNKNOWN|band=inside_high|hum=normal,-0.00025740920731121,0.0,OK,0.0,0.05,0.0,2019-04-10 06:00:00,25,100.0
balanced,C00,cluster_00_mild_normal_humidity_normal_wind,0.004017894736842109,0.00225,1.764,199.584,197.82,0.0,,0.00032286956232687044,75.0,0.0,0.144285,63.2784,16.0268,-14.25,505633.9124891758,True,TRAIN,0.05,1.8765667807849367e+293,0.5,0,2.88,55.25,17.4519,13.7775,1.665,0.20006919335835832,V000|H075|L1,-0.707659768274545,0.008928937785923213,ctx=C00|phase=P_UNKNOWN|band=inside_high|hum=normal,0.1116117223240402,0.0,OK,0.0,0.05,2.8125,2019-04-10 06:05:00,22.75,0.0
balanced,C00,cluster_00_mild_normal_humidity_normal_wind,0.0036792105263157883,0.0,12.124,12.124,0,0.0,,0.00027073180193905804,0.0,0.0,0.212073,53.59,15.8981,-14,505635.62168836594,True,TRAIN,0.05,1.7269754756985156e+293,2.0625,0,2.88,55.5,34.8955,13.795,1.71,0.8022913812003434,V100|H000|L1,-6.421177512367635,2.8464627648827623e-05,ctx=C00|phase=P_UNKNOWN|band=inside_high|hum=normal,-0.0003558078456109559,0.0,OK,0.0,0.05,2.8125,2019-04-10 06:10:00,24.25,100.0
balanced,C00,cluster_00_mild_normal_humidity_normal_wind,0.0035821052631578956,0.0,12.124,12.124,0,0.0,,0.0002566295623268699,0.0,0.0,0.235939,51.4626,15.8612,-14,505637.19753193855,True,TRAIN,0.05,1.6898024551952112e+293,0.5,0,2.88,55.75,52.3225,13.8125,1.755,0.8023629686831472,V100|H000|L1,-6.420949795346444,2.046045881265446e-05,ctx=C00|phase=P_UNKNOWN|band=inside_high|hum=normal,-0.00025575573515834726,0.0,OK,0.0,0.05,0.0,2019-04-10 06:15:00,24.5,100.0
balanced,C00,cluster_00_mild_normal_humidity_normal_wind,0.0035578947368421067,0.0,12.124,12.124,0,0.0,,0.0002531722991689752,0.0,0.0,0.244432,51.1596,15.852,-14,505638.8705561161,True,TRAIN,0.05,1.6867734234653577e+293,0.0,0,2.88,56,69.7246,13.83,1.8,0.8023807812233203,V100|H000|L1,-6.420786111675943,1.7398618893826878e-05,ctx=C00|phase=P_UNKNOWN|band=inside_high|hum=normal,-0.0002174827361725029,0.0,OK,0.0,0.05,0.0,2019-04-10 06:20:00,24.75,100.0
balanced,C00,cluster_00_mild_normal_humidity_normal_wind,0.0035552631578947393,0.0,12.124,12.124,0,0.0,,0.00025279792243767347,0.0,0.0,0.247545,51.2928,15.851,-14,505640.61173915863,True,TRAIN,0.05,1.693953439036396e+293,0.0,0,2.88,56.25,87.0935,13.8475,1.845,0.802382716507097,V100|H000|L1,-6.420646922724792,1.5851906680186545e-05,ctx=C00|phase=P_UNKNOWN|band=inside_high|hum=normal,-0.00019814883350199874,0.0,OK,0.0,0.05,0.0,2019-04-10 06:25:00,24.75,100.0
balanced,C00,cluster_00_mild_normal_humidity_normal_wind,0.004039736842105263,0.00225,1.764,199.584,197.82,0.0,,0.000326389475069252,75.0,0.0,0.144836,63.3895,16.0351,-14.25,505642.32204031944,True,TRAIN,0.05,1.9344114462517346e+293,0.5,0,2.88,56.5,104.421,13.865,1.89,0.20006817818071457,V000|H075|L1,-0.7790912705619307,0.008214541548837856,ctx=C00|phase=P_UNKNOWN|band=inside_high|hum=normal,0.10268176936047323,0.0,OK,0.0,0.05,2.8125,2019-04-10 06:30:00,22.5,0.0
balanced,C00,cluster_00_mild_normal_humidity_normal_wind,0.003709210526315789,0.0,12.124,12.124,0,0.0,,0.00027516485457063696,0.0,0.0,0.212968,54.6192,15.9095,-14.25,505643.8923020363,True,TRAIN,0.05,1.7850209746331043e+293,2.0625,0,2.88,56.75,121.6987,13.8825,1.935,0.8022692182393312,V100|H000|L1,-6.420520107471351,2.366361556704888e-05,ctx=C00|phase=P_UNKNOWN|band=inside_high|hum=normal,-0.0002957951945876669,0.0,OK,0.0,0.05,2.8125,2019-04-10 06:35:00,24,100.0
balanced,C00,cluster_00_mild_normal_humidity_normal_wind,0.003614999999999999,0.0,12.124,12.124,0,0.0,,0.00026136449999999983,0.0,0.0,0.236955,52.7233,15.8737,-14,505645.62239289284,True,TRAIN,0.05,1.7483815036663797e+293,0.5,0,2.88,57,138.9185,13.9,1.98,0.8023387439443689,V100|H000|L1,-6.420330798546814,1.6208469918677082e-05,ctx=C00|phase=P_UNKNOWN|band=inside_high|hum=normal,-0.0002026058739829084,0.0,OK,0.0,0.05,0.0,2019-04-10 06:40:00,24.25,100.0
balanced,C00,cluster_00_mild_normal_humidity_normal_wind,0.003591315789473682,0.0,12.124,12.124,0,0.0,,0.0002579509819944595,0.0,0.0,0.245492,52.4798,15.8647,-14.25,505647.27739715576,True,TRAIN,0.05,1.7456113556408056e+293,0.0,0,2.88,57.25,156.0723,13.9175,2.025,0.8023561884175539,V100|H000|L1,-6.420201130787465,1.351623447032324e-05,ctx=C00|phase=P_UNKNOWN|band=inside_high|hum=normal,-0.00016895293087926255,0.0,OK,0.0,0.05,0.0,2019-04-10 06:45:00,24.5,100.0
balanced,C00,cluster_00_mild_normal_humidity_normal_wind,0.0035889473684210514,0.0,12.124,12.124,0,0.0,,0.0002576108642659278,0.0,0.0,0.248621,52.6297,15.8638,-14.25,505648.8552777767,True,TRAIN,0.05,1.7531824508368473e+293,0.0,0,2.88,57.5,173.1517,13.935,2.07,0.8023579321121245,V100|H000|L1,-6.420093000911702,1.2295440147025438e-05,ctx=C00|phase=P_UNKNOWN|band=inside_high|hum=normal,-0.00015369300183831758,0.0,OK,0.0,0.05,0.0,2019-04-10 06:50:00,24.5,100.0
balanced,C00,cluster_00_mild_normal_humidity_normal_wind,0.003592894736842104,0.0,12.124,12.124,0,0.0,,0.00025817785180055387,0.0,0.0,0.249857,52.8723,15.8653,-14.25,505650.6067159176,True,TRAIN,0.05,1.7638862737411538e+293,0.0,0,2.88,57.75,190.1487,13.9525,2.115,0.8023550258784686,V100|H000|L1,-6.419994637390526,1.1544303627819552e-05,ctx=C00|phase=P_UNKNOWN|band=inside_high|hum=normal,-0.00014430379534713378,0.0,OK,0.0,0.05,0.0,2019-04-10 06:55:00,24.25,100.0
balanced,C00,cluster_00_mild_normal_humidity_normal_wind,0.003598947368421052,0.0,12.124,12.124,0,0.0,,0.00025904844321329625,0.0,0.0,0.250431,53.1365,15.8676,-14.25,505652.3556816578,True,TRAIN,0.05,1.7756920254216978e+293,0.0,0,2.88,58,207.0552,13.97,2.16,0.8023505689151238,V100|H000|L1,-6.419902282961504,1.097731640509192e-05,ctx=C00|phase=P_UNKNOWN|band=inside_high|hum=normal,-0.0001372164550641486,0.0,OK,0.0,0.05,0.0,2019-04-10 07:00:00,24.25,100.0
balanced,C00,cluster_00_mild_normal_humidity_normal_wind,0.003627368421052629,0.0,12.124,12.124,0,0.0,,0.0002631560332409969,0.0,0.0,0.250608,53.0472,15.8784,-14.25,505653.9362092018,True,TRAIN,0.05,1.7986633206204105e+293,0.0,0,2.88,57.25,223.8632,14.1192,2.1525,0.8023296286133181,V100|H000|L1,-6.419814464430263,1.1774355237137435e-05,ctx=C00|phase=P_UNKNOWN|band=inside_high|hum=normal,-0.00014717944046471754,0.0,OK,0.0,0.05,0.0,2019-04-10 07:05:00,24.25,100.0
balanced,C00,cluster_00_mild_normal_humidity_normal_wind,0.0036623684210526325,0.0,12.124,12.124,0,0.0,,0.00026825884903047104,0.0,0.0,0.250647,52.8566,15.8917,-14.25,505655.686784029,True,TRAIN,0.05,1.8250984779628298e+293,0.0,0,2.88,56.5,240.5646,14.2683,2.145,0.8023038139447051,V100|H000|L1,-6.419720269588366,1.2897580307202894e-05,ctx=C00|phase=P_UNKNOWN|band=inside_high|hum=normal,-0.0001612197538406468,0.0,OK,0.0,0.05,0.0,2019-04-10 07:10:00,24.25,100.0
balanced,C00,cluster_00_mild_normal_humidity_normal_wind,0.003699473684210525,0.0,12.124,12.124,0,0.0,,0.0002737221108033239,0.0,0.0,0.250637,52.6325,15.9058,-14.25,505657.43923926353,True,TRAIN,0.05,1.8528073992395954e+293,0.0,0,2.88,55.75,257.1516,14.4175,2.1375,0.8022764138866676,V100|H000|L1,-6.419617088945908,1.4057778525700115e-05,ctx=C00|phase=P_UNKNOWN|band=inside_high|hum=normal,-0.00017572223157091837,0.0,OK,0.0,0.05,0.0,2019-04-10 07:15:00,24.25,100.0
balanced,C00,cluster_00_mild_normal_humidity_normal_wind,0.003737105263157894,0.0,12.124,12.124,0,0.0,,0.0002793191149584486,0.0,0.0,0.25061,52.3931,15.9201,-14.25,505659.02050709724,True,TRAIN,0.05,1.8810126949768463e+293,0.0,0,2.88,55,273.6161,14.5667,2.13,0.8022485908845709,V100|H000|L1,-6.4195046267177025,1.5158996411357428e-05,ctx=C00|phase=P_UNKNOWN|band=inside_high|hum=normal,-0.00018948745514191234,0.0,OK,0.0,0.05,0.0,2019-04-10 07:20:00,24.25,100.0
balanced,C00,cluster_00_mild_normal_humidity_normal_wind,0.003775,0.0,12.124,12.124,0,0.0,,0.00028501249999999997,0.0,0.0,0.250577,52.1429,15.9345,-14.25,505660.7031958103,True,TRAIN,0.05,1.9095868421230955e+293,0.0,0,2.88,54.25,289.9504,14.7158,2.1225,0.8022205384281637,V100|H000|L1,-6.419383354746412,1.6190473210997425e-05,ctx=C00|phase=P_UNKNOWN|band=inside_high|hum=normal,-0.00020238091513780088,0.0,OK,0.0,0.05,0.0,2019-04-10 07:25:00,24.25,100.0
balanced,C00,cluster_00_mild_normal_humidity_normal_wind,0.0038128947368421054,0.0,12.124,12.124,0,0.0,,0.0002907633254847646,0.0,0.0,0.250542,51.8836,15.9489,-14.25,505662.2796139717,True,TRAIN,0.05,1.9383997054234323e+293,0.0,0,2.88,53.5,306.1467,14.865,2.115,0.8021924509698666,V100|H000|L1,-6.419253830960724,1.7142232017874903e-05,ctx=C00|phase=P_UNKNOWN|band=inside_high|hum=normal,-0.00021427790022388038,0.0,OK,0.0,0.05,0.0,2019-04-10 07:30:00,24.25,100.0
balanced,C00,cluster_00_mild_normal_humidity_normal_wind,0.003850789473684211,0.0,12.124,12.124,0,0.0,,0.00029657159141274243,0.0,0.0,0.250506,51.6153,15.9633,-14.25,505663.85626888275,True,TRAIN,0.05,1.9674529576857197e+293,0.0,0,2.88,52.75,322.1974,15.0142,2.1075,0.802164328517238,V100|H000|L1,-6.419116693104581,1.8020649666716793e-05,ctx=C00|phase=P_UNKNOWN|band=inside_high|hum=normal,-0.00022525812083462604,0.0,OK,0.0,0.05,0.0,2019-04-10 07:35:00,24.5,100.0
balanced,C00,cluster_00_mild_normal_humidity_normal_wind,0.003888421052631581,0.0,12.124,12.124,0,0.0,,0.0003023963656509698,0.0,0.0,0.25047,51.3378,15.9776,-14.25,505665.51252794266,True,TRAIN,0.05,1.9966131570613013e+293,0.0,0,2.88,52,338.0946,15.1633,2.1,0.8021363667362403,V100|H000|L1,-6.418972527907247,1.8815940173277923e-05,ctx=C00|phase=P_UNKNOWN|band=inside_high|hum=normal,-0.00023519925216552995,0.0,OK,0.0,0.05,0.0,2019-04-10 07:40:00,24.5,100.0
balanced,C00,cluster_00_mild_normal_humidity_normal_wind,0.003926315789473687,0.0,12.124,12.124,0,0.0,,0.00030831911357340766,0.0,0.0,0.250434,51.0515,15.992,-14.25,505667.1912739277,True,TRAIN,0.05,2.0261515731504727e+293,0.0,0,2.88,51.25,353.831,15.3125,2.0925,0.8021081745605454,V100|H000|L1,-6.418822000385861,1.9566039014984327e-05,ctx=C00|phase=P_UNKNOWN|band=inside_high|hum=normal,-0.00024457548768719306,0.0,OK,0.0,0.05,0.0,2019-04-10 07:45:00,24.5,100.0
balanced,C00,cluster_00_mild_normal_humidity_normal_wind,0.003963947368421052,0.0,12.124,12.124,0,0.0,,0.0003142575747922436,0.0,0.0,0.250398,50.7559,16.0063,-14.5,505668.9293062687,True,TRAIN,0.05,2.0557989780226127e+293,0.0,0,2.88,50.5,369.3989,15.4617,2.085,0.8020801435556203,V100|H000|L1,-6.418665472073741,2.0243236287798005e-05,ctx=C00|phase=P_UNKNOWN|band=inside_high|hum=normal,-0.00025304045359730853,0.0,OK,0.0,0.05,0.0,2019-04-10 07:50:00,24.5,100.0
balanced,C00,cluster_00_mild_normal_humidity_normal_wind,0.0040015789473684255,0.0,12.124,12.124,0,0.0,,0.00032025268144044393,0.0,0.0,0.250361,50.4508,16.0206,-14.5,505670.50679063797,True,TRAIN,0.05,2.0856922031541486e+293,0.0,0,2.88,49.75,384.791,15.6108,2.0775,0.8020520780705065,V100|H000|L1,-6.4185035261834384,2.0869016193914014e-05,ctx=C00|phase=P_UNKNOWN|band=inside_high|hum=normal,-0.00026086270242331455,0.0,OK,0.0,0.05,0.0,2019-04-10 07:55:00,24.5,100.0
balanced,C00,cluster_00_mild_normal_humidity_normal_wind,0.00403921052631579,0.0,12.124,12.124,0,0.0,,0.0003263044335180057,0.0,0.0,0.250325,50.1364,16.0349,-14.5,505672.2028992176,True,TRAIN,0.05,2.1158329655625448e+293,0.0,0,2.88,49,400.0,15.76,2.07,0.8020239781126487,V100|H000|L1,-6.418336574053887,2.1447491526993545e-05,ctx=C00|phase=P_UNKNOWN|band=inside_high|hum=normal,-0.00026809364408719727,0.0,OK,0.0,0.05,0.0,2019-04-10 08:00:00,24.5,100.0
balanced,C00,cluster_00_mild_normal_humidity_normal_wind,0.004057105263157892,0.0,12.124,12.124,0,0.0,,0.00032920206232686937,0.0,0.0,0.250268,50.107,16.0417,-14.5,505673.9453365803,True,TRAIN,0.05,2.135832680580371e+293,0.0,0,2.88,49,414.7304,15.7883,2.0558,0.8020106038032173,V100|H000|L1,-6.418164994121671,2.0801636959277836e-05,ctx=C00|phase=P_UNKNOWN|band=inside_high|hum=normal,-0.0002600204619915836,0.0,OK,0.0,0.05,0.0,2019-04-10 08:05:00,24.5,100.0
balanced,C00,cluster_00_mild_normal_humidity_normal_wind,0.00406894736842105,0.0,12.124,12.124,0,0.0,,0.00033112665373961176,0.0,0.0,0.250204,50.1545,16.0462,-14.5,505675.51845002174,True,TRAIN,0.05,2.152777202547146e+293,0.0,0,2.88,49,429.2427,15.8167,2.0417,0.8020017488724639,V100|H000|L1,-6.417998581025997,1.9845900462889254e-05,ctx=C00|phase=P_UNKNOWN|band=inside_high|hum=normal,-0.0002480737557857271,0.0,OK,0.0,0.05,0.0,2019-04-10 08:10:00,24.5,100.0
balanced,C00,cluster_00_mild_normal_humidity_normal_wind,0.004079210526315791,0.0,12.124,12.124,0,0.0,,0.00033279917036011105,0.0,0.0,0.250137,50.2227,16.0501,-14.5,505677.0932431221,True,TRAIN,0.05,2.1689982158690186e+293,0.0,0,2.88,49,443.5302,15.845,2.0275,0.8019940718388788,V100|H000|L1,-6.417839813822294,1.887239111264538e-05,ctx=C00|phase=P_UNKNOWN|band=inside_high|hum=normal,-0.00023590488890790073,0.0,OK,0.0,0.05,0.0,2019-04-10 08:15:00,24.5,100.0
balanced,C00,cluster_00_mild_normal_humidity_normal_wind,0.004088684210526314,0.0,12.124,12.124,0,0.0,,0.0003343467714681437,0.0,0.0,0.250069,50.2967,16.0537,-14.5,505678.66873955727,True,TRAIN,0.05,2.184905741975143e+293,0.0,0,2.88,49,457.5865,15.8733,2.0133,0.801986983071533,V100|H000|L1,-6.417688834693393,1.7929701211283344e-05,ctx=C00|phase=P_UNKNOWN|band=inside_high|hum=normal,-0.0002241212651410418,0.0,OK,0.0,0.05,0.0,2019-04-10 08:20:00,24.5,100.0
balanced,C00,cluster_00_mild_normal_humidity_normal_wind,0.004097894736842109,0.0,12.124,12.124,0,0.0,,0.00033585482548476525,0.0,0.0,0.250001,50.3727,16.0572,-14.5,505680.3810055256,True,TRAIN,0.05,2.2007767892841063e+293,0.0,0,2.88,49,471.4052,15.9017,1.9992,0.8019800891208435,V100|H000|L1,-6.417545397083702,1.704684116954347e-05,ctx=C00|phase=P_UNKNOWN|band=inside_high|hum=normal,-0.00021308551461929337,0.0,OK,0.0,0.05,0.0,2019-04-10 08:25:00,24.5,100.0
balanced,C00,cluster_00_mild_normal_humidity_normal_wind,0.004107105263157897,0.0,12.124,12.124,0,0.0,,0.0003373662728531859,0.0,0.0,0.249933,50.4492,16.0607,-14.5,505681.95404696465,True,TRAIN,0.05,2.216751924422605e+293,0.0,0,2.88,49,484.9799,15.93,1.985,0.8019731931062034,V100|H000|L1,-6.417409022354346,1.6234775047196948e-05,ctx=C00|phase=P_UNKNOWN|band=inside_high|hum=normal,-0.00020293468808985082,0.0,OK,0.0,0.05,0.0,2019-04-10 08:30:00,24.25,100.0
balanced,C00,cluster_00_mild_normal_humidity_normal_wind,0.004116315789473683,0.0,12.124,12.124,0,0.0,,0.00033888111357340705,0.0,0.0,0.249864,50.5258,16.0642,-14.5,505683.5906198025,True,TRAIN,0.05,2.2328317914927565e+293,0.0,0,2.88,49,498.3046,15.9583,1.9708,0.8019662950277222,V100|H000|L1,-6.4172791441539685,1.548783932192599e-05,ctx=C00|phase=P_UNKNOWN|band=inside_high|hum=normal,-0.00019359799152385282,0.0,OK,0.0,0.05,0.0,2019-04-10 08:35:00,24.25,100.0
balanced,C00,cluster_00_mild_normal_humidity_normal_wind,0.00412552631578947,0.0,12.124,12.124,0,0.0,,0.00034039934764542874,0.0,0.0,0.249796,50.6029,16.0677,-14.5,505685.3119494915,True,TRAIN,0.05,2.249017038435499e+293,0.0,0,2.88,49,511.3733,15.9867,1.9567,0.8019593948855096,V100|H000|L1,-6.417155241439393,1.480082355320711e-05,ctx=C00|phase=P_UNKNOWN|band=inside_high|hum=normal,-0.00018501029441453376,0.0,OK,0.0,0.05,0.0,2019-04-10 08:40:00,24.25,100.0
balanced,C00,cluster_00_mild_normal_humidity_normal_wind,0.00413236842105263,0.00225,1.764,1.764,0,0.0,,0.00034152937534626023,0.0,0.0,0.145788,62.9885,16.0703,-14.75,505686.99907565117,True,TRAIN,0.05,2.2640107244578314e+293,0.25,0,2.88,49,524.1799,16.015,1.9425,0.9596893083747311,V000|H000|L1,-7.677314108632277,2.0035836557630304e-06,ctx=C00|phase=P_UNKNOWN|band=inside_high|hum=normal,2.5044795696427258e-05,0.0,OK,0.0,0.05,2.0,2019-04-10 08:45:00,22.25,0.0
balanced,C00,cluster_00_mild_normal_humidity_normal_wind,0.004136315789473683,0.00225,1.764,1.764,0,0.0,,0.000342182166204986,0.0,0.0,0.109341,66.1172,16.0718,-15,505688.56612706184,True,TRAIN,0.05,2.2775042456768345e+293,0.25,0,2.88,49,536.7189,16.0433,1.9283,0.9596850716303222,V000|H000|L1,-7.6773301373015235,1.5043574105311208e-06,ctx=C00|phase=P_UNKNOWN|band=inside_high|hum=normal,1.8804467631805544e-05,0.0,OK,0.0,0.05,0.0,2019-04-10 08:50:00,21.5,0.0
balanced,C00,cluster_00_mild_normal_humidity_normal_wind,0.004139473684210528,0.00225,1.764,1.764,0,0.0,,0.0003427048476454296,0.0,0.0,0.0965401,66.9324,16.073,-15,505690.3110394478,True,TRAIN,0.05,2.290639234852978e+293,0.0,0,2.88,49,548.9845,16.0717,1.9142,0.9596816818484319,V000|H000|L1,-7.677342172160808,1.1128262664694688e-06,ctx=C00|phase=P_UNKNOWN|band=inside_high|hum=normal,1.3910328330979382e-05,0.0,OK,0.0,0.05,0.0,2019-04-10 08:55:00,21.5,0.0
balanced,C00,cluster_00_mild_normal_humidity_normal_wind,0.004142368421052636,0.00225,1.764,1.764,0,0.0,,0.0003431843227146821,0.0,0.0,0.0920153,67.1696,16.0741,-15,505691.97006607056,True,TRAIN,0.05,2.3037022858741165e+293,0.0,0,2.88,49,560.9714,16.1,1.9,0.9596785742466754,V000|H000|L1,-7.6773510747709395,7.751920246823474e-07,ctx=C00|phase=P_UNKNOWN|band=inside_high|hum=normal,9.68990030791872e-06,0.0,OK,0.0,0.05,0.0,2019-04-10 09:00:00,21.25,0.0
balanced,C00,cluster_00_mild_normal_humidity_normal_wind,0.004145789473684206,0.00225,1.764,1.764,0,0.0,,0.00034375140720221536,0.0,0.0,0.0903379,67.2436,16.0754,-15,505693.5318250656,True,TRAIN,0.05,2.3171328658102437e+293,0.0,0,2.88,48.5833,573.0754,16.1717,1.87,0.959674901254381,V000|H000|L1,-7.677357276307137,4.1933727912280006e-07,ctx=C00|phase=P_UNKNOWN|band=inside_high|hum=normal,5.241715988923978e-06,0.0,OK,0.0,0.05,0.0,2019-04-10 09:05:00,21.25,0.0
balanced,C00,cluster_00_mild_normal_humidity_normal_wind,0.00414894736842105,0.00225,1.764,1.764,0,0.0,,0.00034427528531855915,0.0,0.0,0.089657,67.277,16.0766,-15,505695.20465278625,True,TRAIN,0.05,2.3304923413847997e+293,0.0,0,2.88,48.1667,584.9067,16.2433,1.84,0.9596715104422354,V000|H000|L1,-7.67736063100537,1.1452532511224689e-07,ctx=C00|phase=P_UNKNOWN|band=inside_high|hum=normal,1.4315665641806419e-06,0.0,OK,0.0,0.05,0.0,2019-04-10 09:10:00,21.25,0.0
balanced,C00,cluster_00_mild_normal_humidity_normal_wind,0.00415236842105263,0.00225,1.764,1.764,0,0.0,,0.0003448432700831023,0.0,0.0,0.0893251,67.301,16.0779,-15,505696.9400193691,True,TRAIN,0.05,2.344076040085267e+293,0.0,0,2.88,47.75,596.4596,16.315,1.81,0.9596678366748901,V000|H000|L1,-7.677361547207971,1.885380884747434e-07,ctx=C00|phase=P_UNKNOWN|band=inside_high|hum=normal,-2.3567261062673595e-06,0.0,OK,0.0,0.05,0.0,2019-04-10 09:15:00,21.25,0.0
balanced,C00,cluster_00_mild_normal_humidity_normal_wind,0.004155526315789475,0.00225,1.764,1.764,0,0.0,,0.00034536797922437695,0.0,0.0,0.0891153,67.3231,16.0791,-15,505698.5978012085,True,TRAIN,0.05,2.357588013988935e+293,0.0,0,2.88,47.3333,607.7286,16.3867,1.78,0.9596644451473295,V000|H000|L1,-7.677360038903263,4.447772462556898e-07,ctx=C00|phase=P_UNKNOWN|band=inside_high|hum=normal,-5.559715578362656e-06,0.0,OK,0.0,0.05,0.0,2019-04-10 09:20:00,21.25,0.0
balanced,C00,cluster_00_mild_normal_humidity_normal_wind,0.004158684210526319,0.00225,1.764,1.764,0,0.0,,0.00034589308725761824,0.0,0.0,0.0889483,67.3453,16.0803,-15,505700.159198761,True,TRAIN,0.05,2.371176505730637e+293,0.0,0,2.88,46.9167,618.7084,16.4583,1.75,0.9596610532763812,V000|H000|L1,-7.677356480685293,6.805447424484967e-07,ctx=C00|phase=P_UNKNOWN|band=inside_high|hum=normal,-8.506809280439676e-06,0.0,OK,0.0,0.05,0.0,2019-04-10 09:25:00,21.25,0.0
balanced,C00,cluster_00_mild_normal_humidity_normal_wind,0.004161842105263154,0.00225,1.764,1.764,0,0.0,,0.0003464185941828247,0.0,0.0,0.0887964,67.3681,16.0815,-15,505701.8742506504,True,TRAIN,0.05,2.3848419426894008e+293,0.0,0,2.88,46.5,629.3936,16.53,1.72,0.9596576610620527,V000|H000|L1,-7.677351036327353,8.974783093362859e-07,ctx=C00|phase=P_UNKNOWN|band=inside_high|hum=normal,-1.1218478866426018e-05,0.0,OK,0.0,0.05,0.0,2019-04-10 09:30:00,21.25,0.0
balanced,C00,cluster_00_mild_normal_humidity_normal_wind,0.004164736842105262,0.00225,1.764,1.764,0,0.0,,0.00034690065927977815,0.0,0.0,0.0886499,67.3917,16.0826,-15,505703.6123363972,True,TRAIN,0.05,2.398433204421593e+293,0.0,0,2.88,46.0833,639.7794,16.6017,1.69,0.9596545512306085,V000|H000|L1,-7.677343856500879,1.0744665600581627e-06,ctx=C00|phase=P_UNKNOWN|band=inside_high|hum=normal,-1.3430832001337656e-05,0.0,OK,0.0,0.05,0.0,2019-04-10 09:35:00,21.25,0.0
balanced,C00,cluster_00_mild_normal_humidity_normal_wind,0.00416763157894737,0.00225,1.764,1.764,0,0.0,,0.0003473830595567869,0.0,0.0,0.0885053,67.4161,16.0837,-15.25,505705.1724715233,True,TRAIN,0.05,2.4121007577225396e+293,0.0,0,2.88,45.6667,649.8606,16.6733,1.66,0.9596514411106415,V000|H000|L1,-7.677335260768398,1.2373188326142426e-06,ctx=C00|phase=P_UNKNOWN|band=inside_high|hum=normal,-1.5466485408288655e-05,0.0,OK,0.0,0.05,0.0,2019-04-10 09:40:00,21.25,0.0
balanced,C00,cluster_00_mild_normal_humidity_normal_wind,0.004170526315789478,0.00225,1.764,1.764,0,0.0,,0.000347865795013851,0.0,0.0,0.0883615,67.4413,16.0848,-15.25,505706.8309612274,True,TRAIN,0.05,2.4258450257263852e+293,0.0,0,2.88,45.25,659.6326,16.745,1.63,0.9596483307021578,V000|H000|L1,-7.677325362217737,1.3871660047293233e-06,ctx=C00|phase=P_UNKNOWN|band=inside_high|hum=normal,-1.7339575059338586e-05,0.0,OK,0.0,0.05,0.0,2019-04-10 09:45:00,21.25,0.0
balanced,C00,cluster_00_mild_normal_humidity_normal_wind,0.0041731578947368396,0.00225,1.764,1.764,0,0.0,,0.0003483049362880883,0.0,0.0,0.0882181,67.4674,16.0858,-15.25,505708.55860996246,True,TRAIN,0.05,2.4395125990698383e+293,0.0,0,2.88,44.8333,669.0905,16.8167,1.6,0.9596455028077209,V000|H000|L1,-7.6773142648896995,1.5024242793204579e-06,ctx=C00|phase=P_UNKNOWN|band=inside_high|hum=normal,-1.8780303491561234e-05,0.0,OK,0.0,0.05,0.0,2019-04-10 09:50:00,21.25,0.0
balanced,C00,cluster_00_mild_normal_humidity_normal_wind,0.004175789473684212,0.00225,1.764,1.764,0,0.0,,0.00034874435457063724,0.0,0.0,0.0880749,67.4945,16.0868,-15.25,505710.11775660515,True,TRAIN,0.05,2.453256202021089e+293,0.0,0,2.88,44.4167,678.2301,16.8883,1.57,0.9596426746748496,V000|H000|L1,-7.677302245495465,1.6084809666416788e-06,ctx=C00|phase=P_UNKNOWN|band=inside_high|hum=normal,-2.0106012083465075e-05,0.0,OK,0.0,0.05,0.0,2019-04-10 09:55:00,21.25,0.0
balanced,C00,cluster_00_mild_normal_humidity_normal_wind,0.004178421052631583,0.00225,1.764,1.764,0,0.0,,0.0003491840498614965,0.0,0.0,0.0879318,67.5224,16.0878,-15.25,505711.7529182434,True,TRAIN,0.05,2.4670762531868748e+293,0.0,0,2.88,44,687.0468,16.96,1.54,0.9596398463035483,V000|H000|L1,-7.677289377647732,1.7060721934081258e-06,ctx=C00|phase=P_UNKNOWN|band=inside_high|hum=normal,-2.1325902418212195e-05,0.0,OK,0.0,0.05,0.0,2019-04-10 10:00:00,21.25,0.0
balanced,C00,cluster_00_mild_normal_humidity_normal_wind,0.004181315789473681,0.00225,1.764,1.764,0,0.0,,0.00034966803462603823,0.0,0.0,0.0879257,67.5274,16.0889,-15.25,505713.4595899582,True,TRAIN,0.05,2.481129327359908e+293,0.0,0,2.88,43.9167,695.0495,17.0608,1.5542,0.9596367348197352,V000|H000|L1,-7.6772757290701845,1.8185051230412697e-06,ctx=C00|phase=P_UNKNOWN|band=inside_high|hum=normal,-2.2731314037849337e-05,0.0,OK,0.0,0.05,0.0,2019-04-10 10:05:00,21.25,0.0
balanced,C00,cluster_00_mild_normal_humidity_normal_wind,0.004184210526315789,0.00225,1.764,1.764,0,0.0,,0.000350152354570637,0.0,0.0,0.0879673,67.5272,16.09,-15.25,505715.02051591873,True,TRAIN,0.05,2.495261255368347e+293,0.0,0,2.88,43.8333,702.7097,17.1617,1.5683,0.959633623047433,V000|H000|L1,-7.6772611810292,1.9219664973979533e-06,ctx=C00|phase=P_UNKNOWN|band=inside_high|hum=normal,-2.4024581216974816e-05,0.0,OK,0.0,0.05,0.0,2019-04-10 10:10:00,21.25,0.0
balanced,C00,cluster_00_mild_normal_humidity_normal_wind,0.004187105263157897,0.00225,1.764,1.764,0,0.0,,0.0003506370096952912,0.0,0.0,0.0880258,67.5261,16.0911,-15.25,505716.63450837135,True,TRAIN,0.05,2.5094724744236866e+293,0.0,0,2.88,43.75,710.0243,17.2625,1.5825,0.9596305109866472,V000|H000|L1,-7.677245805297221,2.017174040469527e-06,ctx=C00|phase=P_UNKNOWN|band=inside_high|hum=normal,-2.5214675505425e-05,0.0,OK,0.0,0.05,0.0,2019-04-10 10:15:00,21.25,0.0
balanced,C00,cluster_00_mild_normal_humidity_normal_wind,0.004189999999999996,0.00225,1.764,1.764,0,0.0,,0.0003511219999999993,0.0,0.0,0.0880903,67.5254,16.0922,-15.25,505718.36720728874,True,TRAIN,0.05,2.5237634241381896e+293,0.0,0,2.88,43.6667,716.9902,17.3633,1.5967,0.9596273986373839,V000|H000|L1,-7.677229667904897,2.104788058288065e-06,ctx=C00|phase=P_UNKNOWN|band=inside_high|hum=normal,-2.6309850728267747e-05,0.0,OK,0.0,0.05,0.0,2019-04-10 10:20:00,21,0.0
balanced,C00,cluster_00_mild_normal_humidity_normal_wind,0.004192894736842103,0.00225,1.764,1.764,0,0.0,,0.00035160732548476423,0.0,0.0,0.0881567,67.5255,16.0933,-15.25,505719.99969387054,True,TRAIN,0.05,2.5381345465379827e+293,0.0,0,2.88,43.5833,723.6046,17.4642,1.6108,0.9596242859996489,V000|H000|L1,-7.677212829600431,2.1854160323631078e-06,ctx=C00|phase=P_UNKNOWN|band=inside_high|hum=normal,-2.7317700404982936e-05,0.0,OK,0.0,0.05,0.0,2019-04-10 10:25:00,21,0.0
balanced,C00,cluster_00_mild_normal_humidity_normal_wind,0.004195526315789475,0.00225,1.764,1.764,0,0.0,,0.00035204882132964014,0.0,0.0,0.088224,67.5262,16.0943,-15.25,505721.55941677094,True,TRAIN,0.05,2.5524261890938536e+293,0.0,0,2.88,43.5,729.8648,17.565,1.625,0.9596214560786586,V000|H000|L1,-7.677195346272172,2.236976428982018e-06,ctx=C00|phase=P_UNKNOWN|band=inside_high|hum=normal,-2.796220536294136e-05,0.0,OK,0.0,0.05,0.0,2019-04-10 10:30:00,21,0.0
balanced,C00,cluster_00_mild_normal_humidity_normal_wind,0.004198421052631583,0.00225,1.764,1.764,0,0.0,,0.00035253478670360173,0.0,0.0,0.0882916,67.5277,16.0954,-15.25,505723.2702922821,True,TRAIN,0.05,2.566958192178848e+293,0.0,0,2.88,43.4167,735.7684,17.6658,1.6392,0.9596183428902206,V000|H000|L1,-7.67717745046074,2.3070733897734286e-06,ctx=C00|phase=P_UNKNOWN|band=inside_high|hum=normal,-2.88384173718903e-05,0.0,OK,0.0,0.05,0.0,2019-04-10 10:35:00,21,0.0
balanced,C00,cluster_00_mild_normal_humidity_normal_wind,0.004201052631578945,0.00225,1.764,1.764,0,0.0,,0.00035297686426592756,0.0,0.0,0.0883591,67.5301,16.0964,-15.25,505724.94312238693,True,TRAIN,0.05,2.581410002685394e+293,0.0,0,2.88,43.3333,741.3131,17.7667,1.6533,0.9596155124686011,V000|H000|L1,-7.677158993873622,2.348941248175862e-06,ctx=C00|phase=P_UNKNOWN|band=inside_high|hum=normal,-2.9361765601643164e-05,0.0,OK,0.0,0.05,0.0,2019-04-10 10:40:00,21,0.0
balanced,C00,cluster_00_mild_normal_humidity_normal_wind,0.004203684210526317,0.00225,1.764,1.764,0,0.0,,0.00035341921883656535,0.0,0.0,0.0884269,67.5332,16.0974,-15.25,505726.50535559654,True,TRAIN,0.05,2.5959421573422073e+293,0.0,0,2.88,43.25,746.4966,17.8675,1.6675,0.9596126818085935,V000|H000|L1,-7.677140202343637,2.3874787489219784e-06,ctx=C00|phase=P_UNKNOWN|band=inside_high|hum=normal,-2.984348436108064e-05,0.0,OK,0.0,0.05,0.0,2019-04-10 10:45:00,21,0.0
balanced,C00,cluster_00_mild_normal_humidity_normal_wind,0.004206315789473689,0.00225,1.764,1.764,0,0.0,,0.0003538618504155132,0.0,0.0,0.0884947,67.5371,16.0984,-15.25,505728.2232544422,True,TRAIN,0.05,2.610555098295522e+293,0.0,0,2.88,43.1667,751.317,17.9683,1.6817,0.959609850910202,V000|H000|L1,-7.677121102513645,2.422952320335625e-06,ctx=C00|phase=P_UNKNOWN|band=inside_high|hum=normal,-3.0286904003640203e-05,0.0,OK,0.0,0.05,0.0,2019-04-10 10:50:00,21,0.0
balanced,C00,cluster_00_mild_normal_humidity_normal_wind,0.004208947368421051,0.00225,1.764,1.764,0,0.0,,0.00035430475900276987,0.0,0.0,0.0885623,67.5419,16.0994,-15.25,505729.94243502617,True,TRAIN,0.05,2.6252492701044292e+293,0.0,0,2.88,43.0833,755.7726,18.0692,1.6958,0.9596070197734312,V000|H000|L1,-7.6771017188950825,2.455607076345956e-06,ctx=C00|phase=P_UNKNOWN|band=inside_high|hum=normal,-3.0695088454102404e-05,0.0,OK,0.0,0.05,0.0,2019-04-10 10:55:00,21,0.0
balanced,C00,cluster_00_mild_normal_humidity_normal_wind,0.004211315789473686,0.00225,1.764,1.764,0,0.0,,0.0003547036135734075,0.0,0.0,0.0886302,67.5474,16.1003,-15.25,505731.5029335022,True,TRAIN,0.05,2.6398601594240728e+293,0.0,0,2.88,43,759.8617,18.17,1.71,0.9596044715465267,V000|H000|L1,-7.677082074038472,2.4630166626238292e-06,ctx=C00|phase=P_UNKNOWN|band=inside_high|hum=normal,-3.0787708282242754e-05,0.0,OK,0.0,0.05,0.0,2019-04-10 11:00:00,21,0.0
balanced,C00,cluster_00_mild_normal_humidity_normal_wind,0.004212894736842104,0.00225,1.764,1.764,0,0.0,,0.000354969641274238,0.0,0.0,0.0886331,67.5504,16.1009,-15.25,505733.2184667587,True,TRAIN,0.05,2.654054171010501e+293,0.0,0,2.88,42.9167,765.2017,18.1842,1.7033,0.9596027726213232,V000|H000|L1,-7.677062369905171,2.401889345859942e-06,ctx=C00|phase=P_UNKNOWN|band=inside_high|hum=normal,-3.0023616823138255e-05,0.0,OK,0.0,0.05,0.0,2019-04-10 11:05:00,21,0.0
balanced,C00,cluster_00_mild_normal_humidity_normal_wind,0.004213947368421049,0.00225,1.764,1.764,0,0.0,,0.00035514704847645364,0.0,0.0,0.0886136,67.553,16.1013,-15.25,505734.8990843296,True,TRAIN,0.05,2.667990898094389e+293,0.0,0,2.88,42.8333,770.1891,18.1983,1.6967,0.959601639956847,V000|H000|L1,-7.677043154790404,2.300351356288033e-06,ctx=C00|phase=P_UNKNOWN|band=inside_high|hum=normal,-2.875439195348939e-05,0.0,OK,0.0,0.05,0.0,2019-04-10 11:10:00,21,0.0
balanced,C00,cluster_00_mild_normal_humidity_normal_wind,0.004215000000000003,0.00225,1.764,1.764,0,0.0,,0.0003553245000000005,0.0,0.0,0.0885859,67.556,16.1017,-15.25,505736.6196875572,True,TRAIN,0.05,2.6820006410948468e+293,0.0,0,2.88,42.75,774.8204,18.2125,1.69,0.9596005072542322,V000|H000|L1,-7.677024751979554,2.2069394569612655e-06,ctx=C00|phase=P_UNKNOWN|band=inside_high|hum=normal,-2.758674321201582e-05,0.0,OK,0.0,0.05,0.0,2019-04-10 11:15:00,21,0.0
balanced,C00,cluster_00_mild_normal_humidity_normal_wind,0.004216052631578948,0.00225,1.764,1.764,0,0.0,,0.00035550199584487535,0.0,0.0,0.0885554,67.5592,16.1021,-15.25,505738.1786072254,True,TRAIN,0.05,2.696083781752851e+293,0.0,0,2.88,42.6667,779.0924,18.2267,1.6833,0.9595993745134791,V000|H000|L1,-7.677007096463898,2.1210035606733513e-06,ctx=C00|phase=P_UNKNOWN|band=inside_high|hum=normal,-2.6512544508139335e-05,0.0,OK,0.0,0.05,0.0,2019-04-10 11:20:00,21,0.0
balanced,C00,cluster_00_mild_normal_humidity_normal_wind,0.004217105263157893,0.00225,1.764,1.764,0,0.0,,0.00035567953601107994,0.0,0.0,0.0885242,67.5624,16.1025,-15.25,505739.83851504326,True,TRAIN,0.05,2.7102407038014078e+293,0.0,0,2.88,42.5833,783.002,18.2408,1.6767,0.9595982417345876,V000|H000|L1,-7.6769901284354125,2.041945587061278e-06,ctx=C00|phase=P_UNKNOWN|band=inside_high|hum=normal,-2.5524319838932108e-05,0.0,OK,0.0,0.05,0.0,2019-04-10 11:25:00,21,0.0
balanced,C00,cluster_00_mild_normal_humidity_normal_wind,0.004217894736842101,0.00225,1.764,1.764,0,0.0,,0.00035581272022160593,0.0,0.0,0.0884924,67.5658,16.1028,-15.25,505741.6143023968,True,TRAIN,0.05,2.7243018215620332e+293,0.0,0,2.88,42.5,786.5463,18.255,1.67,0.9595973921253914,V000|H000|L1,-7.676973792870716,1.9465586758027342e-06,ctx=C00|phase=P_UNKNOWN|band=inside_high|hum=normal,-2.433198344808929e-05,0.0,OK,0.0,0.05,0.0,2019-04-10 11:30:00,21,0.0
balanced,C00,cluster_00_mild_normal_humidity_normal_wind,0.004218684210526319,0.00225,1.764,1.764,0,0.0,,0.00035594592936288145,0.0,0.0,0.0884605,67.5695,16.1031,-15.25,505743.1749999523,True,TRAIN,0.05,2.738435794482676e+293,0.0,0,2.88,42.4167,789.7225,18.2692,1.6633,0.9595965424947424,V000|H000|L1,-7.67695822040131,1.8588044337075615e-06,ctx=C00|phase=P_UNKNOWN|band=inside_high|hum=normal,-2.323505542134452e-05,0.0,OK,0.0,0.05,0.0,2019-04-10 11:35:00,21,0.0
balanced,C00,cluster_00_mild_normal_humidity_normal_wind,0.004219210526315792,0.00225,1.764,1.764,0,0.0,,0.00035603474930747964,0.0,0.0,0.0884288,67.5731,16.1033,-15.25,505744.91512823105,True,TRAIN,0.05,2.7524713242096843e+293,0.0,0,2.88,42.3333,792.5282,18.2833,1.6567,0.9595959760623919,V000|H000|L1,-7.67694334996584,1.7554146670706317e-06,ctx=C00|phase=P_UNKNOWN|band=inside_high|hum=normal,-2.194268333810534e-05,0.0,OK,0.0,0.05,0.0,2019-04-10 11:40:00,21,0.0
balanced,C00,cluster_00_mild_normal_humidity_normal_wind,0.004219736842105265,0.00225,1.764,1.764,0,0.0,,0.0003561235803324102,0.0,0.0,0.0883969,67.5771,16.1035,-15.25,505746.4741165638,True,TRAIN,0.05,2.7665787483390993e+293,0.0,0,2.88,42.25,794.9609,18.2975,1.65,0.9595954096205072,V000|H000|L1,-7.676929306648503,1.660296844452347e-06,ctx=C00|phase=P_UNKNOWN|band=inside_high|hum=normal,-2.075371055576536e-05,0.0,OK,0.0,0.05,0.0,2019-04-10 11:45:00,21,0.0
balanced,C00,cluster_00_mild_normal_humidity_normal_wind,0.0042202631578947365,0.00225,1.764,1.764,0,0.0,,0.0003562124224376731,0.0,0.0,0.0883649,67.5814,16.1037,-15.25,505748.03225183487,True,TRAIN,0.05,2.7807584349267026e+293,0.0,0,2.88,42.1667,797.0185,18.3117,1.6433,0.9595948431690878,V000|H000|L1,-7.676916024273748,1.5727892104244745e-06,ctx=C00|phase=P_UNKNOWN|band=inside_high|hum=normal,-1.9659865130638998e-05,0.0,OK,0.0,0.05,0.0,2019-04-10 11:50:00,21,0.0
balanced,C00,cluster_00_mild_normal_humidity_normal_wind,0.004220789473684209,0.00225,1.764,1.764,0,0.0,,0.00035630127562326846,0.0,0.0,0.0883332,67.5855,16.1039,-15.25,505749.75015091896,True,TRAIN,0.05,2.7950107539114745e+293,0.0,0,2.88,42.0833,798.6988,18.3258,1.6367,0.9595942767081345,V000|H000|L1,-7.676903441960064,1.492282949877577e-06,ctx=C00|phase=P_UNKNOWN|band=inside_high|hum=normal,-1.8653536873580734e-05,0.0,OK,0.0,0.05,0.0,2019-04-10 11:55:00,21,0.0
balanced,C00,cluster_00_mild_normal_humidity_normal_wind,0.0042213157894736815,0.00225,1.764,1.764,0,0.0,,0.0003563901398891962,0.0,0.0,0.0883013,67.59,16.1041,-15.25,505751.3094649315,True,TRAIN,0.05,2.809336077125221e+293,0.0,0,2.88,42,800.0,18.34,1.63,0.959593710237647,V000|H000|L1,-7.676891503696465,1.4182179528532401e-06,ctx=C00|phase=P_UNKNOWN|band=inside_high|hum=normal,-1.7727724411220613e-05,0.0,OK,0.0,0.05,0.0,2019-04-10 12:00:00,21,0.0
balanced,C00,cluster_00_mild_normal_humidity_normal_wind,0.004221052631578946,0.00225,1.764,1.764,0,0.0,,0.0003563457063711908,0.0,0.0,0.088197,67.6349,16.104,-15.25,505752.8684976101,True,TRAIN,0.05,2.8232067471151416e+293,0.0,0,2.88,41.9167,799.2542,18.3575,1.6,0.9595939934740826,V000|H000|L1,-7.6768801579528425,1.2821016017738884e-06,ctx=C00|phase=P_UNKNOWN|band=inside_high|hum=normal,-1.6026270022728717e-05,0.0,OK,0.0,0.05,0.0,2019-04-10 12:05:00,21,0.0
balanced,C00,cluster_00_mild_normal_humidity_normal_wind,0.004220789473684209,0.00225,1.764,1.764,0,0.0,,0.00035630127562326846,0.0,0.0,0.0880675,67.6905,16.1039,-15.25,505754.427444458,True,TRAIN,0.05,2.8371458904030333e+293,0.0,0,2.88,41.8333,798.1285,18.375,1.57,0.9595942767081345,V000|H000|L1,-7.676869901140028,1.1568747495527276e-06,ctx=C00|phase=P_UNKNOWN|band=inside_high|hum=normal,-1.4460934369076028e-05,0.0,OK,0.0,0.05,0.0,2019-04-10 12:10:00,21,0.0
balanced,C00,cluster_00_mild_normal_humidity_normal_wind,0.0042202631578947365,0.00225,1.764,1.764,0,0.0,,0.0003562124224376731,0.0,0.0,0.0879292,67.7489,16.1037,-15.25,505756.0784344673,True,TRAIN,0.05,2.8509760700552046e+293,0.0,0,2.88,41.75,796.624,18.3925,1.54,0.9595948431690878,V000|H000|L1,-7.676860646142032,1.0190078932881264e-06,ctx=C00|phase=P_UNKNOWN|band=inside_high|hum=normal,-1.273759866615709e-05,0.0,OK,0.0,0.05,0.0,2019-04-10 12:15:00,21,0.0
balanced,C00,cluster_00_mild_normal_humidity_normal_wind,0.004219736842105265,0.00225,1.764,1.764,0,0.0,,0.0003561235803324102,0.0,0.0,0.087788,67.8083,16.1035,-15.25,505757.6376311779,True,TRAIN,0.05,2.8648736228566378e+293,0.0,0,2.88,41.6667,794.742,18.41,1.51,0.9595954096205072,V000|H000|L1,-7.676852494078886,8.9217114829232e-07,ctx=C00|phase=P_UNKNOWN|band=inside_high|hum=normal,-1.1152139353542978e-05,0.0,OK,0.0,0.05,0.0,2019-04-10 12:20:00,21,0.0
balanced,C00,cluster_00_mild_normal_humidity_normal_wind,0.004219210526315792,0.00225,1.764,1.764,0,0.0,,0.00035603474930747964,0.0,0.0,0.0876459,67.8682,16.1033,-15.25,505759.19740891457,True,TRAIN,0.05,2.8788388767843334e+293,0.0,0,2.88,41.5833,792.4838,18.4275,1.48,0.9595959760623919,V000|H000|L1,-7.676845356709699,7.754821056416006e-07,ctx=C00|phase=P_UNKNOWN|band=inside_high|hum=normal,-9.693526320520007e-06,0.0,OK,0.0,0.05,0.0,2019-04-10 12:25:00,21,0.0
balanced,C00,cluster_00_mild_normal_humidity_normal_wind,0.004218421052631583,0.00225,1.764,1.764,0,0.0,,0.00035590152354570705,0.0,0.0,0.0875036,67.9283,16.103,-15.25,505760.7585849762,True,TRAIN,0.05,2.8926917065319738e+293,0.0,0,2.88,41.5,789.8511,18.445,1.45,0.9595968257073423,V000|H000|L1,-7.676839152852854,6.45471941118636e-07,ctx=C00|phase=P_UNKNOWN|band=inside_high|hum=normal,-8.068399264482551e-06,0.0,OK,0.0,0.05,0.0,2019-04-10 12:30:00,21,0.0
balanced,C00,cluster_00_mild_normal_humidity_normal_wind,0.004217631578947365,0.00225,1.764,1.764,0,0.0,,0.00035576832271468095,0.0,0.0,0.0873614,67.9888,16.1027,-15.25,505762.4709458351,True,TRAIN,0.05,2.9066110936051653e+293,0.0,0,2.88,41.4167,786.8456,18.4625,1.42,0.9595976753308404,V000|H000|L1,-7.676833989077325,5.258643059891099e-07,ctx=C00|phase=P_UNKNOWN|band=inside_high|hum=normal,-6.573303825252452e-06,0.0,OK,0.0,0.05,0.0,2019-04-10 12:35:00,21,0.0
balanced,C00,cluster_00_mild_normal_humidity_normal_wind,0.004216842105263157,0.00225,1.764,1.764,0,0.0,,0.0003556351468144042,0.0,0.0,0.0872193,68.0496,16.1024,-15.25,505764.1062812805,True,TRAIN,0.05,2.9205973572564322e+293,0.0,0,2.88,41.3333,783.4693,18.48,1.39,0.959598524932886,V000|H000|L1,-7.676829782162877,4.158269979459561e-07,ctx=C00|phase=P_UNKNOWN|band=inside_high|hum=normal,-5.197837473658318e-06,0.0,OK,0.0,0.05,0.0,2019-04-10 12:40:00,21,0.0
balanced,C00,cluster_00_mild_normal_humidity_normal_wind,0.004215789473684212,0.00225,1.764,1.764,0,0.0,,0.00035545761772853206,0.0,0.0,0.0870774,68.1106,16.102,-15.25,505765.665307045,True,TRAIN,0.05,2.9344676430082565e+293,0.0,0,2.88,41.25,779.7243,18.4975,1.36,0.9595996577022428,V000|H000|L1,-7.676826455546894,2.919392895206485e-07,ctx=C00|phase=P_UNKNOWN|band=inside_high|hum=normal,-3.6492411189525953e-06,0.0,OK,0.0,0.05,0.0,2019-04-10 12:45:00,21,0.0
balanced,C00,cluster_00_mild_normal_humidity_normal_wind,0.004214736842105267,0.00225,1.764,1.764,0,0.0,,0.00035528013296398946,0.0,0.0,0.0869357,68.172,16.1016,-15.25,505767.22598171234,True,TRAIN,0.05,2.9484036166836682e+293,0.0,0,2.88,41.1667,775.6129,18.515,1.33,0.9596007904334615,V000|H000|L1,-7.6768241200325775,1.779656488842818e-07,ctx=C00|phase=P_UNKNOWN|band=inside_high|hum=normal,-2.2245706107204555e-06,0.0,OK,0.0,0.05,0.0,2019-04-10 12:50:00,21,0.0
balanced,C00,cluster_00_mild_normal_humidity_normal_wind,0.004213684210526312,0.00225,1.764,1.764,0,0.0,,0.000355102692520775,0.0,0.0,0.0867942,68.2336,16.1012,-15.25,505768.9429528713,True,TRAIN,0.05,2.962405588404752e+293,0.0,0,2.88,41.0833,771.1377,18.5325,1.3,0.9596019231265415,V000|H000|L1,-7.6768226963073865,7.311295058265443e-08,ctx=C00|phase=P_UNKNOWN|band=inside_high|hum=normal,-9.139118818390912e-07,0.0,OK,0.0,0.05,0.0,2019-04-10 12:55:00,21,0.0
balanced,C00,cluster_00_mild_normal_humidity_normal_wind,0.004212631578947367,0.00225,1.764,1.764,0,0.0,,0.0003549252963988918,0.0,0.0,0.086653,68.2954,16.1008,-15.25,505770.57184934616,True,TRAIN,0.05,2.9764738697526357e+293,0.0,0,2.88,41,766.3012,18.55,1.27,0.9596030557814829,V000|H000|L1,-7.676822111403782,2.3348480815421624e-08,ctx=C00|phase=P_UNKNOWN|band=inside_high|hum=normal,2.9185601013725915e-07,0.0,OK,0.0,0.05,0.0,2019-04-10 13:00:00,21,0.0
balanced,C00,cluster_00_mild_normal_humidity_normal_wind,0.004209210526315787,0.00225,1.764,1.764,0,0.0,,0.00035434906509695246,0.0,0.0,0.0863853,68.4368,16.0995,-15.25,505772.1322610378,True,TRAIN,0.05,2.9889269767882846e+293,0.0,0,2.88,41.4167,759.5061,18.3992,1.1983,0.9596067366466434,V000|H000|L1,-7.676822298191628,3.1594981519944554e-07,ctx=C00|phase=P_UNKNOWN|band=inside_high|hum=normal,3.949372689882047e-06,0.0,OK,0.0,0.05,0.0,2019-04-10 13:05:00,21,0.0
balanced,C00,cluster_00_mild_normal_humidity_normal_wind,0.0042052631578947345,0.00225,1.764,1.764,0,0.0,,0.00035368476454293585,0.0,0.0,0.0860748,68.5972,16.098,-15.25,505773.7945702076,True,TRAIN,0.05,3.001054601720673e+293,0.0,0,2.88,41.8333,752.3767,18.2483,1.1267,0.9596109832981644,V000|H000|L1,-7.67682482579015,6.304059516626381e-07,ctx=C00|phase=P_UNKNOWN|band=inside_high|hum=normal,7.880074395671954e-06,0.0,OK,0.0,0.05,0.0,2019-04-10 13:10:00,21,0.0
balanced,C00,cluster_00_mild_normal_humidity_normal_wind,0.0042013157894736815,0.00225,1.764,1.764,0,0.0,,0.0003530210872576173,0.0,0.0,0.0857505,68.7612,16.0965,-15.25,505775.41706204414,True,TRAIN,0.05,3.0132287797279657e+293,0.0,0,2.88,42.25,744.9184,18.0975,1.055,0.9596152294133277,V000|H000|L1,-7.676829869037763,9.196626885588088e-07,ctx=C00|phase=P_UNKNOWN|band=inside_high|hum=normal,1.1495783607262666e-05,0.0,OK,0.0,0.05,0.0,2019-04-10 13:15:00,21,0.0
balanced,C00,cluster_00_mild_normal_humidity_normal_wind,0.004197368421052629,0.00225,1.764,1.764,0,0.0,,0.0003523580332409968,0.0,0.0,0.085423,68.9244,16.095,-15.25,505776.97990608215,True,TRAIN,0.05,3.025449673150289e+293,0.0,0,2.88,42.6667,737.1367,17.9467,0.9833,0.9596194749921189,V000|H000|L1,-7.676837226339272,1.1857359767386555e-06,ctx=C00|phase=P_UNKNOWN|band=inside_high|hum=normal,1.4821699709899328e-05,0.0,OK,0.0,0.05,0.0,2019-04-10 13:20:00,21,0.0
balanced,C00,cluster_00_mild_normal_humidity_normal_wind,0.004193421052631576,0.00225,1.764,1.764,0,0.0,,0.0003516956024930743,0.0,0.0,0.0850969,69.0854,16.0935,-15.25,505778.6028659344,True,TRAIN,0.05,3.037717444787341e+293,0.0,0,2.88,43.0833,729.0373,17.7958,0.9117,0.9596237200345227,V000|H000|L1,-7.676846712227086,1.430480490949293e-06,ctx=C00|phase=P_UNKNOWN|band=inside_high|hum=normal,1.7881006136977184e-05,0.0,OK,0.0,0.05,0.0,2019-04-10 13:25:00,21,0.0
balanced,C00,cluster_00_mild_normal_humidity_normal_wind,0.004189736842105259,0.00225,1.764,1.764,0,0.0,,0.00035107789612188306,0.0,0.0,0.0847735,69.2442,16.0921,-15.25,505780.23234272003,True,TRAIN,0.05,3.0502238428397574e+293,0.0,0,2.88,43.5,720.626,17.645,0.84,0.9596276815901466,V000|H000|L1,-7.676858156071013,1.6329665015746286e-06,ctx=C00|phase=P_UNKNOWN|band=inside_high|hum=normal,2.0412081269904903e-05,0.0,OK,0.0,0.05,0.0,2019-04-10 13:30:00,21,0.0
balanced,C00,cluster_00_mild_normal_humidity_normal_wind,0.004186052631578943,0.00225,1.764,1.764,0,0.0,,0.0003504607326869798,0.0,0.0,0.0844541,69.4002,16.0907,-15.25,505781.7922515869,True,TRAIN,0.05,3.0627793619365788e+293,0.0,0,2.88,43.9167,711.9089,17.4942,0.7683,0.9596316426784928,V000|H000|L1,-7.676871219803026,1.8192162491992292e-06,ctx=C00|phase=P_UNKNOWN|band=inside_high|hum=normal,2.2740203114546276e-05,0.0,OK,0.0,0.05,0.0,2019-04-10 13:35:00,21,0.0
balanced,C00,cluster_00_mild_normal_humidity_normal_wind,0.004182368421052635,0.00225,1.764,1.764,0,0.0,,0.00034984411218836627,0.0,0.0,0.0841404,69.5528,16.0893,-15.25,505783.5089137554,True,TRAIN,0.05,3.0753841806283037e+293,0.0,0,2.88,44.3333,702.892,17.3433,0.6967,0.9596356032995493,V000|H000|L1,-7.676885773533019,1.9905286336996397e-06,ctx=C00|phase=P_UNKNOWN|band=inside_high|hum=normal,2.488160792191163e-05,0.0,OK,0.0,0.05,0.0,2019-04-10 13:40:00,21,0.0
balanced,C00,cluster_00_mild_normal_humidity_normal_wind,0.00417868421052632,0.00225,1.764,1.764,0,0.0,,0.0003492280346260394,0.0,0.0,0.0838332,69.7018,16.0879,-15.25,505785.1396167278,True,TRAIN,0.05,3.0880384780228914e+293,0.0,0,2.88,44.75,693.5816,17.1925,0.625,0.9596395634533046,V000|H000|L1,-7.676901697762089,2.1480986435173932e-06,ctx=C00|phase=P_UNKNOWN|band=inside_high|hum=normal,2.6851233043467815e-05,0.0,OK,0.0,0.05,0.0,2019-04-10 13:45:00,21,0.0
balanced,C00,cluster_00_mild_normal_humidity_normal_wind,0.004175263157894739,0.00225,1.764,1.764,0,0.0,,0.00034865644875346297,0.0,0.0,0.0835345,69.8463,16.0866,-15.25,505786.7482044697,True,TRAIN,0.05,3.1009378792602008e+293,0.0,0,2.88,45.1667,683.9839,17.0417,0.5533,0.9596432403204983,V000|H000|L1,-7.676918882551237,2.2704001274576058e-06,ctx=C00|phase=P_UNKNOWN|band=inside_high|hum=normal,2.838000159366416e-05,0.0,OK,0.0,0.05,0.0,2019-04-10 13:50:00,21,0.0
balanced,C00,cluster_00_mild_normal_humidity_normal_wind,0.004171842105263159,0.00225,1.764,1.764,0,0.0,,0.00034808533102493087,0.0,0.0,0.0832471,69.9849,16.0853,-15.25,505788.31021285057,True,TRAIN,0.05,3.1138890735479325e+293,0.0,0,2.88,45.5833,674.1055,16.8908,0.4817,0.959646916784744,V000|H000|L1,-7.676937045752257,2.38288525700181e-06,ctx=C00|phase=P_UNKNOWN|band=inside_high|hum=normal,2.9786065711912002e-05,0.0,OK,0.0,0.05,0.0,2019-04-10 13:55:00,21,0.0
balanced,C00,cluster_00_mild_normal_humidity_normal_wind,0.004168421052631578,0.00225,1.764,1.764,0,0.0,,0.0003475146814404431,0.0,0.0,0.0829739,70.1164,16.084,-15.25,505789.99772286415,True,TRAIN,0.05,3.12689225633156e+293,0.0,0,2.88,46,663.9528,16.74,0.41,0.9596505928460316,V000|H000|L1,-7.676956108834313,2.486339339413668e-06,ctx=C00|phase=P_UNKNOWN|band=inside_high|hum=normal,3.1079241742504315e-05,0.0,OK,0.0,0.05,0.0,2019-04-10 14:00:00,21,0.0
balanced,C00,cluster_00_mild_normal_humidity_normal_wind,0.004166315789473688,0.00225,1.764,1.764,0,0.0,,0.00034716374515235523,0.0,0.0,0.0830016,70.0805,16.0832,-15.25,505791.7212705612,True,TRAIN,0.05,3.140939582907356e+293,0.0,0,2.88,46,655.9074,16.7092,0.4617,0.9596528548373024,V000|H000|L1,-7.676975999549028,2.4683914938705698e-06,ctx=C00|phase=P_UNKNOWN|band=inside_high|hum=normal,3.0854893673937234e-05,0.0,OK,0.0,0.05,0.0,2019-04-10 14:05:00,21,0.0
balanced,C00,cluster_00_mild_normal_humidity_normal_wind,0.004348947368421052,0.0,1.92588,199.74588,197.82,0.0,,0.0003782668642659278,75.0,0.1875,0.109125,55.5428,16.1526,-15,505793.2825343609,True,TRAIN,0.05,3.29501663623437e+293,0.25,0,2.88,46,647.5372,16.6783,0.5133,0.20001420844001966,V025|H075|L1,-0.2458023868547679,0.013543112806653892,ctx=C00|phase=P_UNKNOWN|band=inside_high|hum=normal,0.16928891008317368,0.0,OK,0.0,0.05,0.875,2019-04-10 14:10:00,22.75,25.0
balanced,C00,cluster_00_mild_normal_humidity_normal_wind,0.004218157894736846,0.00225,1.764,1.764,0,0.0,,0.0003558571204986157,0.0,0.0,0.0924173,66.2174,16.1029,-15.25,505794.9213523865,True,TRAIN,0.05,3.211902503359056e+293,0.875,0,2.88,46,638.8458,16.6475,0.565,0.9595971089175586,V000|H000|L1,-7.676995746680979,2.1887534050746282e-06,ctx=C00|phase=P_UNKNOWN|band=inside_high|hum=normal,-2.735941756382143e-05,0.0,OK,0.0,0.05,0.875,2019-04-10 14:15:00,21.25,0.0
balanced,C00,cluster_00_mild_normal_humidity_normal_wind,0.004177631578947365,0.00225,1.764,1.764,0,0.0,,0.000349052112188365,0.0,0.0,0.0867076,68.8561,16.0875,-15.25,505796.54669189453,True,TRAIN,0.05,3.196949092396846e+293,0.25,0,2.88,46,629.8369,16.6167,0.6167,0.9596406948399735,V000|H000|L1,-7.6769782366537385,1.4732206604639586e-06,ctx=C00|phase=P_UNKNOWN|band=inside_high|hum=normal,1.841525825618806e-05,0.0,OK,0.0,0.05,0.0,2019-04-10 14:20:00,21,0.0
balanced,C00,cluster_00_mild_normal_humidity_normal_wind,0.004164210526315789,0.00225,1.764,1.764,0,0.0,,0.00034681298614958446,0.0,0.0,0.0848503,69.4492,16.0824,-15,505798.2125787735,True,TRAIN,0.05,3.202611971671066e+293,0.0,0,2.88,46,620.5143,16.5858,0.6683,0.959655116675968,V000|H000|L1,-7.676990022419022,2.5091098871943274e-06,ctx=C00|phase=P_UNKNOWN|band=inside_high|hum=normal,3.136387359026216e-05,0.0,OK,0.0,0.05,0.0,2019-04-10 14:25:00,21,0.0
balanced,C00,cluster_00_mild_normal_humidity_normal_wind,0.004158684210526319,0.00225,1.764,1.764,0,0.0,,0.00034589308725761824,0.0,0.0,0.0843443,69.5182,16.0803,-15,505799.77314662933,True,TRAIN,0.05,3.214353600433485e+293,0.0,0,2.88,46,610.8821,16.555,0.72,0.9596610532763812,V000|H000|L1,-7.67701009529812,2.7833091292839285e-06,ctx=C00|phase=P_UNKNOWN|band=inside_high|hum=normal,3.479136411621564e-05,0.0,OK,0.0,0.05,0.0,2019-04-10 14:30:00,21,0.0
balanced,C00,cluster_00_mild_normal_humidity_normal_wind,0.004155789473684211,0.00225,1.764,1.764,0,0.0,,0.0003454117229916898,0.0,0.0,0.0843136,69.4512,16.0792,-15,505801.4301533699,True,TRAIN,0.05,3.22817676506586e+293,0.0,0,2.88,46,600.9443,16.5242,0.7717,0.9596641625045325,V000|H000|L1,-7.677032361771154,2.8093826510700026e-06,ctx=C00|phase=P_UNKNOWN|band=inside_high|hum=normal,3.51172831382085e-05,0.0,OK,0.0,0.05,0.0,2019-04-10 14:35:00,21,0.0
balanced,C00,cluster_00_mild_normal_humidity_normal_wind,0.004153421052631576,0.00225,1.764,1.764,0,0.0,,0.00034501812880886374,0.0,0.0,0.084451,69.3477,16.0783,-15,505803.057836771,True,TRAIN,0.05,3.2424686836657554e+293,0.0,0,2.88,46,590.7054,16.4933,0.8233,0.9596667062038579,V000|H000|L1,-7.677054836832363,2.7881279850427987e-06,ctx=C00|phase=P_UNKNOWN|band=inside_high|hum=normal,3.485159981253538e-05,0.0,OK,0.0,0.05,0.0,2019-04-10 14:40:00,21,0.0
balanced,C00,cluster_00_mild_normal_humidity_normal_wind,0.00415105263157895,0.00225,1.764,1.764,0,0.0,,0.00034462475900277055,0.0,0.0,0.0846492,69.2331,16.0774,-15,505804.6173455715,True,TRAIN,0.05,3.256822817032529e+293,0.0,0,2.88,46,580.1697,16.4625,0.875,0.9596692497100248,V000|H000|L1,-7.677077141856243,2.7685582395520214e-06,ctx=C00|phase=P_UNKNOWN|band=inside_high|hum=normal,3.460697799440027e-05,0.0,OK,0.0,0.05,0.0,2019-04-10 14:45:00,21,0.0
balanced,C00,cluster_00_mild_normal_humidity_normal_wind,0.00414894736842105,0.00225,1.764,1.764,0,0.0,,0.00034427528531855915,0.0,0.0,0.0848702,69.1142,16.0766,-15,505806.2300622463,True,TRAIN,0.05,3.2714469301382944e+293,0.0,0,2.88,46,569.3419,16.4317,0.9267,0.9596715104422354,V000|H000|L1,-7.677099290322159,2.7279321572759585e-06,ctx=C00|phase=P_UNKNOWN|band=inside_high|hum=normal,3.409915196550539e-05,0.0,OK,0.0,0.05,0.0,2019-04-10 14:50:00,21,0.0
balanced,C00,cluster_00_mild_normal_humidity_normal_wind,0.004146578947368424,0.00225,1.764,1.764,0,0.0,,0.0003438823393351806,0.0,0.0,0.0851001,68.993,16.0757,-15,505807.9357495308,True,TRAIN,0.05,3.285927326181664e+293,0.0,0,2.88,46,558.2268,16.4008,0.9783,0.959674053583539,V000|H000|L1,-7.6771211137794175,2.713148888888739e-06,ctx=C00|phase=P_UNKNOWN|band=inside_high|hum=normal,3.391436111177537e-05,0.0,OK,0.0,0.05,0.0,2019-04-10 14:55:00,21,0.0
balanced,C00,cluster_00_mild_normal_humidity_normal_wind,0.004144210526315789,0.00225,1.764,1.764,0,0.0,,0.00034348961772853184,0.0,0.0,0.0853345,68.8699,16.0748,-15,505809.4971244335,True,TRAIN,0.05,3.3004707400122064e+293,0.0,0,2.88,46,546.8292,16.37,1.03,0.9596765965316751,V000|H000|L1,-7.677142818970529,2.6995328287204856e-06,ctx=C00|phase=P_UNKNOWN|band=inside_high|hum=normal,3.374416035906158e-05,0.0,OK,0.0,0.05,0.0,2019-04-10 15:00:00,21.25,0.0
balanced,C00,cluster_00_mild_normal_humidity_normal_wind,0.004140789473684209,0.00225,1.764,1.764,0,0.0,,0.000342922749307479,0.0,0.0,0.0855889,68.761,16.0735,-15,505811.20669198036,True,TRAIN,0.05,3.314234926947073e+293,0.0,0,2.88,46.5,532.4651,16.2583,1.0875,0.959680269337952,V000|H000|L1,-7.677164415233158,2.7773947045561798e-06,ctx=C00|phase=P_UNKNOWN|band=inside_high|hum=normal,3.47174338072298e-05,0.0,OK,0.0,0.05,0.0,2019-04-10 15:05:00,21.25,0.0
balanced,C00,cluster_00_mild_normal_humidity_normal_wind,0.0041371052631578925,0.00225,1.764,1.764,0,0.0,,0.00034231279916897465,0.0,0.0,0.0858513,68.6565,16.0721,-15,505812.87680339813,True,TRAIN,0.05,3.327842562629018e+293,0.0,0,2.88,47,517.9525,16.1467,1.145,0.9596842242170462,V000|H000|L1,-7.677186634390795,2.8715934557999034e-06,ctx=C00|phase=P_UNKNOWN|band=inside_high|hum=normal,3.589491819688817e-05,0.0,OK,0.0,0.05,0.0,2019-04-10 15:10:00,21.25,0.0
balanced,C00,cluster_00_mild_normal_humidity_normal_wind,0.0041331578947368395,0.00225,1.764,1.764,0,0.0,,0.00034165988365650926,0.0,0.0,0.0861174,68.5537,16.0706,-15,505814.5288865566,True,TRAIN,0.05,3.34129067903407e+293,0.0,0,2.88,47.5,503.3006,16.035,1.2025,0.9596884610687791,V000|H000|L1,-7.677209607138441,2.98081411786999e-06,ctx=C00|phase=P_UNKNOWN|band=inside_high|hum=normal,3.7260176473985496e-05,0.0,OK,0.0,0.05,0.0,2019-04-10 15:15:00,21.25,0.0
balanced,C00,cluster_00_mild_normal_humidity_normal_wind,0.004117368421052628,0.0,12.124,12.124,0,0.0,,0.0003390544542936282,0.0,0.0,0.190325,54.2267,16.0646,-14.75,505816.0922241211,True,TRAIN,0.05,3.3451689248687045e+293,0.25,0,2.88,48,488.5186,15.9233,1.26,0.8019655065444888,V100|H000|L1,-6.417036834850967,1.3127824950553979e-05,ctx=C00|phase=P_UNKNOWN|band=inside_high|hum=normal,-0.00016409781188209127,0.0,OK,0.0,0.05,2.0,2019-04-10 15:20:00,23.5,100.0
balanced,C00,cluster_00_mild_normal_humidity_normal_wind,0.0040928947368421035,0.0,12.124,12.124,0,0.0,,0.0003350357465373958,0.0,0.0,0.226974,50.7821,16.0553,-14.5,505817.82123184204,True,TRAIN,0.05,3.341911629165626e+293,0.25,1,2.88,48.5,473.6154,15.8117,1.3175,0.8019838318073231,V100|H000|L1,-6.416931812251363,1.0611577927810423e-05,ctx=C00|phase=P_UNKNOWN|band=inside_high|hum=normal,-0.0001326447240972417,0.0,OK,0.0,0.05,0.0,2019-04-10 15:25:00,24.25,100.0
balanced,C00,cluster_00_mild_normal_humidity_normal_wind,0.004065789473684215,0.0,12.124,12.124,0,0.0,,0.0003306128808864273,0.0,0.0,0.239977,50.0568,16.045,-14.5,505819.56857156754,True,TRAIN,0.05,3.336378662892178e+293,0.0,1,2.88,49,458.6003,15.7,1.375,0.8020041105209984,V100|H000|L1,-6.4168469196279405,8.140354599506239e-06,ctx=C00|phase=P_UNKNOWN|band=inside_high|hum=normal,-0.00010175443249416105,0.0,OK,0.0,0.05,0.0,2019-04-10 15:30:00,24.5,100.0
balanced,C00,cluster_00_mild_normal_humidity_normal_wind,0.004037631578947373,0.0,12.124,12.124,0,0.0,,0.00032604937534626115,0.0,0.0,0.244705,50.0086,16.0343,-14.5,505821.1424424648,True,TRAIN,0.05,3.3298387128723924e+293,0.0,1,2.88,49.5,443.4822,15.5883,1.4325,0.802025157824622,V100|H000|L1,-6.4167817967911445,5.805341941722553e-06,ctx=C00|phase=P_UNKNOWN|band=inside_high|hum=normal,-7.256677427103231e-05,0.0,OK,0.0,0.05,0.0,2019-04-10 15:35:00,24.5,100.0
balanced,C00,cluster_00_mild_normal_humidity_normal_wind,0.004009210526315785,0.0,12.124,12.124,0,0.0,,0.00032147538088642596,0.0,0.0,0.246538,50.1268,16.0235,-14.5,505822.8170044422,True,TRAIN,0.05,3.3229318421797456e+293,0.0,1,2.88,50,428.2704,15.4767,1.49,0.8020463822640258,V100|H000|L1,-6.416735354055611,3.642959434002613e-06,ctx=C00|phase=P_UNKNOWN|band=inside_high|hum=normal,-4.553699292553226e-05,0.0,OK,0.0,0.05,0.0,2019-04-10 15:40:00,24.5,100.0
balanced,C00,cluster_00_mild_normal_humidity_normal_wind,0.003980526315789472,0.0,12.124,12.124,0,0.0,,0.00031689179501385,0.0,0.0,0.247357,50.2832,16.0126,-14.5,505824.52872276306,True,TRAIN,0.05,3.3156534545477454e+293,0.0,1,2.88,50.5,412.9739,15.365,1.5475,0.8020677832898705,V100|H000|L1,-6.416706210380139,1.6394406117115068e-06,ctx=C00|phase=P_UNKNOWN|band=inside_high|hum=normal,-2.0493007646837924e-05,0.0,OK,0.0,0.05,0.0,2019-04-10 15:45:00,24.5,100.0
balanced,C00,cluster_00_mild_normal_humidity_normal_wind,0.003951842105263157,0.0,12.124,12.124,0,0.0,,0.0003123411204986148,0.0,0.0,0.247822,50.4459,16.0017,-14.5,505826.1066353321,True,TRAIN,0.05,3.3082192097433704e+293,0.0,1,2.88,51,397.6017,15.2533,1.605,0.8020891642844096,V100|H000|L1,-6.416693094855245,2.02194200271677e-07,ctx=C00|phase=P_UNKNOWN|band=inside_high|hum=normal,2.527427503951074e-06,0.0,OK,0.0,0.05,0.0,2019-04-10 15:50:00,24.5,100.0
balanced,C00,cluster_00_mild_normal_humidity_normal_wind,0.003922894736842107,0.0,12.124,12.124,0,0.0,,0.00030778206232687,0.0,0.0,0.248163,50.6071,15.9907,-14.5,505827.8411376476,True,TRAIN,0.05,3.3004063313872725e+293,0.0,1,2.88,51.5,382.163,15.1417,1.6625,0.8021107211237021,V100|H000|L1,-6.416694712408847,1.9105658076723486e-06,ctx=C00|phase=P_UNKNOWN|band=inside_high|hum=normal,2.3882072596181914e-05,0.0,OK,0.0,0.05,0.0,2019-04-10 15:55:00,24.5,100.0
balanced,C00,cluster_00_mild_normal_humidity_normal_wind,0.003893947368421051,0.0,12.124,12.124,0,0.0,,0.00030325652216066454,0.0,0.0,0.248461,50.7646,15.9797,-14.5,505829.4879090786,True,TRAIN,0.05,3.2924326187673646e+293,0.0,1,2.88,52,366.6667,15.03,1.72,0.8021322575557159,V100|H000|L1,-6.4167099969353085,3.4806351041360983e-06,ctx=C00|phase=P_UNKNOWN|band=inside_high|hum=normal,4.350793880236736e-05,0.0,OK,0.0,0.05,0.0,2019-04-10 16:00:00,24.5,100.0
balanced,C00,cluster_00_mild_normal_humidity_normal_wind,0.003843421052631578,0.0,12.124,12.124,0,0.0,,0.00029543770775623254,0.0,0.0,0.248521,51.0782,15.9605,-14.5,505831.1270515919,True,TRAIN,0.05,3.265959876264301e+293,0.0,1,2.88,53.1667,352.1907,14.7817,1.7058,0.8021697995122418,V100|H000|L1,-6.416737842016142,6.205540817871835e-06,ctx=C00|phase=P_UNKNOWN|band=inside_high|hum=normal,7.756926022406407e-05,0.0,OK,0.0,0.05,0.0,2019-04-10 16:05:00,24.5,100.0
balanced,C00,cluster_00_mild_normal_humidity_normal_wind,0.003786578947368422,0.0,12.124,12.124,0,0.0,,0.00028676360249307495,0.0,0.0,0.248499,51.4196,15.9389,-14.25,505832.70285105705,True,TRAIN,0.05,3.233746398005127e+293,0.0,1,2.88,54.3333,337.5895,14.5333,1.6917,0.80221195986244,V100|H000|L1,-6.416787486342685,9.081925568366067e-06,ctx=C00|phase=P_UNKNOWN|band=inside_high|hum=normal,0.0001135240696044093,0.0,OK,0.0,0.05,0.0,2019-04-10 16:10:00,24.25,100.0
balanced,C00,cluster_00_mild_normal_humidity_normal_wind,0.0037276315789473665,0.0,12.124,12.124,0,0.0,,0.0002779047437673127,0.0,0.0,0.248447,51.7534,15.9165,-14.25,505834.39321804047,True,TRAIN,0.05,3.1993222472987204e+293,0.0,1,2.88,55.5,322.8707,14.285,1.6775,0.8022555985287424,V100|H000|L1,-6.4168601417472315,1.1846464827103276e-05,ctx=C00|phase=P_UNKNOWN|band=inside_high|hum=normal,0.00014808081033845788,0.0,OK,0.0,0.05,0.0,2019-04-10 16:15:00,24.25,100.0
balanced,C00,cluster_00_mild_normal_humidity_normal_wind,0.0036681578947368437,0.0,12.124,12.124,0,0.0,,0.00026910764681440465,0.0,0.0,0.248384,52.0697,15.8939,-14.25,505836.0320696831,True,TRAIN,0.05,3.1640190306475386e+293,0.0,1,2.88,56.6667,308.0418,14.0367,1.6633,0.8022995409691421,V100|H000|L1,-6.416954913465848,1.4414142872842817e-05,ctx=C00|phase=P_UNKNOWN|band=inside_high|hum=normal,0.00018017678591109032,0.0,OK,0.0,0.05,0.0,2019-04-10 16:20:00,24.25,100.0
balanced,C00,cluster_00_mild_normal_humidity_normal_wind,0.0036086842105263156,0.0,12.124,12.124,0,0.0,,0.00026045203462603874,0.0,0.0,0.248319,52.3656,15.8713,-14.25,505837.770329237,True,TRAIN,0.05,3.128282798773658e+293,0.0,1,2.88,57.8333,293.1101,13.7883,1.6492,0.8023433971420537,V100|H000|L1,-6.417070226608831,1.6769505275959773e-05,ctx=C00|phase=P_UNKNOWN|band=inside_high|hum=normal,0.00020961881594983023,0.0,OK,0.0,0.05,0.0,2019-04-10 16:25:00,24.25,100.0
balanced,C00,cluster_00_mild_normal_humidity_normal_wind,0.003548947368421051,0.0,12.124,12.124,0,0.0,,0.0002519005484764541,0.0,0.0,0.248252,52.6413,15.8486,-14.25,505839.3481786251,True,TRAIN,0.05,3.09188083813774e+293,0.0,1,2.88,59,278.0833,13.54,1.635,0.8023873604986027,V100|H000|L1,-6.417204382651039,1.894501337784682e-05,ctx=C00|phase=P_UNKNOWN|band=inside_high|hum=normal,0.0002368126672228632,0.0,OK,0.0,0.05,0.0,2019-04-10 16:30:00,24.25,100.0
balanced,C00,cluster_00_mild_normal_humidity_normal_wind,0.003489473684210528,0.0,12.124,12.124,0,0.0,,0.00024352853185595589,0.0,0.0,0.248184,52.8968,15.826,-14.25,505841.08284020424,True,TRAIN,0.05,3.055267063122869e+293,0.0,1,2.88,60.1667,262.9689,13.2917,1.6208,0.802431043667302,V100|H000|L1,-6.4173559427580615,2.092406580356254e-05,ctx=C00|phase=P_UNKNOWN|band=inside_high|hum=normal,0.0002615508225443097,0.0,OK,0.0,0.05,0.0,2019-04-10 16:35:00,24.25,100.0
balanced,C00,cluster_00_mild_normal_humidity_normal_wind,0.003429736842105263,0.0,12.124,12.124,0,0.0,,0.00023526189612188368,0.0,0.0,0.248117,53.1321,15.8033,-14.25,505842.79448890686,True,TRAIN,0.05,3.0179782889780335e+293,0.0,1,2.88,61.3333,247.7746,13.0433,1.6067,0.802474833195608,V100|H000|L1,-6.41752333528449,2.2753302803768527e-05,ctx=C00|phase=P_UNKNOWN|band=inside_high|hum=normal,0.000284416285046718,0.0,OK,0.0,0.05,0.0,2019-04-10 16:40:00,24.25,100.0
balanced,C00,cluster_00_mild_normal_humidity_normal_wind,0.0033702631578947356,0.0,12.124,12.124,0,0.0,,0.00022717347506925187,0.0,0.0,0.248049,53.3483,15.7807,-14.25,505844.3700699806,True,TRAIN,0.05,2.9804729675958232e+293,0.0,1,2.88,62.5,232.5079,12.795,1.5925,0.8025183432436656,V100|H000|L1,-6.41770536170692,2.4413842424020338e-05,ctx=C00|phase=P_UNKNOWN|band=inside_high|hum=normal,0.0003051730303005318,0.0,OK,0.0,0.05,0.0,2019-04-10 16:45:00,24.25,100.0
balanced,C00,cluster_00_mild_normal_humidity_normal_wind,0.0033107894736842123,0.0,12.124,12.124,0,0.0,,0.00021922653878116364,0.0,0.0,0.247981,53.5455,15.7581,-14.25,505845.9456088543,True,TRAIN,0.05,2.94251714354257e+293,0.0,1,2.88,63.6667,217.1764,12.5467,1.5783,0.802561766879084,V100|H000|L1,-6.417900672446312,2.5934625863643923e-05,ctx=C00|phase=P_UNKNOWN|band=inside_high|hum=normal,0.0003241828232949384,0.0,OK,0.0,0.05,0.0,2019-04-10 16:50:00,24.25,100.0
balanced,C00,cluster_00_mild_normal_humidity_normal_wind,0.003775263157894736,0.0,1.92588,133.80588,131.88,0.0,,0.00028505223822714666,50.0,0.125,0.169959,53.213,15.9346,-14.25,505847.6000163555,True,TRAIN,0.05,3.372102193463793e+293,0.25,1,2.88,64.8333,201.7878,12.2983,1.5642,0.2717259934136536,V025|H050|L1,-0.17391293008133057,0.019998950172278984,ctx=C00|phase=P_UNKNOWN|band=inside_high|hum=normal,0.24998687715348727,0.0,OK,0.0,0.05,1.0625,2019-04-10 16:55:00,23.75,25.0
balanced,C00,cluster_00_mild_normal_humidity_normal_wind,0.003348947368421054,0.0,12.124,12.124,0,0.0,,0.00022430896952908608,0.0,0.0,0.220562,53.6021,15.7726,-14.25,505849.1701757908,True,TRAIN,0.05,3.006269299915681e+293,1.0625,1,2.88,66,186.3497,12.05,1.55,0.8025339165188806,V100|H000|L1,-6.4181081494532215,2.1631826978230073e-05,ctx=C00|phase=P_UNKNOWN|band=inside_high|hum=normal,0.0002703978372279314,0.0,OK,0.0,0.05,1.0625,2019-04-10 17:00:00,24,100.0
balanced,C00,cluster_00_mild_normal_humidity_normal_wind,0.003212368421052634,0.0,12.124,12.124,0,0.0,,0.00020638621745152383,0.0,0.0,0.238183,53.7182,15.7207,-14.25,505850.7453739643,True,TRAIN,0.05,2.8980840005336385e+293,0.25,1,2.88,66,170.6057,12.005,1.5208,0.8026334373294632,V100|H000|L1,-6.418281204069047,2.78629456665902e-05,ctx=C00|phase=P_UNKNOWN|band=inside_high|hum=normal,0.000348286820832322,0.0,OK,0.0,0.05,0.0,2019-04-10 17:05:00,24.25,100.0
balanced,C00,cluster_00_mild_normal_humidity_normal_wind,0.0031623684210526333,0.0,12.124,12.124,0,0.0,,0.0002000114806094185,0.0,0.0,0.24426,53.6808,15.7017,-14.25,505852.32073163986,True,TRAIN,0.05,2.8672406661411307e+293,0.0,1,2.88,66,154.8746,11.96,1.4917,0.802669756730328,V100|H000|L1,-6.41850410763438,2.8539462082477485e-05,ctx=C00|phase=P_UNKNOWN|band=inside_high|hum=normal,0.00035674327603052447,0.0,OK,0.0,0.05,0.0,2019-04-10 17:10:00,24.25,100.0
balanced,C00,cluster_00_mild_normal_humidity_normal_wind,0.0031386842105263165,0.0,12.124,12.124,0,0.0,,0.00019702677146814414,0.0,0.0,0.246297,53.5797,15.6927,-14.25,505853.90109181404,True,TRAIN,0.05,2.8599956163926583e+293,0.0,1,2.88,66,139.1644,11.915,1.4625,0.8026869393160613,V100|H000|L1,-6.41873242333104,2.763091197455214e-05,ctx=C00|phase=P_UNKNOWN|band=inside_high|hum=normal,0.00034538639968129115,0.0,OK,0.0,0.05,0.0,2019-04-10 17:15:00,24.25,100.0
balanced,C00,cluster_00_mild_normal_humidity_normal_wind,0.0031228947368421058,0.0,12.124,12.124,0,0.0,,0.00019504943074792245,0.0,0.0,0.24692,53.4551,15.6867,-14,505855.52496385574,True,TRAIN,0.05,2.859836154911573e+293,0.0,1,2.88,66,123.4831,11.87,1.4333,0.8026983867501678,V100|H000|L1,-6.418953470626836,2.6336233745039017e-05,ctx=C00|phase=P_UNKNOWN|band=inside_high|hum=normal,0.00032920292181326527,0.0,OK,0.0,0.05,0.0,2019-04-10 17:20:00,24.25,100.0
balanced,C00,cluster_00_mild_normal_humidity_normal_wind,0.003109210526315789,0.0,12.124,12.124,0,0.0,,0.00019334380193905814,0.0,0.0,0.247048,53.3225,15.6815,-14,505857.1051607132,True,TRAIN,0.05,2.8615411638267145e+293,0.0,1,2.88,66,107.8386,11.825,1.4042,0.8027083029262803,V100|H000|L1,-6.419164160496797,2.5022629134507923e-05,ctx=C00|phase=P_UNKNOWN|band=inside_high|hum=normal,0.0003127828641806829,0.0,OK,0.0,0.05,0.0,2019-04-10 17:25:00,24.25,100.0
balanced,C00,cluster_00_mild_normal_humidity_normal_wind,0.003096578947368422,0.0,12.124,12.124,0,0.0,,0.00019177602354570646,0.0,0.0,0.247003,53.1876,15.6767,-14,505858.6812939644,True,TRAIN,0.05,2.8641653532901146e+293,0.0,1,2.88,66,92.2385,11.78,1.375,0.8027174522532704,V100|H000|L1,-6.419364341529873,2.375276496291434e-05,ctx=C00|phase=P_UNKNOWN|band=inside_high|hum=normal,0.00029690956203631824,0.0,OK,0.0,0.05,0.0,2019-04-10 17:30:00,24.5,100.0
balanced,C00,cluster_00_mild_normal_humidity_normal_wind,0.003083947368421055,0.0,12.124,12.124,0,0.0,,0.000190214627423823,0.0,0.0,0.246898,53.0519,15.6719,-14,505860.333776474,True,TRAIN,0.05,2.8667442461190534e+293,0.0,1,2.88,66,76.6907,11.735,1.3458,0.8027265976762881,V100|H000|L1,-6.419554363649576,2.2584177607254396e-05,ctx=C00|phase=P_UNKNOWN|band=inside_high|hum=normal,0.00028230222009106853,0.0,OK,0.0,0.05,0.0,2019-04-10 17:35:00,24.5,100.0
balanced,C00,cluster_00_mild_normal_humidity_normal_wind,0.0030715789473684195,0.0,12.124,12.124,0,0.0,,0.00018869194459833775,0.0,0.0,0.246772,52.9163,15.6672,-14,505862.0363898277,True,TRAIN,0.05,2.869523170484261e+293,0.0,1,2.88,66,61.2027,11.69,1.3167,0.8027355487865754,V100|H000|L1,-6.419735037070434,2.14935322216947e-05,ctx=C00|phase=P_UNKNOWN|band=inside_high|hum=normal,0.00026866915277112824,0.0,OK,0.0,0.05,0.0,2019-04-10 17:40:00,24.5,100.0
balanced,C00,cluster_00_mild_normal_humidity_normal_wind,0.003059210526315789,0.0,12.124,12.124,0,0.0,,0.0001871753808864265,0.0,0.0,0.246639,52.7809,15.6625,-14,505863.79483294487,True,TRAIN,0.05,2.8722582154869716e+293,0.0,1,2.88,66,45.7822,11.645,1.2875,0.8027444961533413,V100|H000|L1,-6.419906985328208,2.048983898528256e-05,ctx=C00|phase=P_UNKNOWN|band=inside_high|hum=normal,0.00025612298731536587,0.0,OK,0.0,0.05,0.0,2019-04-10 17:45:00,24.5,100.0
balanced,C00,cluster_00_mild_normal_humidity_normal_wind,0.003046842105263158,0.0,12.124,12.124,0,0.0,,0.00018566493628808863,0.0,0.0,0.246503,52.6457,15.6578,-14,505865.37247276306,True,TRAIN,0.05,2.8749488728604477e+293,0.0,1,2.88,66,30.4366,11.6,1.2583,0.8027534397763292,V100|H000|L1,-6.42007090404009,1.9566141705396056e-05,ctx=C00|phase=P_UNKNOWN|band=inside_high|hum=normal,0.0002445767713179503,0.0,OK,0.0,0.05,0.0,2019-04-10 17:50:00,24.5,100.0
balanced,C00,cluster_00_mild_normal_humidity_normal_wind,0.003034473684210527,0.0,12.124,12.124,0,0.0,,0.00018416061080332418,0.0,0.0,0.246367,52.5107,15.6531,-14,505867.0283768177,True,TRAIN,0.05,2.877594630352271e+293,0.0,1,2.88,66,15.1735,11.555,1.2292,0.8027623796552819,V100|H000|L1,-6.420227433173733,1.871604068526267e-05,ctx=C00|phase=P_UNKNOWN|band=inside_high|hum=normal,0.00023395050856522825,0.0,OK,0.0,0.05,0.0,2019-04-10 17:55:00,24.5,100.0
balanced,C00,cluster_00_mild_normal_humidity_normal_wind,0.0030221052631578963,0.0,12.124,12.124,0,0.0,,0.00018266240443213315,0.0,0.0,0.24623,52.3761,15.6484,-14,505868.77706575394,True,TRAIN,0.05,2.880194971697191e+293,0.0,1,2.88,66,0.0,11.51,1.2,0.8027713157899423,V100|H000|L1,-6.420377161499215,1.793364820323884e-05,ctx=C00|phase=P_UNKNOWN|band=inside_high|hum=normal,0.00022417060254042998,0.0,OK,0.0,0.05,0.0,2019-04-10 18:00:00,24.5,100.0
balanced,C00,cluster_00_mild_normal_humidity_normal_wind,0.003015789473684213,0.0,12.124,12.124,0,0.0,,0.00018189972299169002,0.0,0.0,0.246096,52.3937,15.646,-14,505870.35389852524,True,TRAIN,0.05,2.8885466342326773e+293,0.0,1,2.88,66.1667,0.0,11.49,1.1717,0.8027758774782979,V100|H000|L1,-6.420520630684841,1.6863891415419552e-05,ctx=C00|phase=P_UNKNOWN|band=inside_high|hum=normal,0.0002107986426927999,0.0,OK,0.0,0.05,0.0,2019-04-10 18:05:00,24.5,100.0
balanced,C00,cluster_00_mild_normal_humidity_normal_wind,0.003011315789473683,0.0,12.124,12.124,0,0.0,,0.0001813604556786702,0.0,0.0,0.245963,52.4475,15.6443,-14,505872.0714044571,True,TRAIN,0.05,2.898683013193901e+293,0.0,1,2.88,66.3333,0.0,11.47,1.1433,0.8027791080834439,V100|H000|L1,-6.420655541816164,1.5773228513871196e-05,ctx=C00|phase=P_UNKNOWN|band=inside_high|hum=normal,0.00019716535642333444,0.0,OK,0.0,0.05,0.0,2019-04-10 18:10:00,24.5,100.0
balanced,C00,cluster_00_mild_normal_humidity_normal_wind,0.00300736842105263,0.0,12.124,12.124,0,0.0,,0.00018088529639889175,0.0,0.0,0.245831,52.5096,15.6428,-14,505873.73508167267,True,TRAIN,0.05,2.9093577053354707e+293,0.0,1,2.88,66.5,0.0,11.45,1.115,0.8027819582105404,V100|H000|L1,-6.420781727644275,1.4739380400530244e-05,ctx=C00|phase=P_UNKNOWN|band=inside_high|hum=normal,0.00018424225500601743,0.0,OK,0.0,0.05,0.0,2019-04-10 18:15:00,24.5,100.0
balanced,C00,cluster_00_mild_normal_humidity_normal_wind,0.003003421052631577,0.0,12.124,12.124,0,0.0,,0.0001804107603878114,0.0,0.0,0.2457,52.5735,15.6413,-14,505875.31255340576,True,TRAIN,0.05,2.920066677323126e+293,0.0,1,2.88,66.6667,0.0,11.43,1.0867,0.8027848079562009,V100|H000|L1,-6.42089964268748,1.3788209621279357e-05,ctx=C00|phase=P_UNKNOWN|band=inside_high|hum=normal,0.00017235262026593645,0.0,OK,0.0,0.05,0.0,2019-04-10 18:20:00,24.5,100.0
balanced,C00,cluster_00_mild_normal_humidity_normal_wind,0.002999736842105265,0.0,12.124,12.124,0,0.0,,0.00017996842243767338,0.0,0.0,0.245569,52.6375,15.6399,-14,505877.0213689804,True,TRAIN,0.05,2.9310671387961436e+293,0.0,1,2.88,66.8333,0.0,11.41,1.0583,0.8027874673746697,V100|H000|L1,-6.42100994836445,1.2897906329079056e-05,ctx=C00|phase=P_UNKNOWN|band=inside_high|hum=normal,0.0001612238291134327,0.0,OK,0.0,0.05,0.0,2019-04-10 18:25:00,24.5,100.0
balanced,C00,cluster_00_mild_normal_humidity_normal_wind,0.0029960526315789488,0.0,12.124,12.124,0,0.0,,0.0001795266274238229,0.0,0.0,0.245438,52.7014,15.6385,-14,505878.72727680206,True,TRAIN,0.05,2.942104603216953e+293,0.0,1,2.88,67,0.0,11.39,1.03,0.8027901264608515,V100|H000|L1,-6.4211131316150825,1.2078800717296723e-05,ctx=C00|phase=P_UNKNOWN|band=inside_high|hum=normal,0.00015098500896615352,0.0,OK,0.0,0.05,0.0,2019-04-10 18:30:00,24.5,100.0
balanced,C00,cluster_00_mild_normal_humidity_normal_wind,0.0029923684210526325,0.0,12.124,12.124,0,0.0,,0.00017908537534626047,0.0,0.0,0.245308,52.7651,15.6371,-14,505880.4161980152,True,TRAIN,0.05,2.953179165603502e+293,0.0,1,2.88,67.1667,0.0,11.37,1.0017,0.8027927852147391,V100|H000|L1,-6.421209762020821,1.1325196970890516e-05,ctx=C00|phase=P_UNKNOWN|band=inside_high|hum=normal,0.00014156496213646452,0.0,OK,0.0,0.05,0.0,2019-04-10 18:35:00,24.5,100.0
balanced,C00,cluster_00_mild_normal_humidity_normal_wind,0.0029886842105263157,0.0,12.124,12.124,0,0.0,,0.00017864466620498613,0.0,0.0,0.245178,52.8285,15.6357,-14,505881.99452638626,True,TRAIN,0.05,2.964290920998835e+293,0.0,1,2.88,67.3333,0.0,11.35,0.9733,0.8027954436363259,V100|H000|L1,-6.421300363596588,1.0631854940212904e-05,ctx=C00|phase=P_UNKNOWN|band=inside_high|hum=normal,0.00013289818675243925,0.0,OK,0.0,0.05,0.0,2019-04-10 18:40:00,24.5,100.0
balanced,C00,cluster_00_mild_normal_humidity_normal_wind,0.0029849999999999994,0.0,12.124,12.124,0,0.0,,0.0001782044999999999,0.0,0.0,0.245049,52.8917,15.6343,-14,505883.65574121475,True,TRAIN,0.05,2.9754399644689815e+293,0.0,1,2.88,67.5,0.0,11.33,0.945,0.8027981017256053,V100|H000|L1,-6.42138541843611,9.993953687281731e-06,ctx=C00|phase=P_UNKNOWN|band=inside_high|hum=normal,0.00012492442109157675,0.0,OK,0.0,0.05,0.0,2019-04-10 18:45:00,24.5,100.0
balanced,C00,cluster_00_mild_normal_humidity_normal_wind,0.0029813157894736826,0.0,12.124,12.124,0,0.0,,0.00017776487673130178,0.0,0.0,0.244921,52.9546,15.6329,-14,505885.36638331413,True,TRAIN,0.05,2.986626391100804e+293,0.0,1,2.88,67.6667,0.0,11.31,0.9167,0.8028007594825702,V100|H000|L1,-6.421465370065608,9.407057949495368e-06,ctx=C00|phase=P_UNKNOWN|band=inside_high|hum=normal,0.00011758822436924721,0.0,OK,0.0,0.05,0.0,2019-04-10 18:50:00,24.5,100.0
balanced,C00,cluster_00_mild_normal_humidity_normal_wind,0.0029776315789473706,0.0,12.124,12.124,0,0.0,,0.00017732579639889224,0.0,0.0,0.244792,53.0172,15.6315,-14,505887.04240107536,True,TRAIN,0.05,2.997850295999838e+293,0.0,1,2.88,67.8333,0.0,11.29,0.8883,0.8028034169072141,V100|H000|L1,-6.421540626529204,8.867087285091557e-06,ctx=C00|phase=P_UNKNOWN|band=inside_high|hum=normal,0.00011083859106364446,0.0,OK,0.0,0.05,0.0,2019-04-10 18:55:00,24.5,100.0
balanced,C00,cluster_00_mild_normal_humidity_normal_wind,0.0029739473684210543,0.0,12.124,12.124,0,0.0,,0.00017688725900277027,0.0,0.0,0.244665,53.0797,15.6301,-14,505888.620146513,True,TRAIN,0.05,3.0091117742880806e+293,0.0,1,2.88,68,0.0,11.27,0.86,0.8028060739995301,V100|H000|L1,-6.421611563227485,8.37028768752024e-06,ctx=C00|phase=P_UNKNOWN|band=inside_high|hum=normal,0.00010462859609450259,0.0,OK,0.0,0.05,0.0,2019-04-10 19:00:00,24.5,100.0
balanced,C00,cluster_00_mild_normal_humidity_normal_wind,0.002959210526315788,0.0,12.124,12.124,0,0.0,,0.00017513853878116324,0.0,0.0,0.244598,53.1192,15.6245,-14,505890.2737734318,True,TRAIN,0.05,3.0091716849286586e+293,0.0,1,2.88,68.4167,0.0,11.1817,0.8525,0.8028166990453792,V100|H000|L1,-6.421678525528985,8.55066834049012e-06,ctx=C00|phase=P_UNKNOWN|band=inside_high|hum=normal,0.0001068833542561265,0.0,OK,0.0,0.05,0.0,2019-04-10 19:05:00,24.5,100.0
balanced,C00,cluster_00_mild_normal_humidity_normal_wind,0.0029410526315789462,0.0,12.124,12.124,0,0.0,,0.00017299581163434887,0.0,0.0,0.244553,53.1543,15.6176,-14,505892.01497864723,True,TRAIN,0.05,3.0056607616288573e+293,0.0,1,2.88,68.8333,0.0,11.0933,0.845,0.8028297833068765,V100|H000|L1,-6.421746930875709,8.91335579300545e-06,ctx=C00|phase=P_UNKNOWN|band=inside_high|hum=normal,0.0001114169474129012,0.0,OK,0.0,0.05,0.0,2019-04-10 19:10:00,24.5,100.0
balanced,C00,cluster_00_mild_normal_humidity_normal_wind,0.0029218421052631593,0.0,12.124,12.124,0,0.0,,0.000170743225761773,0.0,0.0,0.244516,53.188,15.6103,-14,505893.59193086624,True,TRAIN,0.05,3.000958365564339e+293,0.0,1,2.88,69.25,0.0,11.005,0.8375,0.8028436172864537,V100|H000|L1,-6.421818237722053,9.307005695791126e-06,ctx=C00|phase=P_UNKNOWN|band=inside_high|hum=normal,0.00011633757119711152,0.0,OK,0.0,0.05,0.0,2019-04-10 19:15:00,24.5,100.0
balanced,C00,cluster_00_mild_normal_humidity_normal_wind,0.002902368421052632,0.0,12.124,12.124,0,0.0,,0.00016847484903047093,0.0,0.0,0.244481,53.2202,15.6029,-14,505895.3286650181,True,TRAIN,0.05,2.9958621690424324e+293,0.0,1,2.88,69.6667,0.0,10.9167,0.83,0.8028576315476523,V100|H000|L1,-6.421892693767619,9.683586135955657e-06,ctx=C00|phase=P_UNKNOWN|band=inside_high|hum=normal,0.00012104482669994532,0.0,OK,0.0,0.05,0.0,2019-04-10 19:20:00,24.5,100.0
balanced,C00,cluster_00_mild_normal_humidity_normal_wind,0.002882894736842104,0.0,12.124,12.124,0,0.0,,0.00016622164127423806,0.0,0.0,0.244447,53.2502,15.5955,-14,505897.05932188034,True,TRAIN,0.05,2.9906399865961667e+293,0.0,1,2.88,70.0833,0.0,10.8283,0.8225,0.8028716365201543,V100|H000|L1,-6.421970162456707,1.0029297045299757e-05,ctx=C00|phase=P_UNKNOWN|band=inside_high|hum=normal,0.0001253662130659139,0.0,OK,0.0,0.05,0.0,2019-04-10 19:25:00,24.5,100.0
balanced,C00,cluster_00_mild_normal_humidity_normal_wind,0.00286315789473684,0.0,12.124,12.124,0,0.0,,0.0001639534626038779,0.0,0.0,0.244414,53.2785,15.588,-14,505898.79383182526,True,TRAIN,0.05,2.985016327652863e+293,0.0,1,2.88,70.5,0.0,10.74,0.815,0.8028858212701895,V100|H000|L1,-6.422050396833069,1.036173328450296e-05,ctx=C00|phase=P_UNKNOWN|band=inside_high|hum=normal,0.00012952166605584292,0.0,OK,0.0,0.05,0.0,2019-04-10 19:30:00,24.5,100.0
balanced,C00,cluster_00_mild_normal_humidity_normal_wind,0.0028436842105263173,0.0,12.124,12.124,0,0.0,,0.00016173079778393365,0.0,0.0,0.24438,53.3049,15.5806,-14,505900.3705084324,True,TRAIN,0.05,2.9795373960294077e+293,0.0,1,2.88,70.9167,0.0,10.6517,0.8075,0.8028998075367487,V100|H000|L1,-6.422133290699345,1.0651695946495288e-05,ctx=C00|phase=P_UNKNOWN|band=inside_high|hum=normal,0.00013314619933058047,0.0,OK,0.0,0.05,0.0,2019-04-10 19:35:00,24.5,100.0
balanced,C00,cluster_00_mild_normal_humidity_normal_wind,0.0028242105263157893,0.0,12.124,12.124,0,0.0,,0.00015952330193905813,0.0,0.0,0.244347,53.329,15.5732,-14,505902.05420064926,True,TRAIN,0.05,2.9739290496815213e+293,0.0,1,2.88,71.3333,0.0,10.5633,0.8,0.8029137845116063,V100|H000|L1,-6.422218504266917,1.091771825934007e-05,ctx=C00|phase=P_UNKNOWN|band=inside_high|hum=normal,0.00013647147824169537,0.0,OK,0.0,0.05,0.0,2019-04-10 19:40:00,24.5,100.0
balanced,C00,cluster_00_mild_normal_humidity_normal_wind,0.0028044736842105255,0.0,12.124,12.124,0,0.0,,0.00015730145290858717,0.0,0.0,0.244314,53.3514,15.5657,-14,505903.78910660744,True,TRAIN,0.05,2.9679116373339775e+293,0.0,1,2.88,71.75,0.0,10.475,0.7925,0.8029279408825861,V100|H000|L1,-6.422305846012992,1.117681047702046e-05,ctx=C00|phase=P_UNKNOWN|band=inside_high|hum=normal,0.00013971013096214513,0.0,OK,0.0,0.05,0.0,2019-04-10 19:45:00,24.5,100.0
balanced,C00,cluster_00_mild_normal_humidity_normal_wind,0.0027849999999999975,0.0,12.124,12.124,0,0.0,,0.00015512449999999974,0.0,0.0,0.244281,53.3719,15.5583,-14,505905.39147400856,True,TRAIN,0.05,2.9620395892085003e+293,0.0,0,2.88,72.1667,0.0,10.3867,0.785,0.8029418991454558,V100|H000|L1,-6.422395260496808,1.139932666838206e-05,ctx=C00|phase=P_UNKNOWN|band=inside_high|hum=normal,0.00014249158335477574,0.0,OK,0.0,0.05,0.0,2019-04-10 19:50:00,24.5,100.0
balanced,C00,cluster_00_mild_normal_humidity_normal_wind,0.0027655263157894752,0.0,12.124,12.124,0,0.0,,0.00015296271606648213,0.0,0.0,0.244248,53.3902,15.5509,-14,505907.0712065697,True,TRAIN,0.05,2.9560346228108414e+293,0.0,0,2.88,72.5833,0.0,10.2983,0.7775,0.8029558481136242,V100|H000|L1,-6.422486455110155,1.1603297988438399e-05,ctx=C00|phase=P_UNKNOWN|band=inside_high|hum=normal,0.00014504122485481385,0.0,OK,0.0,0.05,0.0,2019-04-10 19:55:00,24.5,100.0
balanced,C00,cluster_00_mild_normal_humidity_normal_wind,0.0027460526315789473,0.0,12.124,12.124,0,0.0,,0.0001508161011080332,0.0,0.0,0.244215,53.4068,15.5435,-14,505908.7175643444,True,TRAIN,0.05,2.949895555759469e+293,0.0,0,2.88,73,0.0,10.21,0.77,0.8029697877860973,V100|H000|L1,-6.4225792814940625,1.1790207947171005e-05,ctx=C00|phase=P_UNKNOWN|band=inside_high|hum=normal,0.00014737759933947103,0.0,OK,0.0,0.05,0.0,2019-04-10 20:00:00,24.5,100.0
balanced,C00,cluster_00_mild_normal_humidity_normal_wind,0.00273,0.0,12.124,12.124,0,0.0,,0.00014905799999999998,0.0,0.0,0.244184,53.1692,15.5374,-14,505910.3864970207,True,TRAIN,0.05,2.9473145738309508e+293,0.0,0,2.88,72.8333,0.0,10.1442,0.7633,0.802981271606891,V100|H000|L1,-6.42267360315764,1.1765696974919138e-05,ctx=C00|phase=P_UNKNOWN|band=inside_high|hum=normal,0.00014707121218604513,0.0,OK,0.0,0.05,0.0,2019-04-10 20:05:00,24.5,100.0
balanced,C00,cluster_00_mild_normal_humidity_normal_wind,0.002715000000000002,0.0,12.124,12.124,0,0.0,,0.0001474245000000002,0.0,0.0,0.244155,52.8682,15.5317,-14,505911.9646742344,True,TRAIN,0.05,2.9457761403995582e+293,0.0,0,2.88,72.6667,0.0,10.0783,0.7567,0.8029919966803476,V100|H000|L1,-6.422767728733439,1.1682447093375181e-05,ctx=C00|phase=P_UNKNOWN|band=inside_high|hum=normal,0.00014603058866768936,0.0,OK,0.0,0.05,0.0,2019-04-10 20:10:00,24.5,100.0
balanced,C00,cluster_00_mild_normal_humidity_normal_wind,0.002700263157894736,0.0,12.124,12.124,0,0.0,,0.000145828422437673,0.0,0.0,0.244125,52.5524,15.5261,-14,505913.66235518456,True,TRAIN,0.05,2.9444355938279565e+293,0.0,0,2.88,72.5,0.0,10.0125,0.75,0.8030025282221375,V100|H000|L1,-6.422861188310186,1.1590374669134818e-05,ctx=C00|phase=P_UNKNOWN|band=inside_high|hum=normal,0.00014487968336418522,0.0,OK,0.0,0.05,0.0,2019-04-10 20:15:00,24.5,100.0
balanced,C00,cluster_00_mild_normal_humidity_normal_wind,0.002685789473684211,0.0,12.124,12.124,0,0.0,,0.00014426930193905819,0.0,0.0,0.244096,52.2341,15.5206,-14,505915.4002454281,True,TRAIN,0.05,2.9432963862158827e+293,0.0,0,2.88,72.3333,0.0,9.9467,0.7433,0.8030128665171067,V100|H000|L1,-6.422953911307539,1.1490208293163384e-05,ctx=C00|phase=P_UNKNOWN|band=inside_high|hum=normal,0.00014362760366426475,0.0,OK,0.0,0.05,0.0,2019-04-10 20:20:00,24.5,100.0
balanced,C00,cluster_00_mild_normal_humidity_normal_wind,0.0026713157894736853,0.0,12.124,12.124,0,0.0,,0.00014271856094182834,0.0,0.0,0.244067,51.9161,15.5151,-14,505916.9777107239,True,TRAIN,0.05,2.9420721756378427e+293,0.0,0,2.88,72.1667,0.0,9.8808,0.7367,0.8030231996747912,V100|H000|L1,-6.423045832973885,1.1397644244404148e-05,ctx=C00|phase=P_UNKNOWN|band=inside_high|hum=normal,0.00014247055305560696,0.0,OK,0.0,0.05,0.0,2019-04-10 20:25:00,24.75,100.0
balanced,C00,cluster_00_mild_normal_humidity_normal_wind,0.00265684210526316,0.0,12.124,12.124,0,0.0,,0.0001411761994459836,0.0,0.0,0.244038,51.5996,15.5096,-14,505918.685806036,True,TRAIN,0.05,2.9407621405443666e+293,0.0,0,2.88,72,0.0,9.815,0.73,0.8030335276947836,V100|H000|L1,-6.42313701412784,1.1312074304270503e-05,ctx=C00|phase=P_UNKNOWN|band=inside_high|hum=normal,0.00014140092880365884,0.0,OK,0.0,0.05,0.0,2019-04-10 20:30:00,24.75,100.0
balanced,C00,cluster_00_mild_normal_humidity_normal_wind,0.00264236842105263,0.0,12.124,12.124,0,0.0,,0.00013964221745152336,0.0,0.0,0.244009,51.2847,15.5041,-14,505920.32663464546,True,TRAIN,0.05,2.9393654532955593e+293,0.0,0,2.88,71.8333,0.0,9.7492,0.7233,0.8030438505766776,V100|H000|L1,-6.423227510722274,1.1232938911476253e-05,ctx=C00|phase=P_UNKNOWN|band=inside_high|hum=normal,0.00014041173639334215,0.0,OK,0.0,0.05,0.0,2019-04-10 20:35:00,24.75,100.0
balanced,C00,cluster_00_mild_normal_humidity_normal_wind,0.0026278947368421047,0.0,12.124,12.124,0,0.0,,0.00013811661495844867,0.0,0.0,0.24398,50.9713,15.4986,-14,505921.96277332306,True,TRAIN,0.05,2.9378812801207558e+293,0.0,0,2.88,71.6667,0.0,9.6833,0.7167,0.8030541683200662,V100|H000|L1,-6.423317374233566,1.1159723269593691e-05,ctx=C00|phase=P_UNKNOWN|band=inside_high|hum=normal,0.00013949654087042074,0.0,OK,0.0,0.05,0.0,2019-04-10 20:40:00,24.75,100.0
balanced,C00,cluster_00_mild_normal_humidity_normal_wind,0.002613421052631579,0.0,12.124,12.124,0,0.0,,0.00013659939196675902,0.0,0.0,0.243951,50.6596,15.4931,-14,505923.5407195091,True,TRAIN,0.05,2.936308781077872e+293,0.0,0,2.88,71.5,0.0,9.6175,0.71,0.8030644809245435,V100|H000|L1,-6.423406652019723,1.1091953766251272e-05,ctx=C00|phase=P_UNKNOWN|band=inside_high|hum=normal,0.00013864942207819642,0.0,OK,0.0,0.05,0.0,2019-04-10 20:45:00,24.75,100.0
balanced,C00,cluster_00_mild_normal_humidity_normal_wind,0.002598947368421054,0.0,12.124,12.124,0,0.0,,0.00013509054847645442,0.0,0.0,0.243923,50.3496,15.4876,-14,505925.26803684235,True,TRAIN,0.05,2.9346471100125567e+293,0.0,0,2.88,71.3333,0.0,9.5517,0.7033,0.803074788389703,V100|H000|L1,-6.423495387649853,1.1029194677769638e-05,ctx=C00|phase=P_UNKNOWN|band=inside_high|hum=normal,0.00013786493347145434,0.0,OK,0.0,0.05,0.0,2019-04-10 20:50:00,24.75,100.0
balanced,C00,cluster_00_mild_normal_humidity_normal_wind,0.002584473684210529,0.0,12.124,12.124,0,0.0,,0.00013359008448753486,0.0,0.0,0.243894,50.041,15.4821,-14,505926.99774312973,True,TRAIN,0.05,2.932895414517061e+293,0.0,0,2.88,71.1667,0.0,9.4858,0.6967,0.8030850907151387,V100|H000|L1,-6.423583621207275,1.0971045138363777e-05,ctx=C00|phase=P_UNKNOWN|band=inside_high|hum=normal,0.00013713806422932517,0.0,OK,0.0,0.05,0.0,2019-04-10 20:55:00,25,100.0
balanced,C00,cluster_00_mild_normal_humidity_normal_wind,0.0025681578947368403,0.0,10.36,10.36,0,0.0,,0.0001319086994459832,0.0,0.0,0.243865,49.7357,15.4759,-14,505928.57491087914,False,TRAIN,0.05,2.928951937890572e+293,0.0,0,2.88,71,0.0,9.42,0.69,0.8265145424902384,V100|H000|L0,-6.610380785557613,1.7355543642905147e-05,ctx=C00|phase=P_UNKNOWN|band=inside_high|hum=normal,0.00021694429553675842,0.0,OK,0.0,0.05,0.1,2019-04-10 21:00:00,25,100.0
balanced,C00,cluster_00_mild_normal_humidity_normal_wind,0.0025568421052631594,0.0,10.36,10.36,0,0.0,,0.0001307488310249309,0.0,0.0,0.243848,49.6095,15.4716,-14,505930.3198978901,False,TRAIN,0.05,2.9306266537234914e+293,0.0,0,2.88,71.0833,0.0,9.3775,0.6875,0.8265230650279968,V100|H000|L0,-6.610519629906756,1.6648903172211682e-05,ctx=C00|phase=P_UNKNOWN|band=inside_high|hum=normal,0.00020811128965225745,0.0,OK,0.0,0.05,0.0,2019-04-10 21:05:00,25,100.0
balanced,C00,cluster_00_mild_normal_humidity_normal_wind,0.00304842105263158,0.0,1.295,1.295,0,0.0,,0.0001858574182825486,0.0,0.0,0.191866,49.0754,15.6584,-14,505931.96066355705,False,TRAIN,0.05,3.511539836611422e+293,0.0,0,2.88,71.1667,0.0,9.335,0.685,0.9716904984311651,V050|H000|L0,-0.6219198848038627,0.07151604102645459,ctx=C00|phase=P_UNKNOWN|band=inside_high|hum=normal,0.8939505128306822,0.0,OK,0.0,0.05,0.25,2019-04-10 21:10:00,24.75,50.0
balanced,C00,cluster_00_mild_normal_humidity_normal_wind,0.0026876315789473686,0.0,10.36,10.36,0,0.0,,0.00014446727008310251,0.0,0.0,0.225635,49.2056,15.5213,-14,505933.68592858315,False,TRAIN,0.05,3.11141860610057e+293,0.25,0,2.88,71.25,0.0,9.2925,0.6825,0.8264243576275284,V100|H000|L0,-6.610652821132134,7.4203988809085075e-06,ctx=C00|phase=P_UNKNOWN|band=inside_high|hum=normal,9.275498601168941e-05,0.0,OK,0.0,0.05,0.25,2019-04-10 21:15:00,25,100.0
balanced,C00,cluster_00_mild_normal_humidity_normal_wind,0.0025728947368421065,0.0,10.36,10.36,0,0.0,,0.00013239574653739621,0.0,0.0,0.237447,49.2815,15.4777,-14,505935.26075553894,False,TRAIN,0.05,2.993482954117743e+293,0.0,1,2.88,71.3333,0.0,9.25,0.68,0.8265109739296053,V100|H000|L0,-6.610712184323181,1.3756071136628023e-05,ctx=C00|phase=P_UNKNOWN|band=inside_high|hum=normal,0.00017195088920762824,0.0,OK,0.0,0.05,0.0,2019-04-10 21:20:00,25,100.0
balanced,C00,cluster_00_mild_normal_humidity_normal_wind,0.002531842105263157,0.0,10.36,10.36,0,0.0,,0.00012820448891966745,0.0,0.0,0.241574,49.2772,15.4621,-14,505936.98572158813,False,TRAIN,0.05,2.960448092367251e+293,0.0,1,2.88,71.4167,0.0,9.2075,0.6775,0.8265418821086377,V100|H000|L0,-6.610822232892274,1.5128239768236185e-05,ctx=C00|phase=P_UNKNOWN|band=inside_high|hum=normal,0.0001891029971033964,0.0,OK,0.0,0.05,0.0,2019-04-10 21:25:00,25,100.0
balanced,C00,cluster_00_mild_normal_humidity_normal_wind,0.0025128947368421063,0.0,10.36,10.36,0,0.0,,0.00012629279916897515,0.0,0.0,0.243012,49.2328,15.4549,-14,505938.6464562416,False,TRAIN,0.05,2.9529846614889276e+293,0.0,1,2.88,71.5,0.0,9.165,0.675,0.8265561326680326,V100|H000|L0,-6.61094325881042,1.5058025338410275e-05,ctx=C00|phase=P_UNKNOWN|band=inside_high|hum=normal,0.00018822531673012843,0.0,OK,0.0,0.05,0.0,2019-04-10 21:30:00,25,100.0
balanced,C00,cluster_00_mild_normal_humidity_normal_wind,0.0025007894736842114,0.0,10.36,10.36,0,0.0,,0.0001250789598337951,0.0,0.0,0.243508,49.1724,15.4503,-14,505940.2234222889,False,TRAIN,0.05,2.9534531683233763e+293,0.0,1,2.88,71.5833,0.0,9.1225,0.6725,0.8265652323129771,V100|H000|L0,-6.611063723013127,1.458135490683965e-05,ctx=C00|phase=P_UNKNOWN|band=inside_high|hum=normal,0.00018226693633616176,0.0,OK,0.0,0.05,0.0,2019-04-10 21:35:00,25,100.0
balanced,C00,cluster_00_mild_normal_humidity_normal_wind,0.0024905263157894756,0.0,10.36,10.36,0,0.0,,0.00012405442659279794,0.0,0.0,0.243675,49.1062,15.4464,-14,505941.85859942436,False,TRAIN,0.05,2.9560389549550147e+293,0.0,1,2.88,71.6667,0.0,9.08,0.67,0.8265729442493303,V100|H000|L0,-6.611180373852382,1.4031801422564882e-05,ctx=C00|phase=P_UNKNOWN|band=inside_high|hum=normal,0.00017539751778250512,0.0,OK,0.0,0.05,0.0,2019-04-10 21:40:00,25,100.0
balanced,C00,cluster_00_mild_normal_humidity_normal_wind,0.0024807894736842114,0.0,10.36,10.36,0,0.0,,0.0001230863282548477,0.0,0.0,0.243726,49.0381,15.4427,-14,505943.60633301735,False,TRAIN,0.05,2.9592045778215044e+293,0.0,1,2.88,71.75,0.0,9.0375,0.6675,0.8265802581737748,V100|H000|L0,-6.6112926282637625,1.3494371264410887e-05,ctx=C00|phase=P_UNKNOWN|band=inside_high|hum=normal,0.00016867964080446995,0.0,OK,0.0,0.05,0.0,2019-04-10 21:45:00,25,100.0
balanced,C00,cluster_00_mild_normal_humidity_normal_wind,0.002471315789473684,0.0,10.36,10.36,0,0.0,,0.00012214803462603873,0.0,0.0,0.243737,48.9692,15.4391,-14,505945.1824491024,False,TRAIN,0.05,2.9626434328284013e+293,0.0,1,2.88,71.8333,0.0,8.995,0.665,0.8265873720618786,V100|H000|L0,-6.611400583233878,1.2983932611509985e-05,ctx=C00|phase=P_UNKNOWN|band=inside_high|hum=normal,0.00016229915764387481,0.0,OK,0.0,0.05,0.0,2019-04-10 21:50:00,25,100.0
balanced,C00,cluster_00_mild_normal_humidity_normal_wind,0.0024618421052631564,0.0,10.36,10.36,0,0.0,,0.00012121333102493056,0.0,0.0,0.243734,48.9002,15.4355,-14,505946.84071969986,False,TRAIN,0.05,2.966042696270921e+293,0.0,1,2.88,71.9167,0.0,8.9525,0.6625,0.8265944836195169,V100|H000|L0,-6.61150445469477,1.2514142613606616e-05,ctx=C00|phase=P_UNKNOWN|band=inside_high|hum=normal,0.00015642678267069332,0.0,OK,0.0,0.05,0.0,2019-04-10 21:55:00,25,100.0
balanced,C00,cluster_00_mild_normal_humidity_normal_wind,0.0024526315789473695,0.0,10.36,10.36,0,0.0,,0.00012030803324099733,0.0,0.0,0.243726,48.8311,15.432,-14,505948.5729238987,False,TRAIN,0.05,2.9697205258034463e+293,0.0,1,2.88,72,0.0,8.91,0.66,0.8266013953995083,V100|H000|L0,-6.611604567835679,1.2065953603923596e-05,ctx=C00|phase=P_UNKNOWN|band=inside_high|hum=normal,0.00015082442004843433,0.0,OK,0.0,0.05,0.0,2019-04-10 22:00:00,25,100.0
balanced,C00,cluster_00_mild_normal_humidity_normal_wind,0.0024510526315789476,0.0,10.36,10.36,0,0.0,,0.00012015318005540166,0.0,0.0,0.243657,48.7844,15.4314,-14,505950.29657149315,False,TRAIN,0.05,2.982647731997849e+293,0.0,1,2.88,71.9167,0.0,8.9142,0.6358,0.8266025800548799,V100|H000|L0,-6.61170109546451,1.1195449745260433e-05,ctx=C00|phase=P_UNKNOWN|band=inside_high|hum=normal,0.00013994312181608848,0.0,OK,0.0,0.05,0.0,2019-04-10 22:05:00,25,100.0
balanced,C00,cluster_00_mild_normal_humidity_normal_wind,0.0024518421052631563,0.0,10.36,10.36,0,0.0,,0.00012023059418282532,0.0,0.0,0.243568,48.741,15.4317,-14,505951.8714542389,False,TRAIN,0.05,2.9985264723662284e+293,0.0,1,2.88,71.8333,0.0,8.9183,0.6117,0.8266019877352868,V100|H000|L0,-6.611790659062472,1.0252428198187502e-05,ctx=C00|phase=P_UNKNOWN|band=inside_high|hum=normal,0.00012815535247778786,0.0,OK,0.0,0.05,0.0,2019-04-10 22:10:00,25,100.0
balanced,C00,cluster_00_mild_normal_humidity_normal_wind,0.0024534210526315782,0.0,10.36,10.36,0,0.0,,0.00012038549722991682,0.0,0.0,0.243472,48.6981,15.4323,-14,505953.447681427,False,TRAIN,0.05,3.015459763161931e+293,0.0,2,2.88,71.75,0.0,8.9225,0.5875,0.8266008030475442,V100|H000|L0,-6.611872678488058,9.337458922953346e-06,ctx=C00|phase=P_UNKNOWN|band=inside_high|hum=normal,0.00011671823653702784,0.0,OK,0.0,0.05,0.0,2019-04-10 22:15:00,25,100.0
balanced,C00,cluster_00_mild_normal_humidity_normal_wind,0.0024552631578947364,0.0,10.36,10.36,0,0.0,,0.00012056634349030466,0.0,0.0,0.243374,48.655,15.433,-14,505955.16656947136,False,TRAIN,0.05,3.032812483991453e+293,0.0,2,2.88,71.6667,0.0,8.9267,0.5633,0.8265994208300185,V100|H000|L0,-6.611947378159441,8.479884807011118e-06,ctx=C00|phase=P_UNKNOWN|band=inside_high|hum=normal,0.0001059985600883051,0.0,OK,0.0,0.05,0.0,2019-04-10 22:20:00,25,100.0
balanced,C00,cluster_00_mild_normal_humidity_normal_wind,0.002457105263157895,0.0,10.36,10.36,0,0.0,,0.00012074732548476456,0.0,0.0,0.243277,48.6116,15.4337,-14,505956.9076936245,False,TRAIN,0.05,3.0502633455351924e+293,0.0,2,2.88,71.5833,0.0,8.9308,0.5392,0.826598038524373,V100|H000|L0,-6.612015217237897,7.69090957086771e-06,ctx=C00|phase=P_UNKNOWN|band=inside_high|hum=normal,9.613636963579086e-05,0.0,OK,0.0,0.05,0.0,2019-04-10 22:25:00,25,100.0
balanced,C00,cluster_00_mild_normal_humidity_normal_wind,0.002458947368421053,0.0,10.36,10.36,0,0.0,,0.00012092844321329643,0.0,0.0,0.243181,48.5684,15.4344,-14,505958.4871175289,False,TRAIN,0.05,3.0678128953822684e+293,0.0,2,2.88,71.5,0.0,8.935,0.515,0.8265966561306087,V100|H000|L0,-6.612076744514464,6.965045304063722e-06,ctx=C00|phase=P_UNKNOWN|band=inside_high|hum=normal,8.70630663006855e-05,0.0,OK,0.0,0.05,0.0,2019-04-10 22:30:00,25,100.0
balanced,C00,cluster_00_mild_normal_humidity_normal_wind,0.0024607894736842113,0.0,10.36,10.36,0,0.0,,0.00012110969667590037,0.0,0.0,0.243086,48.5252,15.4351,-14,505960.1239171028,False,TRAIN,0.05,3.0854616841441768e+293,0.0,2,2.88,71.4167,0.0,8.9392,0.4908,0.8265952736487265,V100|H000|L0,-6.612132464876897,6.297243129171903e-06,ctx=C00|phase=P_UNKNOWN|band=inside_high|hum=normal,7.871553911442675e-05,0.0,OK,0.0,0.05,0.0,2019-04-10 22:35:00,25,100.0
balanced,C00,cluster_00_mild_normal_humidity_normal_wind,0.0024626315789473695,0.0,10.36,10.36,0,0.0,,0.00012129108587257629,0.0,0.0,0.242993,48.4817,15.4358,-14,505961.7798218727,False,TRAIN,0.05,3.10321026547132e+293,0.0,2,2.88,71.3333,0.0,8.9433,0.4667,0.8265938910787276,V100|H000|L0,-6.61218284282193,5.682858078892572e-06,ctx=C00|phase=P_UNKNOWN|band=inside_high|hum=normal,7.103572598632368e-05,0.0,OK,0.0,0.05,0.0,2019-04-10 22:40:00,25,100.0
balanced,C00,cluster_00_mild_normal_humidity_normal_wind,0.002464473684210528,0.0,10.36,10.36,0,0.0,,0.00012147261080332425,0.0,0.0,0.242902,48.4384,15.4365,-14,505963.35555434227,False,TRAIN,0.05,3.1210591960696314e+293,0.0,2,2.88,71.25,0.0,8.9475,0.4425,0.8265925084206126,V100|H000|L0,-6.612228305686561,5.117616783345547e-06,ctx=C00|phase=P_UNKNOWN|band=inside_high|hum=normal,6.397020979242996e-05,0.0,OK,0.0,0.05,0.0,2019-04-10 22:45:00,25,100.0
balanced,C00,cluster_00_mild_normal_humidity_normal_wind,0.0024660526315789452,0.0,10.36,10.36,0,0.0,,0.00012162831163434881,0.0,0.0,0.242812,48.3951,15.4371,-14,505965.0658905506,False,TRAIN,0.05,3.138674100907668e+293,0.0,3,2.88,71.1667,0.0,8.9517,0.4183,0.826591323214953,V100|H000|L0,-6.612269246620828,4.613390988006394e-06,ctx=C00|phase=P_UNKNOWN|band=inside_high|hum=normal,5.76673873494693e-05,0.0,OK,0.0,0.05,0.0,2019-04-10 22:50:00,25.25,100.0
balanced,C00,cluster_00_mild_normal_humidity_normal_wind,0.0024678947368421034,0.0,10.36,10.36,0,0.0,,0.0001218100886426591,0.0,0.0,0.242725,48.3517,15.4378,-14,505966.7405612469,False,TRAIN,0.05,3.1567237377978515e+293,0.0,3,2.88,71.0833,0.0,8.9558,0.3942,0.8265899403931962,V100|H000|L0,-6.612306153748732,4.1336939683445095e-06,ctx=C00|phase=P_UNKNOWN|band=inside_high|hum=normal,5.167117460469495e-05,0.0,OK,0.0,0.05,0.0,2019-04-10 22:55:00,25.25,100.0
balanced,C00,cluster_00_mild_normal_humidity_normal_wind,0.002469736842105262,0.0,10.36,10.36,0,0.0,,0.00012199200138504141,0.0,0.0,0.24264,48.3084,15.4385,-14,505968.31716656685,False,TRAIN,0.05,3.1748754042044154e+293,0.0,3,2.88,71,0.0,8.96,0.37,0.8265885574833263,V100|H000|L0,-6.612339223300479,3.6923656613341294e-06,ctx=C00|phase=P_UNKNOWN|band=inside_high|hum=normal,4.615457076639906e-05,0.0,OK,0.0,0.05,0.0,2019-04-10 23:00:00,25.25,100.0
balanced,C00,cluster_00_mild_normal_humidity_normal_wind,0.002473947368421051,0.0,10.36,10.36,0,0.0,,0.00012240831163434882,0.0,0.0,0.24258,48.3448,15.4401,-14,505970.0670366287,False,TRAIN,0.05,3.196189525125234e+293,0.0,3,2.88,71,0.0,8.9817,0.3558,0.8265853962156102,V100|H000|L0,-6.61236876222577,3.144074991134893e-06,ctx=C00|phase=P_UNKNOWN|band=inside_high|hum=normal,3.930093738901963e-05,0.0,OK,0.0,0.05,0.0,2019-04-10 23:05:00,25.25,100.0
balanced,C00,cluster_00_mild_normal_humidity_normal_wind,0.0035849999999999988,0.00225,0,65.94,65.94,0.0,,0.0002570444999999998,25.0,0.0,0.138589,65.3972,15.8623,-14.25,505971.7480416298,False,TRAIN,0.05,4.654759956417933e+293,0.25,4,2.88,71,0.0,9.0033,0.3417,0.4301274987652442,V000|H025|L0,-0.5285366787389391,0.029124833113830143,ctx=C00|phase=P_UNKNOWN|band=inside_high|hum=normal,0.3640604139228768,0.0,OK,0.0,0.05,2.0625,2019-04-10 23:10:00,22.5,0.0
balanced,C00,cluster_00_mild_normal_humidity_normal_wind,0.0028157894736842116,0.0,10.36,10.36,0,0.0,,0.0001585734072022162,0.0,0.0,0.206102,52.4169,15.57,-14,505973.4755949974,False,TRAIN,0.05,3.674297966038338e+293,1.3125,4,2.88,71,0.0,9.025,0.3275,0.8263272059568715,V100|H000|L0,-6.612393914825699,1.7762671707277633e-05,ctx=C00|phase=P_UNKNOWN|band=inside_high|hum=normal,-0.0002220333963408594,0.0,OK,0.0,0.05,2.0625,2019-04-10 23:15:00,24.5,100.0
balanced,C00,cluster_00_mild_normal_humidity_normal_wind,0.0025886842105263177,0.0,10.36,10.36,0,0.0,,0.0001340257188365653,0.0,0.0,0.229703,49.4231,15.4837,-14,505975.06929683685,False,TRAIN,0.05,3.3948401343344605e+293,0.25,4,2.88,71,0.0,9.0467,0.3133,0.8264990745221913,V100|H000|L0,-6.6122518134520405,2.59217274511947e-06,ctx=C00|phase=P_UNKNOWN|band=inside_high|hum=normal,-3.240215931377133e-05,0.0,OK,0.0,0.05,0.0,2019-04-10 23:20:00,25,100.0
balanced,C00,cluster_00_mild_normal_humidity_normal_wind,0.002524210526315787,0.0,10.36,10.36,0,0.0,,0.00012743277562326846,0.0,0.0,0.237935,48.7828,15.4592,-14,505976.6863963604,False,TRAIN,0.05,3.326839798859283e+293,0.0,5,2.88,71,0.0,9.0683,0.2992,0.8265476230381356,V100|H000|L0,-6.6122310760700795,1.4990823500315997e-06,ctx=C00|phase=P_UNKNOWN|band=inside_high|hum=normal,1.873852937561704e-05,0.0,OK,0.0,0.05,0.0,2019-04-10 23:25:00,25,100.0
balanced,C00,cluster_00_mild_normal_humidity_normal_wind,0.002508421052631581,0.0,10.36,10.36,0,0.0,,0.0001258435235457066,0.0,0.0,0.240789,48.6879,15.4532,-14,505978.4195649624,False,TRAIN,0.05,3.3225598569162196e+293,0.0,5,2.88,71,0.0,9.09,0.285,0.8265594960234612,V100|H000|L0,-6.61224306872888,2.328994588074451e-06,ctx=C00|phase=P_UNKNOWN|band=inside_high|hum=normal,2.9112432351263706e-05,0.0,OK,0.0,0.05,0.0,2019-04-10 23:30:00,25,100.0
balanced,C00,cluster_00_mild_normal_humidity_normal_wind,0.0025073684210526314,0.0,10.36,10.36,0,0.0,,0.00012573792797783933,0.0,0.0,0.241762,48.7165,15.4528,-14,505980.10654711723,False,TRAIN,0.05,3.337771408757994e+293,0.0,5,2.88,71,0.0,9.1117,0.2708,0.8265602873257011,V100|H000|L0,-6.612261700685584,2.2059792001982714e-06,ctx=C00|phase=P_UNKNOWN|band=inside_high|hum=normal,2.7574740003033504e-05,0.0,OK,0.0,0.05,0.0,2019-04-10 23:35:00,25,100.0
balanced,C00,cluster_00_mild_normal_humidity_normal_wind,0.002510526315789475,0.0,10.36,10.36,0,0.0,,0.00012605484764542952,0.0,0.0,0.242077,48.7719,15.454,-14,505981.6841933727,False,TRAIN,0.05,3.3586850268418384e+293,0.0,6,2.88,71,0.0,9.1333,0.2567,0.8265579133326864,V100|H000|L0,-6.612279348519186,1.839581423079828e-06,ctx=C00|phase=P_UNKNOWN|band=inside_high|hum=normal,2.299476778810927e-05,0.0,OK,0.0,0.05,0.0,2019-04-10 23:40:00,25,100.0
balanced,C00,cluster_00_mild_normal_humidity_normal_wind,0.002515263157894737,0.0,10.36,10.36,0,0.0,,0.00012653097506925206,0.0,0.0,0.242162,48.8331,15.4558,-14,505983.3446917534,False,TRAIN,0.05,3.381847279243925e+293,0.0,6,2.88,71,0.0,9.155,0.2425,0.8265543518577587,V100|H000|L0,-6.612294065170571,1.4074969150179584e-06,ctx=C00|phase=P_UNKNOWN|band=inside_high|hum=normal,1.7593711437391413e-05,0.0,OK,0.0,0.05,0.0,2019-04-10 23:45:00,25,100.0
balanced,C00,cluster_00_mild_normal_humidity_normal_wind,0.0025202631578947394,0.0,10.36,10.36,0,0.0,,0.0001270345277008313,0.0,0.0,0.242169,48.8954,15.4577,-14,505984.9949159622,False,TRAIN,0.05,3.405512779900156e+293,0.0,6,2.88,71,0.0,9.1767,0.2283,0.8265505918912017,V100|H000|L0,-6.612305325145891,9.940998372259813e-07,ctx=C00|phase=P_UNKNOWN|band=inside_high|hum=normal,1.2426247965380277e-05,0.0,OK,0.0,0.05,0.0,2019-04-10 23:50:00,25,100.0
balanced,C00,cluster_00_mild_normal_humidity_normal_wind,0.002525263157894737,0.0,10.36,10.36,0,0.0,,0.00012753908033241,0.0,0.0,0.242149,48.9578,15.4596,-14,505986.7282938957,False,TRAIN,0.05,3.4293303893809614e+293,0.0,6,2.88,71,0.0,9.1983,0.2142,0.826546831275673,V100|H000|L0,-6.612313277944589,6.137226079561131e-07,ctx=C00|phase=P_UNKNOWN|band=inside_high|hum=normal,7.671532599395903e-06,0.0,OK,0.0,0.05,0.0,2019-04-10 23:55:00,25,100.0
