id,fattening_day,updated_at,preferred_temp_low_c,preferred_temp_high_c,heat_production_feedback,comfort_weight_bias,gas_weight_bias,energy_weight_bias,status,best_reference_id,reference_score,confidence,ventilation_bias,heating_bias,diet_phase_guidance,biological_phase,climate_context_id,growth_state_hash,top_k_reference_ids,reference_distance_delta,preferred_temp_position,growth_priority,reason_code
1,1,2026-05-17 19:38:18,5.0,24.0,0.22500000000000003,1.0,1.0,1.0,SARG_POLICY,R001,-99.56658333333334,0.5,0.25,0.35,phase=P1;diet_like=1,P1,C02,3dd708620be9d86c,"[""R001"", ""R006"", ""R026""]",2002.0,center_to_upper_band,recover_growth_gap,SARG:P1:simulator_reference:risk_heat=False:risk_cold=False:diet=1
2,2,2026-05-17 19:38:18,5.0,24.0,0.0675188694553508,1.0,1.0,1.0,SARG_POLICY,R001,-44.91871829625762,0.5,0.25,0.35,phase=P1;diet_like=1,P1,C10,9ea6f617f1d73d70,"[""R001"", ""R006"", ""R026""]",908.5704584244967,center_to_upper_band,recover_growth_gap,SARG:P1:simulator_reference:risk_heat=False:risk_cold=False:diet=1
3,3,2026-05-17 19:38:18,5.0,24.0,0.04168860257956114,1.0,1.0,1.0,SARG_POLICY,R001,-121.92109814102149,0.5,0.25,0.35,phase=P1;diet_like=1,P1,C10,d9dc8e98721b76fc,"[""R001"", ""R006"", ""R026""]",2449.025891204392,center_to_upper_band,recover_growth_gap,SARG:P1:simulator_reference:risk_heat=False:risk_cold=False:diet=1
4,4,2026-05-17 19:38:18,5.0,24.0,0.025985157687216653,1.0,1.0,1.0,SARG_POLICY,R001,-125.05226652768762,0.5,0.25,0.35,phase=P1;diet_like=1,P1,C02,04fe934109ea6389,"[""R001"", ""R006"", ""R026""]",2511.689127852126,center_to_upper_band,recover_growth_gap,SARG:P1:simulator_reference:risk_heat=False:risk_cold=False:diet=1
5,5,2026-05-17 19:38:18,5.0,24.0,0.03362030445690728,1.0,1.0,1.0,SARG_POLICY,R001,-127.17275375678408,0.5,0.25,0.35,phase=P1;diet_like=1,P1,C02,dbd5c8829b1eb75c,"[""R001"", ""R006"", ""R026""]",2554.069069227141,center_to_upper_band,recover_growth_gap,SARG:P1:simulator_reference:risk_heat=False:risk_cold=False:diet=1
6,6,2026-05-17 19:38:19,5.0,24.0,0.046904446248731024,1.0,1.0,1.0,SARG_POLICY,R001,-128.72380562395077,0.5,0.25,0.35,phase=P1;diet_like=1,P1,C02,074d9a932922117a,"[""R001"", ""R006"", ""R026""]",2585.0565789275674,center_to_upper_band,recover_growth_gap,SARG:P1:simulator_reference:risk_heat=False:risk_cold=False:diet=1
7,7,2026-05-17 19:38:19,5.0,24.0,0.04049798439990154,1.0,1.0,1.0,SARG_POLICY,R001,-129.90512996731368,0.5,0.25,0.35,phase=P1;diet_like=1,P1,C10,862421c297753fe2,"[""R001"", ""R006"", ""R026""]",2608.699395322063,center_to_upper_band,recover_growth_gap,SARG:P1:simulator_reference:risk_heat=False:risk_cold=False:diet=1
8,8,2026-05-17 19:38:19,5.0,24.0,0.05444847492212701,1.0,1.0,1.0,SARG_POLICY,R001,-130.83156047541567,0.5,0.25,0.35,phase=P1;diet_like=1,P1,C10,998a92598b2d1c4d,"[""R001"", ""R006"", ""R026""]",2627.1927480735512,center_to_upper_band,recover_growth_gap,SARG:P1:simulator_reference:risk_heat=False:risk_cold=False:diet=1
9,9,2026-05-17 19:38:19,5.0,24.0,0.07175430391274612,1.0,1.0,1.0,SARG_POLICY,R001,-131.5673908051646,0.5,0.25,0.35,phase=P1;diet_like=1,P1,C02,d82ce4fc7afe2993,"[""R001"", ""R006"", ""R026""]",2641.8655865707337,center_to_upper_band,recover_growth_gap,SARG:P1:simulator_reference:risk_heat=False:risk_cold=False:diet=1
10,10,2026-05-17 19:38:19,5.0,24.0,0.05756519389502529,1.0,1.0,1.0,SARG_POLICY,R001,-132.15159645018468,0.5,0.25,0.35,phase=P1;diet_like=1,P1,C02,830b70975badfc75,"[""R001"", ""R006"", ""R026""]",2653.5857113977363,center_to_upper_band,recover_growth_gap,SARG:P1:simulator_reference:risk_heat=False:risk_cold=False:diet=1
11,11,2026-05-17 19:38:19,5.0,24.0,0.08658500787282958,1.0,1.0,1.0,SARG_POLICY,R001,-132.6235942118154,0.5,0.25,0.35,phase=P1;diet_like=1,P1,C10,18c30e8e0fad126a,"[""R001"", ""R006"", ""R026""]",2662.95221093095,center_to_upper_band,recover_growth_gap,SARG:P1:simulator_reference:risk_heat=False:risk_cold=False:diet=1
12,12,2026-05-17 19:38:19,5.0,24.0,0.08603842506446463,1.0,1.0,1.0,SARG_POLICY,R001,-132.99574700600056,0.5,0.25,0.35,phase=P1;diet_like=1,P1,C02,58b68746ebf74e2c,"[""R001"", ""R006"", ""R026""]",2670.3967090500264,center_to_upper_band,recover_growth_gap,SARG:P1:simulator_reference:risk_heat=False:risk_cold=False:diet=1
13,13,2026-05-17 19:38:19,5.0,24.0,0.10010411830067228,1.0,1.0,1.0,SARG_POLICY,R001,-133.28973470210983,0.5,0.25,0.35,phase=P1;diet_like=1,P1,C02,c4a16eab97e91e12,"[""R001"", ""R006"", ""R026""]",2676.240884799934,center_to_upper_band,recover_growth_gap,SARG:P1:simulator_reference:risk_heat=False:risk_cold=False:diet=1
14,14,2026-05-17 19:38:19,5.0,24.0,0.10642556226876965,1.0,1.0,1.0,SARG_POLICY,R001,-133.51504696625804,0.5,0.25,0.35,phase=P1;diet_like=1,P1,C08,766ced0a50c2394b,"[""R001"", ""R006"", ""R026""]",2680.7311687006863,center_to_upper_band,recover_growth_gap,SARG:P1:simulator_reference:risk_heat=False:risk_cold=False:diet=1
15,15,2026-05-17 19:38:19,5.0,24.0,0.04353304566018895,1.0,1.0,1.0,SARG_POLICY,R001,-133.67355486659395,0.5,0.25,0.35,phase=P1;diet_like=1,P1,C02,dd547f24bd5e9156,"[""R001"", ""R006"", ""R026""]",2684.060705852632,center_to_upper_band,recover_growth_gap,SARG:P1:simulator_reference:risk_heat=False:risk_cold=False:diet=1
16,16,2026-05-17 19:38:19,5.0,24.0,0.017551122325411672,1.0,1.0,1.0,SARG_POLICY,R001,-133.78641710059253,0.5,0.25,0.35,phase=P1;diet_like=1,P1,C10,9ca6a34bdf112a04,"[""R001"", ""R006"", ""R026""]",2686.3838216680024,center_to_upper_band,recover_growth_gap,SARG:P1:simulator_reference:risk_heat=False:risk_cold=False:diet=1
17,17,2026-05-17 19:38:19,5.0,24.0,0.026121200910627862,1.0,1.0,1.0,SARG_POLICY,R001,-133.85960268507236,0.5,0.25,0.35,phase=P1;diet_like=1,P1,C02,a5d24b2756742682,"[""R001"", ""R006"", ""R026""]",2687.825871818348,center_to_upper_band,recover_growth_gap,SARG:P1:simulator_reference:risk_heat=False:risk_cold=False:diet=1
18,18,2026-05-17 19:38:19,5.0,24.0,0.03918229402043516,1.0,1.0,1.0,SARG_POLICY,R001,-133.89446815942907,0.5,0.25,0.35,phase=P1;diet_like=1,P1,C10,6da077404e2b9b33,"[""R001"", ""R006"", ""R026""]",2688.490141762278,center_to_upper_band,recover_growth_gap,SARG:P1:simulator_reference:risk_heat=False:risk_cold=False:diet=1
19,19,2026-05-17 19:38:19,5.0,24.0,0.05689013004460691,1.0,1.0,1.0,SARG_POLICY,R001,-133.89534161406246,0.5,0.25,0.35,phase=P1;diet_like=1,P1,C10,a37e9970f3b5a1b4,"[""R001"", ""R006"", ""R026""]",2688.462798916447,center_to_upper_band,recover_growth_gap,SARG:P1:simulator_reference:risk_heat=False:risk_cold=False:diet=1
20,20,2026-05-17 19:38:19,5.0,24.0,0.06670823371950518,1.0,1.0,1.0,SARG_POLICY,R001,-133.8642690967558,0.5,0.25,0.35,phase=P1;diet_like=1,P1,C10,aa2e951156ac97ad,"[""R001"", ""R006"", ""R026""]",2687.816523392452,center_to_upper_band,recover_growth_gap,SARG:P1:simulator_reference:risk_heat=False:risk_cold=False:diet=1
21,21,2026-05-17 19:38:19,5.0,24.0,0.07142048758145081,1.0,1.0,1.0,SARG_POLICY,R001,-133.8046984732132,0.5,0.25,0.35,phase=P1;diet_like=1,P1,C10,1c256b3ea2c7d5b3,"[""R001"", ""R006"", ""R026""]",2686.6132200614747,center_to_upper_band,recover_growth_gap,SARG:P1:simulator_reference:risk_heat=False:risk_cold=False:diet=1
22,22,2026-05-17 19:38:19,5.0,24.0,0.07999870149390587,1.0,1.0,1.0,SARG_POLICY,R001,-133.7204256331893,0.5,0.25,0.35,phase=P1;diet_like=1,P1,C10,446a96eaf862deba,"[""R001"", ""R006"", ""R026""]",2684.906078174312,center_to_upper_band,recover_growth_gap,SARG:P1:simulator_reference:risk_heat=False:risk_cold=False:diet=1
23,23,2026-05-17 19:38:19,5.0,24.0,0.07983503726156127,1.0,1.0,1.0,SARG_POLICY,R001,-133.61215663327656,0.5,0.25,0.35,phase=P1;diet_like=1,P1,C10,b7603e87365c4c07,"[""R001"", ""R006"", ""R026""]",2682.741158746478,center_to_upper_band,recover_growth_gap,SARG:P1:simulator_reference:risk_heat=False:risk_cold=False:diet=1
24,24,2026-05-17 19:38:19,5.0,24.0,0.09975794666202259,1.0,1.0,1.0,SARG_POLICY,R001,-133.48555170257805,0.5,0.25,0.35,phase=P1;diet_like=1,P1,C10,1933dd3ef3c5a7d0,"[""R001"", ""R006"", ""R026""]",2680.1586342990304,center_to_upper_band,recover_growth_gap,SARG:P1:simulator_reference:risk_heat=False:risk_cold=False:diet=1
25,25,2026-05-17 19:38:19,5.0,24.0,0.0029184012697509587,1.0,1.0,1.0,SARG_POLICY,R001,0.4959078340333031,0.5,0.25,0.35,phase=P1;diet_like=1,P1,C10,91e4529baec9414a,"[""R001"", ""R006"", ""R026""]",0.414810448721177,center_to_upper_band,recover_growth_gap,SARG:P1:simulator_reference:risk_heat=False:risk_cold=False:diet=1
26,26,2026-05-17 19:38:19,5.0,24.0,0.004091007398054958,1.0,1.0,1.0,SARG_POLICY,R001,0.4914001155920549,0.5,0.25,0.35,phase=P1;diet_like=1,P1,C10,da78be0cf6bacaf4,"[""R001"", ""R006"", ""R026""]",0.41805334902228003,center_to_upper_band,recover_growth_gap,SARG:P1:simulator_reference:risk_heat=False:risk_cold=False:diet=1
27,27,2026-05-17 19:38:19,5.0,24.0,0.008441763401148605,1.0,1.0,1.0,SARG_POLICY,R001,0.48982216332495093,0.5,0.25,0.35,phase=P1;diet_like=1,P1,C10,660ac86bd4bf67f4,"[""R001"", ""R006"", ""R026""]",0.431587423301186,center_to_upper_band,recover_growth_gap,SARG:P1:simulator_reference:risk_heat=False:risk_cold=False:diet=1
28,28,2026-05-17 19:38:19,5.0,24.0,0.014985778557931373,1.0,1.0,1.0,SARG_POLICY,R001,0.48826007791639725,0.5,0.25,0.35,phase=P1;diet_like=1,P1,C10,43b6fdf26d4af1b7,"[""R001"", ""R006"", ""R026""]",0.4397265120754761,center_to_upper_band,recover_growth_gap,SARG:P1:simulator_reference:risk_heat=False:risk_cold=False:diet=1
29,29,2026-05-17 19:38:20,5.0,24.0,0.004585912180567642,1.0,1.0,1.0,SARG_POLICY,R001,0.48887326579507917,0.5,0.25,0.35,phase=P1;diet_like=1,P1,C10,e6aa16dbb28cc247,"[""R001"", ""R006"", ""R026""]",0.4490247370364338,center_to_upper_band,recover_growth_gap,SARG:P1:simulator_reference:risk_heat=False:risk_cold=False:diet=1
30,30,2026-05-17 19:38:20,5.0,24.0,0.0012353440498307222,1.0,1.0,1.0,SARG_POLICY,R001,0.4885483668839694,0.5,0.25,0.35,phase=P1;diet_like=1,P1,C10,bddb0430a9840508,"[""R001"", ""R006"", ""R026""]",0.45912230409924815,center_to_upper_band,recover_growth_gap,SARG:P1:simulator_reference:risk_heat=False:risk_cold=False:diet=1
31,31,2026-05-17 19:38:20,5.0,24.0,0.0,1.0,1.0,1.0,SARG_POLICY,R001,0.48789469083912007,0.5,0.25,0.35,phase=P1;diet_like=1,P1,C10,06ebb6ab153306d5,"[""R001"", ""R006"", ""R026""]",0.4698921221499243,center_to_upper_band,recover_growth_gap,SARG:P1:simulator_reference:risk_heat=False:risk_cold=False:diet=1
32,32,2026-05-17 19:38:20,5.0,24.0,0.0,1.0,1.0,1.0,SARG_POLICY,R001,0.4870380963138304,0.5,0.25,0.35,phase=P1;diet_like=1,P1,C10,379a917ad5c6d57a,"[""R001"", ""R006"", ""R026""]",0.48132327281617066,center_to_upper_band,recover_growth_gap,SARG:P1:simulator_reference:risk_heat=False:risk_cold=False:diet=1
33,33,2026-05-17 19:38:20,5.0,24.0,0.0,1.0,1.0,1.0,SARG_POLICY,R001,0.4861389156630614,0.5,0.25,0.35,phase=P1;diet_like=1,P1,C10,815dde894522ef48,"[""R001"", ""R006"", ""R026""]",0.49336511879717393,center_to_upper_band,recover_growth_gap,SARG:P1:simulator_reference:risk_heat=False:risk_cold=False:diet=1
34,34,2026-05-17 19:38:20,5.0,24.0,0.0,1.0,1.0,1.0,SARG_POLICY,R001,0.48519943991428316,0.5,0.25,0.35,phase=P1;diet_like=1,P1,C10,101eff8e390c3357,"[""R001"", ""R006"", ""R026""]",0.5059648692074005,center_to_upper_band,recover_growth_gap,SARG:P1:simulator_reference:risk_heat=False:risk_cold=False:diet=1
35,35,2026-05-17 19:38:20,5.0,24.0,0.0,1.0,1.0,1.0,SARG_POLICY,R001,0.4842225538238399,0.5,0.25,0.35,phase=P1;diet_like=1,P1,C10,9c28177afac001b4,"[""R001"", ""R006"", ""R026""]",0.5190771211186924,center_to_upper_band,recover_growth_gap,SARG:P1:simulator_reference:risk_heat=False:risk_cold=False:diet=1
36,36,2026-05-17 19:38:20,5.0,24.0,0.0,1.0,1.0,1.0,SARG_POLICY,R001,0.483210230472219,0.5,0.25,0.35,phase=P1;diet_like=1,P1,C10,f5dce7253965657d,"[""R001"", ""R006"", ""R026""]",0.5326560698841786,center_to_upper_band,recover_growth_gap,SARG:P1:simulator_reference:risk_heat=False:risk_cold=False:diet=1
37,37,2026-05-17 19:38:20,5.0,24.0,0.0,1.0,1.0,1.0,SARG_POLICY,R001,0.4821665653007152,0.5,0.25,0.35,phase=P1;diet_like=1,P1,C10,bddff012e149494e,"[""R001"", ""R006"", ""R026""]",0.5466710487563106,center_to_upper_band,recover_growth_gap,SARG:P1:simulator_reference:risk_heat=False:risk_cold=False:diet=1
38,38,2026-05-17 19:38:20,5.0,24.0,0.0,1.0,1.0,1.0,SARG_POLICY,R001,0.48777335191902443,0.5,0.25,0.35,phase=P1;diet_like=1,P1,C10,6a5a38e5b17987c1,"[""R001"", ""R006"", ""R026""]",0.7874788025490717,center_to_upper_band,recover_growth_gap,SARG:P1:simulator_reference:risk_heat=False:risk_cold=False:diet=1
39,39,2026-05-17 19:38:20,5.0,24.0,0.0,1.0,1.0,1.0,SARG_POLICY,R001,0.4901686630636859,0.5,0.25,0.35,phase=P1;diet_like=1,P1,C10,5ca7da45d39e05c8,"[""R001"", ""R006"", ""R026""]",0.805771904324448,center_to_upper_band,recover_growth_gap,SARG:P1:simulator_reference:risk_heat=False:risk_cold=False:diet=1
40,40,2026-05-17 19:38:20,5.0,24.0,0.0,1.0,1.0,1.0,SARG_POLICY,R001,0.4899007450711558,0.5,0.25,0.35,phase=P1;diet_like=1,P1,C10,dae04efedb2f1a58,"[""R001"", ""R006"", ""R026""]",0.8207851209785905,center_to_upper_band,recover_growth_gap,SARG:P1:simulator_reference:risk_heat=False:risk_cold=False:diet=1
41,41,2026-05-17 19:38:20,5.0,24.0,0.005743623319454605,1.0,1.0,1.0,SARG_POLICY,R001,0.4891691528545367,0.5,0.25,0.35,phase=P1;diet_like=1,P1,C10,771063e91eb67159,"[""R001"", ""R006"", ""R026""]",0.8205552060770526,center_to_upper_band,recover_growth_gap,SARG:P1:simulator_reference:risk_heat=False:risk_cold=False:diet=1
42,42,2026-05-17 19:38:20,5.0,24.0,0.014540474779820456,1.0,1.0,1.0,SARG_POLICY,R001,0.49131999826148015,0.5,0.25,0.35,phase=P1;diet_like=1,P1,C10,22b086cba8b91be8,"[""R001"", ""R006"", ""R026""]",0.7713482676368631,center_to_upper_band,recover_growth_gap,SARG:P1:simulator_reference:risk_heat=False:risk_cold=False:diet=1
43,43,2026-05-17 19:38:20,5.0,24.0,0.035530446959391115,1.0,1.0,1.0,SARG_POLICY,R001,0.4988586280448815,0.5,0.25,0.35,phase=P1;diet_like=1,P1,C10,e94754d230cae833,"[""R001"", ""R006"", ""R026""]",0.5812624293691482,center_to_upper_band,recover_growth_gap,SARG:P1:simulator_reference:risk_heat=False:risk_cold=False:diet=1
44,44,2026-05-17 19:38:20,5.0,24.0,0.04460033264136104,1.0,1.0,1.0,SARG_POLICY,R001,0.503824316972437,0.5,0.25,0.35,phase=P1;diet_like=1,P1,C10,1df07b56d3ed6194,"[""R001"", ""R006"", ""R026""]",0.4790805253792271,center_to_upper_band,recover_growth_gap,SARG:P1:simulator_reference:risk_heat=False:risk_cold=False:diet=1
45,45,2026-05-17 19:38:20,5.0,24.0,0.04641852334017743,1.0,1.0,1.0,SARG_POLICY,R001,0.5061205121812664,0.5,0.25,0.35,phase=P1;diet_like=1,P1,C10,7f5059a3f99b9a17,"[""R001"", ""R006"", ""R026""]",0.44390258166489405,center_to_upper_band,recover_growth_gap,SARG:P1:simulator_reference:risk_heat=False:risk_cold=False:diet=1
46,46,2026-05-17 19:38:20,5.0,24.0,0.0657168631559632,1.0,1.0,1.0,SARG_POLICY,R001,0.5079215812950654,0.5,0.25,0.35,phase=P1;diet_like=1,P1,C10,ef5ea05992fd8cc1,"[""R001"", ""R006"", ""R026""]",0.36420015216892215,center_to_upper_band,recover_growth_gap,SARG:P1:simulator_reference:risk_heat=False:risk_cold=False:diet=1
47,47,2026-05-17 19:38:20,5.0,24.0,0.0747085284006771,1.0,1.0,1.0,SARG_POLICY,R001,0.5104510621414949,0.5,0.25,0.35,phase=P1;diet_like=1,P1,C10,5e52a249b292c5fb,"[""R001"", ""R006"", ""R026""]",0.3086723881724959,center_to_upper_band,recover_growth_gap,SARG:P1:simulator_reference:risk_heat=False:risk_cold=False:diet=1
48,48,2026-05-17 19:38:20,5.0,24.0,0.08044708242633997,1.0,1.0,1.0,SARG_POLICY,R001,0.5122368961691798,0.5,0.25,0.35,phase=P1;diet_like=1,P1,C10,f992f6df277ae8a4,"[""R001"", ""R006"", ""R026""]",0.2749580224391599,center_to_upper_band,recover_growth_gap,SARG:P1:simulator_reference:risk_heat=False:risk_cold=False:diet=1
49,49,2026-05-17 19:38:20,5.0,24.0,0.07520162650317819,1.0,1.0,1.0,SARG_POLICY,R001,0.5129182405545413,0.5,0.25,0.35,phase=P1;diet_like=1,P1,C10,8e7bccfeab7d7fdd,"[""R001"", ""R006"", ""R026""]",0.28655674773628886,center_to_upper_band,recover_growth_gap,SARG:P1:simulator_reference:risk_heat=False:risk_cold=False:diet=1
50,50,2026-05-17 19:38:20,5.0,24.0,0.08463392705717582,1.0,1.0,1.0,SARG_POLICY,R001,0.5139273252180024,0.5,0.25,0.35,phase=P1;diet_like=1,P1,C02,0f4ce6970fb537ad,"[""R001"", ""R006"", ""R026""]",0.23808924185308156,center_to_upper_band,recover_growth_gap,SARG:P1:simulator_reference:risk_heat=False:risk_cold=False:diet=1
51,51,2026-05-17 19:38:20,5.0,24.0,0.09176068746765093,1.0,1.0,1.0,SARG_POLICY,R001,0.5136328512963145,0.5,0.25,0.35,phase=P1;diet_like=1,P1,C10,1fc1a5520b53e79e,"[""R001"", ""R006"", ""R026""]",0.2084890490683129,center_to_upper_band,recover_growth_gap,SARG:P1:simulator_reference:risk_heat=False:risk_cold=False:diet=1
52,52,2026-05-17 19:38:21,5.0,24.0,0.08998192427453217,1.0,1.0,1.0,SARG_POLICY,R001,0.5143764525975519,0.5,0.25,0.35,phase=P1;diet_like=1,P1,C02,247a18a3e69ab9f4,"[""R001"", ""R006"", ""R026""]",0.20833046654749518,center_to_upper_band,recover_growth_gap,SARG:P1:simulator_reference:risk_heat=False:risk_cold=False:diet=1
53,53,2026-05-17 19:38:21,5.0,24.0,0.09878046089183035,1.0,1.0,1.0,SARG_POLICY,R004,0.5065902107932597,0.5,0.45,0.0,phase=P1;diet_like=4,P1,C10,c55ecb6c9a55e764,"[""R004"", ""R008"", ""R139""]",0.19903019454017776,center_band,maintain_efficiency,SARG:P1:simulator_reference:risk_heat=False:risk_cold=False:diet=4
54,54,2026-05-17 19:38:21,5.0,24.0,0.11832355497318559,1.0,1.0,1.0,SARG_POLICY,R004,0.48679561934289833,0.5,0.45,0.0,phase=P1;diet_like=4,P1,C10,87843bbf9158b2e1,"[""R004"", ""R008"", ""R139""]",0.15245942502807247,center_band,maintain_efficiency,SARG:P1:simulator_reference:risk_heat=False:risk_cold=False:diet=4
55,55,2026-05-17 19:38:21,5.0,24.0,0.098241785089909,1.0,1.0,1.0,SARG_POLICY,R004,0.5080965064788882,0.5,0.45,0.0,phase=P1;diet_like=4,P1,C02,47da966e19e608b4,"[""R004"", ""R008"", ""R139""]",0.19806712282033806,center_band,maintain_efficiency,SARG:P1:simulator_reference:risk_heat=False:risk_cold=False:diet=4
56,56,2026-05-17 19:38:21,5.0,24.0,0.14033956500982575,1.0,1.0,1.0,SARG_POLICY,R003,0.507014566487925,0.5,0.25,0.35,phase=P1;diet_like=3,P1,C02,f4c48ed931b4a80e,"[""R003"", ""R010"", ""R011""]",0.46466494145826065,center_to_upper_band,recover_growth_gap,SARG:P1:simulator_reference:risk_heat=False:risk_cold=False:diet=3
57,57,2026-05-17 19:38:21,5.0,24.0,0.11228511717485168,1.0,1.0,1.0,SARG_POLICY,R004,0.49100989004319995,0.5,0.45,0.0,phase=P1;diet_like=4,P1,C10,d4e6571783d1b1c7,"[""R004"", ""R008"", ""R139""]",0.1575929464446693,center_band,maintain_efficiency,SARG:P1:simulator_reference:risk_heat=False:risk_cold=False:diet=4
58,58,2026-05-17 19:38:21,5.0,24.0,0.09707722698771654,1.0,1.0,1.0,SARG_POLICY,R004,0.5019416267559967,0.5,0.45,0.0,phase=P1;diet_like=4,P1,C10,440fed70545e3cd7,"[""R004"", ""R008"", ""R139""]",0.18094855480933553,center_band,maintain_efficiency,SARG:P1:simulator_reference:risk_heat=False:risk_cold=False:diet=4
59,59,2026-05-17 19:38:21,5.0,24.0,0.14165418640647104,1.0,1.0,1.0,SARG_POLICY,R002,0.5158678969708274,0.5,0.25,0.35,phase=P1;diet_like=2,P1,C10,81d3a7123e6c4cf6,"[""R002"", ""R007"", ""R094""]",0.3071693363429201,center_to_upper_band,recover_growth_gap,SARG:P1:simulator_reference:risk_heat=False:risk_cold=False:diet=2
60,60,2026-05-17 19:38:21,5.0,24.0,0.14705485482080582,1.0,1.0,1.0,SARG_POLICY,R005,0.5146482731078627,0.5,0.25,0.35,phase=P1;diet_like=5,P1,C10,0128198109ce7e2b,"[""R005"", ""R009"", ""R003""]",0.2892019318219208,center_to_upper_band,recover_growth_gap,SARG:P1:simulator_reference:risk_heat=False:risk_cold=False:diet=5
61,61,2026-05-17 19:38:21,5.0,24.0,0.17831084212132908,1.0,1.0,1.0,SARG_POLICY,R003,0.4838146770549615,0.5,0.25,0.35,phase=P1;diet_like=3,P1,C02,c60b859bca7496f3,"[""R003"", ""R010"", ""R011""]",0.25706199058024276,center_to_upper_band,recover_growth_gap,SARG:P1:simulator_reference:risk_heat=False:risk_cold=False:diet=3
62,62,2026-05-17 19:38:21,5.0,24.0,0.12759661510387205,1.0,1.0,1.0,SARG_POLICY,R003,0.49139992506620017,0.5,0.25,0.35,phase=P1;diet_like=3,P1,C10,a176eaf6550feba6,"[""R003"", ""R010"", ""R011""]",0.26100161219767254,center_to_upper_band,recover_growth_gap,SARG:P1:simulator_reference:risk_heat=False:risk_cold=False:diet=3
63,63,2026-05-17 19:38:21,5.0,24.0,0.17727580454699032,1.0,1.0,1.0,SARG_POLICY,R003,0.5097327190439161,0.5,0.25,0.35,phase=P1;diet_like=3,P1,C02,3d3ac1604b070a6e,"[""R003"", ""R010"", ""R011""]",0.38050152564232576,center_to_upper_band,recover_growth_gap,SARG:P1:simulator_reference:risk_heat=False:risk_cold=False:diet=3
64,64,2026-05-17 19:38:21,5.0,24.0,0.1708719268558287,1.0,1.0,1.0,SARG_POLICY,R003,0.48582671582071296,0.5,0.25,0.35,phase=P1;diet_like=3,P1,C10,037551c19baaf7f7,"[""R003"", ""R010"", ""R011""]",0.23471805779825405,center_to_upper_band,recover_growth_gap,SARG:P1:simulator_reference:risk_heat=False:risk_cold=False:diet=3
65,65,2026-05-17 19:38:21,5.0,24.0,0.16798892108103142,1.0,1.0,1.0,SARG_POLICY,R003,0.488519847715148,0.5,0.25,0.35,phase=P1;diet_like=3,P1,C02,f646fe4f8fc77257,"[""R003"", ""R010"", ""R011""]",0.23789003751975024,center_to_upper_band,recover_growth_gap,SARG:P1:simulator_reference:risk_heat=False:risk_cold=False:diet=3
66,66,2026-05-17 19:38:21,5.0,24.0,0.17789677528349757,1.0,1.0,1.0,SARG_POLICY,R003,0.4802925572361668,0.5,0.25,0.35,phase=P1;diet_like=3,P1,C02,31b333160f36d5a6,"[""R003"", ""R010"", ""R011""]",0.22084194538780577,center_to_upper_band,recover_growth_gap,SARG:P1:simulator_reference:risk_heat=False:risk_cold=False:diet=3
67,67,2026-05-17 19:38:21,5.0,24.0,0.18074408314296142,1.0,1.0,1.0,SARG_POLICY,R003,0.479303218927681,0.5,0.25,0.35,phase=P1;diet_like=3,P1,C05,6a5377a09dd52dd0,"[""R003"", ""R010"", ""R011""]",0.21518120021060513,center_to_upper_band,recover_growth_gap,SARG:P1:simulator_reference:risk_heat=False:risk_cold=False:diet=3
68,68,2026-05-17 19:38:21,5.0,24.0,0.1770704137953764,1.0,1.0,1.0,SARG_POLICY,R002,0.5207522088520918,0.5,0.25,0.35,phase=P1;diet_like=2,P1,C10,6da19e8a7957630b,"[""R002"", ""R007"", ""R094""]",0.24615364830296074,center_to_upper_band,recover_growth_gap,SARG:P1:simulator_reference:risk_heat=False:risk_cold=False:diet=2
69,69,2026-05-17 19:38:21,5.0,24.0,0.17458417964372042,1.0,1.0,1.0,SARG_POLICY,R005,0.518092455264392,0.5,0.25,0.35,phase=P1;diet_like=5,P1,C02,851964a00f284226,"[""R005"", ""R009"", ""R003""]",0.23958702556168482,center_to_upper_band,recover_growth_gap,SARG:P1:simulator_reference:risk_heat=False:risk_cold=False:diet=5
70,70,2026-05-17 19:38:21,5.0,24.0,0.14791386488475367,1.0,1.0,1.0,SARG_POLICY,R003,0.4878146562678561,0.5,0.25,0.35,phase=P1;diet_like=3,P1,C10,b8b73b44aa834b5d,"[""R003"", ""R010"", ""R011""]",0.22749744890442453,center_to_upper_band,recover_growth_gap,SARG:P1:simulator_reference:risk_heat=False:risk_cold=False:diet=3
71,71,2026-05-17 19:38:21,5.0,24.0,0.17799552875114338,1.0,1.0,1.0,SARG_POLICY,R003,0.5133687246796228,0.5,0.25,0.35,phase=P1;diet_like=3,P1,C10,04b23b0f40169dd0,"[""R003"", ""R010"", ""R011""]",0.370295470637294,center_to_upper_band,recover_growth_gap,SARG:P1:simulator_reference:risk_heat=False:risk_cold=False:diet=3
72,72,2026-05-17 19:38:21,5.0,24.0,0.1795244908910662,1.0,1.0,1.0,SARG_POLICY,R003,0.4849756401212995,0.5,0.25,0.35,phase=P1;diet_like=3,P1,C10,3ef85360a81674c9,"[""R003"", ""R010"", ""R011""]",0.2279628380632302,center_to_upper_band,recover_growth_gap,SARG:P1:simulator_reference:risk_heat=False:risk_cold=False:diet=3
73,73,2026-05-17 19:38:21,5.0,24.0,0.20071986690964544,1.0,1.0,1.0,SARG_POLICY,R003,0.46100456969998893,0.5,0.45,0.0,phase=P1;diet_like=3,P1,C05,297c538913bbfeb8,"[""R003"", ""R010"", ""R011""]",0.17330562459692567,center_band,maintain_efficiency,SARG:P1:simulator_reference:risk_heat=False:risk_cold=False:diet=3
74,74,2026-05-17 19:38:22,5.0,24.0,0.18640590717469685,1.0,1.0,1.0,SARG_POLICY,R003,0.48732284335237136,0.5,0.25,0.35,phase=P1;diet_like=3,P1,C05,688d81a25bd85757,"[""R003"", ""R010"", ""R011""]",0.21697409351954783,center_to_upper_band,recover_growth_gap,SARG:P1:simulator_reference:risk_heat=False:risk_cold=False:diet=3
75,75,2026-05-17 19:38:22,5.0,24.0,0.17740685305682846,1.0,1.0,1.0,SARG_POLICY,R002,0.5214820551865733,0.5,0.25,0.35,phase=P1;diet_like=2,P1,C10,385fd6367868ec8e,"[""R002"", ""R007"", ""R094""]",0.24210205270235996,center_to_upper_band,recover_growth_gap,SARG:P1:simulator_reference:risk_heat=False:risk_cold=False:diet=2
76,76,2026-05-17 19:38:22,5.0,24.0,0.01942058250317452,1.0,1.0,1.0,SARG_POLICY,R001,0.5324477580179817,0.5,0.25,0.35,phase=P1;diet_like=1,P1,C10,873074c28f6465e8,"[""R001"", ""R006"", ""R026""]",0.2106213618600201,center_to_upper_band,recover_growth_gap,SARG:P1:simulator_reference:risk_heat=False:risk_cold=False:diet=1
77,77,2026-05-17 19:38:22,5.0,24.0,0.2022852785164122,1.0,1.0,1.0,SARG_POLICY,R003,0.3658864399748269,0.5,0.45,0.0,phase=P1;diet_like=3,P1,C02,5d43119baa4b47ec,"[""R003"", ""R010"", ""R011""]",0.16896929375254757,center_band,maintain_efficiency,SARG:P1:simulator_reference:risk_heat=False:risk_cold=False:diet=3
78,78,2026-05-17 19:38:22,5.0,24.0,0.20985576019638041,1.0,1.0,1.0,SARG_POLICY,R003,0.4498936627953524,0.5,0.45,0.0,phase=P1;diet_like=3,P1,C05,0866bc92dff763d8,"[""R003"", ""R010"", ""R011""]",0.13552411528145053,center_band,maintain_efficiency,SARG:P1:simulator_reference:risk_heat=False:risk_cold=False:diet=3
79,79,2026-05-17 19:38:22,5.0,24.0,0.1463706585248804,1.0,1.0,1.0,SARG_POLICY,R003,0.5291994305400697,0.5,0.25,0.35,phase=P1;diet_like=3,P1,C07,d61fa50902de9b48,"[""R003"", ""R010"", ""R011""]",0.3105260250368736,center_to_upper_band,recover_growth_gap,SARG:P1:simulator_reference:risk_heat=False:risk_cold=False:diet=3
80,80,2026-05-17 19:38:22,5.0,24.0,0.20182875197476863,1.0,1.0,1.0,SARG_POLICY,R003,0.48017744873368884,0.5,0.45,0.0,phase=P1;diet_like=3,P1,C05,df875319349e0bc4,"[""R003"", ""R010"", ""R011""]",0.19078620221280485,center_band,maintain_efficiency,SARG:P1:simulator_reference:risk_heat=False:risk_cold=False:diet=3
81,81,2026-05-17 19:38:22,5.0,24.0,0.19905050297185622,1.0,1.0,1.0,SARG_POLICY,R003,0.4743027506427058,0.5,0.45,0.0,phase=P2;diet_like=3,P2,C05,df27aa456c478575,"[""R003"", ""R006"", ""R007""]",0.19068732476859904,center_band,maintain_efficiency,SARG:P2:simulator_reference:risk_heat=False:risk_cold=False:diet=3
82,82,2026-05-17 19:38:22,5.0,24.0,0.19390030302736433,1.0,1.0,1.0,SARG_POLICY,R002,0.5162060658030807,0.5,0.25,0.35,phase=P2;diet_like=2,P2,C05,268792c84a0eca99,"[""R002"", ""R011"", ""R060""]",0.23016381746403844,center_to_upper_band,recover_growth_gap,SARG:P2:simulator_reference:risk_heat=False:risk_cold=False:diet=2
83,83,2026-05-17 19:38:22,5.0,24.0,0.2025814844308318,1.0,1.0,1.0,SARG_POLICY,R003,0.47146429655292377,0.5,0.45,0.0,phase=P2;diet_like=3,P2,C05,83eef2ab8eb62b7c,"[""R003"", ""R006"", ""R007""]",0.184727843421314,center_band,maintain_efficiency,SARG:P2:simulator_reference:risk_heat=False:risk_cold=False:diet=3
84,84,2026-05-17 19:38:22,5.0,24.0,0.19284830896386662,1.0,1.0,1.0,SARG_POLICY,R003,0.4588852868089465,0.5,0.45,0.0,phase=P2;diet_like=3,P2,C05,e058cac0f07c26fa,"[""R003"", ""R006"", ""R007""]",0.14543954588232555,center_band,maintain_efficiency,SARG:P2:simulator_reference:risk_heat=False:risk_cold=False:diet=3
85,85,2026-05-17 19:38:22,5.0,24.0,0.0,1.0,1.0,1.0,SARG_POLICY,R001,0.5226901731681103,0.5,0.25,0.35,phase=P2;diet_like=1,P2,C05,39ad9201355c5b0c,"[""R001"", ""R010"", ""R026""]",0.5989357985670022,center_to_upper_band,recover_growth_gap,SARG:P2:simulator_reference:risk_heat=False:risk_cold=False:diet=1
86,86,2026-05-17 19:38:22,5.0,24.0,0.0,1.0,1.0,1.0,SARG_POLICY,R002,0.38397898633557653,0.5,0.25,0.35,phase=P2;diet_like=2,P2,C05,29fefbe46fe9f546,"[""R002"", ""R011"", ""R060""]",0.2646469894022871,center_to_upper_band,recover_growth_gap,SARG:P2:simulator_reference:risk_heat=False:risk_cold=False:diet=2
87,87,2026-05-17 19:38:22,5.0,24.0,0.0,1.0,1.0,1.0,SARG_POLICY,R003,0.4949499234227946,0.5,0.25,0.35,phase=P2;diet_like=3,P2,C05,7c7a8dbb58b27400,"[""R003"", ""R006"", ""R007""]",0.3063241116305171,center_to_upper_band,recover_growth_gap,SARG:P2:simulator_reference:risk_heat=False:risk_cold=False:diet=3
88,88,2026-05-17 19:38:22,5.0,24.0,0.05387132308163961,1.0,1.0,1.0,SARG_POLICY,R002,0.5262702992978631,0.5,0.25,0.35,phase=P2;diet_like=2,P2,C05,5180ee0b416e3949,"[""R002"", ""R011"", ""R060""]",0.4463288402328644,center_to_upper_band,recover_growth_gap,SARG:P2:simulator_reference:risk_heat=False:risk_cold=False:diet=2
89,89,2026-05-17 19:38:22,5.0,24.0,0.0,1.0,1.0,1.0,SARG_POLICY,R002,0.49998130508625627,0.5,0.25,0.35,phase=P2;diet_like=2,P2,C05,6da5e3605cdf5456,"[""R002"", ""R011"", ""R060""]",0.3309217129660898,center_to_upper_band,recover_growth_gap,SARG:P2:simulator_reference:risk_heat=False:risk_cold=False:diet=2
90,90,2026-05-17 19:38:22,5.0,24.0,0.0,1.0,1.0,1.0,SARG_POLICY,R002,0.4949864106499918,0.5,0.25,0.35,phase=P2;diet_like=2,P2,C05,39d334fadf7ad2df,"[""R002"", ""R011"", ""R060""]",0.31894348367103426,center_to_upper_band,recover_growth_gap,SARG:P2:simulator_reference:risk_heat=False:risk_cold=False:diet=2
91,91,2026-05-17 19:38:22,5.0,24.0,0.0,1.0,1.0,1.0,SARG_POLICY,R003,0.5230645588877741,0.5,0.25,0.35,phase=P2;diet_like=3,P2,C05,6962bec67c1ec979,"[""R003"", ""R006"", ""R007""]",0.44134663241696603,center_to_upper_band,recover_growth_gap,SARG:P2:simulator_reference:risk_heat=False:risk_cold=False:diet=3
92,92,2026-05-17 19:38:22,5.0,24.0,0.0,1.0,1.0,1.0,SARG_POLICY,R002,0.4946438827557383,0.5,0.25,0.35,phase=P2;diet_like=2,P2,C05,2db1bb0f2ee59aa9,"[""R002"", ""R011"", ""R060""]",0.3067189949666409,center_to_upper_band,recover_growth_gap,SARG:P2:simulator_reference:risk_heat=False:risk_cold=False:diet=2
93,93,2026-05-17 19:38:22,5.0,24.0,0.0,1.0,1.0,1.0,SARG_POLICY,R002,0.49452407595008535,0.5,0.25,0.35,phase=P2;diet_like=2,P2,C05,0a0443e90ef54e03,"[""R002"", ""R011"", ""R060""]",0.29994098229849375,center_to_upper_band,recover_growth_gap,SARG:P2:simulator_reference:risk_heat=False:risk_cold=False:diet=2
94,94,2026-05-17 19:38:22,5.0,24.0,0.0,1.0,1.0,1.0,SARG_POLICY,R002,0.5251648182136442,0.5,0.25,0.35,phase=P2;diet_like=2,P2,C05,130582dd8c662e0a,"[""R002"", ""R011"", ""R060""]",0.4177102251657775,center_to_upper_band,recover_growth_gap,SARG:P2:simulator_reference:risk_heat=False:risk_cold=False:diet=2
95,95,2026-05-17 19:38:22,5.0,24.0,0.0,1.0,1.0,1.0,SARG_POLICY,R002,0.4946904478239007,0.5,0.25,0.35,phase=P2;diet_like=2,P2,C05,b96ef77cdaf7dd83,"[""R002"", ""R011"", ""R060""]",0.29201360756318817,center_to_upper_band,recover_growth_gap,SARG:P2:simulator_reference:risk_heat=False:risk_cold=False:diet=2
96,96,2026-05-17 19:38:22,5.0,24.0,0.0,1.0,1.0,1.0,SARG_POLICY,R002,0.49359555699679913,0.5,0.25,0.35,phase=P2;diet_like=2,P2,C06,2ecbb6aafce110d4,"[""R002"", ""R011"", ""R060""]",0.2777518617721016,center_to_upper_band,recover_growth_gap,SARG:P2:simulator_reference:risk_heat=False:risk_cold=False:diet=2
97,97,2026-05-17 19:38:22,5.0,24.0,0.0,1.0,1.0,1.0,SARG_POLICY,R003,0.5246949256034054,0.5,0.25,0.35,phase=P2;diet_like=3,P2,C05,2ef6bcd96f785dc7,"[""R003"", ""R006"", ""R007""]",0.4178361621904542,center_to_upper_band,recover_growth_gap,SARG:P2:simulator_reference:risk_heat=False:risk_cold=False:diet=3
98,98,2026-05-17 19:38:23,5.0,24.0,0.0,1.0,1.0,1.0,SARG_POLICY,R003,0.4918890653473367,0.5,0.25,0.35,phase=P2;diet_like=3,P2,C05,89840aa62393461b,"[""R003"", ""R006"", ""R007""]",0.28296509131825476,center_to_upper_band,recover_growth_gap,SARG:P2:simulator_reference:risk_heat=False:risk_cold=False:diet=3
99,99,2026-05-17 19:38:23,5.0,24.0,0.0,1.0,1.0,1.0,SARG_POLICY,R002,0.5309091768277803,0.5,0.25,0.35,phase=P2;diet_like=2,P2,C05,f5b6ea93ef29e5eb,"[""R002"", ""R011"", ""R060""]",0.47268405581240347,center_to_upper_band,recover_growth_gap,SARG:P2:simulator_reference:risk_heat=False:risk_cold=False:diet=2
100,100,2026-05-17 19:38:23,5.0,24.0,0.0,1.0,1.0,1.0,SARG_POLICY,R005,0.5337880338940446,0.5,0.25,0.35,phase=P2;diet_like=5,P2,C00,9f51d6fb0b2cdb63,"[""R005"", ""R013"", ""R093""]",0.4346743957959407,center_to_upper_band,recover_growth_gap,SARG:P2:simulator_reference:risk_heat=False:risk_cold=False:diet=5
101,101,2026-05-17 19:38:23,5.0,24.0,0.0,1.0,1.0,1.0,SARG_POLICY,R002,0.49122713233182963,0.5,0.25,0.35,phase=P2;diet_like=2,P2,C00,df04dd2f70c28dd2,"[""R002"", ""R011"", ""R060""]",0.27023700771939285,center_to_upper_band,recover_growth_gap,SARG:P2:simulator_reference:risk_heat=False:risk_cold=False:diet=2
102,102,2026-05-17 19:38:23,5.0,24.0,0.0,1.0,1.0,1.0,SARG_POLICY,R003,0.5320433088174638,0.5,0.25,0.35,phase=P2;diet_like=3,P2,C00,7d84cb2445493e17,"[""R003"", ""R006"", ""R007""]",0.4041623593982675,center_to_upper_band,recover_growth_gap,SARG:P2:simulator_reference:risk_heat=False:risk_cold=False:diet=3
103,103,2026-05-17 19:38:23,5.0,24.0,0.0,1.0,1.0,1.0,SARG_POLICY,R002,0.4776913913024181,0.5,0.25,0.35,phase=P2;diet_like=2,P2,C11,6359b465e2dd82cc,"[""R002"", ""R011"", ""R060""]",0.24214578760933575,center_to_upper_band,recover_growth_gap,SARG:P2:simulator_reference:risk_heat=False:risk_cold=False:diet=2
104,104,2026-05-17 19:38:23,5.0,24.0,0.0,1.0,1.0,1.0,SARG_POLICY,R002,0.5324596019350992,0.5,0.25,0.35,phase=P2;diet_like=2,P2,C07,b2c11d1005509688,"[""R002"", ""R011"", ""R060""]",0.3951927041836558,center_to_upper_band,recover_growth_gap,SARG:P2:simulator_reference:risk_heat=False:risk_cold=False:diet=2
105,105,2026-05-17 19:38:23,5.0,24.0,0.0,1.0,1.0,1.0,SARG_POLICY,R005,0.5266286065622102,0.5,0.25,0.35,phase=P2;diet_like=5,P2,C05,f120dc3aa11cd9fa,"[""R005"", ""R013"", ""R093""]",0.35495153029663706,center_to_upper_band,recover_growth_gap,SARG:P2:simulator_reference:risk_heat=False:risk_cold=False:diet=5
106,106,2026-05-17 19:38:23,5.0,24.0,0.0,1.0,1.0,1.0,SARG_POLICY,R002,0.47390700719298956,0.5,0.25,0.35,phase=P2;diet_like=2,P2,C08,b33f06204f4b01e0,"[""R002"", ""R011"", ""R060""]",0.2356314189557029,center_to_upper_band,recover_growth_gap,SARG:P2:simulator_reference:risk_heat=False:risk_cold=False:diet=2
107,107,2026-05-17 19:38:23,5.0,24.0,0.0,1.0,1.0,1.0,SARG_POLICY,R003,0.5269142745028037,0.5,0.25,0.35,phase=P2;diet_like=3,P2,C06,6e8417077ba6109b,"[""R003"", ""R006"", ""R007""]",0.3831205144913684,center_to_upper_band,recover_growth_gap,SARG:P2:simulator_reference:risk_heat=False:risk_cold=False:diet=3
108,108,2026-05-17 19:38:23,5.0,24.0,0.0,1.0,1.0,1.0,SARG_POLICY,R004,0.4878776768226513,0.5,0.45,0.0,phase=P2;diet_like=4,P2,C05,c2d9dda2ea7e83e4,"[""R004"", ""R012"", ""R089""]",0.1049209336457098,center_band,maintain_efficiency,SARG:P2:simulator_reference:risk_heat=False:risk_cold=False:diet=4
109,109,2026-05-17 19:38:23,5.0,24.0,0.0,1.0,1.0,1.0,SARG_POLICY,R002,0.5271185805992002,0.5,0.25,0.35,phase=P2;diet_like=2,P2,C05,28e90eb1bc885ea4,"[""R002"", ""R011"", ""R060""]",0.36242254314630157,center_to_upper_band,recover_growth_gap,SARG:P2:simulator_reference:risk_heat=False:risk_cold=False:diet=2
110,110,2026-05-17 19:38:23,5.0,24.0,0.03694954636379616,1.0,1.0,1.0,SARG_POLICY,R005,0.5292488623557822,0.5,0.25,0.35,phase=P2;diet_like=5,P2,C02,71bdae200169c312,"[""R005"", ""R013"", ""R093""]",0.3345951469539669,center_to_upper_band,recover_growth_gap,SARG:P2:simulator_reference:risk_heat=False:risk_cold=False:diet=5
111,111,2026-05-17 19:38:23,5.0,24.0,0.0,1.0,1.0,1.0,SARG_POLICY,R004,0.44239646518736336,0.5,0.45,0.0,phase=P2;diet_like=4,P2,C05,7a55309027c56608,"[""R004"", ""R012"", ""R089""]",0.04121545969216084,center_band,maintain_efficiency,SARG:P2:simulator_reference:risk_heat=False:risk_cold=False:diet=4
112,112,2026-05-17 19:38:23,5.0,24.0,0.0697574040068597,1.0,1.0,1.0,SARG_POLICY,R003,0.5301369715156519,0.5,0.25,0.35,phase=P2;diet_like=3,P2,C07,e4f16858861011ed,"[""R003"", ""R006"", ""R007""]",0.4035764114418267,center_to_upper_band,recover_growth_gap,SARG:P2:simulator_reference:risk_heat=False:risk_cold=False:diet=3
113,113,2026-05-17 19:38:23,5.0,24.0,0.0,1.0,1.0,1.0,SARG_POLICY,R004,0.4371423422384215,0.5,0.15,0.0,phase=P2;diet_like=4,P2,C00,3af5d73400fb5322,"[""R004"", ""R012"", ""R089""]",0.01315653327175996,center_band,maintain_efficiency,SARG:P2:simulator_reference:risk_heat=False:risk_cold=False:diet=4
114,114,2026-05-17 19:38:23,5.0,24.0,0.0,1.0,1.0,1.0,SARG_POLICY,R002,0.5039457160881733,0.5,0.25,0.35,phase=P2;diet_like=2,P2,C05,578748b8325148e8,"[""R002"", ""R011"", ""R060""]",0.2314050088918031,center_to_upper_band,recover_growth_gap,SARG:P2:simulator_reference:risk_heat=False:risk_cold=False:diet=2
115,115,2026-05-17 19:38:23,5.0,24.0,0.011349110735642265,1.0,1.0,1.0,SARG_POLICY,R002,0.4654843270097525,0.5,0.25,0.35,phase=P2;diet_like=2,P2,C11,26995c5bcc6bad8e,"[""R002"", ""R011"", ""R060""]",0.20844827799377552,center_to_upper_band,recover_growth_gap,SARG:P2:simulator_reference:risk_heat=False:risk_cold=False:diet=2
116,116,2026-05-17 19:38:23,5.0,24.0,0.0,1.0,1.0,1.0,SARG_POLICY,R002,0.5355480918388078,0.5,0.25,0.35,phase=P2;diet_like=2,P2,C11,c54ca3b55b17a7d4,"[""R002"", ""R011"", ""R060""]",0.340288554074357,center_to_upper_band,recover_growth_gap,SARG:P2:simulator_reference:risk_heat=False:risk_cold=False:diet=2
117,117,2026-05-17 19:38:23,5.0,24.0,0.0,1.0,1.0,1.0,SARG_POLICY,R005,0.5306873650895476,0.5,0.25,0.35,phase=P2;diet_like=5,P2,C00,557b41aab2fdaf46,"[""R005"", ""R013"", ""R093""]",0.3400949442627025,center_to_upper_band,recover_growth_gap,SARG:P2:simulator_reference:risk_heat=False:risk_cold=False:diet=5
118,118,2026-05-17 19:38:23,5.0,24.0,0.0,1.0,1.0,1.0,SARG_POLICY,R003,0.5314134398864117,0.5,0.25,0.35,phase=P2;diet_like=3,P2,C00,2544b4702618b453,"[""R003"", ""R006"", ""R007""]",0.3327689349403839,center_to_upper_band,recover_growth_gap,SARG:P2:simulator_reference:risk_heat=False:risk_cold=False:diet=3
119,119,2026-05-17 19:38:23,5.0,24.0,0.0,1.0,1.0,1.0,SARG_POLICY,R004,0.4263482585630036,0.5,0.45,0.0,phase=P2;diet_like=4,P2,C05,040cd59efa2f31fd,"[""R004"", ""R012"", ""R089""]",0.02778241187410321,center_band,maintain_efficiency,SARG:P2:simulator_reference:risk_heat=False:risk_cold=False:diet=4
120,120,2026-05-17 19:38:23,5.0,24.0,0.0,1.0,1.0,1.0,SARG_POLICY,R004,0.4264001357317972,0.5,0.45,0.0,phase=P2;diet_like=4,P2,C05,ffb836f5022bd73a,"[""R004"", ""R012"", ""R089""]",0.03038508661508372,center_band,maintain_efficiency,SARG:P2:simulator_reference:risk_heat=False:risk_cold=False:diet=4
121,121,2026-05-17 19:38:23,5.0,24.0,0.0,1.0,1.0,1.0,SARG_POLICY,R004,0.42415833429874905,0.5,0.45,0.0,phase=P2;diet_like=4,P2,C05,384af1cafc10d761,"[""R004"", ""R012"", ""R089""]",0.03447372153841172,center_band,maintain_efficiency,SARG:P2:simulator_reference:risk_heat=False:risk_cold=False:diet=4
122,122,2026-05-17 19:38:24,5.0,24.0,0.0,1.0,1.0,1.0,SARG_POLICY,R004,0.4203107509500432,0.5,0.45,0.0,phase=P2;diet_like=4,P2,C06,77a8402a784b335c,"[""R004"", ""R012"", ""R089""]",0.03735847836909927,center_band,maintain_efficiency,SARG:P2:simulator_reference:risk_heat=False:risk_cold=False:diet=4
123,123,2026-05-17 19:38:24,5.0,24.0,0.18945523801409458,1.0,1.0,1.0,SARG_POLICY,R002,0.46506514037461055,0.5,0.45,0.0,phase=P2;diet_like=2,P2,C05,99e58fb0bb95a25e,"[""R002"", ""R011"", ""R060""]",0.12979497986248956,center_band,maintain_efficiency,SARG:P2:simulator_reference:risk_heat=False:risk_cold=False:diet=2
124,124,2026-05-17 19:38:24,5.0,24.0,0.0,1.0,1.0,1.0,SARG_POLICY,R004,0.4660880007531888,0.5,0.45,0.0,phase=P2;diet_like=4,P2,C06,ceadea6ef1984de3,"[""R004"", ""R012"", ""R089""]",0.06438954506897894,center_band,maintain_efficiency,SARG:P2:simulator_reference:risk_heat=False:risk_cold=False:diet=4
125,125,2026-05-17 19:38:24,5.0,24.0,0.0,1.0,1.0,1.0,SARG_POLICY,R004,0.4180057958463912,0.5,0.45,0.0,phase=P2;diet_like=4,P2,C06,1e182e55f74fb9ca,"[""R004"", ""R012"", ""R089""]",0.04269398605211262,center_band,maintain_efficiency,SARG:P2:simulator_reference:risk_heat=False:risk_cold=False:diet=4
126,126,2026-05-17 19:38:24,5.0,24.0,0.17672485263509974,1.0,1.0,1.0,SARG_POLICY,R002,0.4387042581932058,0.5,0.45,0.0,phase=P2;diet_like=2,P2,C06,a159c7328c786b5a,"[""R002"", ""R011"", ""R060""]",0.07827029781611827,center_band,maintain_efficiency,SARG:P2:simulator_reference:risk_heat=False:risk_cold=False:diet=2
127,127,2026-05-17 19:38:24,5.0,24.0,0.031223015318597502,1.0,1.0,1.0,SARG_POLICY,R002,0.4803133541472322,0.5,0.45,0.0,phase=P2;diet_like=2,P2,C05,d45d2e95d0b6e61b,"[""R002"", ""R011"", ""R060""]",0.16628800504886093,center_band,maintain_efficiency,SARG:P2:simulator_reference:risk_heat=False:risk_cold=False:diet=2
128,128,2026-05-17 19:38:24,5.0,24.0,0.0,1.0,1.0,1.0,SARG_POLICY,R001,0.4461502066427909,0.5,0.15,0.0,phase=P2;diet_like=1,P2,C07,d9ef3eb8930f2dd6,"[""R001"", ""R010"", ""R026""]",0.04384706604051776,center_band,maintain_efficiency,SARG:P2:simulator_reference:risk_heat=False:risk_cold=False:diet=1
129,129,2026-05-17 19:38:24,5.0,24.0,0.0,1.0,1.0,1.0,SARG_POLICY,R004,0.4139797460792947,0.5,0.15,0.0,phase=P2;diet_like=4,P2,C11,dcf63fb87b8ccac2,"[""R004"", ""R012"", ""R089""]",0.04304069966614217,center_band,maintain_efficiency,SARG:P2:simulator_reference:risk_heat=False:risk_cold=False:diet=4
130,130,2026-05-17 19:38:24,5.0,24.0,0.1362816653664498,1.0,1.0,1.0,SARG_POLICY,R002,0.5193179933110164,0.5,0.25,0.35,phase=P2;diet_like=2,P2,C07,fc0abae65b295182,"[""R002"", ""R011"", ""R060""]",0.32056666931268146,center_to_upper_band,recover_growth_gap,SARG:P2:simulator_reference:risk_heat=False:risk_cold=False:diet=2
131,131,2026-05-17 19:38:24,5.0,24.0,0.14778235535711992,1.0,1.0,1.0,SARG_POLICY,R002,0.423696811373041,0.5,0.15,0.0,phase=P2;diet_like=2,P2,C07,7449800a6da0906a,"[""R002"", ""R011"", ""R060""]",0.03544449034219769,center_band,maintain_efficiency,SARG:P2:simulator_reference:risk_heat=False:risk_cold=False:diet=2
132,132,2026-05-17 19:38:24,5.0,24.0,0.0,1.0,1.0,1.0,SARG_POLICY,R004,0.40796591035459256,0.5,0.15,0.0,phase=P2;diet_like=4,P2,C07,793cfe0b29915446,"[""R004"", ""R012"", ""R089""]",0.04519673488350075,center_band,maintain_efficiency,SARG:P2:simulator_reference:risk_heat=False:risk_cold=False:diet=4
133,133,2026-05-17 19:38:24,5.0,24.0,0.0,1.0,1.0,1.0,SARG_POLICY,R001,0.3882948520443286,0.5,0.15,0.0,phase=P2;diet_like=1,P2,C00,a9bc51a3bec8a66e,"[""R001"", ""R010"", ""R026""]",0.08068353449281791,center_band,maintain_efficiency,SARG:P2:simulator_reference:risk_heat=False:risk_cold=False:diet=1
134,134,2026-05-17 19:38:24,5.0,24.0,0.0,1.0,1.0,1.0,SARG_POLICY,R004,0.47968734831671966,0.5,0.15,0.0,phase=P2;diet_like=4,P2,C00,d9fcf60189e45289,"[""R004"", ""R012"", ""R089""]",0.08113052971336983,center_band,maintain_efficiency,SARG:P2:simulator_reference:risk_heat=False:risk_cold=False:diet=4
135,135,2026-05-17 19:38:24,5.0,24.0,0.04073116363351359,1.0,1.0,1.0,SARG_POLICY,R002,0.5379489160280555,0.5,0.25,0.35,phase=P2;diet_like=2,P2,C07,061581e6b09629e4,"[""R002"", ""R011"", ""R060""]",0.23168088020477556,center_to_upper_band,recover_growth_gap,SARG:P2:simulator_reference:risk_heat=False:risk_cold=False:diet=2
136,136,2026-05-17 19:38:24,5.0,24.0,0.0,1.0,1.0,1.0,SARG_POLICY,R003,0.4616614363664089,0.5,0.15,0.0,phase=P2;diet_like=3,P2,C00,e1185c1908db2a64,"[""R003"", ""R006"", ""R007""]",0.1604101013260256,center_band,maintain_efficiency,SARG:P2:simulator_reference:risk_heat=False:risk_cold=False:diet=3
137,137,2026-05-17 19:38:24,5.0,24.0,0.0,1.0,1.0,1.0,SARG_POLICY,R004,0.4319085955633208,0.5,0.15,0.0,phase=P2;diet_like=4,P2,C00,74ba796982584bf8,"[""R004"", ""R012"", ""R089""]",0.05772721336928782,center_band,maintain_efficiency,SARG:P2:simulator_reference:risk_heat=False:risk_cold=False:diet=4
138,138,2026-05-17 19:38:24,5.0,24.0,0.2452388612674733,1.0,1.0,1.0,SARG_POLICY,R005,0.3927156685344208,0.5,0.15,0.0,phase=P2;diet_like=5,P2,C00,52b2bfb04789568f,"[""R005"", ""R013"", ""R093""]",0.039313127675801016,center_band,maintain_efficiency,SARG:P2:simulator_reference:risk_heat=False:risk_cold=False:diet=5
139,139,2026-05-17 19:38:24,5.0,24.0,0.0,1.0,1.0,1.0,SARG_POLICY,R004,0.4007559184048094,0.5,0.15,0.0,phase=P2;diet_like=4,P2,C00,371371e4b8deaf7e,"[""R004"", ""R012"", ""R089""]",0.06212382296097134,center_band,maintain_efficiency,SARG:P2:simulator_reference:risk_heat=False:risk_cold=False:diet=4
140,140,2026-05-17 19:38:24,5.0,24.0,0.0,1.0,1.0,1.0,SARG_POLICY,R004,0.3775399879921567,0.5,0.15,0.0,phase=P2;diet_like=4,P2,C03,84f825444b8e49e3,"[""R004"", ""R012"", ""R089""]",0.09163329700075645,center_band,maintain_efficiency,SARG:P2:simulator_reference:risk_heat=False:risk_cold=False:diet=4
141,141,2026-05-17 19:38:24,5.0,24.0,0.25319895436484174,1.0,1.0,1.0,SARG_POLICY,R002,0.4345285728390657,0.5,0.15,0.0,phase=P2;diet_like=2,P2,C03,84bd167f00aead6b,"[""R002"", ""R011"", ""R060""]",0.10474176202796395,center_band,maintain_efficiency,SARG:P2:simulator_reference:risk_heat=False:risk_cold=False:diet=2
142,142,2026-05-17 19:38:24,5.0,24.0,0.005640785466299869,1.0,1.0,1.0,SARG_POLICY,R004,0.4629512577822058,0.5,0.15,0.0,phase=P2;diet_like=4,P2,C00,ee0fe17a77dd4a23,"[""R004"", ""R012"", ""R089""]",0.08667970275164202,center_band,maintain_efficiency,SARG:P2:simulator_reference:risk_heat=False:risk_cold=False:diet=4
143,143,2026-05-17 19:38:24,5.0,24.0,0.3041027261841732,1.0,1.0,1.0,SARG_POLICY,R002,0.40634917214591926,0.5,0.15,0.0,phase=P2;diet_like=2,P2,C00,b2e4e97a6181c6db,"[""R002"", ""R011"", ""R060""]",0.0933657097608817,center_band,maintain_efficiency,SARG:P2:simulator_reference:risk_heat=False:risk_cold=False:diet=2
144,144,2026-05-17 19:38:24,5.0,24.0,0.22008519683279493,1.0,1.0,1.0,SARG_POLICY,R002,0.4345372622961962,0.5,0.15,0.0,phase=P2;diet_like=2,P2,C00,97167d6a16f230de,"[""R002"", ""R011"", ""R060""]",0.08429908161232387,center_band,maintain_efficiency,SARG:P2:simulator_reference:risk_heat=False:risk_cold=False:diet=2
145,145,2026-05-17 19:38:24,7.0,25.0,0.02349249119198915,1.15,1.0,0.75,SARG_POLICY,R004,0.3459014674555989,0.5,0.15,0.85,phase=P2;diet_like=4,P2,C04,dcf3b685ee2f6f72,"[""R004"", ""R012"", ""R089""]",0.11957498461978498,center_to_upper_band,maintain_efficiency,SARG:P2:simulator_reference:risk_heat=False:risk_cold=True:diet=4
146,146,2026-05-17 19:38:25,7.0,25.0,0.36350836304341805,1.15,1.0,0.75,SARG_POLICY,R002,0.38627048090083216,0.5,0.15,0.85,phase=P2;diet_like=2,P2,C04,d51cab71166d2771,"[""R002"", ""R011"", ""R060""]",0.1327326094836276,center_to_upper_band,maintain_efficiency,SARG:P2:simulator_reference:risk_heat=False:risk_cold=True:diet=2
147,147,2026-05-17 19:38:25,5.0,24.0,0.02398481950396736,1.0,1.0,1.0,SARG_POLICY,R001,0.41402714822604003,0.5,0.15,0.0,phase=P2;diet_like=1,P2,C11,dc80e599258e51e5,"[""R001"", ""R010"", ""R026""]",0.11506760159056623,center_band,maintain_efficiency,SARG:P2:simulator_reference:risk_heat=False:risk_cold=False:diet=1
148,148,2026-05-17 19:38:25,7.0,25.0,0.3915513108687493,1.15,1.0,0.75,SARG_POLICY,R002,0.363692563912157,0.5,0.15,0.85,phase=P2;diet_like=2,P2,C04,6cd5a48093846070,"[""R002"", ""R011"", ""R060""]",0.1213040187888287,center_to_upper_band,maintain_efficiency,SARG:P2:simulator_reference:risk_heat=False:risk_cold=True:diet=2
149,149,2026-05-17 19:38:25,7.0,25.0,0.024760836727166335,1.15,1.0,0.75,SARG_POLICY,R004,0.4355859548681363,0.5,0.15,0.85,phase=P2;diet_like=4,P2,C04,b14943905297f786,"[""R004"", ""R012"", ""R089""]",0.09427699403947318,center_to_upper_band,maintain_efficiency,SARG:P2:simulator_reference:risk_heat=False:risk_cold=True:diet=4
150,150,2026-05-17 19:38:25,5.0,24.0,0.367582944863165,1.0,1.0,1.0,SARG_POLICY,R002,0.40146107179879725,0.5,0.15,0.0,phase=P2;diet_like=2,P2,C00,9440ed0c3e01ea0c,"[""R002"", ""R011"", ""R060""]",0.1250066893987071,center_band,maintain_efficiency,SARG:P2:simulator_reference:risk_heat=False:risk_cold=False:diet=2
151,151,2026-05-17 19:38:25,5.0,24.0,0.4565848429705822,1.0,1.0,1.0,SARG_POLICY,R002,0.3635934799844036,0.5,0.15,0.0,phase=P2;diet_like=2,P2,C00,9280b82545e01d52,"[""R002"", ""R011"", ""R060""]",0.14517874037912942,center_band,maintain_efficiency,SARG:P2:simulator_reference:risk_heat=False:risk_cold=False:diet=2
152,152,2026-05-17 19:38:25,5.0,24.0,0.40649655467027956,1.0,1.0,1.0,SARG_POLICY,R002,0.39444960524018857,0.5,0.15,0.0,phase=P2;diet_like=2,P2,C07,c86920c797906702,"[""R002"", ""R011"", ""R060""]",0.15377303281912993,center_band,maintain_efficiency,SARG:P2:simulator_reference:risk_heat=False:risk_cold=False:diet=2
153,153,2026-05-17 19:38:25,5.0,24.0,0.47165217752708843,1.0,1.0,1.0,SARG_POLICY,R002,0.3642194695003051,0.5,0.15,0.0,phase=P2;diet_like=2,P2,C07,a0c8f36f43cd3b5a,"[""R002"", ""R011"", ""R060""]",0.1516991251397599,center_band,maintain_efficiency,SARG:P2:simulator_reference:risk_heat=False:risk_cold=False:diet=2
154,154,2026-05-17 19:38:25,5.0,24.0,0.561469524661201,1.0,1.0,1.0,SARG_POLICY,R002,0.33720586140387243,0.5,0.15,0.0,phase=P2;diet_like=2,P2,C07,2db107f1c5cf5212,"[""R002"", ""R011"", ""R060""]",0.19835359049016574,center_band,maintain_efficiency,SARG:P2:simulator_reference:risk_heat=False:risk_cold=False:diet=2
155,155,2026-05-17 19:38:25,5.0,24.0,0.0,1.0,1.0,1.0,SARG_POLICY,R001,0.435560456316124,0.5,0.15,0.0,phase=P2;diet_like=1,P2,C00,30da7fd5698bbb46,"[""R001"", ""R010"", ""R026""]",0.09729302096169933,center_band,maintain_efficiency,SARG:P2:simulator_reference:risk_heat=False:risk_cold=False:diet=1
156,156,2026-05-17 19:38:25,5.0,24.0,0.5394764808574347,1.0,1.0,1.0,SARG_POLICY,R002,0.35427300513292354,0.5,0.15,0.0,phase=P2;diet_like=2,P2,C00,a1c7f6cd9e7172cc,"[""R002"", ""R011"", ""R060""]",0.18832889640535355,center_band,maintain_efficiency,SARG:P2:simulator_reference:risk_heat=False:risk_cold=False:diet=2
157,157,2026-05-17 19:38:25,5.0,24.0,0.09718061480403761,1.0,1.0,1.0,SARG_POLICY,R004,0.42246655731907773,0.5,0.15,0.0,phase=P2;diet_like=4,P2,C00,f53446154aebbcfa,"[""R004"", ""R012"", ""R089""]",0.1329680463871501,center_band,maintain_efficiency,SARG:P2:simulator_reference:risk_heat=False:risk_cold=False:diet=4
158,158,2026-05-17 19:38:25,5.0,24.0,0.4280319693084268,1.0,1.0,1.0,SARG_POLICY,R002,0.38605220423292297,0.5,0.25,0.35,phase=P2;diet_like=2,P2,C07,aadf48ddbd01d8a9,"[""R002"", ""R011"", ""R060""]",0.21220268397631858,center_to_upper_band,recover_growth_gap,SARG:P2:simulator_reference:risk_heat=False:risk_cold=False:diet=2
159,159,2026-05-17 19:38:25,5.0,24.0,0.26625034832294137,1.0,1.0,1.0,SARG_POLICY,R002,0.4372954319416248,0.5,0.15,0.0,phase=P2;diet_like=2,P2,C11,b7ef2df627848688,"[""R002"", ""R011"", ""R060""]",0.1340198807267236,center_band,maintain_efficiency,SARG:P2:simulator_reference:risk_heat=False:risk_cold=False:diet=2
160,160,2026-05-17 19:38:25,5.0,24.0,0.26763799553176637,1.0,1.0,1.0,SARG_POLICY,R002,0.4039579409219541,0.5,0.15,0.0,phase=P2;diet_like=2,P2,C00,030ebc9f2298ce70,"[""R002"", ""R011"", ""R060""]",0.062030402092099535,center_band,maintain_efficiency,SARG:P2:simulator_reference:risk_heat=False:risk_cold=False:diet=2
161,161,2026-05-17 19:38:25,5.0,24.0,0.0,1.0,1.0,1.0,SARG_POLICY,R001,0.34256650229935676,0.5,0.15,0.0,phase=P2;diet_like=1,P2,C11,2b819a992c87548c,"[""R001"", ""R010"", ""R026""]",0.15388595047696674,center_band,maintain_efficiency,SARG:P2:simulator_reference:risk_heat=False:risk_cold=False:diet=1
162,162,2026-05-17 19:38:25,5.0,24.0,0.4892875324830931,1.0,1.0,1.0,SARG_POLICY,R002,0.3565050861833302,0.5,0.15,0.0,phase=P2;diet_like=2,P2,C00,90a436c705d95790,"[""R002"", ""R011"", ""R060""]",0.190281660170405,center_band,maintain_efficiency,SARG:P2:simulator_reference:risk_heat=False:risk_cold=False:diet=2
163,163,2026-05-17 19:38:25,5.0,24.0,0.5334652094622684,1.0,1.0,1.0,SARG_POLICY,R002,0.3436350848563565,0.5,0.15,0.0,phase=P2;diet_like=2,P2,C03,401f8416827ca0d0,"[""R002"", ""R011"", ""R060""]",0.19597528547640497,center_band,maintain_efficiency,SARG:P2:simulator_reference:risk_heat=False:risk_cold=False:diet=2
164,164,2026-05-17 19:38:25,5.0,24.0,0.068482976837279,1.0,1.0,1.0,SARG_POLICY,R001,0.38333293695447246,0.5,0.15,0.0,phase=P2;diet_like=1,P2,C03,54ecb19bd8e25b24,"[""R001"", ""R010"", ""R026""]",0.14411394616380563,center_band,maintain_efficiency,SARG:P2:simulator_reference:risk_heat=False:risk_cold=False:diet=1
165,165,2026-05-17 19:38:25,5.0,24.0,0.3770948379684268,1.0,1.0,1.0,SARG_POLICY,R002,0.40251232535216486,0.5,0.15,0.0,phase=P2;diet_like=2,P2,C11,88246ff0dc7e244c,"[""R002"", ""R011"", ""R060""]",0.1406004879653153,center_band,maintain_efficiency,SARG:P2:simulator_reference:risk_heat=False:risk_cold=False:diet=2
166,166,2026-05-17 19:38:25,5.0,24.0,0.0544033977064774,1.0,1.0,1.0,SARG_POLICY,R004,0.42677289249520217,0.5,0.15,0.0,phase=P2;diet_like=4,P2,C03,8d7dc1aa10142611,"[""R004"", ""R012"", ""R089""]",0.07683205695373226,center_band,maintain_efficiency,SARG:P2:simulator_reference:risk_heat=False:risk_cold=False:diet=4
167,167,2026-05-17 19:38:25,5.0,24.0,0.5014303676238204,1.0,1.0,1.0,SARG_POLICY,R002,0.3560593345337583,0.5,0.15,0.0,phase=P2;diet_like=2,P2,C11,6a6c83677f891586,"[""R002"", ""R011"", ""R060""]",0.174678507635039,center_band,maintain_efficiency,SARG:P2:simulator_reference:risk_heat=False:risk_cold=False:diet=2
168,168,2026-05-17 19:38:25,5.0,24.0,0.4165535631093712,1.0,1.0,1.0,SARG_POLICY,R002,0.3936910413584103,0.5,0.15,0.0,phase=P2;diet_like=2,P2,C07,251c2c1795429748,"[""R002"", ""R011"", ""R060""]",0.16574579949833126,center_band,maintain_efficiency,SARG:P2:simulator_reference:risk_heat=False:risk_cold=False:diet=2
169,169,2026-05-17 19:38:26,5.0,24.0,0.3697801832982993,1.0,1.0,1.0,SARG_POLICY,R002,0.4027872298358604,0.5,0.15,0.0,phase=P2;diet_like=2,P2,C00,921a8cd26e70d815,"[""R002"", ""R011"", ""R060""]",0.12500063800524355,center_band,maintain_efficiency,SARG:P2:simulator_reference:risk_heat=False:risk_cold=False:diet=2
170,170,2026-05-17 19:38:26,5.0,24.0,0.43337492577487213,1.0,1.0,1.0,SARG_POLICY,R002,0.3728895906969398,0.5,0.15,0.0,phase=P2;diet_like=2,P2,C03,821e84c8c676d063,"[""R002"", ""R011"", ""R060""]",0.13233865576215761,center_band,maintain_efficiency,SARG:P2:simulator_reference:risk_heat=False:risk_cold=False:diet=2
171,171,2026-05-17 19:38:26,5.0,24.0,0.018726832356838252,1.0,1.0,1.0,SARG_POLICY,R001,0.3979489353740665,0.5,0.15,0.0,phase=P2;diet_like=1,P2,C11,bc51ffbeaa44521e,"[""R001"", ""R010"", ""R026""]",0.11290695647666252,center_band,maintain_efficiency,SARG:P2:simulator_reference:risk_heat=False:risk_cold=False:diet=1
172,172,2026-05-17 19:38:26,5.0,24.0,0.14384334756606676,1.0,1.0,1.0,SARG_POLICY,R004,0.34339904734376653,0.5,0.15,0.0,phase=P2;diet_like=4,P2,C00,7517fa7c24732680,"[""R004"", ""R012"", ""R089""]",0.12701748645637193,center_band,maintain_efficiency,SARG:P2:simulator_reference:risk_heat=False:risk_cold=False:diet=4
173,173,2026-05-17 19:38:26,5.0,24.0,0.12627907869975807,1.0,1.0,1.0,SARG_POLICY,R004,0.3556880201930714,0.5,0.15,0.0,phase=P2;diet_like=4,P2,C00,ab50350dda458bfa,"[""R004"", ""R012"", ""R089""]",0.11007681930852892,center_band,maintain_efficiency,SARG:P2:simulator_reference:risk_heat=False:risk_cold=False:diet=4
174,174,2026-05-17 19:38:26,5.0,24.0,0.12307865290110032,1.0,1.0,1.0,SARG_POLICY,R004,0.35200749603985154,0.5,0.15,0.0,phase=P2;diet_like=4,P2,C00,168c52e6f95c6aea,"[""R004"", ""R012"", ""R089""]",0.1162396434819429,center_band,maintain_efficiency,SARG:P2:simulator_reference:risk_heat=False:risk_cold=False:diet=4
175,175,2026-05-17 19:38:26,5.0,24.0,0.5199955620444875,1.0,1.0,1.0,SARG_POLICY,R002,0.3672142699483871,0.5,0.25,0.35,phase=P2;diet_like=2,P2,C00,7303c041914e46bb,"[""R002"", ""R011"", ""R060""]",0.20338418779901238,center_to_upper_band,recover_growth_gap,SARG:P2:simulator_reference:risk_heat=False:risk_cold=False:diet=2
176,176,2026-05-17 19:38:26,5.0,24.0,0.5586380984316647,1.0,1.0,1.0,SARG_POLICY,R002,0.34677111837216,0.5,0.15,0.0,phase=P2;diet_like=2,P2,C00,66f658694538fc1d,"[""R002"", ""R011"", ""R060""]",0.19408393757326742,center_band,maintain_efficiency,SARG:P2:simulator_reference:risk_heat=False:risk_cold=False:diet=2
177,177,2026-05-17 19:38:26,5.0,24.0,0.10970889693745,1.0,1.0,1.0,SARG_POLICY,R004,0.42736827515459963,0.5,0.15,0.0,phase=P2;diet_like=4,P2,C00,bd8dced62efeb7ec,"[""R004"", ""R012"", ""R089""]",0.1423848346323407,center_band,maintain_efficiency,SARG:P2:simulator_reference:risk_heat=False:risk_cold=False:diet=4
178,178,2026-05-17 19:38:26,5.0,24.0,0.3487251492172371,1.0,1.0,1.0,SARG_POLICY,R002,0.41392681795629765,0.5,0.15,0.0,phase=P2;diet_like=2,P2,C00,23b5d72fdc4eb8a7,"[""R002"", ""R011"", ""R060""]",0.1838102334870096,center_band,maintain_efficiency,SARG:P2:simulator_reference:risk_heat=False:risk_cold=False:diet=2
179,179,2026-05-17 19:38:26,5.0,24.0,0.0,1.0,1.0,1.0,SARG_POLICY,R001,0.3405045336058206,0.5,0.15,0.0,phase=P2;diet_like=1,P2,C07,852ddcf2b4d33307,"[""R001"", ""R010"", ""R026""]",0.15732066201598108,center_band,maintain_efficiency,SARG:P2:simulator_reference:risk_heat=False:risk_cold=False:diet=1
180,180,2026-05-17 19:38:26,5.0,24.0,0.1334930721781522,1.0,1.0,1.0,SARG_POLICY,R004,0.34176778764138616,0.5,0.15,0.0,phase=P2;diet_like=4,P2,C00,07ea0207498aae76,"[""R004"", ""R012"", ""R089""]",0.13069371283950948,center_band,maintain_efficiency,SARG:P2:simulator_reference:risk_heat=False:risk_cold=False:diet=4
181,181,2026-05-17 19:38:26,5.0,24.0,0.17422590502000534,1.0,1.0,1.0,SARG_POLICY,R004,0.3372436808899914,0.5,0.15,0.0,phase=P2;diet_like=4,P2,C00,90e50c92560e16a1,"[""R004"", ""R012"", ""R089""]",0.13241682695690626,center_band,maintain_efficiency,SARG:P2:simulator_reference:risk_heat=False:risk_cold=False:diet=4
182,182,2026-05-17 19:38:26,5.0,24.0,0.18886797954867818,1.0,1.0,1.0,SARG_POLICY,R004,0.3426998746485538,0.5,0.15,0.0,phase=P2;diet_like=4,P2,C00,3936871c6174fd37,"[""R004"", ""R012"", ""R089""]",0.13320127781223762,center_band,maintain_efficiency,SARG:P2:simulator_reference:risk_heat=False:risk_cold=False:diet=4
183,183,2026-05-17 19:38:26,5.0,24.0,0.13940369958921817,1.0,1.0,1.0,SARG_POLICY,R004,0.37409867715297457,0.5,0.15,0.0,phase=P2;diet_like=4,P2,C00,5d94f6cda46e43cd,"[""R004"", ""R012"", ""R089""]",0.0966149952536956,center_band,maintain_efficiency,SARG:P2:simulator_reference:risk_heat=False:risk_cold=False:diet=4
184,184,2026-05-17 19:38:26,5.0,24.0,0.15749411897785948,1.0,1.0,1.0,SARG_POLICY,R004,0.3536204623447454,0.5,0.15,0.0,phase=P2;diet_like=4,P2,C00,8398b772b11d5bd6,"[""R004"", ""R012"", ""R089""]",0.10819991561243714,center_band,maintain_efficiency,SARG:P2:simulator_reference:risk_heat=False:risk_cold=False:diet=4
185,185,2026-05-17 19:38:26,5.0,24.0,0.0967120148534043,1.0,1.0,1.0,SARG_POLICY,R004,0.38173704848509127,0.5,0.15,0.0,phase=P2;diet_like=4,P2,C11,86aa6233abbcb3ca,"[""R004"", ""R012"", ""R089""]",0.07583184109037251,center_band,maintain_efficiency,SARG:P2:simulator_reference:risk_heat=False:risk_cold=False:diet=4
186,186,2026-05-17 19:38:26,5.0,24.0,0.12225148174278488,1.0,1.0,1.0,SARG_POLICY,R004,0.3543139086093873,0.5,0.15,0.0,phase=P2;diet_like=4,P2,C00,eda3b6b452458588,"[""R004"", ""R012"", ""R089""]",0.11176332640105131,center_band,maintain_efficiency,SARG:P2:simulator_reference:risk_heat=False:risk_cold=False:diet=4
187,187,2026-05-17 19:38:26,5.0,24.0,0.016665779923916046,1.0,1.0,1.0,SARG_POLICY,R001,0.40727723690962975,0.5,0.15,0.0,phase=P2;diet_like=1,P2,C00,ab5b508a24d24612,"[""R001"", ""R010"", ""R026""]",0.10326349250466269,center_band,maintain_efficiency,SARG:P2:simulator_reference:risk_heat=False:risk_cold=False:diet=1
188,188,2026-05-17 19:38:26,5.0,24.0,0.1813349927434712,1.0,1.0,1.0,SARG_POLICY,R004,0.3487843010439497,0.5,0.15,0.0,phase=P2;diet_like=4,P2,C00,9d8e1af60a927598,"[""R004"", ""R012"", ""R089""]",0.11250289591531921,center_band,maintain_efficiency,SARG:P2:simulator_reference:risk_heat=False:risk_cold=False:diet=4
189,189,2026-05-17 19:38:26,5.0,24.0,0.11319028319626423,1.0,1.0,1.0,SARG_POLICY,R004,0.3827058585451789,0.5,0.15,0.0,phase=P2;diet_like=4,P2,C00,3e4574a3edb13316,"[""R004"", ""R012"", ""R089""]",0.08325591211094126,center_band,maintain_efficiency,SARG:P2:simulator_reference:risk_heat=False:risk_cold=False:diet=4
190,190,2026-05-17 19:38:26,5.0,24.0,0.15095383878968083,1.0,1.0,1.0,SARG_POLICY,R004,0.3492210984353527,0.5,0.15,0.0,phase=P2;diet_like=4,P2,C00,57c28004144de129,"[""R004"", ""R012"", ""R089""]",0.11588464012051525,center_band,maintain_efficiency,SARG:P2:simulator_reference:risk_heat=False:risk_cold=False:diet=4
191,191,2026-05-17 19:38:26,5.0,24.0,0.22142533456906255,1.0,1.0,1.0,SARG_POLICY,R004,0.3329654810177898,0.5,0.15,0.0,phase=P2;diet_like=4,P2,C11,3a867bd787dc4a21,"[""R004"", ""R012"", ""R089""]",0.132788333865823,center_band,maintain_efficiency,SARG:P2:simulator_reference:risk_heat=False:risk_cold=False:diet=4
192,192,2026-05-17 19:38:27,5.0,24.0,0.23547677431335712,1.0,1.0,1.0,SARG_POLICY,R004,0.3481928250523864,0.5,0.15,0.0,phase=P2;diet_like=4,P2,C11,699e694b00e4f3d7,"[""R004"", ""R012"", ""R089""]",0.13961653351602013,center_band,maintain_efficiency,SARG:P2:simulator_reference:risk_heat=False:risk_cold=False:diet=4
193,193,2026-05-17 19:38:27,5.0,24.0,0.1700939511931595,1.0,1.0,1.0,SARG_POLICY,R004,0.3761519207491269,0.5,0.15,0.0,phase=P2;diet_like=4,P2,C00,a2eef1f699dd7106,"[""R004"", ""R012"", ""R089""]",0.11098358141508699,center_band,maintain_efficiency,SARG:P2:simulator_reference:risk_heat=False:risk_cold=False:diet=4
194,194,2026-05-17 19:38:27,5.0,24.0,0.14286807494764087,1.0,1.0,1.0,SARG_POLICY,R004,0.3683942602265854,0.5,0.15,0.0,phase=P2;diet_like=4,P2,C11,1b23de866dcc6187,"[""R004"", ""R012"", ""R089""]",0.0963650089923333,center_band,maintain_efficiency,SARG:P2:simulator_reference:risk_heat=False:risk_cold=False:diet=4
195,195,2026-05-17 19:38:27,5.0,24.0,0.16866280279466783,1.0,1.0,1.0,SARG_POLICY,R004,0.35066011907782413,0.5,0.15,0.0,phase=P2;diet_like=4,P2,C11,71249957beed58da,"[""R004"", ""R012"", ""R089""]",0.1113892847692417,center_band,maintain_efficiency,SARG:P2:simulator_reference:risk_heat=False:risk_cold=False:diet=4
196,196,2026-05-17 19:38:27,5.0,24.0,0.326991352844508,1.0,1.0,1.0,SARG_POLICY,R004,0.27783602712644945,0.5,0.25,0.35,phase=P2;diet_like=4,P2,C03,b640b50c64c0f716,"[""R004"", ""R012"", ""R089""]",0.21647927188167487,center_to_upper_band,recover_growth_gap,SARG:P2:simulator_reference:risk_heat=False:risk_cold=False:diet=4
197,197,2026-05-17 19:38:27,5.0,24.0,0.07241295500563127,1.0,1.0,1.0,SARG_POLICY,R001,0.3901782910360425,0.5,0.15,0.0,phase=P2;diet_like=1,P2,C03,afa25e5116f8984f,"[""R001"", ""R010"", ""R026""]",0.1998002194558593,center_band,maintain_efficiency,SARG:P2:simulator_reference:risk_heat=False:risk_cold=False:diet=1
198,198,2026-05-17 19:38:27,5.0,24.0,0.26672434177414883,1.0,1.0,1.0,SARG_POLICY,R004,0.31146720587654286,0.5,0.15,0.0,phase=P2;diet_like=4,P2,C03,33c609b0fb839180,"[""R004"", ""R012"", ""R089""]",0.19618329443791344,center_band,maintain_efficiency,SARG:P2:simulator_reference:risk_heat=False:risk_cold=False:diet=4
199,199,2026-05-17 19:38:27,7.0,25.0,0.24764133003680444,1.15,1.0,0.75,SARG_POLICY,R004,0.31757787742706206,0.5,0.15,0.85,phase=P2;diet_like=4,P2,C09,e6abdf5a5acc7193,"[""R004"", ""R012"", ""R089""]",0.1897514025458617,center_to_upper_band,maintain_efficiency,SARG:P2:simulator_reference:risk_heat=False:risk_cold=True:diet=4
200,200,2026-05-17 19:38:27,7.0,25.0,0.1380865146263719,1.15,1.0,0.75,SARG_POLICY,R004,0.35755754206984347,0.5,0.15,0.85,phase=P2;diet_like=4,P2,C09,150d5b23ca26395d,"[""R004"", ""R012"", ""R089""]",0.1321339671267254,center_to_upper_band,maintain_efficiency,SARG:P2:simulator_reference:risk_heat=False:risk_cold=True:diet=4
201,201,2026-05-17 19:38:27,7.0,25.0,0.4131374891583165,1.15,1.0,0.75,SARG_POLICY,R002,0.35731870149103123,0.5,0.15,0.85,phase=P2;diet_like=2,P2,C09,2033fa063ff9f56e,"[""R002"", ""R011"", ""R060""]",0.18789733337081688,center_to_upper_band,maintain_efficiency,SARG:P2:simulator_reference:risk_heat=False:risk_cold=True:diet=2
202,202,2026-05-17 19:38:27,5.0,24.0,0.0,1.0,1.0,1.0,SARG_POLICY,R004,0.3958503160620821,0.5,0.15,0.0,phase=P2;diet_like=4,P2,C11,6c5a94c97f72fd4b,"[""R004"", ""R012"", ""R089""]",0.06479601097304474,center_band,maintain_efficiency,SARG:P2:simulator_reference:risk_heat=False:risk_cold=False:diet=4
203,203,2026-05-17 19:38:27,5.0,24.0,0.41926566163057555,1.0,1.0,1.0,SARG_POLICY,R002,0.327802791605675,0.5,0.15,0.0,phase=P2;diet_like=2,P2,C03,ebfe5f2aa0e38cb6,"[""R002"", ""R011"", ""R060""]",0.17765478763593803,center_band,maintain_efficiency,SARG:P2:simulator_reference:risk_heat=False:risk_cold=False:diet=2
204,204,2026-05-17 19:38:27,7.0,25.0,0.33227326983503136,1.15,1.0,0.75,SARG_POLICY,R002,0.36468827037093826,0.5,0.15,0.85,phase=P2;diet_like=2,P2,C04,1952e3dbaac884a8,"[""R002"", ""R011"", ""R060""]",0.16873231622464127,center_to_upper_band,maintain_efficiency,SARG:P2:simulator_reference:risk_heat=False:risk_cold=True:diet=2
205,205,2026-05-17 19:38:27,7.0,25.0,0.004039984968345678,1.15,1.0,0.75,SARG_POLICY,R001,0.3658389737279728,0.5,0.15,0.85,phase=P2;diet_like=1,P2,C04,c38bcd0d286eaead,"[""R001"", ""R010"", ""R026""]",0.14547383476124867,center_to_upper_band,maintain_efficiency,SARG:P2:simulator_reference:risk_heat=False:risk_cold=True:diet=1
206,206,2026-05-17 19:38:27,7.0,25.0,0.45394089543401883,1.15,1.0,0.75,SARG_POLICY,R002,0.3323107042395166,0.5,0.15,0.85,phase=P2;diet_like=2,P2,C04,867e260ca0aeee68,"[""R002"", ""R011"", ""R060""]",0.20006187469602474,center_to_upper_band,recover_growth_gap,SARG:P2:simulator_reference:risk_heat=False:risk_cold=True:diet=2
207,207,2026-05-17 19:38:27,7.0,25.0,0.4562366832232928,1.15,1.0,0.75,SARG_POLICY,R002,0.3367481610749915,0.5,0.15,0.85,phase=P2;diet_like=2,P2,C04,997348f60d78fdae,"[""R002"", ""R011"", ""R060""]",0.20420831567820052,center_to_upper_band,recover_growth_gap,SARG:P2:simulator_reference:risk_heat=False:risk_cold=True:diet=2
208,208,2026-05-17 19:38:27,7.0,25.0,0.10895402315595404,1.15,1.0,0.75,SARG_POLICY,R004,0.3159707681350053,0.5,0.15,0.85,phase=P2;diet_like=4,P2,C04,9ff4c216fc2d88ec,"[""R004"", ""R012"", ""R089""]",0.15639256973712912,center_to_upper_band,maintain_efficiency,SARG:P2:simulator_reference:risk_heat=False:risk_cold=True:diet=4
209,209,2026-05-17 19:38:27,7.0,25.0,0.13740599974386702,1.15,1.0,0.75,SARG_POLICY,R004,0.3158119338659598,0.5,0.15,0.85,phase=P2;diet_like=4,P2,C04,29ec253b89b8b145,"[""R004"", ""R012"", ""R089""]",0.15285531435055322,center_to_upper_band,maintain_efficiency,SARG:P2:simulator_reference:risk_heat=False:risk_cold=True:diet=4
210,210,2026-05-17 19:38:27,5.0,24.0,0.12204795720259609,1.0,1.0,1.0,SARG_POLICY,R004,0.34177741635141534,0.5,0.15,0.0,phase=P2;diet_like=4,P2,C11,7a196c98f43a6fc1,"[""R004"", ""R012"", ""R089""]",0.13375111877685925,center_band,maintain_efficiency,SARG:P2:simulator_reference:risk_heat=False:risk_cold=False:diet=4
211,211,2026-05-17 19:38:27,7.0,25.0,0.6062739231969488,1.15,1.0,0.75,SARG_POLICY,R005,0.3921335445343526,0.5,0.15,0.85,phase=P2;diet_like=5,P2,C04,e0c35697669d269a,"[""R005"", ""R013"", ""R093""]",0.1805058413019699,center_to_upper_band,maintain_efficiency,SARG:P2:simulator_reference:risk_heat=False:risk_cold=True:diet=5
212,212,2026-05-17 19:38:27,5.0,24.0,0.6660779782232095,1.0,1.0,1.0,SARG_POLICY,R002,0.41146314863318145,0.5,0.25,0.35,phase=P2;diet_like=2,P2,C11,d59face8e16c0128,"[""R002"", ""R011"", ""R060""]",0.22508368949847202,center_to_upper_band,recover_growth_gap,SARG:P2:simulator_reference:risk_heat=False:risk_cold=False:diet=2
213,213,2026-05-17 19:38:27,5.0,24.0,0.6227493707395614,1.0,1.0,1.0,SARG_POLICY,R005,0.41171393118645366,0.5,0.25,0.35,phase=P2;diet_like=5,P2,C03,a9c4a1743a7aa4f6,"[""R005"", ""R013"", ""R093""]",0.2151262496271244,center_to_upper_band,recover_growth_gap,SARG:P2:simulator_reference:risk_heat=False:risk_cold=False:diet=5
214,214,2026-05-17 19:38:27,5.0,24.0,0.6602838931665588,1.0,1.0,1.0,SARG_POLICY,R002,0.4184851761142884,0.5,0.25,0.35,phase=P2;diet_like=2,P2,C03,4af84e975c9ac682,"[""R002"", ""R011"", ""R060""]",0.2463193868726068,center_to_upper_band,recover_growth_gap,SARG:P2:simulator_reference:risk_heat=False:risk_cold=False:diet=2
215,215,2026-05-17 19:38:28,7.0,25.0,0.5944183551487711,1.15,1.0,0.75,SARG_POLICY,R002,0.41371443927261775,0.5,0.15,0.85,phase=P2;diet_like=2,P2,C04,6887048c9198b837,"[""R002"", ""R011"", ""R060""]",0.23355661706533648,center_to_upper_band,recover_growth_gap,SARG:P2:simulator_reference:risk_heat=False:risk_cold=True:diet=2
216,216,2026-05-17 19:38:28,5.0,24.0,0.5823901738487486,1.0,1.0,1.0,SARG_POLICY,R002,0.4204430371934144,0.5,0.25,0.35,phase=P2;diet_like=2,P2,C03,fa88d04ea22cb0f1,"[""R002"", ""R011"", ""R060""]",0.20343671535483682,center_to_upper_band,recover_growth_gap,SARG:P2:simulator_reference:risk_heat=False:risk_cold=False:diet=2
217,217,2026-05-17 19:38:28,5.0,24.0,0.5972920871228674,1.0,1.0,1.0,SARG_POLICY,R002,0.4165627030793154,0.5,0.15,0.0,phase=P2;diet_like=2,P2,C11,519985c44dff00fc,"[""R002"", ""R011"", ""R060""]",0.1979446288222259,center_band,maintain_efficiency,SARG:P2:simulator_reference:risk_heat=False:risk_cold=False:diet=2
218,218,2026-05-17 19:38:28,5.0,24.0,0.5668557439705738,1.0,1.0,1.0,SARG_POLICY,R005,0.4133268117598186,0.5,0.15,0.0,phase=P2;diet_like=5,P2,C11,4a295963e6958918,"[""R005"", ""R013"", ""R093""]",0.18483006277330938,center_band,maintain_efficiency,SARG:P2:simulator_reference:risk_heat=False:risk_cold=False:diet=5
219,219,2026-05-17 19:38:28,7.0,25.0,0.5829972552754116,1.15,1.0,0.75,SARG_POLICY,R002,0.4118745095140697,0.5,0.15,0.85,phase=P2;diet_like=2,P2,C04,8a1c79a807f5d3ab,"[""R002"", ""R011"", ""R060""]",0.21893307522927188,center_to_upper_band,recover_growth_gap,SARG:P2:simulator_reference:risk_heat=False:risk_cold=True:diet=2
220,220,2026-05-17 19:38:28,5.0,24.0,0.5388520044192361,1.0,1.0,1.0,SARG_POLICY,R002,0.42658738329549445,0.5,0.15,0.0,phase=P2;diet_like=2,P2,C00,d6a9c1d3be7d2322,"[""R002"", ""R011"", ""R060""]",0.1985316949519435,center_band,maintain_efficiency,SARG:P2:simulator_reference:risk_heat=False:risk_cold=False:diet=2
221,221,2026-05-17 19:38:28,5.0,24.0,0.38392431078669687,1.0,1.0,1.0,SARG_POLICY,R002,0.4491523229967529,0.5,0.15,0.0,phase=P3;diet_like=2,P3,C00,01686aa4b1d832c2,"[""R002"", ""R015"", ""R040""]",0.1789112845494798,center_band,maintain_efficiency,SARG:P3:simulator_reference:risk_heat=False:risk_cold=False:diet=2
222,222,2026-05-17 19:38:28,5.0,24.0,0.35842840562689415,1.0,1.0,1.0,SARG_POLICY,R002,0.43473434260525945,0.5,0.15,0.0,phase=P3;diet_like=2,P3,C00,836f4f483ed98e94,"[""R002"", ""R015"", ""R040""]",0.10670612639995723,center_band,maintain_efficiency,SARG:P3:simulator_reference:risk_heat=False:risk_cold=False:diet=2
223,223,2026-05-17 19:38:28,5.0,24.0,0.42815022350115706,1.0,1.0,1.0,SARG_POLICY,R005,0.4135925628175795,0.5,0.15,0.0,phase=P3;diet_like=5,P3,C00,a5e2ae65da3ab026,"[""R005"", ""R017"", ""R059""]",0.10087393169698576,center_band,maintain_efficiency,SARG:P3:simulator_reference:risk_heat=False:risk_cold=False:diet=5
224,224,2026-05-17 19:38:28,5.0,24.0,0.5401785280740853,1.0,1.0,1.0,SARG_POLICY,R005,0.40542895773579896,0.5,0.15,0.0,phase=P3;diet_like=5,P3,C00,a748be8c51f93246,"[""R005"", ""R017"", ""R059""]",0.1279449017982261,center_band,maintain_efficiency,SARG:P3:simulator_reference:risk_heat=False:risk_cold=False:diet=5
225,225,2026-05-17 19:38:28,5.0,24.0,0.556508015456821,1.0,1.0,1.0,SARG_POLICY,R002,0.43108018500646067,0.5,0.25,0.35,phase=P3;diet_like=2,P3,C00,82bc35d59c20b15e,"[""R002"", ""R015"", ""R040""]",0.2193126787752127,center_to_upper_band,recover_growth_gap,SARG:P3:simulator_reference:risk_heat=False:risk_cold=False:diet=2
226,226,2026-05-17 19:38:28,5.0,24.0,0.5209075720672606,1.0,1.0,1.0,SARG_POLICY,R005,0.4167921950845859,0.5,0.15,0.0,phase=P3;diet_like=5,P3,C00,3de1c627ad90fe05,"[""R005"", ""R017"", ""R059""]",0.15860896514965736,center_band,maintain_efficiency,SARG:P3:simulator_reference:risk_heat=False:risk_cold=False:diet=5
227,227,2026-05-17 19:38:28,5.0,24.0,0.5380643034972658,1.0,1.0,1.0,SARG_POLICY,R005,0.41718640940031515,0.5,0.15,0.0,phase=P3;diet_like=5,P3,C00,b5be16689bb2c868,"[""R005"", ""R017"", ""R059""]",0.1707150138469679,center_band,maintain_efficiency,SARG:P3:simulator_reference:risk_heat=False:risk_cold=False:diet=5
228,228,2026-05-17 19:38:28,5.0,24.0,0.6023335669297377,1.0,1.0,1.0,SARG_POLICY,R002,0.4242840790914658,0.5,0.25,0.35,phase=P3;diet_like=2,P3,C00,17782430eaa7a3e8,"[""R002"", ""R015"", ""R040""]",0.22281977401316125,center_to_upper_band,recover_growth_gap,SARG:P3:simulator_reference:risk_heat=False:risk_cold=False:diet=2
229,229,2026-05-17 19:38:28,5.0,24.0,0.6232889385317942,1.0,1.0,1.0,SARG_POLICY,R002,0.3842348114337857,0.5,0.25,0.35,phase=P3;diet_like=2,P3,C00,f1e73f5acd78c21d,"[""R002"", ""R015"", ""R040""]",0.2095929043853283,center_to_upper_band,recover_growth_gap,SARG:P3:simulator_reference:risk_heat=False:risk_cold=False:diet=2
230,230,2026-05-17 19:38:28,5.0,24.0,0.5335805005914619,1.0,1.0,1.0,SARG_POLICY,R005,0.44335128945139923,0.5,0.25,0.35,phase=P3;diet_like=5,P3,C00,70ebbaf6f4fe618e,"[""R005"", ""R017"", ""R059""]",0.2677118821576702,center_to_upper_band,recover_growth_gap,SARG:P3:simulator_reference:risk_heat=False:risk_cold=False:diet=5
231,231,2026-05-17 19:38:28,5.0,24.0,0.5229436850702213,1.0,1.0,1.0,SARG_POLICY,R005,0.42142633445923666,0.5,0.15,0.0,phase=P3;diet_like=5,P3,C11,a75fce2ce1f2383a,"[""R005"", ""R017"", ""R059""]",0.17677201507455717,center_band,maintain_efficiency,SARG:P3:simulator_reference:risk_heat=False:risk_cold=False:diet=5
232,232,2026-05-17 19:38:28,5.0,24.0,0.5867085805873332,1.0,1.0,1.0,SARG_POLICY,R002,0.39350184365094365,0.5,0.25,0.35,phase=P3;diet_like=2,P3,C11,46912bfa87db91e9,"[""R002"", ""R015"", ""R040""]",0.21777849777137628,center_to_upper_band,recover_growth_gap,SARG:P3:simulator_reference:risk_heat=False:risk_cold=False:diet=2
233,233,2026-05-17 19:38:28,5.0,24.0,0.48624214943429,1.0,1.0,1.0,SARG_POLICY,R005,0.4465218182674093,0.5,0.25,0.35,phase=P3;diet_like=5,P3,C11,9b7b4a30d9467fa6,"[""R005"", ""R017"", ""R059""]",0.2507778776945748,center_to_upper_band,recover_growth_gap,SARG:P3:simulator_reference:risk_heat=False:risk_cold=False:diet=5
234,234,2026-05-17 19:38:28,5.0,24.0,0.43785445980776994,1.0,1.0,1.0,SARG_POLICY,R002,0.4427309379704407,0.5,0.15,0.0,phase=P3;diet_like=2,P3,C07,9daeacdddda2e000,"[""R002"", ""R015"", ""R040""]",0.1871468182593746,center_band,maintain_efficiency,SARG:P3:simulator_reference:risk_heat=False:risk_cold=False:diet=2
235,235,2026-05-17 19:38:28,5.0,24.0,0.43644700815580884,1.0,1.0,1.0,SARG_POLICY,R002,0.4287009986851379,0.5,0.15,0.0,phase=P3;diet_like=2,P3,C11,9c96a3cf93a8736e,"[""R002"", ""R015"", ""R040""]",0.13271720844412807,center_band,maintain_efficiency,SARG:P3:simulator_reference:risk_heat=False:risk_cold=False:diet=2
236,236,2026-05-17 19:38:28,5.0,24.0,0.4357678310799419,1.0,1.0,1.0,SARG_POLICY,R005,0.42100331696415194,0.5,0.15,0.0,phase=P3;diet_like=5,P3,C00,b010f5ea7a34d68d,"[""R005"", ""R017"", ""R059""]",0.12116329900173853,center_band,maintain_efficiency,SARG:P3:simulator_reference:risk_heat=False:risk_cold=False:diet=5
237,237,2026-05-17 19:38:28,5.0,24.0,0.17027545633350238,1.0,1.0,1.0,SARG_POLICY,R002,0.485642612774718,0.5,0.15,0.0,phase=P3;diet_like=2,P3,C00,966e45f132ea837a,"[""R002"", ""R015"", ""R040""]",0.1549525919216036,center_band,maintain_efficiency,SARG:P3:simulator_reference:risk_heat=False:risk_cold=False:diet=2
238,238,2026-05-17 19:38:28,5.0,24.0,0.3184230955996742,1.0,1.0,1.0,SARG_POLICY,R002,0.38432895420531293,0.5,0.15,0.0,phase=P3;diet_like=2,P3,C00,27fa0809f785230f,"[""R002"", ""R015"", ""R040""]",0.0690418156725211,center_band,maintain_efficiency,SARG:P3:simulator_reference:risk_heat=False:risk_cold=False:diet=2
239,239,2026-05-17 19:38:29,5.0,24.0,0.20324606562758507,1.0,1.0,1.0,SARG_POLICY,R005,0.4449376119573399,0.5,0.15,0.0,phase=P3;diet_like=5,P3,C00,a981e8df57089241,"[""R005"", ""R017"", ""R059""]",0.08090617411835682,center_band,maintain_efficiency,SARG:P3:simulator_reference:risk_heat=False:risk_cold=False:diet=5
240,240,2026-05-17 19:38:29,5.0,24.0,0.21662047540122964,1.0,1.0,1.0,SARG_POLICY,R002,0.4175837103190778,0.5,0.15,0.0,phase=P3;diet_like=2,P3,C03,4ae305ab231ee4e5,"[""R002"", ""R015"", ""R040""]",0.04313747757541796,center_band,maintain_efficiency,SARG:P3:simulator_reference:risk_heat=False:risk_cold=False:diet=2
241,241,2026-05-17 19:38:29,5.0,24.0,0.2933359969806105,1.0,1.0,1.0,SARG_POLICY,R002,0.4024644570329201,0.5,0.15,0.0,phase=P3;diet_like=2,P3,C00,73d4925907b8865d,"[""R002"", ""R015"", ""R040""]",0.05507692987126171,center_band,maintain_efficiency,SARG:P3:simulator_reference:risk_heat=False:risk_cold=False:diet=2
242,242,2026-05-17 19:38:29,5.0,24.0,0.3440610383167616,1.0,1.0,1.0,SARG_POLICY,R002,0.41401261782353044,0.5,0.15,0.0,phase=P3;diet_like=2,P3,C03,4f1e8c6fbff6c385,"[""R002"", ""R015"", ""R040""]",0.0659533099134194,center_band,maintain_efficiency,SARG:P3:simulator_reference:risk_heat=False:risk_cold=False:diet=2
243,243,2026-05-17 19:38:29,5.0,24.0,0.3831630501319182,1.0,1.0,1.0,SARG_POLICY,R005,0.41629044386427533,0.5,0.15,0.0,phase=P3;diet_like=5,P3,C07,a2f177e616d9cf55,"[""R005"", ""R017"", ""R059""]",0.09188738911975891,center_band,maintain_efficiency,SARG:P3:simulator_reference:risk_heat=False:risk_cold=False:diet=5
244,244,2026-05-17 19:38:29,5.0,24.0,0.21185327116531105,1.0,1.0,1.0,SARG_POLICY,R002,0.4682892852549177,0.5,0.15,0.0,phase=P3;diet_like=2,P3,C00,19898e3523e8b79e,"[""R002"", ""R015"", ""R040""]",0.12307162628454443,center_band,maintain_efficiency,SARG:P3:simulator_reference:risk_heat=False:risk_cold=False:diet=2
245,245,2026-05-17 19:38:29,5.0,24.0,0.2631810829436404,1.0,1.0,1.0,SARG_POLICY,R002,0.4071286734298632,0.5,0.15,0.0,phase=P3;diet_like=2,P3,C03,dfc66caa66b960f9,"[""R002"", ""R015"", ""R040""]",0.050700389375023414,center_band,maintain_efficiency,SARG:P3:simulator_reference:risk_heat=False:risk_cold=False:diet=2
246,246,2026-05-17 19:38:29,5.0,24.0,0.3016049077528117,1.0,1.0,1.0,SARG_POLICY,R002,0.41418772288888145,0.5,0.15,0.0,phase=P3;diet_like=2,P3,C11,0cd85846dcbd483a,"[""R002"", ""R015"", ""R040""]",0.057044919430375415,center_band,maintain_efficiency,SARG:P3:simulator_reference:risk_heat=False:risk_cold=False:diet=2
247,247,2026-05-17 19:38:29,5.0,24.0,0.3488841040303844,1.0,1.0,1.0,SARG_POLICY,R002,0.4158461422828137,0.5,0.15,0.0,phase=P3;diet_like=2,P3,C11,59bfe56ccb6dcc2a,"[""R002"", ""R015"", ""R040""]",0.07035208012632768,center_band,maintain_efficiency,SARG:P3:simulator_reference:risk_heat=False:risk_cold=False:diet=2
248,248,2026-05-17 19:38:29,5.0,24.0,0.45030831013844164,1.0,1.0,1.0,SARG_POLICY,R005,0.4010707058077348,0.5,0.15,0.0,phase=P3;diet_like=5,P3,C11,67202362554f31fa,"[""R005"", ""R017"", ""R059""]",0.08477009129188476,center_band,maintain_efficiency,SARG:P3:simulator_reference:risk_heat=False:risk_cold=False:diet=5
249,249,2026-05-17 19:38:29,5.0,24.0,0.4321361386811743,1.0,1.0,1.0,SARG_POLICY,R005,0.42755507101429824,0.5,0.15,0.0,phase=P3;diet_like=5,P3,C11,36cd036928a59aaf,"[""R005"", ""R017"", ""R059""]",0.1399595243608651,center_band,maintain_efficiency,SARG:P3:simulator_reference:risk_heat=False:risk_cold=False:diet=5
250,250,2026-05-17 19:38:29,5.0,24.0,0.46353479005245346,1.0,1.0,1.0,SARG_POLICY,R002,0.4329978022822564,0.5,0.15,0.0,phase=P3;diet_like=2,P3,C11,c6ead9ea788a6466,"[""R002"", ""R015"", ""R040""]",0.1664687165198631,center_band,maintain_efficiency,SARG:P3:simulator_reference:risk_heat=False:risk_cold=False:diet=2
251,251,2026-05-17 19:38:29,5.0,24.0,0.4614091411053408,1.0,1.0,1.0,SARG_POLICY,R002,0.42801481404112446,0.5,0.15,0.0,phase=P3;diet_like=2,P3,C11,c279e2b7a89e2d78,"[""R002"", ""R015"", ""R040""]",0.14609089149365845,center_band,maintain_efficiency,SARG:P3:simulator_reference:risk_heat=False:risk_cold=False:diet=2
252,252,2026-05-17 19:38:29,5.0,24.0,0.5401276258696169,1.0,1.0,1.0,SARG_POLICY,R002,0.41126149939701745,0.5,0.15,0.0,phase=P3;diet_like=2,P3,C03,68a476478f38a67e,"[""R002"", ""R015"", ""R040""]",0.14542223971828958,center_band,maintain_efficiency,SARG:P3:simulator_reference:risk_heat=False:risk_cold=False:diet=2
253,253,2026-05-17 19:38:29,5.0,24.0,0.43287198802633486,1.0,1.0,1.0,SARG_POLICY,R002,0.44163125985745694,0.5,0.15,0.0,phase=P3;diet_like=2,P3,C03,48e5f5cc1bff83c1,"[""R002"", ""R015"", ""R040""]",0.18108997221759432,center_band,maintain_efficiency,SARG:P3:simulator_reference:risk_heat=False:risk_cold=False:diet=2
254,254,2026-05-17 19:38:29,5.0,24.0,0.41855761757772203,1.0,1.0,1.0,SARG_POLICY,R002,0.43166025459539165,0.5,0.15,0.0,phase=P3;diet_like=2,P3,C11,56a50b318edc9cc3,"[""R002"", ""R015"", ""R040""]",0.1319156457829072,center_band,maintain_efficiency,SARG:P3:simulator_reference:risk_heat=False:risk_cold=False:diet=2
255,255,2026-05-17 19:38:29,5.0,24.0,0.3875571023586942,1.0,1.0,1.0,SARG_POLICY,R002,0.4356595356655157,0.5,0.15,0.0,phase=P3;diet_like=2,P3,C00,357e0bd4553156f2,"[""R002"", ""R015"", ""R040""]",0.12549528969838292,center_band,maintain_efficiency,SARG:P3:simulator_reference:risk_heat=False:risk_cold=False:diet=2
256,256,2026-05-17 19:38:29,5.0,24.0,0.36854504236956165,1.0,1.0,1.0,SARG_POLICY,R002,0.43410196473099844,0.5,0.15,0.0,phase=P3;diet_like=2,P3,C00,3ae90f901761bc89,"[""R002"", ""R015"", ""R040""]",0.11119237417088096,center_band,maintain_efficiency,SARG:P3:simulator_reference:risk_heat=False:risk_cold=False:diet=2
257,257,2026-05-17 19:38:29,5.0,24.0,0.4183056645176574,1.0,1.0,1.0,SARG_POLICY,R005,0.40881794613927785,0.5,0.15,0.0,phase=P3;diet_like=5,P3,C11,0df0021e61d44184,"[""R005"", ""R017"", ""R059""]",0.08735336608979512,center_band,maintain_efficiency,SARG:P3:simulator_reference:risk_heat=False:risk_cold=False:diet=5
258,258,2026-05-17 19:38:29,5.0,24.0,0.4774774418648212,1.0,1.0,1.0,SARG_POLICY,R002,0.4317077136054002,0.5,0.15,0.0,phase=P3;diet_like=2,P3,C00,d5504f518a76bcdf,"[""R002"", ""R015"", ""R040""]",0.16788160153749848,center_band,maintain_efficiency,SARG:P3:simulator_reference:risk_heat=False:risk_cold=False:diet=2
259,259,2026-05-17 19:38:29,5.0,24.0,0.29922048357713826,1.0,1.0,1.0,SARG_POLICY,R002,0.45990424871638613,0.5,0.15,0.0,phase=P3;diet_like=2,P3,C00,377a3da24a9e4676,"[""R002"", ""R015"", ""R040""]",0.153824697639941,center_band,maintain_efficiency,SARG:P3:simulator_reference:risk_heat=False:risk_cold=False:diet=2
260,260,2026-05-17 19:38:29,5.0,24.0,0.18114005929610888,1.0,1.0,1.0,SARG_POLICY,R002,0.4471589135314074,0.5,0.15,0.0,phase=P3;diet_like=2,P3,C11,58145531a02eb72d,"[""R002"", ""R015"", ""R040""]",0.06983541385072346,center_band,maintain_efficiency,SARG:P3:simulator_reference:risk_heat=False:risk_cold=False:diet=2
261,261,2026-05-17 19:38:29,5.0,24.0,0.30737350952933223,1.0,1.0,1.0,SARG_POLICY,R002,0.38687718830225865,0.5,0.45,0.0,phase=P3;diet_like=2,P3,C08,d7a7b9abac543070,"[""R002"", ""R015"", ""R040""]",0.04878085924377674,center_band,maintain_efficiency,SARG:P3:simulator_reference:risk_heat=False:risk_cold=False:diet=2
262,262,2026-05-17 19:38:29,5.0,24.0,0.25743815959983196,1.0,1.0,1.0,SARG_POLICY,R002,0.406956712379914,0.5,0.15,0.0,phase=P3;diet_like=2,P3,C11,3ea55489cf6e0b50,"[""R002"", ""R015"", ""R040""]",0.05123743690987917,center_band,maintain_efficiency,SARG:P3:simulator_reference:risk_heat=False:risk_cold=False:diet=2
263,263,2026-05-17 19:38:30,5.0,24.0,0.2643320924692879,1.0,1.0,1.0,SARG_POLICY,R002,0.42046649225625543,0.5,0.15,0.0,phase=P3;diet_like=2,P3,C03,f5deeee259aafe62,"[""R002"", ""R015"", ""R040""]",0.052939090561034984,center_band,maintain_efficiency,SARG:P3:simulator_reference:risk_heat=False:risk_cold=False:diet=2
264,264,2026-05-17 19:38:30,5.0,24.0,0.2502731931207284,1.0,1.0,1.0,SARG_POLICY,R002,0.42524344910135187,0.5,0.15,0.0,phase=P3;diet_like=2,P3,C07,b4d87965b2214c96,"[""R002"", ""R015"", ""R040""]",0.053522047501912355,center_band,maintain_efficiency,SARG:P3:simulator_reference:risk_heat=False:risk_cold=False:diet=2
265,265,2026-05-17 19:38:30,5.0,24.0,0.30598113405655003,1.0,1.0,1.0,SARG_POLICY,R005,0.4096029664664108,0.5,0.15,0.0,phase=P3;diet_like=5,P3,C00,b7132990eaca170d,"[""R005"", ""R017"", ""R059""]",0.06066078703610616,center_band,maintain_efficiency,SARG:P3:simulator_reference:risk_heat=False:risk_cold=False:diet=5
266,266,2026-05-17 19:38:30,5.0,24.0,0.597250942958349,1.0,1.0,1.0,SARG_POLICY,R005,0.36509207787257286,0.5,0.45,0.0,phase=P3;diet_like=5,P3,C05,29979fb0bd96dc1e,"[""R005"", ""R017"", ""R059""]",0.07417748011569082,center_band,maintain_efficiency,SARG:P3:simulator_reference:risk_heat=False:risk_cold=False:diet=5
267,267,2026-05-17 19:38:30,5.0,24.0,0.4143180320611607,1.0,1.0,1.0,SARG_POLICY,R002,0.43964402638200023,0.5,0.15,0.0,phase=P3;diet_like=2,P3,C11,b1f4a4d27fb36984,"[""R002"", ""R015"", ""R040""]",0.15354492769677636,center_band,maintain_efficiency,SARG:P3:simulator_reference:risk_heat=False:risk_cold=False:diet=2
268,268,2026-05-17 19:38:30,5.0,24.0,0.5320263965026555,1.0,1.0,1.0,SARG_POLICY,R002,0.4056786104783594,0.5,0.45,0.0,phase=P3;diet_like=2,P3,C08,5eeb21858b119d1c,"[""R002"", ""R015"", ""R040""]",0.12463527851973469,center_band,maintain_efficiency,SARG:P3:simulator_reference:risk_heat=False:risk_cold=False:diet=2
269,269,2026-05-17 19:38:30,5.0,24.0,0.29830998895329414,1.0,1.0,1.0,SARG_POLICY,R002,0.4363063772004983,0.5,0.45,0.0,phase=P3;diet_like=2,P3,C06,cfc54b1d0b5f4d8b,"[""R002"", ""R015"", ""R040""]",0.09693623378435916,center_band,maintain_efficiency,SARG:P3:simulator_reference:risk_heat=False:risk_cold=False:diet=2
270,270,2026-05-17 19:38:30,5.0,24.0,0.3539181760643008,1.0,1.0,1.0,SARG_POLICY,R002,0.38450028165564754,0.5,0.45,0.0,phase=P3;diet_like=2,P3,C06,e09e16db4b66d6bf,"[""R002"", ""R015"", ""R040""]",0.046811896605122444,center_band,maintain_efficiency,SARG:P3:simulator_reference:risk_heat=False:risk_cold=False:diet=2
271,271,2026-05-17 19:38:30,5.0,24.0,0.3165429231688795,1.0,1.0,1.0,SARG_POLICY,R002,0.40224515466204336,0.5,0.45,0.0,phase=P3;diet_like=2,P3,C06,80865b38a9ac4487,"[""R002"", ""R015"", ""R040""]",0.04316915925590591,center_band,maintain_efficiency,SARG:P3:simulator_reference:risk_heat=False:risk_cold=False:diet=2
272,272,2026-05-17 19:38:30,5.0,24.0,0.21336704132523587,1.0,1.0,1.0,SARG_POLICY,R002,0.4189085394289521,0.5,0.15,0.0,phase=P3;diet_like=2,P3,C11,3908c24259cc8071,"[""R002"", ""R015"", ""R040""]",0.043046752309834076,center_band,maintain_efficiency,SARG:P3:simulator_reference:risk_heat=False:risk_cold=False:diet=2
273,273,2026-05-17 19:38:30,5.0,24.0,0.3645151829499916,1.0,1.0,1.0,SARG_POLICY,R002,0.38703576623322117,0.5,0.45,0.0,phase=P3;diet_like=2,P3,C06,96bf2e60c4695b05,"[""R002"", ""R015"", ""R040""]",0.047366621963195965,center_band,maintain_efficiency,SARG:P3:simulator_reference:risk_heat=False:risk_cold=False:diet=2
274,274,2026-05-17 19:38:30,5.0,24.0,0.37968933209457595,1.0,1.0,1.0,SARG_POLICY,R002,0.3927000150951155,0.5,0.45,0.0,phase=P3;diet_like=2,P3,C06,37eddb437be5a333,"[""R002"", ""R015"", ""R040""]",0.049066741470842945,center_band,maintain_efficiency,SARG:P3:simulator_reference:risk_heat=False:risk_cold=False:diet=2
275,275,2026-05-17 19:38:30,5.0,24.0,0.28131740106631387,1.0,1.0,1.0,SARG_POLICY,R002,0.4179464744765588,0.5,0.15,0.0,phase=P3;diet_like=2,P3,C03,3a0d9be6dbfc4a9b,"[""R002"", ""R015"", ""R040""]",0.05340284098549643,center_band,maintain_efficiency,SARG:P3:simulator_reference:risk_heat=False:risk_cold=False:diet=2
276,276,2026-05-17 19:38:30,5.0,24.0,0.32490234203630586,1.0,1.0,1.0,SARG_POLICY,R005,0.4114373345374683,0.5,0.15,0.0,phase=P3;diet_like=5,P3,C07,d34d2647bc64faa3,"[""R005"", ""R017"", ""R059""]",0.06063913932986126,center_band,maintain_efficiency,SARG:P3:simulator_reference:risk_heat=False:risk_cold=False:diet=5
277,277,2026-05-17 19:38:30,5.0,24.0,0.5291909055505866,1.0,1.0,1.0,SARG_POLICY,R002,0.3987046712585229,0.5,0.45,0.0,phase=P3;diet_like=2,P3,C05,8389fe5e2e0d1796,"[""R002"", ""R015"", ""R040""]",0.10497079737195822,center_band,maintain_efficiency,SARG:P3:simulator_reference:risk_heat=False:risk_cold=False:diet=2
278,278,2026-05-17 19:38:30,5.0,24.0,0.22136191636619823,1.0,1.0,1.0,SARG_POLICY,R002,0.45215097333086157,0.5,0.45,0.0,phase=P3;diet_like=2,P3,C05,b3ce632709956bb8,"[""R002"", ""R015"", ""R040""]",0.09716337528614968,center_band,maintain_efficiency,SARG:P3:simulator_reference:risk_heat=False:risk_cold=False:diet=2
279,279,2026-05-17 19:38:30,5.0,24.0,0.28769941789584175,1.0,1.0,1.0,SARG_POLICY,R002,0.3868945103602935,0.5,0.15,0.0,phase=P3;diet_like=2,P3,C07,ca73f5229bb27d47,"[""R002"", ""R015"", ""R040""]",0.07283667723026027,center_band,maintain_efficiency,SARG:P3:simulator_reference:risk_heat=False:risk_cold=False:diet=2
280,280,2026-05-17 19:38:30,5.0,24.0,0.2921378251365612,1.0,1.0,1.0,SARG_POLICY,R002,0.42166588049015735,0.5,0.45,0.0,phase=P3;diet_like=2,P3,C05,85490a2a2c5ba5ce,"[""R002"", ""R015"", ""R040""]",0.06587619915968246,center_band,maintain_efficiency,SARG:P3:simulator_reference:risk_heat=False:risk_cold=False:diet=2
281,281,2026-05-17 19:38:30,5.0,24.0,0.4011330566761297,1.0,1.0,1.0,SARG_POLICY,R005,0.3738052743530361,0.5,0.45,0.0,phase=P3;diet_like=5,P3,C05,72e3466377f7c866,"[""R005"", ""R017"", ""R059""]",0.051073469630103174,center_band,maintain_efficiency,SARG:P3:simulator_reference:risk_heat=False:risk_cold=False:diet=5
282,282,2026-05-17 19:38:30,5.0,24.0,0.16001818508857035,1.0,1.0,1.0,SARG_POLICY,R002,0.4474923220579666,0.5,0.45,0.0,phase=P3;diet_like=2,P3,C05,7f45ebd56df6e075,"[""R002"", ""R015"", ""R040""]",0.06588606363984047,center_band,maintain_efficiency,SARG:P3:simulator_reference:risk_heat=False:risk_cold=False:diet=2
283,283,2026-05-17 19:38:30,5.0,24.0,0.08956243343760145,1.0,1.0,1.0,SARG_POLICY,R005,0.40596883090978847,0.5,0.45,0.0,phase=P3;diet_like=5,P3,C02,425d97e45be058e3,"[""R005"", ""R017"", ""R059""]",0.05876025124016263,center_band,maintain_efficiency,SARG:P3:simulator_reference:risk_heat=False:risk_cold=False:diet=5
284,284,2026-05-17 19:38:30,5.0,24.0,0.06069598951114197,1.0,1.0,1.0,SARG_POLICY,R002,0.40688462934963404,0.5,0.45,0.0,phase=P3;diet_like=2,P3,C06,bcd6972fc48f607b,"[""R002"", ""R015"", ""R040""]",0.0741403448584461,center_band,maintain_efficiency,SARG:P3:simulator_reference:risk_heat=False:risk_cold=False:diet=2
285,285,2026-05-17 19:38:30,5.0,24.0,0.09765176801704151,1.0,1.0,1.0,SARG_POLICY,R002,0.3885130582538432,0.5,0.45,0.0,phase=P3;diet_like=2,P3,C08,6bb91841d4cb7d7a,"[""R002"", ""R015"", ""R040""]",0.09112224110544112,center_band,maintain_efficiency,SARG:P3:simulator_reference:risk_heat=False:risk_cold=False:diet=2
286,286,2026-05-17 19:38:31,5.0,24.0,0.1900511426719348,1.0,1.0,1.0,SARG_POLICY,R002,0.38125668346819347,0.5,0.15,0.0,phase=P3;diet_like=2,P3,C07,0d8bbcd8a2c381cb,"[""R002"", ""R015"", ""R040""]",0.09464169759182134,center_band,maintain_efficiency,SARG:P3:simulator_reference:risk_heat=False:risk_cold=False:diet=2
287,287,2026-05-17 19:38:31,5.0,24.0,0.15620925835022942,1.0,1.0,1.0,SARG_POLICY,R005,0.4222179732190928,0.5,0.45,0.0,phase=P3;diet_like=5,P3,C06,684ffcc0b87f320d,"[""R005"", ""R017"", ""R059""]",0.023867104532048464,center_band,maintain_efficiency,SARG:P3:simulator_reference:risk_heat=False:risk_cold=False:diet=5
288,288,2026-05-17 19:38:31,5.0,24.0,0.004974177227426768,1.0,1.0,1.0,SARG_POLICY,R002,0.43471294894259305,0.5,0.15,0.0,phase=P3;diet_like=2,P3,C07,69ea7627e7bdb67a,"[""R002"", ""R015"", ""R040""]",0.05562465762261963,center_band,maintain_efficiency,SARG:P3:simulator_reference:risk_heat=False:risk_cold=False:diet=2
289,289,2026-05-17 19:38:31,5.0,24.0,0.07757850627786134,1.0,1.0,1.0,SARG_POLICY,R002,0.38191596203904254,0.5,0.45,0.0,phase=P3;diet_like=2,P3,C06,2753d7e289ee94b8,"[""R002"", ""R015"", ""R040""]",0.10739797764026737,center_band,maintain_efficiency,SARG:P3:simulator_reference:risk_heat=False:risk_cold=False:diet=2
290,290,2026-05-17 19:38:31,5.0,24.0,0.0,1.0,1.0,1.0,SARG_POLICY,R002,0.41729045246853474,0.5,0.45,0.0,phase=P3;diet_like=2,P3,C06,e2c0b5d95d23f41f,"[""R002"", ""R015"", ""R040""]",0.08459256095917284,center_band,maintain_efficiency,SARG:P3:simulator_reference:risk_heat=False:risk_cold=False:diet=2
291,291,2026-05-17 19:38:31,5.0,24.0,0.0,1.0,1.0,1.0,SARG_POLICY,R005,0.3908027627468405,0.5,0.45,0.0,phase=P3;diet_like=5,P3,C06,57eec6caf071ec54,"[""R005"", ""R017"", ""R059""]",0.1112472636605307,center_band,maintain_efficiency,SARG:P3:simulator_reference:risk_heat=False:risk_cold=False:diet=5
292,292,2026-05-17 19:38:31,5.0,24.0,0.0,1.0,1.0,1.0,SARG_POLICY,R005,0.3901420392760343,0.5,0.45,0.0,phase=P3;diet_like=5,P3,C06,f833139b17b714dc,"[""R005"", ""R017"", ""R059""]",0.11246931237491925,center_band,maintain_efficiency,SARG:P3:simulator_reference:risk_heat=False:risk_cold=False:diet=5
293,293,2026-05-17 19:38:31,5.0,24.0,0.1264547880782531,1.0,1.0,1.0,SARG_POLICY,R005,0.3632981543401399,0.5,0.45,0.0,phase=P3;diet_like=5,P3,C06,7ab23a97765b7a19,"[""R005"", ""R017"", ""R059""]",0.11160090753410255,center_band,maintain_efficiency,SARG:P3:simulator_reference:risk_heat=False:risk_cold=False:diet=5
294,294,2026-05-17 19:38:31,5.0,24.0,0.026719429429539532,1.0,1.0,1.0,SARG_POLICY,R002,0.4280917554017775,0.5,0.15,0.0,phase=P3;diet_like=2,P3,C03,29492fd26e020313,"[""R002"", ""R015"", ""R040""]",0.0580275712831622,center_band,maintain_efficiency,SARG:P3:simulator_reference:risk_heat=False:risk_cold=False:diet=2
295,295,2026-05-17 19:38:31,5.0,24.0,0.027180155919087012,1.0,1.0,1.0,SARG_POLICY,R002,0.39968989015583245,0.5,0.45,0.0,phase=P3;diet_like=2,P3,C06,2231d024b1bfab84,"[""R002"", ""R015"", ""R040""]",0.09424663524311702,center_band,maintain_efficiency,SARG:P3:simulator_reference:risk_heat=False:risk_cold=False:diet=2
296,296,2026-05-17 19:38:31,5.0,24.0,0.05620788660173748,1.0,1.0,1.0,SARG_POLICY,R005,0.3931415606941725,0.5,0.45,0.0,phase=P3;diet_like=5,P3,C06,71f7ea89f5ff13af,"[""R005"", ""R017"", ""R059""]",0.0879016613248767,center_band,maintain_efficiency,SARG:P3:simulator_reference:risk_heat=False:risk_cold=False:diet=5
297,297,2026-05-17 19:38:31,5.0,24.0,0.0,1.0,1.0,1.0,SARG_POLICY,R002,0.41532679187784466,0.5,0.45,0.0,phase=P3;diet_like=2,P3,C05,abc9d4a76d663c43,"[""R002"", ""R015"", ""R040""]",0.07847620412081317,center_band,maintain_efficiency,SARG:P3:simulator_reference:risk_heat=False:risk_cold=False:diet=2
298,298,2026-05-17 19:38:31,5.0,24.0,0.10750668305570449,1.0,1.0,1.0,SARG_POLICY,R005,0.3748152835825965,0.5,0.45,0.0,phase=P3;diet_like=5,P3,C05,26fadb2ffc104821,"[""R005"", ""R017"", ""R059""]",0.09950100311824076,center_band,maintain_efficiency,SARG:P3:simulator_reference:risk_heat=False:risk_cold=False:diet=5
299,299,2026-05-17 19:38:31,5.0,24.0,0.19345769934314122,1.0,1.0,1.0,SARG_POLICY,R002,0.3909975521054002,0.5,0.45,0.0,phase=P3;diet_like=2,P3,C05,b3a8a7c0611d3e6a,"[""R002"", ""R015"", ""R040""]",0.057825891893348774,center_band,maintain_efficiency,SARG:P3:simulator_reference:risk_heat=False:risk_cold=False:diet=2
300,300,2026-05-17 19:38:31,5.0,24.0,0.0,1.0,1.0,1.0,SARG_POLICY,R002,0.4412213921807782,0.5,0.45,0.0,phase=P3;diet_like=2,P3,C05,3843ab57d900e777,"[""R002"", ""R015"", ""R040""]",0.042273984736378646,center_band,maintain_efficiency,SARG:P3:simulator_reference:risk_heat=False:risk_cold=False:diet=2
301,301,2026-05-17 19:38:31,5.0,24.0,0.0,1.0,1.0,1.0,SARG_POLICY,R002,0.39617625639046344,0.5,0.45,0.0,phase=P3;diet_like=2,P3,C05,69a3ec87a50e13d9,"[""R002"", ""R015"", ""R040""]",0.11592915650684174,center_band,maintain_efficiency,SARG:P3:simulator_reference:risk_heat=False:risk_cold=False:diet=2
302,302,2026-05-17 19:38:31,5.0,24.0,0.0,1.0,1.0,1.0,SARG_POLICY,R005,0.3923555761162459,0.5,0.45,0.0,phase=P3;diet_like=5,P3,C06,19d1538ca2051be0,"[""R005"", ""R017"", ""R059""]",0.10920633777847824,center_band,maintain_efficiency,SARG:P3:simulator_reference:risk_heat=False:risk_cold=False:diet=5
303,303,2026-05-17 19:38:31,5.0,24.0,0.0,1.0,1.0,1.0,SARG_POLICY,R005,0.38923873405303105,0.5,0.45,0.0,phase=P3;diet_like=5,P3,C05,8380c440c02d689a,"[""R005"", ""R017"", ""R059""]",0.11244362554785363,center_band,maintain_efficiency,SARG:P3:simulator_reference:risk_heat=False:risk_cold=False:diet=5
304,304,2026-05-17 19:38:31,5.0,24.0,0.0,1.0,1.0,1.0,SARG_POLICY,R005,0.392691532738087,0.5,0.45,0.0,phase=P3;diet_like=5,P3,C05,ab430257ea7adc9d,"[""R005"", ""R017"", ""R059""]",0.10765498319968922,center_band,maintain_efficiency,SARG:P3:simulator_reference:risk_heat=False:risk_cold=False:diet=5
305,305,2026-05-17 19:38:31,5.0,24.0,0.0,1.0,1.0,1.0,SARG_POLICY,R005,0.3921515403709782,0.5,0.45,0.0,phase=P3;diet_like=5,P3,C05,7da0ac88ca85784d,"[""R005"", ""R017"", ""R059""]",0.10934076452082497,center_band,maintain_efficiency,SARG:P3:simulator_reference:risk_heat=False:risk_cold=False:diet=5
306,306,2026-05-17 19:38:31,5.0,24.0,0.0,1.0,1.0,1.0,SARG_POLICY,R005,0.3901135314078608,0.5,0.45,0.0,phase=P3;diet_like=5,P3,C10,2877d12c8d5951b5,"[""R005"", ""R017"", ""R059""]",0.11190981227949794,center_band,maintain_efficiency,SARG:P3:simulator_reference:risk_heat=False:risk_cold=False:diet=5
307,307,2026-05-17 19:38:31,5.0,24.0,0.0,1.0,1.0,1.0,SARG_POLICY,R005,0.39093762241123925,0.5,0.45,0.0,phase=P3;diet_like=5,P3,C02,517bfdaade786962,"[""R005"", ""R017"", ""R059""]",0.11010774842727131,center_band,maintain_efficiency,SARG:P3:simulator_reference:risk_heat=False:risk_cold=False:diet=5
308,308,2026-05-17 19:38:31,5.0,24.0,0.0,1.0,1.0,1.0,SARG_POLICY,R005,0.39233721374449326,0.5,0.45,0.0,phase=P3;diet_like=5,P3,C05,be01aa22b38690b4,"[""R005"", ""R017"", ""R059""]",0.10849546772257346,center_band,maintain_efficiency,SARG:P3:simulator_reference:risk_heat=False:risk_cold=False:diet=5
309,309,2026-05-17 19:38:32,5.0,24.0,0.0,1.0,1.0,1.0,SARG_POLICY,R005,0.39202398800834404,0.5,0.45,0.0,phase=P3;diet_like=5,P3,C10,b43187e32f6fdad8,"[""R005"", ""R017"", ""R059""]",0.11022012403097586,center_band,maintain_efficiency,SARG:P3:simulator_reference:risk_heat=False:risk_cold=False:diet=5
310,310,2026-05-17 19:38:32,5.0,24.0,0.02674087000158143,1.0,1.0,1.0,SARG_POLICY,R002,0.37847746515049613,0.5,0.45,0.0,phase=P3;diet_like=2,P3,C06,20eb6d6b3bc5a30a,"[""R002"", ""R015"", ""R040""]",0.1224313284721005,center_band,maintain_efficiency,SARG:P3:simulator_reference:risk_heat=False:risk_cold=False:diet=2
311,311,2026-05-17 19:38:32,5.0,24.0,0.0,1.0,1.0,1.0,SARG_POLICY,R005,0.4110020963009496,0.5,0.45,0.0,phase=P3;diet_like=5,P3,C02,4880e728a7fb8660,"[""R005"", ""R017"", ""R059""]",0.08025911957944605,center_band,maintain_efficiency,SARG:P3:simulator_reference:risk_heat=False:risk_cold=False:diet=5
312,312,2026-05-17 19:38:32,5.0,24.0,0.0,1.0,1.0,1.0,SARG_POLICY,R005,0.38978548315562206,0.5,0.45,0.0,phase=P3;diet_like=5,P3,C05,c72ef6220cab9e18,"[""R005"", ""R017"", ""R059""]",0.11326806170803412,center_band,maintain_efficiency,SARG:P3:simulator_reference:risk_heat=False:risk_cold=False:diet=5
313,313,2026-05-17 19:38:32,5.0,24.0,0.0,1.0,1.0,1.0,SARG_POLICY,R005,0.3891858684980579,0.5,0.45,0.0,phase=P3;diet_like=5,P3,C06,91bf761f503601e9,"[""R005"", ""R017"", ""R059""]",0.11501141032005766,center_band,maintain_efficiency,SARG:P3:simulator_reference:risk_heat=False:risk_cold=False:diet=5
314,314,2026-05-17 19:38:32,5.0,24.0,0.0,1.0,1.0,1.0,SARG_POLICY,R005,0.3863397353190591,0.5,0.45,0.0,phase=P3;diet_like=5,P3,C02,46d1f5b7edefa09e,"[""R005"", ""R017"", ""R059""]",0.11838313142276068,center_band,maintain_efficiency,SARG:P3:simulator_reference:risk_heat=False:risk_cold=False:diet=5
315,315,2026-05-17 19:38:32,5.0,24.0,0.0,1.0,1.0,1.0,SARG_POLICY,R005,0.38702920705412525,0.5,0.45,0.0,phase=P3;diet_like=5,P3,C10,c6a4b707098d25ae,"[""R005"", ""R017"", ""R059""]",0.11604120419216893,center_band,maintain_efficiency,SARG:P3:simulator_reference:risk_heat=False:risk_cold=False:diet=5
316,316,2026-05-17 19:38:32,5.0,24.0,0.0,1.0,1.0,1.0,SARG_POLICY,R005,0.38948451350228597,0.5,0.45,0.0,phase=P3;diet_like=5,P3,C10,9965b5d743337a4a,"[""R005"", ""R017"", ""R059""]",0.11297465055793315,center_band,maintain_efficiency,SARG:P3:simulator_reference:risk_heat=False:risk_cold=False:diet=5
317,317,2026-05-17 19:38:32,5.0,24.0,0.0,1.0,1.0,1.0,SARG_POLICY,R005,0.3866840553981393,0.5,0.45,0.0,phase=P3;diet_like=5,P3,C10,9618dfbafeef4258,"[""R005"", ""R017"", ""R059""]",0.11601719177962462,center_band,maintain_efficiency,SARG:P3:simulator_reference:risk_heat=False:risk_cold=False:diet=5
318,318,2026-05-17 19:38:32,5.0,24.0,0.0,1.0,1.0,1.0,SARG_POLICY,R005,0.38861171918734716,0.5,0.45,0.0,phase=P3;diet_like=5,P3,C10,80e56ca90b8c97bc,"[""R005"", ""R017"", ""R059""]",0.11288183998359222,center_band,maintain_efficiency,SARG:P3:simulator_reference:risk_heat=False:risk_cold=False:diet=5
319,319,2026-05-17 19:38:32,5.0,24.0,0.0,1.0,1.0,1.0,SARG_POLICY,R005,0.3881619746474568,0.5,0.45,0.0,phase=P3;diet_like=5,P3,C02,5a7b052050cde8d2,"[""R005"", ""R017"", ""R059""]",0.1132037629540695,center_band,maintain_efficiency,SARG:P3:simulator_reference:risk_heat=False:risk_cold=False:diet=5
320,320,2026-05-17 19:38:32,5.0,24.0,0.0,1.0,1.0,1.0,SARG_POLICY,R005,0.38787646497925005,0.5,0.45,0.0,phase=P3;diet_like=5,P3,C10,cc0e4c1bb393e094,"[""R005"", ""R017"", ""R059""]",0.1128372736719902,center_band,maintain_efficiency,SARG:P3:simulator_reference:risk_heat=False:risk_cold=False:diet=5
321,321,2026-05-17 19:38:32,5.0,24.0,0.0,1.0,1.0,1.0,SARG_POLICY,R005,0.3894055524754907,0.5,0.45,0.0,phase=P3;diet_like=5,P3,C10,4aa65adcec0cf05d,"[""R005"", ""R017"", ""R059""]",0.11117137107594785,center_band,maintain_efficiency,SARG:P3:simulator_reference:risk_heat=False:risk_cold=False:diet=5
322,322,2026-05-17 19:38:32,5.0,24.0,0.0,1.0,1.0,1.0,SARG_POLICY,R005,0.38596000038917583,0.5,0.45,0.0,phase=P3;diet_like=5,P3,C02,132262416c57c694,"[""R005"", ""R017"", ""R059""]",0.11404516980697098,center_band,maintain_efficiency,SARG:P3:simulator_reference:risk_heat=False:risk_cold=False:diet=5
323,323,2026-05-17 19:38:32,5.0,24.0,0.0,1.0,1.0,1.0,SARG_POLICY,R005,0.38946537693172506,0.5,0.45,0.0,phase=P3;diet_like=5,P3,C02,96ce655117c503e3,"[""R005"", ""R017"", ""R059""]",0.10711065848404691,center_band,maintain_efficiency,SARG:P3:simulator_reference:risk_heat=False:risk_cold=False:diet=5
324,324,2026-05-17 19:38:32,5.0,24.0,0.0,1.0,1.0,1.0,SARG_POLICY,R005,0.39248515235032766,0.5,0.45,0.0,phase=P3;diet_like=5,P3,C02,a3669007ffa914bf,"[""R005"", ""R017"", ""R059""]",0.10312243438210311,center_band,maintain_efficiency,SARG:P3:simulator_reference:risk_heat=False:risk_cold=False:diet=5
325,325,2026-05-17 19:38:32,5.0,24.0,0.0,1.0,1.0,1.0,SARG_POLICY,R005,0.39025635525785224,0.5,0.45,0.0,phase=P3;diet_like=5,P3,C05,c39acac055725154,"[""R005"", ""R017"", ""R059""]",0.10596814475012897,center_band,maintain_efficiency,SARG:P3:simulator_reference:risk_heat=False:risk_cold=False:diet=5
326,326,2026-05-17 19:38:32,5.0,24.0,0.0,1.0,1.0,1.0,SARG_POLICY,R005,0.39072209497088867,0.5,0.45,0.0,phase=P3;diet_like=5,P3,C10,1ab24c38bf1cbaef,"[""R005"", ""R017"", ""R059""]",0.10483779135623973,center_band,maintain_efficiency,SARG:P3:simulator_reference:risk_heat=False:risk_cold=False:diet=5
327,327,2026-05-17 19:38:32,5.0,24.0,0.0,1.0,1.0,1.0,SARG_POLICY,R005,0.3910807877235358,0.5,0.45,0.0,phase=P3;diet_like=5,P3,C02,4f2b62691c2be150,"[""R005"", ""R017"", ""R059""]",0.1042908631717646,center_band,maintain_efficiency,SARG:P3:simulator_reference:risk_heat=False:risk_cold=False:diet=5
328,328,2026-05-17 19:38:32,5.0,24.0,0.0,1.0,1.0,1.0,SARG_POLICY,R005,0.3894246782799843,0.5,0.45,0.0,phase=P3;diet_like=5,P3,C02,95678da1dc5d9274,"[""R005"", ""R017"", ""R059""]",0.10496793078265962,center_band,maintain_efficiency,SARG:P3:simulator_reference:risk_heat=False:risk_cold=False:diet=5
329,329,2026-05-17 19:38:32,5.0,24.0,0.0,1.0,1.0,1.0,SARG_POLICY,R002,0.39538573461311255,0.5,0.45,0.0,phase=P3;diet_like=2,P3,C10,c8738479034b5baa,"[""R002"", ""R015"", ""R040""]",0.09994598834425844,center_band,maintain_efficiency,SARG:P3:simulator_reference:risk_heat=False:risk_cold=False:diet=2
330,330,2026-05-17 19:38:32,5.0,24.0,0.0008722505478151454,1.0,1.0,1.0,SARG_POLICY,R005,0.39824428145084234,0.5,0.45,0.0,phase=P3;diet_like=5,P3,C02,4164720a0830ffdd,"[""R005"", ""R017"", ""R059""]",0.09026768880862308,center_band,maintain_efficiency,SARG:P3:simulator_reference:risk_heat=False:risk_cold=False:diet=5
331,331,2026-05-17 19:38:32,5.0,24.0,0.0,1.0,1.0,1.0,SARG_POLICY,R002,0.3960475308804781,0.5,0.45,0.0,phase=P3;diet_like=2,P3,C10,d74498399027b897,"[""R002"", ""R015"", ""R040""]",0.09804481509055475,center_band,maintain_efficiency,SARG:P3:simulator_reference:risk_heat=False:risk_cold=False:diet=2
332,332,2026-05-17 19:38:32,5.0,24.0,0.0,1.0,1.0,1.0,SARG_POLICY,R002,0.39755974605773053,0.5,0.45,0.0,phase=P3;diet_like=2,P3,C10,06a18cf972556adb,"[""R002"", ""R015"", ""R040""]",0.09477830562531035,center_band,maintain_efficiency,SARG:P3:simulator_reference:risk_heat=False:risk_cold=False:diet=2
333,333,2026-05-17 19:38:33,5.0,24.0,0.0,1.0,1.0,1.0,SARG_POLICY,R002,0.3990835754929793,0.5,0.45,0.0,phase=P3;diet_like=2,P3,C02,96a81cfc915d8091,"[""R002"", ""R015"", ""R040""]",0.09230688418426444,center_band,maintain_efficiency,SARG:P3:simulator_reference:risk_heat=False:risk_cold=False:diet=2
334,334,2026-05-17 19:38:33,5.0,24.0,0.0,1.0,1.0,1.0,SARG_POLICY,R002,0.398638367313726,0.5,0.45,0.0,phase=P3;diet_like=2,P3,C02,f79e38a24394a266,"[""R002"", ""R015"", ""R040""]",0.09269729145971094,center_band,maintain_efficiency,SARG:P3:simulator_reference:risk_heat=False:risk_cold=False:diet=2
335,335,2026-05-17 19:38:33,5.0,24.0,0.006799785550817672,1.0,1.0,1.0,SARG_POLICY,R002,0.3971224501513877,0.5,0.45,0.0,phase=P3;diet_like=2,P3,C02,2efdd824c2495893,"[""R002"", ""R015"", ""R040""]",0.09240969344452352,center_band,maintain_efficiency,SARG:P3:simulator_reference:risk_heat=False:risk_cold=False:diet=2
336,336,2026-05-17 19:38:33,5.0,24.0,0.0,1.0,1.0,1.0,SARG_POLICY,R002,0.40072329717116006,0.5,0.45,0.0,phase=P3;diet_like=2,P3,C02,87f4ef672da290b0,"[""R002"", ""R015"", ""R040""]",0.08860528928455125,center_band,maintain_efficiency,SARG:P3:simulator_reference:risk_heat=False:risk_cold=False:diet=2
337,337,2026-05-17 19:38:33,5.0,24.0,0.0,1.0,1.0,1.0,SARG_POLICY,R002,0.3992106185408753,0.5,0.45,0.0,phase=P3;diet_like=2,P3,C10,228cf241c8554980,"[""R002"", ""R015"", ""R040""]",0.09091103941817098,center_band,maintain_efficiency,SARG:P3:simulator_reference:risk_heat=False:risk_cold=False:diet=2
338,338,2026-05-17 19:38:33,5.0,24.0,0.0,1.0,1.0,1.0,SARG_POLICY,R002,0.3984787589946883,0.5,0.45,0.0,phase=P3;diet_like=2,P3,C02,eef06b672a978566,"[""R002"", ""R015"", ""R040""]",0.09158588207109973,center_band,maintain_efficiency,SARG:P3:simulator_reference:risk_heat=False:risk_cold=False:diet=2
339,339,2026-05-17 19:38:33,5.0,24.0,0.014379747192156456,1.0,1.0,1.0,SARG_POLICY,R005,0.3967530281495208,0.5,0.45,0.0,phase=P3;diet_like=5,P3,C10,a2b415e3a55a159c,"[""R005"", ""R017"", ""R059""]",0.08601673411573448,center_band,maintain_efficiency,SARG:P3:simulator_reference:risk_heat=False:risk_cold=False:diet=5
340,340,2026-05-17 19:38:33,5.0,24.0,0.07223522789777775,1.0,1.0,1.0,SARG_POLICY,R002,0.3982334911566832,0.5,0.45,0.0,phase=P3;diet_like=2,P3,C10,08b8dbb37b8bec84,"[""R002"", ""R015"", ""R040""]",0.06571604401451378,center_band,maintain_efficiency,SARG:P3:simulator_reference:risk_heat=False:risk_cold=False:diet=2
341,341,2026-05-17 19:38:33,5.0,24.0,0.0755629038076594,1.0,1.0,1.0,SARG_POLICY,R002,0.3981087518991356,0.5,0.45,0.0,phase=P3;diet_like=2,P3,C10,623cd0f7f1d54e18,"[""R002"", ""R015"", ""R040""]",0.06476223012652992,center_band,maintain_efficiency,SARG:P3:simulator_reference:risk_heat=False:risk_cold=False:diet=2
342,342,2026-05-17 19:38:33,5.0,24.0,0.06938491232376914,1.0,1.0,1.0,SARG_POLICY,R002,0.399976161308152,0.5,0.45,0.0,phase=P3;diet_like=2,P3,C02,1fb58ba2e00c7ca8,"[""R002"", ""R015"", ""R040""]",0.06346316055377349,center_band,maintain_efficiency,SARG:P3:simulator_reference:risk_heat=False:risk_cold=False:diet=2
343,343,2026-05-17 19:38:33,5.0,24.0,0.07316569234172948,1.0,1.0,1.0,SARG_POLICY,R002,0.39795720250682437,0.5,0.45,0.0,phase=P3;diet_like=2,P3,C02,2064c4922f1a5356,"[""R002"", ""R015"", ""R040""]",0.06530993553037408,center_band,maintain_efficiency,SARG:P3:simulator_reference:risk_heat=False:risk_cold=False:diet=2
344,344,2026-05-17 19:38:33,5.0,24.0,0.08252626335515523,1.0,1.0,1.0,SARG_POLICY,R002,0.39707149088597604,0.5,0.45,0.0,phase=P3;diet_like=2,P3,C02,f3d11e76e3b748dc,"[""R002"", ""R015"", ""R040""]",0.06380888348072017,center_band,maintain_efficiency,SARG:P3:simulator_reference:risk_heat=False:risk_cold=False:diet=2
345,345,2026-05-17 19:38:33,5.0,24.0,0.28353243289931046,1.0,1.0,1.0,SARG_POLICY,R003,0.41427926082602423,0.5,0.45,0.0,phase=P3;diet_like=3,P3,C10,e1567909c6aca79b,"[""R003"", ""R006"", ""R007""]",0.09912086361493387,center_band,maintain_efficiency,SARG:P3:simulator_reference:risk_heat=False:risk_cold=False:diet=3
346,346,2026-05-17 19:38:33,5.0,24.0,0.2833262373551801,1.0,1.0,1.0,SARG_POLICY,R003,0.4575395799370582,0.5,0.45,0.0,phase=P3;diet_like=3,P3,C10,c13b764d125e2d94,"[""R003"", ""R006"", ""R007""]",0.11966724319304384,center_band,maintain_efficiency,SARG:P3:simulator_reference:risk_heat=False:risk_cold=False:diet=3
347,347,2026-05-17 19:38:33,5.0,24.0,0.28312124257290633,1.0,1.0,1.0,SARG_POLICY,R003,0.45753872595638284,0.5,0.45,0.0,phase=P3;diet_like=3,P3,C10,f8a743e7818c6682,"[""R003"", ""R006"", ""R007""]",0.11961975949026708,center_band,maintain_efficiency,SARG:P3:simulator_reference:risk_heat=False:risk_cold=False:diet=3
348,348,2026-05-17 19:38:33,5.0,24.0,0.28291743593472835,1.0,1.0,1.0,SARG_POLICY,R003,0.45753785256766344,0.5,0.45,0.0,phase=P3;diet_like=3,P3,C10,fd01259f99fefadd,"[""R003"", ""R006"", ""R007""]",0.11957251047462558,center_band,maintain_efficiency,SARG:P3:simulator_reference:risk_heat=False:risk_cold=False:diet=3
349,349,2026-05-17 19:38:33,5.0,24.0,0.28271480503956997,1.0,1.0,1.0,SARG_POLICY,R003,0.4575369603487679,0.5,0.45,0.0,phase=P3;diet_like=3,P3,C10,ee57f83e01dc6f28,"[""R003"", ""R006"", ""R007""]",0.11952549435698251,center_band,maintain_efficiency,SARG:P3:simulator_reference:risk_heat=False:risk_cold=False:diet=3
350,350,2026-05-17 19:38:33,5.0,24.0,0.28251333769782455,1.0,1.0,1.0,SARG_POLICY,R003,0.4575360498645046,0.5,0.45,0.0,phase=P3;diet_like=3,P3,C02,221af0957eabf74a,"[""R003"", ""R006"", ""R007""]",0.119478709371312,center_band,maintain_efficiency,SARG:P3:simulator_reference:risk_heat=False:risk_cold=False:diet=3
351,351,2026-05-17 19:38:33,5.0,24.0,0.2823130219263346,1.0,1.0,1.0,SARG_POLICY,R003,0.4575351216673801,0.5,0.45,0.0,phase=P3;diet_like=3,P3,C02,6627bfe18b462e57,"[""R003"", ""R006"", ""R007""]",0.11943215377500646,center_band,maintain_efficiency,SARG:P3:simulator_reference:risk_heat=False:risk_cold=False:diet=3
352,352,2026-05-17 19:38:33,5.0,24.0,0.28211384594343186,1.0,1.0,1.0,SARG_POLICY,R003,0.4575341762974515,0.5,0.45,0.0,phase=P3;diet_like=3,P3,C02,f7b204058d35f6db,"[""R003"", ""R006"", ""R007""]",0.11938582584755955,center_band,maintain_efficiency,SARG:P3:simulator_reference:risk_heat=False:risk_cold=False:diet=3
353,353,2026-05-17 19:38:33,5.0,24.0,0.28191579816420126,1.0,1.0,1.0,SARG_POLICY,R003,0.45753321428302113,0.5,0.45,0.0,phase=P3;diet_like=3,P3,C02,75c58d5e2dc09abe,"[""R003"", ""R006"", ""R007""]",0.1193397238908205,center_band,maintain_efficiency,SARG:P3:simulator_reference:risk_heat=False:risk_cold=False:diet=3
354,354,2026-05-17 19:38:33,5.0,24.0,0.28171886719590405,1.0,1.0,1.0,SARG_POLICY,R003,0.4575322361404844,0.5,0.45,0.0,phase=P3;diet_like=3,P3,C10,1d16b6640eeb3a95,"[""R003"", ""R006"", ""R007""]",0.119293846227746,center_band,maintain_efficiency,SARG:P3:simulator_reference:risk_heat=False:risk_cold=False:diet=3
355,355,2026-05-17 19:38:33,5.0,24.0,0.281523041833492,1.0,1.0,1.0,SARG_POLICY,R003,0.45753124237509507,0.5,0.45,0.0,phase=P3;diet_like=3,P3,C10,976df8c480b5b3c7,"[""R003"", ""R006"", ""R007""]",0.11924819120283078,center_band,maintain_efficiency,SARG:P3:simulator_reference:risk_heat=False:risk_cold=False:diet=3
356,356,2026-05-17 19:38:33,5.0,24.0,0.28132831105520567,1.0,1.0,1.0,SARG_POLICY,R003,0.4575302334805749,0.5,0.45,0.0,phase=P3;diet_like=3,P3,C10,5b5c32ef7a96a300,"[""R003"", ""R006"", ""R007""]",0.11920275718046833,center_band,maintain_efficiency,SARG:P3:simulator_reference:risk_heat=False:risk_cold=False:diet=3
357,357,2026-05-17 19:38:34,5.0,24.0,0.2811346640184322,1.0,1.0,1.0,SARG_POLICY,R003,0.4575292099401,0.5,0.45,0.0,phase=P3;diet_like=3,P3,C10,31feb09058386bf2,"[""R003"", ""R006"", ""R007""]",0.11915754254585031,center_band,maintain_efficiency,SARG:P3:simulator_reference:risk_heat=False:risk_cold=False:diet=3
358,358,2026-05-17 19:38:34,5.0,24.0,0.2809420900555471,1.0,1.0,1.0,SARG_POLICY,R003,0.45752817222595216,0.5,0.45,0.0,phase=P3;diet_like=3,P3,C02,589801bbeb2cc2a5,"[""R003"", ""R006"", ""R007""]",0.1191125457034525,center_band,maintain_efficiency,SARG:P3:simulator_reference:risk_heat=False:risk_cold=False:diet=3
359,359,2026-05-17 19:38:34,5.0,24.0,0.28075057867000447,1.0,1.0,1.0,SARG_POLICY,R003,0.45752712079997043,0.5,0.45,0.0,phase=P3;diet_like=3,P3,C02,152e94295f416921,"[""R003"", ""R006"", ""R007""]",0.11906776507701353,center_band,maintain_efficiency,SARG:P3:simulator_reference:risk_heat=False:risk_cold=False:diet=3
360,360,2026-05-17 19:38:34,5.0,24.0,0.2805601195324076,1.0,1.0,1.0,SARG_POLICY,R003,0.45752605611397285,0.5,0.45,0.0,phase=P3;diet_like=3,P3,C10,ff23af542178b4dc,"[""R003"", ""R006"", ""R007""]",0.1190231991094624,center_band,maintain_efficiency,SARG:P3:simulator_reference:risk_heat=False:risk_cold=False:diet=3
361,361,2026-05-17 19:38:34,5.0,24.0,0.2803707024767991,1.0,1.0,1.0,SARG_POLICY,R003,0.45752497860960056,0.5,0.45,0.0,phase=P3;diet_like=3,P3,C10,4651d9a29e39f4f5,"[""R003"", ""R006"", ""R007""]",0.11897884626184024,center_band,maintain_efficiency,SARG:P3:simulator_reference:risk_heat=False:risk_cold=False:diet=3
362,362,2026-05-17 19:38:34,5.0,24.0,0.2801823174969981,1.0,1.0,1.0,SARG_POLICY,R003,0.45752388871894234,0.5,0.45,0.0,phase=P3;diet_like=3,P3,C02,588dc09a4dea5463,"[""R003"", ""R006"", ""R007""]",0.11893470501364786,center_band,maintain_efficiency,SARG:P3:simulator_reference:risk_heat=False:risk_cold=False:diet=3
363,363,2026-05-17 19:38:34,5.0,24.0,0.2799949547430664,1.0,1.0,1.0,SARG_POLICY,R003,0.4575227868643522,0.5,0.45,0.0,phase=P3;diet_like=3,P3,C02,a8cb65c496208f59,"[""R003"", ""R006"", ""R007""]",0.1188907738617573,center_band,maintain_efficiency,SARG:P3:simulator_reference:risk_heat=False:risk_cold=False:diet=3
364,364,2026-05-17 19:38:34,5.0,24.0,0.2798086045178572,1.0,1.0,1.0,SARG_POLICY,R003,0.45752167345902045,0.5,0.45,0.0,phase=P3;diet_like=3,P3,C05,7953c032b57485d3,"[""R003"", ""R006"", ""R007""]",0.11884705132070482,center_band,maintain_efficiency,SARG:P3:simulator_reference:risk_heat=False:risk_cold=False:diet=3
365,365,2026-05-17 19:38:34,5.0,24.0,0.27962325727366194,1.0,1.0,1.0,SARG_POLICY,R003,0.45752054890700633,0.5,0.45,0.0,phase=P3;diet_like=3,P3,C05,02ba11b919850e25,"[""R003"", ""R006"", ""R007""]",0.11880353592203023,center_band,maintain_efficiency,SARG:P3:simulator_reference:risk_heat=False:risk_cold=False:diet=3
366,366,2026-05-17 19:38:34,5.0,24.0,0.2794389036090073,1.0,1.0,1.0,SARG_POLICY,R003,0.4575194136032712,0.5,0.45,0.0,phase=P3;diet_like=3,P3,C10,fa482a102e2235c7,"[""R003"", ""R006"", ""R007""]",0.11876022621364722,center_band,maintain_efficiency,SARG:P3:simulator_reference:risk_heat=False:risk_cold=False:diet=3
367,367,2026-05-17 19:38:34,5.0,24.0,0.27925553426540933,1.0,1.0,1.0,SARG_POLICY,R003,0.4575182679344211,0.5,0.45,0.0,phase=P3;diet_like=3,P3,C10,14c1ac0f9592b667,"[""R003"", ""R006"", ""R007""]",0.11871712076048929,center_band,maintain_efficiency,SARG:P3:simulator_reference:risk_heat=False:risk_cold=False:diet=3
368,368,2026-05-17 19:38:34,5.0,24.0,0.2790731401243494,1.0,1.0,1.0,SARG_POLICY,R003,0.4575171122782371,0.5,0.45,0.0,phase=P3;diet_like=3,P3,C10,0f1de648ae26aec3,"[""R003"", ""R006"", ""R007""]",0.11867421814300841,center_band,maintain_efficiency,SARG:P3:simulator_reference:risk_heat=False:risk_cold=False:diet=3
369,369,2026-05-17 19:38:34,5.0,24.0,0.2788917122042887,1.0,1.0,1.0,SARG_POLICY,R003,0.4575159470040834,0.5,0.45,0.0,phase=P3;diet_like=3,P3,C10,7f2705b3f46a8cd1,"[""R003"", ""R006"", ""R007""]",0.1186315169572674,center_band,maintain_efficiency,SARG:P3:simulator_reference:risk_heat=False:risk_cold=False:diet=3
370,370,2026-05-17 19:38:34,5.0,24.0,0.27871124165772015,1.0,1.0,1.0,SARG_POLICY,R003,0.4575147724736355,0.5,0.45,0.0,phase=P3;diet_like=3,P3,C10,af184c74aafdec89,"[""R003"", ""R006"", ""R007""]",0.11858901581562432,center_band,maintain_efficiency,SARG:P3:simulator_reference:risk_heat=False:risk_cold=False:diet=3
371,371,2026-05-17 19:38:34,5.0,24.0,0.27853171976834806,1.0,1.0,1.0,SARG_POLICY,R003,0.4575135890399501,0.5,0.45,0.0,phase=P3;diet_like=3,P3,C10,add56b62bbb07ba2,"[""R003"", ""R006"", ""R007""]",0.11854671334443723,center_band,maintain_efficiency,SARG:P3:simulator_reference:risk_heat=False:risk_cold=False:diet=3
372,372,2026-05-17 19:38:34,5.0,24.0,0.278353137948353,1.0,1.0,1.0,SARG_POLICY,R003,0.4575123970490272,0.5,0.45,0.0,phase=P3;diet_like=3,P3,C10,7640f5387192a95a,"[""R003"", ""R006"", ""R007""]",0.11850460818629924,center_band,maintain_efficiency,SARG:P3:simulator_reference:risk_heat=False:risk_cold=False:diet=3
373,373,2026-05-17 19:38:34,5.0,24.0,0.2781754877357158,1.0,1.0,1.0,SARG_POLICY,R003,0.4575111968383957,0.5,0.45,0.0,phase=P3;diet_like=3,P3,C10,25f12e44af842702,"[""R003"", ""R006"", ""R007""]",0.11846269899689982,center_band,maintain_efficiency,SARG:P3:simulator_reference:risk_heat=False:risk_cold=False:diet=3
374,374,2026-05-17 19:38:34,5.0,24.0,0.2779987607915187,1.0,1.0,1.0,SARG_POLICY,R003,0.45750998873887555,0.5,0.45,0.0,phase=P3;diet_like=3,P3,C10,ee815bf95dd3d8fe,"[""R003"", ""R006"", ""R007""]",0.11842098444763013,center_band,maintain_efficiency,SARG:P3:simulator_reference:risk_heat=False:risk_cold=False:diet=3
375,375,2026-05-17 19:38:34,5.0,24.0,0.27782294889753684,1.0,1.0,1.0,SARG_POLICY,R003,0.45750877307340876,0.5,0.45,0.0,phase=P3;diet_like=3,P3,C10,70d679aaeefa759a,"[""R003"", ""R006"", ""R007""]",0.11837946322294074,center_band,maintain_efficiency,SARG:P3:simulator_reference:risk_heat=False:risk_cold=False:diet=3
376,376,2026-05-17 19:38:34,5.0,24.0,0.27760341438217523,1.0,1.0,1.0,SARG_POLICY,R003,0.4575132032372864,0.5,0.45,0.0,phase=P3;diet_like=3,P3,C02,0a2026e4fa5a7546,"[""R003"", ""R006"", ""R007""]",0.11833813402190696,center_band,maintain_efficiency,SARG:P3:simulator_reference:risk_heat=False:risk_cold=False:diet=3
377,377,2026-05-17 19:38:34,5.0,24.0,0.2773798066241378,1.0,1.0,1.0,SARG_POLICY,R003,0.45748735893688963,0.5,0.45,0.0,phase=P3;diet_like=3,P3,C10,e8ab4ddbb5a41c02,"[""R003"", ""R006"", ""R007""]",0.11824107563311317,center_band,maintain_efficiency,SARG:P3:simulator_reference:risk_heat=False:risk_cold=False:diet=3
378,378,2026-05-17 19:38:34,5.0,24.0,0.2771578920614663,1.0,1.0,1.0,SARG_POLICY,R003,0.45745769068552466,0.5,0.45,0.0,phase=P3;diet_like=3,P3,C10,4f84a11c0b454c85,"[""R003"", ""R006"", ""R007""]",0.1181374607424128,center_band,maintain_efficiency,SARG:P3:simulator_reference:risk_heat=False:risk_cold=False:diet=3
379,379,2026-05-17 19:38:34,5.0,24.0,0.27693765310492297,1.0,1.0,1.0,SARG_POLICY,R003,0.45742816434901945,0.5,0.45,0.0,phase=P3;diet_like=3,P3,C10,32f7a61791b24027,"[""R003"", ""R006"", ""R007""]",0.11803446071284793,center_band,maintain_efficiency,SARG:P3:simulator_reference:risk_heat=False:risk_cold=False:diet=3
380,380,2026-05-17 19:38:35,5.0,24.0,0.27671907244671595,1.0,1.0,1.0,SARG_POLICY,R003,0.45739877856883737,0.5,0.45,0.0,phase=P3;diet_like=3,P3,C10,2115319ffeb16f9b,"[""R003"", ""R006"", ""R007""]",0.11793206957438315,center_band,maintain_efficiency,SARG:P3:simulator_reference:risk_heat=False:risk_cold=False:diet=3
381,381,2026-05-17 19:38:35,5.0,24.0,0.2765021330546566,1.0,1.0,1.0,SARG_POLICY,R003,0.45736953199696995,0.5,0.45,0.0,phase=P3;diet_like=3,P3,C10,b3989ab21afa4b0a,"[""R003"", ""R006"", ""R007""]",0.11783028143008634,center_band,maintain_efficiency,SARG:P3:simulator_reference:risk_heat=False:risk_cold=False:diet=3
382,382,2026-05-17 19:38:35,5.0,24.0,0.27628681816644635,1.0,1.0,1.0,SARG_POLICY,R003,0.4573404232958071,0.5,0.45,0.0,phase=P3;diet_like=3,P3,C10,a900b8a6ea845402,"[""R003"", ""R006"", ""R007""]",0.11772909045482244,center_band,maintain_efficiency,SARG:P3:simulator_reference:risk_heat=False:risk_cold=False:diet=3
383,383,2026-05-17 19:38:35,5.0,24.0,0.2760731112840786,1.0,1.0,1.0,SARG_POLICY,R003,0.457311451137942,0.5,0.45,0.0,phase=P3;diet_like=3,P3,C10,cae9ffe52f94c56f,"[""R003"", ""R006"", ""R007""]",0.11762849089384611,center_band,maintain_efficiency,SARG:P3:simulator_reference:risk_heat=False:risk_cold=False:diet=3
384,384,2026-05-17 19:38:35,5.0,24.0,0.2758609961685002,1.0,1.0,1.0,SARG_POLICY,R003,0.45728261420641103,0.5,0.45,0.0,phase=P3;diet_like=3,P3,C10,b6f2e3e1c7a05975,"[""R003"", ""R006"", ""R007""]",0.11752847706222866,center_band,maintain_efficiency,SARG:P3:simulator_reference:risk_heat=False:risk_cold=False:diet=3
385,385,2026-05-17 19:38:35,5.0,24.0,0.27565045683419226,1.0,1.0,1.0,SARG_POLICY,R003,0.4572539111939614,0.5,0.45,0.0,phase=P3;diet_like=3,P3,C10,1adacece549022ad,"[""R003"", ""R006"", ""R007""]",0.11742904334251478,center_band,maintain_efficiency,SARG:P3:simulator_reference:risk_heat=False:risk_cold=False:diet=3
386,386,2026-05-17 19:38:35,5.0,24.0,0.2754414775441138,1.0,1.0,1.0,SARG_POLICY,R003,0.45722534080351357,0.5,0.45,0.0,phase=P3;diet_like=3,P3,C10,d310e126a0861ad7,"[""R003"", ""R006"", ""R007""]",0.11733018418460088,center_band,maintain_efficiency,SARG:P3:simulator_reference:risk_heat=False:risk_cold=False:diet=3
387,387,2026-05-17 19:38:35,5.0,24.0,0.2752340428046251,1.0,1.0,1.0,SARG_POLICY,R003,0.45719690174765587,0.5,0.45,0.0,phase=P3;diet_like=3,P3,C10,609918bda270e359,"[""R003"", ""R006"", ""R007""]",0.11723189410386384,center_band,maintain_efficiency,SARG:P3:simulator_reference:risk_heat=False:risk_cold=False:diet=3
388,388,2026-05-17 19:38:35,5.0,24.0,0.2750281373605414,1.0,1.0,1.0,SARG_POLICY,R003,0.45716859274856597,0.5,0.45,0.0,phase=P3;diet_like=3,P3,C10,1c88c32e22865c39,"[""R003"", ""R006"", ""R007""]",0.1171341676800821,center_band,maintain_efficiency,SARG:P3:simulator_reference:risk_heat=False:risk_cold=False:diet=3
389,389,2026-05-17 19:38:35,5.0,24.0,0.2748237461904059,1.0,1.0,1.0,SARG_POLICY,R003,0.45714041253833204,0.5,0.45,0.0,phase=P3;diet_like=3,P3,C10,0297bb192dfcb22f,"[""R003"", ""R006"", ""R007""]",0.11703699955712249,center_band,maintain_efficiency,SARG:P3:simulator_reference:risk_heat=False:risk_cold=False:diet=3
390,390,2026-05-17 19:38:35,5.0,24.0,0.27462085450174006,1.0,1.0,1.0,SARG_POLICY,R003,0.45711235985795323,0.5,0.45,0.0,phase=P3;diet_like=3,P3,C10,b11656752f8e9551,"[""R003"", ""R006"", ""R007""]",0.1169403844402307,center_band,maintain_efficiency,SARG:P3:simulator_reference:risk_heat=False:risk_cold=False:diet=3
391,391,2026-05-17 19:38:35,5.0,24.0,0.2744194477265654,1.0,1.0,1.0,SARG_POLICY,R003,0.45708443345819294,0.5,0.45,0.0,phase=P3;diet_like=3,P3,C10,6bc81d12559de765,"[""R003"", ""R006"", ""R007""]",0.11684431709672567,center_band,maintain_efficiency,SARG:P3:simulator_reference:risk_heat=False:risk_cold=False:diet=3
392,392,2026-05-17 19:38:35,5.0,24.0,0.2742195115168638,1.0,1.0,1.0,SARG_POLICY,R003,0.4570566320989696,0.5,0.45,0.0,phase=P3;diet_like=3,P3,C02,a328a2de9419d030,"[""R003"", ""R006"", ""R007""]",0.11674879235403561,center_band,maintain_efficiency,SARG:P3:simulator_reference:risk_heat=False:risk_cold=False:diet=3
393,393,2026-05-17 19:38:35,5.0,24.0,0.2740210317402893,1.0,1.0,1.0,SARG_POLICY,R003,0.45702895454907605,0.5,0.45,0.0,phase=P3;diet_like=3,P3,C10,4b95fd718ae97f6e,"[""R003"", ""R006"", ""R007""]",0.11665380509837278,center_band,maintain_efficiency,SARG:P3:simulator_reference:risk_heat=False:risk_cold=False:diet=3
394,394,2026-05-17 19:38:35,5.0,24.0,0.2738239944758692,1.0,1.0,1.0,SARG_POLICY,R003,0.45700139958659086,0.5,0.45,0.0,phase=P3;diet_like=3,P3,C10,9773d493433727b5,"[""R003"", ""R006"", ""R007""]",0.11655935027466346,center_band,maintain_efficiency,SARG:P3:simulator_reference:risk_heat=False:risk_cold=False:diet=3
395,395,2026-05-17 19:38:35,5.0,24.0,0.2736283860099176,1.0,1.0,1.0,SARG_POLICY,R003,0.4569739659983587,0.5,0.45,0.0,phase=P3;diet_like=3,P3,C10,6e1274ef16df4ce2,"[""R003"", ""R006"", ""R007""]",0.11646542288482484,center_band,maintain_efficiency,SARG:P3:simulator_reference:risk_heat=False:risk_cold=False:diet=3
396,396,2026-05-17 19:38:35,5.0,24.0,0.2734341928319602,1.0,1.0,1.0,SARG_POLICY,R003,0.4569466525800376,0.5,0.45,0.0,phase=P3;diet_like=3,P3,C10,2db0ac6919ec1cab,"[""R003"", ""R006"", ""R007""]",0.11637201798707517,center_band,maintain_efficiency,SARG:P3:simulator_reference:risk_heat=False:risk_cold=False:diet=3
397,397,2026-05-17 19:38:35,5.0,24.0,0.27324140163075644,1.0,1.0,1.0,SARG_POLICY,R003,0.45691945813612267,0.5,0.45,0.0,phase=P3;diet_like=3,P3,C10,53bf974f57a1fa05,"[""R003"", ""R006"", ""R007""]",0.11627913069521874,center_band,maintain_efficiency,SARG:P3:simulator_reference:risk_heat=False:risk_cold=False:diet=3
398,398,2026-05-17 19:38:35,5.0,24.0,0.27304999929048696,1.0,1.0,1.0,SARG_POLICY,R003,0.4568923814794825,0.5,0.45,0.0,phase=P3;diet_like=3,P3,C10,dfcae7cab533e339,"[""R003"", ""R006"", ""R007""]",0.11618675617707624,center_band,maintain_efficiency,SARG:P3:simulator_reference:risk_heat=False:risk_cold=False:diet=3
399,399,2026-05-17 19:38:35,5.0,24.0,0.27285997288696034,1.0,1.0,1.0,SARG_POLICY,R003,0.4568654214317359,0.5,0.45,0.0,phase=P3;diet_like=3,P3,C10,70f93cada0c27b0e,"[""R003"", ""R006"", ""R007""]",0.11609488965444173,center_band,maintain_efficiency,SARG:P3:simulator_reference:risk_heat=False:risk_cold=False:diet=3
400,400,2026-05-17 19:38:35,5.0,24.0,0.20531563244023998,1.0,1.0,1.0,SARG_POLICY,R003,0.4653702959403624,0.5,0.45,0.0,phase=P3;diet_like=3,P3,C10,e531cef3af278103,"[""R003"", ""R006"", ""R007""]",0.11600352640161045,center_band,maintain_efficiency,SARG:P3:simulator_reference:risk_heat=False:risk_cold=False:diet=3
401,401,2026-05-17 19:38:35,5.0,24.0,0.20540594891023328,1.0,1.0,1.0,SARG_POLICY,R003,0.45108055433613026,0.5,0.45,0.0,phase=P3;diet_like=3,P3,C10,17847bb8a581bbfc,"[""R003"", ""R006"", ""R007""]",0.10353539571869538,center_band,maintain_efficiency,SARG:P3:simulator_reference:risk_heat=False:risk_cold=False:diet=3
402,402,2026-05-17 19:38:35,5.0,24.0,0.20522570028159276,1.0,1.0,1.0,SARG_POLICY,R003,0.4511252920191301,0.5,0.45,0.0,phase=P3;diet_like=3,P3,C10,e412ade539518f1e,"[""R003"", ""R006"", ""R007""]",0.10355789827296007,center_band,maintain_efficiency,SARG:P3:simulator_reference:risk_heat=False:risk_cold=False:diet=3
403,403,2026-05-17 19:38:36,5.0,24.0,0.20492604811319998,1.0,1.0,1.0,SARG_POLICY,R003,0.4511322597586574,0.5,0.45,0.0,phase=P3;diet_like=3,P3,C10,1b4d04e10b75a26d,"[""R003"", ""R006"", ""R007""]",0.10358908124464253,center_band,maintain_efficiency,SARG:P3:simulator_reference:risk_heat=False:risk_cold=False:diet=3
404,404,2026-05-17 19:38:36,5.0,24.0,0.20462636849539512,1.0,1.0,1.0,SARG_POLICY,R003,0.4511130442381211,0.5,0.45,0.0,phase=P3;diet_like=3,P3,C10,16278e720b857eb7,"[""R003"", ""R006"", ""R007""]",0.10361590612188934,center_band,maintain_efficiency,SARG:P3:simulator_reference:risk_heat=False:risk_cold=False:diet=3
405,405,2026-05-17 19:38:36,5.0,24.0,0.2043266718790019,1.0,1.0,1.0,SARG_POLICY,R003,0.4510937307314804,0.5,0.45,0.0,phase=P3;diet_like=3,P3,C10,78a497a44505a535,"[""R003"", ""R006"", ""R007""]",0.10364262947584266,center_band,maintain_efficiency,SARG:P3:simulator_reference:risk_heat=False:risk_cold=False:diet=3
406,406,2026-05-17 19:38:36,5.0,24.0,0.20402696849468177,1.0,1.0,1.0,SARG_POLICY,R003,0.45107432049386675,0.5,0.45,0.0,phase=P3;diet_like=3,P3,C10,7e13c1088109f208,"[""R003"", ""R006"", ""R007""]",0.10366925051360365,center_band,maintain_efficiency,SARG:P3:simulator_reference:risk_heat=False:risk_cold=False:diet=3
407,407,2026-05-17 19:38:36,5.0,24.0,0.20372726835824495,1.0,1.0,1.0,SARG_POLICY,R003,0.4510548147442543,0.5,0.45,0.0,phase=P3;diet_like=3,P3,C10,907e79835851ecbe,"[""R003"", ""R006"", ""R007""]",0.1036957684701643,center_band,maintain_efficiency,SARG:P3:simulator_reference:risk_heat=False:risk_cold=False:diet=3
408,408,2026-05-17 19:38:36,5.0,24.0,0.20342758127581884,1.0,1.0,1.0,SARG_POLICY,R003,0.451035214666792,0.5,0.45,0.0,phase=P3;diet_like=3,P3,C10,774b36b9326b7121,"[""R003"", ""R006"", ""R007""]",0.10372218260762253,center_band,maintain_efficiency,SARG:P3:simulator_reference:risk_heat=False:risk_cold=False:diet=3
409,409,2026-05-17 19:38:36,5.0,24.0,0.20317101961891038,1.0,1.0,1.0,SARG_POLICY,R003,0.4510100617270866,0.5,0.45,0.0,phase=P3;diet_like=3,P3,C10,e43656fee770faa4,"[""R003"", ""R006"", ""R007""]",0.10374849221426266,center_band,maintain_efficiency,SARG:P3:simulator_reference:risk_heat=False:risk_cold=False:diet=3
410,410,2026-05-17 19:38:36,5.0,24.0,0.20291633788854135,1.0,1.0,1.0,SARG_POLICY,R003,0.4510179979091974,0.5,0.45,0.0,phase=P3;diet_like=3,P3,C02,591ea41ce881ac48,"[""R003"", ""R006"", ""R007""]",0.10378029440562836,center_band,maintain_efficiency,SARG:P3:simulator_reference:risk_heat=False:risk_cold=False:diet=3
411,411,2026-05-17 19:38:36,5.0,24.0,0.2026609884958877,1.0,1.0,1.0,SARG_POLICY,R003,0.4510276685814944,0.5,0.45,0.0,phase=P3;diet_like=3,P3,C10,5372636d0f853068,"[""R003"", ""R006"", ""R007""]",0.10381240203088837,center_band,maintain_efficiency,SARG:P3:simulator_reference:risk_heat=False:risk_cold=False:diet=3
412,412,2026-05-17 19:38:36,5.0,24.0,0.2024049882599383,1.0,1.0,1.0,SARG_POLICY,R003,0.4510371062261627,0.5,0.45,0.0,phase=P3;diet_like=3,P3,C10,368fe001ad6a4fc8,"[""R003"", ""R006"", ""R007""]",0.10384448935693975,center_band,maintain_efficiency,SARG:P3:simulator_reference:risk_heat=False:risk_cold=False:diet=3
413,413,2026-05-17 19:38:36,5.0,24.0,0.2021483536931507,1.0,1.0,1.0,SARG_POLICY,R003,0.45104631330818024,0.5,0.45,0.0,phase=P3;diet_like=3,P3,C10,9415138a16428698,"[""R003"", ""R006"", ""R007""]",0.1038765537632764,center_band,maintain_efficiency,SARG:P3:simulator_reference:risk_heat=False:risk_cold=False:diet=3
414,414,2026-05-17 19:38:36,5.0,24.0,0.20189110100814917,1.0,1.0,1.0,SARG_POLICY,R003,0.4510552922517812,0.5,0.45,0.0,phase=P3;diet_like=3,P3,C10,ae1f4e4b80559667,"[""R003"", ""R006"", ""R007""]",0.1039085926916984,center_band,maintain_efficiency,SARG:P3:simulator_reference:risk_heat=False:risk_cold=False:diet=3
415,415,2026-05-17 19:38:36,5.0,24.0,0.20163324612425537,1.0,1.0,1.0,SARG_POLICY,R003,0.45106404544082085,0.5,0.45,0.0,phase=P3;diet_like=3,P3,C10,354e0da66711a187,"[""R003"", ""R006"", ""R007""]",0.10394060364465973,center_band,maintain_efficiency,SARG:P3:simulator_reference:risk_heat=False:risk_cold=False:diet=3
416,416,2026-05-17 19:38:36,5.0,24.0,0.20137480467384755,1.0,1.0,1.0,SARG_POLICY,R003,0.4510725752202392,0.5,0.45,0.0,phase=P3;diet_like=3,P3,C10,cbeb65f7c35c6d08,"[""R003"", ""R006"", ""R007""]",0.10397258418384367,center_band,maintain_efficiency,SARG:P3:simulator_reference:risk_heat=False:risk_cold=False:diet=3
417,417,2026-05-17 19:38:36,5.0,24.0,0.2011157920085675,1.0,1.0,1.0,SARG_POLICY,R003,0.45108088389627954,0.5,0.45,0.0,phase=P3;diet_like=3,P3,C10,17f4ccd11827a5bc,"[""R003"", ""R006"", ""R007""]",0.10400453192859255,center_band,maintain_efficiency,SARG:P3:simulator_reference:risk_heat=False:risk_cold=False:diet=3
418,418,2026-05-17 19:38:36,5.0,24.0,0.2008562232053614,1.0,1.0,1.0,SARG_POLICY,R003,0.4510889737378453,0.5,0.45,0.0,phase=P3;diet_like=3,P3,C10,adb8262c9895b5cd,"[""R003"", ""R006"", ""R007""]",0.10403644455455514,center_band,maintain_efficiency,SARG:P3:simulator_reference:risk_heat=False:risk_cold=False:diet=3
419,419,2026-05-17 19:38:36,5.0,24.0,0.2005961130723683,1.0,1.0,1.0,SARG_POLICY,R003,0.45109684697704533,0.5,0.45,0.0,phase=P3;diet_like=3,P3,C10,bf71a402365022b1,"[""R003"", ""R006"", ""R007""]",0.10406831979226525,center_band,maintain_efficiency,SARG:P3:simulator_reference:risk_heat=False:risk_cold=False:diet=3
420,420,2026-05-17 19:38:36,5.0,24.0,0.20033547615466535,1.0,1.0,1.0,SARG_POLICY,R003,0.4511045058103886,0.5,0.45,0.0,phase=P3;diet_like=3,P3,C10,f94c08671f0656ea,"[""R003"", ""R006"", ""R007""]",0.10410015542583753,center_band,maintain_efficiency,SARG:P3:simulator_reference:risk_heat=False:risk_cold=False:diet=3
421,421,2026-05-17 19:38:36,5.0,24.0,0.20007432673986814,1.0,1.0,1.0,SARG_POLICY,R003,0.4511119523986561,0.5,0.45,0.0,phase=P3;diet_like=3,P3,C02,9dbb6df41a14334c,"[""R003"", ""R006"", ""R007""]",0.1041319492915298,center_band,maintain_efficiency,SARG:P3:simulator_reference:risk_heat=False:risk_cold=False:diet=3
422,422,2026-05-17 19:38:36,5.0,24.0,0.19981267886358334,1.0,1.0,1.0,SARG_POLICY,R003,0.4511191888693007,0.5,0.45,0.0,phase=P3;diet_like=3,P3,C10,a1016f2e3097b350,"[""R003"", ""R006"", ""R007""]",0.10416369927672033,center_band,maintain_efficiency,SARG:P3:simulator_reference:risk_heat=False:risk_cold=False:diet=3
423,423,2026-05-17 19:38:36,5.0,24.0,0.19955054631473812,1.0,1.0,1.0,SARG_POLICY,R003,0.45112621731500935,0.5,0.45,0.0,phase=P3;diet_like=3,P3,C10,66e35d29b08f70ba,"[""R003"", ""R006"", ""R007""]",0.1041954033183205,center_band,maintain_efficiency,SARG:P3:simulator_reference:risk_heat=False:risk_cold=False:diet=3
424,424,2026-05-17 19:38:36,5.0,24.0,0.19928794264076416,1.0,1.0,1.0,SARG_POLICY,R003,0.4511330397965622,0.5,0.45,0.0,phase=P3;diet_like=3,P3,C10,2867aa860fb9b0fd,"[""R003"", ""R006"", ""R007""]",0.10422705940191909,center_band,maintain_efficiency,SARG:P3:simulator_reference:risk_heat=False:risk_cold=False:diet=3
425,425,2026-05-17 19:38:36,5.0,24.0,0.19902488115266326,1.0,1.0,1.0,SARG_POLICY,R003,0.4511396583420459,0.5,0.45,0.0,phase=P3;diet_like=3,P3,C10,fa15cc216de220d6,"[""R003"", ""R006"", ""R007""]",0.10425866556036642,center_band,maintain_efficiency,SARG:P3:simulator_reference:risk_heat=False:risk_cold=False:diet=3
426,426,2026-05-17 19:38:37,5.0,24.0,0.19876137492994156,1.0,1.0,1.0,SARG_POLICY,R003,0.451146074948258,0.5,0.45,0.0,phase=P3;diet_like=3,P3,C10,9c2c33c267b5e271,"[""R003"", ""R006"", ""R007""]",0.10429021987275251,center_band,maintain_efficiency,SARG:P3:simulator_reference:risk_heat=False:risk_cold=False:diet=3
427,427,2026-05-17 19:38:37,5.0,24.0,0.19849743682542503,1.0,1.0,1.0,SARG_POLICY,R003,0.45115229158134545,0.5,0.45,0.0,phase=P3;diet_like=3,P3,C10,d81d1a294c582a00,"[""R003"", ""R006"", ""R007""]",0.104321720463302,center_band,maintain_efficiency,SARG:P3:simulator_reference:risk_heat=False:risk_cold=False:diet=3
428,428,2026-05-17 19:38:37,5.0,24.0,0.19823307946996072,1.0,1.0,1.0,SARG_POLICY,R003,0.4511583101769181,0.5,0.45,0.0,phase=P3;diet_like=3,P3,C10,87e25e767bab8286,"[""R003"", ""R006"", ""R007""]",0.1043531655001997,center_band,maintain_efficiency,SARG:P3:simulator_reference:risk_heat=False:risk_cold=False:diet=3
429,429,2026-05-17 19:38:37,5.0,24.0,0.19796831527699255,1.0,1.0,1.0,SARG_POLICY,R003,0.4511641326415416,0.5,0.45,0.0,phase=P3;diet_like=3,P3,C10,d4499f7cb1425def,"[""R003"", ""R006"", ""R007""]",0.1043845531946953,center_band,maintain_efficiency,SARG:P3:simulator_reference:risk_heat=False:risk_cold=False:diet=3
430,430,2026-05-17 19:38:37,5.0,24.0,0.19770315644703745,1.0,1.0,1.0,SARG_POLICY,R003,0.4511697608526607,0.5,0.45,0.0,phase=P3;diet_like=3,P3,C05,ee2c535c7657c059,"[""R003"", ""R006"", ""R007""]",0.10441588179996025,center_band,maintain_efficiency,SARG:P3:simulator_reference:risk_heat=False:risk_cold=False:diet=3
431,431,2026-05-17 19:38:37,5.0,24.0,0.19743761497204437,1.0,1.0,1.0,SARG_POLICY,R003,0.4511751966595951,0.5,0.45,0.0,phase=P3;diet_like=3,P3,C05,1f87bc25df55a6d4,"[""R003"", ""R006"", ""R007""]",0.10444714961017064,center_band,maintain_efficiency,SARG:P3:simulator_reference:risk_heat=False:risk_cold=False:diet=3
432,432,2026-05-17 19:38:37,5.0,24.0,0.19717170263965184,1.0,1.0,1.0,SARG_POLICY,R003,0.4511804418836818,0.5,0.45,0.0,phase=P3;diet_like=3,P3,C10,b11dc79732d7ee50,"[""R003"", ""R006"", ""R007""]",0.10447835495946209,center_band,maintain_efficiency,SARG:P3:simulator_reference:risk_heat=False:risk_cold=False:diet=3
433,433,2026-05-17 19:38:37,5.0,24.0,0.19690543103734648,1.0,1.0,1.0,SARG_POLICY,R003,0.4511854983196801,0.5,0.45,0.0,phase=P3;diet_like=3,P3,C10,9aa75d7840c67cf2,"[""R003"", ""R006"", ""R007""]",0.10450949622113948,center_band,maintain_efficiency,SARG:P3:simulator_reference:risk_heat=False:risk_cold=False:diet=3
434,434,2026-05-17 19:38:37,5.0,24.0,0.19663881155650914,1.0,1.0,1.0,SARG_POLICY,R003,0.4511903677354504,0.5,0.45,0.0,phase=P3;diet_like=3,P3,C10,cd44aa024d12b3b0,"[""R003"", ""R006"", ""R007""]",0.1045405718066072,center_band,maintain_efficiency,SARG:P3:simulator_reference:risk_heat=False:risk_cold=False:diet=3
435,435,2026-05-17 19:38:37,5.0,24.0,0.19652453213015797,1.0,1.0,1.0,SARG_POLICY,R003,0.4511677841834094,0.5,0.45,0.0,phase=P3;diet_like=3,P3,C10,e123bc4f0ec08044,"[""R003"", ""R006"", ""R007""]",0.10454856819038338,center_band,maintain_efficiency,SARG:P3:simulator_reference:risk_heat=False:risk_cold=False:diet=3
436,436,2026-05-17 19:38:37,5.0,24.0,0.19664991994514325,1.0,1.0,1.0,SARG_POLICY,R003,0.45113569319028723,0.5,0.45,0.0,phase=P3;diet_like=3,P3,C10,42e62aae2d731383,"[""R003"", ""R006"", ""R007""]",0.10452603304798144,center_band,maintain_efficiency,SARG:P3:simulator_reference:risk_heat=False:risk_cold=False:diet=3
437,437,2026-05-17 19:38:37,5.0,24.0,0.1967742037037169,1.0,1.0,1.0,SARG_POLICY,R003,0.45115626934683317,0.5,0.45,0.0,phase=P3;diet_like=3,P3,C02,695e2ed6e78645d0,"[""R003"", ""R006"", ""R007""]",0.10451251203470344,center_band,maintain_efficiency,SARG:P3:simulator_reference:risk_heat=False:risk_cold=False:diet=3
438,438,2026-05-17 19:38:37,5.0,24.0,0.19689739675823748,1.0,1.0,1.0,SARG_POLICY,R003,0.45117666751327073,0.5,0.45,0.0,phase=P3;diet_like=3,P3,C05,a8b8f3316e543ede,"[""R003"", ""R006"", ""R007""]",0.10449919217205826,center_band,maintain_efficiency,SARG:P3:simulator_reference:risk_heat=False:risk_cold=False:diet=3
439,439,2026-05-17 19:38:37,5.0,24.0,0.19701951225623138,1.0,1.0,1.0,SARG_POLICY,R003,0.45119688980751704,0.5,0.45,0.0,phase=P3;diet_like=3,P3,C05,1ef33cc3f6675d1b,"[""R003"", ""R006"", ""R007""]",0.10448607023798323,center_band,maintain_efficiency,SARG:P3:simulator_reference:risk_heat=False:risk_cold=False:diet=3
440,440,2026-05-17 19:38:37,5.0,24.0,0.19714056314420814,1.0,1.0,1.0,SARG_POLICY,R003,0.4512169383144475,0.5,0.45,0.0,phase=P3;diet_like=3,P3,C05,873278ad06bacfc5,"[""R003"", ""R006"", ""R007""]",0.10447314306963659,center_band,maintain_efficiency,SARG:P3:simulator_reference:risk_heat=False:risk_cold=False:diet=3
441,441,2026-05-17 19:38:37,5.0,24.0,0.19726056217139026,1.0,1.0,1.0,SARG_POLICY,R003,0.45123681508634805,0.5,0.45,0.0,phase=P3;diet_like=3,P3,C02,8cc2a014ec29384f,"[""R003"", ""R006"", ""R007""]",0.10446040756210632,center_band,maintain_efficiency,SARG:P3:simulator_reference:risk_heat=False:risk_cold=False:diet=3
442,442,2026-05-17 19:38:37,5.0,24.0,0.19737952189336566,1.0,1.0,1.0,SARG_POLICY,R003,0.45125652214352796,0.5,0.45,0.0,phase=P3;diet_like=3,P3,C05,0555afe5bad3119f,"[""R003"", ""R006"", ""R007""]",0.1044478606671573,center_band,maintain_efficiency,SARG:P3:simulator_reference:risk_heat=False:risk_cold=False:diet=3
443,443,2026-05-17 19:38:37,5.0,24.0,0.1974974546756556,1.0,1.0,1.0,SARG_POLICY,R003,0.4512760614755034,0.5,0.45,0.0,phase=P3;diet_like=3,P3,C02,f44a0d8a39e49d76,"[""R003"", ""R006"", ""R007""]",0.10443549939213786,center_band,maintain_efficiency,SARG:P3:simulator_reference:risk_heat=False:risk_cold=False:diet=3
444,444,2026-05-17 19:38:37,5.0,24.0,0.1976143726972111,1.0,1.0,1.0,SARG_POLICY,R003,0.4512954350405079,0.5,0.45,0.0,phase=P3;diet_like=3,P3,C02,f7cd88535d9efdce,"[""R003"", ""R006"", ""R007""]",0.10442332079860006,center_band,maintain_efficiency,SARG:P3:simulator_reference:risk_heat=False:risk_cold=False:diet=3
445,445,2026-05-17 19:38:37,5.0,24.0,0.19773028795382736,1.0,1.0,1.0,SARG_POLICY,R003,0.4513146447671009,0.5,0.45,0.0,phase=P3;diet_like=3,P3,C05,3c3c278421d9f0cb,"[""R003"", ""R006"", ""R007""]",0.10441132200134118,center_band,maintain_efficiency,SARG:P3:simulator_reference:risk_heat=False:risk_cold=False:diet=3
446,446,2026-05-17 19:38:37,5.0,24.0,0.1318968081743217,1.0,1.0,1.0,SARG_POLICY,R003,0.46820440529013496,0.5,0.15,0.0,phase=P3;diet_like=3,P3,C07,3a6c8e2bf6befe90,"[""R003"", ""R006"", ""R007""]",0.10439950016722697,center_band,maintain_efficiency,SARG:P3:simulator_reference:risk_heat=False:risk_cold=False:diet=3
447,447,2026-05-17 19:38:37,5.0,24.0,0.13197277150641196,1.0,1.0,1.0,SARG_POLICY,R003,0.4682301297080717,0.5,0.15,0.0,phase=P3;diet_like=3,P3,C03,7f7e1888bc681c36,"[""R003"", ""R006"", ""R007""]",0.10438785251402997,center_band,maintain_efficiency,SARG:P3:simulator_reference:risk_heat=False:risk_cold=False:diet=3
448,448,2026-05-17 19:38:37,5.0,24.0,0.13204808960955416,1.0,1.0,1.0,SARG_POLICY,R003,0.4682556378278233,0.5,0.15,0.0,phase=P3;diet_like=3,P3,C03,a585f3500bf3ce8b,"[""R003"", ""R006"", ""R007""]",0.10437637630944943,center_band,maintain_efficiency,SARG:P3:simulator_reference:risk_heat=False:risk_cold=False:diet=3
449,449,2026-05-17 19:38:38,5.0,24.0,0.13212277001434058,1.0,1.0,1.0,SARG_POLICY,R003,0.4682809321410795,0.5,0.15,0.0,phase=P3;diet_like=3,P3,C00,00f2f7b85d4256b2,"[""R003"", ""R006"", ""R007""]",0.10436506887004693,center_band,maintain_efficiency,SARG:P3:simulator_reference:risk_heat=False:risk_cold=False:diet=3
450,450,2026-05-17 19:38:38,5.0,24.0,0.20431660791055412,1.0,1.0,1.0,SARG_POLICY,R005,0.4047210537181785,0.5,0.45,0.0,phase=P3;diet_like=5,P3,C05,254dd7a6c15d7bb0,"[""R005"", ""R017"", ""R059""]",0.01416063580014433,center_band,maintain_efficiency,SARG:P3:simulator_reference:risk_heat=False:risk_cold=False:diet=5
451,451,2026-05-17 19:38:38,5.0,24.0,0.2044015531174626,1.0,1.0,1.0,SARG_POLICY,R005,0.4047110929328542,0.5,0.45,0.0,phase=P4;diet_like=5,P4,C05,e7af1b00417a0aca,"[""R005"", ""R021"", ""R039""]",0.014091331503461655,center_band,maintain_efficiency,SARG:P4:simulator_reference:risk_heat=False:risk_cold=False:diet=5
452,452,2026-05-17 19:38:38,5.0,24.0,0.20448578723535743,1.0,1.0,1.0,SARG_POLICY,R005,0.40470114385250106,0.5,0.45,0.0,phase=P4;diet_like=5,P4,C05,ed0baed439898390,"[""R005"", ""R021"", ""R039""]",0.014022644098130255,center_band,maintain_efficiency,SARG:P4:simulator_reference:risk_heat=False:risk_cold=False:diet=5
453,453,2026-05-17 19:38:38,5.0,24.0,0.2045693184281423,1.0,1.0,1.0,SARG_POLICY,R005,0.40469120674932624,0.5,0.45,0.0,phase=P4;diet_like=5,P4,C05,f755da1cc946b5e9,"[""R005"", ""R021"", ""R039""]",0.013954566161800082,center_band,maintain_efficiency,SARG:P4:simulator_reference:risk_heat=False:risk_cold=False:diet=5
454,454,2026-05-17 19:38:38,5.0,24.0,0.2046521547410332,1.0,1.0,1.0,SARG_POLICY,R005,0.4046812818885117,0.5,0.45,0.0,phase=P4;diet_like=5,P4,C05,0897198b7f803b79,"[""R005"", ""R021"", ""R039""]",0.013887090385737131,center_band,maintain_efficiency,SARG:P4:simulator_reference:risk_heat=False:risk_cold=False:diet=5
455,455,2026-05-17 19:38:38,5.0,24.0,0.2047343041026356,1.0,1.0,1.0,SARG_POLICY,R005,0.4046713695283202,0.5,0.45,0.0,phase=P4;diet_like=5,P4,C05,d09a95cf15d98533,"[""R005"", ""R021"", ""R039""]",0.013820209572773695,center_band,maintain_efficiency,SARG:P4:simulator_reference:risk_heat=False:risk_cold=False:diet=5
456,456,2026-05-17 19:38:38,5.0,24.0,0.20481577432700537,1.0,1.0,1.0,SARG_POLICY,R005,0.40466146992030944,0.5,0.45,0.0,phase=P4;diet_like=5,P4,C05,a430a20a3cde2564,"[""R005"", ""R021"", ""R039""]",0.013753916635159014,center_band,maintain_efficiency,SARG:P4:simulator_reference:risk_heat=False:risk_cold=False:diet=5
457,457,2026-05-17 19:38:38,5.0,24.0,0.2048965731156453,1.0,1.0,1.0,SARG_POLICY,R005,0.40465158330954076,0.5,0.45,0.0,phase=P4;diet_like=5,P4,C05,6961fda75bb3dc78,"[""R005"", ""R021"", ""R039""]",0.01368820459243385,center_band,maintain_efficiency,SARG:P4:simulator_reference:risk_heat=False:risk_cold=False:diet=5
458,458,2026-05-17 19:38:38,5.0,24.0,0.2049767080594746,1.0,1.0,1.0,SARG_POLICY,R005,0.4046417099343638,0.5,0.45,0.0,phase=P4;diet_like=5,P4,C05,4f1eb13c131f6f4d,"[""R005"", ""R021"", ""R039""]",0.01362306657001672,center_band,maintain_efficiency,SARG:P4:simulator_reference:risk_heat=False:risk_cold=False:diet=5
459,459,2026-05-17 19:38:38,5.0,24.0,0.20505618664074726,1.0,1.0,1.0,SARG_POLICY,R005,0.4046318500273253,0.5,0.45,0.0,phase=P4;diet_like=5,P4,C05,139e0b9899f8841e,"[""R005"", ""R021"", ""R039""]",0.013558495796077225,center_band,maintain_efficiency,SARG:P4:simulator_reference:risk_heat=False:risk_cold=False:diet=5
460,460,2026-05-17 19:38:38,5.0,24.0,0.13675667748995923,1.0,1.0,1.0,SARG_POLICY,R005,0.4219301047885928,0.5,0.15,0.0,phase=P4;diet_like=5,P4,C07,d24577769fcd48e2,"[""R005"", ""R021"", ""R039""]",0.013494485600905461,center_band,maintain_efficiency,SARG:P4:simulator_reference:risk_heat=False:risk_cold=False:diet=5
461,461,2026-05-17 19:38:38,5.0,24.0,0.20521320411259036,1.0,1.0,1.0,SARG_POLICY,R005,0.4046121715160891,0.5,0.45,0.0,phase=P4;diet_like=5,P4,C05,e76fc5e87cdf7d84,"[""R005"", ""R021"", ""R039""]",0.013431029414305625,center_band,maintain_efficiency,SARG:P4:simulator_reference:risk_heat=False:risk_cold=False:diet=5
462,462,2026-05-17 19:38:38,5.0,24.0,0.1368605049607473,1.0,1.0,1.0,SARG_POLICY,R005,0.42191979879269537,0.5,0.15,0.0,phase=P4;diet_like=5,P4,C07,39413d806dec1027,"[""R005"", ""R021"", ""R039""]",0.013368120764346786,center_band,maintain_efficiency,SARG:P4:simulator_reference:risk_heat=False:risk_cold=False:diet=5
463,463,2026-05-17 19:38:38,5.0,24.0,0.20536768328658772,1.0,1.0,1.0,SARG_POLICY,R005,0.40459254951389684,0.5,0.45,0.0,phase=P4;diet_like=5,P4,C05,cb251fd78812e241,"[""R005"", ""R021"", ""R039""]",0.013305753274328256,center_band,maintain_efficiency,SARG:P4:simulator_reference:risk_heat=False:risk_cold=False:diet=5
464,464,2026-05-17 19:38:38,5.0,24.0,0.20544398861543522,1.0,1.0,1.0,SARG_POLICY,R005,0.40458276022179396,0.5,0.45,0.0,phase=P4;diet_like=5,P4,C05,505af5f92e4cae83,"[""R005"", ""R021"", ""R039""]",0.01324392066300117,center_band,maintain_efficiency,SARG:P4:simulator_reference:risk_heat=False:risk_cold=False:diet=5
465,465,2026-05-17 19:38:38,5.0,24.0,0.20551968029618256,1.0,1.0,1.0,SARG_POLICY,R005,0.40457298566757827,0.5,0.45,0.0,phase=P4;diet_like=5,P4,C05,a75040ac40f269d2,"[""R005"", ""R021"", ""R039""]",0.013182616741136926,center_band,maintain_efficiency,SARG:P4:simulator_reference:risk_heat=False:risk_cold=False:diet=5
466,466,2026-05-17 19:38:38,5.0,24.0,0.20559476510109764,1.0,1.0,1.0,SARG_POLICY,R005,0.40456322604338973,0.5,0.45,0.0,phase=P4;diet_like=5,P4,C05,5a97b90125ed879c,"[""R005"", ""R021"", ""R039""]",0.013121835410796857,center_band,maintain_efficiency,SARG:P4:simulator_reference:risk_heat=False:risk_cold=False:diet=5
467,467,2026-05-17 19:38:38,5.0,24.0,0.2056692497078274,1.0,1.0,1.0,SARG_POLICY,R005,0.40455348153617704,0.5,0.45,0.0,phase=P4;diet_like=5,P4,C05,64b84b4be8720d40,"[""R005"", ""R021"", ""R039""]",0.013061570663369517,center_band,maintain_efficiency,SARG:P4:simulator_reference:risk_heat=False:risk_cold=False:diet=5
468,468,2026-05-17 19:38:38,5.0,24.0,0.2057431407009957,1.0,1.0,1.0,SARG_POLICY,R005,0.40454375232789036,0.5,0.45,0.0,phase=P4;diet_like=5,P4,C05,1e39542549ec517a,"[""R005"", ""R021"", ""R039""]",0.013001816577868005,center_band,maintain_efficiency,SARG:P4:simulator_reference:risk_heat=False:risk_cold=False:diet=5
469,469,2026-05-17 19:38:38,5.0,24.0,0.20581644457377352,1.0,1.0,1.0,SARG_POLICY,R005,0.4045340385953322,0.5,0.45,0.0,phase=P4;diet_like=5,P4,C05,1bd0f3f0a700297e,"[""R005"", ""R021"", ""R039""]",0.012942567319768483,center_band,maintain_efficiency,SARG:P4:simulator_reference:risk_heat=False:risk_cold=False:diet=5
470,470,2026-05-17 19:38:38,5.0,24.0,0.20588916772941496,1.0,1.0,1.0,SARG_POLICY,R005,0.4045243405104151,0.5,0.45,0.0,phase=P4;diet_like=5,P4,C06,fb672bd6608a22a8,"[""R005"", ""R021"", ""R039""]",0.012883817139251174,center_band,maintain_efficiency,SARG:P4:simulator_reference:risk_heat=False:risk_cold=False:diet=5
471,471,2026-05-17 19:38:38,5.0,24.0,0.20596131648276267,1.0,1.0,1.0,SARG_POLICY,R005,0.404514658240454,0.5,0.45,0.0,phase=P4;diet_like=5,P4,C05,90df668db115933c,"[""R005"", ""R021"", ""R039""]",0.012825560369429745,center_band,maintain_efficiency,SARG:P4:simulator_reference:risk_heat=False:risk_cold=False:diet=5
472,472,2026-05-17 19:38:38,5.0,24.0,0.206032897061726,1.0,1.0,1.0,SARG_POLICY,R005,0.40450499194779777,0.5,0.45,0.0,phase=P4;diet_like=5,P4,C05,6f588be3170b8f30,"[""R005"", ""R021"", ""R039""]",0.01276779142560761,center_band,maintain_efficiency,SARG:P4:simulator_reference:risk_heat=False:risk_cold=False:diet=5
473,473,2026-05-17 19:38:39,5.0,24.0,0.20610391560872804,1.0,1.0,1.0,SARG_POLICY,R005,0.4044953417905916,0.5,0.45,0.0,phase=P4;diet_like=5,P4,C06,4bd36696113d0993,"[""R005"", ""R021"", ""R039""]",0.012710504802827895,center_band,maintain_efficiency,SARG:P4:simulator_reference:risk_heat=False:risk_cold=False:diet=5
474,474,2026-05-17 19:38:39,5.0,24.0,0.20617437818212325,1.0,1.0,1.0,SARG_POLICY,R005,0.40448570792226546,0.5,0.45,0.0,phase=P4;diet_like=5,P4,C05,2d7a87b5cd50b85e,"[""R005"", ""R021"", ""R039""]",0.012653695075418747,center_band,maintain_efficiency,SARG:P4:simulator_reference:risk_heat=False:risk_cold=False:diet=5
475,475,2026-05-17 19:38:39,5.0,24.0,0.2062442907575916,1.0,1.0,1.0,SARG_POLICY,R005,0.40447609049182787,0.5,0.45,0.0,phase=P4;diet_like=5,P4,C06,a970f18661b3b84c,"[""R005"", ""R021"", ""R039""]",0.012597356895309797,center_band,maintain_efficiency,SARG:P4:simulator_reference:risk_heat=False:risk_cold=False:diet=5
476,476,2026-05-17 19:38:39,5.0,24.0,0.20631365922950207,1.0,1.0,1.0,SARG_POLICY,R005,0.4044664896442824,0.5,0.45,0.0,phase=P4;diet_like=5,P4,C06,7d2c5813b0cec0cd,"[""R005"", ""R021"", ""R039""]",0.012541484990188149,center_band,maintain_efficiency,SARG:P4:simulator_reference:risk_heat=False:risk_cold=False:diet=5
477,477,2026-05-17 19:38:39,5.0,24.0,0.20638248941224746,1.0,1.0,1.0,SARG_POLICY,R005,0.4044569055201715,0.5,0.45,0.0,phase=P4;diet_like=5,P4,C06,6e0c71c38efe6262,"[""R005"", ""R021"", ""R039""]",0.012486074163038388,center_band,maintain_efficiency,SARG:P4:simulator_reference:risk_heat=False:risk_cold=False:diet=5
478,478,2026-05-17 19:38:39,5.0,24.0,0.20645078704155684,1.0,1.0,1.0,SARG_POLICY,R005,0.4044473382561606,0.5,0.45,0.0,phase=P4;diet_like=5,P4,C06,2c8e204d2d633df2,"[""R005"", ""R021"", ""R039""]",0.012431119290075468,center_band,maintain_efficiency,SARG:P4:simulator_reference:risk_heat=False:risk_cold=False:diet=5
479,479,2026-05-17 19:38:39,5.0,24.0,0.20651855777578731,1.0,1.0,1.0,SARG_POLICY,R005,0.40443778798501306,0.5,0.45,0.0,phase=P4;diet_like=5,P4,C08,f0b9fe3fce2651f2,"[""R005"", ""R021"", ""R039""]",0.012376615319665952,center_band,maintain_efficiency,SARG:P4:simulator_reference:risk_heat=False:risk_cold=False:diet=5
480,480,2026-05-17 19:38:39,5.0,24.0,0.2065858071971794,1.0,1.0,1.0,SARG_POLICY,R005,0.40442825483501854,0.5,0.45,0.0,phase=P4;diet_like=5,P4,C08,33407c4dfcfd844e,"[""R005"", ""R021"", ""R039""]",0.012322557272097896,center_band,maintain_efficiency,SARG:P4:simulator_reference:risk_heat=False:risk_cold=False:diet=5
481,481,2026-05-17 19:38:39,5.0,24.0,0.2066525408130968,1.0,1.0,1.0,SARG_POLICY,R005,0.40441873893148456,0.5,0.45,0.0,phase=P4;diet_like=5,P4,C08,d35bb43e962f1d5b,"[""R005"", ""R021"", ""R039""]",0.012268940236199012,center_band,maintain_efficiency,SARG:P4:simulator_reference:risk_heat=False:risk_cold=False:diet=5
482,482,2026-05-17 19:38:39,5.0,24.0,0.20671876405724104,1.0,1.0,1.0,SARG_POLICY,R005,0.40440924039514237,0.5,0.45,0.0,phase=P4;diet_like=5,P4,C06,7c753892dce3175c,"[""R005"", ""R021"", ""R039""]",0.012215759370732559,center_band,maintain_efficiency,SARG:P4:simulator_reference:risk_heat=False:risk_cold=False:diet=5
483,483,2026-05-17 19:38:39,5.0,24.0,0.23251588721188893,1.0,1.0,1.0,SARG_POLICY,R002,0.39487857084943406,0.5,0.45,0.0,phase=P4;diet_like=2,P4,C06,8a497bb3b95ec094,"[""R002"", ""R019"", ""R030""]",0.020963770909674422,center_band,maintain_efficiency,SARG:P4:simulator_reference:risk_heat=False:risk_cold=False:diet=2
484,484,2026-05-17 19:38:39,5.0,24.0,0.1444683894783092,1.0,1.0,1.0,SARG_POLICY,R002,0.42125997902649254,0.5,0.15,0.0,phase=P4;diet_like=2,P4,C00,b2d7fc39c5ea904f,"[""R002"", ""R019"", ""R030""]",0.01102124634272358,center_band,maintain_efficiency,SARG:P4:simulator_reference:risk_heat=False:risk_cold=False:diet=2
485,485,2026-05-17 19:38:39,5.0,24.0,0.20685802095789257,1.0,1.0,1.0,SARG_POLICY,R005,0.40649133669294657,0.5,0.45,0.0,phase=P4;diet_like=5,P4,C06,4f2ded86387512a1,"[""R005"", ""R021"", ""R039""]",0.01008677966196084,center_band,maintain_efficiency,SARG:P4:simulator_reference:risk_heat=False:risk_cold=False:diet=5
486,486,2026-05-17 19:38:39,5.0,24.0,0.13794830705004935,1.0,1.0,1.0,SARG_POLICY,R005,0.42178225538896247,0.5,0.15,0.0,phase=P4;diet_like=5,P4,C07,16fcd4c1edc687b2,"[""R005"", ""R021"", ""R039""]",0.012044331282466349,center_band,maintain_efficiency,SARG:P4:simulator_reference:risk_heat=False:risk_cold=False:diet=5
487,487,2026-05-17 19:38:39,5.0,24.0,0.13799094291571035,1.0,1.0,1.0,SARG_POLICY,R005,0.4217766993071155,0.5,0.15,0.0,phase=P4;diet_like=5,P4,C00,b9441afc21a37908,"[""R005"", ""R021"", ""R039""]",0.011993100447839902,center_band,maintain_efficiency,SARG:P4:simulator_reference:risk_heat=False:risk_cold=False:diet=5
488,488,2026-05-17 19:38:39,5.0,24.0,0.13803325825703583,1.0,1.0,1.0,SARG_POLICY,R005,0.4217711322520056,0.5,0.15,0.0,phase=P4;diet_like=5,P4,C00,48e780837df8c572,"[""R005"", ""R021"", ""R039""]",0.011942279410735227,center_band,maintain_efficiency,SARG:P4:simulator_reference:risk_heat=False:risk_cold=False:diet=5
489,489,2026-05-17 19:38:39,5.0,24.0,0.13807525638481677,1.0,1.0,1.0,SARG_POLICY,R005,0.4217655546202215,0.5,0.15,0.0,phase=P4;diet_like=5,P4,C00,d7de249c3a42c8c1,"[""R005"", ""R021"", ""R039""]",0.011891863764250549,center_band,maintain_efficiency,SARG:P4:simulator_reference:risk_heat=False:risk_cold=False:diet=5
490,490,2026-05-17 19:38:39,5.0,24.0,0.13811694056653412,1.0,1.0,1.0,SARG_POLICY,R005,0.4217599668015341,0.5,0.15,0.0,phase=P4;diet_like=5,P4,C00,ba5d62409fefb72e,"[""R005"", ""R021"", ""R039""]",0.011841849161256563,center_band,maintain_efficiency,SARG:P4:simulator_reference:risk_heat=False:risk_cold=False:diet=5
491,491,2026-05-17 19:38:39,5.0,24.0,0.13815831402705125,1.0,1.0,1.0,SARG_POLICY,R005,0.4217543691784065,0.5,0.15,0.0,phase=P4;diet_like=5,P4,C00,85f5a25162857b8a,"[""R005"", ""R021"", ""R039""]",0.011792231314353132,center_band,maintain_efficiency,SARG:P4:simulator_reference:risk_heat=False:risk_cold=False:diet=5
492,492,2026-05-17 19:38:39,5.0,24.0,0.1381993799492781,1.0,1.0,1.0,SARG_POLICY,R005,0.4217487621268599,0.5,0.15,0.0,phase=P4;diet_like=5,P4,C00,c0d5ab269490ecff,"[""R005"", ""R021"", ""R039""]",0.01174300599374984,center_band,maintain_efficiency,SARG:P4:simulator_reference:risk_heat=False:risk_cold=False:diet=5
493,493,2026-05-17 19:38:39,5.0,24.0,0.20736021221225232,1.0,1.0,1.0,SARG_POLICY,R005,0.40430153328316987,0.5,0.45,0.0,phase=P4;diet_like=5,P4,C06,b3b95500f2e49551,"[""R005"", ""R021"", ""R039""]",0.011694169027378144,center_band,maintain_efficiency,SARG:P4:simulator_reference:risk_heat=False:risk_cold=False:diet=5
494,494,2026-05-17 19:38:39,5.0,24.0,0.2074209025570412,1.0,1.0,1.0,SARG_POLICY,R005,0.404292267055137,0.5,0.45,0.0,phase=P4;diet_like=5,P4,C08,16981ff602f8c7c3,"[""R005"", ""R021"", ""R039""]",0.011645716298569253,center_band,maintain_efficiency,SARG:P4:simulator_reference:risk_heat=False:risk_cold=False:diet=5
495,495,2026-05-17 19:38:39,5.0,24.0,0.13832076369982182,1.0,1.0,1.0,SARG_POLICY,R005,0.42173188806067935,0.5,0.15,0.0,phase=P4;diet_like=5,P4,C07,e73e9ff1f7331cfd,"[""R005"", ""R021"", ""R039""]",0.011597643747121822,center_band,maintain_efficiency,SARG:P4:simulator_reference:risk_heat=False:risk_cold=False:diet=5
496,496,2026-05-17 19:38:40,5.0,24.0,0.1383606304817928,1.0,1.0,1.0,SARG_POLICY,R005,0.42172624692239385,0.5,0.15,0.0,phase=P4;diet_like=5,P4,C07,7be9da170bc660ac,"[""R005"", ""R021"", ""R039""]",0.011549947366361092,center_band,maintain_efficiency,SARG:P4:simulator_reference:risk_heat=False:risk_cold=False:diet=5
497,497,2026-05-17 19:38:40,7.0,25.0,0.13840020503340789,1.15,1.0,0.75,SARG_POLICY,R005,0.4092205981374052,0.5,0.15,0.85,phase=P4;diet_like=5,P4,C04,5b743682092a9b95,"[""R005"", ""R021"", ""R039""]",0.01150262320351344,center_to_upper_band,maintain_efficiency,SARG:P4:simulator_reference:risk_heat=False:risk_cold=True:diet=5
498,498,2026-05-17 19:38:40,5.0,24.0,0.13843949029929448,1.0,1.0,1.0,SARG_POLICY,R005,0.4217149420432238,0.5,0.15,0.0,phase=P4;diet_like=5,P4,C11,40570d95d5214439,"[""R005"", ""R021"", ""R039""]",0.011455667358640549,center_band,maintain_efficiency,SARG:P4:simulator_reference:risk_heat=False:risk_cold=False:diet=5
499,499,2026-05-17 19:38:40,5.0,24.0,0.13847848918649075,1.0,1.0,1.0,SARG_POLICY,R005,0.4217092789719261,0.5,0.15,0.0,phase=P4;diet_like=5,P4,C07,6074da92b3d9d2e1,"[""R005"", ""R021"", ""R039""]",0.011409075982801014,center_band,maintain_efficiency,SARG:P4:simulator_reference:risk_heat=False:risk_cold=False:diet=5
500,500,2026-05-17 19:38:40,5.0,24.0,0.1385172045650308,1.0,1.0,1.0,SARG_POLICY,R005,0.42170360924879013,0.5,0.15,0.0,phase=P4;diet_like=5,P4,C11,83adcef69ccbac06,"[""R005"", ""R021"", ""R039""]",0.011362845279469642,center_band,maintain_efficiency,SARG:P4:simulator_reference:risk_heat=False:risk_cold=False:diet=5
501,501,2026-05-17 19:38:40,5.0,24.0,0.13855563926850856,1.0,1.0,1.0,SARG_POLICY,R005,0.4216979331942131,0.5,0.15,0.0,phase=P4;diet_like=5,P4,C00,9b52aa77e642499a,"[""R005"", ""R021"", ""R039""]",0.01131697150093131,center_band,maintain_efficiency,SARG:P4:simulator_reference:risk_heat=False:risk_cold=False:diet=5
502,502,2026-05-17 19:38:40,5.0,24.0,0.13859379609464062,1.0,1.0,1.0,SARG_POLICY,R005,0.42169225112250075,0.5,0.15,0.0,phase=P4;diet_like=5,P4,C00,63b8d54ed83f3116,"[""R005"", ""R021"", ""R039""]",0.01127145094949861,center_band,maintain_efficiency,SARG:P4:simulator_reference:risk_heat=False:risk_cold=False:diet=5
503,503,2026-05-17 19:38:40,5.0,24.0,0.13863167780580699,1.0,1.0,1.0,SARG_POLICY,R005,0.4216865633425589,0.5,0.15,0.0,phase=P4;diet_like=5,P4,C00,750afab1ee8e0474,"[""R005"", ""R021"", ""R039""]",0.011226279975815896,center_band,maintain_efficiency,SARG:P4:simulator_reference:risk_heat=False:risk_cold=False:diet=5
504,504,2026-05-17 19:38:40,5.0,24.0,0.21661878003061308,1.0,1.0,1.0,SARG_POLICY,R002,0.40295950518844914,0.5,0.15,0.0,phase=P4;diet_like=2,P4,C00,343d074a2a01e07f,"[""R002"", ""R019"", ""R030""]",0.028093354232521413,center_band,maintain_efficiency,SARG:P4:simulator_reference:risk_heat=False:risk_cold=False:diet=2
505,505,2026-05-17 19:38:40,5.0,24.0,0.13859918503076274,1.0,1.0,1.0,SARG_POLICY,R005,0.44352237617934276,0.5,0.15,0.0,phase=P4;diet_like=5,P4,C00,5ac68506e0f4833a,"[""R005"", ""R021"", ""R039""]",0.040344186998243485,center_band,maintain_efficiency,SARG:P4:simulator_reference:risk_heat=False:risk_cold=False:diet=5
506,506,2026-05-17 19:38:40,5.0,24.0,0.1386366194272759,1.0,1.0,1.0,SARG_POLICY,R005,0.4216468313692284,0.5,0.15,0.0,phase=P4;diet_like=5,P4,C00,83d458a75b056c96,"[""R005"", ""R021"", ""R039""]",0.011197410703064205,center_band,maintain_efficiency,SARG:P4:simulator_reference:risk_heat=False:risk_cold=False:diet=5
507,507,2026-05-17 19:38:40,5.0,24.0,0.13867378682671638,1.0,1.0,1.0,SARG_POLICY,R005,0.42164119945910045,0.5,0.15,0.0,phase=P4;diet_like=5,P4,C00,47928dc15c84bf35,"[""R005"", ""R021"", ""R039""]",0.011153181399416057,center_band,maintain_efficiency,SARG:P4:simulator_reference:risk_heat=False:risk_cold=False:diet=5
508,508,2026-05-17 19:38:40,5.0,24.0,0.13871068984832946,1.0,1.0,1.0,SARG_POLICY,R005,0.4216355627060722,0.5,0.15,0.0,phase=P4;diet_like=5,P4,C00,8fe5cfc3dcc023f5,"[""R005"", ""R021"", ""R039""]",0.011109287360091437,center_band,maintain_efficiency,SARG:P4:simulator_reference:risk_heat=False:risk_cold=False:diet=5
509,509,2026-05-17 19:38:40,5.0,24.0,0.19902455076844483,1.0,1.0,1.0,SARG_POLICY,R002,0.4059416120770695,0.5,0.15,0.0,phase=P4;diet_like=2,P4,C00,3a65ad64520e83d7,"[""R002"", ""R019"", ""R030""]",0.02606943457690404,center_band,maintain_efficiency,SARG:P4:simulator_reference:risk_heat=False:risk_cold=False:diet=2
510,510,2026-05-17 19:38:40,5.0,24.0,0.2061949106908051,1.0,1.0,1.0,SARG_POLICY,R002,0.4224314152539125,0.5,0.15,0.0,phase=P4;diet_like=2,P4,C07,1de635f3518b94a6,"[""R002"", ""R019"", ""R030""]",0.025270877754894353,center_band,maintain_efficiency,SARG:P4:simulator_reference:risk_heat=False:risk_cold=False:diet=2
511,511,2026-05-17 19:38:40,5.0,24.0,0.13864490280840347,1.0,1.0,1.0,SARG_POLICY,R005,0.4405849249665581,0.5,0.15,0.0,phase=P4;diet_like=5,P4,C03,6dd482418d8e7ee8,"[""R005"", ""R021"", ""R039""]",0.03497023641174631,center_band,maintain_efficiency,SARG:P4:simulator_reference:risk_heat=False:risk_cold=False:diet=5
512,512,2026-05-17 19:38:40,7.0,25.0,0.13868135000865323,1.15,1.0,0.75,SARG_POLICY,R005,0.4090760763070522,0.5,0.15,0.85,phase=P4;diet_like=5,P4,C04,5c793ea9e218ac7c,"[""R005"", ""R021"", ""R039""]",0.011106713794621288,center_to_upper_band,maintain_efficiency,SARG:P4:simulator_reference:risk_heat=False:risk_cold=True:diet=5
513,513,2026-05-17 19:38:40,7.0,25.0,0.29390925592537964,1.15,1.0,0.75,SARG_POLICY,R002,0.3763423473876281,0.5,0.15,0.85,phase=P4;diet_like=2,P4,C04,ddb66f227b65c4c3,"[""R002"", ""R019"", ""R030""]",0.038378510461847315,center_to_upper_band,maintain_efficiency,SARG:P4:simulator_reference:risk_heat=False:risk_cold=True:diet=2
514,514,2026-05-17 19:38:40,7.0,25.0,0.29185948797306616,1.15,1.0,0.75,SARG_POLICY,R002,0.4197619770299987,0.5,0.15,0.85,phase=P4;diet_like=2,P4,C04,eec553be739a103a,"[""R002"", ""R019"", ""R030""]",0.07155352609084774,center_to_upper_band,maintain_efficiency,SARG:P4:simulator_reference:risk_heat=False:risk_cold=True:diet=2
515,515,2026-05-17 19:38:40,7.0,25.0,0.28325444806332845,1.15,1.0,0.75,SARG_POLICY,R002,0.42066276327190427,0.5,0.15,0.85,phase=P4;diet_like=2,P4,C04,ea49e18fdf4c621a,"[""R002"", ""R019"", ""R030""]",0.07058442044894643,center_to_upper_band,maintain_efficiency,SARG:P4:simulator_reference:risk_heat=False:risk_cold=True:diet=2
516,516,2026-05-17 19:38:40,7.0,25.0,0.13826084647421943,1.15,1.0,0.75,SARG_POLICY,R005,0.4491311277733705,0.5,0.15,0.85,phase=P4;diet_like=5,P4,C04,b19b636be176128f,"[""R005"", ""R021"", ""R039""]",0.07341507746981263,center_to_upper_band,maintain_efficiency,SARG:P4:simulator_reference:risk_heat=False:risk_cold=True:diet=5
517,517,2026-05-17 19:38:40,7.0,25.0,0.13829786246645726,1.15,1.0,0.75,SARG_POLICY,R005,0.40892941543237016,0.5,0.15,0.85,phase=P4;diet_like=5,P4,C04,1dc1d7a237d74bbe,"[""R005"", ""R021"", ""R039""]",0.011440782485307348,center_to_upper_band,maintain_efficiency,SARG:P4:simulator_reference:risk_heat=False:risk_cold=True:diet=5
518,518,2026-05-17 19:38:40,7.0,25.0,0.1383346220213394,1.15,1.0,0.75,SARG_POLICY,R005,0.40892423856788124,0.5,0.15,0.85,phase=P4;diet_like=5,P4,C04,aceca313d03aac52,"[""R005"", ""R021"", ""R039""]",0.01139730346113341,center_to_upper_band,maintain_efficiency,SARG:P4:simulator_reference:risk_heat=False:risk_cold=True:diet=5
519,519,2026-05-17 19:38:41,7.0,25.0,0.1383711275845132,1.15,1.0,0.75,SARG_POLICY,R005,0.40891905589906064,0.5,0.15,0.85,phase=P4;diet_like=5,P4,C04,7219b462d5dbf475,"[""R005"", ""R021"", ""R039""]",0.011354145103189738,center_to_upper_band,maintain_efficiency,SARG:P4:simulator_reference:risk_heat=False:risk_cold=True:diet=5
520,520,2026-05-17 19:38:41,7.0,25.0,0.1384073815720358,1.15,1.0,0.75,SARG_POLICY,R005,0.40891386769599963,0.5,0.15,0.85,phase=P4;diet_like=5,P4,C04,1e79dcaa399b0d70,"[""R005"", ""R021"", ""R039""]",0.011311304245160005,center_to_upper_band,maintain_efficiency,SARG:P4:simulator_reference:risk_heat=False:risk_cold=True:diet=5
521,521,2026-05-17 19:38:41,7.0,25.0,0.17962537217981456,1.15,1.0,0.75,SARG_POLICY,R002,0.39654083529700057,0.5,0.15,0.85,phase=P4;diet_like=2,P4,C04,8ba704fbd3cfea9e,"[""R002"", ""R019"", ""R030""]",0.024327470391929458,center_to_upper_band,maintain_efficiency,SARG:P4:simulator_reference:risk_heat=False:risk_cold=True:diet=2
522,522,2026-05-17 19:38:41,7.0,25.0,0.14529725926343517,1.15,1.0,0.75,SARG_POLICY,R002,0.4151162102217141,0.5,0.15,0.85,phase=P4;diet_like=2,P4,C04,13e3980d34404db3,"[""R002"", ""R019"", ""R030""]",0.015758508587323507,center_to_upper_band,maintain_efficiency,SARG:P4:simulator_reference:risk_heat=False:risk_cold=True:diet=2
523,523,2026-05-17 19:38:41,7.0,25.0,0.29006738808303567,1.15,1.0,0.75,SARG_POLICY,R002,0.37912589000843094,0.5,0.15,0.85,phase=P4;diet_like=2,P4,C04,724d3eb839c2974b,"[""R002"", ""R019"", ""R030""]",0.03475381565043935,center_to_upper_band,maintain_efficiency,SARG:P4:simulator_reference:risk_heat=False:risk_cold=True:diet=2
524,524,2026-05-17 19:38:41,5.0,24.0,0.4706676177313734,1.0,1.0,1.0,SARG_POLICY,R002,0.394390163412434,0.5,0.45,0.0,phase=P4;diet_like=2,P4,C08,aabaa27178213f3a,"[""R002"", ""R019"", ""R030""]",0.06974861424888856,center_band,maintain_efficiency,SARG:P4:simulator_reference:risk_heat=False:risk_cold=False:diet=2
525,525,2026-05-17 19:38:41,5.0,24.0,0.1381357959146522,1.0,1.0,1.0,SARG_POLICY,R005,0.46987780853424876,0.5,0.15,0.0,phase=P4;diet_like=5,P4,C03,c5f69fe373e00f2d,"[""R005"", ""R021"", ""R039""]",0.08847947386158489,center_band,maintain_efficiency,SARG:P4:simulator_reference:risk_heat=False:risk_cold=False:diet=5
526,526,2026-05-17 19:38:41,5.0,24.0,0.15795868706763716,1.0,1.0,1.0,SARG_POLICY,R002,0.41289577312252085,0.5,0.15,0.0,phase=P4;diet_like=2,P4,C11,12575fcc8e9c00ae,"[""R002"", ""R019"", ""R030""]",0.02173619599314943,center_band,maintain_efficiency,SARG:P4:simulator_reference:risk_heat=False:risk_cold=False:diet=2
527,527,2026-05-17 19:38:41,5.0,24.0,0.2281973854524394,1.0,1.0,1.0,SARG_POLICY,R002,0.4069313063631196,0.5,0.15,0.0,phase=P4;diet_like=2,P4,C03,66ff8b0183d26877,"[""R002"", ""R019"", ""R030""]",0.021968909884273285,center_band,maintain_efficiency,SARG:P4:simulator_reference:risk_heat=False:risk_cold=False:diet=2
528,528,2026-05-17 19:38:41,5.0,24.0,0.24207980363740217,1.0,1.0,1.0,SARG_POLICY,R002,0.4183758076075548,0.5,0.45,0.0,phase=P4;diet_like=2,P4,C06,db729d0782cdb109,"[""R002"", ""R019"", ""R030""]",0.03976487268212083,center_band,maintain_efficiency,SARG:P4:simulator_reference:risk_heat=False:risk_cold=False:diet=2
529,529,2026-05-17 19:38:41,5.0,24.0,0.13810734815993653,1.0,1.0,1.0,SARG_POLICY,R005,0.42818944252767877,0.5,0.15,0.0,phase=P4;diet_like=5,P4,C11,b5114fd4b49cbcac,"[""R005"", ""R021"", ""R039""]",0.012147873317635845,center_band,maintain_efficiency,SARG:P4:simulator_reference:risk_heat=False:risk_cold=False:diet=5
530,530,2026-05-17 19:38:41,5.0,24.0,0.13814311257753242,1.0,1.0,1.0,SARG_POLICY,R005,0.42123169119102294,0.5,0.15,0.0,phase=P4;diet_like=5,P4,C00,a648a9bbe4b35151,"[""R005"", ""R021"", ""R039""]",0.011491215000417384,center_band,maintain_efficiency,SARG:P4:simulator_reference:risk_heat=False:risk_cold=False:diet=5
531,531,2026-05-17 19:38:41,5.0,24.0,0.13817863739134606,1.0,1.0,1.0,SARG_POLICY,R005,0.42122684785313985,0.5,0.15,0.0,phase=P4;diet_like=5,P4,C07,78d5088525c12b9f,"[""R005"", ""R021"", ""R039""]",0.011449478590366437,center_band,maintain_efficiency,SARG:P4:simulator_reference:risk_heat=False:risk_cold=False:diet=5
532,532,2026-05-17 19:38:41,5.0,24.0,0.13821392481290318,1.0,1.0,1.0,SARG_POLICY,R005,0.4212219989470189,0.5,0.15,0.0,phase=P4;diet_like=5,P4,C00,51becc78133304b3,"[""R005"", ""R021"", ""R039""]",0.011408040449800809,center_band,maintain_efficiency,SARG:P4:simulator_reference:risk_heat=False:risk_cold=False:diet=5
533,533,2026-05-17 19:38:41,5.0,24.0,0.14551476858956014,1.0,1.0,1.0,SARG_POLICY,R002,0.4149973415165595,0.5,0.15,0.0,phase=P4;diet_like=2,P4,C00,4cb19512da753c94,"[""R002"", ""R019"", ""R030""]",0.020302526108430898,center_band,maintain_efficiency,SARG:P4:simulator_reference:risk_heat=False:risk_cold=False:diet=2
534,534,2026-05-17 19:38:41,5.0,24.0,0.13827386293176103,1.0,1.0,1.0,SARG_POLICY,R005,0.42356289728127733,0.5,0.15,0.0,phase=P4;diet_like=5,P4,C00,7c2d85ae11391508,"[""R005"", ""R021"", ""R039""]",0.008465382479565943,center_band,maintain_efficiency,SARG:P4:simulator_reference:risk_heat=False:risk_cold=False:diet=5
535,535,2026-05-17 19:38:41,5.0,24.0,0.1383084813219393,1.0,1.0,1.0,SARG_POLICY,R005,0.4212053190038327,0.5,0.15,0.0,phase=P4;diet_like=5,P4,C00,19dc1d1ee775bf94,"[""R005"", ""R021"", ""R039""]",0.011295015697288796,center_band,maintain_efficiency,SARG:P4:simulator_reference:risk_heat=False:risk_cold=False:diet=5
536,536,2026-05-17 19:38:41,5.0,24.0,0.13834287071018825,1.0,1.0,1.0,SARG_POLICY,R005,0.42120045637118175,0.5,0.15,0.0,phase=P4;diet_like=5,P4,C07,19f30cc3865abb55,"[""R005"", ""R021"", ""R039""]",0.011254707804565996,center_band,maintain_efficiency,SARG:P4:simulator_reference:risk_heat=False:risk_cold=False:diet=5
537,537,2026-05-17 19:38:41,5.0,24.0,0.19768024855278743,1.0,1.0,1.0,SARG_POLICY,R002,0.4058196585135599,0.5,0.15,0.0,phase=P4;diet_like=2,P4,C11,b0a28959da9d0d98,"[""R002"", ""R019"", ""R030""]",0.026616006377785682,center_band,maintain_efficiency,SARG:P4:simulator_reference:risk_heat=False:risk_cold=False:diet=2
538,538,2026-05-17 19:38:41,5.0,24.0,0.1463440439960969,1.0,1.0,1.0,SARG_POLICY,R002,0.43212295781101867,0.5,0.15,0.0,phase=P4;diet_like=2,P4,C07,ee2e9d62deaa4624,"[""R002"", ""R019"", ""R030""]",0.024767106147366054,center_band,maintain_efficiency,SARG:P4:simulator_reference:risk_heat=False:risk_cold=False:diet=2
539,539,2026-05-17 19:38:41,5.0,24.0,0.15661740756343512,1.0,1.0,1.0,SARG_POLICY,R003,0.41649485200035063,0.5,0.15,0.0,phase=P4;diet_like=3,P4,C11,47041234cf48c118,"[""R003"", ""R006"", ""R007""]",0.01618691972702201,center_band,maintain_efficiency,SARG:P4:simulator_reference:risk_heat=False:risk_cold=False:diet=3
540,540,2026-05-17 19:38:42,5.0,24.0,0.1836516230279558,1.0,1.0,1.0,SARG_POLICY,R002,0.41432248150506695,0.5,0.15,0.0,phase=P4;diet_like=2,P4,C00,04d1491fa1bfefa2,"[""R002"", ""R019"", ""R030""]",0.01719733229071928,center_band,maintain_efficiency,SARG:P4:simulator_reference:risk_heat=False:risk_cold=False:diet=2
541,541,2026-05-17 19:38:42,5.0,24.0,0.23826159218237308,1.0,1.0,1.0,SARG_POLICY,R002,0.4126764680269816,0.5,0.15,0.0,phase=P4;diet_like=2,P4,C11,8763588e75790841,"[""R002"", ""R019"", ""R030""]",0.02333875515805272,center_band,maintain_efficiency,SARG:P4:simulator_reference:risk_heat=False:risk_cold=False:diet=2
542,542,2026-05-17 19:38:42,5.0,24.0,0.20740750234512417,1.0,1.0,1.0,SARG_POLICY,R003,0.44328303114631906,0.5,0.15,0.0,phase=P4;diet_like=3,P4,C00,2305d7c74cd1bde1,"[""R003"", ""R006"", ""R007""]",0.06687173751136956,center_band,maintain_efficiency,SARG:P4:simulator_reference:risk_heat=False:risk_cold=False:diet=3
543,543,2026-05-17 19:38:42,5.0,24.0,0.18737187019979296,1.0,1.0,1.0,SARG_POLICY,R002,0.4276464547146854,0.5,0.15,0.0,phase=P4;diet_like=2,P4,C00,03e205f1a8df3d3f,"[""R002"", ""R019"", ""R030""]",0.029820073319499523,center_band,maintain_efficiency,SARG:P4:simulator_reference:risk_heat=False:risk_cold=False:diet=2
544,544,2026-05-17 19:38:42,5.0,24.0,0.28677503107945845,1.0,1.0,1.0,SARG_POLICY,R002,0.4045586512818622,0.5,0.15,0.0,phase=P4;diet_like=2,P4,C00,d2b94917570c5b0c,"[""R002"", ""R019"", ""R030""]",0.03044591999937898,center_band,maintain_efficiency,SARG:P4:simulator_reference:risk_heat=False:risk_cold=False:diet=2
545,545,2026-05-17 19:38:42,5.0,24.0,0.2101376675287453,1.0,1.0,1.0,SARG_POLICY,R002,0.44493934352874437,0.5,0.15,0.0,phase=P4;diet_like=2,P4,C00,a6c0686e90b75573,"[""R002"", ""R019"", ""R030""]",0.06850236207421476,center_band,maintain_efficiency,SARG:P4:simulator_reference:risk_heat=False:risk_cold=False:diet=2
546,546,2026-05-17 19:38:42,5.0,24.0,0.5189853452254939,1.0,1.0,1.0,SARG_POLICY,R002,0.37450922729791425,0.5,0.15,0.0,phase=P4;diet_like=2,P4,C00,b106e5882b5f55f6,"[""R002"", ""R019"", ""R030""]",0.05242136204720914,center_band,maintain_efficiency,SARG:P4:simulator_reference:risk_heat=False:risk_cold=False:diet=2
547,547,2026-05-17 19:38:42,5.0,24.0,0.5711469486734398,1.0,1.0,1.0,SARG_POLICY,R002,0.42594516637208674,0.5,0.15,0.0,phase=P4;diet_like=2,P4,C00,3aa3eb1659aece5f,"[""R002"", ""R019"", ""R030""]",0.17875441470780412,center_band,maintain_efficiency,SARG:P4:simulator_reference:risk_heat=False:risk_cold=False:diet=2
548,548,2026-05-17 19:38:42,5.0,24.0,0.5131501635597434,1.0,1.0,1.0,SARG_POLICY,R002,0.44129274767792903,0.5,0.25,0.35,phase=P4;diet_like=2,P4,C00,b37da5587705b6bf,"[""R002"", ""R019"", ""R030""]",0.20385156088377432,center_to_upper_band,recover_growth_gap,SARG:P4:simulator_reference:risk_heat=False:risk_cold=False:diet=2
549,549,2026-05-17 19:38:42,5.0,24.0,0.29888606046077604,1.0,1.0,1.0,SARG_POLICY,R002,0.46827704365665024,0.5,0.15,0.0,phase=P4;diet_like=2,P4,C07,f772a208b6aa8f9d,"[""R002"", ""R019"", ""R030""]",0.17801567007523214,center_band,maintain_efficiency,SARG:P4:simulator_reference:risk_heat=False:risk_cold=False:diet=2
550,550,2026-05-17 19:38:42,5.0,24.0,0.13685109151578334,1.0,1.0,1.0,SARG_POLICY,R005,0.4656446858285334,0.5,0.15,0.0,phase=P4;diet_like=5,P4,C07,1fcca8b75719b429,"[""R005"", ""R021"", ""R039""]",0.08044428425555297,center_band,maintain_efficiency,SARG:P4:simulator_reference:risk_heat=False:risk_cold=False:diet=5
551,551,2026-05-17 19:38:42,5.0,24.0,0.13688788007855257,1.0,1.0,1.0,SARG_POLICY,R005,0.42071354442232484,0.5,0.15,0.0,phase=P4;diet_like=5,P4,C00,e45cb3ee907a7106,"[""R005"", ""R021"", ""R039""]",0.012539251140828586,center_band,maintain_efficiency,SARG:P4:simulator_reference:risk_heat=False:risk_cold=False:diet=5
552,552,2026-05-17 19:38:42,5.0,24.0,0.14567276237956372,1.0,1.0,1.0,SARG_POLICY,R002,0.4142737841660618,0.5,0.15,0.0,phase=P4;diet_like=2,P4,C00,bc00db8822ba601b,"[""R002"", ""R019"", ""R030""]",0.02207421048198083,center_band,maintain_efficiency,SARG:P4:simulator_reference:risk_heat=False:risk_cold=False:diet=2
553,553,2026-05-17 19:38:42,5.0,24.0,0.14171744726682256,1.0,1.0,1.0,SARG_POLICY,R003,0.4188042248444922,0.5,0.15,0.0,phase=P4;diet_like=3,P4,C07,11dd81a1e94e959b,"[""R003"", ""R006"", ""R007""]",0.015572411561796937,center_band,maintain_efficiency,SARG:P4:simulator_reference:risk_heat=False:risk_cold=False:diet=3
554,554,2026-05-17 19:38:42,5.0,24.0,0.1369826441408194,1.0,1.0,1.0,SARG_POLICY,R005,0.4214644230503907,0.5,0.15,0.0,phase=P4;diet_like=5,P4,C07,964a15893a73d2d5,"[""R005"", ""R021"", ""R039""]",0.011241923098976698,center_band,maintain_efficiency,SARG:P4:simulator_reference:risk_heat=False:risk_cold=False:diet=5
555,555,2026-05-17 19:38:42,5.0,24.0,0.2975269375582371,1.0,1.0,1.0,SARG_POLICY,R002,0.38778553175581276,0.5,0.15,0.0,phase=P4;diet_like=2,P4,C11,f4e993be74b6c4bb,"[""R002"", ""R019"", ""R030""]",0.04028127333413194,center_band,maintain_efficiency,SARG:P4:simulator_reference:risk_heat=False:risk_cold=False:diet=2
556,556,2026-05-17 19:38:42,7.0,25.0,0.1367105405600818,1.15,1.0,0.75,SARG_POLICY,R002,0.4525234350643977,0.5,0.15,0.85,phase=P4;diet_like=2,P4,C04,3f7b210de5eb49cc,"[""R002"", ""R019"", ""R030""]",0.07473297314188836,center_to_upper_band,maintain_efficiency,SARG:P4:simulator_reference:risk_heat=False:risk_cold=True:diet=2
557,557,2026-05-17 19:38:42,5.0,24.0,0.13691550599248248,1.0,1.0,1.0,SARG_POLICY,R005,0.42065064739305297,0.5,0.15,0.0,phase=P4;diet_like=5,P4,C11,edd2eed8374b365e,"[""R005"", ""R021"", ""R039""]",0.012468147175217555,center_band,maintain_efficiency,SARG:P4:simulator_reference:risk_heat=False:risk_cold=False:diet=5
558,558,2026-05-17 19:38:42,5.0,24.0,0.13695122629263234,1.0,1.0,1.0,SARG_POLICY,R005,0.4206469134832508,0.5,0.15,0.0,phase=P4;diet_like=5,P4,C00,b8f88322c30c7e05,"[""R005"", ""R021"", ""R039""]",0.01242677399234175,center_band,maintain_efficiency,SARG:P4:simulator_reference:risk_heat=False:risk_cold=False:diet=5
559,559,2026-05-17 19:38:42,5.0,24.0,0.13698672310322835,1.0,1.0,1.0,SARG_POLICY,R005,0.42064317082514796,0.5,0.15,0.0,phase=P4;diet_like=5,P4,C00,6a8837a05d2560ee,"[""R005"", ""R021"", ""R039""]",0.012385679047499551,center_band,maintain_efficiency,SARG:P4:simulator_reference:risk_heat=False:risk_cold=False:diet=5
560,560,2026-05-17 19:38:42,5.0,24.0,0.13705900945091698,1.0,1.0,1.0,SARG_POLICY,R005,0.4206318878077812,0.5,0.15,0.0,phase=P4;diet_like=5,P4,C07,1b5afbfe21a1a595,"[""R005"", ""R021"", ""R039""]",0.012344860398429826,center_band,maintain_efficiency,SARG:P4:simulator_reference:risk_heat=False:risk_cold=False:diet=5
561,561,2026-05-17 19:38:42,5.0,24.0,0.13726451411631058,1.0,1.0,1.0,SARG_POLICY,R005,0.4206054327125405,0.5,0.15,0.0,phase=P4;diet_like=5,P4,C11,0ab0a3cc283d8d4e,"[""R005"", ""R021"", ""R039""]",0.012285823689615297,center_band,maintain_efficiency,SARG:P4:simulator_reference:risk_heat=False:risk_cold=False:diet=5
562,562,2026-05-17 19:38:43,5.0,24.0,0.146069502921661,1.0,1.0,1.0,SARG_POLICY,R002,0.4141955274048381,0.5,0.15,0.0,phase=P4;diet_like=2,P4,C03,9a1929107cbdd987,"[""R002"", ""R019"", ""R030""]",0.022037999655177484,center_band,maintain_efficiency,SARG:P4:simulator_reference:risk_heat=False:risk_cold=False:diet=2
563,563,2026-05-17 19:38:43,5.0,24.0,0.23250647667607394,1.0,1.0,1.0,SARG_POLICY,R003,0.4033310835728385,0.5,0.15,0.0,phase=P4;diet_like=3,P4,C03,23adf48788fc2c21,"[""R003"", ""R006"", ""R007""]",0.025748472389997605,center_band,maintain_efficiency,SARG:P4:simulator_reference:risk_heat=False:risk_cold=False:diet=3
564,564,2026-05-17 19:38:43,7.0,25.0,0.20405969783319355,1.15,1.0,0.75,SARG_POLICY,R002,0.4189233869344817,0.5,0.15,0.85,phase=P4;diet_like=2,P4,C04,45cf3a0205a1dae4,"[""R002"", ""R019"", ""R030""]",0.04238619791515541,center_to_upper_band,maintain_efficiency,SARG:P4:simulator_reference:risk_heat=False:risk_cold=True:diet=2
565,565,2026-05-17 19:38:43,7.0,25.0,0.1377215954786455,1.15,1.0,0.75,SARG_POLICY,R002,0.4269458241237724,0.5,0.15,0.85,phase=P4;diet_like=2,P4,C04,b111eb356640ea12,"[""R002"", ""R019"", ""R030""]",0.028279430619761063,center_to_upper_band,maintain_efficiency,SARG:P4:simulator_reference:risk_heat=False:risk_cold=True:diet=2
566,566,2026-05-17 19:38:43,7.0,25.0,0.379892620588267,1.15,1.0,0.75,SARG_POLICY,R002,0.36252963923030457,0.5,0.15,0.85,phase=P4;diet_like=2,P4,C04,7a3826b475320b66,"[""R002"", ""R019"", ""R030""]",0.047603641777044466,center_to_upper_band,maintain_efficiency,SARG:P4:simulator_reference:risk_heat=False:risk_cold=True:diet=2
567,567,2026-05-17 19:38:43,7.0,25.0,0.21071428271319437,1.15,1.0,0.75,SARG_POLICY,R002,0.4537187078435097,0.5,0.15,0.85,phase=P4;diet_like=2,P4,C04,eff54b88d0156df3,"[""R002"", ""R019"", ""R030""]",0.11426095647443676,center_to_upper_band,maintain_efficiency,SARG:P4:simulator_reference:risk_heat=False:risk_cold=True:diet=2
568,568,2026-05-17 19:38:43,7.0,25.0,0.38450515581207056,1.15,1.0,0.75,SARG_POLICY,R002,0.3829727239624381,0.5,0.15,0.85,phase=P4;diet_like=2,P4,C04,f2403625af3fcb0d,"[""R002"", ""R019"", ""R030""]",0.04104925846488272,center_to_upper_band,maintain_efficiency,SARG:P4:simulator_reference:risk_heat=False:risk_cold=True:diet=2
569,569,2026-05-17 19:38:43,7.0,25.0,0.42931999331844606,1.15,1.0,0.75,SARG_POLICY,R002,0.41804040436351364,0.5,0.15,0.85,phase=P4;diet_like=2,P4,C04,fd481cc63c57cc92,"[""R002"", ""R019"", ""R030""]",0.11540750873855657,center_to_upper_band,maintain_efficiency,SARG:P4:simulator_reference:risk_heat=False:risk_cold=True:diet=2
570,570,2026-05-17 19:38:43,7.0,25.0,0.1404604896384135,1.15,1.0,0.75,SARG_POLICY,R002,0.4726061810304647,0.5,0.15,0.85,phase=P4;diet_like=2,P4,C04,64e5935a68fa8979,"[""R002"", ""R019"", ""R030""]",0.1393153516544967,center_to_upper_band,maintain_efficiency,SARG:P4:simulator_reference:risk_heat=False:risk_cold=True:diet=2
571,571,2026-05-17 19:38:43,7.0,25.0,0.13810598211069292,1.15,1.0,0.75,SARG_POLICY,R002,0.4087666803510516,0.5,0.15,0.85,phase=P4;diet_like=2,P4,C04,fdbeb3aa3ae7d8bc,"[""R002"", ""R019"", ""R030""]",0.012370911336259127,center_to_upper_band,maintain_efficiency,SARG:P4:simulator_reference:risk_heat=False:risk_cold=True:diet=2
572,572,2026-05-17 19:38:43,7.0,25.0,0.13830895725793235,1.15,1.0,0.75,SARG_POLICY,R002,0.40797146920509925,0.5,0.15,0.85,phase=P4;diet_like=2,P4,C04,f9bae2d358c3047d,"[""R002"", ""R019"", ""R030""]",0.013552946060810239,center_to_upper_band,maintain_efficiency,SARG:P4:simulator_reference:risk_heat=False:risk_cold=True:diet=2
573,573,2026-05-17 19:38:43,7.0,25.0,0.13867473639332584,1.15,1.0,0.75,SARG_POLICY,R005,0.4080887760529627,0.5,0.15,0.85,phase=P4;diet_like=5,P4,C04,a427d8fbb05351de,"[""R005"", ""R021"", ""R039""]",0.011773754824744053,center_to_upper_band,maintain_efficiency,SARG:P4:simulator_reference:risk_heat=False:risk_cold=True:diet=5
574,574,2026-05-17 19:38:43,7.0,25.0,0.1388763251398324,1.15,1.0,0.75,SARG_POLICY,R005,0.4081059053495665,0.5,0.15,0.85,phase=P4;diet_like=5,P4,C04,f4bb7c2ed60fe348,"[""R005"", ""R021"", ""R039""]",0.011651193449481713,center_to_upper_band,maintain_efficiency,SARG:P4:simulator_reference:risk_heat=False:risk_cold=True:diet=5
575,575,2026-05-17 19:38:43,7.0,25.0,0.13907741954512887,1.15,1.0,0.75,SARG_POLICY,R005,0.40812302429303515,0.5,0.15,0.85,phase=P4;diet_like=5,P4,C04,039af3f524ae81ab,"[""R005"", ""R021"", ""R039""]",0.011529115130646143,center_to_upper_band,maintain_efficiency,SARG:P4:simulator_reference:risk_heat=False:risk_cold=True:diet=5
576,576,2026-05-17 19:38:43,7.0,25.0,0.13927802198414552,1.15,1.0,0.75,SARG_POLICY,R005,0.4081401332140266,0.5,0.15,0.85,phase=P4;diet_like=5,P4,C04,4025e6545f7a3b95,"[""R005"", ""R021"", ""R039""]",0.011407516321736644,center_to_upper_band,maintain_efficiency,SARG:P4:simulator_reference:risk_heat=False:risk_cold=True:diet=5
577,577,2026-05-17 19:38:43,7.0,25.0,0.16344352455216649,1.15,1.0,0.75,SARG_POLICY,R002,0.399114092773421,0.5,0.15,0.85,phase=P4;diet_like=2,P4,C04,25fc2c060a0a0bf6,"[""R002"", ""R019"", ""R030""]",0.023690824488286685,center_to_upper_band,maintain_efficiency,SARG:P4:simulator_reference:risk_heat=False:risk_cold=True:diet=2
578,578,2026-05-17 19:38:43,5.0,24.0,0.20910887126669075,1.0,1.0,1.0,SARG_POLICY,R002,0.41121100091379775,0.5,0.15,0.0,phase=P4;diet_like=2,P4,C03,ebd570c25bd6e4e4,"[""R002"", ""R019"", ""R030""]",0.02154218748497865,center_band,maintain_efficiency,SARG:P4:simulator_reference:risk_heat=False:risk_cold=False:diet=2
579,579,2026-05-17 19:38:43,5.0,24.0,0.2432862716182037,1.0,1.0,1.0,SARG_POLICY,R002,0.4186212950571981,0.5,0.15,0.0,phase=P4;diet_like=2,P4,C03,ea6ad9740c413eec,"[""R002"", ""R019"", ""R030""]",0.030824912249740426,center_band,maintain_efficiency,SARG:P4:simulator_reference:risk_heat=False:risk_cold=False:diet=2
580,580,2026-05-17 19:38:43,5.0,24.0,0.16447001566969421,1.0,1.0,1.0,SARG_POLICY,R002,0.44068915257696745,0.5,0.15,0.0,phase=P4;diet_like=2,P4,C07,38271ddae6158e7a,"[""R002"", ""R019"", ""R030""]",0.04758095318345892,center_band,maintain_efficiency,SARG:P4:simulator_reference:risk_heat=False:risk_cold=False:diet=2
581,581,2026-05-17 19:38:43,5.0,24.0,0.16368343884334513,1.0,1.0,1.0,SARG_POLICY,R002,0.4192922705750216,0.5,0.15,0.0,phase=P4;diet_like=2,P4,C11,3ad255631c5d9f0c,"[""R002"", ""R019"", ""R030""]",0.016389134207617187,center_band,maintain_efficiency,SARG:P4:simulator_reference:risk_heat=False:risk_cold=False:diet=2
582,582,2026-05-17 19:38:43,5.0,24.0,0.16363538338009864,1.0,1.0,1.0,SARG_POLICY,R002,0.4190516726229676,0.5,0.15,0.0,phase=P4;diet_like=2,P4,C03,9b3de07f3aa1192d,"[""R002"", ""R019"", ""R030""]",0.016412195936240985,center_band,maintain_efficiency,SARG:P4:simulator_reference:risk_heat=False:risk_cold=False:diet=2
583,583,2026-05-17 19:38:43,5.0,24.0,0.20945712708591635,1.0,1.0,1.0,SARG_POLICY,R002,0.4111463828391001,0.5,0.15,0.0,phase=P4;diet_like=2,P4,C03,c818e71e5ff402a3,"[""R002"", ""R019"", ""R030""]",0.021744208276035053,center_band,maintain_efficiency,SARG:P4:simulator_reference:risk_heat=False:risk_cold=False:diet=2
584,584,2026-05-17 19:38:43,5.0,24.0,0.2307543866383125,1.0,1.0,1.0,SARG_POLICY,R002,0.42063138225714847,0.5,0.15,0.0,phase=P4;diet_like=2,P4,C03,ff5a430aa86653b5,"[""R002"", ""R019"", ""R030""]",0.03101579007511165,center_band,maintain_efficiency,SARG:P4:simulator_reference:risk_heat=False:risk_cold=False:diet=2
585,585,2026-05-17 19:38:43,5.0,24.0,0.3072608153766868,1.0,1.0,1.0,SARG_POLICY,R002,0.41319023413195227,0.5,0.15,0.0,phase=P4;diet_like=2,P4,C03,2044e9522fd33b94,"[""R002"", ""R019"", ""R030""]",0.04154464470689417,center_band,maintain_efficiency,SARG:P4:simulator_reference:risk_heat=False:risk_cold=False:diet=2
586,586,2026-05-17 19:38:44,5.0,24.0,0.34573048919133453,1.0,1.0,1.0,SARG_POLICY,R002,0.42722616084570814,0.5,0.15,0.0,phase=P4;diet_like=2,P4,C00,e198af5362b43db0,"[""R002"", ""R019"", ""R030""]",0.07854255383357137,center_band,maintain_efficiency,SARG:P4:simulator_reference:risk_heat=False:risk_cold=False:diet=2
587,587,2026-05-17 19:38:44,5.0,24.0,0.23477265580825313,1.0,1.0,1.0,SARG_POLICY,R002,0.4561524022802163,0.5,0.15,0.0,phase=P4;diet_like=2,P4,C11,c78b14b3b757e27e,"[""R002"", ""R019"", ""R030""]",0.09756019335427177,center_band,maintain_efficiency,SARG:P4:simulator_reference:risk_heat=False:risk_cold=False:diet=2
588,588,2026-05-17 19:38:44,5.0,24.0,0.22005009624372385,1.0,1.0,1.0,SARG_POLICY,R002,0.42899432839501106,0.5,0.15,0.0,phase=P4;diet_like=2,P4,C03,540dcfd00365033c,"[""R002"", ""R019"", ""R030""]",0.04343449190239653,center_band,maintain_efficiency,SARG:P4:simulator_reference:risk_heat=False:risk_cold=False:diet=2
589,589,2026-05-17 19:38:44,5.0,24.0,0.24263942572547104,1.0,1.0,1.0,SARG_POLICY,R002,0.421520289876986,0.5,0.15,0.0,phase=P4;diet_like=2,P4,C11,be612c346cc2dcd4,"[""R002"", ""R019"", ""R030""]",0.03627255135498841,center_band,maintain_efficiency,SARG:P4:simulator_reference:risk_heat=False:risk_cold=False:diet=2
590,590,2026-05-17 19:38:44,5.0,24.0,0.3442548905720816,1.0,1.0,1.0,SARG_POLICY,R002,0.41051734610421353,0.5,0.15,0.0,phase=P4;diet_like=2,P4,C03,342384beed7614df,"[""R002"", ""R019"", ""R030""]",0.047442276355336564,center_band,maintain_efficiency,SARG:P4:simulator_reference:risk_heat=False:risk_cold=False:diet=2
591,591,2026-05-17 19:38:44,5.0,24.0,0.32014073855252645,1.0,1.0,1.0,SARG_POLICY,R002,0.44094901426920186,0.5,0.15,0.0,phase=P4;diet_like=2,P4,C11,a3a915554a9b333d,"[""R002"", ""R019"", ""R030""]",0.09650342626507522,center_band,maintain_efficiency,SARG:P4:simulator_reference:risk_heat=False:risk_cold=False:diet=2
592,592,2026-05-17 19:38:44,5.0,24.0,0.23897873621342935,1.0,1.0,1.0,SARG_POLICY,R002,0.44861330662047044,0.5,0.15,0.0,phase=P4;diet_like=2,P4,C11,fc3e0851927c2d63,"[""R002"", ""R019"", ""R030""]",0.08512164255818856,center_band,maintain_efficiency,SARG:P4:simulator_reference:risk_heat=False:risk_cold=False:diet=2
593,593,2026-05-17 19:38:44,5.0,24.0,0.1683394011268674,1.0,1.0,1.0,SARG_POLICY,R002,0.4386841411776666,0.5,0.15,0.0,phase=P4;diet_like=2,P4,C03,c5ab24710d77cd65,"[""R002"", ""R019"", ""R030""]",0.04560739292417228,center_band,maintain_efficiency,SARG:P4:simulator_reference:risk_heat=False:risk_cold=False:diet=2
594,594,2026-05-17 19:38:44,7.0,25.0,0.13841024815336966,1.15,1.0,0.75,SARG_POLICY,R003,0.4200002045077839,0.5,0.15,0.85,phase=P4;diet_like=3,P4,C04,90f0f35455590d38,"[""R003"", ""R006"", ""R007""]",0.01890613294124677,center_to_upper_band,maintain_efficiency,SARG:P4:simulator_reference:risk_heat=False:risk_cold=True:diet=3
595,595,2026-05-17 19:38:44,7.0,25.0,0.14125999239129738,1.15,1.0,0.75,SARG_POLICY,R002,0.4081987931004169,0.5,0.15,0.85,phase=P4;diet_like=2,P4,C04,812bd08851762d66,"[""R002"", ""R019"", ""R030""]",0.013207071885033676,center_to_upper_band,maintain_efficiency,SARG:P4:simulator_reference:risk_heat=False:risk_cold=True:diet=2
596,596,2026-05-17 19:38:44,5.0,24.0,0.24868156972990502,1.0,1.0,1.0,SARG_POLICY,R002,0.391627335977936,0.5,0.45,0.0,phase=P4;diet_like=2,P4,C08,1e7f22af6336abe0,"[""R002"", ""R019"", ""R030""]",0.02397595929160384,center_band,maintain_efficiency,SARG:P4:simulator_reference:risk_heat=False:risk_cold=False:diet=2
597,597,2026-05-17 19:38:44,5.0,24.0,0.21243515576261263,1.0,1.0,1.0,SARG_POLICY,R002,0.41037941248925164,0.5,0.45,0.0,phase=P4;diet_like=2,P4,C08,742652b431c3fa8f,"[""R002"", ""R019"", ""R030""]",0.00955429103399391,center_band,maintain_efficiency,SARG:P4:simulator_reference:risk_heat=False:risk_cold=False:diet=2
598,598,2026-05-17 19:38:44,5.0,24.0,0.212726678987599,1.0,1.0,1.0,SARG_POLICY,R002,0.40300602835057386,0.5,0.45,0.0,phase=P4;diet_like=2,P4,C08,1aa88876f4fab37a,"[""R002"", ""R019"", ""R030""]",0.012978984801837111,center_band,maintain_efficiency,SARG:P4:simulator_reference:risk_heat=False:risk_cold=False:diet=2
599,599,2026-05-17 19:38:44,5.0,24.0,0.14201166821010114,1.0,1.0,1.0,SARG_POLICY,R002,0.42079516756446844,0.5,0.15,0.0,phase=P4;diet_like=2,P4,C11,6b3fb4b048e235c9,"[""R002"", ""R019"", ""R030""]",0.012894500919456549,center_band,maintain_efficiency,SARG:P4:simulator_reference:risk_heat=False:risk_cold=False:diet=2
600,600,2026-05-17 19:38:44,5.0,24.0,0.14220508584632618,1.0,1.0,1.0,SARG_POLICY,R002,0.4208206674174604,0.5,0.15,0.0,phase=P4;diet_like=2,P4,C11,ae3ba8e4ea061ca2,"[""R002"", ""R019"", ""R030""]",0.012810334435094101,center_band,maintain_efficiency,SARG:P4:simulator_reference:risk_heat=False:risk_cold=False:diet=2
601,601,2026-05-17 19:38:44,5.0,24.0,0.14239804089594388,1.0,1.0,1.0,SARG_POLICY,R002,0.42084612905328667,0.5,0.15,0.0,phase=P4;diet_like=2,P4,C11,3dad4970dbeb141b,"[""R002"", ""R019"", ""R030""]",0.012726482730862715,center_band,maintain_efficiency,SARG:P4:simulator_reference:risk_heat=False:risk_cold=False:diet=2
602,602,2026-05-17 19:38:44,5.0,24.0,0.21388580300123033,1.0,1.0,1.0,SARG_POLICY,R002,0.40303840469095203,0.5,0.45,0.0,phase=P4;diet_like=2,P4,C06,c1eac8fb7043de75,"[""R002"", ""R019"", ""R030""]",0.012642943216972315,center_band,maintain_efficiency,SARG:P4:simulator_reference:risk_heat=False:risk_cold=False:diet=2
603,603,2026-05-17 19:38:44,5.0,24.0,0.21417385667413325,1.0,1.0,1.0,SARG_POLICY,R002,0.40304650786381585,0.5,0.45,0.0,phase=P4;diet_like=2,P4,C06,597c039f6b38b49d,"[""R002"", ""R019"", ""R030""]",0.01255971333162871,center_band,maintain_efficiency,SARG:P4:simulator_reference:risk_heat=False:risk_cold=False:diet=2
604,604,2026-05-17 19:38:44,5.0,24.0,0.14567404289954256,1.0,1.0,1.0,SARG_POLICY,R002,0.41515994264199413,0.5,0.15,0.0,phase=P4;diet_like=2,P4,C07,198e19b460df5e1c,"[""R002"", ""R019"", ""R030""]",0.021314783421906684,center_band,maintain_efficiency,SARG:P4:simulator_reference:risk_heat=False:risk_cold=False:diet=2
605,605,2026-05-17 19:38:44,5.0,24.0,0.15435265374412677,1.0,1.0,1.0,SARG_POLICY,R002,0.41486275233443637,0.5,0.15,0.0,phase=P4;diet_like=2,P4,C11,2082bd0420c52198,"[""R002"", ""R019"", ""R030""]",0.02043784252814648,center_band,maintain_efficiency,SARG:P4:simulator_reference:risk_heat=False:risk_cold=False:diet=2
606,606,2026-05-17 19:38:44,5.0,24.0,0.16551437343075726,1.0,1.0,1.0,SARG_POLICY,R003,0.4165254583254245,0.5,0.15,0.0,phase=P4;diet_like=3,P4,C07,b540764a41af0531,"[""R003"", ""R006"", ""R007""]",0.01878271125837619,center_band,maintain_efficiency,SARG:P4:simulator_reference:risk_heat=False:risk_cold=False:diet=3
607,607,2026-05-17 19:38:44,5.0,24.0,0.2358212604811819,1.0,1.0,1.0,SARG_POLICY,R002,0.4075419921313923,0.5,0.15,0.0,phase=P4;diet_like=2,P4,C00,ffcd50fc65d5a13a,"[""R002"", ""R019"", ""R030""]",0.025093030166808132,center_band,maintain_efficiency,SARG:P4:simulator_reference:risk_heat=False:risk_cold=False:diet=2
608,608,2026-05-17 19:38:44,5.0,24.0,0.31584084250734185,1.0,1.0,1.0,SARG_POLICY,R002,0.4066444585615681,0.5,0.45,0.0,phase=P4;diet_like=2,P4,C08,e6a56260ab285614,"[""R002"", ""R019"", ""R030""]",0.04408351198227711,center_band,maintain_efficiency,SARG:P4:simulator_reference:risk_heat=False:risk_cold=False:diet=2
609,609,2026-05-17 19:38:44,5.0,24.0,0.2542189431855943,1.0,1.0,1.0,SARG_POLICY,R002,0.4104430340774945,0.5,0.45,0.0,phase=P4;diet_like=2,P4,C08,c2963e8861c0e3f6,"[""R002"", ""R019"", ""R030""]",0.03171827168712158,center_band,maintain_efficiency,SARG:P4:simulator_reference:risk_heat=False:risk_cold=False:diet=2
610,610,2026-05-17 19:38:44,5.0,24.0,0.20126964644752354,1.0,1.0,1.0,SARG_POLICY,R002,0.4138655199621802,0.5,0.15,0.0,phase=P4;diet_like=2,P4,C11,d2d7fd8e9f911e6a,"[""R002"", ""R019"", ""R030""]",0.021875254045493685,center_band,maintain_efficiency,SARG:P4:simulator_reference:risk_heat=False:risk_cold=False:diet=2
611,611,2026-05-17 19:38:45,5.0,24.0,0.1430082227393894,1.0,1.0,1.0,SARG_POLICY,R002,0.43747059721892173,0.5,0.15,0.0,phase=P4;diet_like=2,P4,C07,58250bd26a9f9a97,"[""R002"", ""R019"", ""R030""]",0.02723833587097085,center_band,maintain_efficiency,SARG:P4:simulator_reference:risk_heat=False:risk_cold=False:diet=2
612,612,2026-05-17 19:38:45,5.0,24.0,0.14302936670503374,1.0,1.0,1.0,SARG_POLICY,R002,0.42097721207999966,0.5,0.15,0.0,phase=P4;diet_like=2,P4,C07,0fcaa6bc5a2d9d02,"[""R002"", ""R019"", ""R030""]",0.012414962845765019,center_band,maintain_efficiency,SARG:P4:simulator_reference:risk_heat=False:risk_cold=False:diet=2
613,613,2026-05-17 19:38:45,5.0,24.0,0.214575577731682,1.0,1.0,1.0,SARG_POLICY,R002,0.40310828701916485,0.5,0.45,0.0,phase=P4;diet_like=2,P4,C06,6f768df9e05d41a4,"[""R002"", ""R019"", ""R030""]",0.012388549617083446,center_band,maintain_efficiency,SARG:P4:simulator_reference:risk_heat=False:risk_cold=False:diet=2
614,614,2026-05-17 19:38:45,5.0,24.0,0.214606918697216,1.0,1.0,1.0,SARG_POLICY,R002,0.4031119796479896,0.5,0.45,0.0,phase=P4;diet_like=2,P4,C05,ae882cfa098704d2,"[""R002"", ""R019"", ""R030""]",0.012362294145410197,center_band,maintain_efficiency,SARG:P4:simulator_reference:risk_heat=False:risk_cold=False:diet=2
615,615,2026-05-17 19:38:45,5.0,24.0,0.21463807450377898,1.0,1.0,1.0,SARG_POLICY,R002,0.40311564714866277,0.5,0.45,0.0,phase=P4;diet_like=2,P4,C06,f598e1b96b51eec5,"[""R002"", ""R019"", ""R030""]",0.012336195226411634,center_band,maintain_efficiency,SARG:P4:simulator_reference:risk_heat=False:risk_cold=False:diet=2
616,616,2026-05-17 19:38:45,5.0,24.0,0.21466904668507314,1.0,1.0,1.0,SARG_POLICY,R002,0.4031192897050256,0.5,0.45,0.0,phase=P4;diet_like=2,P4,C05,e52ed40f5a95219d,"[""R002"", ""R019"", ""R030""]",0.012310251667521015,center_band,maintain_efficiency,SARG:P4:simulator_reference:risk_heat=False:risk_cold=False:diet=2
617,617,2026-05-17 19:38:45,5.0,24.0,0.21469983675907173,1.0,1.0,1.0,SARG_POLICY,R002,0.4031229074995224,0.5,0.45,0.0,phase=P4;diet_like=2,P4,C05,1ac933fa8867b1ae,"[""R002"", ""R019"", ""R030""]",0.012284462287207056,center_band,maintain_efficiency,SARG:P4:simulator_reference:risk_heat=False:risk_cold=False:diet=2
618,618,2026-05-17 19:38:45,5.0,24.0,0.21473044622820325,1.0,1.0,1.0,SARG_POLICY,R002,0.40312650071280426,0.5,0.45,0.0,phase=P4;diet_like=2,P4,C06,fd9afc2b356ecf93,"[""R002"", ""R019"", ""R030""]",0.012258825915484333,center_band,maintain_efficiency,SARG:P4:simulator_reference:risk_heat=False:risk_cold=False:diet=2
619,619,2026-05-17 19:38:45,5.0,24.0,0.2147608765795357,1.0,1.0,1.0,SARG_POLICY,R002,0.40313006952413205,0.5,0.45,0.0,phase=P4;diet_like=2,P4,C06,950da230bf066711,"[""R002"", ""R019"", ""R030""]",0.012233341393186402,center_band,maintain_efficiency,SARG:P4:simulator_reference:risk_heat=False:risk_cold=False:diet=2
620,620,2026-05-17 19:38:45,5.0,24.0,0.2147911292849638,1.0,1.0,1.0,SARG_POLICY,R002,0.4031336141108862,0.5,0.45,0.0,phase=P4;diet_like=2,P4,C05,b5a868ce8dcd567c,"[""R002"", ""R019"", ""R030""]",0.012208007572622845,center_band,maintain_efficiency,SARG:P4:simulator_reference:risk_heat=False:risk_cold=False:diet=2
621,621,2026-05-17 19:38:45,5.0,24.0,0.2148212058013847,1.0,1.0,1.0,SARG_POLICY,R002,0.40313713464926315,0.5,0.45,0.0,phase=P4;diet_like=2,P4,C05,a3a9e13e93a09f75,"[""R002"", ""R019"", ""R030""]",0.012182823316401595,center_band,maintain_efficiency,SARG:P4:simulator_reference:risk_heat=False:risk_cold=False:diet=2
622,622,2026-05-17 19:38:45,5.0,24.0,0.21485110757087683,1.0,1.0,1.0,SARG_POLICY,R002,0.40314063131373506,0.5,0.45,0.0,phase=P4;diet_like=2,P4,C06,595aecbdf0942f1f,"[""R002"", ""R019"", ""R030""]",0.012157787498167334,center_band,maintain_efficiency,SARG:P4:simulator_reference:risk_heat=False:risk_cold=False:diet=2
623,623,2026-05-17 19:38:45,5.0,24.0,0.21488083602087804,1.0,1.0,1.0,SARG_POLICY,R002,0.403144104277236,0.5,0.45,0.0,phase=P4;diet_like=2,P4,C06,c77af1434d1e5e1f,"[""R002"", ""R019"", ""R030""]",0.012132899002214838,center_band,maintain_efficiency,SARG:P4:simulator_reference:risk_heat=False:risk_cold=False:diet=2
624,624,2026-05-17 19:38:45,5.0,24.0,0.21491039256435557,1.0,1.0,1.0,SARG_POLICY,R002,0.40314755371105077,0.5,0.45,0.0,phase=P4;diet_like=2,P4,C06,6e16554994fe585f,"[""R002"", ""R019"", ""R030""]",0.012108156723566285,center_band,maintain_efficiency,SARG:P4:simulator_reference:risk_heat=False:risk_cold=False:diet=2
625,625,2026-05-17 19:38:45,5.0,24.0,0.14533992040679833,1.0,1.0,1.0,SARG_POLICY,R002,0.42084264653345405,0.5,0.15,0.0,phase=P4;diet_like=2,P4,C07,1d9a06f39d2c84bc,"[""R002"", ""R019"", ""R030""]",0.012083634290809187,center_band,maintain_efficiency,SARG:P4:simulator_reference:risk_heat=False:risk_cold=False:diet=2
626,626,2026-05-17 19:38:45,5.0,24.0,0.2149921982837203,1.0,1.0,1.0,SARG_POLICY,R002,0.4036771048282593,0.5,0.45,0.0,phase=P4;diet_like=2,P4,C05,3a36e7670f2d7806,"[""R002"", ""R019"", ""R030""]",0.01124589573389441,center_band,maintain_efficiency,SARG:P4:simulator_reference:risk_heat=False:risk_cold=False:diet=2
627,627,2026-05-17 19:38:45,5.0,24.0,0.2150211739939733,1.0,1.0,1.0,SARG_POLICY,R002,0.4031580752552118,0.5,0.45,0.0,phase=P4;diet_like=2,P4,C05,2d5790153a3526f5,"[""R002"", ""R019"", ""R030""]",0.012030749114449901,center_band,maintain_efficiency,SARG:P4:simulator_reference:risk_heat=False:risk_cold=False:diet=2
628,628,2026-05-17 19:38:45,5.0,24.0,0.2150499837626485,1.0,1.0,1.0,SARG_POLICY,R002,0.4031614319916109,0.5,0.45,0.0,phase=P4;diet_like=2,P4,C06,bbb7d3588506ad26,"[""R002"", ""R019"", ""R030""]",0.012006602443511042,center_band,maintain_efficiency,SARG:P4:simulator_reference:risk_heat=False:risk_cold=False:diet=2
629,629,2026-05-17 19:38:45,5.0,24.0,0.2150786289293618,1.0,1.0,1.0,SARG_POLICY,R002,0.40316476603936546,0.5,0.45,0.0,phase=P4;diet_like=2,P4,C06,66db0611e7768269,"[""R002"", ""R019"", ""R030""]",0.011982596464407805,center_band,maintain_efficiency,SARG:P4:simulator_reference:risk_heat=False:risk_cold=False:diet=2
630,630,2026-05-17 19:38:45,5.0,24.0,0.14340474054685515,1.0,1.0,1.0,SARG_POLICY,R002,0.4210745042102436,0.5,0.15,0.0,phase=P4;diet_like=2,P4,C07,96624704e4f51de7,"[""R002"", ""R019"", ""R030""]",0.01195873013398998,center_band,maintain_efficiency,SARG:P4:simulator_reference:risk_heat=False:risk_cold=False:diet=2
631,631,2026-05-17 19:38:45,5.0,24.0,0.2151354307482879,1.0,1.0,1.0,SARG_POLICY,R002,0.40317136671828513,0.5,0.45,0.0,phase=P4;diet_like=2,P4,C06,1e15b426335f1e83,"[""R002"", ""R019"", ""R030""]",0.011935002417966387,center_band,maintain_efficiency,SARG:P4:simulator_reference:risk_heat=False:risk_cold=False:diet=2
632,632,2026-05-17 19:38:45,5.0,24.0,0.14344239334207887,1.0,1.0,1.0,SARG_POLICY,R002,0.4210844490715832,0.5,0.15,0.0,phase=P4;diet_like=2,P4,C03,49b77385645bdbf3,"[""R002"", ""R019"", ""R030""]",0.011911412292636009,center_band,maintain_efficiency,SARG:P4:simulator_reference:risk_heat=False:risk_cold=False:diet=2
633,633,2026-05-17 19:38:45,5.0,24.0,0.14346105993435543,1.0,1.0,1.0,SARG_POLICY,R002,0.42108937397122564,0.5,0.15,0.0,phase=P4;diet_like=2,P4,C00,59a934514b17877d,"[""R002"", ""R019"", ""R030""]",0.01188795874332574,center_band,maintain_efficiency,SARG:P4:simulator_reference:risk_heat=False:risk_cold=False:diet=2
634,634,2026-05-17 19:38:45,5.0,24.0,0.21521943168745705,1.0,1.0,1.0,SARG_POLICY,R002,0.40318110159451814,0.5,0.45,0.0,phase=P4;diet_like=2,P4,C05,531d4b0506c0f173,"[""R002"", ""R019"", ""R030""]",0.011864640764730377,center_band,maintain_efficiency,SARG:P4:simulator_reference:risk_heat=False:risk_cold=False:diet=2
635,635,2026-05-17 19:38:46,5.0,24.0,0.21524711663213247,1.0,1.0,1.0,SARG_POLICY,R002,0.4031843028790611,0.5,0.45,0.0,phase=P4;diet_like=2,P4,C06,3baccb63ca4dc26f,"[""R002"", ""R019"", ""R030""]",0.011841457360449616,center_band,maintain_efficiency,SARG:P4:simulator_reference:risk_heat=False:risk_cold=False:diet=2
636,636,2026-05-17 19:38:46,5.0,24.0,0.21527464598426554,1.0,1.0,1.0,SARG_POLICY,R002,0.4031874825849609,0.5,0.45,0.0,phase=P4;diet_like=2,P4,C06,053d63cd1ec13601,"[""R002"", ""R019"", ""R030""]",0.011818407544152159,center_band,maintain_efficiency,SARG:P4:simulator_reference:risk_heat=False:risk_cold=False:diet=2
637,637,2026-05-17 19:38:46,5.0,24.0,0.2153020209801655,1.0,1.0,1.0,SARG_POLICY,R002,0.4031906408658132,0.5,0.45,0.0,phase=P4;diet_like=2,P4,C06,1d5575c91617d9ea,"[""R002"", ""R019"", ""R030""]",0.011795490337466772,center_band,maintain_efficiency,SARG:P4:simulator_reference:risk_heat=False:risk_cold=False:diet=2
638,638,2026-05-17 19:38:46,5.0,24.0,0.21532924284389682,1.0,1.0,1.0,SARG_POLICY,R002,0.40319377787342453,0.5,0.45,0.0,phase=P4;diet_like=2,P4,C06,90e04562bea6da4a,"[""R002"", ""R019"", ""R030""]",0.011772704771739657,center_band,maintain_efficiency,SARG:P4:simulator_reference:risk_heat=False:risk_cold=False:diet=2
639,639,2026-05-17 19:38:46,5.0,24.0,0.1435708751916075,1.0,1.0,1.0,SARG_POLICY,R002,0.4211182725258374,0.5,0.15,0.0,phase=P4;diet_like=2,P4,C07,829021018270dbb1,"[""R002"", ""R019"", ""R030""]",0.01175004988674841,center_band,maintain_efficiency,SARG:P4:simulator_reference:risk_heat=False:risk_cold=False:diet=2
640,640,2026-05-17 19:38:46,5.0,24.0,0.14358882134046314,1.0,1.0,1.0,SARG_POLICY,R002,0.4211229825911919,0.5,0.15,0.0,phase=P4;diet_like=2,P4,C07,01405b7ceeae84b5,"[""R002"", ""R019"", ""R030""]",0.011727524731485368,center_band,maintain_efficiency,SARG:P4:simulator_reference:risk_heat=False:risk_cold=False:diet=2
641,641,2026-05-17 19:38:46,5.0,24.0,0.1436066678012653,1.0,1.0,1.0,SARG_POLICY,R002,0.4211276628598188,0.5,0.15,0.0,phase=P4;diet_like=2,P4,C03,9f7cd8382dd7fb85,"[""R002"", ""R019"", ""R030""]",0.01170512836293564,center_band,maintain_efficiency,SARG:P4:simulator_reference:risk_heat=False:risk_cold=False:diet=2
642,642,2026-05-17 19:38:46,5.0,24.0,0.1436244153583176,1.0,1.0,1.0,SARG_POLICY,R002,0.4211323135489929,0.5,0.15,0.0,phase=P4;diet_like=2,P4,C00,0a944a8fb5c1db12,"[""R002"", ""R019"", ""R030""]",0.011682859847388727,center_band,maintain_efficiency,SARG:P4:simulator_reference:risk_heat=False:risk_cold=False:diet=2
643,643,2026-05-17 19:38:46,5.0,24.0,0.1436420647882145,1.0,1.0,1.0,SARG_POLICY,R002,0.42113693487446097,0.5,0.15,0.0,phase=P4;diet_like=2,P4,C00,3e3a803e0ca3e308,"[""R002"", ""R019"", ""R030""]",0.011660718258991142,center_band,maintain_efficiency,SARG:P4:simulator_reference:risk_heat=False:risk_cold=False:diet=2
644,644,2026-05-17 19:38:46,5.0,24.0,0.215489425289895,1.0,1.0,1.0,SARG_POLICY,R002,0.4032121615325092,0.5,0.45,0.0,phase=P4;diet_like=2,P4,C05,8ebf7fdfd10bffd8,"[""R002"", ""R019"", ""R030""]",0.011638702680521505,center_band,maintain_efficiency,SARG:P4:simulator_reference:risk_heat=False:risk_cold=False:diet=2
645,645,2026-05-17 19:38:46,5.0,24.0,0.2185985353515792,1.0,1.0,1.0,SARG_POLICY,R002,0.40282456395160615,0.5,0.45,0.0,phase=P4;diet_like=2,P4,C06,296d8d1b406628a4,"[""R002"", ""R019"", ""R030""]",0.011616950004584101,center_band,maintain_efficiency,SARG:P4:simulator_reference:risk_heat=False:risk_cold=False:diet=2
646,646,2026-05-17 19:38:46,5.0,24.0,0.2155636666765034,1.0,1.0,1.0,SARG_POLICY,R002,0.4037458296226864,0.5,0.45,0.0,phase=P4;diet_like=2,P4,C06,66844c1517d4f72b,"[""R002"", ""R019"", ""R030""]",0.010774297120150543,center_band,maintain_efficiency,SARG:P4:simulator_reference:risk_heat=False:risk_cold=False:diet=2
647,647,2026-05-17 19:38:46,5.0,24.0,0.21558949791099546,1.0,1.0,1.0,SARG_POLICY,R002,0.4032214260001647,0.5,0.45,0.0,phase=P4;diet_like=2,P4,C06,6b9cbb4389bb3fca,"[""R002"", ""R019"", ""R030""]",0.01156947915345833,center_band,maintain_efficiency,SARG:P4:simulator_reference:risk_heat=False:risk_cold=False:diet=2
648,648,2026-05-17 19:38:46,5.0,24.0,0.14374345866907934,1.0,1.0,1.0,SARG_POLICY,R002,0.42116126940599785,0.5,0.15,0.0,phase=P4;diet_like=2,P4,C03,5f7010bc20c59b23,"[""R002"", ""R019"", ""R030""]",0.011547977883690792,center_band,maintain_efficiency,SARG:P4:simulator_reference:risk_heat=False:risk_cold=False:diet=2
649,649,2026-05-17 19:38:46,5.0,24.0,0.21564073804965972,1.0,1.0,1.0,SARG_POLICY,R002,0.4032272705727682,0.5,0.45,0.0,phase=P4;diet_like=2,P4,C05,a3665eac190ca1e2,"[""R002"", ""R019"", ""R030""]",0.011526598029202972,center_band,maintain_efficiency,SARG:P4:simulator_reference:risk_heat=False:risk_cold=False:diet=2
650,650,2026-05-17 19:38:46,5.0,24.0,0.2156661491337568,1.0,1.0,1.0,SARG_POLICY,R002,0.4032301634787991,0.5,0.45,0.0,phase=P4;diet_like=2,P4,C05,11a6e10b9e1f368e,"[""R002"", ""R019"", ""R030""]",0.01150533872177683,center_band,maintain_efficiency,SARG:P4:simulator_reference:risk_heat=False:risk_cold=False:diet=2
651,651,2026-05-17 19:38:46,5.0,24.0,0.21569142233002575,1.0,1.0,1.0,SARG_POLICY,R002,0.4032330369795782,0.5,0.45,0.0,phase=P4;diet_like=2,P4,C06,a70663bde3dc1cea,"[""R002"", ""R019"", ""R030""]",0.011484199102235158,center_band,maintain_efficiency,SARG:P4:simulator_reference:risk_heat=False:risk_cold=False:diet=2
652,652,2026-05-17 19:38:46,5.0,24.0,0.21571655870216533,1.0,1.0,1.0,SARG_POLICY,R002,0.40323589121109954,0.5,0.45,0.0,phase=P4;diet_like=2,P4,C06,9f768ee0ccf81a02,"[""R002"", ""R019"", ""R030""]",0.011463178316885168,center_band,maintain_efficiency,SARG:P4:simulator_reference:risk_heat=False:risk_cold=False:diet=2
653,653,2026-05-17 19:38:46,5.0,24.0,0.21574155930358957,1.0,1.0,1.0,SARG_POLICY,R002,0.4032387263064998,0.5,0.45,0.0,phase=P4;diet_like=2,P4,C06,dc3e0d7d922daf9f,"[""R002"", ""R019"", ""R030""]",0.01144227552232176,center_band,maintain_efficiency,SARG:P4:simulator_reference:risk_heat=False:risk_cold=False:diet=2
654,654,2026-05-17 19:38:46,5.0,24.0,0.21576642517753297,1.0,1.0,1.0,SARG_POLICY,R002,0.4032415423992317,0.5,0.45,0.0,phase=P4;diet_like=2,P4,C08,de25ed25a9fcbede,"[""R002"", ""R019"", ""R030""]",0.01142148988045155,center_band,maintain_efficiency,SARG:P4:simulator_reference:risk_heat=False:risk_cold=False:diet=2
655,655,2026-05-17 19:38:46,5.0,24.0,0.21579115735716942,1.0,1.0,1.0,SARG_POLICY,R002,0.4032443396211214,0.5,0.45,0.0,phase=P4;diet_like=2,P4,C06,f9bb62544e9dde9e,"[""R002"", ""R019"", ""R030""]",0.011400820561437633,center_band,maintain_efficiency,SARG:P4:simulator_reference:risk_heat=False:risk_cold=False:diet=2
656,656,2026-05-17 19:38:46,5.0,24.0,0.21581575686572058,1.0,1.0,1.0,SARG_POLICY,R002,0.4032471181029308,0.5,0.45,0.0,phase=P4;diet_like=2,P4,C08,19de941f86bbe897,"[""R002"", ""R019"", ""R030""]",0.01138026674276519,center_band,maintain_efficiency,SARG:P4:simulator_reference:risk_heat=False:risk_cold=False:diet=2
657,657,2026-05-17 19:38:46,5.0,24.0,0.2158402247165735,1.0,1.0,1.0,SARG_POLICY,R002,0.4032498779742725,0.5,0.45,0.0,phase=P4;diet_like=2,P4,C06,7f7cec7a082f0ad1,"[""R002"", ""R019"", ""R030""]",0.011359827609312045,center_band,maintain_efficiency,SARG:P4:simulator_reference:risk_heat=False:risk_cold=False:diet=2
658,658,2026-05-17 19:38:46,5.0,24.0,0.21586456191338582,1.0,1.0,1.0,SARG_POLICY,R002,0.4032526193637794,0.5,0.45,0.0,phase=P4;diet_like=2,P4,C06,41a09d9a561f196d,"[""R002"", ""R019"", ""R030""]",0.011339502353024177,center_band,maintain_efficiency,SARG:P4:simulator_reference:risk_heat=False:risk_cold=False:diet=2
659,659,2026-05-17 19:38:47,5.0,24.0,0.21588876945019192,1.0,1.0,1.0,SARG_POLICY,R002,0.403255342399277,0.5,0.45,0.0,phase=P4;diet_like=2,P4,C06,ef73d4cd01f0b310,"[""R002"", ""R019"", ""R030""]",0.011319290172590948,center_band,maintain_efficiency,SARG:P4:simulator_reference:risk_heat=False:risk_cold=False:diet=2
660,660,2026-05-17 19:38:47,5.0,24.0,0.21591284831151758,1.0,1.0,1.0,SARG_POLICY,R002,0.4032580472070853,0.5,0.45,0.0,phase=P4;diet_like=2,P4,C08,eacafa1db7c2a0dd,"[""R002"", ""R019"", ""R030""]",0.011299190274462821,center_band,maintain_efficiency,SARG:P4:simulator_reference:risk_heat=False:risk_cold=False:diet=2
661,661,2026-05-17 19:38:47,5.0,24.0,0.2159367994724788,1.0,1.0,1.0,SARG_POLICY,R002,0.40326073391316297,0.5,0.45,0.0,phase=P4;diet_like=2,P4,C08,ee4b2a4b8617a6e9,"[""R002"", ""R019"", ""R030""]",0.01127920187102516,center_band,maintain_efficiency,SARG:P4:simulator_reference:risk_heat=False:risk_cold=False:diet=2
662,662,2026-05-17 19:38:47,5.0,24.0,0.21596062389888782,1.0,1.0,1.0,SARG_POLICY,R002,0.4032634026416487,0.5,0.45,0.0,phase=P4;diet_like=2,P4,C06,c81cb038e2197a7b,"[""R002"", ""R019"", ""R030""]",0.01125932418279521,center_band,maintain_efficiency,SARG:P4:simulator_reference:risk_heat=False:risk_cold=False:diet=2
663,663,2026-05-17 19:38:47,5.0,24.0,0.2159843225473586,1.0,1.0,1.0,SARG_POLICY,R002,0.4032660535165182,0.5,0.45,0.0,phase=P4;diet_like=2,P4,C06,0150fe8be25408e5,"[""R002"", ""R019"", ""R030""]",0.011239556435801556,center_band,maintain_efficiency,SARG:P4:simulator_reference:risk_heat=False:risk_cold=False:diet=2
664,664,2026-05-17 19:38:47,5.0,24.0,0.14606776252535947,1.0,1.0,1.0,SARG_POLICY,R002,0.4210228252466369,0.5,0.15,0.0,phase=P4;diet_like=2,P4,C03,af8321a492845270,"[""R002"", ""R019"", ""R030""]",0.011220035032330336,center_band,maintain_efficiency,SARG:P4:simulator_reference:risk_heat=False:risk_cold=False:diet=2
665,665,2026-05-17 19:38:47,5.0,24.0,0.1440348616649194,1.0,1.0,1.0,SARG_POLICY,R002,0.4217664026398024,0.5,0.15,0.0,phase=P4;diet_like=2,P4,C11,dcc430d612026015,"[""R002"", ""R019"", ""R030""]",0.010373162994891659,center_band,maintain_efficiency,SARG:P4:simulator_reference:risk_heat=False:risk_cold=False:diet=2
666,666,2026-05-17 19:38:47,5.0,24.0,0.14405037372796137,1.0,1.0,1.0,SARG_POLICY,R002,0.42123881078389236,0.5,0.15,0.0,phase=P4;diet_like=2,P4,C11,96df2b6228241e15,"[""R002"", ""R019"", ""R030""]",0.011177097759536406,center_band,maintain_efficiency,SARG:P4:simulator_reference:risk_heat=False:risk_cold=False:diet=2
667,667,2026-05-17 19:38:47,5.0,24.0,0.14406580465886853,1.0,1.0,1.0,SARG_POLICY,R002,0.42124278003735605,0.5,0.15,0.0,phase=P4;diet_like=2,P4,C03,ddd29f0bbcac0a49,"[""R002"", ""R019"", ""R030""]",0.011157779492244817,center_band,maintain_efficiency,SARG:P4:simulator_reference:risk_heat=False:risk_cold=False:diet=2
668,668,2026-05-17 19:38:47,5.0,24.0,0.2161217325960884,1.0,1.0,1.0,SARG_POLICY,R002,0.4032794208409995,0.5,0.45,0.0,phase=P4;diet_like=2,P4,C08,9038a2f96b275b2c,"[""R002"", ""R019"", ""R030""]",0.011138567285671287,center_band,maintain_efficiency,SARG:P4:simulator_reference:risk_heat=False:risk_cold=False:diet=2
669,669,2026-05-17 19:38:47,5.0,24.0,0.21614463831633862,1.0,1.0,1.0,SARG_POLICY,R002,0.403281966934992,0.5,0.45,0.0,phase=P4;diet_like=2,P4,C06,300d6d67ab3a54a4,"[""R002"", ""R019"", ""R030""]",0.01111946040664904,center_band,maintain_efficiency,SARG:P4:simulator_reference:risk_heat=False:risk_cold=False:diet=2
670,670,2026-05-17 19:38:47,5.0,24.0,0.2161674250416033,1.0,1.0,1.0,SARG_POLICY,R002,0.4032844960165056,0.5,0.45,0.0,phase=P4;diet_like=2,P4,C06,2e36fc207758137e,"[""R002"", ""R019"", ""R030""]",0.01110045812892494,center_band,maintain_efficiency,SARG:P4:simulator_reference:risk_heat=False:risk_cold=False:diet=2
671,671,2026-05-17 19:38:47,5.0,24.0,0.14412672910401925,1.0,1.0,1.0,SARG_POLICY,R002,0.4212584138209524,0.5,0.15,0.0,phase=P4;diet_like=2,P4,C07,eccf8ab13a080663,"[""R002"", ""R019"", ""R030""]",0.01108155973171375,center_band,maintain_efficiency,SARG:P4:simulator_reference:risk_heat=False:risk_cold=False:diet=2
672,672,2026-05-17 19:38:47,5.0,24.0,0.21621264503545806,1.0,1.0,1.0,SARG_POLICY,R002,0.403289503605141,0.5,0.45,0.0,phase=P4;diet_like=2,P4,C05,edd459ef92a0e404,"[""R002"", ""R019"", ""R030""]",0.011062764500785909,center_band,maintain_efficiency,SARG:P4:simulator_reference:risk_heat=False:risk_cold=False:diet=2
673,673,2026-05-17 19:38:47,5.0,24.0,0.21623508004751268,1.0,1.0,1.0,SARG_POLICY,R002,0.40329198234123553,0.5,0.45,0.0,phase=P4;diet_like=2,P4,C05,ec02a14a3f93cd38,"[""R002"", ""R019"", ""R030""]",0.011044071727889395,center_band,maintain_efficiency,SARG:P4:simulator_reference:risk_heat=False:risk_cold=False:diet=2
674,674,2026-05-17 19:38:47,5.0,24.0,0.21625739955168638,1.0,1.0,1.0,SARG_POLICY,R002,0.40329444452301727,0.5,0.45,0.0,phase=P4;diet_like=2,P4,C05,622fe04c61ba2937,"[""R002"", ""R019"", ""R030""]",0.011025480710887714,center_band,maintain_efficiency,SARG:P4:simulator_reference:risk_heat=False:risk_cold=False:diet=2
675,675,2026-05-17 19:38:47,5.0,24.0,0.21627960439943955,1.0,1.0,1.0,SARG_POLICY,R002,0.4032968902625149,0.5,0.45,0.0,phase=P4;diet_like=2,P4,C05,deefb03aa63bf1fd,"[""R002"", ""R019"", ""R030""]",0.011006990753984468,center_band,maintain_efficiency,SARG:P4:simulator_reference:risk_heat=False:risk_cold=False:diet=2
676,676,2026-05-17 19:38:47,5.0,24.0,0.21630169543427163,1.0,1.0,1.0,SARG_POLICY,R002,0.40329931967147126,0.5,0.45,0.0,phase=P4;diet_like=2,P4,C06,4a937534bb212de1,"[""R002"", ""R019"", ""R030""]",0.010988601166395225,center_band,maintain_efficiency,SARG:P4:simulator_reference:risk_heat=False:risk_cold=False:diet=2
677,677,2026-05-17 19:38:47,5.0,24.0,0.21632367349182452,1.0,1.0,1.0,SARG_POLICY,R002,0.4033017328599538,0.5,0.45,0.0,phase=P4;diet_like=2,P4,C06,b111fbcdcad59251,"[""R002"", ""R019"", ""R030""]",0.01097031126444779,center_band,maintain_efficiency,SARG:P4:simulator_reference:risk_heat=False:risk_cold=False:diet=2
678,678,2026-05-17 19:38:47,5.0,24.0,0.21634553939995282,1.0,1.0,1.0,SARG_POLICY,R002,0.4033041299378769,0.5,0.45,0.0,phase=P4;diet_like=2,P4,C08,c52f7df743d0b288,"[""R002"", ""R019"", ""R030""]",0.010952120369180576,center_band,maintain_efficiency,SARG:P4:simulator_reference:risk_heat=False:risk_cold=False:diet=2
679,679,2026-05-17 19:38:48,5.0,24.0,0.21636729397881682,1.0,1.0,1.0,SARG_POLICY,R002,0.4033065110140256,0.5,0.45,0.0,phase=P4;diet_like=2,P4,C08,6ed8196ad74a1781,"[""R002"", ""R019"", ""R030""]",0.010934027807805845,center_band,maintain_efficiency,SARG:P4:simulator_reference:risk_heat=False:risk_cold=False:diet=2
680,680,2026-05-17 19:38:48,5.0,24.0,0.2163889380409637,1.0,1.0,1.0,SARG_POLICY,R002,0.40330887619610784,0.5,0.45,0.0,phase=P4;diet_like=2,P4,C08,b240077b0f43aa8c,"[""R002"", ""R019"", ""R030""]",0.01091603291358218,center_band,maintain_efficiency,SARG:P4:simulator_reference:risk_heat=False:risk_cold=False:diet=2
681,681,2026-05-17 19:38:48,5.0,24.0,0.2133121410390113,1.0,1.0,1.0,SARG_POLICY,R002,0.4037037248913053,0.5,0.45,0.0,phase=P4;diet_like=2,P4,C08,67ddd72b5ff8e9f2,"[""R002"", ""R019"", ""R030""]",0.010898064335157656,center_band,maintain_efficiency,SARG:P4:simulator_reference:risk_heat=False:risk_cold=False:diet=2
682,682,2026-05-17 19:38:48,5.0,24.0,0.21951423193861358,1.0,1.0,1.0,SARG_POLICY,R002,0.40238742943110495,0.5,0.45,0.0,phase=P4;diet_like=2,P4,C08,61762a335b9456e9,"[""R002"", ""R019"", ""R030""]",0.011709225291541565,center_band,maintain_efficiency,SARG:P4:simulator_reference:risk_heat=False:risk_cold=False:diet=2
683,683,2026-05-17 19:38:48,5.0,24.0,0.21645291583317605,1.0,1.0,1.0,SARG_POLICY,R002,0.4038510523440548,0.5,0.45,0.0,phase=P4;diet_like=2,P4,C08,d5741938933004b7,"[""R002"", ""R019"", ""R030""]",0.010033740640138475,center_band,maintain_efficiency,SARG:P4:simulator_reference:risk_heat=False:risk_cold=False:diet=2
684,684,2026-05-17 19:38:48,5.0,24.0,0.2164741270449519,1.0,1.0,1.0,SARG_POLICY,R002,0.4033181907183543,0.5,0.45,0.0,phase=P4;diet_like=2,P4,C08,b93012ac6bc52e2c,"[""R002"", ""R019"", ""R030""]",0.01084503362945988,center_band,maintain_efficiency,SARG:P4:simulator_reference:risk_heat=False:risk_cold=False:diet=2
685,685,2026-05-17 19:38:48,5.0,24.0,0.21649523168189494,1.0,1.0,1.0,SARG_POLICY,R002,0.4033204780057537,0.5,0.45,0.0,phase=P4;diet_like=2,P4,C06,255f42e5c6bc8edf,"[""R002"", ""R019"", ""R030""]",0.010827516861447678,center_band,maintain_efficiency,SARG:P4:simulator_reference:risk_heat=False:risk_cold=False:diet=2
686,686,2026-05-17 19:38:48,5.0,24.0,0.216516230512652,1.0,1.0,1.0,SARG_POLICY,R002,0.40332275002944323,0.5,0.45,0.0,phase=P4;diet_like=2,P4,C06,cbebb817ac7a7ffa,"[""R002"", ""R019"", ""R030""]",0.010810093877915317,center_band,maintain_efficiency,SARG:P4:simulator_reference:risk_heat=False:risk_cold=False:diet=2
687,687,2026-05-17 19:38:48,5.0,24.0,0.21653712429881006,1.0,1.0,1.0,SARG_POLICY,R002,0.40332500689143247,0.5,0.45,0.0,phase=P4;diet_like=2,P4,C06,580f8c0d1fcf53b4,"[""R002"", ""R019"", ""R030""]",0.010792764050308285,center_band,maintain_efficiency,SARG:P4:simulator_reference:risk_heat=False:risk_cold=False:diet=2
688,688,2026-05-17 19:38:48,5.0,24.0,0.21655791379497064,1.0,1.0,1.0,SARG_POLICY,R002,0.40332724869343356,0.5,0.45,0.0,phase=P4;diet_like=2,P4,C06,07cba3f704a046fb,"[""R002"", ""R019"", ""R030""]",0.010775526754562547,center_band,maintain_efficiency,SARG:P4:simulator_reference:risk_heat=False:risk_cold=False:diet=2
689,689,2026-05-17 19:38:48,5.0,24.0,0.21657859974882482,1.0,1.0,1.0,SARG_POLICY,R002,0.40332947553587595,0.5,0.45,0.0,phase=P4;diet_like=2,P4,C08,92d8c39b2e940634,"[""R002"", ""R019"", ""R030""]",0.010758381372586981,center_band,maintain_efficiency,SARG:P4:simulator_reference:risk_heat=False:risk_cold=False:diet=2
690,690,2026-05-17 19:38:48,5.0,24.0,0.216599182901223,1.0,1.0,1.0,SARG_POLICY,R002,0.4033316875188233,0.5,0.45,0.0,phase=P4;diet_like=2,P4,C05,ad88fcceca5be5e0,"[""R002"", ""R019"", ""R030""]",0.010741327290803931,center_band,maintain_efficiency,SARG:P4:simulator_reference:risk_heat=False:risk_cold=False:diet=2
691,691,2026-05-17 19:38:48,5.0,24.0,0.21661966398625027,1.0,1.0,1.0,SARG_POLICY,R002,0.4033338847413835,0.5,0.45,0.0,phase=P4;diet_like=2,P4,C06,855141c0c6838755,"[""R002"", ""R019"", ""R030""]",0.010724363901021975,center_band,maintain_efficiency,SARG:P4:simulator_reference:risk_heat=False:risk_cold=False:diet=2
692,692,2026-05-17 19:38:48,5.0,24.0,0.21664004373130513,1.0,1.0,1.0,SARG_POLICY,R002,0.40333606730173965,0.5,0.45,0.0,phase=P4;diet_like=2,P4,C10,034b4ee3ead5edb5,"[""R002"", ""R019"", ""R030""]",0.01070749060034621,center_band,maintain_efficiency,SARG:P4:simulator_reference:risk_heat=False:risk_cold=False:diet=2
693,693,2026-05-17 19:38:48,5.0,24.0,0.2166603228571537,1.0,1.0,1.0,SARG_POLICY,R002,0.40333823529770435,0.5,0.45,0.0,phase=P4;diet_like=2,P4,C02,798b18f49a8d55e4,"[""R002"", ""R019"", ""R030""]",0.010690706790283427,center_band,maintain_efficiency,SARG:P4:simulator_reference:risk_heat=False:risk_cold=False:diet=2
694,694,2026-05-17 19:38:48,5.0,24.0,0.21668050207801715,1.0,1.0,1.0,SARG_POLICY,R002,0.4033403888261186,0.5,0.45,0.0,phase=P4;diet_like=2,P4,C02,c673dd67e49839b2,"[""R002"", ""R019"", ""R030""]",0.010674011877631253,center_band,maintain_efficiency,SARG:P4:simulator_reference:risk_heat=False:risk_cold=False:diet=2
695,695,2026-05-17 19:38:48,5.0,24.0,0.21670058210162868,1.0,1.0,1.0,SARG_POLICY,R002,0.4033425279830045,0.5,0.45,0.0,phase=P4;diet_like=2,P4,C05,eee7b9e6b384e89f,"[""R002"", ""R019"", ""R030""]",0.01065740527420443,center_band,maintain_efficiency,SARG:P4:simulator_reference:risk_heat=False:risk_cold=False:diet=2
696,696,2026-05-17 19:38:48,5.0,24.0,0.21672056362931047,1.0,1.0,1.0,SARG_POLICY,R002,0.4033446528639531,0.5,0.45,0.0,phase=P4;diet_like=2,P4,C05,4581a4e84118544b,"[""R002"", ""R019"", ""R030""]",0.010640886396195317,center_band,maintain_efficiency,SARG:P4:simulator_reference:risk_heat=False:risk_cold=False:diet=2
697,697,2026-05-17 19:38:48,5.0,24.0,0.21363473257732468,1.0,1.0,1.0,SARG_POLICY,R002,0.40374017567926707,0.5,0.45,0.0,phase=P4;diet_like=2,P4,C10,bbd5799ed2c1c3ba,"[""R002"", ""R019"", ""R030""]",0.010624419996883886,center_band,maintain_efficiency,SARG:P4:simulator_reference:risk_heat=False:risk_cold=False:diet=2
698,698,2026-05-17 19:38:48,5.0,24.0,0.21371396680681987,1.0,1.0,1.0,SARG_POLICY,R005,0.40283574510296694,0.5,0.45,0.0,phase=P4;diet_like=5,P4,C06,898519efe7d2d950,"[""R005"", ""R021"", ""R039""]",0.007659380340211264,center_band,maintain_efficiency,SARG:P4:simulator_reference:risk_heat=False:risk_cold=False:diet=5
699,699,2026-05-17 19:38:48,5.0,24.0,0.21676049366875955,1.0,1.0,1.0,SARG_POLICY,R002,0.40335053279195016,0.5,0.45,0.0,phase=P4;diet_like=2,P4,C02,02ec9db2b8989e76,"[""R002"", ""R019"", ""R030""]",0.010595484436274595,center_band,maintain_efficiency,SARG:P4:simulator_reference:risk_heat=False:risk_cold=False:diet=2
700,700,2026-05-17 19:38:48,5.0,24.0,0.21989154925379895,1.0,1.0,1.0,SARG_POLICY,R002,0.4029584427732986,0.5,0.45,0.0,phase=P4;diet_like=2,P4,C10,c99c2750f190cd5c,"[""R002"", ""R019"", ""R030""]",0.010579371123680646,center_band,maintain_efficiency,SARG:P4:simulator_reference:risk_heat=False:risk_cold=False:diet=2
701,701,2026-05-17 19:38:48,5.0,24.0,0.21681873161208653,1.0,1.0,1.0,SARG_POLICY,R002,0.40389366204139515,0.5,0.45,0.0,phase=P4;diet_like=2,P4,C10,58db131ce59641f5,"[""R002"", ""R019"", ""R030""]",0.009725386337300067,center_band,maintain_efficiency,SARG:P4:simulator_reference:risk_heat=False:risk_cold=False:diet=2
702,702,2026-05-17 19:38:48,5.0,24.0,0.21683813765107096,1.0,1.0,1.0,SARG_POLICY,R002,0.40335711906471916,0.5,0.45,0.0,phase=P4;diet_like=2,P4,C10,a3aaea23eaa2c5c4,"[""R002"", ""R019"", ""R030""]",0.010543584229399747,center_band,maintain_efficiency,SARG:P4:simulator_reference:risk_heat=False:risk_cold=False:diet=2
703,703,2026-05-17 19:38:48,5.0,24.0,0.21685744992117423,1.0,1.0,1.0,SARG_POLICY,R002,0.40335914660986627,0.5,0.45,0.0,phase=P4;diet_like=2,P4,C02,818e4400793daaf7,"[""R002"", ""R019"", ""R030""]",0.010527663150958603,center_band,maintain_efficiency,SARG:P4:simulator_reference:risk_heat=False:risk_cold=False:diet=2
704,704,2026-05-17 19:38:49,5.0,24.0,0.2168766690748406,1.0,1.0,1.0,SARG_POLICY,R002,0.4033611606166995,0.5,0.45,0.0,phase=P4;diet_like=2,P4,C10,d56a525dc9e190d6,"[""R002"", ""R019"", ""R030""]",0.010511825301712664,center_band,maintain_efficiency,SARG:P4:simulator_reference:risk_heat=False:risk_cold=False:diet=2
705,705,2026-05-17 19:38:49,5.0,24.0,0.21689579575867968,1.0,1.0,1.0,SARG_POLICY,R002,0.4033631611748456,0.5,0.45,0.0,phase=P4;diet_like=2,P4,C02,2e7bcb634144165b,"[""R002"", ""R019"", ""R030""]",0.010496070138808263,center_band,maintain_efficiency,SARG:P4:simulator_reference:risk_heat=False:risk_cold=False:diet=2
706,706,2026-05-17 19:38:49,5.0,24.0,0.21691483061352418,1.0,1.0,1.0,SARG_POLICY,R002,0.4033651483724837,0.5,0.45,0.0,phase=P4;diet_like=2,P4,C10,f2b4c1e9913594df,"[""R002"", ""R019"", ""R030""]",0.010480397124986092,center_band,maintain_efficiency,SARG:P4:simulator_reference:risk_heat=False:risk_cold=False:diet=2
707,707,2026-05-17 19:38:49,5.0,24.0,0.2169337742744929,1.0,1.0,1.0,SARG_POLICY,R002,0.40336712229756794,0.5,0.45,0.0,phase=P4;diet_like=2,P4,C10,711c74819bbbfe81,"[""R002"", ""R019"", ""R030""]",0.010464805726655337,center_band,maintain_efficiency,SARG:P4:simulator_reference:risk_heat=False:risk_cold=False:diet=2
708,708,2026-05-17 19:38:49,5.0,24.0,0.2169526273710473,1.0,1.0,1.0,SARG_POLICY,R002,0.403369083037327,0.5,0.45,0.0,phase=P4;diet_like=2,P4,C10,ccc95b9ca44dd916,"[""R002"", ""R019"", ""R030""]",0.010449295414635365,center_band,maintain_efficiency,SARG:P4:simulator_reference:risk_heat=False:risk_cold=False:diet=2
709,709,2026-05-17 19:38:49,5.0,24.0,0.2169713905270534,1.0,1.0,1.0,SARG_POLICY,R002,0.40337103067805097,0.5,0.45,0.0,phase=P4;diet_like=2,P4,C10,7bb176dd31e1d7c5,"[""R002"", ""R019"", ""R030""]",0.010433865664452353,center_band,maintain_efficiency,SARG:P4:simulator_reference:risk_heat=False:risk_cold=False:diet=2
710,710,2026-05-17 19:38:49,5.0,24.0,0.21544736002589876,1.0,1.0,1.0,SARG_POLICY,R003,0.4536882484734511,0.5,0.45,0.0,phase=P4;diet_like=3,P4,C10,ad0dd21bf7475e2e,"[""R003"", ""R006"", ""R007""]",0.10319824552318407,center_band,maintain_efficiency,SARG:P4:simulator_reference:risk_heat=False:risk_cold=False:diet=3
711,711,2026-05-17 19:38:49,5.0,24.0,0.21546954256763073,1.0,1.0,1.0,SARG_POLICY,R003,0.453692753779516,0.5,0.45,0.0,phase=P4;diet_like=3,P4,C10,852972907ad90a6b,"[""R003"", ""R006"", ""R007""]",0.10319813734944301,center_band,maintain_efficiency,SARG:P4:simulator_reference:risk_heat=False:risk_cold=False:diet=3
712,712,2026-05-17 19:38:49,5.0,24.0,0.21549162000980582,1.0,1.0,1.0,SARG_POLICY,R003,0.4536972362871542,0.5,0.45,0.0,phase=P4;diet_like=3,P4,C02,172a5e01d5f3c192,"[""R003"", ""R006"", ""R007""]",0.10319803384517945,center_band,maintain_efficiency,SARG:P4:simulator_reference:risk_heat=False:risk_cold=False:diet=3
713,713,2026-05-17 19:38:49,5.0,24.0,0.21551359306997503,1.0,1.0,1.0,SARG_POLICY,R003,0.4537016961330842,0.5,0.45,0.0,phase=P4;diet_like=3,P4,C10,7e7c5f0e0fbcbeec,"[""R003"", ""R006"", ""R007""]",0.10319793493524834,center_band,maintain_efficiency,SARG:P4:simulator_reference:risk_heat=False:risk_cold=False:diet=3
714,714,2026-05-17 19:38:49,5.0,24.0,0.21553546245935495,1.0,1.0,1.0,SARG_POLICY,R003,0.4537061334532882,0.5,0.45,0.0,phase=P4;diet_like=3,P4,C10,81be4a1cb66ac63a,"[""R003"", ""R006"", ""R007""]",0.10319784054550743,center_band,maintain_efficiency,SARG:P4:simulator_reference:risk_heat=False:risk_cold=False:diet=3
715,715,2026-05-17 19:38:49,5.0,24.0,0.21555722888289303,1.0,1.0,1.0,SARG_POLICY,R003,0.45371054838333125,0.5,0.45,0.0,phase=P4;diet_like=3,P4,C02,bffc9fec75910eb8,"[""R003"", ""R006"", ""R007""]",0.1031977506028514,center_band,maintain_efficiency,SARG:P4:simulator_reference:risk_heat=False:risk_cold=False:diet=3
716,716,2026-05-17 19:38:49,5.0,24.0,0.2155788930393308,1.0,1.0,1.0,SARG_POLICY,R003,0.45371494105700144,0.5,0.45,0.0,phase=P4;diet_like=3,P4,C10,e10be87fde1df624,"[""R003"", ""R006"", ""R007""]",0.1031976650349743,center_band,maintain_efficiency,SARG:P4:simulator_reference:risk_heat=False:risk_cold=False:diet=3
717,717,2026-05-17 19:38:49,5.0,24.0,0.21871577484469806,1.0,1.0,1.0,SARG_POLICY,R003,0.45332470158822014,0.5,0.45,0.0,phase=P4;diet_like=3,P4,C10,83a76a0b66db7bc0,"[""R003"", ""R006"", ""R007""]",0.10319757536308931,center_band,maintain_efficiency,SARG:P4:simulator_reference:risk_heat=False:risk_cold=False:diet=3
718,718,2026-05-17 19:38:49,5.0,24.0,0.2156401035564271,1.0,1.0,1.0,SARG_POLICY,R003,0.4542820421428971,0.5,0.45,0.0,phase=P4;diet_like=3,P4,C10,583f511aa739e22e,"[""R003"", ""R006"", ""R007""]",0.1032881843159226,center_band,maintain_efficiency,SARG:P4:simulator_reference:risk_heat=False:risk_cold=False:diet=3
719,719,2026-05-17 19:38:49,5.0,24.0,0.21254890967703433,1.0,1.0,1.0,SARG_POLICY,R003,0.4541234560646147,0.5,0.45,0.0,phase=P4;diet_like=3,P4,C10,1b7b98320f509f6c,"[""R003"", ""R006"", ""R007""]",0.10319605633340871,center_band,maintain_efficiency,SARG:P4:simulator_reference:risk_heat=False:risk_cold=False:diet=3
720,720,2026-05-17 19:38:49,5.0,24.0,0.21566424692264086,1.0,1.0,1.0,SARG_POLICY,R003,0.45317712550685096,0.5,0.45,0.0,phase=P4;diet_like=3,P4,C10,669b6488c0ea34d4,"[""R003"", ""R006"", ""R007""]",0.10310565150426348,center_band,maintain_efficiency,SARG:P4:simulator_reference:risk_heat=False:risk_cold=False:diet=3
721,721,2026-05-17 19:38:49,5.0,24.0,0.21568541111731915,1.0,1.0,1.0,SARG_POLICY,R003,0.45373656635278653,0.5,0.45,0.0,phase=P4;diet_like=3,P4,C10,68812c1a1a8396fa,"[""R003"", ""R006"", ""R007""]",0.10319735302322042,center_band,maintain_efficiency,SARG:P4:simulator_reference:risk_heat=False:risk_cold=False:diet=3
722,722,2026-05-17 19:38:49,5.0,24.0,0.2157064771027417,1.0,1.0,1.0,SARG_POLICY,R003,0.45374082832758855,0.5,0.45,0.0,phase=P4;diet_like=3,P4,C02,d4c424acf38098ea,"[""R003"", ""R006"", ""R007""]",0.10319729202214883,center_band,maintain_efficiency,SARG:P4:simulator_reference:risk_heat=False:risk_cold=False:diet=3
723,723,2026-05-17 19:38:49,5.0,24.0,0.21572744553603407,1.0,1.0,1.0,SARG_POLICY,R003,0.4537450689567251,0.5,0.45,0.0,phase=P4;diet_like=3,P4,C10,afca4108d7969800,"[""R003"", ""R006"", ""R007""]",0.10319723491700467,center_band,maintain_efficiency,SARG:P4:simulator_reference:risk_heat=False:risk_cold=False:diet=3
724,724,2026-05-17 19:38:49,5.0,24.0,0.21574831706860464,1.0,1.0,1.0,SARG_POLICY,R003,0.45374928836679446,0.5,0.45,0.0,phase=P4;diet_like=3,P4,C10,4a29b9d5515d4908,"[""R003"", ""R006"", ""R007""]",0.10319718164257742,center_band,maintain_efficiency,SARG:P4:simulator_reference:risk_heat=False:risk_cold=False:diet=3
725,725,2026-05-17 19:38:49,5.0,24.0,0.21576909234620423,1.0,1.0,1.0,SARG_POLICY,R003,0.45375348668315996,0.5,0.45,0.0,phase=P4;diet_like=3,P4,C10,edf7f7cf4b714492,"[""R003"", ""R006"", ""R007""]",0.10319713213443989,center_band,maintain_efficiency,SARG:P4:simulator_reference:risk_heat=False:risk_cold=False:diet=3
726,726,2026-05-17 19:38:49,5.0,24.0,0.21578977200898175,1.0,1.0,1.0,SARG_POLICY,R003,0.4537576640306923,0.5,0.45,0.0,phase=P4;diet_like=3,P4,C10,b579c81b76d5adab,"[""R003"", ""R006"", ""R007""]",0.10319708632904986,center_band,maintain_efficiency,SARG:P4:simulator_reference:risk_heat=False:risk_cold=False:diet=3
727,727,2026-05-17 19:38:50,5.0,24.0,0.21581035669154292,1.0,1.0,1.0,SARG_POLICY,R003,0.4537618205327471,0.5,0.45,0.0,phase=P4;diet_like=3,P4,C10,297ed8d1c61c4369,"[""R003"", ""R006"", ""R007""]",0.10319704416358047,center_band,maintain_efficiency,SARG:P4:simulator_reference:risk_heat=False:risk_cold=False:diet=3
728,728,2026-05-17 19:38:50,5.0,24.0,0.21583084702300548,1.0,1.0,1.0,SARG_POLICY,R003,0.453765956312457,0.5,0.45,0.0,phase=P4;diet_like=3,P4,C02,029f415eb5deb95a,"[""R003"", ""R006"", ""R007""]",0.10319700557611824,center_band,maintain_efficiency,SARG:P4:simulator_reference:risk_heat=False:risk_cold=False:diet=3
729,729,2026-05-17 19:38:50,5.0,24.0,0.21585124362705305,1.0,1.0,1.0,SARG_POLICY,R003,0.45377007149146764,0.5,0.45,0.0,phase=P4;diet_like=3,P4,C10,265a353737775f74,"[""R003"", ""R006"", ""R007""]",0.10319697050543701,center_band,maintain_efficiency,SARG:P4:simulator_reference:risk_heat=False:risk_cold=False:diet=3
730,730,2026-05-17 19:38:50,5.0,24.0,0.2158715471219917,1.0,1.0,1.0,SARG_POLICY,R003,0.45377416619134237,0.5,0.45,0.0,phase=P4;diet_like=3,P4,C02,e9cae256ff5f0f02,"[""R003"", ""R006"", ""R007""]",0.10319693889123087,center_band,maintain_efficiency,SARG:P4:simulator_reference:risk_heat=False:risk_cold=False:diet=3
731,731,2026-05-17 19:38:50,5.0,24.0,0.21589175812080624,1.0,1.0,1.0,SARG_POLICY,R003,0.4537782405315823,0.5,0.45,0.0,phase=P4;diet_like=3,P4,C02,8bbc1aec6bb12f9f,"[""R003"", ""R006"", ""R007""]",0.10319691067376752,center_band,maintain_efficiency,SARG:P4:simulator_reference:risk_heat=False:risk_cold=False:diet=3
732,732,2026-05-17 19:38:50,5.0,24.0,0.21591187723120775,1.0,1.0,1.0,SARG_POLICY,R003,0.4537822946321319,0.5,0.45,0.0,phase=P4;diet_like=3,P4,C10,625f0687ef5b5c90,"[""R003"", ""R006"", ""R007""]",0.10319688579429273,center_band,maintain_efficiency,SARG:P4:simulator_reference:risk_heat=False:risk_cold=False:diet=3
733,733,2026-05-17 19:38:50,5.0,24.0,0.21593190505569193,1.0,1.0,1.0,SARG_POLICY,R003,0.45378632861107016,0.5,0.45,0.0,phase=P4;diet_like=3,P4,C10,6f7a9c4c28a292c0,"[""R003"", ""R006"", ""R007""]",0.10319686419464338,center_band,maintain_efficiency,SARG:P4:simulator_reference:risk_heat=False:risk_cold=False:diet=3
734,734,2026-05-17 19:38:50,5.0,24.0,0.21595184219158864,1.0,1.0,1.0,SARG_POLICY,R003,0.4537903425864139,0.5,0.45,0.0,phase=P4;diet_like=3,P4,C02,b69f44b1276bf8c2,"[""R003"", ""R006"", ""R007""]",0.10319684581752817,center_band,maintain_efficiency,SARG:P4:simulator_reference:risk_heat=False:risk_cold=False:diet=3
735,735,2026-05-17 19:38:50,5.0,24.0,0.21596917442093622,1.0,1.0,1.0,SARG_POLICY,R003,0.45379465556393506,0.5,0.45,0.0,phase=P4;diet_like=3,P4,C02,d28d369af433a167,"[""R003"", ""R006"", ""R007""]",0.1031968316050727,center_band,maintain_efficiency,SARG:P4:simulator_reference:risk_heat=False:risk_cold=False:diet=3
736,736,2026-05-17 19:38:50,5.0,24.0,0.2159911609718646,1.0,1.0,1.0,SARG_POLICY,R003,0.45379968150209754,0.5,0.45,0.0,phase=P4;diet_like=3,P4,C02,48d36242e031d1b7,"[""R003"", ""R006"", ""R007""]",0.10319709688734943,center_band,maintain_efficiency,SARG:P4:simulator_reference:risk_heat=False:risk_cold=False:diet=3
737,737,2026-05-17 19:38:50,5.0,24.0,0.21601083058541437,1.0,1.0,1.0,SARG_POLICY,R003,0.4538022566749852,0.5,0.45,0.0,phase=P4;diet_like=3,P4,C02,28edcc0250c0c69f,"[""R003"", ""R006"", ""R007""]",0.10319685948634802,center_band,maintain_efficiency,SARG:P4:simulator_reference:risk_heat=False:risk_cold=False:diet=3
738,738,2026-05-17 19:38:50,5.0,24.0,0.2160304118421661,1.0,1.0,1.0,SARG_POLICY,R003,0.4538061918631847,0.5,0.45,0.0,phase=P4;diet_like=3,P4,C02,8c1314d6cbfd20a2,"[""R003"", ""R006"", ""R007""]",0.10319685325146505,center_band,maintain_efficiency,SARG:P4:simulator_reference:risk_heat=False:risk_cold=False:diet=3
739,739,2026-05-17 19:38:50,5.0,24.0,0.21604990531445345,1.0,1.0,1.0,SARG_POLICY,R003,0.45381010762243024,0.5,0.45,0.0,phase=P4;diet_like=3,P4,C02,3f556af198c14b71,"[""R003"", ""R006"", ""R007""]",0.10319684996471785,center_band,maintain_efficiency,SARG:P4:simulator_reference:risk_heat=False:risk_cold=False:diet=3
740,740,2026-05-17 19:38:50,5.0,24.0,0.21606931156974485,1.0,1.0,1.0,SARG_POLICY,R003,0.45381400406585537,0.5,0.45,0.0,phase=P4;diet_like=3,P4,C10,5907a221934bf2f7,"[""R003"", ""R006"", ""R007""]",0.10319684957308942,center_band,maintain_efficiency,SARG:P4:simulator_reference:risk_heat=False:risk_cold=False:diet=3
741,741,2026-05-17 19:38:50,5.0,24.0,0.21608863117069504,1.0,1.0,1.0,SARG_POLICY,R003,0.4538178813051046,0.5,0.45,0.0,phase=P4;diet_like=3,P4,C10,0073733bc6ded5c0,"[""R003"", ""R006"", ""R007""]",0.10319685202413686,center_band,maintain_efficiency,SARG:P4:simulator_reference:risk_heat=False:risk_cold=False:diet=3
742,742,2026-05-17 19:38:50,5.0,24.0,0.21610786467519177,1.0,1.0,1.0,SARG_POLICY,R003,0.4538217394513634,0.5,0.45,0.0,phase=P4;diet_like=3,P4,C10,c6fd6c7de4898d13,"[""R003"", ""R006"", ""R007""]",0.10319685726614639,center_band,maintain_efficiency,SARG:P4:simulator_reference:risk_heat=False:risk_cold=False:diet=3
743,743,2026-05-17 19:38:50,5.0,24.0,0.21612701263639855,1.0,1.0,1.0,SARG_POLICY,R003,0.4538255786151164,0.5,0.45,0.0,phase=P4;diet_like=3,P4,C10,e7fe1a550a3f3380,"[""R003"", ""R006"", ""R007""]",0.10319686524808604,center_band,maintain_efficiency,SARG:P4:simulator_reference:risk_heat=False:risk_cold=False:diet=3
744,744,2026-05-17 19:38:50,5.0,24.0,0.21614607560281196,1.0,1.0,1.0,SARG_POLICY,R003,0.45382939890555196,0.5,0.45,0.0,phase=P4;diet_like=3,P4,C10,2016106efe0f5e8a,"[""R003"", ""R006"", ""R007""]",0.1031968759194982,center_band,maintain_efficiency,SARG:P4:simulator_reference:risk_heat=False:risk_cold=False:diet=3
745,745,2026-05-17 19:38:50,5.0,24.0,0.21616505411829628,1.0,1.0,1.0,SARG_POLICY,R003,0.4538332004320242,0.5,0.45,0.0,phase=P4;diet_like=3,P4,C10,97e72c08d2c7ca7f,"[""R003"", ""R006"", ""R007""]",0.10319688923073131,center_band,maintain_efficiency,SARG:P4:simulator_reference:risk_heat=False:risk_cold=False:diet=3
746,746,2026-05-17 19:38:50,5.0,24.0,0.2161839487221348,1.0,1.0,1.0,SARG_POLICY,R003,0.4538369833022503,0.5,0.45,0.0,phase=P4;diet_like=3,P4,C10,d9998b427086ac37,"[""R003"", ""R006"", ""R007""]",0.10319690513263344,center_band,maintain_efficiency,SARG:P4:simulator_reference:risk_heat=False:risk_cold=False:diet=3
747,747,2026-05-17 19:38:50,5.0,24.0,0.21620275994908045,1.0,1.0,1.0,SARG_POLICY,R003,0.45384074762334903,0.5,0.45,0.0,phase=P4;diet_like=3,P4,C02,6008e20736447d37,"[""R003"", ""R006"", ""R007""]",0.1031969235767155,center_band,maintain_efficiency,SARG:P4:simulator_reference:risk_heat=False:risk_cold=False:diet=3
748,748,2026-05-17 19:38:50,5.0,24.0,0.21622148832938654,1.0,1.0,1.0,SARG_POLICY,R003,0.4538444935023521,0.5,0.45,0.0,phase=P4;diet_like=3,P4,C02,c58a17e3081d2ee5,"[""R003"", ""R006"", ""R007""]",0.10319694451522526,center_band,maintain_efficiency,SARG:P4:simulator_reference:risk_heat=False:risk_cold=False:diet=3
749,749,2026-05-17 19:38:50,5.0,24.0,0.21624013438886464,1.0,1.0,1.0,SARG_POLICY,R003,0.45384822104467204,0.5,0.45,0.0,phase=P4;diet_like=3,P4,C02,ec84b2935d8be956,"[""R003"", ""R006"", ""R007""]",0.10319696790088836,center_band,maintain_efficiency,SARG:P4:simulator_reference:risk_heat=False:risk_cold=False:diet=3
750,750,2026-05-17 19:38:51,5.0,24.0,0.21313340831050254,1.0,1.0,1.0,SARG_POLICY,R003,0.45424782727686835,0.5,0.45,0.0,phase=P4;diet_like=3,P4,C02,42834666242060b8,"[""R003"", ""R006"", ""R007""]",0.10319707090417331,center_band,maintain_efficiency,SARG:P4:simulator_reference:risk_heat=False:risk_cold=False:diet=3
751,751,2026-05-17 19:38:51,5.0,24.0,0.21938942075876644,1.0,1.0,1.0,SARG_POLICY,R003,0.452897550952755,0.5,0.45,0.0,phase=P5;diet_like=3,P5,C02,d529e15e08f79853,"[""R003"", ""R006"", ""R007""]",0.10310548855815205,center_band,maintain_efficiency,SARG:P5:simulator_reference:risk_heat=False:risk_cold=False:diet=3
752,752,2026-05-17 19:38:51,5.0,24.0,0.2162953067893334,1.0,1.0,1.0,SARG_POLICY,R003,0.4544221287681924,0.5,0.45,0.0,phase=P5;diet_like=3,P5,C10,73bff83e8a025f6d,"[""R003"", ""R006"", ""R007""]",0.1032902361572327,center_band,maintain_efficiency,SARG:P5:simulator_reference:risk_heat=False:risk_cold=False:diet=3
753,753,2026-05-17 19:38:51,5.0,24.0,0.21631362965755907,1.0,1.0,1.0,SARG_POLICY,R003,0.4538629407971248,0.5,0.45,0.0,phase=P5;diet_like=3,P5,C10,fb3f5b041a958afe,"[""R003"", ""R006"", ""R007""]",0.10319713203730273,center_band,maintain_efficiency,SARG:P5:simulator_reference:risk_heat=False:risk_cold=False:diet=3
754,754,2026-05-17 19:38:51,5.0,24.0,0.21633187276272609,1.0,1.0,1.0,SARG_POLICY,R003,0.45386657827903715,0.5,0.45,0.0,phase=P5;diet_like=3,P5,C10,7b331290c9cf2ac3,"[""R003"", ""R006"", ""R007""]",0.10319716680541335,center_band,maintain_efficiency,SARG:P5:simulator_reference:risk_heat=False:risk_cold=False:diet=3
755,755,2026-05-17 19:38:51,5.0,24.0,0.21635003660491592,1.0,1.0,1.0,SARG_POLICY,R003,0.45387019804367407,0.5,0.45,0.0,phase=P5;diet_like=3,P5,C02,0667d136f3b6d70c,"[""R003"", ""R006"", ""R007""]",0.10319720375145847,center_band,maintain_efficiency,SARG:P5:simulator_reference:risk_heat=False:risk_cold=False:diet=3
756,756,2026-05-17 19:38:51,5.0,24.0,0.2163681216800577,1.0,1.0,1.0,SARG_POLICY,R003,0.4538738001911165,0.5,0.45,0.0,phase=P5;diet_like=3,P5,C02,9006055da893ec9d,"[""R003"", ""R006"", ""R007""]",0.1031972428322456,center_band,maintain_efficiency,SARG:P5:simulator_reference:risk_heat=False:risk_cold=False:diet=3
757,757,2026-05-17 19:38:51,5.0,24.0,0.21638612847997118,1.0,1.0,1.0,SARG_POLICY,R003,0.4538773848223228,0.5,0.45,0.0,phase=P5;diet_like=3,P5,C02,21c1e1792b4753bc,"[""R003"", ""R006"", ""R007""]",0.1031972840053976,center_band,maintain_efficiency,SARG:P5:simulator_reference:risk_heat=False:risk_cold=False:diet=3
758,758,2026-05-17 19:38:51,5.0,24.0,0.21640405749240488,1.0,1.0,1.0,SARG_POLICY,R003,0.4538809520360715,0.5,0.45,0.0,phase=P5;diet_like=3,P5,C10,19689ecb89e402b6,"[""R003"", ""R006"", ""R007""]",0.1031973272288571,center_band,maintain_efficiency,SARG:P5:simulator_reference:risk_heat=False:risk_cold=False:diet=3
759,759,2026-05-17 19:38:51,5.0,24.0,0.2164219092010745,1.0,1.0,1.0,SARG_POLICY,R003,0.45388450193118607,0.5,0.45,0.0,phase=P5;diet_like=3,P5,C02,a171d04135af9b0f,"[""R003"", ""R006"", ""R007""]",0.10319737246122918,center_band,maintain_efficiency,SARG:P5:simulator_reference:risk_heat=False:risk_cold=False:diet=3
760,760,2026-05-17 19:38:51,5.0,24.0,0.21643968408570452,1.0,1.0,1.0,SARG_POLICY,R003,0.4538880346061661,0.5,0.45,0.0,phase=P5;diet_like=3,P5,C02,cf6985403926f7c2,"[""R003"", ""R006"", ""R007""]",0.1031974196617273,center_band,maintain_efficiency,SARG:P5:simulator_reference:risk_heat=False:risk_cold=False:diet=3
761,761,2026-05-17 19:38:51,5.0,24.0,0.2164573826220655,1.0,1.0,1.0,SARG_POLICY,R003,0.45389155015767557,0.5,0.45,0.0,phase=P5;diet_like=3,P5,C02,3d22c7b4a8f9ed66,"[""R003"", ""R006"", ""R007""]",0.10319746878990584,center_band,maintain_efficiency,SARG:P5:simulator_reference:risk_heat=False:risk_cold=False:diet=3
762,762,2026-05-17 19:38:51,5.0,24.0,0.21647500528201546,1.0,1.0,1.0,SARG_POLICY,R003,0.45389504868322517,0.5,0.45,0.0,phase=P5;diet_like=3,P5,C10,b81a349b3a3aa00e,"[""R003"", ""R006"", ""R007""]",0.10319751980610357,center_band,maintain_efficiency,SARG:P5:simulator_reference:risk_heat=False:risk_cold=False:diet=3
763,763,2026-05-17 19:38:51,5.0,24.0,0.21649255253352978,1.0,1.0,1.0,SARG_POLICY,R003,0.4538985302780855,0.5,0.45,0.0,phase=P5;diet_like=3,P5,C10,6ae548d8c389241c,"[""R003"", ""R006"", ""R007""]",0.103197572670917,center_band,maintain_efficiency,SARG:P5:simulator_reference:risk_heat=False:risk_cold=False:diet=3
764,764,2026-05-17 19:38:51,5.0,24.0,0.216510024840749,1.0,1.0,1.0,SARG_POLICY,R003,0.4539019950383094,0.5,0.45,0.0,phase=P5;diet_like=3,P5,C10,6edb44a8e3b18a0a,"[""R003"", ""R006"", ""R007""]",0.10319762734570452,center_band,maintain_efficiency,SARG:P5:simulator_reference:risk_heat=False:risk_cold=False:diet=3
765,765,2026-05-17 19:38:51,5.0,24.0,0.21339676292143578,1.0,1.0,1.0,SARG_POLICY,R003,0.45430201894099076,0.5,0.45,0.0,phase=P5;diet_like=3,P5,C10,632aca4af2cfe15c,"[""R003"", ""R006"", ""R007""]",0.10319775764140784,center_band,maintain_efficiency,SARG:P5:simulator_reference:risk_heat=False:risk_cold=False:diet=3
766,766,2026-05-17 19:38:51,5.0,24.0,0.21652849451304074,1.0,1.0,1.0,SARG_POLICY,R003,0.4533448871594124,0.5,0.45,0.0,phase=P5;diet_like=3,P5,C02,aac9353d7412463a,"[""R003"", ""R006"", ""R007""]",0.10310570315981621,center_band,maintain_efficiency,SARG:P5:simulator_reference:risk_heat=False:risk_cold=False:diet=3
767,767,2026-05-17 19:38:51,5.0,24.0,0.21654577864690322,1.0,1.0,1.0,SARG_POLICY,R003,0.45391117062120506,0.5,0.45,0.0,phase=P5;diet_like=3,P5,C02,6c80805356911c20,"[""R003"", ""R006"", ""R007""]",0.10319894064522717,center_band,maintain_efficiency,SARG:P5:simulator_reference:risk_heat=False:risk_cold=False:diet=3
768,768,2026-05-17 19:38:51,5.0,24.0,0.21969880549911108,1.0,1.0,1.0,SARG_POLICY,R003,0.453517343795151,0.5,0.45,0.0,phase=P5;diet_like=3,P5,C10,0bd3c6a40a2b9850,"[""R003"", ""R006"", ""R007""]",0.10319893028116775,center_band,maintain_efficiency,SARG:P5:simulator_reference:risk_heat=False:risk_cold=False:diet=3
769,769,2026-05-17 19:38:51,5.0,24.0,0.21659599576974659,1.0,1.0,1.0,SARG_POLICY,R003,0.45448454872059424,0.5,0.45,0.0,phase=P5;diet_like=3,P5,C02,67c21b4e060447c3,"[""R003"", ""R006"", ""R007""]",0.10329159533854707,center_band,maintain_efficiency,SARG:P5:simulator_reference:risk_heat=False:risk_cold=False:diet=3
770,770,2026-05-17 19:38:51,5.0,24.0,0.21661302881351285,1.0,1.0,1.0,SARG_POLICY,R003,0.45392242514407155,0.5,0.45,0.0,phase=P5;diet_like=3,P5,C10,9c438b435498baa4,"[""R003"", ""R006"", ""R007""]",0.10319803691100693,center_band,maintain_efficiency,SARG:P5:simulator_reference:risk_heat=False:risk_cold=False:diet=3
771,771,2026-05-17 19:38:51,5.0,24.0,0.21662999005201256,1.0,1.0,1.0,SARG_POLICY,R003,0.4539257747323429,0.5,0.45,0.0,phase=P5;diet_like=3,P5,C10,a68baf7e2f8b465c,"[""R003"", ""R006"", ""R007""]",0.1031981030631588,center_band,maintain_efficiency,SARG:P5:simulator_reference:risk_heat=False:risk_cold=False:diet=3
772,772,2026-05-17 19:38:51,5.0,24.0,0.21664687992001408,1.0,1.0,1.0,SARG_POLICY,R003,0.4539291082257295,0.5,0.45,0.0,phase=P5;diet_like=3,P5,C10,c9b6078ea174f7f2,"[""R003"", ""R006"", ""R007""]",0.10319817073436122,center_band,maintain_efficiency,SARG:P5:simulator_reference:risk_heat=False:risk_cold=False:diet=3
773,773,2026-05-17 19:38:52,5.0,24.0,0.2166636988487658,1.0,1.0,1.0,SARG_POLICY,R003,0.45393242571398373,0.5,0.45,0.0,phase=P5;diet_like=3,P5,C10,f05c4664b60a596a,"[""R003"", ""R006"", ""R007""]",0.1031982398902436,center_band,maintain_efficiency,SARG:P5:simulator_reference:risk_heat=False:risk_cold=False:diet=3
774,774,2026-05-17 19:38:52,5.0,24.0,0.2166804472660277,1.0,1.0,1.0,SARG_POLICY,R003,0.4539357272862859,0.5,0.45,0.0,phase=P5;diet_like=3,P5,C02,29884a236f7ad6f6,"[""R003"", ""R006"", ""R007""]",0.10319831049690467,center_band,maintain_efficiency,SARG:P5:simulator_reference:risk_heat=False:risk_cold=False:diet=3
775,775,2026-05-17 19:38:52,5.0,24.0,0.2166971255961077,1.0,1.0,1.0,SARG_POLICY,R003,0.45393901303107387,0.5,0.45,0.0,phase=P5;diet_like=3,P5,C10,76d8ee754f570af0,"[""R003"", ""R006"", ""R007""]",0.10319838252086519,center_band,maintain_efficiency,SARG:P5:simulator_reference:risk_heat=False:risk_cold=False:diet=3
776,776,2026-05-17 19:38:52,5.0,24.0,0.21671373425989365,1.0,1.0,1.0,SARG_POLICY,R003,0.4539422830365465,0.5,0.45,0.0,phase=P5;diet_like=3,P5,C10,f963bab6b088e5bc,"[""R003"", ""R006"", ""R007""]",0.10319845592916321,center_band,maintain_efficiency,SARG:P5:simulator_reference:risk_heat=False:risk_cold=False:diet=3
777,777,2026-05-17 19:38:52,5.0,24.0,0.2167302736748834,1.0,1.0,1.0,SARG_POLICY,R003,0.4539455373897744,0.5,0.45,0.0,phase=P5;diet_like=3,P5,C10,36ce2986b3f19a22,"[""R003"", ""R006"", ""R007""]",0.10319853068917981,center_band,maintain_efficiency,SARG:P5:simulator_reference:risk_heat=False:risk_cold=False:diet=3
778,778,2026-05-17 19:38:52,5.0,24.0,0.2167467442552205,1.0,1.0,1.0,SARG_POLICY,R003,0.45394877617812757,0.5,0.45,0.0,phase=P5;diet_like=3,P5,C10,560299efd613303b,"[""R003"", ""R006"", ""R007""]",0.10319860676889189,center_band,maintain_efficiency,SARG:P5:simulator_reference:risk_heat=False:risk_cold=False:diet=3
779,779,2026-05-17 19:38:52,5.0,24.0,0.21676314641172267,1.0,1.0,1.0,SARG_POLICY,R003,0.45395199948738874,0.5,0.45,0.0,phase=P5;diet_like=3,P5,C10,a7aba6c970b31306,"[""R003"", ""R006"", ""R007""]",0.10319868413653363,center_band,maintain_efficiency,SARG:P5:simulator_reference:risk_heat=False:risk_cold=False:diet=3
780,780,2026-05-17 19:38:52,5.0,24.0,0.21364361595781423,1.0,1.0,1.0,SARG_POLICY,R003,0.4543524485125091,0.5,0.45,0.0,phase=P5;diet_like=3,P5,C10,ad3cd32998daf010,"[""R003"", ""R006"", ""R007""]",0.1031988537070812,center_band,maintain_efficiency,SARG:P5:simulator_reference:risk_heat=False:risk_cold=False:diet=3
781,781,2026-05-17 19:38:52,5.0,24.0,0.2167801409372077,1.0,1.0,1.0,SARG_POLICY,R003,0.4533922335115113,0.5,0.45,0.0,phase=P5;diet_like=3,P5,C10,07fec6e177c7c320,"[""R003"", ""R006"", ""R007""]",0.1031063091148676,center_band,maintain_efficiency,SARG:P5:simulator_reference:risk_heat=False:risk_cold=False:diet=3
782,782,2026-05-17 19:38:52,5.0,24.0,0.2167963713766503,1.0,1.0,1.0,SARG_POLICY,R003,0.4539604887497909,0.5,0.45,0.0,phase=P5;diet_like=3,P5,C02,86086416f65b95b3,"[""R003"", ""R006"", ""R007""]",0.1031999745191135,center_band,maintain_efficiency,SARG:P5:simulator_reference:risk_heat=False:risk_cold=False:diet=3
783,783,2026-05-17 19:38:52,5.0,24.0,0.21681253484603524,1.0,1.0,1.0,SARG_POLICY,R003,0.45396365234250224,0.5,0.45,0.0,phase=P5;diet_like=3,P5,C10,127841ceb732129c,"[""R003"", ""R006"", ""R007""]",0.10320005233774993,center_band,maintain_efficiency,SARG:P5:simulator_reference:risk_heat=False:risk_cold=False:diet=3
784,784,2026-05-17 19:38:52,5.0,24.0,0.21996960689559253,1.0,1.0,1.0,SARG_POLICY,R003,0.4535689277393466,0.5,0.45,0.0,phase=P5;diet_like=3,P5,C02,adf0a0318b7e1277,"[""R003"", ""R006"", ""R007""]",0.10320008445929721,center_band,maintain_efficiency,SARG:P5:simulator_reference:risk_heat=False:risk_cold=False:diet=3
785,785,2026-05-17 19:38:52,5.0,24.0,0.21685986280601882,1.0,1.0,1.0,SARG_POLICY,R003,0.45453866695213496,0.5,0.45,0.0,phase=P5;diet_like=3,P5,C02,561dfdc2ac0116d4,"[""R003"", ""R006"", ""R007""]",0.1032932425335373,center_band,maintain_efficiency,SARG:P5:simulator_reference:risk_heat=False:risk_cold=False:diet=3
786,786,2026-05-17 19:38:52,5.0,24.0,0.21687579803334667,1.0,1.0,1.0,SARG_POLICY,R003,0.4539741254298924,0.5,0.45,0.0,phase=P5;diet_like=3,P5,C10,31138ae9492dab91,"[""R003"", ""R006"", ""R007""]",0.10319930269296927,center_band,maintain_efficiency,SARG:P5:simulator_reference:risk_heat=False:risk_cold=False:diet=3
787,787,2026-05-17 19:38:52,5.0,24.0,0.21689166800249832,1.0,1.0,1.0,SARG_POLICY,R003,0.4539772279949211,0.5,0.45,0.0,phase=P5;diet_like=3,P5,C10,0710a0dfde7e8111,"[""R003"", ""R006"", ""R007""]",0.10319938913924939,center_band,maintain_efficiency,SARG:P5:simulator_reference:risk_heat=False:risk_cold=False:diet=3
788,788,2026-05-17 19:38:52,5.0,24.0,0.2169074730957991,1.0,1.0,1.0,SARG_POLICY,R003,0.45398031583165493,0.5,0.45,0.0,phase=P5;diet_like=3,P5,C10,92c20ad0bb618bf2,"[""R003"", ""R006"", ""R007""]",0.1031994766080018,center_band,maintain_efficiency,SARG:P5:simulator_reference:risk_heat=False:risk_cold=False:diet=3
789,789,2026-05-17 19:38:52,5.0,24.0,0.21692321369254663,1.0,1.0,1.0,SARG_POLICY,R003,0.4539833890208941,0.5,0.45,0.0,phase=P5;diet_like=3,P5,C10,1417accd3d1b897b,"[""R003"", ""R006"", ""R007""]",0.1031995650715961,center_band,maintain_efficiency,SARG:P5:simulator_reference:risk_heat=False:risk_cold=False:diet=3
790,790,2026-05-17 19:38:52,5.0,24.0,0.21693889016904888,1.0,1.0,1.0,SARG_POLICY,R003,0.45398644764265955,0.5,0.45,0.0,phase=P5;diet_like=3,P5,C02,e288975dd2a73e15,"[""R003"", ""R006"", ""R007""]",0.10319965450274851,center_band,maintain_efficiency,SARG:P5:simulator_reference:risk_heat=False:risk_cold=False:diet=3
791,791,2026-05-17 19:38:52,5.0,24.0,0.21695450289863988,1.0,1.0,1.0,SARG_POLICY,R003,0.4539894917770198,0.5,0.45,0.0,phase=P5;diet_like=3,P5,C10,2f4eaef2bebf0894,"[""R003"", ""R006"", ""R007""]",0.10319974487463704,center_band,maintain_efficiency,SARG:P5:simulator_reference:risk_heat=False:risk_cold=False:diet=3
792,792,2026-05-17 19:38:52,5.0,24.0,0.21697005225172183,1.0,1.0,1.0,SARG_POLICY,R003,0.4539925215030007,0.5,0.45,0.0,phase=P5;diet_like=3,P5,C10,e8ea7d48832e4329,"[""R003"", ""R006"", ""R007""]",0.10319983616073039,center_band,maintain_efficiency,SARG:P5:simulator_reference:risk_heat=False:risk_cold=False:diet=3
793,793,2026-05-17 19:38:52,5.0,24.0,0.21698553859577846,1.0,1.0,1.0,SARG_POLICY,R003,0.45399553689912586,0.5,0.45,0.0,phase=P5;diet_like=3,P5,C10,32c78d57b3807557,"[""R003"", ""R006"", ""R007""]",0.10319992833485828,center_band,maintain_efficiency,SARG:P5:simulator_reference:risk_heat=False:risk_cold=False:diet=3
794,794,2026-05-17 19:38:52,5.0,24.0,0.21386141013186677,1.0,1.0,1.0,SARG_POLICY,R003,0.45439622173144156,0.5,0.45,0.0,phase=P5;diet_like=3,P5,C10,3c47af297e584564,"[""R003"", ""R006"", ""R007""]",0.1032000417497477,center_band,maintain_efficiency,SARG:P5:simulator_reference:risk_heat=False:risk_cold=False:diet=3
795,795,2026-05-17 19:38:52,5.0,24.0,0.21700129757393655,1.0,1.0,1.0,SARG_POLICY,R003,0.45343364648057716,0.5,0.45,0.0,phase=P5;diet_like=3,P5,C10,dac0d711ff193fba,"[""R003"", ""R006"", ""R007""]",0.10310718043616576,center_band,maintain_efficiency,SARG:P5:simulator_reference:risk_heat=False:risk_cold=False:diet=3
796,796,2026-05-17 19:38:52,5.0,24.0,0.21701662579408038,1.0,1.0,1.0,SARG_POLICY,R003,0.45400343684997807,0.5,0.45,0.0,phase=P5;diet_like=3,P5,C06,854a71025a97859f,"[""R003"", ""R006"", ""R007""]",0.10320118390333026,center_band,maintain_efficiency,SARG:P5:simulator_reference:risk_heat=False:risk_cold=False:diet=3
797,797,2026-05-17 19:38:53,5.0,24.0,0.21703189230410685,1.0,1.0,1.0,SARG_POLICY,R003,0.4540063969399316,0.5,0.45,0.0,phase=P5;diet_like=3,P5,C06,0be531f902de7364,"[""R003"", ""R006"", ""R007""]",0.10320127533454983,center_band,maintain_efficiency,SARG:P5:simulator_reference:risk_heat=False:risk_cold=False:diet=3
798,798,2026-05-17 19:38:53,5.0,24.0,0.2170470974582085,1.0,1.0,1.0,SARG_POLICY,R003,0.4540093430787247,0.5,0.45,0.0,phase=P5;diet_like=3,P5,C05,be1c219545fb2cde,"[""R003"", ""R006"", ""R007""]",0.10320136755020545,center_band,maintain_efficiency,SARG:P5:simulator_reference:risk_heat=False:risk_cold=False:diet=3
799,799,2026-05-17 19:38:53,5.0,24.0,0.21706224160782084,1.0,1.0,1.0,SARG_POLICY,R003,0.4540122753419782,0.5,0.45,0.0,phase=P5;diet_like=3,P5,C05,f1d945e5dff3ac6b,"[""R003"", ""R006"", ""R007""]",0.10320146052610508,center_band,maintain_efficiency,SARG:P5:simulator_reference:risk_heat=False:risk_cold=False:diet=3
800,800,2026-05-17 19:38:53,5.0,24.0,0.22022332438712527,1.0,1.0,1.0,SARG_POLICY,R003,0.45361668210731715,0.5,0.45,0.0,phase=P5;diet_like=3,P5,C05,118e08c4ef234e06,"[""R003"", ""R006"", ""R007""]",0.10320150112926524,center_band,maintain_efficiency,SARG:P5:simulator_reference:risk_heat=False:risk_cold=False:diet=3
801,801,2026-05-17 19:38:53,5.0,24.0,0.21710690687136475,1.0,1.0,1.0,SARG_POLICY,R003,0.45458887662814035,0.5,0.45,0.0,phase=P5;diet_like=3,P5,C10,629d84a0b68af992,"[""R003"", ""R006"", ""R007""]",0.10329514760400416,center_band,maintain_efficiency,SARG:P5:simulator_reference:risk_heat=False:risk_cold=False:diet=3
802,802,2026-05-17 19:38:53,5.0,24.0,0.21712184298616805,1.0,1.0,1.0,SARG_POLICY,R003,0.4540220306924922,0.5,0.45,0.0,phase=P5;diet_like=3,P5,C02,6f78645e0aa7a0b4,"[""R003"", ""R006"", ""R007""]",0.103200836674812,center_band,maintain_efficiency,SARG:P5:simulator_reference:risk_heat=False:risk_cold=False:diet=3
803,803,2026-05-17 19:38:53,5.0,24.0,0.2171367196078942,1.0,1.0,1.0,SARG_POLICY,R003,0.45402490705304055,0.5,0.45,0.0,phase=P5;diet_like=3,P5,C05,773958db07a5d883,"[""R003"", ""R006"", ""R007""]",0.10320093624399718,center_band,maintain_efficiency,SARG:P5:simulator_reference:risk_heat=False:risk_cold=False:diet=3
804,804,2026-05-17 19:38:53,5.0,24.0,0.21715153707377266,1.0,1.0,1.0,SARG_POLICY,R003,0.4540277699157823,0.5,0.45,0.0,phase=P5;diet_like=3,P5,C05,1fa21dd8e28701ba,"[""R003"", ""R006"", ""R007""]",0.10320103643753958,center_band,maintain_efficiency,SARG:P5:simulator_reference:risk_heat=False:risk_cold=False:diet=3
805,805,2026-05-17 19:38:53,5.0,24.0,0.21716629571842472,1.0,1.0,1.0,SARG_POLICY,R003,0.4540306193538421,0.5,0.45,0.0,phase=P5;diet_like=3,P5,C05,a06a05f4ae44739c,"[""R003"", ""R006"", ""R007""]",0.10320113723341459,center_band,maintain_efficiency,SARG:P5:simulator_reference:risk_heat=False:risk_cold=False:diet=3
806,806,2026-05-17 19:38:53,5.0,24.0,0.21718099587389444,1.0,1.0,1.0,SARG_POLICY,R003,0.4540334554392937,0.5,0.45,0.0,phase=P5;diet_like=3,P5,C05,f222ddb3faeb96b4,"[""R003"", ""R006"", ""R007""]",0.10320123860981431,center_band,maintain_efficiency,SARG:P5:simulator_reference:risk_heat=False:risk_cold=False:diet=3
807,807,2026-05-17 19:38:53,5.0,24.0,0.21719563786966828,1.0,1.0,1.0,SARG_POLICY,R003,0.4540362782442107,0.5,0.45,0.0,phase=P5;diet_like=3,P5,C02,4789476de1681bdb,"[""R003"", ""R006"", ""R007""]",0.10320134054531512,center_band,maintain_efficiency,SARG:P5:simulator_reference:risk_heat=False:risk_cold=False:diet=3
808,808,2026-05-17 19:38:53,5.0,24.0,0.21721022203270168,1.0,1.0,1.0,SARG_POLICY,R003,0.4540390878395685,0.5,0.45,0.0,phase=P5;diet_like=3,P5,C10,944b2d3214b92e87,"[""R003"", ""R006"", ""R007""]",0.10320144301869871,center_band,maintain_efficiency,SARG:P5:simulator_reference:risk_heat=False:risk_cold=False:diet=3
809,809,2026-05-17 19:38:53,5.0,24.0,0.2140802992489299,1.0,1.0,1.0,SARG_POLICY,R003,0.4544402058809387,0.5,0.45,0.0,phase=P5;diet_like=3,P5,C05,71027d290f803b54,"[""R003"", ""R006"", ""R007""]",0.10320161695381055,center_band,maintain_efficiency,SARG:P5:simulator_reference:risk_heat=False:risk_cold=False:diet=3
810,810,2026-05-17 19:38:53,5.0,24.0,0.2172247918736907,1.0,1.0,1.0,SARG_POLICY,R003,0.45347479336226154,0.5,0.45,0.0,phase=P5;diet_like=3,P5,C05,1a6359db787cadf2,"[""R003"", ""R006"", ""R007""]",0.10310826503189813,center_band,maintain_efficiency,SARG:P5:simulator_reference:risk_heat=False:risk_cold=False:diet=3
811,811,2026-05-17 19:38:53,5.0,24.0,0.2172392308356884,1.0,1.0,1.0,SARG_POLICY,R003,0.4540464063717639,0.5,0.45,0.0,phase=P5;diet_like=3,P5,C10,a95fba6cbaa08a1d,"[""R003"", ""R006"", ""R007""]",0.10320265019492794,center_band,maintain_efficiency,SARG:P5:simulator_reference:risk_heat=False:risk_cold=False:diet=3
812,812,2026-05-17 19:38:53,5.0,24.0,0.2172536131193864,1.0,1.0,1.0,SARG_POLICY,R003,0.4540491649627403,0.5,0.45,0.0,phase=P5;diet_like=3,P5,C05,db054042df9eeec9,"[""R003"", ""R006"", ""R007""]",0.1032027509187925,center_band,maintain_efficiency,SARG:P5:simulator_reference:risk_heat=False:risk_cold=False:diet=3
813,813,2026-05-17 19:38:53,5.0,24.0,0.2172679390401857,1.0,1.0,1.0,SARG_POLICY,R003,0.45405191068845724,0.5,0.45,0.0,phase=P5;diet_like=3,P5,C06,d4b2e869ada4a4fd,"[""R003"", ""R006"", ""R007""]",0.10320285209880273,center_band,maintain_efficiency,SARG:P5:simulator_reference:risk_heat=False:risk_cold=False:diet=3
814,814,2026-05-17 19:38:53,5.0,24.0,0.21728220891108463,1.0,1.0,1.0,SARG_POLICY,R003,0.45405464361731873,0.5,0.45,0.0,phase=P5;diet_like=3,P5,C06,4fb8ef9b1d82b6bf,"[""R003"", ""R006"", ""R007""]",0.10320295371537844,center_band,maintain_efficiency,SARG:P5:simulator_reference:risk_heat=False:risk_cold=False:diet=3
815,815,2026-05-17 19:38:53,5.0,24.0,0.14569098818112136,1.0,1.0,1.0,SARG_POLICY,R002,0.4216296313704538,0.5,0.15,0.0,phase=P5;diet_like=2,P5,C11,9dcdff85d24d5fc9,"[""R002"", ""R023"", ""R026""]",0.009170290739876429,center_band,maintain_efficiency,SARG:P5:simulator_reference:risk_heat=False:risk_cold=False:diet=2
816,816,2026-05-17 19:38:53,5.0,24.0,0.22170183786636816,1.0,1.0,1.0,SARG_POLICY,R002,0.40311888927219325,0.5,0.45,0.0,phase=P5;diet_like=2,P5,C06,c5e23659b4b64af9,"[""R002"", ""R023"", ""R026""]",0.009161219521804504,center_band,maintain_efficiency,SARG:P5:simulator_reference:risk_heat=False:risk_cold=False:diet=2
817,817,2026-05-17 19:38:53,5.0,24.0,0.21857412131374582,1.0,1.0,1.0,SARG_POLICY,R002,0.4040749607818423,0.5,0.45,0.0,phase=P5;diet_like=2,P5,C05,75ba02b0755fe1b4,"[""R002"", ""R023"", ""R026""]",0.008289217879849492,center_band,maintain_efficiency,SARG:P5:simulator_reference:risk_heat=False:risk_cold=False:diet=2
818,818,2026-05-17 19:38:53,5.0,24.0,0.21858587016307324,1.0,1.0,1.0,SARG_POLICY,R002,0.4035207207702419,0.5,0.45,0.0,phase=P5;diet_like=2,P5,C06,43a8d245a0209b89,"[""R002"", ""R023"", ""R026""]",0.009140052685786722,center_band,maintain_efficiency,SARG:P5:simulator_reference:risk_heat=False:risk_cold=False:diet=2
819,819,2026-05-17 19:38:53,5.0,24.0,0.21544815664477396,1.0,1.0,1.0,SARG_POLICY,R002,0.4039205976676218,0.5,0.45,0.0,phase=P5;diet_like=2,P5,C06,e1abbe756fe6ad3a,"[""R002"", ""R023"", ""R026""]",0.009130983482560579,center_band,maintain_efficiency,SARG:P5:simulator_reference:risk_heat=False:risk_cold=False:diet=2
820,820,2026-05-17 19:38:54,5.0,24.0,0.21859521088555722,1.0,1.0,1.0,SARG_POLICY,R002,0.40296840552650964,0.5,0.45,0.0,phase=P5;diet_like=2,P5,C06,5a62f048e47db88a,"[""R002"", ""R023"", ""R026""]",0.009982554274011443,center_band,maintain_efficiency,SARG:P5:simulator_reference:risk_heat=False:risk_cold=False:diet=2
821,821,2026-05-17 19:38:54,5.0,24.0,0.14573789907418466,1.0,1.0,1.0,SARG_POLICY,R002,0.42163938361208386,0.5,0.15,0.0,phase=P5;diet_like=2,P5,C11,2e0d30a0260c8dac,"[""R002"", ""R023"", ""R026""]",0.009116047089567115,center_band,maintain_efficiency,SARG:P5:simulator_reference:risk_heat=False:risk_cold=False:diet=2
822,822,2026-05-17 19:38:54,5.0,24.0,0.14574562759272192,1.0,1.0,1.0,SARG_POLICY,R002,0.42164097817667007,0.5,0.15,0.0,phase=P5;diet_like=2,P5,C11,718a8147fc8b2ddb,"[""R002"", ""R023"", ""R026""]",0.00910714643169464,center_band,maintain_efficiency,SARG:P5:simulator_reference:risk_heat=False:risk_cold=False:diet=2
823,823,2026-05-17 19:38:54,5.0,24.0,0.1457533263095232,1.0,1.0,1.0,SARG_POLICY,R002,0.4216425637172263,0.5,0.15,0.0,phase=P5;diet_like=2,P5,C07,72666dfba9c79456,"[""R002"", ""R023"", ""R026""]",0.009098286546184919,center_band,maintain_efficiency,SARG:P5:simulator_reference:risk_heat=False:risk_cold=False:diet=2
824,824,2026-05-17 19:38:54,5.0,24.0,0.21864149308034653,1.0,1.0,1.0,SARG_POLICY,R002,0.4035256507038813,0.5,0.45,0.0,phase=P5;diet_like=2,P5,C05,d312ad7450d7d8fa,"[""R002"", ""R023"", ""R026""]",0.009089467206204453,center_band,maintain_efficiency,SARG:P5:simulator_reference:risk_heat=False:risk_cold=False:diet=2
825,825,2026-05-17 19:38:54,5.0,24.0,0.14576863498593895,1.0,1.0,1.0,SARG_POLICY,R002,0.4216457079443566,0.5,0.15,0.0,phase=P5;diet_like=2,P5,C00,0e4bdd03347f4acf,"[""R002"", ""R023"", ""R026""]",0.009080688188494643,center_band,maintain_efficiency,SARG:P5:simulator_reference:risk_heat=False:risk_cold=False:diet=2
826,826,2026-05-17 19:38:54,5.0,24.0,0.21866436789980248,1.0,1.0,1.0,SARG_POLICY,R002,0.40352740466348974,0.5,0.45,0.0,phase=P5;diet_like=2,P5,C05,ab6560a5092c3712,"[""R002"", ""R023"", ""R026""]",0.009071949270700777,center_band,maintain_efficiency,SARG:P5:simulator_reference:risk_heat=False:risk_cold=False:diet=2
827,827,2026-05-17 19:38:54,5.0,24.0,0.21867573958106712,1.0,1.0,1.0,SARG_POLICY,R002,0.4035282723462267,0.5,0.45,0.0,phase=P5;diet_like=2,P5,C05,79bee07b0b8b5687,"[""R002"", ""R023"", ""R026""]",0.009063250231817945,center_band,maintain_efficiency,SARG:P5:simulator_reference:risk_heat=False:risk_cold=False:diet=2
828,828,2026-05-17 19:38:54,5.0,24.0,0.21868706775896352,1.0,1.0,1.0,SARG_POLICY,R002,0.4035291338823243,0.5,0.45,0.0,phase=P5;diet_like=2,P5,C08,4164661c91e682e7,"[""R002"", ""R023"", ""R026""]",0.00905459085232918,center_band,maintain_efficiency,SARG:P5:simulator_reference:risk_heat=False:risk_cold=False:diet=2
829,829,2026-05-17 19:38:54,5.0,24.0,0.2186983526679961,1.0,1.0,1.0,SARG_POLICY,R002,0.4035299893096311,0.5,0.45,0.0,phase=P5;diet_like=2,P5,C08,c89bf9cae36a8008,"[""R002"", ""R023"", ""R026""]",0.009045970914801384,center_band,maintain_efficiency,SARG:P5:simulator_reference:risk_heat=False:risk_cold=False:diet=2
830,830,2026-05-17 19:38:54,5.0,24.0,0.21871643938366658,1.0,1.0,1.0,SARG_POLICY,R002,0.4035296456860781,0.5,0.45,0.0,phase=P5;diet_like=2,P5,C08,09e671eb2a8ace09,"[""R002"", ""R023"", ""R026""]",0.009037913857825519,center_band,maintain_efficiency,SARG:P5:simulator_reference:risk_heat=False:risk_cold=False:diet=2
831,831,2026-05-17 19:38:54,5.0,24.0,0.2220313889911748,1.0,1.0,1.0,SARG_POLICY,R002,0.4031064948372875,0.5,0.45,0.0,phase=P5;diet_like=2,P5,C05,fed5272d3bc05eca,"[""R002"", ""R023"", ""R026""]",0.009038324153382252,center_band,maintain_efficiency,SARG:P5:simulator_reference:risk_heat=False:risk_cold=False:diet=2
832,832,2026-05-17 19:38:54,5.0,24.0,0.21904470289122907,1.0,1.0,1.0,SARG_POLICY,R002,0.40407040621657403,0.5,0.45,0.0,phase=P5;diet_like=2,P5,C05,bd3686c703de5083,"[""R002"", ""R023"", ""R026""]",0.008127241426036881,center_band,maintain_efficiency,SARG:P5:simulator_reference:risk_heat=False:risk_cold=False:diet=2
833,833,2026-05-17 19:38:54,5.0,24.0,0.21604799407075181,1.0,1.0,1.0,SARG_POLICY,R002,0.40391993599056447,0.5,0.45,0.0,phase=P5;diet_like=2,P5,C05,fb901997c94ff90e,"[""R002"", ""R023"", ""R026""]",0.008943701914267311,center_band,maintain_efficiency,SARG:P5:simulator_reference:risk_heat=False:risk_cold=False:diet=2
834,834,2026-05-17 19:38:54,5.0,24.0,0.219344454197604,1.0,1.0,1.0,SARG_POLICY,R002,0.4029715502157524,0.5,0.45,0.0,phase=P5;diet_like=2,P5,C06,95861740549b8bc6,"[""R002"", ""R023"", ""R026""]",0.009760872998906517,center_band,maintain_efficiency,SARG:P5:simulator_reference:risk_heat=False:risk_cold=False:diet=2
835,835,2026-05-17 19:38:54,5.0,24.0,0.1463336778258023,1.0,1.0,1.0,SARG_POLICY,R002,0.4217035493896337,0.5,0.15,0.0,phase=P5;diet_like=2,P5,C07,e4ce765a2d9365b2,"[""R002"", ""R023"", ""R026""]",0.008855367367613519,center_band,maintain_efficiency,SARG:P5:simulator_reference:risk_heat=False:risk_cold=False:diet=2
836,836,2026-05-17 19:38:54,5.0,24.0,0.14643746039675187,1.0,1.0,1.0,SARG_POLICY,R002,0.4217196450347216,0.5,0.15,0.0,phase=P5;diet_like=2,P5,C03,054232d75d052c52,"[""R002"", ""R023"", ""R026""]",0.008809956945753898,center_band,maintain_efficiency,SARG:P5:simulator_reference:risk_heat=False:risk_cold=False:diet=2
837,837,2026-05-17 19:38:54,5.0,24.0,0.14654098435873186,1.0,1.0,1.0,SARG_POLICY,R002,0.42173571274882377,0.5,0.15,0.0,phase=P5;diet_like=2,P5,C00,33321b29898395ca,"[""R002"", ""R023"", ""R026""]",0.008764675054631901,center_band,maintain_efficiency,SARG:P5:simulator_reference:risk_heat=False:risk_cold=False:diet=2
838,838,2026-05-17 19:38:54,5.0,24.0,0.146644250226741,1.0,1.0,1.0,SARG_POLICY,R002,0.4217517526438327,0.5,0.15,0.0,phase=P5;diet_like=2,P5,C00,17ea7e08e2e37c8c,"[""R002"", ""R023"", ""R026""]",0.008719521093760117,center_band,maintain_efficiency,SARG:P5:simulator_reference:risk_heat=False:risk_cold=False:diet=2
839,839,2026-05-17 19:38:54,5.0,24.0,0.22012088777490146,1.0,1.0,1.0,SARG_POLICY,R002,0.4035605115634694,0.5,0.45,0.0,phase=P5;diet_like=2,P5,C05,04ef8899bafe2d3b,"[""R002"", ""R023"", ""R026""]",0.008674494467738414,center_band,maintain_efficiency,SARG:P5:simulator_reference:risk_heat=False:risk_cold=False:diet=2
840,840,2026-05-17 19:38:54,5.0,24.0,0.14685000974492923,1.0,1.0,1.0,SARG_POLICY,R002,0.4217837494162235,0.5,0.15,0.0,phase=P5;diet_like=2,P5,C00,9e83f10e87508d9e,"[""R002"", ""R023"", ""R026""]",0.008629594585510943,center_band,maintain_efficiency,SARG:P5:simulator_reference:risk_heat=False:risk_cold=False:diet=2
841,841,2026-05-17 19:38:54,5.0,24.0,0.14695250442910768,1.0,1.0,1.0,SARG_POLICY,R002,0.4217997065106898,0.5,0.15,0.0,phase=P5;diet_like=2,P5,C11,2795efc5ed33634d,"[""R002"", ""R023"", ""R026""]",0.008584820859919205,center_band,maintain_efficiency,SARG:P5:simulator_reference:risk_heat=False:risk_cold=False:diet=2
842,842,2026-05-17 19:38:54,5.0,24.0,0.14705474308724953,1.0,1.0,1.0,SARG_POLICY,R002,0.42181563622061313,0.5,0.15,0.0,phase=P5;diet_like=2,P5,C11,8aed53d19deb2f6c,"[""R002"", ""R023"", ""R026""]",0.008540172707526245,center_band,maintain_efficiency,SARG:P5:simulator_reference:risk_heat=False:risk_cold=False:diet=2
843,843,2026-05-17 19:38:55,5.0,24.0,0.22073508935727,1.0,1.0,1.0,SARG_POLICY,R002,0.4035874332895104,0.5,0.45,0.0,phase=P5;diet_like=2,P5,C06,acde1f5590061c1e,"[""R002"", ""R023"", ""R026""]",0.008495649550877253,center_band,maintain_efficiency,SARG:P5:simulator_reference:risk_heat=False:risk_cold=False:diet=2
844,844,2026-05-17 19:38:55,5.0,24.0,0.1472584544013955,1.0,1.0,1.0,SARG_POLICY,R002,0.4218474139065797,0.5,0.15,0.0,phase=P5;diet_like=2,P5,C11,4d293b77e6f61909,"[""R002"", ""R023"", ""R026""]",0.008451250815025358,center_band,maintain_efficiency,SARG:P5:simulator_reference:risk_heat=False:risk_cold=False:diet=2
845,845,2026-05-17 19:38:55,5.0,24.0,0.14735992809704845,1.0,1.0,1.0,SARG_POLICY,R002,0.4218632620906303,0.5,0.15,0.0,phase=P5;diet_like=2,P5,C03,018729b27f13966a,"[""R002"", ""R023"", ""R026""]",0.008406975930159427,center_band,maintain_efficiency,SARG:P5:simulator_reference:risk_heat=False:risk_cold=False:diet=2
846,846,2026-05-17 19:38:55,5.0,24.0,0.14957134928727756,1.0,1.0,1.0,SARG_POLICY,R002,0.42166804851896167,0.5,0.15,0.0,phase=P5;diet_like=2,P5,C11,f2ef96e53a24d4e2,"[""R002"", ""R023"", ""R026""]",0.008362847850913319,center_band,maintain_efficiency,SARG:P5:simulator_reference:risk_heat=False:risk_cold=False:diet=2
847,847,2026-05-17 19:38:55,5.0,24.0,0.14757070359212632,1.0,1.0,1.0,SARG_POLICY,R002,0.42245496887449313,0.5,0.15,0.0,phase=P5;diet_like=2,P5,C11,aea7d14f496d0518,"[""R002"", ""R023"", ""R026""]",0.007450441027837025,center_band,maintain_efficiency,SARG:P5:simulator_reference:risk_heat=False:risk_cold=False:diet=2
848,848,2026-05-17 19:38:55,5.0,24.0,0.14556332635239644,1.0,1.0,1.0,SARG_POLICY,R002,0.42212274997501564,0.5,0.15,0.0,phase=P5;diet_like=2,P5,C11,258f385b75937014,"[""R002"", ""R023"", ""R026""]",0.008272070834090386,center_band,maintain_efficiency,SARG:P5:simulator_reference:risk_heat=False:risk_cold=False:diet=2
849,849,2026-05-17 19:38:55,5.0,24.0,0.14776319372359958,1.0,1.0,1.0,SARG_POLICY,R002,0.42136886176325383,0.5,0.15,0.0,phase=P5;diet_like=2,P5,C11,ea00e7eb3c575dde,"[""R002"", ""R023"", ""R026""]",0.009094687179280152,center_band,maintain_efficiency,SARG:P5:simulator_reference:risk_heat=False:risk_cold=False:diet=2
850,850,2026-05-17 19:38:55,5.0,24.0,0.14786340150310862,1.0,1.0,1.0,SARG_POLICY,R002,0.4219420913785011,0.5,0.15,0.0,phase=P5;diet_like=2,P5,C11,b98cd483b5f08356,"[""R002"", ""R023"", ""R026""]",0.008187467645696462,center_band,maintain_efficiency,SARG:P5:simulator_reference:risk_heat=False:risk_cold=False:diet=2
851,851,2026-05-17 19:38:55,5.0,24.0,0.1479633579570646,1.0,1.0,1.0,SARG_POLICY,R002,0.4219577789641671,0.5,0.15,0.0,phase=P5;diet_like=2,P5,C11,4aed9923cdf73aef,"[""R002"", ""R023"", ""R026""]",0.008143924705955168,center_band,maintain_efficiency,SARG:P5:simulator_reference:risk_heat=False:risk_cold=False:diet=2
852,852,2026-05-17 19:38:55,5.0,24.0,0.14805644318765598,1.0,1.0,1.0,SARG_POLICY,R002,0.421974550008671,0.5,0.15,0.0,phase=P5;diet_like=2,P5,C03,876e7fa88500b5cf,"[""R002"", ""R023"", ""R026""]",0.00809978243806199,center_band,maintain_efficiency,SARG:P5:simulator_reference:risk_heat=False:risk_cold=False:diet=2
853,853,2026-05-17 19:38:55,5.0,24.0,0.14805845249274585,1.0,1.0,1.0,SARG_POLICY,R002,0.4220043872240253,0.5,0.15,0.0,phase=P5;diet_like=2,P5,C03,eb007a2c4e09de6d,"[""R002"", ""R023"", ""R026""]",0.008049195129361178,center_band,maintain_efficiency,SARG:P5:simulator_reference:risk_heat=False:risk_cold=False:diet=2
854,854,2026-05-17 19:38:55,5.0,24.0,0.14806045920428768,1.0,1.0,1.0,SARG_POLICY,R002,0.4220050493888251,0.5,0.15,0.0,phase=P5;diet_like=2,P5,C03,42247488ae5e56b3,"[""R002"", ""R023"", ""R026""]",0.00804381478788134,center_band,maintain_efficiency,SARG:P5:simulator_reference:risk_heat=False:risk_cold=False:diet=2
855,855,2026-05-17 19:38:55,5.0,24.0,0.14806246331777184,1.0,1.0,1.0,SARG_POLICY,R002,0.42200570707587776,0.5,0.15,0.0,phase=P5;diet_like=2,P5,C03,5e1e6f44c8bc6ad7,"[""R002"", ""R023"", ""R026""]",0.008038457818621884,center_band,maintain_efficiency,SARG:P5:simulator_reference:risk_heat=False:risk_cold=False:diet=2
856,856,2026-05-17 19:38:55,5.0,24.0,0.14806446482869207,1.0,1.0,1.0,SARG_POLICY,R002,0.4220063603100245,0.5,0.15,0.0,phase=P5;diet_like=2,P5,C00,ce8abbb94dc363f6,"[""R002"", ""R023"", ""R026""]",0.008033124106317983,center_band,maintain_efficiency,SARG:P5:simulator_reference:risk_heat=False:risk_cold=False:diet=2
857,857,2026-05-17 19:38:55,5.0,24.0,0.14806646373254873,1.0,1.0,1.0,SARG_POLICY,R002,0.42200700911725775,0.5,0.15,0.0,phase=P5;diet_like=2,P5,C11,f18704709e4cb4a2,"[""R002"", ""R023"", ""R026""]",0.008027813534387522,center_band,maintain_efficiency,SARG:P5:simulator_reference:risk_heat=False:risk_cold=False:diet=2
858,858,2026-05-17 19:38:55,5.0,24.0,0.14806846002485008,1.0,1.0,1.0,SARG_POLICY,R002,0.42200765352126807,0.5,0.15,0.0,phase=P5;diet_like=2,P5,C11,4a393dd470c804cf,"[""R002"", ""R023"", ""R026""]",0.008022525990276563,center_band,maintain_efficiency,SARG:P5:simulator_reference:risk_heat=False:risk_cold=False:diet=2
859,859,2026-05-17 19:38:55,5.0,24.0,0.14807045370111205,1.0,1.0,1.0,SARG_POLICY,R002,0.42200829354790564,0.5,0.15,0.0,phase=P5;diet_like=2,P5,C11,59eda853c4d9f3cc,"[""R002"", ""R023"", ""R026""]",0.008017261358545138,center_band,maintain_efficiency,SARG:P5:simulator_reference:risk_heat=False:risk_cold=False:diet=2
860,860,2026-05-17 19:38:55,5.0,24.0,0.14807244475685977,1.0,1.0,1.0,SARG_POLICY,R002,0.4220089292214107,0.5,0.15,0.0,phase=P5;diet_like=2,P5,C00,75207748f8415b36,"[""R002"", ""R023"", ""R026""]",0.008012019526702007,center_band,maintain_efficiency,SARG:P5:simulator_reference:risk_heat=False:risk_cold=False:diet=2
861,861,2026-05-17 19:38:55,5.0,24.0,0.15018790160286544,1.0,1.0,1.0,SARG_POLICY,R002,0.42179820277566804,0.5,0.15,0.0,phase=P5;diet_like=2,P5,C11,f2dacfe1b2cea83e,"[""R002"", ""R023"", ""R026""]",0.008006817969816926,center_band,maintain_efficiency,SARG:P5:simulator_reference:risk_heat=False:risk_cold=False:diet=2
862,862,2026-05-17 19:38:55,5.0,24.0,0.14597420746259337,1.0,1.0,1.0,SARG_POLICY,R002,0.4227829227116622,0.5,0.15,0.0,phase=P5;diet_like=2,P5,C11,f31e29c503cf0fa4,"[""R002"", ""R023"", ""R026""]",0.007130798884194687,center_band,maintain_efficiency,SARG:P5:simulator_reference:risk_heat=False:risk_cold=False:diet=2
863,863,2026-05-17 19:38:55,5.0,24.0,0.1480783046359323,1.0,1.0,1.0,SARG_POLICY,R002,0.4214519289416991,0.5,0.15,0.0,phase=P5;diet_like=2,P5,C03,3f25889ca61f00a4,"[""R002"", ""R023"", ""R026""]",0.008862115923083122,center_band,maintain_efficiency,SARG:P5:simulator_reference:risk_heat=False:risk_cold=False:diet=2
864,864,2026-05-17 19:38:55,5.0,24.0,0.14808028537286955,1.0,1.0,1.0,SARG_POLICY,R002,0.4220114190378117,0.5,0.15,0.0,phase=P5;diet_like=2,P5,C03,b18bbd184d4d6fb8,"[""R002"", ""R023"", ""R026""]",0.00799130431772279,center_band,maintain_efficiency,SARG:P5:simulator_reference:risk_heat=False:risk_cold=False:diet=2
865,865,2026-05-17 19:38:55,5.0,24.0,0.14808226346606124,1.0,1.0,1.0,SARG_POLICY,R002,0.42201203333271925,0.5,0.15,0.0,phase=P5;diet_like=2,P5,C07,e7e4cbd2fdfbd5d0,"[""R002"", ""R023"", ""R026""]",0.007986174693973036,center_band,maintain_efficiency,SARG:P5:simulator_reference:risk_heat=False:risk_cold=False:diet=2
866,866,2026-05-17 19:38:56,5.0,24.0,0.14808423891111133,1.0,1.0,1.0,SARG_POLICY,R002,0.4220126434198991,0.5,0.15,0.0,phase=P5;diet_like=2,P5,C00,d6f4f4e72d3c8a7b,"[""R002"", ""R023"", ""R026""]",0.007981067205089867,center_band,maintain_efficiency,SARG:P5:simulator_reference:risk_heat=False:risk_cold=False:diet=2
867,867,2026-05-17 19:38:56,5.0,24.0,0.14808621170363845,1.0,1.0,1.0,SARG_POLICY,R002,0.422013249323127,0.5,0.15,0.0,phase=P5;diet_like=2,P5,C00,3269a780f89d6aa1,"[""R002"", ""R023"", ""R026""]",0.007975981742389837,center_band,maintain_efficiency,SARG:P5:simulator_reference:risk_heat=False:risk_cold=False:diet=2
868,868,2026-05-17 19:38:56,5.0,24.0,0.14808818183927508,1.0,1.0,1.0,SARG_POLICY,R002,0.4220138510665748,0.5,0.15,0.0,phase=P5;diet_like=2,P5,C11,d3fe38ad8e2b67cb,"[""R002"", ""R023"", ""R026""]",0.007970918197005919,center_band,maintain_efficiency,SARG:P5:simulator_reference:risk_heat=False:risk_cold=False:diet=2
869,869,2026-05-17 19:38:56,5.0,24.0,0.14809014931367026,1.0,1.0,1.0,SARG_POLICY,R002,0.4220144486732772,0.5,0.15,0.0,phase=P5;diet_like=2,P5,C07,a7a288a82d364922,"[""R002"", ""R023"", ""R026""]",0.007965876462256754,center_band,maintain_efficiency,SARG:P5:simulator_reference:risk_heat=False:risk_cold=False:diet=2
870,870,2026-05-17 19:38:56,5.0,24.0,0.14809211412249002,1.0,1.0,1.0,SARG_POLICY,R002,0.42201504216713615,0.5,0.15,0.0,phase=P5;diet_like=2,P5,C03,113b6239b83b8aa8,"[""R002"", ""R023"", ""R026""]",0.007960856430539967,center_band,maintain_efficiency,SARG:P5:simulator_reference:risk_heat=False:risk_cold=False:diet=2
871,871,2026-05-17 19:38:56,5.0,24.0,0.22214111439212753,1.0,1.0,1.0,SARG_POLICY,R002,0.40368716470786525,0.5,0.45,0.0,phase=P5;diet_like=2,P5,C08,3434e895c0305939,"[""R002"", ""R023"", ""R026""]",0.007955857995694978,center_band,maintain_efficiency,SARG:P5:simulator_reference:risk_heat=False:risk_cold=False:diet=2
872,872,2026-05-17 19:38:56,5.0,24.0,0.22214405358923522,1.0,1.0,1.0,SARG_POLICY,R002,0.4036875736934936,0.5,0.45,0.0,phase=P5;diet_like=2,P5,C08,bf4f2186d7ab88e6,"[""R002"", ""R023"", ""R026""]",0.00795088105265998,center_band,maintain_efficiency,SARG:P5:simulator_reference:risk_heat=False:risk_cold=False:diet=2
873,873,2026-05-17 19:38:56,5.0,24.0,0.22214698876863875,1.0,1.0,1.0,SARG_POLICY,R002,0.40368797887729474,0.5,0.45,0.0,phase=P5;diet_like=2,P5,C08,3a1ff92b0a8b225f,"[""R002"", ""R023"", ""R026""]",0.007945925495062987,center_band,maintain_efficiency,SARG:P5:simulator_reference:risk_heat=False:risk_cold=False:diet=2
874,874,2026-05-17 19:38:56,5.0,24.0,0.14809994661596504,1.0,1.0,1.0,SARG_POLICY,R002,0.4220173754770019,0.5,0.15,0.0,phase=P5;diet_like=2,P5,C03,f1c0fe154e59af34,"[""R002"", ""R023"", ""R026""]",0.007940991220038518,center_band,maintain_efficiency,SARG:P5:simulator_reference:risk_heat=False:risk_cold=False:diet=2
875,875,2026-05-17 19:38:56,5.0,24.0,0.14810189803253437,1.0,1.0,1.0,SARG_POLICY,R002,0.42201794875353466,0.5,0.15,0.0,phase=P5;diet_like=2,P5,C03,badf8b3611ecfa1b,"[""R002"", ""R023"", ""R026""]",0.007936078122017671,center_band,maintain_efficiency,SARG:P5:simulator_reference:risk_heat=False:risk_cold=False:diet=2
876,876,2026-05-17 19:38:56,5.0,24.0,0.1502191329682826,1.0,1.0,1.0,SARG_POLICY,R002,0.421806985583645,0.5,0.15,0.0,phase=P5;diet_like=2,P5,C11,afe04927996deaee,"[""R002"", ""R023"", ""R026""]",0.007931192283528787,center_band,maintain_efficiency,SARG:P5:simulator_reference:risk_heat=False:risk_cold=False:diet=2
877,877,2026-05-17 19:38:56,5.0,24.0,0.14600118779967186,1.0,1.0,1.0,SARG_POLICY,R002,0.4227932211179727,0.5,0.15,0.0,phase=P5;diet_like=2,P5,C11,a548c647cc553c86,"[""R002"", ""R023"", ""R026""]",0.007053685589110638,center_band,maintain_efficiency,SARG:P5:simulator_reference:risk_heat=False:risk_cold=False:diet=2
878,878,2026-05-17 19:38:56,5.0,24.0,0.14810764429480627,1.0,1.0,1.0,SARG_POLICY,R002,0.42145943287653764,0.5,0.15,0.0,phase=P5;diet_like=2,P5,C11,8830008aca5d1b3a,"[""R002"", ""R023"", ""R026""]",0.008789211556910786,center_band,maintain_efficiency,SARG:P5:simulator_reference:risk_heat=False:risk_cold=False:diet=2
879,879,2026-05-17 19:38:56,5.0,24.0,0.1481095851095534,1.0,1.0,1.0,SARG_POLICY,R002,0.422020192865012,0.5,0.15,0.0,phase=P5;diet_like=2,P5,C11,3c6f88e49b2f6021,"[""R002"", ""R023"", ""R026""]",0.007916660477860741,center_band,maintain_efficiency,SARG:P5:simulator_reference:risk_heat=False:risk_cold=False:diet=2
880,880,2026-05-17 19:38:56,5.0,24.0,0.14811152321554932,1.0,1.0,1.0,SARG_POLICY,R002,0.4220207465101786,0.5,0.15,0.0,phase=P5;diet_like=2,P5,C00,ab6d25d871b8c4e6,"[""R002"", ""R023"", ""R026""]",0.007911851627631689,center_band,maintain_efficiency,SARG:P5:simulator_reference:risk_heat=False:risk_cold=False:diet=2
881,881,2026-05-17 19:38:56,5.0,24.0,0.14811345860869318,1.0,1.0,1.0,SARG_POLICY,R002,0.4220212962928128,0.5,0.15,0.0,phase=P5;diet_like=2,P5,C00,5fb712743ee2299e,"[""R002"", ""R023"", ""R026""]",0.007907063343729872,center_band,maintain_efficiency,SARG:P5:simulator_reference:risk_heat=False:risk_cold=False:diet=2
882,882,2026-05-17 19:38:56,5.0,24.0,0.14811539128490636,1.0,1.0,1.0,SARG_POLICY,R002,0.4220218422341574,0.5,0.15,0.0,phase=P5;diet_like=2,P5,C00,7acebc3b308629b5,"[""R002"", ""R023"", ""R026""]",0.007902295527489965,center_band,maintain_efficiency,SARG:P5:simulator_reference:risk_heat=False:risk_cold=False:diet=2
883,883,2026-05-17 19:38:56,5.0,24.0,0.1481173212401382,1.0,1.0,1.0,SARG_POLICY,R002,0.4220223843565342,0.5,0.15,0.0,phase=P5;diet_like=2,P5,C00,937d0778df370167,"[""R002"", ""R023"", ""R026""]",0.007897548078958563,center_band,maintain_efficiency,SARG:P5:simulator_reference:risk_heat=False:risk_cold=False:diet=2
884,884,2026-05-17 19:38:56,5.0,24.0,0.14811924847036118,1.0,1.0,1.0,SARG_POLICY,R002,0.4220229226816777,0.5,0.15,0.0,phase=P5;diet_like=2,P5,C00,45ab33eb2a6cfa75,"[""R002"", ""R023"", ""R026""]",0.007892820899472021,center_band,maintain_efficiency,SARG:P5:simulator_reference:risk_heat=False:risk_cold=False:diet=2
885,885,2026-05-17 19:38:56,5.0,24.0,0.1481211729715718,1.0,1.0,1.0,SARG_POLICY,R002,0.42202345723123225,0.5,0.15,0.0,phase=P5;diet_like=2,P5,C00,94cd532dda6adacb,"[""R002"", ""R023"", ""R026""]",0.007888113890883033,center_band,maintain_efficiency,SARG:P5:simulator_reference:risk_heat=False:risk_cold=False:diet=2
886,886,2026-05-17 19:38:56,5.0,24.0,0.14812309473979512,1.0,1.0,1.0,SARG_POLICY,R002,0.4220239880269914,0.5,0.15,0.0,phase=P5;diet_like=2,P5,C03,ff5159195a253390,"[""R002"", ""R023"", ""R026""]",0.007883426955187353,center_band,maintain_efficiency,SARG:P5:simulator_reference:risk_heat=False:risk_cold=False:diet=2
887,887,2026-05-17 19:38:56,5.0,24.0,0.14812501377108256,1.0,1.0,1.0,SARG_POLICY,R002,0.42202451509005834,0.5,0.15,0.0,phase=P5;diet_like=2,P5,C11,192761214cc87dcd,"[""R002"", ""R023"", ""R026""]",0.007878759995821294,center_band,maintain_efficiency,SARG:P5:simulator_reference:risk_heat=False:risk_cold=False:diet=2
888,888,2026-05-17 19:38:56,7.0,25.0,0.14812693006151234,1.15,1.0,0.75,SARG_POLICY,R002,0.4095250384423584,0.5,0.15,0.85,phase=P5;diet_like=2,P5,C04,54411153855ee45c,"[""R002"", ""R023"", ""R026""]",0.007874112915316771,center_to_upper_band,maintain_efficiency,SARG:P5:simulator_reference:risk_heat=False:risk_cold=True:diet=2
889,889,2026-05-17 19:38:56,5.0,24.0,0.14812884360718903,1.0,1.0,1.0,SARG_POLICY,R002,0.4220255581041764,0.5,0.15,0.0,phase=P5;diet_like=2,P5,C03,812a3d30d656a797,"[""R002"", ""R023"", ""R026""]",0.007869485619112299,center_band,maintain_efficiency,SARG:P5:simulator_reference:risk_heat=False:risk_cold=False:diet=2
890,890,2026-05-17 19:38:57,5.0,24.0,0.14813075440424628,1.0,1.0,1.0,SARG_POLICY,R002,0.42202607409763065,0.5,0.15,0.0,phase=P5;diet_like=2,P5,C11,52ac9c7fda445c76,"[""R002"", ""R023"", ""R026""]",0.007864878010170323,center_band,maintain_efficiency,SARG:P5:simulator_reference:risk_heat=False:risk_cold=False:diet=2
891,891,2026-05-17 19:38:57,5.0,24.0,0.14813266244884593,1.0,1.0,1.0,SARG_POLICY,R002,0.42202658644327884,0.5,0.15,0.0,phase=P5;diet_like=2,P5,C00,cf88c433cc4f13f7,"[""R002"", ""R023"", ""R026""]",0.007860289994230253,center_band,maintain_efficiency,SARG:P5:simulator_reference:risk_heat=False:risk_cold=False:diet=2
892,892,2026-05-17 19:38:57,5.0,24.0,0.14813324057165256,1.0,1.0,1.0,SARG_POLICY,R002,0.42202723236061457,0.5,0.15,0.0,phase=P5;diet_like=2,P5,C00,eebf4a3b5dda3ad1,"[""R002"", ""R023"", ""R026""]",0.007855714277467674,center_band,maintain_efficiency,SARG:P5:simulator_reference:risk_heat=False:risk_cold=False:diet=2
893,893,2026-05-17 19:38:57,5.0,24.0,0.1481363724038367,1.0,1.0,1.0,SARG_POLICY,R002,0.4220281888613991,0.5,0.15,0.0,phase=P5;diet_like=2,P5,C11,6764b0c559882486,"[""R002"", ""R023"", ""R026""]",0.00785026936414876,center_band,maintain_efficiency,SARG:P5:simulator_reference:risk_heat=False:risk_cold=False:diet=2
894,894,2026-05-17 19:38:57,5.0,24.0,0.14813827235299526,1.0,1.0,1.0,SARG_POLICY,R002,0.42202809133682656,0.5,0.15,0.0,phase=P5;diet_like=2,P5,C00,e9d2d9bb7ff7bacb,"[""R002"", ""R023"", ""R026""]",0.00784666738820513,center_band,maintain_efficiency,SARG:P5:simulator_reference:risk_heat=False:risk_cold=False:diet=2
895,895,2026-05-17 19:38:57,5.0,24.0,0.14814016953376863,1.0,1.0,1.0,SARG_POLICY,R002,0.42202858931738235,0.5,0.15,0.0,phase=P5;diet_like=2,P5,C00,4516f27186dfb617,"[""R002"", ""R023"", ""R026""]",0.007842156705520145,center_band,maintain_efficiency,SARG:P5:simulator_reference:risk_heat=False:risk_cold=False:diet=2
896,896,2026-05-17 19:38:57,5.0,24.0,0.14814206394247054,1.0,1.0,1.0,SARG_POLICY,R002,0.4220290837533891,0.5,0.15,0.0,phase=P5;diet_like=2,P5,C07,3f8362e7c608969d,"[""R002"", ""R023"", ""R026""]",0.007837665149529632,center_band,maintain_efficiency,SARG:P5:simulator_reference:risk_heat=False:risk_cold=False:diet=2
897,897,2026-05-17 19:38:57,5.0,24.0,0.1481439555754479,1.0,1.0,1.0,SARG_POLICY,R002,0.4220295746658383,0.5,0.15,0.0,phase=P5;diet_like=2,P5,C03,2455546ca3f39dc6,"[""R002"", ""R023"", ""R026""]",0.007833192627408508,center_band,maintain_efficiency,SARG:P5:simulator_reference:risk_heat=False:risk_cold=False:diet=2
898,898,2026-05-17 19:38:57,5.0,24.0,0.1481458444290762,1.0,1.0,1.0,SARG_POLICY,R002,0.42203006207418037,0.5,0.15,0.0,phase=P5;diet_like=2,P5,C00,3e5c784056330063,"[""R002"", ""R023"", ""R026""]",0.007828739049059428,center_band,maintain_efficiency,SARG:P5:simulator_reference:risk_heat=False:risk_cold=False:diet=2
899,899,2026-05-17 19:38:57,5.0,24.0,0.14814773049976482,1.0,1.0,1.0,SARG_POLICY,R002,0.42203054599926665,0.5,0.15,0.0,phase=P5;diet_like=2,P5,C11,2d8d02e3e021494c,"[""R002"", ""R023"", ""R026""]",0.007824304322556541,center_band,maintain_efficiency,SARG:P5:simulator_reference:risk_heat=False:risk_cold=False:diet=2
900,900,2026-05-17 19:38:57,5.0,24.0,0.14814961378395186,1.0,1.0,1.0,SARG_POLICY,R002,0.4220310264610003,0.5,0.15,0.0,phase=P5;diet_like=2,P5,C00,feaf0a2cc502f913,"[""R002"", ""R023"", ""R026""]",0.007819888357780238,center_band,maintain_efficiency,SARG:P5:simulator_reference:risk_heat=False:risk_cold=False:diet=2
901,901,2026-05-17 19:38:57,5.0,24.0,0.1481514942781087,1.0,1.0,1.0,SARG_POLICY,R002,0.42203150347920104,0.5,0.15,0.0,phase=P5;diet_like=2,P5,C11,ee5ed59e7c1a2e37,"[""R002"", ""R023"", ""R026""]",0.007815491065075463,center_band,maintain_efficiency,SARG:P5:simulator_reference:risk_heat=False:risk_cold=False:diet=2
902,902,2026-05-17 19:38:57,5.0,24.0,0.1481533719787409,1.0,1.0,1.0,SARG_POLICY,R002,0.42203197707386025,0.5,0.15,0.0,phase=P5;diet_like=2,P5,C11,df301993d1d2b980,"[""R002"", ""R023"", ""R026""]",0.007811112354853003,center_band,maintain_efficiency,SARG:P5:simulator_reference:risk_heat=False:risk_cold=False:diet=2
903,903,2026-05-17 19:38:57,7.0,25.0,0.1481552468823839,1.15,1.0,0.75,SARG_POLICY,R002,0.40953244726453,0.5,0.15,0.85,phase=P5;diet_like=2,P5,C09,ff0357f612cb6705,"[""R002"", ""R023"", ""R026""]",0.007806752138535592,center_to_upper_band,maintain_efficiency,SARG:P5:simulator_reference:risk_heat=False:risk_cold=True:diet=2
904,904,2026-05-17 19:38:57,7.0,25.0,0.14815711898560702,1.15,1.0,0.75,SARG_POLICY,R002,0.40953291407127607,0.5,0.15,0.85,phase=P5;diet_like=2,P5,C01,3ae0ba9ae53b82b5,"[""R002"", ""R023"", ""R026""]",0.007802410327078253,center_to_upper_band,maintain_efficiency,SARG:P5:simulator_reference:risk_heat=False:risk_cold=True:diet=2
905,905,2026-05-17 19:38:57,7.0,25.0,0.1481589882850135,1.15,1.0,0.75,SARG_POLICY,R002,0.40953337751318686,0.5,0.15,0.85,phase=P5;diet_like=2,P5,C09,06acad0d0c85dc20,"[""R002"", ""R023"", ""R026""]",0.00779808683327469,center_to_upper_band,maintain_efficiency,SARG:P5:simulator_reference:risk_heat=False:risk_cold=True:diet=2
906,906,2026-05-17 19:38:57,5.0,24.0,0.1460454632269027,1.0,1.0,1.0,SARG_POLICY,R002,0.4222453788123564,0.5,0.15,0.0,phase=P5;diet_like=2,P5,C03,ed9a3d8c54564de7,"[""R002"", ""R023"", ""R026""]",0.00779377828067534,center_band,maintain_efficiency,SARG:P5:simulator_reference:risk_heat=False:risk_cold=False:diet=2
907,907,2026-05-17 19:38:57,5.0,24.0,0.15027421998721346,1.0,1.0,1.0,SARG_POLICY,R002,0.421258943372155,0.5,0.15,0.0,phase=P5;diet_like=2,P5,C00,122cd283daf29e7d,"[""R002"", ""R023"", ""R026""]",0.008662969063085113,center_band,maintain_efficiency,SARG:P5:simulator_reference:risk_heat=False:risk_cold=False:diet=2
908,908,2026-05-17 19:38:57,5.0,24.0,0.14816447495133223,1.0,1.0,1.0,SARG_POLICY,R002,0.42259874866099656,0.5,0.15,0.0,phase=P5;diet_like=2,P5,C00,27f67f494ab06f28,"[""R002"", ""R023"", ""R026""]",0.0069116268983705886,center_band,maintain_efficiency,SARG:P5:simulator_reference:risk_heat=False:risk_cold=False:diet=2
909,909,2026-05-17 19:38:57,5.0,24.0,0.14816633318415262,1.0,1.0,1.0,SARG_POLICY,R002,0.42203518643707516,0.5,0.15,0.0,phase=P5;diet_like=2,P5,C07,160574939fd940b1,"[""R002"", ""R023"", ""R026""]",0.007780999480037361,center_band,maintain_efficiency,SARG:P5:simulator_reference:risk_heat=False:risk_cold=False:diet=2
910,910,2026-05-17 19:38:57,5.0,24.0,0.14816818859584213,1.0,1.0,1.0,SARG_POLICY,R002,0.4220356333622777,0.5,0.15,0.0,phase=P5;diet_like=2,P5,C00,d6db0dbceb0a9362,"[""R002"", ""R023"", ""R026""]",0.007776766176646559,center_band,maintain_efficiency,SARG:P5:simulator_reference:risk_heat=False:risk_cold=False:diet=2
911,911,2026-05-17 19:38:57,5.0,24.0,0.14817004118321453,1.0,1.0,1.0,SARG_POLICY,R002,0.42203607703817436,0.5,0.15,0.0,phase=P5;diet_like=2,P5,C00,6f665b0e25c63962,"[""R002"", ""R023"", ""R026""]",0.007772550673210573,center_band,maintain_efficiency,SARG:P5:simulator_reference:risk_heat=False:risk_cold=False:diet=2
912,912,2026-05-17 19:38:57,5.0,24.0,0.14817189094311622,1.0,1.0,1.0,SARG_POLICY,R002,0.4220365174829938,0.5,0.15,0.0,phase=P5;diet_like=2,P5,C07,4a47d06109b2bd34,"[""R002"", ""R023"", ""R026""]",0.0077683528860676716,center_band,maintain_efficiency,SARG:P5:simulator_reference:risk_heat=False:risk_cold=False:diet=2
913,913,2026-05-17 19:38:58,5.0,24.0,0.1481737378724285,1.0,1.0,1.0,SARG_POLICY,R002,0.42203695471654606,0.5,0.15,0.0,phase=P5;diet_like=2,P5,C03,fe8befcd8da3214c,"[""R002"", ""R023"", ""R026""]",0.007764172729415743,center_band,maintain_efficiency,SARG:P5:simulator_reference:risk_heat=False:risk_cold=False:diet=2
914,914,2026-05-17 19:38:58,5.0,24.0,0.1481755819680728,1.0,1.0,1.0,SARG_POLICY,R002,0.42203738875596863,0.5,0.15,0.0,phase=P5;diet_like=2,P5,C03,1f1e3449fce88044,"[""R002"", ""R023"", ""R026""]",0.007760010121895479,center_band,maintain_efficiency,SARG:P5:simulator_reference:risk_heat=False:risk_cold=False:diet=2
915,915,2026-05-17 19:38:58,7.0,25.0,0.14817742322700023,1.15,1.0,0.75,SARG_POLICY,R002,0.40953781962105656,0.5,0.15,0.85,phase=P5;diet_like=2,P5,C04,1be98eaa82805772,"[""R002"", ""R023"", ""R026""]",0.007755864978335981,center_to_upper_band,maintain_efficiency,SARG:P5:simulator_reference:risk_heat=False:risk_cold=True:diet=2
916,916,2026-05-17 19:38:58,5.0,24.0,0.14817926164619943,1.0,1.0,1.0,SARG_POLICY,R002,0.4220382473295497,0.5,0.15,0.0,phase=P5;diet_like=2,P5,C07,3bdbfad5ae3cc169,"[""R002"", ""R023"", ""R026""]",0.0077517372170502995,center_band,maintain_efficiency,SARG:P5:simulator_reference:risk_heat=False:risk_cold=False:diet=2
917,917,2026-05-17 19:38:58,7.0,25.0,0.14818109722269723,1.15,1.0,0.75,SARG_POLICY,R002,0.40953867190021964,0.5,0.15,0.85,phase=P5;diet_like=2,P5,C09,bd9dab6e4591d97b,"[""R002"", ""R023"", ""R026""]",0.007747626755051957,center_to_upper_band,maintain_efficiency,SARG:P5:simulator_reference:risk_heat=False:risk_cold=True:diet=2
918,918,2026-05-17 19:38:58,7.0,25.0,0.14818292995355342,1.15,1.0,0.75,SARG_POLICY,R002,0.4095390933513139,0.5,0.15,0.85,phase=P5;diet_like=2,P5,C01,5d8031a4a8774ec3,"[""R002"", ""R023"", ""R026""]",0.007743533510464303,center_to_upper_band,maintain_efficiency,SARG:P5:simulator_reference:risk_heat=False:risk_cold=True:diet=2
919,919,2026-05-17 19:38:58,7.0,25.0,0.14818475983586654,1.15,1.0,0.75,SARG_POLICY,R002,0.4095395117008257,0.5,0.15,0.85,phase=P5;diet_like=2,P5,C01,499b6582b1261a0e,"[""R002"", ""R023"", ""R026""]",0.007739457402097944,center_to_upper_band,maintain_efficiency,SARG:P5:simulator_reference:risk_heat=False:risk_cold=True:diet=2
920,920,2026-05-17 19:38:58,7.0,25.0,0.14818658686677033,1.15,1.0,0.75,SARG_POLICY,R002,0.40953992696676256,0.5,0.15,0.85,phase=P5;diet_like=2,P5,C01,88d759ee4d5833db,"[""R002"", ""R023"", ""R026""]",0.007735398349034244,center_to_upper_band,maintain_efficiency,SARG:P5:simulator_reference:risk_heat=False:risk_cold=True:diet=2
921,921,2026-05-17 19:38:58,7.0,25.0,0.14607154613980622,1.15,1.0,0.75,SARG_POLICY,R002,0.4097520287942172,0.5,0.15,0.85,phase=P5;diet_like=2,P5,C01,0862f1970bd07800,"[""R002"", ""R023"", ""R026""]",0.007731351232271797,center_to_upper_band,maintain_efficiency,SARG:P5:simulator_reference:risk_heat=False:risk_cold=True:diet=2
922,922,2026-05-17 19:38:58,7.0,25.0,0.14818313084476986,1.15,1.0,0.75,SARG_POLICY,R002,0.40897630081832537,0.5,0.15,0.85,phase=P5;diet_like=2,P5,C01,06893939e041c3be,"[""R002"", ""R023"", ""R026""]",0.008602306415576685,center_to_upper_band,maintain_efficiency,SARG:P5:simulator_reference:risk_heat=False:risk_cold=True:diet=2
923,923,2026-05-17 19:38:58,7.0,25.0,0.15030563871541014,1.15,1.0,0.75,SARG_POLICY,R002,0.40932794033410436,0.5,0.15,0.85,phase=P5;diet_like=2,P5,C01,5b47d7ac6cd7ce08,"[""R002"", ""R023"", ""R026""]",0.007725774249991645,center_to_upper_band,maintain_efficiency,SARG:P5:simulator_reference:risk_heat=False:risk_cold=True:diet=2
924,924,2026-05-17 19:38:58,7.0,25.0,0.14819375568033843,1.15,1.0,0.75,SARG_POLICY,R002,0.4101066919553698,0.5,0.15,0.85,phase=P5;diet_like=2,P5,C01,1e0bd5e538b1e073,"[""R002"", ""R023"", ""R026""]",0.0068439752229665675,center_to_upper_band,maintain_efficiency,SARG:P5:simulator_reference:risk_heat=False:risk_cold=True:diet=2
925,925,2026-05-17 19:38:58,7.0,25.0,0.1481955685908546,1.15,1.0,0.75,SARG_POLICY,R002,0.40954194488978035,0.5,0.15,0.85,phase=P5;diet_like=2,P5,C09,b9c4d3814bc2fe6c,"[""R002"", ""R023"", ""R026""]",0.007715382103356833,center_to_upper_band,maintain_efficiency,SARG:P5:simulator_reference:risk_heat=False:risk_cold=True:diet=2
926,926,2026-05-17 19:38:58,5.0,24.0,0.14819737863274018,1.0,1.0,1.0,SARG_POLICY,R002,0.4220423420457308,0.5,0.15,0.0,phase=P5;diet_like=2,P5,C00,bd93c1161db9b9c1,"[""R002"", ""R023"", ""R026""]",0.007711423613209919,center_band,maintain_efficiency,SARG:P5:simulator_reference:risk_heat=False:risk_cold=False:diet=2
927,927,2026-05-17 19:38:58,5.0,24.0,0.14819918580339342,1.0,1.0,1.0,SARG_POLICY,R002,0.422042736242034,0.5,0.15,0.0,phase=P5;diet_like=2,P5,C07,f718b6197c3695f7,"[""R002"", ""R023"", ""R026""]",0.007707481623599946,center_band,maintain_efficiency,SARG:P5:simulator_reference:risk_heat=False:risk_cold=False:diet=2
928,928,2026-05-17 19:38:58,5.0,24.0,0.14820099010025034,1.0,1.0,1.0,SARG_POLICY,R002,0.42204312749566303,0.5,0.15,0.0,phase=P5;diet_like=2,P5,C03,7486e0290e664a6b,"[""R002"", ""R023"", ""R026""]",0.007703556057476665,center_band,maintain_efficiency,SARG:P5:simulator_reference:risk_heat=False:risk_cold=False:diet=2
929,929,2026-05-17 19:38:58,5.0,24.0,0.1482027915207832,1.0,1.0,1.0,SARG_POLICY,R002,0.4220435158245034,0.5,0.15,0.0,phase=P5;diet_like=2,P5,C03,995d92ee6ae5fe91,"[""R002"", ""R023"", ""R026""]",0.007699646836653159,center_band,maintain_efficiency,SARG:P5:simulator_reference:risk_heat=False:risk_cold=False:diet=2
930,930,2026-05-17 19:38:58,5.0,24.0,0.1482045900625033,1.0,1.0,1.0,SARG_POLICY,R002,0.42204390124520463,0.5,0.15,0.0,phase=P5;diet_like=2,P5,C11,45efdbc311160f43,"[""R002"", ""R023"", ""R026""]",0.007695753885128541,center_band,maintain_efficiency,SARG:P5:simulator_reference:risk_heat=False:risk_cold=False:diet=2
931,931,2026-05-17 19:38:58,5.0,24.0,0.1482063857229584,1.0,1.0,1.0,SARG_POLICY,R002,0.42204428377514575,0.5,0.15,0.0,phase=P5;diet_like=2,P5,C00,e2e779af2cc48cbf,"[""R002"", ""R023"", ""R026""]",0.0076918771260437654,center_band,maintain_efficiency,SARG:P5:simulator_reference:risk_heat=False:risk_cold=False:diet=2
932,932,2026-05-17 19:38:58,5.0,24.0,0.1482081784997369,1.0,1.0,1.0,SARG_POLICY,R002,0.42204466343110386,0.5,0.15,0.0,phase=P5;diet_like=2,P5,C00,c5588cd090c1104d,"[""R002"", ""R023"", ""R026""]",0.007688016483741027,center_band,maintain_efficiency,SARG:P5:simulator_reference:risk_heat=False:risk_cold=False:diet=2
933,933,2026-05-17 19:38:58,5.0,24.0,0.1482099683904604,1.0,1.0,1.0,SARG_POLICY,R002,0.422045040230302,0.5,0.15,0.0,phase=P5;diet_like=2,P5,C11,1e82e7ef989c915c,"[""R002"", ""R023"", ""R026""]",0.0076841718821395785,center_band,maintain_efficiency,SARG:P5:simulator_reference:risk_heat=False:risk_cold=False:diet=2
934,934,2026-05-17 19:38:58,5.0,24.0,0.14821175539279385,1.0,1.0,1.0,SARG_POLICY,R002,0.42204541418878955,0.5,0.15,0.0,phase=P5;diet_like=2,P5,C03,b9f1ee0656d6a8fe,"[""R002"", ""R023"", ""R026""]",0.007680343247241022,center_band,maintain_efficiency,SARG:P5:simulator_reference:risk_heat=False:risk_cold=False:diet=2
935,935,2026-05-17 19:38:58,5.0,24.0,0.14821353950443705,1.0,1.0,1.0,SARG_POLICY,R002,0.42204578532390263,0.5,0.15,0.0,phase=P5;diet_like=2,P5,C07,c5e7c5e9ca77dd3a,"[""R002"", ""R023"", ""R026""]",0.007676530503318402,center_band,maintain_efficiency,SARG:P5:simulator_reference:risk_heat=False:risk_cold=False:diet=2
936,936,2026-05-17 19:38:59,7.0,25.0,0.14609715402850343,1.15,1.0,0.75,SARG_POLICY,R002,0.40975797122573576,0.5,0.15,0.85,phase=P5;diet_like=2,P5,C04,a965a5f02ed90668,"[""R002"", ""R023"", ""R026""]",0.007672732123939588,center_to_upper_band,maintain_efficiency,SARG:P5:simulator_reference:risk_heat=False:risk_cold=True:diet=2
937,937,2026-05-17 19:38:59,5.0,24.0,0.1482102828699836,1.0,1.0,1.0,SARG_POLICY,R002,0.4214811557512945,0.5,0.15,0.0,phase=P5;diet_like=2,P5,C00,b8906879cfc38092,"[""R002"", ""R023"", ""R026""]",0.00854532104771152,center_band,maintain_efficiency,SARG:P5:simulator_reference:risk_heat=False:risk_cold=False:diet=2
938,938,2026-05-17 19:38:59,5.0,24.0,0.1503338030035427,1.0,1.0,1.0,SARG_POLICY,R002,0.42183361182751045,0.5,0.15,0.0,phase=P5;diet_like=2,P5,C11,19f4f01ac18e905b,"[""R002"", ""R023"", ""R026""]",0.00766753486588902,center_band,maintain_efficiency,SARG:P5:simulator_reference:risk_heat=False:risk_cold=False:diet=2
939,939,2026-05-17 19:38:59,5.0,24.0,0.14822054082797764,1.0,1.0,1.0,SARG_POLICY,R002,0.42261320881164277,0.5,0.15,0.0,phase=P5;diet_like=2,P5,C11,c32ee1d78ba6f218,"[""R002"", ""R023"", ""R026""]",0.006784791090686705,center_band,maintain_efficiency,SARG:P5:simulator_reference:risk_heat=False:risk_cold=False:diet=2
940,940,2026-05-17 19:38:59,5.0,24.0,0.14822231061638758,1.0,1.0,1.0,SARG_POLICY,R002,0.4220475866444551,0.5,0.15,0.0,phase=P5;diet_like=2,P5,C03,a9e20f4ad7f62c26,"[""R002"", ""R023"", ""R026""]",0.007657728125979429,center_band,maintain_efficiency,SARG:P5:simulator_reference:risk_heat=False:risk_cold=False:diet=2
941,941,2026-05-17 19:38:59,5.0,24.0,0.14822407750039657,1.0,1.0,1.0,SARG_POLICY,R002,0.42204794119930517,0.5,0.15,0.0,phase=P5;diet_like=2,P5,C00,4723ad7b3ddd7c29,"[""R002"", ""R023"", ""R026""]",0.007654009098883953,center_band,maintain_efficiency,SARG:P5:simulator_reference:risk_heat=False:risk_cold=False:diet=2
942,942,2026-05-17 19:38:59,5.0,24.0,0.14822584147797713,1.0,1.0,1.0,SARG_POLICY,R002,0.42204829304454444,0.5,0.15,0.0,phase=P5;diet_like=2,P5,C11,d7708eaa59ca266a,"[""R002"", ""R023"", ""R026""]",0.007650305451972602,center_band,maintain_efficiency,SARG:P5:simulator_reference:risk_heat=False:risk_cold=False:diet=2
943,943,2026-05-17 19:38:59,5.0,24.0,0.14822760254714162,1.0,1.0,1.0,SARG_POLICY,R002,0.42204864219735805,0.5,0.15,0.0,phase=P5;diet_like=2,P5,C07,128cad3ee48ee611,"[""R002"", ""R023"", ""R026""]",0.007646617111795356,center_band,maintain_efficiency,SARG:P5:simulator_reference:risk_heat=False:risk_cold=False:diet=2
944,944,2026-05-17 19:38:59,5.0,24.0,0.14822936070594017,1.0,1.0,1.0,SARG_POLICY,R002,0.42204898867243873,0.5,0.15,0.0,phase=P5;diet_like=2,P5,C00,b59ce07b0b9bf8cf,"[""R002"", ""R023"", ""R026""]",0.007642944009011587,center_band,maintain_efficiency,SARG:P5:simulator_reference:risk_heat=False:risk_cold=False:diet=2
945,945,2026-05-17 19:38:59,5.0,24.0,0.1482311159524603,1.0,1.0,1.0,SARG_POLICY,R002,0.42204933248643905,0.5,0.15,0.0,phase=P5;diet_like=2,P5,C00,337e81fdeafcd83d,"[""R002"", ""R023"", ""R026""]",0.007639286071490564,center_band,maintain_efficiency,SARG:P5:simulator_reference:risk_heat=False:risk_cold=False:diet=2
946,946,2026-05-17 19:38:59,5.0,24.0,0.1482328682848314,1.0,1.0,1.0,SARG_POLICY,R002,0.4220496736549621,0.5,0.15,0.0,phase=P5;diet_like=2,P5,C03,6c999237899e5c96,"[""R002"", ""R023"", ""R026""]",0.007635643228972091,center_band,maintain_efficiency,SARG:P5:simulator_reference:risk_heat=False:risk_cold=False:diet=2
947,947,2026-05-17 19:38:59,5.0,24.0,0.1482346177012176,1.0,1.0,1.0,SARG_POLICY,R002,0.4220500121935302,0.5,0.15,0.0,phase=P5;diet_like=2,P5,C03,01c196bd60155252,"[""R002"", ""R023"", ""R026""]",0.007632015411564161,center_band,maintain_efficiency,SARG:P5:simulator_reference:risk_heat=False:risk_cold=False:diet=2
948,948,2026-05-17 19:38:59,5.0,24.0,0.1482363641998241,1.0,1.0,1.0,SARG_POLICY,R002,0.42205034811747466,0.5,0.15,0.0,phase=P5;diet_like=2,P5,C11,cc15c3e8d7a3ffb0,"[""R002"", ""R023"", ""R026""]",0.007628402549911786,center_band,maintain_efficiency,SARG:P5:simulator_reference:risk_heat=False:risk_cold=False:diet=2
949,949,2026-05-17 19:38:59,5.0,24.0,0.14823810777889412,1.0,1.0,1.0,SARG_POLICY,R002,0.42205068144292357,0.5,0.15,0.0,phase=P5;diet_like=2,P5,C00,ce03afa95193dae9,"[""R002"", ""R023"", ""R026""]",0.007624804573665378,center_band,maintain_efficiency,SARG:P5:simulator_reference:risk_heat=False:risk_cold=False:diet=2
950,950,2026-05-17 19:38:59,5.0,24.0,0.14823984843670857,1.0,1.0,1.0,SARG_POLICY,R002,0.422051012185129,0.5,0.15,0.0,phase=P5;diet_like=2,P5,C07,83eecb7ccec24c02,"[""R002"", ""R023"", ""R026""]",0.007621221414070602,center_band,maintain_efficiency,SARG:P5:simulator_reference:risk_heat=False:risk_cold=False:diet=2
951,951,2026-05-17 19:38:59,5.0,24.0,0.148241586171588,1.0,1.0,1.0,SARG_POLICY,R002,0.42205134035904257,0.5,0.15,0.0,phase=P5;diet_like=2,P5,C00,2b2a99f0d548bed6,"[""R002"", ""R023"", ""R026""]",0.007617653003075186,center_band,maintain_efficiency,SARG:P5:simulator_reference:risk_heat=False:risk_cold=False:diet=2
952,952,2026-05-17 19:38:59,5.0,24.0,0.14612349490948284,1.0,1.0,1.0,SARG_POLICY,R002,0.42226367314668906,0.5,0.15,0.0,phase=P5;diet_like=2,P5,C07,b24d1a2eb5f86995,"[""R002"", ""R023"", ""R026""]",0.007614059823789036,center_band,maintain_efficiency,SARG:P5:simulator_reference:risk_heat=False:risk_cold=False:diet=2
953,953,2026-05-17 19:38:59,5.0,24.0,0.14823852915376168,1.0,1.0,1.0,SARG_POLICY,R002,0.4214855888233857,0.5,0.15,0.0,phase=P5;diet_like=2,P5,C00,4bbc90cc85d1de75,"[""R002"", ""R023"", ""R026""]",0.008488508553616648,center_band,maintain_efficiency,SARG:P5:simulator_reference:risk_heat=False:risk_cold=False:diet=2
954,954,2026-05-17 19:38:59,5.0,24.0,0.15036340964950468,1.0,1.0,1.0,SARG_POLICY,R002,0.4218389238402466,0.5,0.15,0.0,phase=P5;diet_like=2,P5,C00,d2fb0d638069a0b5,"[""R002"", ""R023"", ""R026""]",0.007609318612894083,center_band,maintain_efficiency,SARG:P5:simulator_reference:risk_heat=False:risk_cold=False:diet=2
955,955,2026-05-17 19:38:59,5.0,24.0,0.14824840634182102,1.0,1.0,1.0,SARG_POLICY,R002,0.4226195479303593,0.5,0.15,0.0,phase=P5;diet_like=2,P5,C00,275e523cfd2f94e7,"[""R002"", ""R023"", ""R026""]",0.006725402194074874,center_band,maintain_efficiency,SARG:P5:simulator_reference:risk_heat=False:risk_cold=False:diet=2
956,956,2026-05-17 19:38:59,5.0,24.0,0.1482501295869606,1.0,1.0,1.0,SARG_POLICY,R002,0.4220529308875382,0.5,0.15,0.0,phase=P5;diet_like=2,P5,C00,8a8f74c6b8f38ab2,"[""R002"", ""R023"", ""R026""]",0.007600054860332638,center_band,maintain_efficiency,SARG:P5:simulator_reference:risk_heat=False:risk_cold=False:diet=2
957,957,2026-05-17 19:38:59,5.0,24.0,0.148251849899252,1.0,1.0,1.0,SARG_POLICY,R002,0.4220532439850544,0.5,0.15,0.0,phase=P5;diet_like=2,P5,C00,5af8318d2f88ccf9,"[""R002"", ""R023"", ""R026""]",0.0075965734406326264,center_band,maintain_efficiency,SARG:P5:simulator_reference:risk_heat=False:risk_cold=False:diet=2
958,958,2026-05-17 19:38:59,5.0,24.0,0.1482535672772879,1.0,1.0,1.0,SARG_POLICY,R002,0.42205355461940713,0.5,0.15,0.0,phase=P5;diet_like=2,P5,C03,728308624bf442a1,"[""R002"", ""R023"", ""R026""]",0.007593106299206788,center_band,maintain_efficiency,SARG:P5:simulator_reference:risk_heat=False:risk_cold=False:diet=2
959,959,2026-05-17 19:38:59,5.0,24.0,0.14825528171970015,1.0,1.0,1.0,SARG_POLICY,R002,0.422053862806149,0.5,0.15,0.0,phase=P5;diet_like=2,P5,C11,1c5fd09b19349006,"[""R002"", ""R023"", ""R026""]",0.007589653368906583,center_band,maintain_efficiency,SARG:P5:simulator_reference:risk_heat=False:risk_cold=False:diet=2
960,960,2026-05-17 19:39:00,5.0,24.0,0.1482569932251585,1.0,1.0,1.0,SARG_POLICY,R002,0.4220541685588853,0.5,0.15,0.0,phase=P5;diet_like=2,P5,C11,72c84034f95d7abd,"[""R002"", ""R023"", ""R026""]",0.007586214585821911,center_band,maintain_efficiency,SARG:P5:simulator_reference:risk_heat=False:risk_cold=False:diet=2
961,961,2026-05-17 19:39:00,5.0,24.0,0.14825870179236977,1.0,1.0,1.0,SARG_POLICY,R002,0.4220544718930155,0.5,0.15,0.0,phase=P5;diet_like=2,P5,C00,18cac5e17c9c5aba,"[""R002"", ""R023"", ""R026""]",0.007582789883485501,center_band,maintain_efficiency,SARG:P5:simulator_reference:risk_heat=False:risk_cold=False:diet=2
962,962,2026-05-17 19:39:00,5.0,24.0,0.14826040742008306,1.0,1.0,1.0,SARG_POLICY,R002,0.4220547728224834,0.5,0.15,0.0,phase=P5;diet_like=2,P5,C00,ca1ccffa080bd3fd,"[""R002"", ""R023"", ""R026""]",0.007579379197903907,center_band,maintain_efficiency,SARG:P5:simulator_reference:risk_heat=False:risk_cold=False:diet=2
963,963,2026-05-17 19:39:00,5.0,24.0,0.14826211010708046,1.0,1.0,1.0,SARG_POLICY,R002,0.4220550713619082,0.5,0.15,0.0,phase=P5;diet_like=2,P5,C00,49dd4ed4ff77ce37,"[""R002"", ""R023"", ""R026""]",0.0075759824642564685,center_band,maintain_efficiency,SARG:P5:simulator_reference:risk_heat=False:risk_cold=False:diet=2
964,964,2026-05-17 19:39:00,5.0,24.0,0.14826380985218535,1.0,1.0,1.0,SARG_POLICY,R002,0.422055367525669,0.5,0.15,0.0,phase=P5;diet_like=2,P5,C00,49a3ef1be260f3e3,"[""R002"", ""R023"", ""R026""]",0.007572599618310982,center_band,maintain_efficiency,SARG:P5:simulator_reference:risk_heat=False:risk_cold=False:diet=2
965,965,2026-05-17 19:39:00,5.0,24.0,0.14826550665425875,1.0,1.0,1.0,SARG_POLICY,R002,0.4220556613280993,0.5,0.15,0.0,phase=P5;diet_like=2,P5,C00,89c63aad068fb9d8,"[""R002"", ""R023"", ""R026""]",0.007569230596121778,center_band,maintain_efficiency,SARG:P5:simulator_reference:risk_heat=False:risk_cold=False:diet=2
966,966,2026-05-17 19:39:00,5.0,24.0,0.14826720051220044,1.0,1.0,1.0,SARG_POLICY,R002,0.4220559527825674,0.5,0.15,0.0,phase=P5;diet_like=2,P5,C00,c9126735b23d163b,"[""R002"", ""R023"", ""R026""]",0.007565875335451576,center_band,maintain_efficiency,SARG:P5:simulator_reference:risk_heat=False:risk_cold=False:diet=2
967,967,2026-05-17 19:39:00,5.0,24.0,0.14614807764655247,1.0,1.0,1.0,SARG_POLICY,R002,0.4222683396506121,0.5,0.15,0.0,phase=P5;diet_like=2,P5,C03,9f62e1ab5904cf39,"[""R002"", ""R023"", ""R026""]",0.007562507479734873,center_band,maintain_efficiency,SARG:P5:simulator_reference:risk_heat=False:risk_cold=False:diet=2
968,968,2026-05-17 19:39:00,5.0,24.0,0.14826431870442502,1.0,1.0,1.0,SARG_POLICY,R002,0.421489370640204,0.5,0.15,0.0,phase=P5;diet_like=2,P5,C07,314c138a2475279f,"[""R002"", ""R023"", ""R026""]",0.008438304560808569,center_band,maintain_efficiency,SARG:P5:simulator_reference:risk_heat=False:risk_cold=False:diet=2
969,969,2026-05-17 19:39:00,5.0,24.0,0.14826601002397743,1.0,1.0,1.0,SARG_POLICY,R002,0.42205579072351024,0.5,0.15,0.0,phase=P5;diet_like=2,P5,C00,16da8272727f63ec,"[""R002"", ""R023"", ""R026""]",0.007558073965938281,center_band,maintain_efficiency,SARG:P5:simulator_reference:risk_heat=False:risk_cold=False:diet=2
970,970,2026-05-17 19:39:00,5.0,24.0,0.15039207992637216,1.0,1.0,1.0,SARG_POLICY,R002,0.421843612666882,0.5,0.15,0.0,phase=P5;diet_like=2,P5,C11,a923b288e439e69a,"[""R002"", ""R023"", ""R026""]",0.0075548066379139385,center_band,maintain_efficiency,SARG:P5:simulator_reference:risk_heat=False:risk_cold=False:diet=2
971,971,2026-05-17 19:39:00,5.0,24.0,0.14827551750254397,1.0,1.0,1.0,SARG_POLICY,R002,0.4226251644312649,0.5,0.15,0.0,phase=P5;diet_like=2,P5,C00,5642c76ce4957fbf,"[""R002"", ""R023"", ""R026""]",0.006669833145406547,center_band,maintain_efficiency,SARG:P5:simulator_reference:risk_heat=False:risk_cold=False:diet=2
972,972,2026-05-17 19:39:00,5.0,24.0,0.14827719382124327,1.0,1.0,1.0,SARG_POLICY,R002,0.4220576393525556,0.5,0.15,0.0,phase=P5;diet_like=2,P5,C00,c95dfc919f02bf63,"[""R002"", ""R023"", ""R026""]",0.007546055808781814,center_band,maintain_efficiency,SARG:P5:simulator_reference:risk_heat=False:risk_cold=False:diet=2
973,973,2026-05-17 19:39:00,5.0,24.0,0.222418300782808,1.0,1.0,1.0,SARG_POLICY,R002,0.4037128167332152,0.5,0.45,0.0,phase=P5;diet_like=2,P5,C06,0c8ffa8c0eb215ca,"[""R002"", ""R023"", ""R026""]",0.007542795047957439,center_band,maintain_efficiency,SARG:P5:simulator_reference:risk_heat=False:risk_cold=False:diet=2
974,974,2026-05-17 19:39:00,5.0,24.0,0.14828053760363435,1.0,1.0,1.0,SARG_POLICY,R002,0.42205818797115985,0.5,0.15,0.0,phase=P5;diet_like=2,P5,C03,d3e2088364102751,"[""R002"", ""R023"", ""R026""]",0.007539547551798945,center_band,maintain_efficiency,SARG:P5:simulator_reference:risk_heat=False:risk_cold=False:diet=2
975,975,2026-05-17 19:39:00,5.0,24.0,0.1482822050657694,1.0,1.0,1.0,SARG_POLICY,R002,0.42205845893922683,0.5,0.15,0.0,phase=P5;diet_like=2,P5,C07,402210f97658a59f,"[""R002"", ""R023"", ""R026""]",0.007536313259353401,center_band,maintain_efficiency,SARG:P5:simulator_reference:risk_heat=False:risk_cold=False:diet=2
976,976,2026-05-17 19:39:00,5.0,24.0,0.148283869574225,1.0,1.0,1.0,SARG_POLICY,R002,0.42205872769720354,0.5,0.15,0.0,phase=P5;diet_like=2,P5,C03,d5b3444fbfab9c09,"[""R002"", ""R023"", ""R026""]",0.007533092111298774,center_band,maintain_efficiency,SARG:P5:simulator_reference:risk_heat=False:risk_cold=False:diet=2
977,977,2026-05-17 19:39:00,5.0,24.0,0.1482855311283151,1.0,1.0,1.0,SARG_POLICY,R002,0.4220589942590993,0.5,0.15,0.0,phase=P5;diet_like=2,P5,C07,e57b2c0f8ff747dc,"[""R002"", ""R023"", ""R026""]",0.00752988404666924,center_band,maintain_efficiency,SARG:P5:simulator_reference:risk_heat=False:risk_cold=False:diet=2
978,978,2026-05-17 19:39:00,5.0,24.0,0.1482871897273923,1.0,1.0,1.0,SARG_POLICY,R002,0.4220592586381003,0.5,0.15,0.0,phase=P5;diet_like=2,P5,C07,9d5ed956d32c6850,"[""R002"", ""R023"", ""R026""]",0.007526689005971912,center_band,maintain_efficiency,SARG:P5:simulator_reference:risk_heat=False:risk_cold=False:diet=2
979,979,2026-05-17 19:39:00,5.0,24.0,0.14828884537084508,1.0,1.0,1.0,SARG_POLICY,R002,0.42205952084730713,0.5,0.15,0.0,phase=P5;diet_like=2,P5,C11,5163840e5e0c675d,"[""R002"", ""R023"", ""R026""]",0.007523506930043031,center_band,maintain_efficiency,SARG:P5:simulator_reference:risk_heat=False:risk_cold=False:diet=2
980,980,2026-05-17 19:39:00,5.0,24.0,0.14829049805810157,1.0,1.0,1.0,SARG_POLICY,R002,0.42205978089973417,0.5,0.15,0.0,phase=P5;diet_like=2,P5,C11,48a46b00ec59203e,"[""R002"", ""R023"", ""R026""]",0.007520337760047745,center_band,maintain_efficiency,SARG:P5:simulator_reference:risk_heat=False:risk_cold=False:diet=2
981,981,2026-05-17 19:39:00,5.0,24.0,0.14829214778862476,1.0,1.0,1.0,SARG_POLICY,R002,0.42206003880840604,0.5,0.15,0.0,phase=P5;diet_like=2,P5,C00,14d75556c3140740,"[""R002"", ""R023"", ""R026""]",0.007517181437329743,center_band,maintain_efficiency,SARG:P5:simulator_reference:risk_heat=False:risk_cold=False:diet=2
982,982,2026-05-17 19:39:00,5.0,24.0,0.14617212184508976,1.0,1.0,1.0,SARG_POLICY,R002,0.42227246872057567,0.5,0.15,0.0,phase=P5;diet_like=2,P5,C07,507f30aa35657434,"[""R002"", ""R023"", ""R026""]",0.007514026880599117,center_band,maintain_efficiency,SARG:P5:simulator_reference:risk_heat=False:risk_cold=False:diet=2
983,983,2026-05-17 19:39:01,5.0,24.0,0.14828943051987764,1.0,1.0,1.0,SARG_POLICY,R002,0.42149269828528196,0.5,0.15,0.0,phase=P5;diet_like=2,P5,C03,5a28061135fd5e0a,"[""R002"", ""R023"", ""R026""]",0.008391054878149652,center_band,maintain_efficiency,SARG:P5:simulator_reference:risk_heat=False:risk_cold=False:diet=2
984,984,2026-05-17 19:39:01,5.0,24.0,0.148291077157651,1.0,1.0,1.0,SARG_POLICY,R002,0.4220598069247039,0.5,0.15,0.0,phase=P5;diet_like=2,P5,C03,583f7eddb47232be,"[""R002"", ""R023"", ""R026""]",0.00750990261179643,center_band,maintain_efficiency,SARG:P5:simulator_reference:risk_heat=False:risk_cold=False:diet=2
985,985,2026-05-17 19:39:01,5.0,24.0,0.15041774517775497,1.0,1.0,1.0,SARG_POLICY,R002,0.42184755333912843,0.5,0.15,0.0,phase=P5;diet_like=2,P5,C03,65b851806c58e986,"[""R002"", ""R023"", ""R026""]",0.007506796253377147,center_band,maintain_efficiency,SARG:P5:simulator_reference:risk_heat=False:risk_cold=False:diet=2
986,986,2026-05-17 19:39:01,5.0,24.0,0.14830024811726483,1.0,1.0,1.0,SARG_POLICY,R002,0.42262970821519025,0.5,0.15,0.0,phase=P5;diet_like=2,P5,C11,d59feee416e1be17,"[""R002"", ""R023"", ""R026""]",0.006621155693784147,center_band,maintain_efficiency,SARG:P5:simulator_reference:risk_heat=False:risk_cold=False:diet=2
987,987,2026-05-17 19:39:01,5.0,24.0,0.14830188023275415,1.0,1.0,1.0,SARG_POLICY,R002,0.4220615285353402,0.5,0.15,0.0,phase=P5;diet_like=2,P5,C11,3c34f11ce008bd31,"[""R002"", ""R023"", ""R026""]",0.007498536256765145,center_band,maintain_efficiency,SARG:P5:simulator_reference:risk_heat=False:risk_cold=False:diet=2
988,988,2026-05-17 19:39:01,5.0,24.0,0.14830350938821069,1.0,1.0,1.0,SARG_POLICY,R002,0.42206177181233806,0.5,0.15,0.0,phase=P5;diet_like=2,P5,C11,e95701a287dc8db7,"[""R002"", ""R023"", ""R026""]",0.007495468175294397,center_band,maintain_efficiency,SARG:P5:simulator_reference:risk_heat=False:risk_cold=False:diet=2
989,989,2026-05-17 19:39:01,5.0,24.0,0.14830513558339153,1.0,1.0,1.0,SARG_POLICY,R002,0.4220620130474752,0.5,0.15,0.0,phase=P5;diet_like=2,P5,C07,2c2f1125ad0d0737,"[""R002"", ""R023"", ""R026""]",0.007492412482494549,center_band,maintain_efficiency,SARG:P5:simulator_reference:risk_heat=False:risk_cold=False:diet=2
990,990,2026-05-17 19:39:01,5.0,24.0,0.14830675881808808,1.0,1.0,1.0,SARG_POLICY,R002,0.4220622522546642,0.5,0.15,0.0,phase=P5;diet_like=2,P5,C03,d7b3f0f31cb199d2,"[""R002"", ""R023"", ""R026""]",0.0074893691200264186,center_band,maintain_efficiency,SARG:P5:simulator_reference:risk_heat=False:risk_cold=False:diet=2
991,991,2026-05-17 19:39:01,7.0,25.0,0.14830837909212946,1.15,1.0,0.75,SARG_POLICY,R002,0.4095624894444269,0.5,0.15,0.85,phase=P5;diet_like=2,P5,C09,8ee08d4a1bbaa9dd,"[""R002"", ""R023"", ""R026""]",0.007486338034984128,center_to_upper_band,maintain_efficiency,SARG:P5:simulator_reference:risk_heat=False:risk_cold=True:diet=2
992,992,2026-05-17 19:39:01,5.0,24.0,0.14830999640537823,1.0,1.0,1.0,SARG_POLICY,R002,0.42206272463076633,0.5,0.15,0.0,phase=P5;diet_like=2,P5,C11,e41694301e560f0f,"[""R002"", ""R023"", ""R026""]",0.007483319169251896,center_band,maintain_efficiency,SARG:P5:simulator_reference:risk_heat=False:risk_cold=False:diet=2
993,993,2026-05-17 19:39:01,5.0,24.0,0.14831161075773303,1.0,1.0,1.0,SARG_POLICY,R002,0.4220629578248202,0.5,0.15,0.0,phase=P5;diet_like=2,P5,C00,ff2482a33397c890,"[""R002"", ""R023"", ""R026""]",0.007480312469330957,center_band,maintain_efficiency,SARG:P5:simulator_reference:risk_heat=False:risk_cold=False:diet=2
994,994,2026-05-17 19:39:01,5.0,24.0,0.14831322214912956,1.0,1.0,1.0,SARG_POLICY,R002,0.42206318903891005,0.5,0.15,0.0,phase=P5;diet_like=2,P5,C11,2cfbdc2a4a410020,"[""R002"", ""R023"", ""R026""]",0.007477317880068352,center_band,maintain_efficiency,SARG:P5:simulator_reference:risk_heat=False:risk_cold=False:diet=2
995,995,2026-05-17 19:39:01,5.0,24.0,0.14831483057953454,1.0,1.0,1.0,SARG_POLICY,R002,0.4220634182863359,0.5,0.15,0.0,phase=P5;diet_like=2,P5,C11,484e8b54204c859a,"[""R002"", ""R023"", ""R026""]",0.0074743353449737305,center_band,maintain_efficiency,SARG:P5:simulator_reference:risk_heat=False:risk_cold=False:diet=2
996,996,2026-05-17 19:39:01,5.0,24.0,0.14831643604895517,1.0,1.0,1.0,SARG_POLICY,R002,0.42206364557771375,0.5,0.15,0.0,phase=P5;diet_like=2,P5,C03,992117a6d180f9c6,"[""R002"", ""R023"", ""R026""]",0.007471364811889452,center_band,maintain_efficiency,SARG:P5:simulator_reference:risk_heat=False:risk_cold=False:diet=2
997,997,2026-05-17 19:39:01,5.0,24.0,0.14831803855742998,1.0,1.0,1.0,SARG_POLICY,R002,0.42206387092551667,0.5,0.15,0.0,phase=P5;diet_like=2,P5,C03,4acb2dc194f88327,"[""R002"", ""R023"", ""R026""]",0.007468406225957951,center_band,maintain_efficiency,SARG:P5:simulator_reference:risk_heat=False:risk_cold=False:diet=2
998,998,2026-05-17 19:39:01,5.0,24.0,0.14619678752525755,1.0,1.0,1.0,SARG_POLICY,R002,0.42227639804812117,0.5,0.15,0.0,phase=P5;diet_like=2,P5,C11,cfc0511cebda9078,"[""R002"", ""R023"", ""R026""]",0.007465429579658648,center_band,maintain_efficiency,SARG:P5:simulator_reference:risk_heat=False:risk_cold=False:diet=2
999,999,2026-05-17 19:39:01,5.0,24.0,0.1483154858672392,1.0,1.0,1.0,SARG_POLICY,R002,0.4214956649992126,0.5,0.15,0.0,phase=P5;diet_like=2,P5,C00,19f663a2fad8142b,"[""R002"", ""R023"", ""R026""]",0.008343889640304011,center_band,maintain_efficiency,SARG:P5:simulator_reference:risk_heat=False:risk_cold=False:diet=2
1000,1000,2026-05-17 19:39:01,5.0,24.0,0.1483170847659815,1.0,1.0,1.0,SARG_POLICY,R002,0.422063573760627,0.5,0.15,0.0,phase=P5;diet_like=2,P5,C00,082ecb7645b7362d,"[""R002"", ""R023"", ""R026""]",0.007461643192821584,center_band,maintain_efficiency,SARG:P5:simulator_reference:risk_heat=False:risk_cold=False:diet=2
