fattening_day,doy,rad,mint,maxt,vpr,wind,rain,aha,okta,growth_start_date,growth_date,tbw_kg,genetic_potential_tbw_kg,feed_intake_kg_dm_day,feed1_available_kg_dm_day,feed2_available_kg_dm_day,feed3_available_kg_dm_day,feed4_available_kg_dm_day,beef_production_kg,beef_event_kg,me_uptake_mj_day,heat_production,genotype,heat_stress,cold_stress,digestion_cap,energy,protein,scale,breed,diet,sex_animal,housing,case_id
1,1,0.0,6.8714129999999995,15.261068999999999,0.6175678242271376,0.3018402777777778,2.64,1.3,1.0,2015-01-01,2015-01-01,43.0,43.0,0.0,0.0,0.0,0.0,0.0,16.125,0.0,0.0,9.0,0.0,4.5,3.5,0.0,0.0,0.0,1,6,5,0,0,1
2,2,0.0,8.786819999999999,15.850425000000001,0.6820145906830116,0.37164930555555553,2.64,1.3,1.0,2015-01-01,2015-01-02,43.41788637866393,46.736070979478086,0.0,0.0,0.0,0.0,0.0,16.501097740797533,0.0,0.0,5.444553389175917,0.0,4.5,3.5,0.0,0.0,0.5,1,6,5,0,0,1
3,3,0.0,8.483475,14.429037000000001,0.6370365638516057,0.3863454861111111,2.64,1.3,2.0,2015-01-01,2015-01-03,44.397444830920385,47.90159255241451,0.0,0.0,0.0,0.0,0.0,16.80928930678048,0.0,0.0,5.612673742387015,0.0,4.5,3.5,0.0,0.0,0.5,1,6,5,0,0,1
4,4,0.0,5.8032052499999995,13.267658999999998,0.5461247194441231,0.4787413194444444,2.962916666666666,1.3,4.0,2015-01-01,2015-01-04,45.402068714971385,49.06909675724984,0.0,0.0,0.0,0.0,0.0,17.128943408416433,0.0,0.0,5.754822789869088,0.0,0.0,3.5,0.0,0.0,0.5,1,6,5,0,0,1
5,5,0.0,5.155347,13.137654,0.5291780697313748,0.5562847222222222,3.84,1.3,0.0,2015-01-01,2015-01-05,46.427656387120926,50.23857159271273,0.0,0.0,0.0,0.0,0.0,17.458871113293174,0.0,0.0,5.775783778362493,0.0,0.0,3.5,0.0,0.0,0.5,1,6,5,0,0,1
6,6,0.0,5.831372999999999,16.925133,0.6331001256325715,1.227230902777778,3.84,1.3,1.0,2015-01-01,2015-01-06,47.465567933600866,51.41000502965602,0.0,0.0,0.0,0.0,0.0,17.796359953589683,0.0,0.0,5.798650524739202,0.0,0.0,3.5,0.0,0.0,0.5,1,6,5,0,0,1
7,7,0.0,10.57005525,16.881798,0.761434474608906,1.937769097222222,3.4058333333333333,1.3,2.0,2015-01-01,2015-01-07,48.51286738890145,52.58338501157954,0.0,0.0,0.0,0.0,0.0,18.14047863761124,0.0,0.0,5.819907591102243,0.0,0.0,3.5,0.0,0.0,0.5,1,6,5,0,0,1
8,8,0.0,1.2985319999999998,10.546221,0.4056250611098692,0.8699565972222222,11.243333333333332,1.3,3.0,2015-01-01,2015-01-08,49.567496983828974,53.75869945515052,0.0,0.0,0.0,0.0,0.0,18.490558109558304,0.0,0.0,5.840120138188486,0.0,0.0,3.5,0.0,0.0,0.5,1,6,5,0,0,1
9,9,0.0,-1.5615780000000008,7.608108,0.3170712351359722,0.6678819444444444,10.08,1.3,4.0,2015-01-01,2015-01-09,50.62793056027825,54.93593625072424,0.0,0.0,0.0,0.0,0.0,18.846088600977456,0.0,0.0,5.8596876771742785,0.0,0.0,3.5,0.0,0.0,0.5,1,6,5,0,0,1
10,10,0.0,0.9865199999999996,7.729445999999999,0.3554517500098806,0.44681423611111115,10.08,1.3,5.0,2015-01-01,2015-01-10,51.69298906982917,56.11508326286332,0.0,0.0,0.0,0.0,0.0,19.20666501797964,0.0,0.0,5.878901349713048,0.0,0.0,3.5,0.0,0.0,0.5,1,6,5,0,0,1
11,11,0.0,0.8536259999999993,7.876785,0.3556701520856344,0.42745659722222223,10.08,1.3,4.0,2015-01-01,2015-01-11,52.76173306391295,57.296128330855595,0.0,0.0,0.0,0.0,0.0,19.571955171418047,0.0,0.0,5.897977891089338,0.0,0.0,3.5,0.0,0.0,0.5,1,6,5,0,0,1
12,12,0.0,-1.0328910000000011,11.256915,0.378904187554298,0.6266493055555555,10.08,1.3,0.0,2015-01-01,2015-01-12,53.833395692983416,58.479059269231584,0.0,0.0,0.0,0.0,0.0,19.941679971813034,0.0,0.0,5.91708109334378,0.0,0.0,3.5,0.0,0.0,0.5,1,6,5,0,0,1
13,13,0.0,2.9192609999999997,15.096396000000002,0.5232489955055005,0.21719618055555556,10.08,1.3,0.0,2015-01-01,2015-01-13,54.907338719684006,59.66386386828077,0.0,0.0,0.0,0.0,0.0,20.315600396781416,0.0,0.0,5.936336039079563,0.0,0.0,3.5,0.0,0.0,0.5,1,6,5,0,0,1
14,14,0.0,5.155347,14.819052,0.5664087089579074,0.6238107638888889,10.08,1.3,3.0,2015-01-01,2015-01-14,55.9830224144691,60.85052989456642,0.0,0.0,0.0,0.0,0.0,20.693508533032972,0.0,0.0,5.955838902183479,0.0,0.0,3.5,0.0,0.0,0.5,1,6,5,0,0,1
15,15,0.0,6.810744,13.475667,0.573565964064009,1.354392361111111,9.3425,1.3,4.0,2015-01-01,2015-01-15,57.05998423904996,62.0390450914399,0.0,0.0,0.0,0.0,0.0,21.075221193980862,0.0,0.0,5.975663901030281,0.0,0.0,3.5,0.0,0.0,0.5,1,6,5,0,0,1
16,16,0.0,7.22676,14.186361000000002,0.6000799996975077,0.7060416666666667,5.574999999999999,1.3,2.0,2015-01-01,2015-01-16,58.13782331785499,63.229397179553075,0.0,0.0,0.0,0.0,0.0,21.46057523361302,0.0,0.0,5.995868352683633,0.0,0.0,3.5,0.0,0.0,0.5,1,6,5,0,0,1
17,17,0.0,5.2983525,13.276326,0.5352603759542941,0.5018663194444444,4.324999999999999,1.3,4.0,2015-01-01,2015-01-17,59.21618885062367,64.42157385737073,0.0,0.0,0.0,0.0,0.0,21.849424016900645,0.0,0.0,6.016496420894235,0.0,0.0,3.5,0.0,0.0,0.5,1,6,5,0,0,1
18,18,0.0,2.43463125,10.858233,0.4308952561804913,0.806484375,3.249166666666667,1.3,2.0,2015-01-01,2015-01-18,60.29477128558394,65.6155628016802,0.0,0.0,0.0,0.0,0.0,22.241634702545632,0.0,0.0,6.037581942228414,0.0,0.0,3.5,0.0,0.0,0.5,1,6,5,0,0,1
19,19,0.0,1.6538789999999999,10.624224,0.413046128528579,0.8988975694444444,3.3600000000000003,1.3,1.0,2015-01-01,2015-01-19,61.373295474006596,66.81135166810117,0.0,0.0,0.0,0.0,0.0,22.637086111213815,0.0,0.0,6.05915058722398,0.0,0.0,3.5,0.0,0.0,0.5,1,6,5,0,0,1
20,20,0.0,1.8792209999999994,11.274249,0.4284036901817853,0.25059895833333334,3.3600000000000003,1.3,2.0,2015-01-01,2015-01-20,62.451515277379976,68.00892809159382,0.0,0.0,0.0,0.0,0.0,23.03566702539063,0.0,0.0,6.081221532917526,0.0,0.0,3.5,0.0,0.0,0.5,1,6,5,0,0,1
21,21,0.0,2.5899149999999995,14.264364,0.4990527161007499,0.53375,3.3600000000000003,1.3,1.0,2015-01-01,2015-01-21,63.52920925960667,69.20827968696511,0.0,0.0,0.0,0.0,0.0,23.43727481383425,0.0,0.0,6.103808770541269,0.0,0.0,3.5,0.0,0.0,0.5,1,6,5,0,0,1
22,22,0.0,5.7187019999999995,13.423665,0.5477062496291808,0.5998350694444444,3.3600000000000003,1.3,5.0,2015-01-01,2015-01-22,64.60617720315295,70.40939404937455,0.0,0.0,0.0,0.0,0.0,23.841814304494477,0.0,0.0,6.126922137008192,0.0,0.0,3.5,0.0,0.0,0.5,1,6,5,0,0,1
23,23,0.0,3.3872789999999995,11.976276,0.4694452143451774,0.9987673611111112,3.3600000000000003,1.3,1.0,2015-01-01,2015-01-23,65.68223726019252,71.6122587548382,0.0,0.0,0.0,0.0,0.0,24.24919685064567,0.0,0.0,6.150568134747012,0.0,0.0,3.5,0.0,0.0,0.5,1,6,5,0,0,1
24,24,0.0,2.9279279999999996,10.390215,0.4313484635933993,0.5646354166666667,3.3600000000000003,1.3,2.0,2015-01-01,2015-01-24,66.75722359964048,72.8168613607317,0.0,0.0,0.0,0.0,0.0,24.659339549406102,0.0,0.0,6.109413754905301,0.0,0.0,3.5,0.0,0.0,0.5,1,6,5,0,0,1
25,25,0.0,3.1272689999999996,12.452961,0.4736498847871605,0.33623263888888894,3.3600000000000003,1.3,2.0,2015-01-01,2015-01-25,67.83211998164572,74.02318940629118,0.21492418241052075,0.013464585828198403,0.20145959658232235,0.0,0.0,25.045704431535658,0.0,2.1263985434687713,6.230102551062562,0.0,0.0,3.5,2.5,0.0,0.0,1,6,5,0,0,1
26,26,0.0,5.224683,13.753011,0.5440699821682798,0.7782899305555556,3.3600000000000003,1.3,4.0,2015-01-01,2015-01-26,69.02214320407002,75.23123041311374,0.23724484684088656,0.01458414238309317,0.2226607044577934,0.0,0.0,25.420121019811063,0.0,2.346516495838842,6.270577741969411,0.0,0.0,3.5,2.5,0.0,0.0,1,6,5,0,0,1
27,27,0.0,6.238721999999999,14.905722,0.5936612379565486,0.5299565972222222,3.3600000000000003,1.3,4.0,2015-01-01,2015-01-27,70.2196800627435,76.44097188565559,0.2600773421989362,0.015728429631508556,0.2443489125674276,0.0,0.0,25.80007258920442,0.0,2.571679511776714,6.311185031205511,0.0,0.0,3.5,2.5,0.0,0.0,1,6,5,0,0,1
28,28,0.0,6.1347179999999994,14.264364,0.5761700559730059,0.95,6.108333333333333,1.3,7.0,2015-01-01,2015-01-28,71.42475746636568,77.65240131172942,0.283423283430303,0.016897525756984208,0.26652575767331876,0.0,0.0,26.18553478774136,0.0,2.8019035100231835,6.351993395403747,0.0,0.0,3.5,2.5,0.0,0.0,1,6,5,0,0,1
29,29,0.0,8.630813999999999,15.347739,0.6645174699512197,0.999227430555556,4.32,1.3,7.0,2015-01-01,2015-01-29,72.63741729199155,78.86550616299996,0.3063424875758027,0.017149637211610017,0.2891928503641927,0.0,0.0,26.576491632097014,0.0,3.0256180509543587,6.39022758947613,0.0,0.0,3.5,2.5,0.0,0.0,1,6,5,0,0,1
30,30,0.0,10.338213,14.281697999999999,0.6815489942402565,1.0554600694444443,6.418333333333333,1.3,4.0,2015-01-01,2015-01-30,73.85791022035168,80.08027389547806,0.32972138161717374,0.017368878842945176,0.31235250277422855,0.0,0.0,26.973150756364184,0.0,3.2537221792187117,6.428419187257212,0.0,0.0,3.5,2.5,0.0,0.0,1,6,5,0,0,1
31,31,0.0,6.4987319999999995,14.758382999999998,0.5963455711133926,1.107734375,28.85375,1.3,2.0,2015-01-01,2015-01-31,75.08639823424221,81.29669195001316,0.3520099072823267,0.017600495364116335,0.33440941191821033,0.0,0.0,27.37572806633259,0.0,3.4712458272446822,6.4635821890444465,0.0,0.0,3.5,2.5,0.0,0.5,1,6,5,0,0,1
32,32,0.0,6.9147479999999995,15.278403,0.6190630288836136,0.5241840277777778,29.040000000000003,1.3,1.0,2015-01-01,2015-02-01,76.32228750611303,82.51474775278467,0.3569000776235688,0.01784500388117844,0.33905507374239036,0.0,0.0,27.783983321271815,0.0,3.519468854609472,6.461531612848236,0.0,0.0,3.5,0.0,0.0,0.5,1,6,5,0,0,1
33,33,0.0,7.365432,16.491783,0.6613377961911532,0.6120225694444444,29.040000000000003,1.3,3.0,2015-01-01,2015-02-02,77.5587343408709,83.73442871579107,0.36221458444269344,0.018110729222134674,0.34410385522055875,0.0,0.0,28.195598982430187,0.0,3.5718763557567437,6.459710813193194,0.0,0.0,3.5,0.0,0.0,0.5,1,6,5,0,0,1
34,34,0.0,9.176835,18.034509,0.7543437884444673,0.6677430555555556,29.040000000000003,1.3,3.0,2015-01-01,2015-02-03,78.79575592860006,84.95572223733785,0.3679317725692284,0.01839658862846142,0.34953518394076694,0.0,0.0,28.610476505692937,0.0,3.628254784366964,6.458119484052007,0.0,0.0,3.5,0.0,0.0,0.5,1,6,5,0,0,1
35,35,0.0,11.523425249999999,18.84054,0.852059682819204,1.1004600694444444,29.040000000000003,1.3,5.0,2015-01-01,2015-02-04,80.03337055143264,86.17861570252404,0.3740306140980827,0.018701530704904136,0.35532908339317854,0.0,0.0,29.028525479685413,0.0,3.743572578952616,6.468776247335838,0.0,0.0,3.5,0.0,0.0,0.5,1,6,5,0,0,1
36,36,0.0,4.279979999999999,14.732382000000001,0.5448337376064113,1.135720486111111,7.721250000000001,1.3,2.0,2015-01-01,2015-02-05,81.27159447816129,87.40309648372642,0.3804906840178203,0.019024534200891022,0.3614661498169293,0.0,0.0,29.44965840347861,0.0,3.8082296944348926,6.467858813993434,0.0,0.0,3.5,0.0,0.0,0.5,1,6,5,0,0,1
37,37,0.0,4.522656,15.261068999999999,0.5620737041028031,0.7391059027777778,2.4000000000000004,1.3,0.0,2015-01-01,2015-02-06,82.51044880893576,88.62915194108263,0.38729275918749156,0.01936463795937458,0.36792812122811697,0.0,0.0,29.87380229521009,0.0,3.876309849174521,6.46716642097898,0.0,0.0,3.5,0.0,0.0,0.5,1,6,5,0,0,1
38,38,0.0,4.8,15.703085999999999,0.5785830791155798,0.9317274305555555,2.4000000000000004,1.3,6.0,2015-01-01,2015-02-07,83.74995231587705,89.85676942297243,0.39441837104654187,0.019720918552327094,0.37469745249421477,0.0,0.0,30.30088624280075,0.0,3.947628196278603,6.4666903953322485,0.0,0.0,3.5,0.0,0.0,0.5,1,6,5,0,0,1
39,39,0.0,11.04024,16.743126,0.7713042031782075,1.594626736111111,4.187916666666667,1.3,7.0,2015-01-01,2015-02-08,84.9901233681352,91.0859362664973,0.40184997578204334,0.02009249878910217,0.38175747699294116,0.0,0.0,30.73084453845344,0.0,4.022009144406401,6.466421357069974,0.0,0.0,3.5,0.0,0.0,0.5,1,6,5,0,0,1
40,40,0.0,11.802935999999999,16.465782,0.7859569542673281,1.5727604166666667,5.870833333333334,1.3,6.0,2015-01-01,2015-02-09,86.2309797690045,92.31663979795815,0.4095709470480038,0.020478547352400192,0.3890923996956036,0.0,0.0,31.163616166486623,0.0,4.09928628489884,6.46634949055207,0.0,0.0,3.5,0.0,0.0,0.5,1,6,5,0,0,1
41,41,0.0,11.568926999999999,15.495078,0.750028695896142,1.6433854166666668,12.339166666666666,1.3,7.0,2015-01-01,2015-02-10,87.47253864034,93.54886733333126,0.4175655547695107,0.020878277738475535,0.3966872770310351,0.0,0.0,31.599144353223974,0.0,4.1793021796348455,6.466464750116365,0.0,0.0,3.5,0.0,0.0,0.5,1,6,5,0,0,1
42,42,0.0,12.140948999999999,15.001058999999998,0.752310443752916,1.3565017361111111,12.6225,1.3,7.0,2015-01-01,2015-02-11,88.71481634328353,94.78260617874298,0.4258189348838088,0.02129094674419044,0.4045279881396183,0.0,0.0,32.037376170002894,0.0,4.36192030038632,6.478155535201694,0.0,0.0,3.5,0.0,0.0,0.5,1,6,5,0,0,1
43,43,0.0,8.02195725,15.278403,0.6469165689241436,1.130980902777778,14.504583333333333,1.3,5.0,2015-01-01,2015-02-12,89.95782423653303,96.01784363094185,0.43431678263570483,0.021715839131785243,0.41260094350391957,0.0,0.0,32.47825512175237,0.0,4.448968882734359,6.477670037380378,0.0,0.0,3.5,0.0,0.0,0.5,1,6,5,0,0,1
44,44,0.0,7.460768999999999,15.174399000000001,0.6300532827773128,0.4865711805555556,16.799999999999997,1.3,0.0,2015-01-01,2015-02-13,91.20158132307223,97.25456697776946,0.44347368988160707,0.022173684494080356,0.4213000053875267,0.0,0.0,32.921742323489134,0.0,4.542768609173379,6.801019399237676,5.5,0.0,3.5,0.0,0.0,0.0,1,6,5,0,0,1
45,45,0.0,5.365521749999999,14.732382000000001,0.5692323167753089,0.6110850694444445,16.799999999999997,1.3,2.0,2015-01-01,2015-02-14,92.21832506061294,98.49276349862924,0.4688325515094563,0.02344162757547282,0.4453909239339835,0.0,0.0,33.71598985510196,0.0,4.802534731033098,6.5080141445546165,0.0,0.0,3.5,0.0,0.0,0.5,1,6,5,0,0,1
46,46,0.0,4.982006999999999,13.423665,0.5316036357509248,0.663810763888889,16.799999999999997,1.3,2.0,2015-01-01,2015-02-15,93.46702228389773,99.73242046495363,0.477459737549783,0.02387298687748915,0.4535867506722938,0.0,0.0,34.15878209532063,0.0,4.890908203515665,6.507222847531847,0.0,0.0,3.5,0.0,0.0,0.5,1,6,5,0,0,1
47,47,0.0,7.062087,11.421588,0.5332886142939034,0.4917708333333333,13.88583333333333,1.3,7.0,2015-01-01,2015-02-16,94.71640720893728,100.97352514066893,0.48630502019056226,0.024315251009528114,0.4619897691810341,0.0,0.0,34.60424026631372,0.0,4.981515771081908,6.506606000968928,0.0,0.0,3.5,0.0,0.0,0.5,1,6,5,0,0,1
48,48,0.0,7.330763999999999,14.099691,0.6004962057778098,0.6381684027777778,7.84375,1.3,4.0,2015-01-01,2015-02-17,95.96649470145783,102.21606478265892,0.4953567714945407,0.024767838574727037,0.4705889329198137,0.0,0.0,35.05231939672978,0.0,5.074238321753934,6.506150837113052,0.0,0.0,3.5,0.0,0.0,0.5,1,6,5,0,0,1
49,49,0.0,6.92124825,14.94039,0.6109315455200022,0.7489149305555556,4.347916666666666,1.3,4.0,2015-01-01,2015-02-18,97.21729868388738,103.46002664122614,0.5046040250452445,0.025230201252262226,0.4793738237929822,0.0,0.0,35.50297717691385,0.0,5.168963519910376,6.505845281780676,0.0,0.0,3.5,0.0,0.0,0.5,1,6,5,0,0,1
50,50,0.0,6.4900649999999995,11.863605,0.530482927673452,0.7565711805555555,8.301666666666668,1.3,6.0,2015-01-01,2015-02-19,98.46883216187052,104.70539796055101,0.5140364357789345,0.025701821788946727,0.4883346139899878,0.0,0.0,35.95617374639228,0.0,5.265585394820872,6.505677914621449,0.0,0.0,3.5,0.0,0.0,0.5,1,6,5,0,0,1
51,51,0.0,6.7450192499999995,11.707598999999998,0.5326171795500185,1.2383680555555554,8.0,1.3,6.0,2015-01-01,2015-02-20,99.72110725399249,105.95216597914958,0.5239251179134271,0.026196255895671358,0.49772886201775574,0.0,0.0,36.41187150202637,0.0,5.3668811330159825,6.7838548908060785,5.5,0.0,3.5,0.0,0.0,0.0,1,6,5,0,0,1
52,52,0.0,-1.1217277499999998,7.547439,0.3222889400477366,0.740407986111111,10.895,1.3,4.0,2015-01-01,2015-02-21,100.74142482789946,107.20031793032922,0.5486866355063491,0.027434331775317455,0.5212523037310316,0.0,0.0,37.211935743719565,0.0,5.620528299472804,6.5343980654020335,0.0,0.0,3.5,0.0,0.0,0.5,1,6,5,0,0,1
53,53,0.0,-1.4481847500000002,6.403395,0.3024692413901447,1.455078125,2.88,1.3,5.0,2015-01-01,2015-02-22,101.99831208796644,108.44984104264182,0.558168153052479,0.027908407652623958,0.5302597453998551,0.0,0.0,37.66723918045162,0.0,5.717653205095466,6.53388036828572,0.0,0.0,3.5,0.0,0.0,0.5,1,6,5,0,0,1
54,54,0.0,-1.570245,7.868117999999999,0.3205213947628482,1.389765625,2.88,1.3,2.0,2015-01-01,2015-02-23,103.25588449068015,109.70072254033568,0.5678164402979129,0.028390822014895647,0.5394256182830173,0.0,0.0,38.1250917827857,0.0,5.8164864333813355,6.533484312907912,0.0,0.0,3.5,0.0,0.0,0.5,1,6,5,0,0,1
55,55,0.0,0.024483000000000033,10.381548,0.3818252112626945,0.8916319444444445,2.88,1.3,0.0,2015-01-01,2015-02-24,104.51415392198874,110.95294964380486,0.5776228579624624,0.02888114289812312,0.5487417150643392,0.0,0.0,38.58545661514879,0.0,5.916939486970266,6.533200312412713,0.0,0.0,3.5,0.0,0.0,0.5,1,6,5,0,0,1
56,56,0.0,0.81318,10.26021,0.3927067660858445,0.4376736111111111,2.88,1.3,5.0,2015-01-01,2015-02-25,105.7731314315626,112.20650957003676,0.5875792414946827,0.029378962074734134,0.5582002794199485,0.0,0.0,39.048298696801105,0.0,6.01892873143511,6.5330192697323834,0.0,0.0,3.5,0.0,0.0,0.5,1,6,5,0,0,1
57,57,0.0,2.351572499999999,10.936236000000001,0.4308046652068463,0.9190538194444444,2.88,1.3,1.0,2015-01-01,2015-02-26,107.03282727039117,113.46138953305785,0.5976778713464743,0.029883893567323724,0.5677939777791506,0.0,0.0,39.51358486143343,0.0,6.122375090786503,6.532932550671482,0.0,0.0,3.5,0.0,0.0,0.5,1,6,5,0,0,1
58,58,0.0,1.4718719999999994,12.955646999999999,0.4516573672501419,0.7386718750000001,2.88,1.3,0.0,2015-01-01,2015-02-27,108.29325092771761,114.71757674437652,0.6079114452205151,0.030395572261025756,0.5775158729594894,0.0,0.0,39.98128362901673,0.0,6.227203763186571,6.532931958393075,0.0,0.0,3.5,0.0,0.0,0.5,1,6,5,0,0,1
59,59,0.0,4.357982999999999,15.226401,0.5575729608953012,0.59984375,2.88,1.3,0.0,2015-01-01,2015-02-28,109.55441116711101,115.97505841342536,0.6191351166058795,0.030956755830293975,0.5881783607755855,0.0,0.0,40.45136508865378,0.0,6.34217460184607,6.7614725899095145,5.5,0.0,3.5,0.0,0.0,0.0,1,6,5,0,0,1
60,60,0.0,8.275466999999999,17.8005,0.7216490824250477,0.6559809027777778,2.88,1.3,0.0,2015-01-01,2015-03-01,110.57923767243813,117.23382174799934,0.642423306077388,0.0321211653038694,0.6103021407735185,0.0,0.0,41.258074575143425,0.0,6.580729579310222,6.559752428585469,0.0,0.0,3.5,0.0,0.0,0.5,1,6,5,0,0,1
61,61,0.0,7.001417999999999,15.590415,0.6289682595856247,0.4431684027777778,2.88,1.3,2.0,2015-01-01,2015-03-02,111.84466763838847,118.49385395469415,0.6526450971592211,0.032632254857961056,0.6200128423012601,0.0,0.0,41.72802884081338,0.0,6.6854375534596615,6.559366801791727,0.0,0.0,3.5,0.0,0.0,0.5,1,6,5,0,0,1
62,62,0.0,6.8800799999999995,14.654378999999999,0.602998789358753,0.9071961805555555,3.330833333333333,1.3,3.0,2015-01-01,2015-03-03,113.11078133942635,119.75514223934044,0.6629898731637413,0.03314949365818706,0.6298403795055542,0.0,0.0,42.20040586705673,0.0,6.791405336384528,6.559056848406875,0.0,0.0,3.5,0.0,0.0,0.5,1,6,5,0,0,1
63,63,0.0,7.7532802499999995,13.510335000000001,0.5965007623666945,0.7053211805555555,2.4000000000000004,1.3,3.0,2015-01-01,2015-03-04,114.37758740116597,121.01767380743667,0.6734514336354325,0.033672571681771624,0.6397788619536608,0.0,0.0,42.67517602507006,0.0,6.898569413077456,6.5588155489621585,0.0,0.0,3.5,0.0,0.0,0.5,1,6,5,0,0,1
64,64,0.0,4.422263249999999,13.72701,0.5260980930813068,0.9900086805555556,3.998333333333333,1.3,4.0,2015-01-01,2015-03-05,115.64509379362006,122.28143586458077,0.6840238993484838,0.034201194967424194,0.6498227043810596,0.0,0.0,43.15231108112747,0.0,7.006869559080779,6.55863622026688,0.0,0.0,3.5,0.0,0.0,0.5,1,6,5,0,0,1
65,65,0.0,3.3959459999999995,12.088947000000001,0.4717957505070064,1.388203125,3.3600000000000003,1.3,0.0,2015-01-01,2015-03-06,116.91330786403996,123.546415616898,0.694701692939822,0.0347350846469911,0.6599666082928308,0.0,0.0,43.631784106331075,0.0,7.116248642099015,6.558512497892131,0.0,0.0,3.5,0.0,0.0,0.5,1,6,5,0,0,1
66,66,0.0,3.7079579999999996,16.84713,0.5797929283047699,0.5369618055555556,3.3600000000000003,1.3,1.0,2015-01-01,2015-03-07,118.18223636839082,124.8126002714676,0.7150400915524544,0.035752004577622724,0.6792880869748317,0.0,0.0,44.11356939344243,0.0,7.324587131814129,6.5740699876900255,0.0,0.0,3.5,0.0,0.0,0.5,1,6,5,0,0,1
67,67,0.0,8.327469,18.736536,0.750028695896142,0.37805555555555553,3.3600000000000003,1.3,7.0,2015-01-01,2015-03-08,119.45609826433977,126.07997703674727,0.7363880206714355,0.03681940103357178,0.6995686196378638,0.0,0.0,44.59793207465417,0.0,7.543266851683095,6.591111442848963,0.0,0.0,3.5,0.0,0.0,0.5,1,6,5,0,0,1
68,68,0.0,6.299391,16.344444,0.6302704851908877,1.2407118055555555,3.230833333333333,1.3,3.0,2015-01-01,2015-03-09,120.73532959665133,127.34853312299492,0.7591979036814814,0.037959895184074076,0.7212380084974074,0.0,0.0,45.08490881268587,0.0,7.776922247439752,6.78578072908916,5.5,0.0,3.5,0.0,0.0,0.0,1,6,5,0,0,1
69,69,0.0,2.5436909999999995,12.184284,0.4573010318029994,1.1030815972222223,2.88,1.3,2.0,2015-01-01,2015-03-10,121.76528300932733,128.6182557426888,0.7915993499418381,0.03957996749709191,0.7520193824447462,0.0,0.0,45.89876326469346,0.0,8.108829813371482,6.650077381674634,0.0,0.0,3.5,0.0,0.0,0.5,1,6,5,0,0,1
70,70,0.0,1.7665499999999996,15.919761000000001,0.5162844080676127,0.6993836805555556,2.88,1.3,0.0,2015-01-01,2015-03-11,123.0577453229945,129.88913211094507,0.8125924832576845,0.04062962416288424,0.7719628590948003,0.0,0.0,46.386481464147934,0.0,8.323875145735801,6.6659829599433715,0.0,0.0,3.5,0.0,0.0,0.5,1,6,5,0,0,1
71,71,0.0,6.351393,16.977135,0.6476393398195057,0.872734375,2.88,1.3,2.0,2015-01-01,2015-03-12,124.35546672693424,131.16114944593312,0.8335683636599113,0.041678418182995565,0.7918899454769157,0.0,0.0,46.876915652179186,0.0,8.53874374609504,6.681701629550437,0.0,0.0,3.5,0.0,0.0,0.5,1,6,5,0,0,1
72,72,0.0,9.462845999999999,14.784384,0.671606128584187,0.7374565972222222,2.88,1.3,7.0,2015-01-01,2015-03-13,125.65843295476631,132.434294969289,0.8545273744987101,0.04272636872493551,0.8118010057737746,0.0,0.0,47.370072084303814,0.0,8.753439541336556,6.6972373643069485,0.0,0.0,3.5,0.0,0.0,0.5,1,6,5,0,0,1
73,73,0.0,8.318802,20.088588,0.790188164410532,0.40512152777777777,2.88,1.3,1.0,2015-01-01,2015-03-14,126.96663024456345,133.70855590652582,0.8754698931208424,0.04377349465604213,0.8316963984648004,0.0,0.0,47.865957055346364,0.0,8.967966396850917,6.712593964693731,0.0,0.0,0.0,0.0,0.0,0.5,1,6,5,0,0,1
74,74,0.0,9.974198999999999,19.897914,0.8361185615405324,0.5864496527777778,5.47625,1.3,5.0,2015-01-01,2015-03-15,128.28004532288716,134.98391948744325,0.896396290120854,0.04481981450604271,0.8515764756148113,0.0,0.0,48.364576901530135,0.0,9.182328108861679,6.727775066541197,0.0,0.0,3.5,0.0,0.0,0.5,1,6,5,0,0,1
75,75,0.0,11.178912,18.251184,0.8220168854363613,0.4928645833333334,6.219166666666667,1.3,3.0,2015-01-01,2015-03-16,129.59866538928418,136.26037294653287,0.918018627196614,0.0459009313598307,0.8721176958367832,0.0,0.0,48.86593800240667,0.0,9.403818755016928,6.885556841126622,5.5,0.0,3.5,0.0,0.0,0.0,1,6,5,0,0,1
76,76,0.0,10.866900000000001,18.069177,0.8065039934756427,1.039201388888889,10.8925,1.3,4.0,2015-01-01,2015-03-17,130.63209439883624,137.53790352338297,0.9506758662492132,0.04753379331246066,0.9031420729367525,0.0,0.0,49.684702648258344,0.0,9.738346560871708,6.783747854970558,0.0,0.0,3.5,0.0,0.0,0.5,1,6,5,0,0,1
77,77,0.0,9.901974,18.199182,0.7808708356431103,0.7625434027777778,12.544583333333334,1.3,3.0,2015-01-01,2015-03-18,131.96360022508355,138.8164984630801,0.9712844000725083,0.048564220003625425,0.9227201800688829,0.0,0.0,50.187055108773116,0.0,9.949452208556346,6.79792603820178,0.0,0.0,3.5,0.0,0.0,0.5,1,6,5,0,0,1
78,78,0.0,9.532181999999999,18.129846,0.7676787757257568,0.9046354166666664,3.8341666666666665,1.3,4.0,2015-01-01,2015-03-19,133.3002184423574,140.09614501660838,0.9918850488784109,0.049594252443920545,0.9422907964344903,0.0,0.0,50.6922453268397,0.0,10.160477085249807,6.811953470860933,0.0,0.0,3.5,0.0,0.0,0.5,1,6,5,0,0,1
79,79,0.0,12.582965999999999,15.685752,0.7859569542673281,2.2368229166666667,8.57125,1.3,5.0,2015-01-01,2015-03-20,134.64193949544804,141.37683044124697,1.0124779437126297,0.05062389718563148,0.9618540465269981,0.0,0.0,51.20027806617693,0.0,10.371422533332355,6.825832752421842,0.0,0.0,3.5,0.0,0.0,0.5,1,6,5,0,0,1
80,80,0.0,12.643635,19.299891,0.9050749137410654,1.0351822916666666,5.38125,1.3,4.0,2015-01-01,2015-03-21,135.98875418513083,142.65854200096453,1.033063213053579,0.051653160652678956,0.9814100524009001,0.0,0.0,51.71115819313147,0.0,10.582289868885924,6.839566371347026,0.0,0.0,3.5,0.0,0.0,0.5,1,6,5,0,0,1
81,81,0.0,8.081904,17.54049,0.7089406117877947,1.7464496527777778,16.868333333333332,1.3,5.0,2015-01-01,2015-03-22,137.34065365685692,143.94126696681207,1.053654761224048,0.05268273806120241,1.0009720231628456,0.0,0.0,52.22489067601718,0.0,10.79322152227908,6.965362578440558,5.5,0.0,3.5,0.0,0.0,0.0,1,6,5,0,0,1
82,82,0.0,7.088087999999999,12.296955,0.5531040296689078,0.8810590277777778,3.8833333333333337,1.3,3.0,2015-01-01,2015-03-23,138.37678845856612,145.22499261731258,1.0865439211159036,0.05432719605579518,1.0322167250601084,0.0,0.0,53.047538553976686,0.0,11.13012503323751,6.8931106208965005,0.0,0.0,3.5,0.0,0.0,0.5,1,6,5,0,0,1
83,83,0.0,6.966749999999999,15.477744000000001,0.6252914841858919,0.6175347222222222,2.4000000000000004,1.3,8.0,2015-01-01,2015-03-24,139.74130834184,146.5097062388494,1.1068415200584776,0.05534207600292388,1.0514994440555536,0.0,0.0,53.56247692529998,0.0,11.338045587312617,6.905936484241627,0.0,0.0,3.5,0.0,0.0,0.5,1,6,5,0,0,1
84,84,0.0,9.532181999999999,15.625083,0.6961133425704069,0.7075173611111111,4.993333333333333,1.3,7.0,2015-01-01,2015-03-25,141.11083346711993,147.795395126051,1.1271385687321698,0.05635692843660849,1.0707816402955612,0.0,0.0,54.08035957787344,0.0,11.545960504651521,6.918636545748825,0.0,0.0,3.5,0.0,0.0,0.5,1,6,5,0,0,1
85,85,0.0,7.73450175,14.290364999999998,0.6149234428936368,0.7983854166666666,7.485833333333334,1.3,7.0,2015-01-01,2015-03-26,142.48535765611112,149.08204658217466,1.408740541564975,0.07043702707824875,1.3383035144867261,0.0,0.0,54.601190048766966,0.0,12.803898394140793,6.931212527771162,0.0,0.0,3.5,0.0,0.0,0.5,1,6,5,0,0,1
86,86,0.0,7.313429999999999,17.757165,0.6937458836541361,0.7658854166666667,2.88,1.3,1.0,2015-01-01,2015-03-27,143.83559302949251,150.36964791948662,1.434295289214095,0.07171476446070475,1.3625805247533902,0.0,0.0,55.113854112193984,0.0,13.03616287630282,6.944878376657163,0.0,0.0,3.5,0.0,0.0,0.5,1,6,5,0,0,1
87,87,0.0,8.769486,19.958582999999997,0.8000496450074712,0.43171006944444446,2.88,1.3,3.0,2015-01-01,2015-03-28,145.1892969852087,151.6581864596405,0.944900035754108,0.0472450017877054,0.8976550339664026,0.0,0.0,55.6288000396998,0.0,8.79546112677983,6.186320136797917,0.0,4.5,0.0,0.0,0.0,0.0,1,6,5,0,0,1
88,88,0.0,11.854938,21.336636,0.948990858464783,0.4645052083333334,3.21125,1.3,6.0,2015-01-01,2015-03-29,146.1016995384572,152.9476495340532,1.2563803703279417,0.0628190185163971,1.1935613518115447,0.0,0.0,56.35470900519351,0.0,11.41911241384544,6.538816920703834,0.0,4.5,0.0,0.0,0.0,0.5,1,6,5,0,0,1
89,89,0.0,12.873310499999999,18.502527,0.8856971051001753,1.2117621527777778,18.2675,1.3,7.0,2015-01-01,2015-03-30,147.4013529889819,154.2380244842784,1.5263658742438941,0.07631829371219472,1.4500475805316995,0.0,0.0,56.84625149036478,0.0,13.872982986911019,7.016564642086816,0.0,0.0,3.5,0.0,0.0,0.5,1,6,5,0,0,1
90,90,0.0,10.927569,17.592492,0.7936407589971772,1.340720486111111,10.759166666666664,1.3,1.0,2015-01-01,2015-03-31,148.76746390270497,155.52929866237736,1.5516252183365502,0.07758126091682752,1.4740439574197226,0.0,0.0,57.36374767258311,0.0,14.102562576425576,7.0293845178993575,0.0,0.0,3.5,0.0,0.0,0.5,1,6,5,0,0,1
91,91,0.0,10.008866999999999,18.207849,0.7843753949993675,0.476640625,18.48,1.3,3.0,2015-01-01,2015-04-01,150.13697833628012,156.82145943128802,1.5768950296477295,0.07884475148238648,1.498050278165343,0.0,0.0,57.883597005591014,0.0,14.332237301416464,7.042128409904464,0.0,0.0,3.5,0.0,0.0,0.5,1,6,5,0,0,1
92,92,0.0,10.944903,19.767909,0.8635272486423664,0.5868836805555556,18.48,1.3,0.0,2015-01-01,2015-04-02,151.5098909523845,158.11449416519065,1.6021743603479173,0.08010871801739589,1.5220656423305214,0.0,0.0,58.405797323790225,0.0,14.561998547158362,7.054796179585577,0.0,0.0,0.0,0.0,0.0,0.5,1,6,5,0,0,1
93,93,0.0,11.282916,21.2673,0.9261947422256398,0.8253559027777777,18.48,1.3,6.0,2015-01-01,2015-04-03,152.88619651516885,159.40839024987196,1.627781880876676,0.08138909404383382,1.5463927868328422,0.0,0.0,58.93034668132407,0.0,14.794742676614497,7.12047629007299,5.5,0.0,0.0,0.0,0.0,0.0,1,6,5,0,0,1
94,94,0.0,13.198322999999998,21.067959,0.988295387152221,0.4622222222222222,18.48,1.3,2.0,2015-01-01,2015-04-04,153.928919214637,160.70313508308658,1.666998055242548,0.0833499027621274,1.5836481524804207,0.0,0.0,59.76141229418604,0.0,15.151174465984116,7.105276382434521,0.0,0.0,0.0,0.0,0.0,0.5,1,6,5,0,0,1
95,95,0.0,12.825641999999998,22.784025,1.0394303616078835,0.9647916666666664,18.48,1.3,1.0,2015-01-01,2015-04-05,155.31373353787967,161.99871607491542,1.6920221067990462,0.08460110533995233,1.607421001459094,0.0,0.0,60.28617341635271,0.0,15.378615505753734,7.117310162050909,0.0,0.0,0.0,0.0,0.0,0.5,1,6,5,0,0,1
96,96,0.0,12.236286,22.420011,1.0029084476196362,1.108446180555556,18.48,1.3,1.0,2015-01-01,2015-04-06,156.70189402189882,163.29512064812286,1.7170586175155877,0.08585293087577939,1.6312056866398084,0.0,0.0,60.813355989795134,0.0,15.60616978555198,7.129275158798598,0.0,0.0,0.0,0.0,0.0,0.5,1,6,5,0,0,1
97,97,0.0,15.053061,24.612762,1.2081836184778427,1.259262152777778,18.48,1.3,4.0,2015-01-01,2015-04-07,158.09339650699968,164.59233623850974,1.7421066066880115,0.0871053303344006,1.655001276353611,0.0,0.0,61.342956963059706,0.0,15.83382839185927,7.141171037567272,0.0,0.0,0.0,0.0,0.0,0.5,1,6,5,0,0,1
98,98,0.0,14.6933805,23.711394,1.1533182839370284,0.6428732638888889,18.48,1.3,1.0,2015-01-01,2015-04-08,159.48823690556088,165.89035029526616,1.7671651259824683,0.08835825629912342,1.678806869683345,0.0,0.0,61.874973538045026,0.0,16.061582705366433,7.152997464653846,0.0,0.0,0.0,0.0,0.0,0.5,1,6,5,0,0,1
99,99,0.0,13.310994,26.666840999999998,1.222106375124246,1.0178385416666667,18.48,1.3,1.0,2015-01-01,2015-04-09,160.88641120064065,167.18915028131931,1.5551466821696371,0.07775733410848186,1.4773893480611553,0.0,0.0,62.409403162100034,0.0,14.134568800273863,6.818837191004134,0.0,4.5,0.0,0.0,0.0,0.0,1,6,5,0,0,1
100,100,0.0,17.375817,26.20749,1.393485353243293,1.600251736111111,11.375833333333334,1.3,3.0,2015-01-01,2015-04-10,161.877674106077,168.48872367368102,1.8312860695081634,0.09156430347540818,1.7397217660327553,0.0,0.0,63.200881959971596,0.0,16.644371389028077,7.20302954497088,0.0,0.0,0.0,0.0,0.0,0.5,1,6,5,0,0,1
101,101,0.0,19.10055,22.48068,1.2958941967503124,1.9394270833333336,8.375416666666666,1.3,7.0,2015-01-01,2015-04-11,163.28426732357875,169.78905796379138,1.8560980181206965,0.09280490090603484,1.7632931172146618,0.0,0.0,63.73583337003082,0.0,16.869884646879367,7.214238144937892,0.0,0.0,0.0,0.0,0.0,0.5,1,6,5,0,0,1
102,102,0.0,17.5910475,20.946621,1.158995339420398,2.263532986111111,8.004583333333333,1.3,6.0,2015-01-01,2015-04-12,164.69415096243557,171.09014065786073,1.880816199782336,0.0940408099891168,1.7867753897932193,0.0,0.0,64.27326325602355,0.0,17.094545666524592,7.225383736960843,0.0,0.0,0.0,0.0,0.0,0.5,1,6,5,0,0,1
103,103,0.0,10.355547,18.771204,0.8124606518261327,1.4231163194444445,5.258333333333334,1.3,2.0,2015-01-01,2015-04-13,166.10729482575059,172.39195927720812,1.905117480370188,0.0952558740185094,1.8098616063516786,0.0,0.0,64.81315784333876,0.0,17.31541751504022,7.236466807326503,0.0,0.0,0.0,0.0,0.0,0.5,1,6,5,0,0,1
104,104,0.0,9.592851,17.055138,0.7379618997368121,0.8658680555555556,4.5600000000000005,1.3,2.0,2015-01-01,2015-04-14,167.52358691442794,173.69450135859898,1.9309578457045804,0.09654789228522903,1.8344099534193514,0.0,0.0,65.35547214934697,0.0,17.550277947069446,7.247676124607279,5.5,0.0,0.0,0.0,0.0,0.0,1,6,5,0,0,1
105,105,0.0,10.069536,19.299891,0.8200977726533998,0.755251736111111,4.5600000000000005,1.3,0.0,2015-01-01,2015-04-15,168.57139209954417,174.99775445457874,1.967338227259657,0.09836691136298287,1.868971315896674,0.0,0.0,66.19324895342118,0.0,17.880935506234884,7.283073659485932,0.0,0.0,0.0,0.0,0.0,0.5,1,6,5,0,0,1
106,106,0.0,14.221028999999998,21.362637,1.0384190405814706,1.4548177083333333,4.361666666666667,1.3,3.0,2015-01-01,2015-04-16,169.99578972290814,176.30170613380477,1.9914126138757886,0.09957063069378945,1.8918419831819993,0.0,0.0,66.73630165581295,0.0,18.099745138696928,7.293732600779278,0.0,0.0,0.0,0.0,0.0,0.5,1,6,5,0,0,1
107,107,0.0,13.172322000000001,22.896696,1.0574400787909977,1.3310416666666667,4.887499999999999,1.3,2.0,2015-01-01,2015-04-17,171.42325514454765,177.60634398137523,2.0154976458268647,0.10077488229134324,1.9147227635355215,0.0,0.0,67.28176218779669,0.0,18.318651525517193,7.3043259648613645,5.5,0.0,0.0,0.0,0.0,0.0,1,6,5,0,0,1
108,108,0.0,12.262287,20.617275,0.9378400550225544,1.073810763888889,5.04,1.3,1.0,2015-01-01,2015-04-18,172.84865071229203,178.91165559915618,2.0396429430660508,0.10198214715330255,1.937660795912748,0.0,0.0,67.827663623703,0.0,18.538105657364227,7.315032903193593,5.5,0.0,0.0,0.0,0.0,0.0,1,6,5,0,0,1
109,109,0.0,12.730305000000001,23.798064,1.0757229512614008,1.0260503472222222,5.04,1.3,0.0,2015-01-01,2015-04-19,174.27200528068738,180.2176286061058,1.7370682253762786,0.08685341126881393,1.6502148141074646,0.0,0.0,68.37399586147211,0.0,15.788035060523246,6.71807670150178,0.0,4.5,0.0,0.0,0.0,0.0,1,6,5,0,0,1
110,110,0.0,14.463705000000001,24.049407,1.1579444771909315,0.985824652777778,5.04,1.3,0.0,2015-01-01,2015-04-20,175.2380278440476,181.52425063859556,1.8595068363497407,0.09297534181748704,1.7665314945322537,0.0,0.0,69.14742229719046,0.0,16.90086704637806,7.047907361448967,0.0,4.5,0.0,0.0,0.0,0.0,1,6,5,0,0,1
111,111,0.0,15.46041,26.840180999999998,1.330247320383398,0.8424565972222222,5.04,1.3,0.0,2015-01-01,2015-04-21,176.60674408512716,182.8315093507303,1.4530289848979705,0.07265144924489852,1.3803775356530719,0.0,0.0,69.67122618407736,0.0,13.525303703216528,6.399905785315175,5.5,0.0,0.0,0.0,0.0,0.0,1,6,5,0,0,1
112,112,0.0,18.346521,28.287570000000002,1.5545650097754844,1.81671875,5.04,1.3,2.0,2015-01-01,2015-04-22,177.84631399776464,184.13939241466426,1.837461207288158,0.0918730603644079,1.74558814692375,0.0,0.0,70.14656027274526,0.0,16.700496583392848,6.863305696045596,0.0,4.5,0.0,0.0,0.0,0.0,1,6,5,0,0,1
113,113,0.0,18.259851,25.990814999999998,1.427414829167162,1.3415451388888888,4.2925,1.3,2.0,2015-01-01,2015-04-23,179.17276919551827,185.44788752091557,1.6014955580287311,0.08007477790143656,1.5214207801272945,0.0,0.0,70.65591694027748,0.0,14.907282667325315,6.63561217608166,5.5,0.0,0.0,0.0,0.0,0.0,1,6,5,0,0,1
114,114,0.0,12.966480749999999,25.574799,1.1591499484669658,2.168046875,14.441666666666666,1.3,2.0,2015-01-01,2015-04-24,180.45205863646697,186.75698237867778,2.2020543068932503,0.11010271534466252,2.091951591548588,0.0,0.0,71.14803749060323,0.0,20.01424589691975,7.420164066482288,5.5,0.0,0.0,0.0,0.0,0.0,1,6,5,0,0,1
115,115,0.0,8.616368999999999,17.904504,0.7343090565859625,2.110130208333333,19.92,1.3,1.0,2015-01-01,2015-04-25,181.87934943782093,188.06666471612908,2.226097963240488,0.11130489816202441,2.1147930650784637,0.0,0.0,71.69794251643937,0.0,20.2327762251175,7.430584530607943,5.5,0.0,3.5,0.0,0.0,0.0,1,6,5,0,0,1
116,116,0.0,8.604813,22.532682,0.8776706501065007,1.2997395833333334,19.92,1.3,0.0,2015-01-01,2015-04-26,183.30465426025856,189.37692228073917,2.2523080254918098,0.11261540127459052,2.1396926242172194,0.0,0.0,72.24829886979482,0.0,20.4709967945328,7.383708166664049,5.5,0.0,3.5,0.0,0.0,0.0,1,6,5,0,0,1
117,117,0.0,14.342367,24.578094,1.175484849071729,1.7516579861111112,19.92,1.3,0.0,2015-01-01,2015-04-27,184.35912310434313,190.68774283957316,2.286894342411265,0.11434471712056325,2.1725496252907015,0.0,0.0,73.09405698467796,0.0,20.785348284106814,7.473405675329177,5.5,0.0,0.0,0.0,0.0,0.0,1,6,5,0,0,1
118,118,0.0,14.50487325,25.037445,1.2027110420051073,0.990668402777778,11.572916666666664,1.3,3.0,2015-01-01,2015-04-28,185.78968305634353,191.99911417959328,2.3108074378386605,0.11554037189193303,2.1952670659467275,0.0,0.0,73.64498104212002,0.0,21.002691957485897,7.483576814833286,5.5,0.0,0.0,0.0,0.0,0.0,1,6,5,0,0,1
119,119,0.0,14.489705999999998,27.16086,1.2991711599868014,1.0909288194444444,3.84,1.3,0.0,2015-01-01,2015-04-29,187.2182077321123,193.31102410795785,1.9999966249570447,0.09999983124785224,1.8999967937091924,0.0,0.0,74.19637641443151,0.0,18.177764335600628,6.939511971537836,0.0,4.5,0.0,0.0,0.0,0.0,1,6,5,0,0,1
120,120,0.0,18.346521,29.726292,1.636017852951866,0.7263020833333332,3.84,1.3,2.0,2015-01-01,2015-04-30,188.5392377756068,194.6234604523184,1.4065844565228542,0.07032922282614272,1.3362552336967115,0.0,0.0,74.70742565612605,0.0,13.092981734312223,5.8602502816681055,0.0,4.5,0.0,0.0,0.0,0.0,1,6,5,0,0,1
121,121,0.0,19.741908,32.222388,1.8753016732670285,0.819704861111111,3.84,1.3,4.0,2015-01-01,2015-05-01,189.65219371929606,195.936411061113,1.282819266920903,0.06414096334604516,1.2186783035748578,0.0,0.0,75.13873068395968,0.0,11.940931916551635,5.376307955539176,0.0,4.5,0.0,0.0,0.0,0.0,1,6,5,0,0,1
122,122,0.0,19.863246,30.905004,1.7987029704306996,0.8348784722222222,3.84,1.3,4.0,2015-01-01,2015-05-02,190.67158828649238,197.24986380385866,1.3560332616747357,0.0678016630837368,1.288231598590999,0.0,0.0,75.53409780544379,0.0,12.622433472723841,5.5131920787209445,0.0,4.5,0.0,0.0,0.0,0.0,1,6,5,0,0,1
123,123,0.0,18.121178999999998,30.298314,1.6561937193790888,1.5458072916666665,3.84,1.3,0.0,2015-01-01,2015-05-03,191.7155829682887,198.56380657143956,1.708656487194652,0.0854328243597326,1.6232236628349193,0.0,0.0,75.93916864561221,0.0,15.904774202010511,6.4198313933277396,0.0,4.5,0.0,0.0,0.0,0.0,1,6,5,0,0,1
124,124,0.0,18.23385,29.526951,1.6180435466352407,0.7428211805555556,3.84,1.3,2.0,2015-01-01,2015-05-04,192.92958303256967,199.87822727639406,1.4965477616386471,0.07482738808193236,1.4217203735567148,0.0,0.0,76.41044599119247,0.0,13.930391749172788,5.770012115266631,0.0,4.5,0.0,0.0,0.0,0.0,1,6,5,0,0,1
125,125,0.0,18.84054,27.68088,1.5483385692306475,0.6354947916666666,7.1625000000000005,1.3,5.0,2015-01-01,2015-05-05,194.01856701956427,201.19311385319907,1.5943142164631803,0.07971571082315904,1.5145985056400213,0.0,0.0,76.83372757117645,0.0,14.840436219883365,6.103868773563981,0.0,4.5,0.0,0.0,0.0,0.0,1,6,5,0,0,1
126,126,0.0,17.994785250000003,26.276826,1.4284913116040885,0.8272743055555556,6.847083333333333,1.3,4.0,2015-01-01,2015-05-06,195.1688004725959,202.5084542585505,1.7932554372330838,0.0896627718616542,1.7035926653714295,0.0,0.0,77.28113953429538,0.0,16.69225091729667,6.502730926765084,0.0,4.5,0.0,0.0,0.0,0.0,1,6,5,0,0,1
127,127,0.0,14.49909525,22.914029999999997,1.111720341180562,0.8185763888888888,6.047916666666667,1.3,5.0,2015-01-01,2015-05-07,196.392076744996,203.8242364716436,2.262148602188483,0.11310743010942415,2.1490411720790585,0.0,0.0,77.75743506381897,0.0,20.560436787523976,7.2965012112116465,0.0,4.5,0.0,0.0,0.0,0.0,1,6,5,0,0,1
128,128,0.0,14.16036,27.490206,1.2991711599868014,0.6566753472222222,5.28,1.3,3.0,2015-01-01,2015-05-08,197.76197500517387,205.1404484944481,1.8553661225632845,0.09276830612816422,1.7625978164351201,0.0,0.0,78.29151558143096,0.0,17.270398972866854,6.565913484222046,0.0,4.5,0.0,0.0,0.0,0.0,1,6,5,0,0,1
129,129,0.0,17.939172,27.871554,1.509564230597708,0.750859375,5.28,1.3,4.0,2015-01-01,2015-05-09,198.99170014596848,206.4570783519834,1.7142202247459886,0.08571101123729943,1.6285092135086892,0.0,0.0,78.7718695114986,0.0,15.956563423622015,6.089420016989166,0.0,4.5,0.0,0.0,0.0,0.0,1,6,5,0,0,1
130,130,0.0,16.8427965,25.314789,1.3233552902195522,0.662126736111111,4.669583333333334,1.3,5.0,2015-01-01,2015-05-10,200.12994147371793,207.77411409258917,1.8654179547033503,0.09327089773516752,1.7721470569681828,0.0,0.0,79.21707466416125,0.0,17.363964953918284,6.518982735207288,0.0,4.5,0.0,0.0,0.0,0.0,1,6,5,0,0,1
131,131,0.0,16.387779,26.710176,1.369254712161699,0.7540017361111111,4.345416666666667,1.3,2.0,2015-01-01,2015-05-11,201.34627897948386,209.09154378819466,1.87806582136176,0.09390329106808802,1.784162530293672,0.0,0.0,79.6933674580459,0.0,17.481695735293435,6.511501801542426,0.0,4.5,0.0,0.0,0.0,0.0,1,6,5,0,0,1
132,132,0.0,20.443935,30.549657,1.8129221022495456,0.940746527777778,8.16,1.3,1.0,2015-01-01,2015-05-12,202.5587660957136,210.40935553458525,1.648861797171449,0.08244308985857246,1.5664187073128766,0.0,0.0,80.16882804144251,0.0,15.348184243510616,5.815327594184467,0.0,4.5,0.0,0.0,0.0,0.0,1,6,5,0,0,1
133,133,0.0,21.070125750000003,31.598364,1.9217193462580808,0.4903559027777778,8.16,1.3,2.0,2015-01-01,2015-05-13,203.63940933540283,211.7275374516663,1.4595429920806497,0.0729771496040325,1.3865658424766172,0.0,0.0,80.59320903004455,0.0,13.585938368034903,5.326530772688011,0.0,4.5,0.0,0.0,0.0,0.0,1,6,5,0,0,1
134,134,0.0,21.041957999999997,30.835668,1.869656922869186,0.8897916666666666,5.890000000000001,1.3,7.0,2015-01-01,2015-05-14,204.6275492253967,213.04607768372432,1.592968006469008,0.07964840032345041,1.5133196061455576,0.0,0.0,80.98166177602538,0.0,14.827905224831838,5.607223051202556,0.0,4.5,0.0,0.0,0.0,0.0,1,6,5,0,0,1
135,135,0.0,17.133141000000002,28.096895999999997,1.4785158193783414,1.9312239583333333,2.4000000000000004,1.3,3.0,2015-01-01,2015-05-15,205.6663554790391,214.36496439968636,2.41233138851499,0.1206165694257495,2.2917148190892402,0.0,0.0,81.39027425855974,0.0,21.925432739537513,7.305517092809573,0.0,4.5,0.0,0.0,0.0,0.0,1,6,5,0,0,1
136,136,0.0,14.82410775,26.138154,1.2669597055815884,1.626171875,2.4000000000000004,1.3,0.0,2015-01-01,2015-05-16,207.01805428737006,215.68418579337634,2.576988351839953,0.12884941759199764,2.448138934247955,0.0,0.0,81.92221706958826,0.0,23.42198300276663,7.729902478993537,0.0,4.5,0.0,0.0,0.0,0.0,1,6,5,0,0,1
137,137,0.0,14.489705999999998,28.694919,1.3735543682278937,0.6540190972222223,2.4000000000000004,1.3,0.0,2015-01-01,2015-05-17,208.44497684796073,217.00373008376874,1.7217499497060689,0.08608749748530345,1.6356624522207655,0.0,0.0,82.48478587619707,0.0,16.0266527459585,5.688783466863431,0.0,4.5,0.0,0.0,0.0,0.0,1,6,5,0,0,1
138,138,0.0,17.289147,30.116307,1.5977832227183912,0.8304079861111111,2.4000000000000004,1.3,1.0,2015-01-01,2015-05-18,209.24460241813733,218.32358551524044,1.8059552703507669,0.09029776351753835,1.7156575068332285,0.0,0.0,83.12896344860933,0.0,16.81046542071134,5.952808893825678,0.0,4.5,0.0,0.0,0.0,0.0,1,6,5,0,0,1
139,139,0.0,18.372522,31.659032999999997,1.752894551512402,0.8893315972222222,2.4000000000000004,1.3,2.0,2015-01-01,2015-05-19,210.34204931892822,219.64374035781918,1.7244100066746264,0.08622050033373133,1.638189506340895,0.0,0.0,83.56064379011927,0.0,16.05141348971623,5.7202103096114545,0.0,4.5,0.0,0.0,0.0,0.0,1,6,5,0,0,1
140,140,0.0,20.152868249999997,32.222388,1.9022701503542367,1.1250520833333333,2.4000000000000004,1.3,2.0,2015-01-01,2015-05-20,211.3948242482307,220.9641829074311,1.6985491110150204,0.08492745555075103,1.6136216554642693,0.0,0.0,83.9752093604345,0.0,15.810691197546717,5.620802220253815,0.0,4.5,0.0,0.0,0.0,0.0,1,6,5,0,0,1
141,141,0.0,17.97384,29.76096,1.6165535082268423,1.3387152777777778,3.158333333333333,1.3,2.0,2015-01-01,2015-05-21,212.42767817938676,222.28490148614316,2.0317631852171325,0.10158815926085663,1.9301750259562758,0.0,0.0,84.3823158352194,0.0,18.91236473510947,6.377381052722628,0.0,4.5,0.0,0.0,0.0,0.0,1,6,5,0,0,1
142,142,0.0,18.337854,31.468359,1.739087603766044,0.9653298611111112,3.3600000000000003,1.3,3.0,2015-01-01,2015-05-22,213.59792763056683,223.60588444240602,1.8305816790484124,0.09152908395242064,1.7390525950959919,0.0,0.0,84.84390122028809,0.0,17.03969667502012,5.858558983083703,0.0,4.5,0.0,0.0,0.0,0.0,1,6,5,0,0,1
143,143,0.0,19.61118075,31.815039000000002,1.8404962817533808,1.1151822916666665,7.532083333333334,1.3,2.0,2015-01-01,2015-05-23,214.67089542537886,224.92712015129285,1.8872479183429438,0.09436239591714721,1.7928855224257967,0.0,0.0,85.26772497442373,0.0,17.567165916269637,5.9556005689307,0.0,4.5,0.0,0.0,0.0,0.0,1,6,5,0,0,1
144,144,0.0,18.961878,32.031714,1.8129221022495456,1.3068229166666665,8.910833333333334,1.3,1.0,2015-01-01,2015-05-24,215.7599192725345,226.24859701473503,2.015398208969414,0.10076991044847071,1.9146282985209433,0.0,0.0,85.69830719223073,0.0,18.760033793230935,6.222927953042805,0.0,4.5,0.0,0.0,0.0,0.0,1,6,5,0,0,1
145,145,0.0,20.331264,31.043676,1.837208880738795,0.7849739583333333,4.5600000000000005,1.3,1.0,2015-01-01,2015-05-25,216.89603861847502,227.5703034617573,1.846258604043462,0.09231293020217313,1.753945673841289,0.0,0.0,86.14794316167425,0.0,17.185622994380843,5.600972529635792,0.0,4.5,0.0,0.0,0.0,0.0,1,6,5,0,0,1
146,146,0.0,20.981289,30.584325,1.849458419468448,1.110824652777778,4.5600000000000005,1.3,0.0,2015-01-01,2015-05-26,217.91666574379633,228.8922279487091,1.9438616048994601,0.09719308024497303,1.8466685246544872,0.0,0.0,86.55245085479575,0.0,18.09414597819136,5.810912998204687,0.0,4.5,0.0,0.0,0.0,0.0,1,6,5,0,0,1
147,147,0.0,20.279262,29.136936,1.7154153229904847,0.9994444444444444,3.9970833333333338,1.3,2.0,2015-01-01,2015-05-27,218.9740789319761,230.21435895949338,2.022217702008553,0.10111088510042765,1.9211068169081253,0.0,0.0,86.97185012438675,0.0,18.823512027605446,5.970778637497324,0.0,4.5,0.0,0.0,0.0,0.0,1,6,5,0,0,1
148,148,0.0,20.391932999999998,31.442358,1.866840112861808,1.0688020833333334,3.3600000000000003,1.3,1.0,2015-01-01,2015-05-28,220.05896681037805,231.5366850057939,1.9400444838041666,0.09700222419020833,1.8430422596139582,0.0,0.0,87.4025259804092,0.0,18.058614875493205,5.715651449326561,0.0,4.5,0.0,0.0,0.0,0.0,1,6,5,0,0,1
149,149,0.0,21.96066,30.827001,1.9296730246259683,1.2058767361111111,3.3600000000000003,1.3,5.0,2015-01-01,2015-05-29,221.09574526298925,232.8591946272989,1.9485065547443445,0.09742532773721724,1.8510812270071273,0.0,0.0,87.81458661413708,0.0,18.13738280140083,5.695236255956663,0.0,4.5,0.0,0.0,0.0,0.0,1,6,5,0,0,1
150,150,0.0,21.917324999999998,32.196387,2.0201327056607608,0.9764149305555555,2.861666666666667,1.3,5.0,2015-01-01,2015-05-30,222.12728311344063,234.18187639192348,1.8484623595706722,0.09242311797853363,1.7560392415921386,0.0,0.0,88.22493734886726,0.0,17.206136324192528,5.394459541416365,0.0,4.5,0.0,0.0,0.0,0.0,1,6,5,0,0,1
151,151,0.0,22.229336999999997,34.553811,2.213512564929405,0.8151215277777778,2.4000000000000004,1.3,6.0,2015-01-01,2015-05-31,223.10278100614184,235.50471889602875,1.7208130347305721,0.08604065173652861,1.6347723829940435,0.0,0.0,88.61341635820507,0.0,16.017931612574802,5.022936874309228,0.0,4.5,0.0,0.0,0.0,0.0,1,6,5,0,0,1
152,152,0.0,22.220670000000002,33.548439,2.138233505375469,0.938012152777778,3.4691666666666667,1.3,4.0,2015-01-01,2015-06-01,224.00970046013697,236.82771076463882,1.8151319751396318,0.0907565987569816,1.7243753763826501,0.0,0.0,88.97495591912804,0.0,16.89588540926915,5.226036810128385,0.0,4.5,0.0,0.0,0.0,0.0,1,6,5,0,0,1
153,153,0.0,22.766690999999998,36.642558,2.419297968399253,1.1952690972222222,2.944583333333333,1.3,4.0,2015-01-01,2015-06-02,224.95229552939804,238.15084065165524,1.7219582820925452,0.08609791410462728,1.635860367987918,0.0,0.0,89.35084991432178,0.0,16.028591976921962,4.943965926716862,0.0,4.5,0.0,0.0,0.0,0.0,1,6,5,0,0,1
154,154,0.0,24.742767,36.330546000000005,2.558148818792852,1.259140625,3.110833333333334,1.3,4.0,2015-01-01,2015-06-03,225.84272610776793,239.47409724006906,1.6819018830812689,0.08409509415406345,1.5978067889272054,0.0,0.0,89.7062699502125,0.0,15.655732957923945,4.799855452314656,0.0,4.5,0.0,0.0,0.0,0.0,1,6,5,0,0,1
155,155,0.0,24.257414999999998,36.616557,2.5411582337363128,1.2794791666666665,2.64,1.3,3.0,2015-01-01,2015-06-04,226.70611632301168,240.7974692421709,1.7040806918132891,0.08520403459066447,1.6188766572226247,0.0,0.0,90.05112958973555,0.0,15.862181092815899,4.817034209721147,0.0,4.5,0.0,0.0,0.0,0.0,1,6,5,0,0,1
156,156,0.0,25.488129,36.070536,2.599931164493043,1.3718315972222221,2.64,1.3,5.0,2015-01-01,2015-06-05,227.57166717222975,242.1209453997575,1.7044302589210076,0.0852215129460504,1.6192087459749573,0.0,0.0,90.39699853564966,0.0,15.865434986128207,4.7777435082203965,0.0,4.5,0.0,0.0,0.0,0.0,1,6,5,0,0,1
157,157,0.0,26.320161,36.243876,2.688373107701448,1.1764322916666665,2.64,1.3,2.0,2015-01-01,2015-06-06,228.42918887228038,243.44451448433733,1.6583115598035523,0.08291557799017762,1.5753959818133747,0.0,0.0,90.739835073946,0.0,15.436145950297545,4.618349049089054,0.0,4.5,0.0,0.0,0.0,0.0,1,6,5,0,0,1
158,158,0.0,20.695278,36.763896,2.2649722651299777,1.2375694444444445,2.64,1.3,1.0,2015-01-01,2015-06-07,229.25707544896017,244.76816529733236,1.809352100884251,0.09046760504421256,1.7188844958400384,0.0,0.0,91.07105177069165,0.0,16.842084311367508,5.217977200544811,0.0,4.5,0.0,0.0,0.0,0.0,1,6,5,0,0,1
159,159,0.0,19.265223,31.771704,1.8156677722801973,1.2391666666666665,2.64,1.3,2.0,2015-01-01,2015-06-08,230.19204895908058,246.09188667027854,2.1460436388758555,0.10730218194379278,2.0387414569320628,0.0,0.0,91.44492313366766,0.0,19.976127302229987,5.98631766857531,0.0,4.5,0.0,0.0,0.0,0.0,1,6,5,0,0,1
160,160,0.0,19.733241,33.57444,1.9647170792523985,1.643133680555556,2.64,1.3,2.0,2015-01-01,2015-06-09,231.264012074043,247.41566746502338,2.146561133362243,0.10732805666811217,2.039233076694131,0.0,0.0,91.87346971488955,0.0,19.980944322513736,5.949481116830683,0.0,4.5,0.0,0.0,0.0,0.0,1,6,5,0,0,1
161,161,0.0,23.84356575,34.510476000000004,2.334691490687883,0.6207378472222222,2.64,1.3,1.0,2015-01-01,2015-06-10,232.32769546427252,248.73949657392103,1.709049541407732,0.08545247707038661,1.6235970643373454,0.0,0.0,92.2991813134594,0.0,15.908432888560467,4.865586763958058,0.0,4.5,0.0,0.0,0.0,0.0,1,6,5,0,0,1
162,162,0.0,23.728728,34.536477000000005,2.32768764999029,0.889748263888889,2.64,1.3,2.0,2015-01-01,2015-06-11,233.19540720089705,250.06336292002499,1.778798813537877,0.08893994067689387,1.6898588728609831,0.0,0.0,92.64734408915368,0.0,16.557683590675506,4.996906131329353,0.0,4.5,0.0,0.0,0.0,0.0,1,6,5,0,0,1
163,163,0.0,21.847989000000002,36.443217,2.329735657825758,0.9857899305555554,2.64,1.3,0.0,2015-01-01,2015-06-12,234.08569353100347,251.38725545727925,1.811660082304248,0.0905830041152124,1.7210770781890354,0.0,0.0,93.00466568521905,0.0,16.863567812365268,5.039748793437092,0.0,4.5,0.0,0.0,0.0,0.0,1,6,5,0,0,1
164,164,0.0,18.9662115,35.03049600000001,2.012004882537044,1.6024479166666665,2.64,1.3,0.0,2015-01-01,2015-06-13,234.98262972619074,252.71116317070613,2.16806108820163,0.10840305441008152,2.0596580337915484,0.0,0.0,93.3648366028836,0.0,20.181073447142712,5.8562100219863265,0.0,4.5,0.0,0.0,0.0,0.0,1,6,5,0,0,1
165,165,0.0,18.84054,34.328469,1.95531813939608,0.9644878472222222,2.64,1.3,0.0,2015-01-01,2015-06-14,236.0245247821385,254.03507507659134,2.072182060375934,0.10360910301879672,1.9685729573571373,0.0,0.0,93.78294495063903,0.0,19.28859780929248,5.589224724439429,0.0,4.5,0.0,0.0,0.0,0.0,1,6,5,0,0,1
166,166,0.0,20.530604999999998,35.576517,2.163074652956617,1.2676649305555554,2.64,1.3,0.0,2015-01-01,2015-06-15,237.01720564682145,255.35898022266838,2.018952204871008,0.1009476102435504,1.9180045946274573,0.0,0.0,94.18185834988078,0.0,18.793115634287545,5.424858722676362,0.0,4.5,0.0,0.0,0.0,0.0,1,6,5,0,0,1
167,167,0.0,21.657315,34.137795000000004,2.14013549425808,0.8803298611111111,2.64,1.3,1.0,2015-01-01,2015-06-16,237.9792183269948,256.6828676882994,1.967614636676692,0.09838073183383461,1.8692339048428575,0.0,0.0,94.56888588269236,0.0,18.315247533630583,5.265406113181875,0.0,4.5,0.0,0.0,0.0,0.0,1,6,5,0,0,1
168,168,0.0,21.19435275,34.198464,2.110872000356285,1.3345833333333335,2.64,1.3,0.0,2015-01-01,2015-06-17,238.91157929110926,258.00672658465317,2.103485804698458,0.10517429023492292,1.998311514463535,0.0,0.0,94.94438499487191,0.0,19.579984046876522,5.554210293532728,0.0,4.5,0.0,0.0,0.0,0.0,1,6,5,0,0,1
169,169,0.0,20.825283,32.950416000000004,1.9967301179150008,1.3107899305555555,2.64,1.3,2.0,2015-01-01,2015-06-18,239.89419730341643,259.3305460548827,2.1988303830561566,0.10994151915280784,2.0888888639033487,0.0,0.0,95.3402086662064,0.0,20.467484841524158,5.74543755359832,0.0,4.5,0.0,0.0,0.0,0.0,1,6,5,0,0,1
170,170,0.0,21.09396,33.626442,2.0627378334705,0.9791927083333332,2.64,1.3,0.0,2015-01-01,2015-06-19,240.90949901864306,260.65431527429774,2.090623375586294,0.1045311687793147,1.986092206806979,0.0,0.0,95.74942142466814,0.0,19.460256042885376,5.4491941792609015,0.0,4.5,0.0,0.0,0.0,0.0,1,6,5,0,0,1
171,171,0.0,22.576017,35.888529,2.3434291953861743,0.5218229166666667,2.64,1.3,0.0,2015-01-01,2015-06-20,241.87077952985052,261.9780234505382,1.8537825754811625,0.09268912877405813,1.7610934467071044,0.0,0.0,96.13742903435416,0.0,17.25565876091193,4.845791085073399,0.0,4.5,0.0,0.0,0.0,0.0,1,6,5,0,0,1
172,172,0.0,23.910735,38.202618,2.6484083317576546,1.0794444444444444,2.64,1.3,1.0,2015-01-01,2015-06-21,242.72381475312687,263.30165982374217,1.8167299709541345,0.09083649854770673,1.7258934724064277,0.0,0.0,96.48245886929192,0.0,16.91076011509558,4.721929172625532,0.0,4.5,0.0,0.0,0.0,0.0,1,6,5,0,0,1
173,173,0.0,22.591906499999997,37.59592800000001,2.483424579984334,1.0406684027777777,2.64,1.3,0.0,2015-01-01,2015-06-22,243.5539985080955,264.62521366671376,1.908007205192299,0.09540036025961496,1.812606844932684,0.0,0.0,96.81852787563045,0.0,17.760400643324605,4.905524058119919,0.0,4.5,0.0,0.0,0.0,0.0,1,6,5,0,0,1
174,174,0.0,22.376676,36.997905,2.416476453327246,0.8982638888888888,2.64,1.3,0.0,2015-01-01,2015-06-23,244.41584790340352,265.9486742850879,1.9352286245495691,0.09676143122747846,1.8384671933220906,0.0,0.0,97.16742078390028,0.0,18.01378716752085,4.935398672819176,0.0,4.5,0.0,0.0,0.0,0.0,1,6,5,0,0,1
175,175,0.0,23.737395,35.819193,2.431321432054535,1.567204861111111,2.64,1.3,0.0,2015-01-01,2015-06-24,245.2820536011438,267.2720310174923,2.0527823710713435,0.10263911855356718,1.9501432525177762,0.0,0.0,97.51825035728955,0.0,19.108018693308047,5.181461392781195,0.0,4.5,0.0,0.0,0.0,0.0,1,6,5,0,0,1
176,176,0.0,25.141448999999998,36.304545000000005,2.590179140640145,1.8431336805555556,2.64,1.3,2.0,2015-01-01,2015-06-25,246.19081116438065,268.5952732357083,2.0132603246002265,0.10066301623001134,1.912597308370215,0.0,0.0,97.88630935177832,0.0,18.740133615274296,5.050968247442567,0.0,4.5,0.0,0.0,0.0,0.0,1,6,5,0,0,1
177,177,0.0,23.748950999999998,35.056497,2.3705644380994952,1.0856597222222222,2.64,1.3,2.0,2015-01-01,2015-06-26,247.0754600367603,269.9183903448286,2.0412075187914955,0.10206037593957479,1.9391471428519207,0.0,0.0,98.24497042243189,0.0,19.000275906321725,5.082321063450325,0.0,4.5,0.0,0.0,0.0,0.0,1,6,5,0,0,1
178,178,0.0,21.639981,33.791115000000005,2.1136413988434364,1.4498524305555556,2.64,1.3,1.0,2015-01-01,2015-06-27,247.96464633425666,271.24137178341243,2.3100954423207036,0.11550477211603519,2.1945906702046685,0.0,0.0,98.60567552110712,0.0,21.50317905943066,5.940932285743829,0.0,4.5,0.0,0.0,0.0,0.0,1,6,5,0,0,1
179,179,0.0,21.596646,35.065164,2.2043848651724973,0.7233854166666666,2.64,1.3,0.0,2015-01-01,2015-06-28,249.00415843052025,272.56420702364017,1.9857830451787613,0.09928915225893807,1.8864938929198232,0.0,0.0,99.02683656669043,0.0,18.484365455811492,5.196863562355629,0.0,4.5,0.0,0.0,0.0,0.0,1,6,5,0,0,1
180,180,0.0,22.758024,38.644634999999994,2.5864368456489784,0.97859375,2.64,1.3,0.0,2015-01-01,2015-06-29,249.91119705002134,273.88688557146315,1.9616693750162466,0.09808346875081235,1.8635859062654343,0.0,0.0,99.39532790179022,0.0,18.259906951723153,4.782801423147424,0.0,4.5,0.0,0.0,0.0,0.0,1,6,5,0,0,1
181,181,0.0,25.436127,39.996687,2.9552791555012843,1.392309027777778,2.64,1.3,0.0,2015-01-01,2015-06-30,250.74436848776992,275.2093969667535,1.8570486568799012,0.09285243284399508,1.7641962240359061,0.0,0.0,99.73444874597838,0.0,17.286060592738064,4.49744406836641,0.0,4.5,0.0,0.0,0.0,0.0,1,6,5,0,0,1
182,182,0.0,25.644135,39.840681,2.9603224078041803,1.2073958333333334,2.64,1.3,1.0,2015-01-01,2015-07-01,251.5265527609459,276.5317307834505,1.8533251308070586,0.09266625654035295,1.7606588742667058,0.0,0.0,100.05329199001376,0.0,17.25140070535421,4.454395695607882,0.0,4.5,0.0,0.0,0.0,0.0,1,6,5,0,0,1
183,183,0.0,24.907439999999998,37.370586,2.662950511655121,0.9924479166666667,2.64,1.3,0.0,2015-01-01,2015-07-02,252.30045568011494,277.8538766297049,1.9738879775213194,0.09869439887606597,1.8751935786452534,0.0,0.0,100.3689447826399,0.0,18.373641991717275,4.709105929757092,0.0,4.5,0.0,0.0,0.0,0.0,1,6,5,0,0,1
184,184,0.0,27.299532,37.12791,2.8592329875132774,1.3973784722222222,2.64,1.3,1.0,2015-01-01,2015-07-03,253.11834876664463,279.17582414802155,1.8156109694933162,0.09078054847466582,1.7248304210186505,0.0,0.0,100.70237379594784,0.0,16.90034405680684,4.674452755958843,0.0,4.5,0.0,0.0,0.0,0.0,1,6,5,0,0,1
185,185,0.0,22.67063175,37.56992700000001,2.4878200945080926,1.360017361111111,2.64,1.3,2.0,2015-01-01,2015-07-04,253.92935394840694,280.497563015399,2.0313782085327583,0.10156891042663792,1.9298092981061203,0.0,0.0,101.03320985538278,0.0,18.908781237031356,5.11678314269423,0.0,4.5,0.0,0.0,0.0,0.0,1,6,5,0,0,1
186,186,0.0,22.142667,37.526592,2.440550915000093,0.7050520833333334,2.64,1.3,2.0,2015-01-01,2015-07-05,254.8170625634297,281.81908294346704,1.9580855772768435,0.09790427886384218,1.8601812984130013,0.0,0.0,101.39499505157285,0.0,18.226547704701847,4.925448559111953,0.0,4.5,0.0,0.0,0.0,0.0,1,6,5,0,0,1
187,187,0.0,25.297455,37.474590000000006,2.7069946098340725,0.9734635416666664,2.64,1.3,1.0,2015-01-01,2015-07-06,255.67027788634076,283.1403736786234,1.8835923012450588,0.09417961506225296,1.789412686182806,0.0,0.0,101.74318408653586,0.0,17.533138149456,4.731976490324472,0.0,4.5,0.0,0.0,0.0,0.0,1,6,5,0,0,1
188,188,0.0,26.450166,38.245953,2.8846309708621005,0.856328125,2.64,1.3,2.0,2015-01-01,2015-07-07,256.4887522572089,284.4614250021664,1.8035786846093593,0.09017893423046797,1.7133997503788914,0.0,0.0,102.07763576858697,0.0,16.788343326614555,4.526921050526122,0.0,4.5,0.0,0.0,0.0,0.0,1,6,5,0,0,1
189,189,0.0,24.881439,37.032573,2.6308971080024666,1.52609375,2.64,1.3,0.0,2015-01-01,2015-07-08,257.2705789941316,285.7822267304257,2.0318115536927404,0.10159057768463703,1.9302209760081033,0.0,0.0,102.3975470760832,0.0,18.912814965854384,4.996959899918005,0.0,4.5,0.0,0.0,0.0,0.0,1,6,5,0,0,1
190,190,0.0,26.597504999999998,36.8679,2.7698789206408434,1.2853298611111112,2.64,1.3,1.0,2015-01-01,2015-07-09,258.1337635665796,287.1027687148928,1.9381260197909094,0.09690630098954547,1.841219718801364,0.0,0.0,102.75028914527998,0.0,18.040757139210804,4.761346421268647,0.0,4.5,0.0,0.0,0.0,0.0,1,6,5,0,0,1
191,191,0.0,28.16406525,37.275249,2.9559091534659303,1.0289496527777777,2.64,1.3,1.0,2015-01-01,2015-07-10,258.95490648913125,288.4230408423466,1.8366287900382372,0.09183143950191186,1.7447973505363252,0.0,0.0,103.08636943776105,0.0,17.09598530622742,4.509241632491369,0.0,4.5,0.0,0.0,0.0,0.0,1,6,5,0,0,1
192,192,0.0,27.923555999999998,38.861309999999996,3.0888579677137256,0.7616493055555555,2.64,1.3,1.0,2015-01-01,2015-07-11,259.73127706360845,289.7430330349787,1.772984595613936,0.08864922978069681,1.6843353658332392,0.0,0.0,103.40464310028085,0.0,16.503562809854667,4.340621817574457,0.0,4.5,0.0,0.0,0.0,0.0,1,6,5,0,0,1
193,193,0.0,25.474406249999998,38.644634999999994,2.830319738368283,1.1983159722222223,2.64,1.3,2.0,2015-01-01,2015-07-12,260.4775582672635,291.0627352505163,1.9414870402636797,0.09707435201318398,1.8444126882504956,0.0,0.0,103.71097013638783,0.0,18.072042697255014,4.680449046649496,0.0,4.5,0.0,0.0,0.0,0.0,1,6,5,0,0,1
194,194,0.0,25.158783,37.630596000000004,2.708551453001512,1.392204861111111,2.64,1.3,0.0,2015-01-01,2015-07-13,261.28236016382965,292.3821374823424,2.043846034709725,0.10219230173548627,1.9416537329742387,0.0,0.0,104.04094775087005,0.0,19.0248361384236,4.874687593855137,0.0,4.5,0.0,0.0,0.0,0.0,1,6,5,0,0,1
195,195,0.0,24.794769,37.231914,2.640782337630118,0.8788107638888889,2.64,1.3,0.0,2015-01-01,2015-07-14,262.1201724258565,293.7012297596134,2.0218183390806943,0.10109091695403472,1.9207274221266595,0.0,0.0,104.38437901201063,0.0,18.819794617324426,4.796263943835725,0.0,4.5,0.0,0.0,0.0,0.0,1,6,5,0,0,1
196,196,0.0,26.484834,37.743266999999996,2.840515145278218,0.9576822916666666,2.64,1.3,1.0,2015-01-01,2015-07-15,262.94348554649673,295.0200021473772,1.952924893812626,0.09764624469063132,1.8552786491219948,0.0,0.0,104.72219580652923,0.0,18.178510251977116,4.615499593153263,0.0,4.5,0.0,0.0,0.0,0.0,1,6,5,0,0,1
197,197,0.0,25.106780999999998,37.179912,2.663717809770753,0.8727690972222222,2.64,1.3,2.0,2015-01-01,2015-07-16,263.73457283098844,296.33844474668547,2.039426539811788,0.1019713269905894,1.9374552128211984,0.0,0.0,105.04725122515694,0.0,18.98369792897926,4.775231860975804,0.0,4.5,0.0,0.0,0.0,0.0,1,6,5,0,0,1
198,198,0.0,23.702727,37.405254,2.5611137719402306,1.2288975694444444,2.64,1.3,2.0,2015-01-01,2015-07-17,264.55263374365535,297.65654769470666,2.1639734189632778,0.10819867094816389,2.055774748015114,0.0,0.0,105.38333469447431,0.0,20.143023987385444,5.017821332007861,0.0,4.5,0.0,0.0,0.0,0.0,1,6,5,0,0,1
199,199,0.0,22.4301225,34.744485,2.243185171522232,1.2104947916666666,2.782083333333333,1.3,3.0,2015-01-01,2015-07-18,265.4119487145642,298.97430116483577,2.3826672249324363,0.11913336124662184,2.2635338636858147,0.0,0.0,105.73622653900605,0.0,22.178702679612552,5.4658171730429,0.0,4.5,0.0,0.0,0.0,0.0,1,6,5,0,0,1
200,200,0.0,20.42154525,31.624364999999997,1.8806307383050933,1.1698611111111112,7.441666666666666,1.3,5.0,2015-01-01,2015-07-19,266.34796104268696,300.2916953668023,2.668830902115244,0.1334415451057622,2.535389357009482,0.0,0.0,106.12025395693118,0.0,24.84241461031328,6.3042480079783765,5.5,0.0,0.0,0.0,0.0,0.0,1,6,5,0,0,1
201,201,0.0,19.917414750000002,30.696996,1.7890516961605676,1.349496527777778,8.600000000000001,1.3,2.0,2015-01-01,2015-07-20,267.42793741479085,301.6087205467753,2.900251377649674,0.1450125688824837,2.7552388087671904,0.0,0.0,106.5626436406854,0.0,26.99655760902692,6.7474903342934045,5.5,0.0,0.0,0.0,0.0,0.0,1,6,5,0,0,1
202,202,0.0,19.897914,31.416357,1.8333261814471884,0.984418402777778,9.12,1.3,1.0,2015-01-01,2015-07-21,268.58287677318333,302.9253669874688,2.7231312340794855,0.1361565617039743,2.5869746723755114,0.0,0.0,107.03585055305997,0.0,25.347861155864063,6.352670547483738,5.5,0.0,0.0,0.0,0.0,0.0,1,6,5,0,0,1
203,203,0.0,21.48614175,33.297096,2.067194960170056,0.7927951388888888,9.12,1.3,2.0,2015-01-01,2015-07-22,269.6677632563905,304.2416250082417,2.581409620004231,0.12907048100021154,2.4523391390040192,0.0,0.0,107.48146448489922,0.0,24.02866663765391,5.7671038812776185,0.0,4.5,0.0,0.0,0.0,0.0,1,6,5,0,0,1
204,204,0.0,21.09396,32.499732,1.9842269473578005,1.2166666666666666,9.12,1.3,4.0,2015-01-01,2015-07-23,270.6501172362363,305.55748496519834,2.6886803560295998,0.13443401780147998,2.5542463382281198,0.0,0.0,107.88618230452524,0.0,25.027180293121393,6.221779077215578,5.5,0.0,0.0,0.0,0.0,0.0,1,6,5,0,0,1
205,205,0.0,21.891323999999997,32.959083,2.0719687591252134,0.91671875,9.12,1.3,0.0,2015-01-01,2015-07-24,271.7094354469364,306.87293725128586,2.5121413635323306,0.12560706817661657,2.3865342953557143,0.0,0.0,108.32247773378957,0.0,23.383893398088745,5.829420677435487,5.5,0.0,0.0,0.0,0.0,0.0,1,6,5,0,0,1
206,206,0.0,22.131110999999997,33.981789000000006,2.163501465269498,0.7927951388888888,9.12,1.3,0.0,2015-01-01,2015-07-25,272.69978852428346,308.18797229638994,2.5624047557633034,0.12812023778816517,2.4342845179751382,0.0,0.0,108.73135758720815,0.0,23.851762691918104,5.6276120437965975,0.0,4.5,0.0,0.0,0.0,0.0,1,6,5,0,0,1
207,207,0.0,22.107999,34.987161,2.237135182443449,0.9445399305555555,9.12,1.3,0.0,2015-01-01,2015-07-26,273.65420681236105,309.50258056742837,2.5681032276823124,0.12840516138411562,2.4396980662981966,0.0,0.0,109.12608853572506,0.0,23.904806068306254,5.60824400943482,0.0,4.5,0.0,0.0,0.0,0.0,1,6,5,0,0,1
208,208,0.0,22.272672,35.602518,2.2971551570706565,0.6803385416666666,9.12,1.3,0.0,2015-01-01,2015-07-27,274.60412527699316,310.81675256844267,2.476243337083933,0.12381216685419666,2.3524311702297362,0.0,0.0,109.51937180891738,0.0,23.049741970204618,5.375483573739655,0.0,4.5,0.0,0.0,0.0,0.0,1,6,5,0,0,1
209,209,0.0,24.617095499999998,36.642558,2.574120629839225,0.9225,9.12,1.3,0.0,2015-01-01,2015-07-28,275.5130202563748,312.1304788406875,2.3789727025420495,0.11894863512710248,2.260024067414947,0.0,0.0,109.89635994380933,0.0,22.14431276868326,5.131478827278056,0.0,4.5,0.0,0.0,0.0,0.0,1,6,5,0,0,1
210,210,0.0,24.084075,36.495219,2.5162216195190816,1.0448350694444446,9.12,1.3,1.0,2015-01-01,2015-07-29,276.379132837598,313.44374996271836,2.4521169470832582,0.12260584735416291,2.3295110997290953,0.0,0.0,110.25627382886566,0.0,22.82516506539891,5.260945731628784,0.0,4.5,0.0,0.0,0.0,0.0,1,6,5,0,0,1
211,211,0.0,23.902068,35.273171999999995,2.4003082741899977,0.7832378472222222,9.12,1.3,0.0,2015-01-01,2015-07-30,277.26645434224156,314.75655655047717,6.720749711472195,0.27726645434224156,6.443483257129953,0.0,0.0,110.62508713658572,0.0,56.76684563798931,5.348276826714175,0.0,4.5,0.0,0.0,0.0,0.0,1,6,5,0,0,1
212,212,0.0,23.902068,35.472513,2.416476453327246,0.684453125,9.12,1.3,0.0,2015-01-01,2015-07-31,278.16771177982145,316.0688892573762,6.718937283519084,0.27816771177982147,6.440769571739263,0.0,0.0,110.99987147148812,0.0,56.755462145780214,5.306280791901725,0.0,4.5,0.0,0.0,0.0,0.0,1,6,5,0,0,1
213,213,0.0,24.86627175,36.694559999999996,2.600119016051356,0.8071006944444444,9.12,1.3,0.0,2015-01-01,2015-08-01,279.0607917016598,317.38073877437955,6.692714314895741,0.2790607917016598,6.413653523194081,0.0,0.0,111.37164194551968,0.0,56.5419120107368,5.192223110836405,0.0,4.5,0.0,0.0,0.0,0.0,1,6,5,0,0,1
214,214,0.0,24.144744,37.188579,2.580458958788612,0.9708420138888888,9.12,1.3,0.0,2015-01-01,2015-08-02,279.9334451461016,318.69209583008296,6.728436330297136,0.2799334451461016,6.448502885151034,0.0,0.0,111.73539537583275,0.0,56.84122094014685,5.26263905963905,0.0,4.5,0.0,0.0,0.0,0.0,1,6,5,0,0,1
215,215,0.0,23.616057,35.637186,2.406623699945719,0.971137152777778,9.12,1.3,0.0,2015-01-01,2015-08-03,280.817154400409,320.0029511907916,6.7994671672268385,0.280817154400409,6.51865001282643,0.0,0.0,112.10394315284418,0.0,57.432952317691004,5.437341956606003,0.0,4.5,0.0,0.0,0.0,0.0,1,6,5,0,0,1
216,216,0.0,23.191374,34.727151,2.300530337075799,0.7329513888888889,9.12,1.3,0.0,2015-01-01,2015-08-04,281.7296170777259,321.3132956605964,6.820951417262,0.2817296170777259,6.539221800184274,0.0,0.0,112.48452489439248,0.0,57.61452420086423,5.464056877514609,0.0,4.5,0.0,0.0,0.0,0.0,1,6,5,0,0,1
217,217,0.0,22.844694,35.073831,2.300530337075799,0.5232465277777778,9.12,1.3,0.0,2015-01-01,2015-08-05,282.6455784730406,322.6231200814474,6.80760049428392,0.2826455784730406,6.52495491581088,0.0,0.0,112.86687345609256,0.0,57.50765425887798,5.3873654715006065,0.0,4.5,0.0,0.0,0.0,0.0,1,6,5,0,0,1
218,218,0.0,23.590056,36.911235,2.509656508741738,0.755546875,9.12,1.3,1.0,2015-01-01,2015-08-06,283.5474736370909,323.93241533322646,6.787521661613361,0.28354747363709093,6.5039741879762705,0.0,0.0,113.24381782384913,0.0,57.34501666528576,5.291268746463709,0.0,4.5,0.0,0.0,0.0,0.0,1,6,5,0,0,1
219,219,0.0,23.618945999999998,36.529887,2.480177454677827,1.021111111111111,9.12,1.3,2.0,2015-01-01,2015-08-07,284.43206655235485,325.24117233381753,6.839602127622466,0.28443206655235487,6.555170061070111,0.0,0.0,113.61401420730516,0.0,57.77983128462701,5.409800692260054,0.0,4.5,0.0,0.0,0.0,0.0,1,6,5,0,0,1
220,220,0.0,22.650408749999997,36.859233,2.4274847918863056,1.196189236111111,9.12,1.3,1.0,2015-01-01,2015-08-08,285.3357804537975,326.549382039174,6.891963332703356,0.28533578045379754,6.6066275522495586,0.0,0.0,113.99234273261254,0.0,58.217047486740434,5.528450241048064,0.0,4.5,0.0,0.0,0.0,0.0,1,6,5,0,0,1
221,221,0.0,20.934342750000003,33.782448,2.06248193159866,1.228671875,9.12,1.3,0.0,2015-01-01,2015-08-09,286.2585637166425,327.8570354433866,7.064137511521991,0.28625856371664254,6.777878947805348,0.0,0.0,114.3788131226244,0.0,59.646462869410534,6.001583980931396,0.0,4.5,0.0,0.0,0.0,0.0,1,6,5,0,0,1
222,222,0.0,20.582607,33.513771000000006,2.0189267797721366,0.9594704861111112,9.12,1.3,0.0,2015-01-01,2015-08-10,287.26026934493274,329.1641235787471,7.056187366136985,0.28726026934493276,6.768927096792052,0.0,0.0,114.79798587996336,0.0,59.58465939744732,5.937777568619081,0.0,4.5,0.0,0.0,0.0,0.0,1,6,5,0,0,1
223,223,0.0,25.089447,34.328469,2.420003795180633,1.4720225694444444,9.12,1.3,0.0,2015-01-01,2015-08-11,288.2499017167912,330.4706375158112,6.973109444526641,0.2882499017167912,6.68485954280985,0.0,0.0,115.21267814631545,0.0,58.90070482148852,5.651705934598475,0.0,4.5,0.0,0.0,0.0,0.0,1,6,5,0,0,1
224,224,0.0,25.366791,36.139872,2.5954262681358067,0.6242881944444444,9.12,1.3,0.0,2015-01-01,2015-08-12,289.1900326513825,331.77656836345955,6.840875243935145,0.28919003265138254,6.551685211283762,0.0,0.0,115.60749839530857,0.0,57.80950802337287,5.2217246149708885,0.0,4.5,0.0,0.0,0.0,0.0,1,6,5,0,0,1
225,225,0.0,23.295378,36.157206,2.422828895507528,0.6484461805555556,9.12,1.3,0.0,2015-01-01,2015-08-13,290.0566252875835,333.08190726895725,6.90749814415861,0.2900566252875835,6.6174415188710265,0.0,0.0,115.97248150285475,0.0,58.36467023436459,5.384140228604112,0.0,4.5,0.0,0.0,0.0,0.0,1,6,5,0,0,1
226,226,0.0,25.280120999999998,36.694559999999996,2.636215916303839,0.8418923611111111,9.12,1.3,0.0,2015-01-01,2015-08-14,290.949652066055,334.3866454180104,6.879284922493861,0.29094965206605505,6.588335270427806,0.0,0.0,116.34862945644508,0.0,58.13463940986869,5.2643834959213125,0.0,4.5,0.0,0.0,0.0,0.0,1,6,5,0,0,1
227,227,0.0,26.03415,36.980571000000005,2.728861390292244,0.8947482638888888,9.12,1.3,0.0,2015-01-01,2015-08-15,291.821574063356,335.69077403482197,6.871713084984627,0.29182157406335607,6.579891510921271,0.0,0.0,116.71641985586274,0.0,58.07544661519184,5.206636356355497,0.0,4.5,0.0,0.0,0.0,0.0,1,6,5,0,0,1
228,228,0.0,25.808808,37.318584,2.739065930556231,1.2570225694444443,9.12,1.3,0.0,2015-01-01,2015-08-16,292.6828835849349,336.99428438214545,6.912226492505031,0.29268288358493494,6.619543608920096,0.0,0.0,117.0801436606207,0.0,58.41438549284766,5.291865888985329,0.0,4.5,0.0,0.0,0.0,0.0,1,6,5,0,0,1
229,229,0.0,26.840180999999998,39.060651,3.000938373936983,0.9561458333333334,9.12,1.3,0.0,2015-01-01,2015-08-17,293.55761288740376,338.29716776133694,6.0042035418711,0.2935576128874038,5.710645928983697,0.0,0.0,117.44968970173194,0.0,52.306591312046066,4.561388090681019,5.5,0.0,0.0,0.0,0.0,0.0,1,6,5,0,0,1
230,230,0.0,25.089447,38.046611999999996,2.739852267860833,0.8826736111111111,9.12,1.3,0.0,2015-01-01,2015-08-18,294.30894806593756,339.5994155124049,6.9081509893154625,0.29430894806593755,6.613842041249525,0.0,0.0,117.7686676733138,0.0,58.387177270785024,5.213670486737872,0.0,4.5,0.0,0.0,0.0,0.0,1,6,5,0,0,1
231,231,0.0,25.046111999999997,38.211285,2.7508816204358406,1.0313802083333334,9.12,1.3,0.0,2015-01-01,2015-08-19,295.16894613776407,340.90101901405853,6.9310132169021,0.29516894613776407,6.635844270764336,0.0,0.0,118.13264631527716,0.0,58.57994863441239,5.2466463000963515,0.0,4.5,0.0,0.0,0.0,0.0,1,6,5,0,0,1
232,232,0.0,25.306122,38.965314,2.844575154763773,0.9407118055555556,9.12,1.3,0.0,2015-01-01,2015-08-20,296.0335858814747,342.2019696837549,6.114346380177193,0.2960335858814747,5.818312794295719,0.0,0.0,118.4988368263368,0.0,53.255048735718965,4.723900948195355,5.5,0.0,0.0,0.0,0.0,0.0,1,6,5,0,0,1
233,233,0.0,23.538054,37.275249,2.5360067173909417,1.0069444444444444,9.12,1.3,0.0,2015-01-01,2015-08-21,296.80990900425536,343.50225897774317,7.022187840003315,0.29680990900425536,6.725377930999059,0.0,0.0,118.82885786524155,0.0,59.34152787227117,5.4502736576496655,0.0,4.5,0.0,0.0,0.0,0.0,1,6,5,0,0,1
234,234,0.0,21.691260749999994,35.264505,2.226554552269656,1.1170138888888885,9.12,1.3,0.0,2015-01-01,2015-08-22,297.7069457347048,344.80187839110806,7.165153374513266,0.2977069457347048,6.867446428778561,0.0,0.0,119.20896116255635,0.0,60.528974812561636,5.837782726280247,0.0,4.5,0.0,0.0,0.0,0.0,1,6,5,0,0,1
235,235,0.0,21.388638,34.458474,2.1439438966975177,0.8227430555555555,9.12,1.3,0.0,2015-01-01,2015-08-23,298.66770782171,346.10081945781087,7.170733514561186,0.29866770782171004,6.872065806739476,0.0,0.0,119.61575792550191,0.0,60.57904547161364,5.815809890791625,0.0,4.5,0.0,0.0,0.0,0.0,1,6,5,0,0,1
236,236,0.0,22.591184249999998,34.623146999999996,2.2462155081929485,0.7216579861111111,9.12,1.3,0.0,2015-01-01,2015-08-24,299.6236556333537,347.39907375073017,7.132434450441889,0.2996236556333537,6.832810794808536,0.0,0.0,120.02099467953428,0.0,60.26575093151018,5.664016031468156,0.0,4.5,0.0,0.0,0.0,0.0,1,6,5,0,0,1
237,237,0.0,19.850967750000002,31.104345000000002,1.810499776252609,1.6617100694444444,9.12,1.3,0.0,2015-01-01,2015-08-25,300.55318430766033,348.6966328816982,7.795857863135525,0.30055318430766037,7.495304678827864,0.0,0.0,120.41571399054476,0.0,65.76302848989133,7.280332512892064,0.0,4.5,0.0,0.0,0.0,0.0,1,6,5,0,0,1
238,238,0.0,19.646570999999998,31.693701,1.834989317447596,0.7680295138888888,8.297083333333333,1.3,1.0,2015-01-01,2015-08-26,301.7506205411794,349.99348850153854,7.3376451082684175,0.3017506205411794,7.035894487727238,0.0,0.0,120.9219022905435,0.0,61.9735706791978,6.187494468069718,0.0,4.5,0.0,0.0,0.0,0.0,1,6,5,0,0,1
239,239,0.0,19.143885,31.355688,1.7818767279274963,1.2937500000000002,7.92,1.3,0.0,2015-01-01,2015-08-27,302.7645474646857,351.2896323001005,7.661302823329199,0.3027645474646857,7.358538275864513,0.0,0.0,121.35271692467296,0.0,64.65772613899142,6.91015650890234,0.0,4.5,0.0,0.0,0.0,0.0,1,6,5,0,0,1
240,240,0.0,18.571863,31.416357,1.750231959473815,0.7634201388888888,17.140416666666667,1.3,0.0,2015-01-01,2015-08-28,303.89708572944454,352.5850560062912,7.693246289382472,0.30389708572944457,7.389349203653027,0.0,0.0,121.83336159290663,0.0,64.92679158823204,6.965976222873511,0.0,4.5,0.0,0.0,0.0,0.0,1,6,5,0,0,1
241,241,0.0,19.516566,31.780371,1.8322181552764705,0.7097916666666666,15.278333333333332,1.3,1.0,2015-01-01,2015-08-29,305.0371785119332,353.8797513881078,7.463041296018487,0.3050371785119332,7.158004117506554,0.0,0.0,122.31786618688535,0.0,63.02514267730948,6.4288153164230994,0.0,4.5,0.0,0.0,0.0,0.0,1,6,5,0,0,1
242,242,0.0,21.067959,32.335059,1.9712016908232195,1.0506336805555554,9.495833333333334,1.3,1.0,2015-01-01,2015-08-30,306.08669459911437,355.1737102526671,7.411475619932006,0.3060866945991144,7.105388925332892,0.0,0.0,122.76532540605446,0.0,62.60236901390151,6.234391901703555,0.0,4.5,0.0,0.0,0.0,0.0,1,6,5,0,0,1
243,243,0.0,22.325396249999997,32.681739,2.083145022171687,0.7921614583333334,8.16,1.3,3.0,2015-01-01,2015-08-31,307.10269364937034,356.46692444623284,7.317580124428936,0.3071026936493703,7.010477430779566,0.0,0.0,123.19936009637672,0.0,61.82894454542613,5.9158009826416365,0.0,4.5,0.0,0.0,0.0,0.0,1,6,5,0,0,1
244,244,0.0,19.776576000000002,28.764255,1.6633064536189703,1.11703125,6.255833333333333,1.3,3.0,2015-01-01,2015-09-01,308.06483670521015,357.75938585424285,7.764081791972261,0.3080648367052102,7.456016955267051,0.0,0.0,123.61139963935067,0.0,65.53011254514178,7.00157445851619,0.0,4.5,0.0,0.0,0.0,0.0,1,6,5,0,0,1
245,245,0.0,18.771204,30.445653,1.7034252141708095,1.1581597222222222,4.800000000000001,1.3,1.0,2015-01-01,2015-09-02,309.20482421383855,359.0510864013331,7.76663382133868,0.30920482421383855,7.4574289971248415,0.0,0.0,124.098295442811,0.0,65.55582942242884,6.950824662027323,0.0,4.5,0.0,0.0,0.0,0.0,1,6,5,0,0,1
246,246,0.0,19.915248000000002,30.020970000000002,1.7470415118259874,0.8217274305555555,4.800000000000001,1.3,1.0,2015-01-01,2015-09-03,310.33476880523096,360.3420180513617,7.494568159491691,0.310334768805231,7.18423339068646,0.0,0.0,124.58171058734854,0.0,63.307508534328505,6.312286387863773,0.0,4.5,0.0,0.0,0.0,0.0,1,6,5,0,0,1
247,247,0.0,21.145962,32.170386,1.9653058193970907,0.9964583333333334,4.800000000000001,1.3,0.0,2015-01-01,2015-09-04,311.35812650357366,361.63217280743015,7.438531694896309,0.31135812650357364,7.1271735683927355,0.0,0.0,125.02110161160611,0.0,62.847608891881684,6.105683506060854,0.0,4.5,0.0,0.0,0.0,0.0,1,6,5,0,0,1
248,248,0.0,22.142667,34.241799,2.183644624161156,0.7198524305555556,4.800000000000001,1.3,0.0,2015-01-01,2015-09-05,312.34628252106376,362.9215427119028,7.3206832140082305,0.3123462825210638,7.008336931487166,0.0,0.0,125.44623227782908,0.0,61.8757275231275,5.717265979866768,0.0,4.5,0.0,0.0,0.0,0.0,1,6,5,0,0,1
249,249,0.0,23.67600375,33.739113,2.261587122673299,0.8202777777777778,4.800000000000001,1.3,4.0,2015-01-01,2015-09-06,313.2695767267542,364.21011984642587,7.321251546786998,0.3132695767267542,7.007981970060244,0.0,0.0,125.84455856637776,0.0,61.884146764770286,5.682081248267428,0.0,4.5,0.0,0.0,0.0,0.0,1,6,5,0,0,1
250,250,0.0,22.948698,31.49436,2.043164964734383,0.75296875,4.577083333333333,1.3,4.0,2015-01-01,2015-09-07,314.18611086117573,365.4978963319443,7.407632031193545,0.31418611086117576,7.093445920332369,0.0,0.0,126.2404289095255,0.0,62.60311433645156,5.901359892941114,0.0,4.5,0.0,0.0,0.0,0.0,1,6,5,0,0,1
251,251,0.0,21.581478750000002,30.705663,1.896459475582268,0.4259548611111111,4.745833333333334,1.3,2.0,2015-01-01,2015-09-08,315.1375450175058,366.78486432871694,7.423079141541989,0.3151375450175058,7.107941596524483,0.0,0.0,126.65138776455731,0.0,62.73485184923913,5.90923521657626,0.0,4.5,0.0,0.0,0.0,0.0,1,6,5,0,0,1
252,252,0.0,20.684444250000002,31.823705999999998,1.9110631762330303,0.9074565972222222,4.952500000000001,1.3,2.0,2015-01-01,2015-09-09,316.0891971186162,368.0710160363302,7.527138135842707,0.3160891971186162,7.21104893872409,0.0,0.0,127.0628684739543,0.0,63.60034919912313,6.1795498772004525,0.0,4.5,0.0,0.0,0.0,0.0,1,6,5,0,0,1
253,253,0.0,20.669276999999997,31.971045,1.91984357101862,0.9497569444444444,4.5600000000000005,1.3,1.0,2015-01-01,2015-09-10,317.0839146292203,369.3563436937105,7.542674418906816,0.31708391462922036,7.225590504277595,0.0,0.0,127.49296268904841,0.0,63.732999182719105,6.186118719546395,0.0,4.5,0.0,0.0,0.0,0.0,1,6,5,0,0,1
254,254,0.0,20.4006,32.066382000000004,1.9083354658926208,0.7223003472222222,4.5600000000000005,1.3,1.0,2015-01-01,2015-09-11,318.07851715306236,370.64083957913465,7.5218789629292555,0.3180785171530624,7.203800445776193,0.0,0.0,127.92350154784062,0.0,63.564800353896786,6.085121758353319,0.0,4.5,0.0,0.0,0.0,0.0,1,6,5,0,0,1
255,255,0.0,21.284634,32.031714,1.9653058193970907,0.9162847222222222,4.5600000000000005,1.3,0.0,2015-01-01,2015-09-12,319.0554861815004,371.92449601023975,7.5474799751209884,0.31905548618150037,7.228424488939488,0.0,0.0,128.34707284016338,0.0,63.78072088762956,6.12217782550028,0.0,4.5,0.0,0.0,0.0,0.0,1,6,5,0,0,1
256,256,0.0,21.163296,32.057715,1.9588381347309365,0.8852517361111111,4.5600000000000005,1.3,1.0,2015-01-01,2015-09-13,320.03735519255935,373.2073053440305,7.560890966746129,0.3200373551925593,7.24085361155357,0.0,0.0,128.7731888116295,0.0,63.89572052608726,6.122973291373906,0.0,4.5,0.0,0.0,0.0,0.0,1,6,5,0,0,1
257,257,0.0,23.598723,33.184425000000005,2.213512564929405,0.6070833333333333,4.5600000000000005,1.3,1.0,2015-01-01,2015-09-14,321.01821348144034,374.489259976885,7.430502089231521,0.32101821348144033,7.1094838757500805,0.0,0.0,129.19935314692867,0.0,62.819967886278775,5.698051159498474,0.0,4.5,0.0,0.0,0.0,0.0,1,6,5,0,0,1
258,258,0.0,22.506681,32.79441,2.1042487629098146,0.5944097222222222,4.5600000000000005,1.3,1.0,2015-01-01,2015-09-15,321.9289580180931,375.7703523445606,7.482079095633065,0.3219289580180931,7.160150137614972,0.0,0.0,129.59623045155172,0.0,63.2507187324877,5.814504400926197,0.0,4.5,0.0,0.0,0.0,0.0,1,6,5,0,0,1
259,259,0.0,20.383266,30.88767,1.830557212113687,0.786328125,8.547916666666667,1.3,3.0,2015-01-01,2015-09-16,322.85764385672917,377.0505749221959,7.692246061422802,0.3228576438567292,7.369388417566073,0.0,0.0,130.00111332799167,0.0,64.99476066500769,6.399734140440055,0.0,4.5,0.0,0.0,0.0,0.0,1,6,5,0,0,1
260,260,0.0,17.904504,27.663546,1.496520108228225,0.946328125,4.484166666666667,1.3,4.0,2015-01-01,2015-09-17,323.880153558157,378.32992022431404,8.073832755584585,0.323880153558157,7.749952602026428,0.0,0.0,130.44630419714932,0.0,68.15863694961183,7.285728622147312,0.0,4.5,0.0,0.0,0.0,0.0,1,6,5,0,0,1
261,261,0.0,16.899132,27.290865,1.424300746405729,1.0692795138888889,4.52125,1.3,3.0,2015-01-01,2015-09-18,325.0447832043461,379.608380804822,8.283198405712781,0.32504478320434615,7.958153622508434,0.0,0.0,130.9525487886798,0.0,69.89699238198335,7.740355734450569,0.0,4.5,0.0,0.0,0.0,0.0,1,6,5,0,0,1
262,262,0.0,17.427819,26.450166,1.4083791728995512,0.6537413194444445,2.64,1.3,3.0,2015-01-01,2015-09-19,326.2811694888017,380.8859492570101,7.881964660754104,0.3262811694888017,7.555683491265302,0.0,0.0,131.49017667630983,0.0,66.57951121236519,6.827390877820867,0.0,4.5,0.0,0.0,0.0,0.0,1,6,5,0,0,1
263,263,0.0,17.219811,27.750215999999998,1.4647955685128038,0.7734809027777777,2.64,1.3,2.0,2015-01-01,2015-09-20,327.36833115869484,382.1626182135492,7.898448879246159,0.32736833115869485,7.571080548087464,0.0,0.0,131.96497113367246,0.0,66.72038243593073,6.833550634276664,0.0,4.5,0.0,0.0,0.0,0.0,1,6,5,0,0,1
264,264,0.0,16.855797,29.717624999999998,1.5512095964367183,0.9126736111111112,2.64,1.3,0.0,2015-01-01,2015-09-21,328.45505832459924,383.4383803464875,7.89844172885742,0.32845505832459926,7.5699866705328205,0.0,0.0,132.44022323180656,0.0,66.72469359566072,6.790945499196122,0.0,4.5,0.0,0.0,0.0,0.0,1,6,5,0,0,1
265,265,0.0,17.263146,31.295019,1.664324734057869,0.718203125,2.64,1.3,0.0,2015-01-01,2015-09-22,329.5335105665697,384.7132283672447,7.804094984585058,0.3295335105665697,7.474561474018488,0.0,0.0,132.91257316190723,0.0,65.94778368073183,6.469499649840508,0.0,4.5,0.0,0.0,0.0,0.0,1,6,5,0,0,1
266,266,0.0,20.192592,32.681739,1.9354755440641167,0.455685763888889,2.64,1.3,0.0,2015-01-01,2015-09-23,330.55892336115227,385.9871550266055,7.641857798374526,0.3305589233611523,7.3112988750133745,0.0,0.0,133.36279915783217,0.0,64.6084873334883,5.949076946042327,0.0,4.5,0.0,0.0,0.0,0.0,1,6,5,0,0,1
267,267,0.0,20.019251999999998,31.815039000000002,1.866840112861808,0.7020225694444444,2.64,1.3,1.0,2015-01-01,2015-09-24,331.49958771021545,387.2601531147121,7.7335465544643265,0.3314995877102154,7.402046966754111,0.0,0.0,133.77717094000064,0.0,65.37150758517643,6.183200791919727,0.0,4.5,0.0,0.0,0.0,0.0,1,6,5,0,0,1
268,268,0.0,18.675867,30.870335999999998,1.723274615595125,0.7387934027777778,2.64,1.3,2.0,2015-01-01,2015-09-25,332.4767959796321,388.53221546105397,7.826090103426013,0.33247679597963203,7.493613307446381,0.0,0.0,134.20768033282164,0.0,66.14175299347752,6.418488031138883,0.0,4.5,0.0,0.0,0.0,0.0,1,6,5,0,0,1
269,269,0.0,17.982507000000002,29.812962,1.6200321315487538,1.2823784722222222,2.64,1.3,3.0,2015-01-01,2015-09-26,333.4906000622795,389.80333493445767,8.025131455706658,0.3334906000622795,7.691640855644378,0.0,0.0,134.6544174539766,0.0,67.79401055734435,6.967434618766172,0.0,4.5,0.0,0.0,0.0,0.0,1,6,5,0,0,1
270,270,0.0,19.10416125,28.89426,1.631716546575209,1.0489583333333334,2.64,1.3,2.0,2015-01-01,2015-09-27,334.5910328839042,391.0735044430752,7.981575594794739,0.3345910328839042,7.646984561910835,0.0,0.0,135.13901422606352,0.0,67.43776768086596,6.795649630972828,0.0,4.5,0.0,0.0,0.0,0.0,1,6,5,0,0,1
271,271,0.0,17.202477000000002,28.538913,1.5058272319311494,0.810234375,2.64,1.3,3.0,2015-01-01,2015-09-28,335.6625858790159,392.3427169343695,8.018201087278824,0.33566258587901593,7.682538501399807,0.0,0.0,135.61181706142654,0.0,67.74535782852573,6.862082329782039,0.0,4.5,0.0,0.0,0.0,0.0,1,6,5,0,0,1
272,272,0.0,18.615198,28.400241,1.5758018462404153,1.1517100694444444,2.64,1.3,2.0,2015-01-01,2015-09-29,336.74339553298967,393.6109653951005,8.076999342947007,0.3367433955329897,7.740255947414017,0.0,0.0,136.08924038856222,0.0,68.2365888339321,6.99376462122897,0.0,4.5,0.0,0.0,0.0,0.0,1,6,5,0,0,1
273,273,0.0,20.027919,28.772922,1.6786379578899144,1.1249739583333334,2.64,1.3,5.0,2015-01-01,2015-09-30,337.8438225148163,394.8782428513092,8.022565705410047,0.3378438225148163,7.68472188289523,0.0,0.0,136.57578780321433,0.0,67.79027149119435,6.789898485055582,0.0,4.5,0.0,0.0,0.0,0.0,1,6,5,0,0,1
274,274,0.0,19.499232,27.152192999999997,1.5555248640224442,0.656484375,4.233333333333333,1.3,4.0,2015-01-01,2015-10-01,338.910385428336,396.1445423683,8.018347708215352,0.33891038542833596,7.679437322787016,0.0,0.0,137.04833026557188,0.0,67.75963324932293,6.735775458341719,0.0,4.5,0.0,0.0,0.0,0.0,1,6,5,0,0,1
275,275,0.0,18.589197,30.688329,1.7070666036860334,0.9223003472222222,6.48,1.3,0.0,2015-01-01,2015-10-02,339.9670324488676,397.4098570506218,8.041948353642155,0.3399670324488676,7.701981321193287,0.0,0.0,137.51718356679652,0.0,67.95930999177008,6.764290538253048,0.0,4.5,0.0,0.0,0.0,0.0,1,6,5,0,0,1
276,276,0.0,20.825283,30.957006,1.8634648306157848,0.7106684027777778,6.48,1.3,3.0,2015-01-01,2015-10-03,341.0269261828946,398.674180042049,7.9280268020565146,0.3410269261828946,7.58699987587362,0.0,0.0,137.98804506790938,0.0,67.02023442651512,6.386070304633474,0.0,4.5,0.0,0.0,0.0,0.0,1,6,5,0,0,1
277,277,0.0,20.1333675,31.035009,1.8240185243878573,0.8035243055555555,6.48,1.3,2.0,2015-01-01,2015-10-04,342.02556675424404,399.93750452555935,7.983666585590067,0.34202556675424406,7.641641018835823,0.0,0.0,138.43286377337202,0.0,67.48498095893461,6.511454077301751,0.0,4.5,0.0,0.0,0.0,0.0,1,6,5,0,0,1
278,278,0.0,18.944544,28.573581,1.604183084574922,1.423689236111111,6.48,1.3,0.0,2015-01-01,2015-10-05,343.0429550092188,401.1998237233122,8.460743277338969,0.34304295500921883,8.11770032232975,0.0,0.0,138.88635868769225,0.0,71.43955046855648,7.684177665841286,0.0,4.5,0.0,0.0,0.0,0.0,1,6,5,0,0,1
279,279,0.0,18.918543,30.124973999999998,1.6930586053667167,0.7069878472222223,6.48,1.3,2.0,2015-01-01,2015-10-06,344.2447067121192,402.46113089662447,8.06621463481441,0.3442447067121192,7.721969928102291,0.0,0.0,139.42078255237172,0.0,68.17745223830049,6.669336938483477,0.0,4.5,0.0,0.0,0.0,0.0,1,6,5,0,0,1
280,280,0.0,21.44064,28.417575,1.7422653636490877,1.548498263888889,4.4558333333333335,1.3,4.0,2015-01-01,2015-10-07,345.284432646999,403.72141934594606,8.219012892488603,0.34528443264699904,7.873728459841605,0.0,0.0,139.88528763763068,0.0,69.44689379604675,7.080407896543013,0.0,4.5,0.0,0.0,0.0,0.0,1,6,5,0,0,1
281,281,0.0,21.11490525,28.495578,1.727172205529716,1.055998263888889,3.12,1.3,2.0,2015-01-01,2015-10-08,346.3878063347848,404.9806824108333,8.121888998866906,0.34638780633478483,7.775501192532121,0.0,0.0,140.37820023200055,0.0,68.64708766099037,6.75053179762438,0.0,4.5,0.0,0.0,0.0,0.0,1,6,5,0,0,1
282,282,0.0,17.725386,22.905363,1.251696641961061,0.444453125,13.79125,1.3,3.0,2015-01-01,2015-10-09,347.4378087928268,406.2389134699217,8.56735628244695,0.3474378087928268,8.219918473654122,0.0,0.0,140.8484136597469,0.0,72.3400436822681,7.841677439623917,0.0,4.5,0.0,0.0,0.0,0.0,1,6,5,0,0,1
283,283,0.0,15.389629499999998,25.522797,1.2646548991533637,0.6858333333333334,11.04,1.3,1.0,2015-01-01,2015-10-10,348.6583148776094,407.4961059408978,8.753414353939304,0.34865831487760945,8.404756039061695,0.0,0.0,141.3939836768009,0.0,73.88562325031823,8.217304813040453,0.0,4.5,0.0,0.0,0.0,0.0,1,6,5,0,0,1
284,284,0.0,14.498373,24.881439,1.1955433831618931,0.6887847222222222,11.04,1.3,1.0,2015-01-01,2015-10-11,349.93609849723634,408.75225328046884,8.902204925687645,0.34993609849723634,8.552268827190408,0.0,0.0,141.96559709430704,0.0,75.12283616136386,8.519747147007187,0.0,4.5,0.0,2.5,0.0,0.0,1,6,5,0,0,1
285,285,0.0,14.845053,26.779512,1.297941449438229,1.0270920138888888,11.04,1.3,1.0,2015-01-01,2015-10-12,351.25939231977173,410.0073489843321,8.928086994701303,0.35125939231977177,8.576827602381531,0.0,0.0,142.5582338117187,0.0,75.34247678801435,8.562048763072756,0.0,4.5,0.0,2.5,0.0,0.0,1,6,5,0,0,1
286,286,0.0,16.423891500000003,27.68088,1.4199362421307258,0.5408072916666666,11.04,1.3,3.0,2015-01-01,2015-10-13,352.58721219931226,411.2613865871431,8.373455171688713,0.35258721219931227,8.0208679594894,0.0,0.0,143.15395420024723,0.0,70.7551362499762,7.255945168050579,0.0,4.5,0.0,0.0,0.0,0.0,1,6,5,0,0,1
287,287,0.0,16.049766,26.476167,1.341171266323167,0.7136458333333333,11.04,1.3,4.0,2015-01-01,2015-10-14,353.70866691738166,412.5143596624813,8.681243502592714,0.3537086669173817,8.327534835675333,0.0,0.0,143.65959479595753,0.0,73.30831622829903,7.931838931417854,0.0,4.5,0.0,0.0,0.0,0.0,1,6,5,0,0,1
288,288,0.0,15.54057975,24.803435999999998,1.2386254021376624,0.9603472222222222,11.04,1.3,1.0,2015-01-01,2015-10-15,354.9342823670388,413.7662618228171,8.99984879151091,0.35493428236703883,8.644914509143872,0.0,0.0,144.21202308717957,0.0,75.95148592679587,8.652473265868135,0.0,0.0,0.0,2.5,0.0,0.0,1,6,5,0,0,1
289,289,0.0,15.001058999999998,25.072112999999998,1.226388493220333,0.7131857638888889,11.04,1.3,2.0,2015-01-01,2015-10-16,356.2705599576249,415.0170867194752,8.905758587714837,0.35627055995762497,8.549488027757212,0.0,0.0,144.8143852170265,0.0,75.17773718657142,8.385078615006773,0.0,4.5,0.0,0.0,0.0,0.0,1,6,5,0,0,1
290,290,0.0,10.008866999999999,17.557824,0.7648407495116272,1.2103993055555557,12.725833333333334,1.3,5.0,2015-01-01,2015-10-17,357.5630977412399,416.26682804259804,9.051080678320199,0.3575630977412399,8.693517580578959,0.0,0.0,145.39843112608753,0.0,76.3862883515432,8.703789847608807,0.0,0.0,0.0,2.5,0.0,0.0,1,6,5,0,0,1
291,291,0.0,9.662187,20.244594,0.8372335142973018,0.7269531250000001,7.680000000000001,1.3,0.0,2015-01-01,2015-10-18,358.90324517533134,417.5154795211082,9.077165621418368,0.3589032451753314,8.718262376243036,0.0,0.0,146.00467453247163,0.0,76.60767667423733,8.729979653446515,0.0,0.0,0.0,2.5,0.0,0.0,1,6,5,0,0,1
292,292,0.0,11.196245999999999,22.922697,0.982823732775262,0.6359809027777777,7.680000000000001,1.3,0.0,2015-01-01,2015-10-19,360.24536066869143,418.7630349226697,9.103266922397456,0.36024536066869145,8.743021561728764,0.0,0.0,146.6129072962675,0.0,76.8292083646124,8.756177406950968,0.0,0.0,0.0,2.5,0.0,0.0,1,6,5,0,0,1
293,293,0.0,13.328327999999999,24.699432,1.1373451744791392,0.44631944444444444,7.680000000000001,1.3,3.0,2015-01-01,2015-10-20,361.5894436095596,420.0094880536474,8.819059456947507,0.36158944360955964,8.457470013337947,0.0,0.0,147.2231326552764,0.0,74.48120731685191,8.028353925445382,0.0,4.5,0.0,0.0,0.0,0.0,1,6,5,0,0,1
294,294,0.0,14.936778749999998,23.971404,1.1749527655956205,0.8449565972222222,7.680000000000001,1.3,2.0,2015-01-01,2015-10-21,362.818845564375,421.25483275906595,9.037649066077567,0.36281884556437505,8.674830220513192,0.0,0.0,147.7831468340644,0.0,76.29620308864514,8.536789643042415,0.0,4.5,0.0,2.5,0.0,0.0,1,6,5,0,0,1
295,295,0.0,14.905722,21.605313,1.0750280305364484,0.8058159722222222,7.680000000000001,1.3,8.0,2015-01-01,2015-10-22,364.1251058156043,422.4990629225682,9.178597150065722,0.3641251058156043,8.814472044250117,0.0,0.0,148.37850269247616,0.0,77.46859007043223,8.831228915006733,0.0,0.0,0.0,2.5,0.0,0.0,1,6,5,0,0,1
296,296,0.0,14.177693999999999,22.957365,1.10029473852419,0.6720486111111112,5.4375,1.3,1.0,2015-01-01,2015-10-23,365.47484795791144,423.742172466371,9.079538959237558,0.3654748479579114,8.714064111279647,0.0,0.0,148.99442221922408,0.0,76.65375759962784,8.534908220945136,0.0,4.5,0.0,0.0,0.0,0.0,1,6,5,0,0,1
297,297,0.0,14.637045,23.720060999999998,1.1512878968292952,0.9081423611111112,3.3600000000000003,1.3,2.0,2015-01-01,2015-10-24,366.77688508096276,424.9841553512216,9.107030680033896,0.36677688508096273,8.740253794952933,0.0,0.0,149.58999396431597,0.0,76.8866416121357,8.572421674224477,0.0,4.5,0.0,0.0,0.0,0.0,1,6,5,0,0,1
298,298,0.0,15.269735999999998,25.644135,1.2647216534214651,0.7930642361111111,3.3600000000000003,1.3,1.0,2015-01-01,2015-10-25,368.0827934926265,426.2250055763518,8.919526580219605,0.36808279349262646,8.55144378672698,0.0,0.0,150.1883321960043,0.0,75.33924827067368,8.061445574755187,0.0,4.5,0.0,0.0,0.0,0.0,1,6,5,0,0,1
299,299,0.0,16.275108,26.328827999999998,1.344970886044328,0.8922048611111111,3.6779166666666665,1.3,3.0,2015-01-01,2015-10-26,369.30835684953064,427.4647171794318,8.711507386577628,0.3693083568495307,8.342199029728096,0.0,0.0,150.75140450801155,0.0,73.62165466875098,7.617442380380377,0.0,4.5,0.0,0.0,0.0,0.0,1,6,5,0,0,1
300,300,0.0,17.401818,24.361418999999998,1.304511702480614,1.248090277777778,10.063333333333333,1.3,6.0,2015-01-01,2015-10-27,370.46422262516205,428.7032842365222,9.301292411657217,0.3704642226251621,8.930828189032054,0.0,0.0,151.2838119727002,0.0,78.51007293258249,8.933600061558643,0.0,4.5,0.0,2.5,0.0,0.0,1,6,5,0,0,1
301,301,0.0,16.907799,21.882657,1.1698617292828069,1.1752690972222224,9.905416666666667,1.3,8.0,2015-01-01,2015-10-28,371.8201957408645,429.94070086202646,9.32747613234696,0.37182019574086456,8.955655936606096,0.0,0.0,151.90764470120382,0.0,78.73234283670135,8.97895082152922,0.0,0.0,0.0,2.5,0.0,0.0,1,6,5,0,0,1
302,302,0.0,15.201122250000001,18.693201,0.9745333092178384,0.32618055555555553,14.349583333333335,1.3,8.0,2015-01-01,2015-10-29,373.1810569856228,431.1769612086406,9.35373267475191,0.37318105698562276,8.980551617766288,0.0,0.0,152.53482280443112,0.0,78.95523540585977,9.005218574478251,0.0,0.0,0.0,2.5,0.0,0.0,1,6,5,0,0,1
303,303,0.0,15.044394,17.36715,0.9213295709178893,0.4624826388888888,20.14,1.3,7.0,2015-01-01,2015-10-30,374.54387726818356,432.4120594673026,9.380005460435198,0.3745438772681836,9.005461583167014,0.0,0.0,153.16402611417902,0.0,79.17827035744116,9.031493843333106,0.0,0.0,0.0,2.5,0.0,0.0,1,6,5,0,0,1
304,304,0.0,10.121538,19.169886,0.8176361302477689,1.145321180555556,3.3912500000000003,1.3,3.0,2015-01-01,2015-10-31,375.9086562015256,433.6459898671418,9.406294487198132,0.37590865620152564,9.030385830996606,0.0,0.0,153.795258019889,0.0,79.40144767168258,9.057776595752308,0.0,0.0,0.0,2.5,0.0,0.0,1,6,5,0,0,1
305,305,0.0,8.35997025,13.935018,0.6215800084691174,1.0158940972222221,5.824166666666667,1.3,7.0,2015-01-01,2015-11-01,377.2753934174999,434.87874667542553,9.43259975313801,0.37727539341749994,9.05532435972051,0.0,0.0,154.42852192668545,0.0,79.62476733134801,9.084066799840464,0.0,0.0,0.0,2.5,0.0,0.0,1,6,5,0,0,1
306,306,0.0,7.218093,9.974198999999999,0.5059908822920313,0.24290798611111106,7.379166666666666,1.3,7.0,2015-01-01,2015-11-02,378.6440885670554,436.1103241975062,9.458921256651742,0.37864408856705545,9.080277168084686,0.0,0.0,155.0638212553622,0.0,79.84822932175919,9.110364424143352,0.0,0.0,0.0,2.5,0.0,0.0,1,6,5,0,0,1
307,307,0.0,6.290724,12.94698,0.5498212396044286,0.4662326388888889,2.88,1.3,3.0,2015-01-01,2015-11-03,380.01474132045786,437.3407167767665,9.485258996439379,0.38001474132045787,9.10524425511892,0.0,0.0,155.701159442371,0.0,80.07183363082574,9.136669437643757,0.0,0.0,0.0,2.5,0.0,0.0,1,6,5,0,0,1
308,308,0.0,6.44673,16.907799,0.6483071441655651,0.39981770833333335,2.88,1.3,0.0,2015-01-01,2015-11-04,381.3873513675024,438.56991879456416,9.5116129715075,0.3813873513675024,9.130225620139997,0.0,0.0,156.3405399398119,0.0,80.29558024907399,9.162981809756877,0.0,0.0,0.0,2.5,0.0,0.0,1,6,5,0,0,1
309,309,0.0,8.682815999999999,17.479821,0.7241001364105472,0.7605902777777778,2.88,1.3,6.0,2015-01-01,2015-11-05,382.7619184177182,439.79792467017626,9.537983181172434,0.3827619184177183,9.155221262754715,0.0,0.0,156.9819662154258,0.0,80.51946916967454,9.189301510325334,0.0,0.0,0.0,2.5,0.0,0.0,1,6,5,0,0,1
310,310,0.0,13.414998,20.062587,0.9593145198147428,0.3476388888888889,4.445416666666667,1.3,4.0,2015-01-01,2015-11-06,384.1384422005674,441.0247288607411,9.259831576722089,0.3841384422005675,8.875693134521521,0.0,0.0,157.62544175258876,0.0,78.22174470682548,8.501561579034327,0.0,4.5,0.0,0.0,0.0,0.0,1,6,5,0,0,1
311,311,0.0,12.617633999999999,16.162437,0.8016589593043119,0.35855902777777776,5.479166666666667,1.3,7.0,2015-01-01,2015-11-07,385.4092942442013,442.25032586120017,9.560624657544782,0.38540929424420134,9.17521536330058,0.0,0.0,158.22123543689804,0.0,80.71760067966359,9.188971726048123,0.0,0.0,0.0,2.5,0.0,0.0,1,6,5,0,0,1
312,312,0.0,12.305622,17.055138,0.8198239354722411,0.8784027777777778,3.504166666666667,1.3,4.0,2015-01-01,2015-11-08,386.78195188144883,443.47471020423995,9.570146978441366,0.3867819518814488,9.183365026559917,0.0,0.0,158.86509173056996,0.0,80.8019714088079,9.184979139327213,0.0,0.0,0.0,2.5,0.0,0.0,1,6,5,0,0,1
313,313,0.0,12.010944,15.599082,0.7661296152963848,1.1901041666666665,8.812916666666666,1.3,6.0,2015-01-01,2015-11-09,388.15203188735757,444.69787646023076,9.57965251103862,0.3881520318873576,9.191500479151262,0.0,0.0,159.50888949836488,0.0,80.88619275470363,9.180992121130739,0.0,0.0,0.0,2.5,0.0,0.0,1,6,5,0,0,1
314,314,0.0,11.152911,15.148398,0.7280370625713961,1.1821180555555555,10.824166666666668,1.3,6.0,2015-01-01,2015-11-10,389.51955561859575,445.9198192371671,9.589140696398927,0.38951955561859575,9.19962114078033,0.0,0.0,160.15262895664068,0.0,80.9702601749035,9.17700952532769,0.0,0.0,0.0,2.5,0.0,0.0,1,6,5,0,0,1
315,315,0.0,8.63153625,14.741049,0.6487712539579416,0.9388888888888886,4.067083333333333,1.3,2.0,2015-01-01,2015-11-11,390.8845439307941,447.14053318060485,9.598610992787714,0.3908845439307942,9.20772644885692,0.0,0.0,160.79631026998436,0.0,81.05416926739672,9.173030239827991,0.0,0.0,0.0,2.5,0.0,0.0,1,6,5,0,0,1
316,316,0.0,8.240798999999999,17.913171000000002,0.7238547017812138,1.151883680555556,4.08,1.3,0.0,2015-01-01,2015-11-12,392.2470171928007,448.36001297359905,9.608062875125533,0.3922470171928007,9.215815857932732,0.0,0.0,161.4399335523476,0.0,81.13791576612901,9.169053185577601,0.0,0.0,0.0,2.5,0.0,0.0,1,6,5,0,0,1
317,317,0.0,8.752151999999999,18.909876,0.7676787757257568,0.9420399305555556,4.08,1.3,0.0,2015-01-01,2015-11-13,393.60699530045974,449.57825333664096,9.617495834454056,0.3936069953004598,9.223888839153597,0.0,0.0,162.0834988681587,0.0,81.22149553663652,9.165077315575438,0.0,0.0,0.0,2.5,0.0,0.0,1,6,5,0,0,1
318,318,0.0,5.770703999999999,15.11373,0.5875072320740767,1.0794010416666664,3.017916666666667,1.3,0.0,2015-01-01,2015-11-14,394.9644976899306,450.79524902759283,9.626909377434684,0.3949644976899307,9.231944879744754,0.0,0.0,162.72700623340927,0.0,81.30490457194723,9.161101613946162,5.5,0.0,0.0,0.0,0.0,0.0,1,6,5,0,0,1
319,319,0.0,6.1260509999999995,15.755088,0.611407249334178,1.2370746527777776,2.4000000000000004,1.3,1.0,2015-01-01,2015-11-15,396.31954335056736,452.0109948416232,9.636303025859323,0.3963195433505674,9.239983482508755,0.0,0.0,163.3704556167193,0.0,81.38813898858174,9.157125095032807,5.5,0.0,0.0,0.0,0.0,0.0,1,6,5,0,0,1
320,320,0.0,8.552811,18.069177,0.7372134292813612,0.9448003472222224,2.4000000000000004,1.3,4.0,2015-01-01,2015-11-16,397.6721508373761,453.22548561114104,9.6456763161783,0.3976721508373761,9.248004165340923,0.0,0.0,164.0138469403788,0.0,81.47119502269447,9.153146802517853,5.5,0.0,0.0,0.0,0.0,0.0,1,6,5,0,0,1
321,321,0.0,12.608967,16.9338,0.8255914284868839,1.1348524305555554,5.487083333333334,1.3,8.0,2015-01-01,2015-11-17,399.02233828306385,454.43871620572827,9.655028799053749,0.3990223382830639,9.256006460770685,0.0,0.0,164.65718008136713,0.0,81.55406902642366,9.1491658085886,5.5,0.0,0.0,0.0,0.0,0.0,1,6,5,0,0,1
322,322,0.0,8.61709125,14.039022,0.6305783015335611,0.830625,7.585416666666666,1.3,7.0,2015-01-01,2015-11-18,400.3701234096986,455.6506815320731,9.6643600389179,0.4003701234096986,9.263989915508201,0.0,0.0,165.30045487235108,0.0,81.63675746428062,9.145181213109332,5.5,0.0,0.0,0.0,0.0,0.0,1,6,5,0,0,1
323,323,0.0,7.712111999999999,15.746421000000002,0.6509844307349686,0.33789930555555553,9.855833333333331,1.3,5.0,2015-01-01,2015-11-19,401.7155235399903,456.8613765339006,9.673669613561348,0.40171552353999035,9.271954090021357,0.0,0.0,165.94367110266117,0.0,81.71925690978586,9.141192142845705,5.5,0.0,0.0,0.0,0.0,0.0,1,6,5,0,0,1
324,324,0.0,7.157424,14.039022,0.5948988346341834,0.6659895833333334,3.3600000000000003,1.3,3.0,2015-01-01,2015-11-20,403.0585556082133,458.07079619190404,9.682957113724441,0.4030585556082133,9.279898558116228,0.0,0.0,166.58682851924755,0.0,81.8015640421294,9.137197750694202,5.5,0.0,0.0,0.0,0.0,0.0,1,6,5,0,0,1
325,325,0.0,5.822705999999999,15.46041,0.5969665497272197,0.5764583333333334,3.3600000000000003,1.3,0.0,2015-01-01,2015-11-21,404.3992361707776,459.2789355236747,9.692222142707848,0.40439923617077767,9.287822906537071,0.0,0.0,167.22992682761543,0.0,81.8836756429885,9.13319721494371,5.5,0.0,0.0,0.0,0.0,0.0,1,6,5,0,0,1
326,326,0.0,6.403395,17.315148,0.6577202967297516,0.25592881944444446,3.3600000000000003,1.3,0.0,2015-01-01,2015-11-22,405.73758141646596,460.4857895836303,9.70146431600827,0.405737581416466,9.295726734591804,0.0,0.0,167.87296569274005,0.0,81.9655885935524,9.129189738582523,5.5,0.0,0.0,0.0,0.0,0.0,1,6,5,0,0,1
327,327,0.0,7.200759,18.467859,0.7102266646626483,0.29651041666666667,3.3600000000000003,1.3,0.0,2015-01-01,2015-11-23,407.0736071763496,461.69135346294536,9.710683260942416,0.4070736071763496,9.303609653766067,0.0,0.0,168.5159447399639,0.0,82.04729987144844,9.125174548581526,5.5,0.0,0.0,0.0,0.0,0.0,1,6,5,0,0,1
328,328,0.0,7.365432,18.424524,0.7136123281108147,0.3053645833333334,3.3600000000000003,1.3,0.0,2015-01-01,2015-11-24,408.4073289333903,462.89562228947636,9.719878616309838,0.4084073289333904,9.311471287376447,0.0,0.0,169.1588635558726,0.0,82.12880654798875,9.121150895249459,5.5,0.0,0.0,0.0,0.0,0.0,1,6,5,0,0,1
329,329,0.0,7.547439,16.994469,0.679457271644087,0.3695746527777778,3.3600000000000003,1.3,0.0,2015-01-01,2015-11-25,409.7387618317456,464.09859122769046,9.729050032055847,0.4097387618317456,9.319311270224102,0.0,0.0,169.80172168915416,0.0,82.21010578541643,9.117118051583148,5.5,0.0,0.0,0.0,0.0,0.0,1,6,5,0,0,1
330,330,0.0,7.634109,16.526450999999998,0.6693122241239149,0.260234375,3.3600000000000003,1.3,4.0,2015-01-01,2015-11-26,411.0679206857841,465.30025547859077,9.73819716894392,0.4110679206857841,9.327129248258135,0.0,0.0,170.44451865143907,0.0,82.29119483422916,9.113075312639328,5.5,0.0,0.0,0.0,0.0,0.0,1,6,5,0,0,1
331,331,0.0,9.228837,17.523156,0.7409624720517258,0.36160590277777777,3.3600000000000003,1.3,1.0,2015-01-01,2015-11-27,412.3948199888233,466.50061027964205,9.747319698248297,0.4123948199888233,9.334924878259475,0.0,0.0,171.08725391812303,0.0,82.37207103066883,9.109021994938091,5.5,0.0,0.0,0.0,0.0,0.0,1,6,5,0,0,1
332,332,0.0,9.090164999999999,17.88717,0.7475005632334357,0.6064583333333333,3.3600000000000003,1.3,0.0,2015-01-01,2015-11-28,413.7194739215999,467.69965090469555,9.756417301449048,0.41371947392159997,9.342697827527449,0.0,0.0,171.7299269291724,0.0,82.4527317942305,9.10495743587226,5.5,0.0,0.0,0.0,0.0,0.0,1,6,5,0,0,1
333,333,0.0,8.405472,16.656456,0.6935095280649731,1.0506163194444444,3.3600000000000003,1.3,0.0,2015-01-01,2015-11-29,415.0418963604801,468.8973726639124,9.765489669944053,0.4150418963604801,9.350447773583573,0.0,0.0,172.37253708991219,0.0,82.53317462531065,9.100880993147348,5.5,0.0,0.0,0.0,0.0,0.0,1,6,5,0,0,1
334,334,0.0,10.242875999999999,16.188438,0.7317450251240786,0.525078125,3.3600000000000003,1.3,0.0,2015-01-01,2015-11-30,416.36210088542305,470.0937709036874,9.774536504766221,0.4163621008854231,9.358174403880797,0.0,0.0,173.01508377179857,0.0,82.61339710289737,9.096792044229051,5.5,0.0,0.0,0.0,0.0,0.0,1,6,5,0,0,1
335,335,0.0,10.286211,15.599082,0.7162824490804166,1.5368663194444445,6.617083333333333,1.3,7.0,2015-01-01,2015-12-01,417.6801007877025,471.2888410065714,9.783557516315748,0.4176801007877025,9.365877415528045,0.0,0.0,173.65756631317407,0.0,82.69339688238466,9.092689985818875,5.5,0.0,0.0,0.0,0.0,0.0,1,6,5,0,0,1
336,336,0.0,9.774858,14.550374999999999,0.6736765586264866,1.5236631944444445,5.562916666666667,1.3,7.0,2015-01-01,2015-12-02,418.9959090773968,472.4825783911932,9.792552424095296,0.4189959090773968,9.3735565150179,0.0,0.0,174.2999840200079,0.0,82.77317169340921,9.088574233334283,5.5,0.0,0.0,0.0,0.0,0.0,1,6,5,0,0,1
337,337,0.0,9.974198999999999,15.443075999999998,0.7032584472467543,1.282092013888889,5.697916666666667,1.3,6.0,2015-01-01,2015-12-03,420.3095384906563,473.6749785121808,9.801520956456448,0.42030953849065633,9.381211417965792,0.0,0.0,174.94233616662052,0.0,82.85271933778064,9.084444220409633,5.5,0.0,0.0,0.0,0.0,0.0,1,6,5,0,0,1
338,338,0.0,2.2952369999999993,10.988237999999999,0.4307270291963035,1.458055555555556,36.24,1.3,1.0,2015-01-01,2015-12-04,421.62100149675234,474.8660368600815,9.810462850362681,0.4216210014967524,9.388841848865928,0.0,0.0,175.58462199639285,0.0,82.93203768754675,9.080299398425938,5.5,0.0,3.5,0.0,0.0,0.0,1,6,5,0,0,1
339,339,0.0,1.601876999999999,9.714189,0.3967311534027103,0.6112152777777778,36.24,1.3,0.0,2015-01-01,2015-12-05,422.9303103049218,476.0557489612827,9.819377851140588,0.4229303103049219,9.396447540835666,0.0,0.0,176.2268407224618,0.0,83.01112468296122,9.076139236020477,5.5,0.0,0.0,0.0,0.0,0.0,1,6,5,0,0,1
340,340,0.0,3.7166249999999996,7.6774439999999995,0.3980324279611549,0.6585763888888888,15.062083333333334,1.3,6.0,2015-01-01,2015-12-06,424.23747687100587,477.2441103779295,9.828265712267402,0.4242374768710059,9.404028235396396,0.0,0.0,176.8689915283998,0.0,83.08997833075075,9.071963218661262,5.5,0.0,0.0,0.0,0.0,0.0,1,6,5,0,0,1
341,341,0.0,1.2284737499999991,6.975417,0.3477856666955913,1.3929947916666665,3.3600000000000003,1.3,6.0,2015-01-01,2015-12-07,425.5425129038987,478.43111670784515,9.83712619513769,0.4255425129038987,9.411583682233791,0.0,0.0,177.51107356888252,0.0,83.1685967022092,9.067770848183718,5.5,0.0,0.0,0.0,0.0,0.0,1,6,5,0,0,1
342,342,0.0,0.9605189999999997,10.338213,0.3964424926319932,0.7380034722222222,3.3600000000000003,1.3,0.0,2015-01-01,2015-12-08,426.84542987180527,479.6167635844479,9.845959068853197,0.4268454298718053,9.419113638981392,0.0,0.0,178.15308597034092,0.0,83.24697793148243,9.06356164237062,5.5,0.0,0.0,0.0,0.0,0.0,1,6,5,0,0,1
343,343,0.0,1.6502677499999994,10.138872,0.4046812770078007,0.6854600694444444,3.3600000000000003,1.3,1.0,2015-01-01,2015-12-09,428.1462390083188,480.8010466766675,9.854764110025345,0.42814623900831883,9.426617871017026,0.0,0.0,178.79502783160066,0.0,83.32512021395745,9.059335134553342,5.5,0.0,0.0,0.0,0.0,0.0,1,6,5,0,0,1
344,344,0.0,1.1858609999999992,8.596146,0.3718924054904508,0.8039670138888888,3.3600000000000003,1.3,2.0,2015-01-01,2015-12-10,429.4449513183249,481.98396168886416,9.863541102561404,0.42944495131832494,9.434096151243079,0.0,0.0,179.43689822450932,0.0,83.40302180451532,9.055090873185005,5.5,0.0,0.0,0.0,0.0,0.0,1,6,5,0,0,1
345,345,0.0,2.5032449999999997,7.868117999999999,0.3812672951952839,0.7270138888888888,3.3600000000000003,1.3,1.0,2015-01-01,2015-12-11,430.74157758373303,483.16550436074215,8.026550323887651,0.40132751619438256,7.625222807693269,0.0,0.0,180.07869619454937,0.0,80.33559971700474,9.14005058470364,5.5,0.0,0.0,0.0,0.0,0.0,1,6,5,0,0,1
346,346,0.0,1.6639904999999997,9.575517,0.3954576356848894,0.29790798611111113,3.3600000000000003,1.3,0.0,2015-01-01,2015-12-12,432.0489499436485,484.3456704672666,8.033019297102543,0.4016509648551272,7.6313683322474155,0.0,0.0,180.72672410767808,0.0,80.40034594319172,9.133150639630287,5.5,0.0,0.0,0.0,0.0,0.0,1,6,5,0,0,1
347,347,0.0,0.5618369999999997,10.043534999999999,0.3850472638024042,0.3381336805555556,3.3600000000000003,1.3,0.0,2015-01-01,2015-12-13,433.35384816321493,485.5244558185783,8.039466056625262,0.4019733028312631,7.637492753793999,0.0,0.0,181.37449889191663,0.0,80.46486983846312,9.126240755330283,5.5,0.0,0.0,0.0,0.0,0.0,1,6,5,0,0,1
348,348,0.0,4.089306,8.362137,0.4160479952763969,0.7949479166666666,3.3600000000000003,1.3,6.0,2015-01-01,2015-12-14,434.65628556698726,486.7018562599076,8.045890384674472,0.4022945192337236,7.643595865440748,0.0,0.0,182.02201986139096,0.0,80.5291692231036,9.119320337658742,5.5,0.0,0.0,0.0,0.0,0.0,1,6,5,0,0,1
349,349,0.0,2.2287899999999996,7.720779,0.3745368398406292,0.9245225694444444,3.3600000000000003,1.3,5.0,2015-01-01,2015-12-15,435.95627520950615,487.8778676714878,8.052292070415875,0.4026146035207938,7.649677466895081,0.0,0.0,182.66928629548073,0.0,80.59324198692904,9.112388810848731,5.5,0.0,0.0,0.0,0.0,0.0,1,6,5,0,0,1
350,350,0.0,0.7351769999999993,9.757524,0.3832231617402345,0.2874045138888889,3.3600000000000003,1.3,1.0,2015-01-01,2015-12-16,437.2538298820667,489.05248596846934,8.058670909777012,0.40293354548885063,7.655737364288161,0.0,0.0,183.31629743960517,0.0,80.65708608743262,9.10544561703395,5.5,0.0,0.0,0.0,0.0,0.0,1,6,5,0,0,1
351,351,0.0,0.483833999999999,8.717483999999999,0.3628554148005,0.32167534722222224,3.3600000000000003,1.3,5.0,2015-01-01,2015-12-17,438.5489621192904,490.2257071008313,8.065026705260173,0.4032513352630087,7.661775369997164,0.0,0.0,183.9630525059927,0.0,80.72069954791252,9.098490215770955,5.5,0.0,0.0,0.0,0.0,0.0,1,6,5,0,0,1
352,352,0.0,3.5259509999999996,7.469436,0.3914209017786125,0.2034982638888889,3.3600000000000003,1.3,7.0,2015-01-01,2015-12-18,439.84168420550753,491.3975270532935,8.071359265773198,0.40356796328865996,7.667791302484538,0.0,0.0,184.6095506744336,0.0,80.78408045577825,9.091522083599447,5.5,0.0,0.0,0.0,0.0,0.0,1,6,5,0,0,1
353,353,0.0,1.9146112499999997,9.228837,0.3938648452816384,0.4090017361111111,3.3600000000000003,1.3,1.0,2015-01-01,2015-12-19,441.1320081809582,492.56794184522835,8.077668406457407,0.4038834203228704,7.673784986134536,0.0,0.0,185.25579109301785,0.0,80.84722696082868,9.084540713598813,5.5,0.0,0.0,0.0,0.0,0.0,1,6,5,0,0,1
354,354,0.0,1.0731899999999994,8.448806999999999,0.3678216673162492,0.5453732638888888,3.3600000000000003,1.3,2.0,2015-01-01,2015-12-20,442.419945847817,493.7369475305719,8.083953948518921,0.4041976974259461,7.679756251092975,0.0,0.0,185.90177287885746,0.0,80.91013727356359,9.077545614951823,5.5,0.0,0.0,0.0,0.0,0.0,1,6,5,0,0,1
355,355,0.0,-0.09685500000000058,8.87349,0.3563698369563041,0.7334114583333333,3.3600000000000003,1.3,1.0,2015-01-01,2015-12-21,443.7055087760449,494.9045401977339,8.090215719071157,0.4045107859535579,7.685704933117599,0.0,0.0,186.54749511879282,0.0,80.97280966360728,9.070536312534825,5.5,0.0,0.0,0.0,0.0,0.0,1,6,5,0,0,1
356,356,0.0,-0.9982230000000012,9.965532,0.3592689291944601,0.31190104166666666,3.3600000000000003,1.3,0.0,2015-01-01,2015-12-22,444.98870830907697,496.0707159695071,8.09645355098536,0.40482267754926804,7.691630873436092,0.0,0.0,187.19295687008508,0.0,81.03524245821272,9.063512346526181,5.5,0.0,0.0,0.0,0.0,0.0,1,6,5,0,0,1
357,357,0.0,2.4772439999999993,10.745562,0.429641422418403,0.5637239583333334,3.3600000000000003,1.3,3.0,2015-01-01,2015-12-23,446.26955556935184,497.23547100297765,8.102667282734133,0.4051333641367067,7.6975339185974265,0.0,0.0,187.83815716109464,0.0,81.09743404069526,9.05647327200068,5.5,0.0,0.0,0.0,0.0,0.0,1,6,5,0,0,1
358,358,0.0,2.5588582499999997,10.476885,0.4263093397359484,0.182109375,3.3600000000000003,1.3,3.0,2015-01-01,2015-12-24,447.54806146368475,498.39880148943325,8.108856758252827,0.40544283791264135,7.703413920340186,0.0,0.0,188.4830949919449,0.0,81.15938284904547,9.049418658563027,5.5,0.0,0.0,0.0,0.0,0.0,1,6,5,0,0,1
359,359,0.0,1.8618869999999998,10.225542,0.4097662020733109,0.34018229166666664,3.3600000000000003,1.3,0.0,2015-01-01,2015-12-25,448.82423668849214,499.56070365427183,8.115021826792791,0.4057510913396396,7.709270735453151,0.0,0.0,189.12776933517287,0.0,81.2210873744604,9.042348089966461,5.5,0.0,0.0,0.0,0.0,0.0,1,6,5,0,0,1
360,360,0.0,1.229195999999999,11.30025,0.4174051147717293,0.5000347222222222,3.3600000000000003,1.3,0.0,2015-01-01,2015-12-26,450.0980917348713,500.7211737569089,8.121162342792678,0.4060581171396339,7.715104225653043,0.0,0.0,189.77217913636605,0.0,81.28254616005533,9.035261163770459,5.5,0.0,0.0,0.0,0.0,0.0,1,6,5,0,0,1
361,361,0.0,2.000558999999999,9.922197,0.4069520887620009,0.26901041666666664,3.3600000000000003,1.3,0.0,2015-01-01,2015-12-27,451.3696368935406,501.88020809068564,8.127278165742121,0.40636390828710606,7.720914257455014,0.0,0.0,190.41632331478732,0.0,81.34375779949953,9.028157490982242,5.5,0.0,0.0,0.0,0.0,0.0,1,6,5,0,0,1
362,362,0.0,2.1132299999999997,12.678303,0.4585028341183709,0.2681510416666667,3.3600000000000003,1.3,0.0,2015-01-01,2015-12-28,452.63888225964337,503.0378029827749,8.133369160056171,0.4066684580028086,7.726700702053362,0.0,0.0,191.06020076398582,0.0,81.40472093575941,9.021036695725185,5.5,0.0,0.0,0.0,0.0,0.0,1,6,5,0,0,1
363,363,0.0,2.7199199999999997,11.976276,0.4567011746667646,0.7171614583333334,3.3600000000000003,1.3,2.0,2015-01-01,2015-12-29,453.90583773742185,504.1939547940883,8.13943519495146,0.40697175974757305,7.732463435203886,0.0,0.0,191.7038103523968,0.0,81.46543425985921,9.013898414909416,5.5,0.0,0.0,0.0,0.0,0.0,1,6,5,0,0,1
364,364,0.0,6.836745,8.890824,0.4765280215584941,1.7184635416666667,9.370416666666666,1.3,7.0,2015-01-01,2015-12-30,455.17051304476325,505.34865991918196,8.145476144325942,0.40727380721629713,7.7382023371096444,0.0,0.0,192.34715092392847,0.0,81.52589650967712,9.006742297913046,5.5,0.0,0.0,0.0,0.0,0.0,1,6,5,0,0,1
365,365,0.0,6.533399999999999,12.712971,0.5500138681224627,1.108871527777778,6.0,1.3,4.0,2015-01-01,2015-12-31,456.432917717623,506.5019147861618,8.151491886645585,0.40757459433227927,7.743917292313306,0.0,0.0,192.99022129853776,0.0,81.58610646881156,8.999568006278615,5.5,0.0,0.0,0.0,0.0,0.0,1,6,5,0,0,1
366,1,0.0,8.240798999999999,13.128986999999999,0.5990405966312218,1.762708333333333,6.800416666666667,1.3,5.0,2015-01-01,2016-01-01,457.6930611143303,507.65371585658943,8.157482304823812,0.40787411524119066,7.749608189582621,0.0,0.0,193.63302027279462,0.0,81.64606296537411,8.992375213394546,5.5,0.0,0.0,0.0,0.0,0.0,1,6,5,0,0,1
367,2,0.0,2.5444132499999994,10.277543999999999,0.4225292261423873,1.2851822916666666,14.366666666666667,1.3,3.0,2015-01-01,2016-01-02,458.9509524197745,508.804059625385,8.16344728612334,0.408172364306167,7.755274921817173,0.0,0.0,194.27554662043377,0.0,81.70576487100747,8.98516360422798,5.5,0.0,3.5,0.0,0.0,0.0,1,6,5,0,0,1
368,3,0.0,0.9691859999999997,6.810744,0.3415498236302275,0.7578559027777777,16.32,1.3,1.0,2015-01-01,2016-01-03,460.20660064948476,509.9529426207332,8.169386722042768,0.4084693361021384,7.760917385940629,0.0,0.0,194.91779909289792,0.0,81.76521109975009,8.977932875023402,5.5,0.0,3.5,0.0,0.0,0.0,1,6,5,0,0,1
369,4,0.0,0.2671589999999995,7.686111,0.3440873385898302,0.666015625,16.32,1.3,5.0,2015-01-01,2016-01-04,461.46001465359825,511.1003614039864,8.175300508213523,0.40876502541067616,7.766535482802846,0.0,0.0,195.55977641986846,0.0,81.82440060700478,8.97068273302589,5.5,0.0,3.5,0.0,0.0,0.0,1,6,5,0,0,1
370,5,0.0,6.273389999999999,10.762896,0.5027781444746694,0.5759982638888888,16.32,1.3,6.0,2015-01-01,2016-01-05,462.7112031207232,512.2463125695674,8.181188544305185,0.40905942721525923,7.772129117089925,0.0,0.0,196.20147730978613,0.0,81.88333238859113,8.963412896223263,5.5,0.0,0.0,0.0,0.0,0.0,1,6,5,0,0,1
371,6,0.0,4.747998,11.629596,0.489410861138808,0.6353038194444445,16.32,1.3,4.0,2015-01-01,2016-01-06,463.96017458170223,513.390792744873,8.187050733924343,0.4093525366962172,7.777698197228125,0.0,0.0,196.84290045036212,0.0,81.94200547973317,8.956123093075778,5.5,0.0,0.0,0.0,0.0,0.0,1,6,5,0,0,1
372,7,0.0,4.36665,14.689046999999999,0.5457897616430448,0.6920659722222222,16.32,1.3,3.0,2015-01-01,2016-01-07,465.2069374132751,514.5337985901768,8.192886984521559,0.40964434922607795,7.783242635295481,0.0,0.0,197.48404450907873,0.0,82.00041895412836,8.948813062262673,5.5,0.0,0.0,0.0,0.0,0.0,1,6,5,0,0,1
373,8,0.0,9.020828999999999,13.935018,0.6381338382660183,1.4785243055555555,12.21875,1.3,7.0,2015-01-01,2016-01-08,466.45149984164703,515.6753267985307,8.198697207297872,0.4099348603648936,7.7887623469329785,0.0,0.0,198.12490813368024,0.0,82.05857192301157,8.941482552431077,5.5,0.0,0.0,0.0,0.0,0.0,1,6,5,0,0,1
374,9,0.0,8.483475,12.322956,0.5856720296492238,1.1262413194444445,17.68583333333333,1.3,7.0,2015-01-01,2016-01-09,467.6938699459626,516.8153740956664,8.20448131712386,0.4102240658561931,7.794257251267667,0.0,0.0,198.76548995265463,0.0,82.11646353434512,8.934131321970941,5.5,0.0,0.0,0.0,0.0,0.0,1,6,5,0,0,1
375,10,0.0,2.1247859999999994,11.178912,0.4310894363805256,1.2822135416666667,6.377916666666668,1.3,2.0,2015-01-01,2016-01-10,468.9340556616927,517.9539372398979,8.21023923244194,0.4105119616220971,7.799727270819844,0.0,0.0,199.4057885757063,0.0,82.17409297184098,8.926759138755935,5.5,0.0,0.0,0.0,0.0,0.0,1,6,5,0,0,1
376,11,0.0,2.1045629999999993,10.511553,0.4189176129478068,0.8654427083333334,3.3600000000000003,1.3,3.0,2015-01-01,2016-01-11,470.17206478393075,519.0910130220213,8.215970875193696,0.41079854375968483,7.805172331434011,0.0,0.0,200.04580259421886,0.0,82.23145945423323,8.919365779938644,5.5,0.0,0.0,0.0,0.0,0.0,1,6,5,0,0,1
377,12,0.0,5.814038999999999,12.374958,0.5269477572899949,0.5643489583333333,3.3600000000000003,1.3,5.0,2015-01-01,2016-01-12,471.40790497060664,520.2265982652165,8.221676170729939,0.41108380853649695,7.810592362193442,0.0,0.0,200.68553058171008,0.0,82.28856223437813,8.911951031710053,5.5,0.0,0.0,0.0,0.0,0.0,1,6,5,0,0,1
378,13,0.0,5.034008999999999,13.735676999999999,0.5395072491437245,0.5797743055555555,3.3600000000000003,1.3,0.0,2015-01-01,2016-01-13,472.6415837456173,521.3606898249463,8.227355047738486,0.41136775238692436,7.815987295351562,0.0,0.0,201.32497109427769,0.0,82.34540059853101,8.904514689097452,5.5,0.0,0.0,0.0,0.0,0.0,1,6,5,0,0,1
379,14,0.0,8.171463,15.443075999999998,0.6550186200553089,0.6188715277777778,3.3600000000000003,1.3,0.0,2015-01-01,2016-01-14,473.8731085018787,522.4932845888577,8.233007438161433,0.4116503719080717,7.821357066253361,0.0,0.0,201.964122671037,0.0,82.40197386551856,8.897056555741099,5.5,0.0,0.0,0.0,0.0,0.0,1,6,5,0,0,1
380,15,0.0,5.806094249999999,15.599082,0.5998893235623428,0.4831684027777778,3.3600000000000003,1.3,2.0,2015-01-01,2016-01-15,475.1024865042983,523.6243794766801,8.23863327712487,0.4119316638562436,7.826701613268627,0.0,0.0,202.6029838345499,0.0,82.45828138603508,8.88957644369863,5.5,0.0,0.0,0.0,0.0,0.0,1,6,5,0,0,1
381,16,0.0,3.9072989999999996,13.354329,0.5074245718659565,0.5778385416666666,3.3600000000000003,1.3,2.0,2015-01-01,2016-01-16,476.32972489267536,524.7539714401256,8.244232502864007,0.41221162514320037,7.832020877720806,0.0,0.0,203.24155309124657,0.0,82.51432254189322,8.882074173239667,5.5,0.0,0.0,0.0,0.0,0.0,1,6,5,0,0,1
382,17,0.0,4.5659909999999995,13.267658999999998,0.5193899674167745,0.9914756944444445,3.3600000000000003,1.3,1.0,2015-01-01,2016-01-17,477.5548306845254,525.8820574627871,8.249805056652859,0.41249025283264296,7.837314803820215,0.0,0.0,203.87982893183846,0.0,82.57009674532034,8.874549572652215,5.5,0.0,0.0,0.0,0.0,0.0,1,6,5,0,0,1
383,18,0.0,6.308058,14.021688000000001,0.5745663072374317,1.4891666666666665,3.3600000000000003,1.3,0.0,2015-01-01,2016-01-18,478.7778107778356,527.0086345600373,8.255350882739167,0.4127675441369584,7.842583338602208,0.0,0.0,204.5178098317241,0.0,82.62560343830698,8.867002478060812,5.5,0.0,0.0,0.0,0.0,0.0,1,6,5,0,0,1
384,19,0.0,9.48018,14.065023,0.6532229367841921,1.7472395833333332,3.3600000000000003,1.3,2.0,2015-01-01,2016-01-19,479.99867195375197,528.1336997789275,8.260869928267793,0.41304349641338967,7.847826431854402,0.0,0.0,205.155494251388,0.0,82.68084209184013,8.859432733219771,5.5,0.0,0.0,0.0,0.0,0.0,1,6,5,0,0,1
385,20,0.0,10.650224999999999,15.989097000000001,0.7377123353280413,0.7681423611111111,3.3600000000000003,1.3,3.0,2015-01-01,2016-01-20,481.2174208791966,529.2572501980841,8.26636214322958,0.41331810716147904,7.853044036068101,0.0,0.0,205.79288063679041,0.0,82.7358122053915,8.851840189363514,5.5,0.0,0.0,0.0,0.0,0.0,1,6,5,0,0,1
386,21,0.0,8.890824,16.361778,0.6987257591546219,0.762734375,3.3600000000000003,1.3,2.0,2015-01-01,2016-01-21,482.43406410942447,530.3792829276077,8.271827480385829,0.41359137401929147,7.858236106366537,0.0,0.0,206.4299674197522,0.0,82.79051330616154,8.844224705004134,5.5,0.0,0.0,0.0,0.0,0.0,1,6,5,0,0,1
387,22,0.0,8.899491,15.885092999999998,0.6859834808163519,0.7875173611111111,3.38875,1.3,2.0,2015-01-01,2016-01-22,483.6486080905133,531.4997951089698,8.277265895212656,0.4138632947606328,7.863402600452023,0.0,0.0,207.06675301833076,0.0,82.84494494852262,8.836586145773511,5.5,0.0,0.0,0.0,0.0,0.0,1,6,5,0,0,1
388,23,0.0,10.806231,12.77364,0.6541202357174982,1.0965104166666668,10.092916666666666,1.3,8.0,2015-01-01,2016-01-23,484.8610591617941,532.6187839149095,8.28267734584254,0.41413386729212703,7.8685434785504125,0.0,0.0,207.70323583719045,0.0,82.89910671343387,8.82892438425862,5.5,0.0,0.0,0.0,0.0,0.0,1,6,5,0,0,1
389,24,0.0,10.240709249999998,15.521079,0.7128251070889268,1.363480902777778,7.38875,1.3,5.0,2015-01-01,2016-01-24,486.0714235582228,533.7362465493311,8.288061793000626,0.4144030896500313,7.8736587033505945,0.0,0.0,208.33941426796554,0.0,82.95299820780376,8.821239299828186,5.5,0.0,0.0,0.0,0.0,0.0,1,6,5,0,0,1
390,25,0.0,5.76564825,10.719560999999999,0.4915730912408068,0.4543315972222222,7.631666666666667,1.3,3.0,2015-01-01,2016-01-25,487.27970741269166,534.8521802471998,8.29341919995465,0.4146709599977325,7.878748239956917,0.0,0.0,208.97528668961698,0.0,83.00661906398885,8.813530778488419,5.5,0.0,0.0,0.0,0.0,0.0,1,6,5,0,0,1
391,26,0.0,2.9495954999999996,7.547439,0.3832931779351739,0.6885243055555555,5.04,1.3,4.0,2015-01-01,2016-01-26,488.48591675828766,535.9665822744391,8.298749532451284,0.4149374766225642,7.883812055828719,0.0,0.0,209.61085146878284,0.0,83.05996893915673,8.805798712709583,5.5,0.0,0.0,0.0,0.0,0.0,1,6,5,0,0,1
392,27,0.0,-2.30694,5.944044,0.2856294203285369,0.7148003472222222,5.04,1.3,3.0,2015-01-01,2016-01-27,489.6900575304928,537.0794499278252,8.304052758670563,0.4152026379335282,7.888850120737034,0.0,0.0,210.2461069601219,0.0,83.11304751482984,8.79804300129358,5.5,0.0,0.0,0.0,0.0,0.0,1,6,5,0,0,1
393,28,0.0,-3.7283280000000003,5.389355999999999,0.2619389504480415,0.6824045138888889,5.04,1.3,2.0,2015-01-01,2016-01-28,490.892135569334,538.1907805348835,8.30932884916726,0.415466442458363,7.893862406708896,0.0,0.0,210.88105150665183,0.0,83.16585449629885,8.790263549213751,5.5,0.0,3.5,0.0,0.0,0.0,1,6,5,0,0,1
394,29,0.0,-3.416316000000001,7.495437,0.2911814937962959,0.6211892361111111,5.04,1.3,1.0,2015-01-01,2016-01-29,492.09215662147983,539.3005714537841,8.314577776825706,0.41572888884128534,7.89884888798442,0.0,0.0,211.51568344008078,0.0,83.21838961217017,8.782460267483835,5.5,0.0,0.0,0.0,0.0,0.0,1,6,5,0,0,1
395,30,0.0,-2.3936100000000016,9.670853999999999,0.3342844493286068,0.5201302083333335,5.04,1.3,3.0,2015-01-01,2016-01-30,493.29012634228826,540.4088200732372,8.3197995168032,0.41598997584016006,7.9038095409630404,0.0,0.0,212.150001081134,0.0,83.27065261379988,8.774633073002905,5.5,0.0,0.0,0.0,0.0,0.0,1,6,5,0,0,1
396,31,0.0,3.6732899999999997,11.421588,0.4642772215713026,0.7642534722222222,5.04,1.3,6.0,2015-01-01,2016-01-31,494.48605029780384,541.5155238123873,8.324994046485967,0.41624970232429837,7.9087443441616685,0.0,0.0,212.78400273987356,0.0,83.32264327485272,8.766781888429042,5.5,0.0,0.0,0.0,0.0,0.0,1,6,5,0,0,1
397,32,0.0,4.340648999999999,10.806231,0.4652735388153225,0.754765625,5.04,1.3,2.0,2015-01-01,2016-02-01,495.679933966709,542.6206801207085,8.330161345441786,0.41650806727208933,7.913653278169696,0.0,0.0,213.41768671601307,0.0,83.37436139082807,8.758906642045762,5.5,0.0,0.0,0.0,0.0,0.0,1,6,5,0,0,1
398,33,0.0,5.224683,12.288288,0.5126517956720767,0.5325086805555556,5.04,1.3,8.0,2015-01-01,2016-02-02,496.8717827422282,543.7242864778989,8.335301395372099,0.41676506976860495,7.918536325603494,0.0,0.0,214.05105129922728,0.0,83.4258067785805,8.751007267627749,5.5,0.0,0.0,0.0,0.0,0.0,1,6,5,0,0,1
399,34,0.0,1.4523712499999997,11.794269,0.4300676221014419,0.7856770833333333,3.31875,1.3,3.0,2015-01-01,2016-02-03,498.0616019339877,544.8263403937748,8.340414180067404,0.4170207090033702,7.923393471064033,0.0,0.0,214.6840947694555,0.0,83.47697927587352,8.743083704315232,5.5,0.0,0.0,0.0,0.0,0.0,1,6,5,0,0,1
400,35,0.0,0.7785120000000001,13.094319,0.4413997334134805,0.4823958333333334,2.88,1.3,0.0,2015-01-01,2016-02-04,499.24939676983075,545.9268394081649,8.345499685363276,0.4172749842681638,7.928224701095112,0.0,0.0,215.3168153972004,0.0,83.52787874093913,8.735135896488579,5.5,0.0,0.0,0.0,0.0,0.0,1,6,5,0,0,1
401,36,0.0,5.6667,15.859092,0.6027898902223049,0.6859288194444444,2.88,1.3,1.0,2015-01-01,2016-02-05,500.43517239759063,547.0257810908037,8.350557899101029,0.41752789495505144,7.9330300041459765,0.0,0.0,215.949211443821,0.0,83.57850505208425,8.727163793656647,5.5,0.0,0.0,0.0,0.0,0.0,1,6,5,0,0,1
402,37,0.0,8.830155,18.511194,0.7581693442681166,0.74625,3.5179166666666664,1.3,4.0,2015-01-01,2016-02-06,501.61893388682336,548.1231630412258,8.35558881107975,0.4177794405539875,7.937809370525762,0.0,0.0,216.58128116182195,0.0,83.6288581072107,8.719079652521145,5.5,0.0,0.0,0.0,0.0,0.0,1,6,5,0,0,1
403,38,0.0,9.628241249999999,16.379112,0.719713845920643,1.0843836805555556,6.718333333333333,1.3,5.0,2015-01-01,2016-02-07,502.80064438558,549.2189828886588,8.360592806928661,0.4180296403464331,7.942563166582228,0.0,0.0,217.2130287960499,0.0,83.67894176597844,8.710788680460382,5.5,0.0,0.0,0.0,0.0,0.0,1,6,5,0,0,1
404,39,0.0,-1.084893000000001,9.566849999999999,0.3519301327638949,1.5116753472222222,14.34375,1.3,5.0,2015-01-01,2016-02-08,503.98022162670196,550.3132382919168,8.36557069534551,0.4182785347672755,7.947292160578233,0.0,0.0,217.84446521745718,0.0,83.72876412242735,8.702477970225727,5.5,0.0,3.5,0.0,0.0,0.0,1,6,5,0,0,1
405,40,0.0,-3.364314000000001,5.181348,0.2637437496124853,1.27015625,14.4,1.3,1.0,2015-01-01,2016-02-09,505.1576719806227,551.4059269392933,8.37052244952649,0.41852612247632454,7.951996327050165,0.0,0.0,218.47558883950109,0.0,83.7783249082853,8.694147435125695,5.5,0.0,3.5,0.0,0.0,0.0,1,6,5,0,0,1
406,41,0.0,-3.450984000000001,7.469436,0.2904138256044949,0.700060763888889,14.4,1.3,3.0,2015-01-01,2016-02-10,506.3330017250381,552.497046548454,8.375448044847017,0.4187724022423509,7.956675642604666,0.0,0.0,219.10639806366248,0.0,83.82762387709138,8.685796993882825,5.5,0.0,3.5,0.0,0.0,0.0,1,6,5,0,0,1
407,42,0.0,-1.636692,8.058792,0.3222388911589188,0.4286111111111111,14.4,1.3,3.0,2015-01-01,2016-02-11,507.5062170467973,553.5865948663304,8.38034745880904,0.419017372940452,7.961330085868587,0.0,0.0,219.73689127976678,0.0,83.87666080366861,8.677426570493804,5.5,0.0,0.0,0.0,0.0,0.0,1,6,5,0,0,1
408,43,0.0,-2.0209289999999998,11.690265,0.3701235515634605,0.4860243055555556,14.4,1.3,0.0,2015-01-01,2016-02-12,508.6773240437505,554.6745696690108,8.385220671008817,0.41926103355044086,7.965959637458376,0.0,0.0,220.36706686629933,0.0,83.92543548380141,8.669036094135459,5.5,0.0,0.0,0.0,0.0,0.0,1,6,5,0,0,1
409,44,0.0,-0.4002000000000008,12.929646000000002,0.4174051147717293,0.38752604166666665,14.4,1.3,0.0,2015-01-01,2016-02-13,509.8463287265555,555.7609687616341,8.390067663079765,0.4195033831539883,7.970564279925777,0.0,0.0,220.99692319071636,0.0,83.97394773366352,8.66062549901655,5.5,0.0,0.0,0.0,0.0,0.0,1,6,5,0,0,1
410,45,0.0,3.7252919999999996,13.336995,0.5033123472287311,0.6168402777777778,14.4,1.3,4.0,2015-01-01,2016-02-14,511.0132370204423,556.8457899782804,8.394888418668556,0.4197444209334278,7.9751439977351275,0.0,0.0,221.62645860974948,0.0,84.0221973895788,8.652194724303524,5.5,0.0,0.0,0.0,0.0,0.0,1,6,5,0,0,1
411,46,0.0,5.025341999999999,15.027059999999999,0.5681905995772678,0.5541145833333334,14.4,1.3,0.0,2015-01-01,2016-02-15,512.1780547669415,557.9290311818656,8.399682923371627,0.4199841461685814,7.979698777203045,0.0,0.0,222.25567146970735,0.0,84.07018430738596,8.643743713957633,5.5,0.0,0.0,0.0,0.0,0.0,1,6,5,0,0,1
412,47,0.0,4.583324999999999,16.361778,0.5889381144398547,0.6832118055555556,14.4,1.3,0.0,2015-01-01,2016-02-16,513.3407877255678,559.0106902640302,8.404451164717335,0.42022255823586674,7.984228606481468,0.0,0.0,222.8845601067689,0.0,84.11790836225954,8.635272416676376,5.5,0.0,0.0,0.0,0.0,0.0,1,6,5,0,0,1
413,48,0.0,5.502027,15.139731000000001,0.581814300388439,1.0338888888888889,14.4,1.3,1.0,2015-01-01,2016-02-17,514.5014415754739,560.0907651450337,8.409193132109616,0.4204596566054808,7.988733475504135,0.0,0.0,223.51312284727555,0.0,84.16536944814641,8.626780785747084,5.5,0.0,0.0,0.0,0.0,0.0,1,6,5,0,0,1
414,49,0.0,5.779370999999999,16.049766,0.610139430602671,0.6285416666666666,14.4,1.3,1.0,2015-01-01,2016-02-18,515.6600219170601,561.1692537736446,8.413908816799836,0.42069544083999183,7.993213375959844,0.0,0.0,224.1413580080154,0.0,84.21256747748384,8.618268778965213,5.5,0.0,0.0,0.0,0.0,0.0,1,6,5,0,0,1
415,50,0.0,8.752151999999999,16.734459,0.7051746773481338,0.6724652777777778,14.4,1.3,4.0,2015-01-01,2016-02-19,516.8165342735533,562.2461541270325,8.418598211847677,0.4209299105923838,7.997668301255293,0.0,0.0,224.7692638965048,0.0,84.25950238080803,8.609736358528167,5.5,0.0,0.0,0.0,0.0,0.0,1,6,5,0,0,1
416,51,0.0,10.511553,15.434408999999999,0.7179861914506595,1.0868229166666665,10.569166666666668,1.3,6.0,2015-01-01,2016-02-20,517.9709840925501,563.3214642106594,8.423261312081296,0.4211630656040648,8.002098246477232,0.0,0.0,225.39683881126453,0.0,84.30617410635536,8.601183490928468,5.5,0.0,0.0,0.0,0.0,0.0,1,6,5,0,0,1
417,52,0.0,10.008866999999999,18.502527,0.7933747046338451,1.0055642361111112,3.3600000000000003,1.3,3.0,2015-01-01,2016-02-21,519.1233767475247,564.3951820581714,8.427898114065275,0.42139490570326377,8.00650320836201,0.0,0.0,226.02408104209158,0.0,84.35258261974165,8.592610146862954,5.5,0.0,0.0,0.0,0.0,0.0,1,6,5,0,0,1
418,53,0.0,14.489705999999998,20.357264999999998,1.010121373006009,2.203671875,3.3600000000000003,1.3,6.0,2015-01-01,2016-02-22,520.2737175393045,565.4673057312888,8.432508616063613,0.42162543080318066,8.010883185260433,0.0,0.0,226.65098887032653,0.0,84.39872790359178,8.58401630113386,5.5,0.0,0.0,0.0,0.0,0.0,1,6,5,0,0,1
419,54,0.0,14.021688000000001,23.468718,1.114914185128007,1.781918402777778,4.183333333333334,1.3,3.0,2015-01-01,2016-02-23,521.422011697514,566.5378333196979,8.437092818010736,0.4218546409005368,8.015238177110199,0.0,0.0,227.27756056911647,0.0,84.44460995724933,8.575401932565619,5.5,0.0,0.0,0.0,0.0,0.0,1,6,5,0,0,1
420,55,0.0,8.44086225,14.741049,0.6438849943570571,0.646953125,6.65125,1.3,4.0,2015-01-01,2016-02-24,522.5682643819878,567.6067629409424,8.441650721467742,0.4220825360733871,8.019568185394354,0.0,0.0,227.9037944036745,0.0,84.49022879633903,8.566767023890755,5.5,0.0,0.0,0.0,0.0,0.0,1,6,5,0,0,1
421,56,0.0,8.327469,17.8005,0.7231188370913986,0.5521354166666665,3.6,1.3,0.0,2015-01-01,2016-02-25,523.7124806841493,568.6740927403123,8.446182329603946,0.4223091164801973,8.023873213123748,0.0,0.0,228.5296886315332,0.0,84.53558445258166,8.558111561692701,5.5,0.0,0.0,0.0,0.0,0.0,1,6,5,0,0,1
422,57,0.0,10.130205,19.837245000000003,0.8391878264347203,0.4637152777777778,3.6,1.3,3.0,2015-01-01,2016-02-26,524.8546656283664,569.7398208907372,8.450687647152858,0.4225343823576429,8.028153264795215,0.0,0.0,229.15524150279668,0.0,84.58067697335368,8.549435536289607,5.5,0.0,0.0,0.0,0.0,0.0,1,6,5,0,0,1
423,58,0.0,11.7336,20.036586,0.8991189123284715,1.1614583333333333,3.6,1.3,5.0,2015-01-01,2016-02-27,525.9948241732707,570.8039455926746,8.455166680389476,0.42275833401947394,8.032408346370003,0.0,0.0,229.78045126038606,0.0,84.62550642145983,8.54073894166944,5.5,0.0,0.0,0.0,0.0,0.0,1,6,5,0,0,1
424,59,0.0,11.005572,16.353111,0.7586807056545086,0.8379340277777777,9.202916666666669,1.3,7.0,2015-01-01,2016-02-28,527.1329612130535,571.8664650740021,8.459619437095451,0.42298097185477257,8.036638465240678,0.0,0.0,230.4053161402829,0.0,84.67007287478458,8.532021775395702,5.5,0.0,0.0,0.0,0.0,0.0,1,6,5,0,0,1
425,60,0.0,10.12370475,14.524374000000002,0.6823057306485016,1.5145746527777777,3.9879166666666666,1.3,7.0,2015-01-01,2016-02-29,528.2690815787321,572.9273775899072,8.464045926532071,0.42320229632660356,8.040843630205467,0.0,0.0,231.02983437176783,0.0,84.71437642602173,8.52328403853214,5.5,0.0,0.0,0.0,0.0,0.0,1,6,5,0,0,1
426,61,0.0,8.0255685,17.037803999999998,0.693548915739667,1.095199652777778,3.12,1.3,1.0,2015-01-01,2016-03-01,529.403190039389,573.9866814227777,8.46844615940776,0.4234223079703881,8.045023851437373,0.0,0.0,231.65400417765568,0.0,84.758417182349,8.514525735555328,5.5,0.0,0.0,0.0,0.0,0.0,1,6,5,0,0,1
427,62,0.0,7.521438,18.268518,0.7136123281108147,0.7846701388888889,3.12,1.3,0.0,2015-01-01,2016-03-02,530.5352913033854,575.0443748820917,8.472820147856028,0.4236410073928014,8.049179140463227,0.0,0.0,232.27782377452672,0.0,84.80219526520746,8.505746874290514,5.5,0.0,0.0,0.0,0.0,0.0,1,6,5,0,0,1
428,63,0.0,10.450883999999999,17.930505,0.7893932901059739,1.2208767361111112,3.12,1.3,4.0,2015-01-01,2016-03-03,531.6653900195489,576.1004563043086,8.477167905399616,0.4238583952699808,8.053309510129635,0.0,0.0,232.9012913729548,0.0,84.84571080994267,8.496947465818213,5.5,0.0,0.0,0.0,0.0,0.0,1,6,5,0,0,1
429,64,0.0,10.710894,18.996546000000002,0.8308403392701353,0.486076388888889,3.12,1.3,4.0,2015-01-01,2016-03-04,532.7934907783357,577.1549240527589,8.480623784713803,0.4240311892356903,8.056592595478113,0.0,0.0,233.52440517773132,0.0,84.88029978354301,8.486177536633912,5.5,0.0,0.0,0.0,0.0,0.0,1,6,5,0,0,1
430,65,0.0,12.704304,21.631314000000003,0.990879522102308,0.5234461805555556,3.12,1.3,2.0,2015-01-01,2016-03-05,533.9193394109717,578.2077765175346,8.4839167836486,0.4241958391824301,8.05972094446617,0.0,0.0,234.14702032109074,0.0,84.91325853090262,8.475083589925118,5.5,0.0,0.0,0.0,0.0,0.0,1,6,5,0,0,1
431,66,0.0,12.493407000000001,22.238004,1.005744488883896,1.046388888888889,3.12,1.3,4.0,2015-01-01,2016-03-06,535.042900775933,579.2590121153786,8.487185645771763,0.4243592822885882,8.062826363483175,0.0,0.0,234.7691125002117,0.0,84.94597569935732,8.463978742802498,5.5,0.0,0.0,0.0,0.0,0.0,1,6,5,0,0,1
432,67,0.0,7.790115,17.939172,0.7119177249783306,1.2242534722222222,3.12,1.3,0.0,2015-01-01,2016-03-07,536.1641812700693,580.3086292895755,8.490430393562844,0.4245215196781422,8.065908873884702,0.0,0.0,235.390680355852,0.0,84.97845151389883,8.45286299724185,5.5,0.0,0.0,0.0,0.0,0.0,1,6,5,0,0,1
433,68,0.0,7.495437,18.355188000000002,0.7153104804007471,0.4390190972222222,3.12,1.3,0.0,2015-01-01,2016-03-08,537.2831872192279,581.3566265098412,8.493651050859532,0.4246825525429766,8.068968498316554,0.0,0.0,236.0117225240981,0.0,85.01068621311232,8.44173635841738,5.5,0.0,0.0,0.0,0.0,0.0,1,6,5,0,0,1
434,69,0.0,9.272172,19.941249,0.8151809861181528,0.5180642361111111,3.12,1.3,1.0,2015-01-01,2016-03-09,538.3999248795798,582.4030022722133,8.49684764281799,0.42484238214089953,8.07200526067709,0.0,0.0,236.63223763658164,0.0,85.04268004877906,8.43059883460277,5.5,0.0,0.0,0.0,0.0,0.0,1,6,5,0,0,1
435,70,0.0,10.156206,20.851284,0.8733195781163312,0.483125,3.12,1.3,0.0,2015-01-01,2016-03-10,539.514400438918,583.4477550989401,8.50002019589902,0.42500100979495115,8.07501918610407,0.0,0.0,237.25222432069108,0.0,85.07443328573818,8.419450437125935,5.5,0.0,0.0,0.0,0.0,0.0,1,6,5,0,0,1
436,71,0.0,11.967609,19.005213,0.8721624980490716,0.6659114583333333,3.12,1.3,6.0,2015-01-01,2016-03-11,540.6266200179302,584.4908835383717,8.50316873782983,0.4251584368914915,8.078010300938338,0.0,0.0,237.87168119978236,0.0,85.10594620150385,8.408291180272712,5.5,0.0,0.0,0.0,0.0,0.0,1,6,5,0,0,1
437,72,0.0,10.182207,20.721279000000003,0.8698523783047094,1.1971875,3.12,1.3,1.0,2015-01-01,2016-03-12,541.7365896714441,585.5323861648492,8.506293297582122,0.42531466487910613,8.080978632703015,0.0,0.0,238.490606893384,0.0,85.13721908604619,8.397121081226096,5.5,0.0,0.0,0.0,0.0,0.0,1,6,5,0,0,1
438,73,0.0,10.294878,19.161219,0.8228405701561676,1.1351822916666665,5.095,1.3,1.0,2015-01-01,2016-03-13,542.8443153896452,586.5722615785945,8.50939390534646,0.42546969526732314,8.083924210079138,0.0,0.0,239.1090000174002,0.0,85.1682522415344,8.38594015999672,5.5,0.0,0.0,0.0,0.0,0.0,1,6,5,0,0,1
439,74,0.0,10.121538,19.265223,0.8206456882558675,1.721328125,6.306666666666667,1.3,4.0,2015-01-01,2016-03-14,543.9498030992729,587.6105084056003,8.512470592507027,0.4256235296253514,8.086847062881676,0.0,0.0,239.72685918431011,0.0,85.19904598208446,8.37474843935679,5.5,0.0,0.0,0.0,0.0,0.0,1,6,5,0,0,1
440,75,0.0,10.225542,19.265223,0.8239399450589037,1.6701302083333334,6.577916666666667,1.3,4.0,2015-01-01,2016-03-15,545.0530586647903,588.6471252975206,8.515523391612756,0.42577616958063785,8.089747222032118,0.0,0.0,240.34418300336506,0.0,85.22960063346993,8.363545944762242,5.5,0.0,0.0,0.0,0.0,0.0,1,6,5,0,0,1
441,76,0.0,9.884640000000001,15.503744999999999,0.7024613717739167,0.8294184027777778,6.965833333333333,1.3,5.0,2015-01-01,2016-03-16,546.1540878895279,589.6821109315586,8.518552336360706,0.4259276168180354,8.092624719542671,0.0,0.0,240.96097008078073,0.0,85.25991653295567,8.352332704307942,5.5,0.0,0.0,0.0,0.0,0.0,1,6,5,0,0,1
442,77,0.0,3.9159659999999996,10.78023,0.4567011746667646,0.6239322916666666,10.1,1.3,5.0,2015-01-01,2016-03-17,547.2528965168086,590.7154640103594,8.521557461561352,0.42607787307806766,8.095479588483284,0.0,0.0,241.5772190199288,0.0,85.28999402895043,8.34110874863702,5.5,0.0,0.0,0.0,0.0,0.0,1,6,5,0,0,1
443,78,0.0,2.7545879999999996,13.310994,0.483189228586644,1.28140625,8.64,1.3,2.0,2015-01-01,2016-03-18,548.3494902310443,591.7471832618968,8.524538803129209,0.42622694015646045,8.098311862972748,0.0,0.0,242.19292842152316,0.0,85.31983348091303,8.329874110911135,5.5,0.0,0.0,0.0,0.0,0.0,1,6,5,0,0,1
444,79,0.0,4.643993999999999,16.387779,0.5909875608099572,1.183559027777778,8.64,1.3,0.0,2015-01-01,2016-03-19,549.4438746588161,592.7772674393657,8.527496398044478,0.4263748199022239,8.101121578142255,0.0,0.0,242.8080968838053,0.0,85.3494352589684,8.318628826714974,5.5,0.0,0.0,0.0,0.0,0.0,1,6,5,0,0,1
445,80,0.0,6.178052999999999,17.878503,0.6665686480052461,1.1949913194444444,7.204166666666668,1.3,5.0,2015-01-01,2016-03-20,550.5360553699262,593.8057153210701,8.530430284343472,0.4265215142171737,8.1039087701263,0.0,0.0,243.42272300272506,0.0,85.3787997438119,8.307372934024219,5.5,0.0,0.0,0.0,0.0,0.0,1,6,5,0,0,1
446,81,0.0,12.478962,17.488488,0.8391878264347203,0.7836892361111111,10.048333333333334,1.3,6.0,2015-01-01,2016-03-21,551.6260378784342,594.8325257103141,8.533340501091066,0.42666702505455334,8.106673476036512,0.0,0.0,244.03680537211983,0.0,85.40792732643334,8.296106473135634,5.5,0.0,0.0,0.0,0.0,0.0,1,6,5,0,0,1
447,82,0.0,7.991622749999999,15.659751,0.6559743439513821,0.4815451388888889,8.9625,1.3,5.0,2015-01-01,2016-03-22,552.7138276436696,595.8576974352917,8.536227088355083,0.4268113544177542,8.109415733937329,0.0,0.0,244.65034258389053,0.0,85.43681840786098,8.28482948660016,5.5,0.0,0.0,0.0,0.0,0.0,1,6,5,0,0,1
448,83,0.0,7.469436,15.313071,0.6337547067239179,1.2685069444444443,5.76,1.3,1.0,2015-01-01,2016-03-23,553.7994300712234,596.8812293489755,8.539090087195405,0.4269545043597702,8.112135582835634,0.0,0.0,245.26333322817422,0.0,85.46547339905213,8.273542019189065,5.5,0.0,0.0,0.0,0.0,0.0,1,6,5,0,0,1
449,84,0.0,7.989456,19.551234,0.7640683458638837,0.7089756944444444,5.76,1.3,3.0,2015-01-01,2016-03-24,554.8828505139221,597.9031203290081,8.541929539636326,0.42709647698181635,8.11483306265451,0.0,0.0,245.87577589351508,0.0,85.49389272061678,8.262244117824693,5.5,0.0,0.0,0.0,0.0,0.0,1,6,5,0,0,1
450,85,0.0,12.158283,21.388638,0.9618320245791896,0.6768402777777778,5.0495833333333335,1.3,7.0,2015-01-01,2016-03-25,555.9640942727815,598.9233692775916,10.517444348796705,0.5258722174398354,9.99157213135687,0.0,0.0,246.48766916703235,0.0,91.66876163633849,8.250935831519925,5.5,0.0,0.0,0.0,0.0,0.0,1,6,5,0,0,1
451,86,0.0,13.016316,17.878503,0.8695639917158784,1.0385069444444444,12.375833333333333,1.3,8.0,2015-01-01,2016-03-26,557.0431665979391,599.9419751213774,10.520881531638446,0.5260440765819224,9.994837455056524,0.0,0.0,247.09901163458494,0.0,91.69871970259213,8.239617211342392,5.5,0.0,0.0,0.0,0.0,0.0,1,6,5,0,0,1
452,87,0.0,12.695637,15.304403999999998,0.7778156503791971,1.1035763888888885,23.77458333333333,1.3,8.0,2015-01-01,2016-03-27,558.1200726895719,600.958936811356,10.524289894054636,0.5262144947027318,9.998075399351904,0.0,0.0,247.70980188093455,0.0,91.72842657353323,8.228288310354708,5.5,0.0,0.0,0.0,0.0,0.0,1,6,5,0,0,1
453,88,0.0,12.7664175,18.025842,0.8661577906450357,0.9360243055555555,19.314166666666665,1.3,5.0,2015-01-01,2016-03-28,559.1948176987931,601.9742533227477,10.52766949227762,0.526383474613881,10.00128601766374,0.0,0.0,248.32003848990556,0.0,91.75788273927608,8.216949183558496,5.5,0.0,0.0,0.0,0.0,0.0,1,6,5,0,0,1
454,89,0.0,9.912807749999999,19.143885,0.8102675514517144,1.2868229166666667,12.322916666666666,1.3,3.0,2015-01-01,2016-03-29,560.2674067285324,602.9879236548923,10.53102038361529,0.5265510191807645,10.004469364434526,0.0,0.0,248.92972004454265,0.0,91.78708869930927,8.205599887862562,5.5,0.0,0.0,0.0,0.0,0.0,1,6,5,0,0,1
455,90,0.0,8.153406749999998,16.613121,0.6854960064901875,1.267421875,8.874583333333334,1.3,1.0,2015-01-01,2016-03-30,561.3378448343988,603.9999468311398,10.534342626410693,0.5267171313205347,10.007625495090158,0.0,0.0,249.53884512726643,0.0,91.81604496214362,8.194240482003268,5.5,0.0,0.0,0.0,0.0,0.0,1,6,5,0,0,1
456,91,0.0,7.356764999999999,16.387779,0.6583972473857599,0.6658680555555556,11.140416666666669,1.3,6.0,2015-01-01,2016-03-31,562.4061370255255,605.0103218987397,10.537636280041543,0.5268818140020771,10.010754466039465,0.0,0.0,250.14741232002518,0.0,91.84475204530816,8.182871026535363,5.5,0.0,0.0,0.0,0.0,0.0,1,6,5,0,0,1
457,92,0.0,4.261923749999999,10.944903,0.4664244136896464,1.0731857638888889,6.862916666666667,1.3,7.0,2015-01-01,2016-04-01,563.4722882654,606.0190479287321,10.540901404880582,0.5270450702440292,10.013856334636554,0.0,0.0,250.75542020444624,0.0,91.87321047500426,8.171491583753848,5.5,0.0,0.0,0.0,0.0,0.0,1,6,5,0,0,1
458,93,0.0,3.2052719999999995,14.871054,0.5245409480508876,0.6968836805555555,2.88,1.3,0.0,2015-01-01,2016-04-02,564.5363034726769,607.0261240158379,10.544138062283851,0.5272069031141926,10.016931159169658,0.0,0.0,251.36286736198343,0.0,91.90142078600367,8.160102217665516,5.5,0.0,0.0,0.0,0.0,0.0,1,6,5,0,0,1
459,94,0.0,6.594068999999999,17.999841,0.6808511242997444,0.5859114583333334,2.88,1.3,4.0,2015-01-01,2016-04-03,565.5981875219742,608.0315492783487,10.547346314565196,0.5273673157282598,10.019978998836937,0.0,0.0,251.96975237406303,0.0,91.92938352142633,8.148702993936313,5.5,0.0,0.0,0.0,0.0,0.0,1,6,5,0,0,1
460,95,0.0,9.628963500000001,17.861169,0.7625684138539206,1.1328732638888885,3.334583333333333,1.3,2.0,2015-01-01,2016-04-04,566.6579452446553,609.0353228580179,10.550526224982699,0.527526311249135,10.022999913733564,0.0,0.0,252.576073822227,0.0,91.95709923262191,8.137293979859532,5.5,0.0,0.0,0.0,0.0,0.0,1,6,5,0,0,1
461,96,0.0,9.159501,20.721279000000003,0.8363971773064992,0.505625,3.12,1.3,2.0,2015-01-01,2016-04-05,567.7155814295963,610.0374439199512,10.553677857706923,0.5276838928853461,10.025993964821577,0.0,0.0,253.18183028827468,0.0,91.98456847889324,8.125875244293312,5.5,0.0,0.0,0.0,0.0,0.0,1,6,5,0,0,1
462,97,0.0,11.249692499999998,20.859951000000002,0.9108152402121784,0.36363715277777775,3.12,1.3,2.0,2015-01-01,2016-04-06,568.7711008239372,611.0379116524967,10.556801277809972,0.5278400638904986,10.028961213919473,0.0,0.0,253.78702035440153,0.0,92.01179182740086,8.114446857633562,5.5,0.0,0.0,0.0,0.0,0.0,1,6,5,0,0,1
463,98,0.0,11.187579,21.891323999999997,0.944950823877684,0.8338281249999999,3.12,1.3,2.0,2015-01-01,2016-04-07,569.8245081338175,612.0367252671363,10.559896551245103,0.5279948275622551,10.031901723682848,0.0,0.0,254.39164260333558,0.0,92.03876985298524,8.1030088917717,5.5,0.0,0.0,0.0,0.0,0.0,1,6,5,0,0,1
464,99,0.0,10.234209,21.111294,0.8846719878992823,0.8252777777777778,5.264166666666667,1.3,3.0,2015-01-01,2016-04-08,570.8758080251018,613.0338839983757,10.562963744826417,0.5281481872413208,10.034815557585096,0.0,0.0,254.9956956184731,0.0,92.06550313798998,8.091561420051574,5.5,0.0,0.0,0.0,0.0,0.0,1,6,5,0,0,1
465,100,0.0,10.459551000000001,19.785242999999998,0.8481729780261024,0.30225694444444445,5.6570833333333335,1.3,1.0,2015-01-01,2016-04-09,571.9250051240875,614.0293871036364,10.566002926204908,0.5283001463102454,10.037702779894662,0.0,0.0,255.59917798401057,0.0,92.0919922720529,8.08010451722145,5.5,0.0,0.0,0.0,0.0,0.0,1,6,5,0,0,1
466,101,0.0,12.331623,20.296596,0.9289413041120148,0.5325260416666668,5.370416666666667,1.3,6.0,2015-01-01,2016-04-10,572.9721040181998,615.0232338631452,10.569014163863136,0.5284507081931568,10.040563455669979,0.0,0.0,256.20208828507515,0.0,92.11823785205962,8.068638259417915,5.5,0.0,0.0,0.0,0.0,0.0,1,6,5,0,0,1
467,102,0.0,13.362996,21.691982999999997,1.0180419020709972,0.6738715277777777,10.164583333333333,1.3,7.0,2015-01-01,2016-04-11,574.0171092566762,616.0154235798267,10.571997527081159,0.5285998763540579,10.043397650727101,0.0,0.0,256.80442510785394,0.0,92.14424048184665,8.05716272409989,5.5,0.0,0.0,0.0,0.0,0.0,1,6,5,0,0,1
468,103,0.0,14.611044,18.398523,0.9424721620861298,1.1309114583333333,10.097083333333334,1.3,7.0,2015-01-01,2016-04-12,575.0600253512329,617.0059555791934,10.574953085931785,0.5287476542965893,10.046205431635196,0.0,0.0,257.40618703971984,0.0,92.17000077216007,8.045677990034148,5.5,0.0,0.0,0.0,0.0,0.0,1,6,5,0,0,1
469,104,0.0,13.24238025,17.488488,0.8641244818486727,0.7573611111111112,21.627916666666668,1.3,8.0,2015-01-01,2016-04-13,576.1008567767236,617.9948292092375,10.577880911258188,0.5288940455629094,10.048986865695278,0.0,0.0,258.0073726693562,0.0,92.19551934046034,8.034184137250595,5.5,0.0,0.0,0.0,0.0,0.0,1,6,5,0,0,1
470,105,0.0,13.12032,21.371304000000002,0.9967155201503768,0.7855468750000001,12.63125,1.3,6.0,2015-01-01,2016-04-14,577.1396079717832,618.9820438403226,10.580781074651025,0.5290390537325512,10.051742020918473,0.0,0.0,258.60798058687993,0.0,92.22079681072285,8.02268124699577,5.5,0.0,0.0,0.0,0.0,0.0,1,6,5,0,0,1
471,106,0.0,11.612262000000001,18.069177,0.8300096187689129,0.6667100694444446,7.608333333333332,1.3,6.0,2015-01-01,2016-04-15,578.176283339459,619.9675988650736,10.583653648444631,0.5291826824222315,10.0544709660224,0.0,0.0,259.2080093839615,0.0,92.24583381340489,8.01116940172123,5.5,0.0,0.0,0.0,0.0,0.0,1,6,5,0,0,1
472,107,0.0,11.898273,20.556606,0.9228475201828846,1.5840538194444445,4.054583333333333,1.3,3.0,2015-01-01,2016-04-16,579.2108872478319,620.9514936982702,10.586498705689898,0.529324935284495,10.057173770405404,0.0,0.0,259.80745765394414,0.0,92.27063098520908,7.999648685030531,5.5,0.0,0.0,0.0,0.0,0.0,1,6,5,0,0,1
473,108,0.0,9.714189,18.849207,0.7949722080004493,1.6562760416666666,7.053333333333334,1.3,3.0,2015-01-01,2016-04-17,580.2434240306239,621.9337277767376,10.589316320138957,0.529465816006948,10.05985050413201,0.0,0.0,260.4063239919609,0.0,92.29518896895,7.988119181646802,5.5,0.0,0.0,0.0,0.0,0.0,1,6,5,0,0,1
474,109,0.0,10.528887000000001,18.23385,0.801122205230045,0.5251736111111112,4.3812500000000005,1.3,3.0,2015-01-01,2016-04-18,581.2738979877954,622.914300559238,10.592106566237426,0.5296053283118713,10.062501237925554,0.0,0.0,261.0046069950493,0.0,92.3195084134866,7.976580977394819,5.5,0.0,0.0,0.0,0.0,0.0,1,6,5,0,0,1
475,110,0.0,9.549516,19.230555,0.8016589593043122,0.5226736111111111,7.876666666666667,1.3,2.0,2015-01-01,2016-04-19,582.3023133861319,623.8932115263636,10.594869519097854,0.5297434759548927,10.06512604314296,0.0,0.0,261.60230526226525,0.0,92.34358997349064,7.965034159148807,5.5,0.0,0.0,0.0,0.0,0.0,1,6,5,0,0,1
476,111,0.0,9.436845,21.969327,0.8867232657468405,0.5820052083333334,6.31625,1.3,0.0,2015-01-01,2016-04-20,583.3286744598176,624.8704601804276,10.597605254489647,0.5298802627244824,10.067724991765164,0.0,0.0,262.19941739479395,0.0,92.36743430935911,7.953478814810991,5.5,0.0,0.0,0.0,0.0,0.0,1,6,5,0,0,1
477,112,0.0,11.932941,24.058073999999998,1.05436266688804,0.4325434027777778,4.32,1.3,0.0,2015-01-01,2016-04-21,584.3529854110003,625.8460460453565,10.600313848829506,0.5300156924414753,10.07029815638803,0.0,0.0,262.7959419960599,0.0,92.39104208713054,7.9419150332892805,5.5,0.0,0.0,0.0,0.0,0.0,1,6,5,0,0,1
478,113,0.0,11.4230325,25.574799,1.0946941755841375,0.8076041666666667,4.32,1.3,2.0,2015-01-01,2016-04-22,585.3752504103451,626.8199686665831,10.602995379152818,0.530149768957641,10.072845610195177,0.0,0.0,263.39187767183535,0.0,92.41441397823608,7.930342904443902,5.5,0.0,0.0,0.0,0.0,0.0,1,6,5,0,0,1
479,114,0.0,11.256915,23.945403,1.0236852003306156,0.6826388888888889,4.32,1.3,2.0,2015-01-01,2016-04-23,586.3954735975772,627.7922276109382,10.605649923114022,0.5302824961557011,10.075367426958321,0.0,0.0,263.9872230303458,0.0,92.43755065950222,7.918762519082766,5.5,0.0,0.0,0.0,0.0,0.0,1,6,5,0,0,1
480,115,0.0,16.855797,25.184784,1.317739630068801,0.7804774305555555,4.32,1.3,2.0,2015-01-01,2016-04-24,587.4136590820169,628.7628224665435,10.608277558959792,0.5304138779479896,10.077863681011802,0.0,0.0,264.5819766823754,0.0,92.46045281291752,7.907173968910837,5.5,0.0,0.0,0.0,0.0,0.0,1,6,5,0,0,1
481,116,0.0,16.630455,24.924774,1.2946672029058284,0.5487065972222221,5.824166666666667,1.3,4.0,2015-01-01,2016-04-25,588.4298109431008,629.7317528427039,10.610878365525743,0.5305439182762872,10.080334447249456,0.0,0.0,265.17613724136936,0.0,92.48312112560357,7.895577346521108,5.5,0.0,0.0,0.0,0.0,0.0,1,6,5,0,0,1
482,117,0.0,17.410485,27.438204,1.4584309892947271,0.6032986111111112,9.224166666666669,1.3,4.0,2015-01-01,2016-04-26,589.4439332308986,630.6990183698013,10.613452422212026,0.5306726211106013,10.082779801101424,0.0,0.0,265.76970332353596,0.0,92.50555628960234,7.883972745346396,5.5,0.0,0.0,0.0,0.0,0.0,1,6,5,0,0,1
483,118,0.0,18.433191,29.717624999999998,1.640538598690263,0.4540364583333333,11.04,1.3,3.0,2015-01-01,2016-04-27,590.4560299666142,631.664618699186,10.29271294620518,0.514635647310259,9.778077298894921,0.0,0.0,266.3626735479455,0.0,89.71003015241871,7.737361328627214,0.0,4.5,0.0,0.0,0.0,0.0,1,6,5,0,0,1
484,119,0.0,18.467859,29.284275,1.6175467338565068,0.6397048611111112,6.282500000000001,1.3,5.0,2015-01-01,2016-04-28,591.4487838995715,632.6285535030712,10.323346049107018,0.5161673024553509,9.807178746651667,0.0,0.0,266.9448882464087,0.0,89.97702453954957,7.807751357993278,0.0,4.5,0.0,0.0,0.0,0.0,1,6,5,0,0,1
485,120,0.0,18.381189,26.918184,1.4821934824626593,0.9086111111111111,4.945833333333334,1.3,7.0,2015-01-01,2016-04-29,592.4500578207372,633.5908224744256,10.620999721617473,0.5310499860808737,10.0899497355366,0.0,0.0,267.53266828119416,0.0,92.57133763032084,7.849410775878469,5.5,0.0,0.0,0.0,0.0,0.0,1,6,5,0,0,1
486,121,0.0,17.696496,24.47409,1.3239805439264176,1.1807378472222223,6.735833333333334,1.3,4.0,2015-01-01,2016-04-30,593.4561561584709,634.551425326867,10.623467176352433,0.5311733588176216,10.092293817534811,0.0,0.0,268.1238578464296,0.0,92.59284366471914,7.837773670191873,5.5,0.0,0.0,0.0,0.0,0.0,1,6,5,0,0,1
487,122,0.0,16.74240375,26.372163,1.370077899149883,1.2783940972222223,8.64,1.3,1.0,2015-01-01,2016-05-01,594.4602443960547,635.510361794556,10.625908289801863,0.5312954144900932,10.09461287531177,0.0,0.0,268.71444597951944,0.0,92.61412011168684,7.826129076071603,5.5,0.0,0.0,0.0,0.0,0.0,1,6,5,0,0,1
488,123,0.0,14.3337,25.098114000000002,1.1978329503940477,1.3169097222222221,5.7775,1.3,5.0,2015-01-01,2016-05-02,595.4623264208326,636.4676316320891,10.628323144469352,0.5314161572234676,10.096906987245884,0.0,0.0,269.3044313158807,0.0,92.63516769031517,7.814477091382827,5.5,0.0,0.0,0.0,0.0,0.0,1,6,5,0,0,1
489,124,0.0,14.082357000000002,24.604095,1.1653802222762062,0.6582899305555556,4.32,1.3,5.0,2015-01-01,2016-05-03,596.4624060940854,637.4232346143936,10.630711823331712,0.5315355911665857,10.099176232165126,0.0,0.0,269.8938124943534,0.0,92.6559871238199,7.802817814649524,5.5,0.0,0.0,0.0,0.0,0.0,1,6,5,0,0,1
490,125,0.0,17.28048,27.117525,1.435002414593186,0.5186284722222223,4.32,1.3,5.0,2015-01-01,2016-05-04,597.460487251473,638.3771705366203,10.633074409835295,0.5316537204917647,10.10142068934353,0.0,0.0,270.4825881572885,0.0,92.67657913950927,7.79115134504541,5.5,0.0,0.0,0.0,0.0,0.0,1,6,5,0,0,1
491,126,0.0,17.57299125,27.368868,1.4633159155996545,1.0201215277777778,4.32,1.3,4.0,2015-01-01,2016-05-05,598.456573703472,639.3294392140388,10.635410987885674,0.5317705493942837,10.10364043849139,0.0,0.0,271.0707569506364,0.0,92.69694446869393,7.779477782372663,5.5,0.0,0.0,0.0,0.0,0.0,1,6,5,0,0,1
492,127,0.0,16.959801,24.231414,1.2775957964426237,0.7983940972222222,8.610416666666667,1.3,7.0,2015-01-01,2016-05-06,599.4506692358033,640.2800404819316,10.637721641827264,0.5318860820913632,10.105835559735901,0.0,0.0,271.65831752403324,0.0,92.71708384650961,7.767797227024479,5.5,0.0,0.0,0.0,0.0,0.0,1,6,5,0,0,1
493,128,0.0,17.583825,27.472872,1.4693565585557005,1.0677604166666665,9.942916666666669,1.3,5.0,2015-01-01,2016-05-07,600.442777609853,641.2289741954885,10.640006456439435,0.5320003228219717,10.108006133617463,0.0,0.0,272.24526853088537,0.0,92.73699801188289,7.756109779975368,5.5,0.0,0.0,0.0,0.0,0.0,1,6,5,0,0,1
494,129,0.0,16.9785795,25.912812,1.359054661749801,0.5461892361111113,3.2729166666666663,1.3,5.0,2015-01-01,2016-05-08,601.4329025630843,642.1762402297012,10.64226551692057,0.5321132758460285,10.110152241074541,0.0,0.0,272.8316086284533,0.0,92.75668770739253,7.744415542751206,5.5,0.0,0.0,0.0,0.0,0.0,1,6,5,0,0,1
495,130,0.0,13.516113,25.6008,1.1840269520772602,1.1819097222222221,3.6,1.3,6.0,2015-01-01,2016-05-09,602.421047809444,643.1218384792583,10.64449890888149,0.5322249454440745,10.112273963437415,0.0,0.0,273.41733647793325,0.0,92.77615367921194,7.732714617415292,5.5,0.0,0.0,0.0,0.0,0.0,1,6,5,0,0,1
496,131,0.0,13.493001,26.406831,1.2186125731803528,0.9258072916666666,3.4929166666666664,1.3,3.0,2015-01-01,2016-05-10,603.4072170397601,644.0657688584404,10.646706718329352,0.5323353359164676,10.114371382412884,0.0,0.0,274.0024507445385,0.0,92.79539667696908,7.721007106538874,5.5,0.0,0.0,0.0,0.0,0.0,1,6,5,0,0,1
497,132,0.0,15.89376,24.777435,1.2535501336728576,0.5373958333333334,7.484583333333333,1.3,4.0,2015-01-01,2016-05-11,604.3914139221339,645.0080313010152,10.648889031660739,0.532444451583037,10.116444580077701,0.0,0.0,274.5869500975787,0.0,92.81441745368596,7.7092931131861935,5.5,0.0,0.0,0.0,0.0,0.0,1,6,5,0,0,1
498,133,0.0,15.668417999999999,22.697354999999998,1.1516568248950692,0.5617534722222222,14.585833333333332,1.3,5.0,2015-01-01,2016-05-12,605.3736421023231,645.9486257601333,10.651045935643445,0.5325522967821723,10.118493638861272,0.0,0.0,275.170833210538,0.0,92.83321676562011,7.697572740881343,5.5,0.0,0.0,0.0,0.0,0.0,1,6,5,0,0,1
499,134,0.0,15.443075999999998,27.568209,1.36496684091665,0.8679340277777778,18.96,1.3,1.0,2015-01-01,2016-05-13,606.353905204118,646.8875522082225,10.653177517424915,0.5326588758712458,10.12051864155367,0.0,0.0,275.754098761151,0.0,92.85179537233802,7.685846093621132,5.5,0.0,0.0,0.0,0.0,0.0,1,6,5,0,0,1
500,135,0.0,18.008508,29.232273,1.5884697228499929,0.9413628472222224,18.96,1.3,2.0,2015-01-01,2016-05-14,607.332206829716,647.8248106368858,10.655283864495308,0.5327641932247654,10.122519671270542,0.0,0.0,276.3367454314804,0.0,92.87015403639327,7.674113275808869,5.5,0.0,0.0,0.0,0.0,0.0,1,6,5,0,0,1
501,136,0.0,19.932582,30.246312,1.761973842318813,0.836484375,18.96,1.3,1.0,2015-01-01,2016-05-15,608.3085505600817,648.7604010567952,10.657365064698862,0.5328682532349431,10.124496811463919,0.0,0.0,276.91877190798914,0.0,92.8882935234255,7.662374392272836,5.5,0.0,0.0,0.0,0.0,0.0,1,6,5,0,0,1
502,137,0.0,19.863246,33.444435,1.9647170792523967,1.587890625,18.96,1.3,2.0,2015-01-01,2016-05-16,609.2829399553059,649.6943234975893,10.659421206212402,0.5329710603106201,10.126450145901781,0.0,0.0,277.5001768816149,0.0,92.90621460197315,7.650629548226762,5.5,0.0,0.0,0.0,0.0,0.0,1,6,5,0,0,1
503,138,0.0,20.209926,31.40769,1.852811550252116,1.3224826388888888,12.37125,1.3,2.0,2015-01-01,2016-05-17,610.255378554957,650.6265780077684,10.661452377541542,0.5330726188770772,10.128379758664465,0.0,0.0,278.0809590478409,0.0,92.92391804344037,7.638878849262722,5.5,0.0,0.0,0.0,0.0,0.0,1,6,5,0,0,1
504,139,0.0,20.816616,32.092383,1.93780081089212,0.8254774305555556,4.114583333333333,1.3,6.0,2015-01-01,2016-05-18,611.2258698784257,651.5571646545925,10.184551933953513,0.5092275966976757,9.675324337255837,0.0,0.0,278.6611171067676,0.0,88.7673119671233,7.069586872721433,0.0,4.5,0.0,0.0,0.0,0.0,1,6,5,0,0,1
505,140,0.0,19.897914,31.113011999999998,1.814019934972247,1.1664670138888888,4.667083333333333,1.3,5.0,2015-01-01,2016-05-19,612.1236175036044,652.4860835239765,10.665370592127058,0.533268529606353,10.132102062520705,0.0,0.0,279.1982864669163,0.0,92.95806872367864,7.6161879539745225,5.5,0.0,0.0,0.0,0.0,0.0,1,6,5,0,0,1
506,141,0.0,16.07504475,29.786960999999998,1.5123332671319507,1.1960416666666667,2.88,1.3,3.0,2015-01-01,2016-05-20,613.0903719722254,653.4133347203882,10.667326329229825,0.5333663164614914,10.133960012768334,0.0,0.0,279.77723436142634,0.0,92.97511468963305,7.604416234444252,5.5,0.0,0.0,0.0,0.0,0.0,1,6,5,0,0,1
507,142,0.0,14.787272999999999,27.152192999999997,1.3129034083065176,1.4600347222222223,2.88,1.3,2.0,2015-01-01,2016-05-21,614.0551886932129,654.3389183667454,10.669257461714786,0.5334628730857394,10.135794588629047,0.0,0.0,280.35555406087985,0.0,92.99194620474083,7.59263911416109,5.5,0.0,0.0,0.0,0.0,0.0,1,6,5,0,0,1
508,143,0.0,14.767050000000001,29.50095,1.428305660525592,0.7561805555555555,2.88,1.3,2.0,2015-01-01,2016-05-22,615.0180711163783,655.2628346043119,10.67116407948385,0.5335582039741925,10.137605875509657,0.0,0.0,280.93324428602875,0.0,93.00856405257603,7.580856700045334,5.5,0.0,0.0,0.0,0.0,0.0,1,6,5,0,0,1
509,144,0.0,20.998623000000002,30.436985999999997,1.841098756070105,0.7369184027777778,2.88,1.3,1.0,2015-01-01,2016-05-23,615.9790226729041,656.1850835925973,10.235995312687916,0.5117997656343958,9.724195547053519,0.0,0.0,281.51030376256324,0.0,89.21568617920182,7.1340200152621795,0.0,4.5,0.0,0.0,0.0,0.0,1,6,5,0,0,1
510,145,0.0,20.83395,31.615698000000002,1.907187973053272,0.83,2.88,1.3,3.0,2015-01-01,2016-05-24,616.8829247319811,657.1056655092526,10.221112956326284,0.5110556478163142,9.710057308509969,0.0,0.0,282.0535997707181,0.0,89.08597337705541,7.074802910831619,0.0,4.5,0.0,0.0,0.0,0.0,1,6,5,0,0,1
511,146,0.0,17.852502,28.062228,1.5151849348491695,1.488767361111111,2.88,1.3,1.0,2015-01-01,2016-05-25,617.7789512315861,658.0245805499691,10.676612010454797,0.5338306005227399,10.142781409932057,0.0,0.0,282.5926187560059,0.0,93.05604755417825,7.546813900789616,5.5,0.0,0.0,0.0,0.0,0.0,1,6,5,0,0,1
512,147,0.0,17.817834,30.237645,1.6350147224345484,0.6196354166666665,2.88,1.3,0.0,2015-01-01,2016-05-26,618.7343665014446,658.9418289283767,10.678419796540773,0.5339209898270387,10.144498806713734,0.0,0.0,283.1678459772122,0.0,93.07180399712284,7.5350048579679765,5.5,0.0,0.0,0.0,0.0,0.0,1,6,5,0,0,1
513,148,0.0,22.090664999999998,32.343726000000004,2.042555931388769,0.7951996527777778,2.88,1.3,0.0,2015-01-01,2016-05-27,619.6878630077913,659.8574108759422,9.994665929240622,0.49973329646203113,9.49493263277859,0.0,0.0,283.74243705788183,0.0,87.11228871938019,6.502843457136574,0.0,4.5,0.0,0.0,0.0,0.0,1,6,5,0,0,1
514,149,0.0,22.428677999999998,33.938454,2.1823540248449715,1.1965625,2.88,1.3,1.0,2015-01-01,2016-05-28,620.5103840402213,660.7713266418671,10.000851557522333,0.5000425778761167,9.500808979646216,0.0,0.0,284.23854714877143,0.0,87.16620190073132,6.504516898631751,0.0,4.5,0.0,0.0,0.0,0.0,1,6,5,0,0,1
515,150,0.0,21.06434775,35.281839000000005,2.1807954376562395,1.236875,2.88,1.3,0.0,2015-01-01,2016-05-29,621.3328187498765,661.6835764929874,10.021734765430086,0.5010867382715043,9.52064802715858,0.0,0.0,284.7349799121756,0.0,87.34821739274739,6.543827718044465,0.0,4.5,0.0,0.0,0.0,0.0,1,6,5,0,0,1
516,151,0.0,19.811244,30.931005,1.7970685840417455,1.258012152777778,2.88,1.3,1.0,2015-01-01,2016-05-30,622.1599249981557,662.5941607136721,10.684973989686323,0.5342486994843163,10.150725290202008,0.0,0.0,285.23460949103895,0.0,93.128929544856,7.491994069069248,5.5,0.0,0.0,0.0,0.0,0.0,1,6,5,0,0,1
517,152,0.0,17.23497825,29.15427,1.5410622752135363,1.4940364583333334,2.88,1.3,1.0,2015-01-01,2016-05-31,623.1065306503853,663.5030796057225,10.686657151434723,0.5343328575717362,10.152324293862987,0.0,0.0,285.80685965144994,0.0,93.14359977728061,7.480141849748925,5.5,0.0,0.0,0.0,0.0,0.0,1,6,5,0,0,1
518,153,0.0,16.101768,27.836885999999996,1.4114627797467636,1.5844878472222221,2.88,1.3,2.0,2015-01-01,2016-06-01,624.0512296059994,664.4103334882718,10.68831676445789,0.5344158382228945,10.153900926234995,0.0,0.0,286.37846639795055,0.0,93.15806476188938,7.468285600313501,5.5,0.0,0.0,0.0,0.0,0.0,1,6,5,0,0,1
519,154,0.0,15.729087,27.793551,1.3904361470351492,1.3717274305555556,6.9175,1.3,3.0,2015-01-01,2016-06-02,624.994025175363,665.3159226976846,10.689952920578843,0.5344976460289422,10.155455274549901,0.0,0.0,286.94942851861407,0.0,93.17232529900062,7.456425428090802,5.5,0.0,0.0,0.0,0.0,0.0,1,6,5,0,0,1
520,155,0.0,15.989097000000001,30.159642,1.5278984768381727,0.8177777777777778,10.08,1.3,0.0,2015-01-01,2016-06-03,625.9349206528109,666.2198475874568,10.69156571181566,0.534578285590783,10.156987426224877,0.0,0.0,287.51974480700613,0.0,93.18638219063263,7.444561440550481,5.5,0.0,0.0,0.0,0.0,0.0,1,6,5,0,0,1
521,156,0.0,19.975917000000003,32.872413,1.9337331919109444,0.6022569444444444,10.08,1.3,1.0,2015-01-01,2016-06-04,626.8739193169133,667.1221085281157,10.302857045991853,0.5151428522995927,9.78771419369226,0.0,0.0,288.0894140622389,0.0,89.79844488840598,7.135284677406771,0.0,4.5,0.0,0.0,0.0,0.0,1,6,5,0,0,1
522,157,0.0,22.619352,33.999123,2.2011329307573364,1.5038541666666665,10.08,1.3,1.0,2015-01-01,2016-06-05,627.7735274521231,668.0227059071206,10.407296653797118,0.5203648326898559,9.886931821107263,0.0,0.0,288.63566649139534,0.0,90.70872776662145,7.40329454017758,0.0,4.5,0.0,0.0,0.0,0.0,1,6,5,0,0,1
523,158,0.0,23.018034,33.548439,2.197236128453091,0.655625,10.08,1.3,2.0,2015-01-01,2016-06-06,628.7065535873747,668.9216401287626,10.023279226911892,0.5011639613455946,9.522115265566297,0.0,0.0,289.2026847556843,0.0,87.36167873057214,6.424346243397597,0.0,4.5,0.0,0.0,0.0,0.0,1,6,5,0,0,1
524,159,0.0,23.21954175,35.377176000000006,2.353917568527479,0.9001128472222223,10.08,1.3,0.0,2015-01-01,2016-06-07,629.5158666394365,669.8189116140671,9.973534778858717,0.49867673894293585,9.47485803991578,0.0,0.0,289.6949493219372,0.0,86.9281121910126,6.283582134278958,0.0,4.5,0.0,0.0,0.0,0.0,1,6,5,0,0,1
525,160,0.0,21.131517,33.037086,2.0239556164696704,1.337013888888889,10.08,1.3,0.0,2015-01-01,2016-06-08,630.3071740548376,670.7145208006929,10.69888746088455,0.5349443730442275,10.163943087840321,0.0,0.0,290.1766168647186,0.0,93.25019766213869,7.388545034478097,5.5,0.0,0.0,0.0,0.0,0.0,1,6,5,0,0,1
526,161,0.0,20.625942000000002,34.727151,2.108001441471086,1.051423611111111,10.08,1.3,2.0,2015-01-01,2016-06-09,631.2373220110109,671.6084681428342,10.371524262704725,0.5185762131352363,9.852948049569488,0.0,0.0,290.74320271780823,0.0,90.39693997070255,7.23127106816604,0.0,4.5,0.0,0.0,0.0,0.0,1,6,5,0,0,1
527,162,0.0,23.408049,34.111794,2.2696409970653115,1.1948177083333333,6.32625,1.3,4.0,2015-01-01,2016-06-10,632.147295454463,672.500754111123,10.201027584515643,0.5100513792257821,9.69097620528986,0.0,0.0,291.2979806663356,0.0,88.91091172711214,6.749898927551095,0.0,4.5,0.0,0.0,0.0,0.0,1,6,5,0,0,1
528,163,0.0,19.38006075,35.333841,2.0622772300331684,1.2739322916666667,3.6,1.3,1.0,2015-01-01,2016-06-11,632.9963544473725,673.391379192529,10.367216881001843,0.5183608440500923,9.848856036951751,0.0,0.0,291.81605890010417,0.0,90.35939735735437,7.184019368536307,0.0,4.5,0.0,0.0,0.0,0.0,1,6,5,0,0,1
529,164,0.0,18.3595215,31.009007999999998,1.712541436977346,1.8391840277777776,3.6,1.3,1.0,2015-01-01,2016-06-12,633.8996922147825,674.2803438902638,10.704474798800984,0.5352237399400492,10.169251058860935,0.0,0.0,292.3676863260719,0.0,93.29889621766773,7.342201445000262,5.5,0.0,0.0,0.0,0.0,0.0,1,6,5,0,0,1
530,165,0.0,16.739514749999998,27.091524,1.4059970957478591,1.9262239583333336,3.6,1.3,1.0,2015-01-01,2016-06-13,634.8225570580205,675.1676487236813,10.705853555309597,0.53529267776548,10.170560877544117,0.0,0.0,292.9317098349174,0.0,93.310913291165,7.330283578744595,5.5,0.0,0.0,0.0,0.0,0.0,1,6,5,0,0,1
531,166,0.0,16.717125,30.913670999999997,1.610605339732012,0.8289236111111111,3.6,1.3,0.0,2015-01-01,2016-06-14,635.7435523995479,676.0532942281809,10.707210010356686,0.5353605005178343,10.171849509838852,0.0,0.0,293.4950734723565,0.0,93.32273598784474,7.318363225736261,5.5,0.0,0.0,0.0,0.0,0.0,1,6,5,0,0,1
532,167,0.0,17.722497,32.79441,1.7829581293180796,0.8019965277777777,3.6,1.3,0.0,2015-01-01,2016-06-15,636.6626813982463,676.9372809551103,10.708544257234987,0.5354272128617493,10.173117044373237,0.0,0.0,294.0577761092969,0.0,93.33436512083509,7.306440492764961,5.5,0.0,0.0,0.0,0.0,0.0,1,6,5,0,0,1
533,168,0.0,22.243782,33.739113,2.153915921942408,1.6683680555555556,3.6,1.3,3.0,2015-01-01,2016-06-16,637.5799471996739,677.8196094716682,10.411962854164935,0.5205981427082468,9.891364711456688,0.0,0.0,294.6198166226932,0.0,90.7493977996712,7.240365663231849,0.0,4.5,0.0,0.0,0.0,0.0,1,6,5,0,0,1
534,169,0.0,19.806910499999997,33.739113,1.9809636149044385,1.425659722222222,3.6,1.3,1.0,2015-01-01,2016-06-17,638.4885575488364,678.7002803608077,10.711136736480455,0.5355568368240228,10.175579899656432,0.0,0.0,295.1770265893117,0.0,93.35696085361188,7.282661512273179,5.5,0.0,0.0,0.0,0.0,0.0,1,6,5,0,0,1
535,170,0.0,19.377894,34.285134000000006,1.9889819835227485,1.4118315972222222,3.6,1.3,2.0,2015-01-01,2016-06-18,639.4021189765967,679.5792942211398,10.712404832822555,0.5356202416411278,10.176784591181427,0.0,0.0,295.7377432038693,0.0,93.36801342660021,7.270731935911934,5.5,0.0,0.0,0.0,0.0,0.0,1,6,5,0,0,1
536,171,0.0,19.906581,34.649148,2.051096821290399,1.3450173611111111,3.6,1.3,1.0,2015-01-01,2016-06-19,640.3138264923612,680.4566516668367,10.713651095796406,0.5356825547898203,10.177968541006585,0.0,0.0,296.29779434424177,0.0,93.37887570261495,7.258800408812018,5.5,0.0,0.0,0.0,0.0,0.0,1,6,5,0,0,1
537,172,0.0,21.085293,34.70115,2.1395013341702085,1.1482552083333333,3.6,1.3,1.0,2015-01-01,2016-06-20,641.2236831911097,681.332353327536,10.284449926970764,0.5142224963485383,9.770227430622226,0.0,0.0,296.8571789121049,0.0,89.63801068500094,6.836518889789568,0.0,4.5,0.0,0.0,0.0,0.0,1,6,5,0,0,1
538,173,0.0,21.275967,33.643776,2.076906631357596,1.296796875,3.6,1.3,4.0,2015-01-01,2016-06-21,642.0802768618929,682.2063998482454,10.417017624649484,0.5208508812324742,9.896166743417009,0.0,0.0,297.38425891005244,0.0,90.79345456244621,7.176432627024195,0.0,4.5,0.0,0.0,0.0,0.0,1,6,5,0,0,1
539,174,0.0,22.402676999999997,33.331764,2.1356998123126982,1.1530034722222222,7.133333333333334,1.3,5.0,2015-01-01,2016-06-22,642.979139563843,683.0787918892457,10.389134275018135,0.5194567137509067,9.869677561267228,0.0,0.0,297.9377803627283,0.0,90.55042668930408,7.082995084383633,0.0,4.5,0.0,0.0,0.0,0.0,1,6,5,0,0,1
540,175,0.0,22.818693,33.089088000000004,2.1483944979256675,0.9574131944444445,8.272916666666667,1.3,5.0,2015-01-01,2016-06-23,643.8659626284983,683.9495301259974,10.320458548746684,0.5160229274373344,9.80443562130935,0.0,0.0,298.4843389122632,0.0,89.95185743873324,6.89577547974562,0.0,4.5,0.0,0.0,0.0,0.0,1,6,5,0,0,1
541,176,0.0,22.922697,33.652443,2.197885177699964,0.8259114583333333,4.056666666666668,1.3,2.0,2015-01-01,2016-06-24,644.7290242145673,684.8186152490442,10.20151716186302,0.510075858093151,9.691441303769869,0.0,0.0,299.0166853199065,0.0,88.91517882353509,6.5390795343556025,0.0,4.5,0.0,0.0,0.0,0.0,1,6,5,0,0,1
542,177,0.0,22.281339,34.70115,2.228579578162972,1.15734375,4.800000000000001,1.3,3.0,2015-01-01,2016-06-25,645.5471498569414,685.6860479639191,10.267793345435186,0.5133896672717593,9.754403678163426,0.0,0.0,299.5217119263449,0.0,89.49283395272417,6.716021212077121,0.0,4.5,0.0,0.0,0.0,0.0,1,6,5,0,0,1
543,178,0.0,21.622647,33.947121,2.1237004762397937,1.0464236111111112,4.655416666666667,1.3,2.0,2015-01-01,2016-06-26,646.3871341188852,686.5518289910489,10.314945421623095,0.5157472710811548,9.79919815054194,0.0,0.0,300.04061518293645,0.0,89.90380569541965,6.837594035031298,0.0,4.5,0.0,0.0,0.0,0.0,1,6,5,0,0,1
544,179,0.0,21.908658,34.562478000000006,2.190107603228124,0.7059461805555556,4.5600000000000005,1.3,1.0,2015-01-01,2016-06-27,647.2420302406207,687.4159590656614,10.066246262051564,0.5033123131025782,9.562933948948986,0.0,0.0,300.5691327136933,0.0,87.73617416613769,6.229891234561329,0.0,4.5,0.0,0.0,0.0,0.0,1,6,5,0,0,1
545,180,0.0,23.226042,35.22117,2.3420566945767987,1.4867534722222222,4.5600000000000005,1.3,0.0,2015-01-01,2016-06-28,648.0206731942133,688.2784389376894,10.265781138790459,0.513289056939523,9.752492081850935,0.0,0.0,301.050882808248,0.0,89.47529580513229,6.668907829385929,0.0,4.5,0.0,0.0,0.0,0.0,1,6,5,0,0,1
546,181,0.0,26.692842000000002,37.743266999999996,2.860049233043939,1.1010850694444445,4.5600000000000005,1.3,1.0,2015-01-01,2016-06-29,648.8539295491073,689.139269371679,9.654456045584404,0.4827228022792202,9.171733243305184,0.0,0.0,301.56678177649485,0.0,84.14706088484677,5.156200238209401,0.0,4.5,0.0,0.0,0.0,0.0,1,6,5,0,0,1
547,182,0.0,26.398164,37.933941,2.850267642446863,0.6114930555555556,4.5600000000000005,1.3,0.0,2015-01-01,2016-06-30,649.4979614033017,689.9984511466951,9.580958700647365,0.47904793503236837,9.101910765614997,0.0,0.0,301.96582561205264,0.0,83.50646699430644,4.958786800757963,0.0,4.5,0.0,0.0,0.0,0.0,1,6,5,0,0,1
548,183,0.0,25.10028075,38.982648,2.826950794194624,0.9769270833333334,4.5600000000000005,1.3,1.0,2015-01-01,2016-07-01,650.1171897542667,690.8559850562275,9.664544546155298,0.4832272273077649,9.181317318847533,0.0,0.0,302.3497144676772,0.0,84.23499102485337,5.161274278647862,0.0,4.5,0.0,0.0,0.0,0.0,1,6,5,0,0,1
549,184,0.0,22.443123,37.535259,2.4660296445459284,1.3933854166666668,4.5600000000000005,1.3,1.0,2015-01-01,2016-07-02,650.7615607955862,691.7118719080996,10.043315121664296,0.5021657560832148,9.54114936558108,0.0,0.0,302.74940232470203,0.0,87.53630914451284,6.1137978640566875,0.0,4.5,0.0,0.0,0.0,0.0,1,6,5,0,0,1
550,185,0.0,21.22757625,34.917825,2.165903652499061,1.672282986111111,4.5600000000000005,1.3,0.0,2015-01-01,2016-07-03,651.5246725482997,692.5661125243743,10.726590756527552,0.5363295378263776,10.190261218701174,0.0,0.0,303.2230057061692,0.0,93.49165620668806,7.105628918918756,5.5,0.0,0.0,0.0,0.0,0.0,1,6,5,0,0,1
551,186,0.0,20.54143875,33.851784,2.039665184485849,1.6212847222222222,4.5600000000000005,1.3,0.0,2015-01-01,2016-07-04,652.4113188762261,693.4187077412619,10.727504752950976,0.5363752376475488,10.191129515303427,0.0,0.0,303.77365160034964,0.0,93.49962248799147,7.09361659597076,5.5,0.0,0.0,0.0,0.0,0.0,1,6,5,0,0,1
552,187,0.0,19.871913,34.987161,2.072585432810449,1.0047048611111111,4.5600000000000005,1.3,2.0,2015-01-01,2016-07-05,653.2961459849581,694.2696584090286,10.42829503197629,0.5214147515988146,9.906880280377475,0.0,0.0,304.32361181945606,0.0,90.89174706867043,7.018524376251882,0.0,4.5,0.0,0.0,0.0,0.0,1,6,5,0,0,1
553,188,0.0,21.827766,33.973122,2.1405583586706687,1.2550086805555556,4.5600000000000005,1.3,2.0,2015-01-01,2016-07-06,654.1712913976585,695.1189653919039,10.440951609179631,0.5220475804589817,9.91890402872065,0.0,0.0,304.86799268608087,0.0,91.00206025125627,7.052775284852416,0.0,4.5,0.0,0.0,0.0,0.0,1,6,5,0,0,1
554,189,0.0,21.605313,32.846412,2.043774156436372,1.146579861111111,4.247083333333333,1.3,1.0,2015-01-01,2016-07-07,655.050396550586,695.966629567989,10.730108738308324,0.5365054369154163,10.193603301392908,0.0,0.0,305.4152714713358,0.0,93.52231850663544,7.05768246680141,5.5,0.0,0.0,0.0,0.0,0.0,1,6,5,0,0,1
555,190,0.0,21.78732,35.472513,2.249691003227558,0.7116753472222223,3.3600000000000003,1.3,0.0,2015-01-01,2016-07-08,655.9298013279217,696.8126518291656,10.054624473144187,0.5027312236572093,9.551893249486978,0.0,0.0,305.96317396223697,0.0,87.63488007207764,6.060393324586293,0.0,4.5,0.0,0.0,0.0,0.0,1,6,5,0,0,1
556,191,0.0,22.220670000000002,34.692483,2.223328773637859,1.083220486111111,10.349583333333332,1.3,2.0,2015-01-01,2016-07-09,656.6846742279017,697.6570330810051,10.722127577553652,0.5361063788776826,10.186021198675968,0.0,0.0,306.4338637963646,0.0,93.45275568333558,7.034904681820287,5.5,0.0,0.0,0.0,0.0,0.0,1,6,5,0,0,1
557,192,0.0,21.743985,35.923197,2.2810142663765647,1.4618836805555555,18.0,1.3,0.0,2015-01-01,2016-07-10,657.560678152105,698.4997742426774,10.732334602614113,0.5366167301307057,10.195717872483407,0.0,0.0,306.98044881771125,0.0,93.54171886833124,7.022888605134318,5.5,0.0,0.0,0.0,0.0,0.0,1,6,5,0,0,1
558,193,0.0,21.523698749999998,37.249248,2.367965645703787,1.6292621527777778,18.0,1.3,1.0,2015-01-01,2016-07-11,658.4348795704059,699.3408762468604,10.733107532617806,0.5366553766308905,10.196452155986917,0.0,0.0,307.5263421030298,0.0,93.54845563193278,7.0108733139630575,5.5,0.0,0.0,0.0,0.0,0.0,1,6,5,0,0,1
559,194,0.0,20.49088125,34.311135,2.068528603833153,1.6752430555555557,18.0,1.3,1.0,2015-01-01,2016-07-12,659.3072814555084,700.1803400396496,10.733860909858809,0.5366930454929405,10.197167864365868,0.0,0.0,308.0715427214909,0.0,93.55502197604049,6.998858908227314,5.5,0.0,0.0,0.0,0.0,0.0,1,6,5,0,0,1
560,195,0.0,19.811244,32.751075,1.914657451788517,1.4673090277777776,18.0,1.3,1.0,2015-01-01,2016-07-13,660.1778867704548,701.0181665804689,10.734594827290278,0.5367297413645139,10.197865085925764,0.0,0.0,308.61604974899626,0.0,93.56141871082272,6.986845487659478,5.5,0.0,0.0,0.0,0.0,0.0,1,6,5,0,0,1
561,196,0.0,20.331264,35.04783,2.1098799677038484,1.628637152777778,18.0,1.3,1.0,2015-01-01,2016-07-14,661.0466984687758,701.8543568419797,10.73530937783637,0.5367654688918185,10.19854390894455,0.0,0.0,309.15986226820326,0.0,93.56764664619509,6.97483315179938,5.5,0.0,0.0,0.0,0.0,0.0,1,6,5,0,0,1
562,197,0.0,26.190155999999998,36.859233,2.7319977215784466,2.0639583333333333,18.0,1.3,0.0,2015-01-01,2016-07-15,661.9137194946378,702.688911809992,10.436075843714725,0.5218037921857362,9.91427205152899,0.0,0.0,309.7029793685483,0.0,90.95956367439078,6.901878223071307,0.0,4.5,0.0,0.0,0.0,0.0,1,6,5,0,0,1
563,198,0.0,24.4986465,38.878644,2.761817572334579,1.1523263888888888,18.0,1.3,1.0,2015-01-01,2016-07-16,662.7713796201953,703.5218324833756,10.234395890338627,0.5117197945169314,9.722676095821695,0.0,0.0,310.2406524777432,0.0,89.20174580916229,6.338367093776155,0.0,4.5,0.0,0.0,0.0,0.0,1,6,5,0,0,1
564,199,0.0,24.136076999999997,36.477885,2.519144240994577,0.719375,18.0,1.3,2.0,2015-01-01,2016-07-17,663.5587515537721,704.353119873971,10.296246334472947,0.5148123167236474,9.7814340177493,0.0,0.0,310.73464216975765,0.0,89.74082673342686,6.502975640755404,0.0,4.5,0.0,0.0,0.0,0.0,1,6,5,0,0,1
565,200,0.0,24.604095,36.313212,2.544843461543701,1.323324652777778,18.0,1.3,1.0,2015-01-01,2016-07-18,664.3663307142753,705.1827750064999,10.72808634570653,0.5364043172853266,10.191682028421203,0.0,0.0,311.2416640940069,0.0,93.50469157948464,6.928158662571357,5.5,0.0,0.0,0.0,0.0,0.0,1,6,5,0,0,1
566,201,0.0,27.89105475,38.956647,3.095191441531386,1.477777777777778,18.0,1.3,1.0,2015-01-01,2016-07-19,665.2264469378582,706.0107989184786,9.913370228522185,0.49566851142610935,9.417701717096076,0.0,0.0,311.78205892088556,0.0,86.40372531138175,5.556572906833523,0.0,4.5,0.0,0.0,0.0,0.0,1,6,5,0,0,1
567,202,0.0,25.05839025,38.549298,2.782939210368341,1.4841232638888888,18.0,1.3,0.0,2015-01-01,2016-07-20,665.9160538068875,706.8371926601284,10.284791690016633,0.5142395845008316,9.770552105515801,0.0,0.0,312.21566053948175,0.0,89.64098945000781,6.432592840727784,0.0,4.5,0.0,0.0,0.0,0.0,1,6,5,0,0,1
568,203,0.0,24.803435999999998,40.482039,2.941030462985018,0.6946527777777778,18.0,1.3,0.0,2015-01-01,2016-07-21,666.7141831826096,707.6619572942878,9.907608864439466,0.4953804432219733,9.412228421217492,0.0,0.0,312.71779838416074,0.0,86.35350996502153,5.5188470068656965,0.0,4.5,0.0,0.0,0.0,0.0,1,6,5,0,0,1
569,204,0.0,26.883516,40.473372,3.146931815137008,1.0511805555555556,18.0,1.3,0.0,2015-01-01,2016-07-22,667.3987328436053,708.485093896327,9.832260923505403,0.4916130461752702,9.340647877330133,0.0,0.0,313.1487836219341,0.0,85.69678650557543,5.317320141535472,0.0,4.5,0.0,0.0,0.0,0.0,1,6,5,0,0,1
570,205,0.0,22.960254,39.069317999999996,2.641036229335259,1.5504427083333332,18.0,1.3,0.0,2015-01-01,2016-07-23,668.0581247715717,709.306603554058,10.450892860360597,0.5225446430180298,9.928348217342567,0.0,0.0,313.56417651866894,0.0,91.0887069835472,6.85626655628522,0.0,4.5,0.0,0.0,0.0,0.0,1,6,5,0,0,1
571,206,0.0,22.48068,39.398664000000004,2.627861982456533,1.5360590277777777,18.0,1.3,0.0,2015-01-01,2016-07-24,668.9081627420953,710.1264873676498,10.730622802100754,0.5365311401050378,10.194091661995717,0.0,0.0,314.0999741199882,0.0,93.52679902392573,6.861878690532551,5.5,0.0,0.0,0.0,0.0,0.0,1,6,5,0,0,1
572,207,0.0,22.659798,37.829937,2.5086851687782947,1.0762760416666668,18.0,1.3,0.0,2015-01-01,2016-07-25,669.7586204308839,710.94474644954,10.730559183186239,0.5365279591593121,10.194031224026928,0.0,0.0,314.6364438128719,0.0,93.5262445292294,6.849853217308668,5.5,0.0,0.0,0.0,0.0,0.0,1,6,5,0,0,1
573,208,0.0,22.089220499999996,35.637186,2.285599844657087,1.6458072916666664,18.0,1.3,0.0,2015-01-01,2016-07-26,670.6073128135959,711.7613819243505,10.740969954749046,0.5370484977374524,10.203921457011594,0.0,0.0,315.17220685816534,0.0,93.61698354387896,6.837830193601978,5.5,0.0,0.0,0.0,0.0,0.0,1,6,5,0,0,1
574,209,0.0,21.674649,34.519143,2.1694845495759134,1.4777604166666667,18.0,1.3,0.0,2015-01-01,2016-07-27,671.454242779916,712.5763949287989,10.741433477843898,0.5370716738921949,10.204361803951704,0.0,0.0,315.70726243838834,0.0,93.62102355461596,6.825809714392256,5.5,0.0,0.0,0.0,0.0,0.0,1,6,5,0,0,1
575,210,0.0,21.518643,34.545144,2.159875899189982,1.0633940972222222,18.0,1.3,1.0,2015-01-01,2016-07-28,672.2994132114233,713.389786611615,10.741878980546781,0.5370939490273391,10.204785031519442,0.0,0.0,316.2416097430145,0.0,93.62490650181535,6.813791874393906,5.5,0.0,0.0,0.0,0.0,0.0,1,6,5,0,0,1
576,211,0.0,20.467047,32.62107,1.9498535594712283,1.3522482638888889,9.180416666666666,1.3,1.0,2015-01-01,2016-07-29,673.142826981711,714.2015581334539,10.742306554381699,0.537115327719085,10.205191226662613,0.0,0.0,316.7752479684865,0.0,93.62863318318917,6.801776768071591,5.5,0.0,0.0,0.0,0.0,0.0,1,6,5,0,0,1
577,212,0.0,20.409267,33.669777,2.017721481778516,0.5082552083333334,3.3600000000000003,1.3,1.0,2015-01-01,2016-07-30,673.9844869565087,715.0117106668115,10.407845231818698,0.5203922615909349,9.887452970227763,0.0,0.0,317.3081763182325,0.0,90.71350910572161,6.6287104889169495,0.0,4.5,0.0,0.0,0.0,0.0,1,6,5,0,0,1
578,213,0.0,23.711394,36.07920300000001,2.450524455132137,1.2313541666666665,5.673333333333333,1.3,0.0,2015-01-01,2016-07-31,674.8044732540797,715.8202453959389,10.29878478438764,0.514939239219382,9.783845545168258,0.0,0.0,317.82776973751584,0.0,89.7629515531491,6.3332705248681345,0.0,4.5,0.0,0.0,0.0,0.0,1,6,5,0,0,1
579,214,0.0,23.165373,36.45188400000001,2.436287370471766,0.7385069444444444,6.272499999999999,1.3,0.0,2015-01-01,2016-08-01,675.587675209282,716.6271635167582,10.230355040915082,0.5115177520457541,9.718837288869327,0.0,0.0,318.32441480909654,0.0,89.16652625863927,6.1256293295041875,0.0,4.5,0.0,0.0,0.0,0.0,1,6,5,0,0,1
580,215,0.0,23.191374,34.709817,2.299179747060456,0.9651388888888885,6.905833333333333,1.3,1.0,2015-01-01,2016-08-02,676.3449834178747,717.4324662367782,10.407655434199132,0.5203827717099567,9.887272662489176,0.0,0.0,318.80497116450795,0.0,90.71185485282805,6.590850120711151,0.0,4.5,0.0,0.0,0.0,0.0,1,6,5,0,0,1
581,216,0.0,22.82736,34.328469,2.241753889084777,0.7248350694444444,8.16,1.3,1.0,2015-01-01,2016-08-03,677.1595851288885,718.2361547750097,10.409808982933908,0.5204904491466954,9.889318533787213,0.0,0.0,319.32222651459597,0.0,90.73062492083065,6.58556398628162,0.0,4.5,0.0,0.0,0.0,0.0,1,6,5,0,0,1
582,217,0.0,22.732023,34.692483,2.2623081766566755,0.7668750000000001,8.16,1.3,0.0,2015-01-01,2016-08-04,677.9732904737742,719.0382303618827,10.410568444759253,0.5205284222379627,9.89004002252129,0.0,0.0,319.8392845148937,0.0,90.73724429743304,6.575469827882197,0.0,4.5,0.0,0.0,0.0,0.0,1,6,5,0,0,1
583,218,0.0,23.910735,35.108499,2.3877207006944223,0.7696788194444444,8.16,1.3,0.0,2015-01-01,2016-08-05,678.785507028811,719.8386942391622,10.302126570230538,0.5151063285115269,9.787020241719011,0.0,0.0,320.35576718094075,0.0,89.79207815080088,6.281422780194196,0.0,4.5,0.0,0.0,0.0,0.0,1,6,5,0,0,1
584,219,0.0,23.95407,35.602518,2.431321432054535,0.6547048611111111,8.16,1.3,0.0,2015-01-01,2016-08-06,679.5611727277561,720.6375476598646,10.259502263184874,0.5129751131592437,9.74652715002563,0.0,0.0,320.8493607203917,0.0,89.420569891484,6.147859359492491,0.0,4.5,0.0,0.0,0.0,0.0,1,6,5,0,0,1
585,220,0.0,24.604095,36.833232,2.589430304972824,0.8175434027777777,8.16,1.3,0.0,2015-01-01,2016-08-07,680.3201344361934,721.4347918881759,10.07420368064637,0.5037101840323185,9.570493496614052,0.0,0.0,321.332653059361,0.0,87.8055300556691,5.732622082585573,0.0,4.5,0.0,0.0,0.0,0.0,1,6,5,0,0,1
586,221,0.0,24.838104,37.38792,2.658350759112384,0.7130208333333334,8.16,1.3,0.0,2015-01-01,2016-08-08,681.0276440717655,722.2304281993681,10.001914864364046,0.5000957432182024,9.501819121145845,0.0,0.0,321.78348044491247,0.0,87.17546955342213,5.53934195371539,0.0,4.5,0.0,0.0,0.0,0.0,1,6,5,0,0,1
587,222,0.0,24.154133249999997,36.460551,2.519205160345048,0.8116927083333334,8.16,1.3,0.0,2015-01-01,2016-08-09,681.7111324337098,723.0244578797175,10.252749352403322,0.5126374676201662,9.740111884783156,0.0,0.0,322.2192680913191,0.0,89.36171234508242,6.095858734522506,0.0,4.5,0.0,0.0,0.0,0.0,1,6,5,0,0,1
588,223,0.0,23.815398000000002,36.313212,2.4784952154830613,0.8409114583333334,8.16,1.3,0.0,2015-01-01,2016-08-10,682.4631134167772,723.8168822264219,10.282685108511897,0.5141342554255949,9.768550853086301,0.0,0.0,322.6990084103128,0.0,89.6226287426514,6.169855592277551,0.0,4.5,0.0,0.0,0.0,0.0,1,6,5,0,0,1
589,224,0.0,25.210785,36.703227000000005,2.6308971080024666,1.038168402777778,8.16,1.3,0.0,2015-01-01,2016-08-11,683.22402157849,724.6077025475196,10.238602773287232,0.5119301386643617,9.72667263462287,0.0,0.0,323.1847621541688,0.0,89.23841248763078,6.032603970124878,0.0,4.5,0.0,0.0,0.0,0.0,1,6,5,0,0,1
590,225,0.0,25.843476,37.578594,2.7659117700220124,1.0050868055555555,8.16,1.3,0.0,2015-01-01,2016-08-12,683.96780381158,725.3969201618074,10.00806024975995,0.5004030124879976,9.507657237271953,0.0,0.0,323.65989811414295,0.0,87.22903198269088,5.510753733002883,0.0,4.5,0.0,0.0,0.0,0.0,1,6,5,0,0,1
591,226,0.0,24.446644499999998,37.959942,2.674351848137509,0.879921875,8.16,1.3,0.0,2015-01-01,2016-08-13,684.6470691790336,726.1845363987597,10.05350549791431,0.5026752748957156,9.550830223018595,0.0,0.0,324.0941006545919,0.0,87.62512722050812,5.615275791478637,0.0,4.5,0.0,0.0,0.0,0.0,1,6,5,0,0,1
592,227,0.0,24.344085,36.486552,2.537477650980537,0.7400868055555556,8.16,1.3,1.0,2015-01-01,2016-08-14,685.3390599563651,726.9705525984476,10.246635735966095,0.5123317867983048,9.73430394916779,0.0,0.0,324.53669575339643,0.0,89.30842681018115,6.023720532136597,0.0,4.5,0.0,0.0,0.0,0.0,1,6,5,0,0,1
593,228,0.0,24.196745999999997,34.458474,2.358572999896011,0.8060243055555555,8.16,1.3,2.0,2015-01-01,2016-08-15,686.0812111732213,727.754970111458,10.404600116407542,0.5202300058203772,9.884370110587165,0.0,0.0,325.0116561562078,0.0,90.68522507575749,6.43087579234634,0.0,4.5,0.0,0.0,0.0,0.0,1,6,5,0,0,1
594,229,0.0,24.401865,33.565773,2.3043607624558016,0.9193315972222222,8.16,1.3,0.0,2015-01-01,2016-08-16,686.8733225139723,728.5377902988135,10.744447187437368,0.5372223593718685,10.207224828065499,0.0,0.0,325.5189165813754,0.0,93.64729067970859,6.596608840704976,5.5,0.0,0.0,0.0,0.0,0.0,1,6,5,0,0,1
595,230,0.0,23.711394,33.947121,2.280343878846259,1.1546614583333334,8.16,1.3,0.0,2015-01-01,2016-08-17,687.6856209922275,729.3190145318924,10.744540252818359,0.5372270126409181,10.207313240177442,0.0,0.0,326.0394648514888,0.0,93.64810182621378,6.584617708494918,5.5,0.0,0.0,0.0,0.0,0.0,1,6,5,0,0,1
596,231,0.0,22.9703655,34.631814000000006,2.2759905421137243,0.5980208333333334,8.16,1.3,0.0,2015-01-01,2016-08-18,688.496209745317,730.0986441923491,10.410737298482065,0.5205368649241032,9.890200433557961,0.0,0.0,326.5592870584758,0.0,90.73871600587802,6.415732974574316,0.0,4.5,0.0,0.0,0.0,0.0,1,6,5,0,0,1
597,232,0.0,21.228298499999998,34.033791,2.101438077402028,0.6704079861111111,8.16,1.3,0.0,2015-01-01,2016-08-19,689.285782363065,730.8766806720339,10.744634306315715,0.5372317153157858,10.20740259099993,0.0,0.0,327.065990985343,0.0,93.64892158502057,6.560824908337483,5.5,0.0,0.0,0.0,0.0,0.0,1,6,5,0,0,1
598,233,0.0,20.660610000000002,33.765114000000004,2.0419470563648487,0.8223350694444445,8.16,1.3,0.0,2015-01-01,2016-08-20,690.092988662051,731.6531253729152,10.744679299122831,0.5372339649561416,10.207445334166689,0.0,0.0,327.5843678859877,0.0,93.64931373683751,6.54884774036944,5.5,0.0,0.0,0.0,0.0,0.0,1,6,5,0,0,1
599,234,0.0,21.067959,33.028419,2.0189267797721366,0.7668923611111113,8.16,1.3,0.0,2015-01-01,2016-08-21,690.898493449576,732.4279797069993,10.744708506743228,0.5372354253371614,10.207473081406066,0.0,0.0,328.10201678387494,0.0,93.64956830689306,6.536875654312884,5.5,0.0,0.0,0.0,0.0,0.0,1,6,5,0,0,1
600,235,0.0,21.180629999999997,33.271095,2.043774156436372,0.5833072916666668,8.16,1.3,0.0,2015-01-01,2016-08-22,691.7022995019314,733.2012450962528,10.744722017135473,0.5372361008567736,10.2074859162787,0.0,0.0,328.6189370601323,0.0,93.64968606182337,6.524908735282493,5.5,0.0,0.0,0.0,0.0,0.0,1,6,5,0,0,1
601,236,0.0,21.04990275,33.808449,2.072534037224971,0.64453125,8.16,1.3,0.0,2015-01-01,2016-08-23,692.5044095893343,733.972922972524,10.744719918105947,0.5372359959052975,10.20748392220065,0.0,0.0,329.13512810299653,0.0,93.64966776693814,6.512947068064843,5.5,0.0,0.0,0.0,0.0,0.0,1,6,5,0,0,1
602,237,0.0,20.461269,34.129128,2.053542788460005,1.0224913194444445,8.16,1.3,0.0,2015-01-01,2016-08-24,693.3048264760132,734.7430147774644,10.744702297310955,0.5372351148655479,10.207467182445408,0.0,0.0,329.65058930781913,0.0,93.64951418623903,6.5009907371232085,5.5,0.0,0.0,0.0,0.0,0.0,1,6,5,0,0,1
603,238,0.0,20.365932,33.739113,2.01952966421235,0.7757552083333334,8.16,1.3,0.0,2015-01-01,2016-08-25,694.1035529202923,735.5115219624521,10.744669242249245,0.5372334621124623,10.207435780136782,0.0,0.0,330.1653200770703,0.0,93.64922608235443,6.489039826586679,5.5,0.0,0.0,0.0,0.0,0.0,1,6,5,0,0,1
604,239,0.0,21.35397,36.807231,2.3195112909883613,0.7297135416666667,8.16,1.3,1.0,2015-01-01,2016-08-26,694.9005916746742,736.2784459885135,10.456164693431438,0.5228082346715719,9.933356458759866,0.0,0.0,330.6793198203436,0.0,91.13465563733901,6.460063438978733,0.0,4.5,0.0,0.0,0.0,0.0,1,6,5,0,0,1
605,240,0.0,22.48068,37.413921,2.4591014254101062,1.0756510416666667,8.16,1.3,0.0,2015-01-01,2016-08-27,695.6938541692006,737.0437883262467,10.445404199457489,0.5222702099728744,9.923133989484613,0.0,0.0,331.19123835847427,0.0,91.040868484826,6.407028410196849,0.0,4.5,0.0,0.0,0.0,0.0,1,6,5,0,0,1
606,241,0.0,23.104704,35.507181,2.355123763126592,0.6601996527777777,8.16,1.3,1.0,2015-01-01,2016-08-28,696.480390854106,737.8075504557443,10.414071881434346,0.5207035940717173,9.893368287362629,0.0,0.0,331.69916571636406,0.0,90.76777982401406,6.306366466224624,0.0,4.5,0.0,0.0,0.0,0.0,1,6,5,0,0,1
607,242,0.0,24.196745999999997,36.651225000000004,2.538949326991488,0.5541927083333335,8.16,1.3,1.0,2015-01-01,2016-08-29,697.2543630293515,738.5697338665175,10.264101444628244,0.5132050722314122,9.75089637239683,0.0,0.0,332.1993196156493,0.0,89.46065579576577,5.894873940117461,0.0,4.5,0.0,0.0,0.0,0.0,1,6,5,0,0,1
608,243,0.0,24.656097,36.287211,2.5470568299002743,0.8410416666666667,8.16,1.3,1.0,2015-01-01,2016-08-30,697.9776442608587,739.3303400574192,10.313820020324973,0.5156910010162487,9.798129019308725,0.0,0.0,332.66702869894937,0.0,89.89399683502342,6.025266487853745,0.0,4.5,0.0,0.0,0.0,0.0,1,6,5,0,0,1
609,244,0.0,24.872771999999998,35.680521000000006,2.5140315904596275,1.022482638888889,8.16,1.3,1.0,2015-01-01,2016-08-31,698.7167480655384,740.0893705365686,10.41002384721868,0.5205011923609341,9.889522654857746,0.0,0.0,333.14526582138376,0.0,90.73249765171961,6.25752849483379,0.0,4.5,0.0,0.0,0.0,0.0,1,6,5,0,0,1
610,245,0.0,25.296010499999998,35.507181,2.535149015526223,0.8801996527777778,8.16,1.3,2.0,2015-01-01,2016-09-01,699.4841550429861,740.8468268212754,10.33352159808458,0.516676079904229,9.816845518180351,0.0,0.0,333.64213171910785,0.0,90.06571338284729,6.058292189031625,0.0,4.5,0.0,0.0,0.0,0.0,1,6,5,0,0,1
611,246,0.0,20.513271,33.31443,2.000315050485665,1.22859375,8.16,1.3,1.0,2015-01-01,2016-09-02,700.2269376686479,741.6027104379646,10.747483833367978,0.5373741916683991,10.21010964169958,0.0,0.0,334.1233722950742,0.0,93.67375771511718,6.402722087722973,5.5,0.0,0.0,0.0,0.0,0.0,1,6,5,0,0,1
612,247,0.0,20.166591,33.860451000000005,2.014109352412987,0.4615885416666667,8.16,1.3,1.0,2015-01-01,2016-09-03,701.0117570768732,742.3570229221007,10.747922440351985,0.5373961220175993,10.210526318334386,0.0,0.0,334.6321721804958,0.0,93.67758056007223,6.391877439288038,5.5,0.0,0.0,0.0,0.0,0.0,1,6,5,0,0,1
613,248,0.0,22.081998,35.143167,2.2470425824140503,1.4649739583333332,8.16,1.3,1.0,2015-01-01,2016-09-04,701.7950413642221,743.1097658181145,10.748344197332505,0.5374172098666253,10.21092698746588,0.0,0.0,335.1403204942983,0.0,93.68125654245287,6.381032997841793,5.5,0.0,0.0,0.0,0.0,0.0,1,6,5,0,0,1
614,249,0.0,21.217464749999998,35.576517,2.2143291373635425,0.9549739583333332,8.16,1.3,0.0,2015-01-01,2016-09-05,702.5767923875068,743.8609406793273,10.748749192151658,0.5374374596075829,10.211311732544075,0.0,0.0,335.6478163385346,0.0,93.68478642788035,6.370188863492302,5.5,0.0,0.0,0.0,0.0,0.0,1,6,5,0,0,1
615,250,0.0,19.993251,34.857156,2.071968759125214,0.7885243055555555,8.16,1.3,0.0,2015-01-01,2016-09-06,703.3570120030143,744.6105490678768,10.749137512503799,0.53745687562519,10.211680636878608,0.0,0.0,336.1546588229172,0.0,93.68817098068789,6.359345135965727,5.5,0.0,0.0,0.0,0.0,0.0,1,6,5,0,0,1
616,251,0.0,18.494582249999997,31.390356,1.743900350863425,1.5381597222222223,6.82875,1.3,1.0,2015-01-01,2016-09-07,704.1357020665426,745.3585925546447,10.74950924590659,0.5374754622953296,10.212033783611261,0.0,0.0,336.66084706482053,0.0,93.6914109636688,6.348501914559131,5.5,0.0,0.0,0.0,0.0,0.0,1,6,5,0,0,1
617,252,0.0,17.87344725,30.150975,1.6332187910439946,1.2831336805555555,6.30625,1.3,1.0,2015-01-01,2016-09-08,704.912864433429,746.1050727191808,10.749864479730682,0.5374932239865341,10.212371255744149,0.0,0.0,337.16638018927995,0.0,93.69450713833498,6.337659298193371,5.5,0.0,0.0,0.0,0.0,0.0,1,6,5,0,0,1
618,253,0.0,17.505822,31.503027,1.6909919101628987,0.9258072916666666,5.28,1.3,0.0,2015-01-01,2016-09-09,705.6885009585858,746.8499911496323,10.750203301169517,0.5375101650584758,10.21269313611104,0.0,0.0,337.671257328994,0.0,93.69746026465387,6.326817385362684,5.5,0.0,0.0,0.0,0.0,0.0,1,6,5,0,0,1
619,254,0.0,20.002640250000002,33.097755,1.9506821459520167,0.9390711805555555,5.28,1.3,1.0,2015-01-01,2016-09-10,706.4626134965287,747.5933494426683,10.750525797255978,0.537526289862799,10.21299950739318,0.0,0.0,338.1754776243233,0.0,93.70027110119345,6.315976274166484,5.5,0.0,0.0,0.0,0.0,0.0,1,6,5,0,0,1
620,255,0.0,18.849207,32.300391000000005,1.822823510858257,0.7536458333333333,5.28,1.3,1.0,2015-01-01,2016-09-11,707.2352039014085,748.3351492034095,10.750832054852733,0.5375416027426366,10.213290452110096,0.0,0.0,338.6790402232909,0.0,93.70294040503808,6.305136062293027,5.5,0.0,0.0,0.0,0.0,0.0,1,6,5,0,0,1
621,256,0.0,18.502527,32.352393,1.804160301776288,0.9301909722222222,5.952916666666667,1.3,1.0,2015-01-01,2016-09-12,708.0062740270407,749.075392045354,10.7511221606547,0.537556108032735,10.213566052621966,0.0,0.0,339.18194428158165,0.0,93.70546893181019,6.294296847027185,5.5,0.0,0.0,0.0,0.0,0.0,1,6,5,0,0,1
622,257,0.0,17.679161999999998,30.566991,1.646078775653909,1.3058333333333332,6.48,1.3,0.0,2015-01-01,2016-09-13,708.7758257269353,749.8140795903062,10.751396201177876,0.5375698100588938,10.213826391118982,0.0,0.0,339.68418896254184,0.0,93.70785743557254,6.283458725231917,5.5,0.0,0.0,0.0,0.0,0.0,1,6,5,0,0,1
623,258,0.0,20.773281,33.409767,2.024962693678974,0.6641753472222222,6.48,1.3,0.0,2015-01-01,2016-09-14,709.5438608543236,750.5512134683041,10.751654262778052,0.5375827131389026,10.214071549639149,0.0,0.0,340.18577343717686,0.0,93.71010666899177,6.272621793383301,5.5,0.0,0.0,0.0,0.0,0.0,1,6,5,0,0,1
624,259,0.0,20.339931,35.203836,2.1218112267296605,1.2566319444444445,6.48,1.3,0.0,2015-01-01,2016-09-15,710.3103812621889,751.2867953175494,10.75189643162059,0.5375948215810296,10.214301610039561,0.0,0.0,340.68669688415196,0.0,93.7122173830746,6.261786147519902,5.5,0.0,0.0,0.0,0.0,0.0,1,6,5,0,0,1
625,260,0.0,19.689906,33.071754000000006,1.9279352312100453,0.7205642361111111,5.155833333333334,1.3,2.0,2015-01-01,2016-09-16,711.0753888032908,752.0208267843342,10.752122793708379,0.5376061396854189,10.21451665402296,0.0,0.0,341.18695848978814,0.0,93.7141903274117,6.250951883293391,5.5,0.0,0.0,0.0,0.0,0.0,1,6,5,0,0,1
626,261,0.0,20.642553749999998,32.343726000000004,1.9429929924573883,1.2968315972222222,3.492916666666667,1.3,1.0,2015-01-01,2016-09-17,711.8388853301948,752.7533095229722,10.75233343485283,0.5376166717426415,10.214716763110188,0.0,0.0,341.6865574480627,0.0,93.71602624992494,6.240119095919688,5.5,0.0,0.0,0.0,0.0,0.0,1,6,5,0,0,1
627,262,0.0,17.014692,29.474949,1.5465863405794529,1.465251736111111,4.32,1.3,0.0,2015-01-01,2016-09-18,712.6008726952956,753.4842451957261,10.752528440698233,0.5376264220349117,10.214902018663322,0.0,0.0,342.1854929606043,0.0,93.71772589707943,6.229287880223784,5.5,0.0,0.0,0.0,0.0,0.0,1,6,5,0,0,1
628,263,0.0,16.075767,31.139013,1.587003516471166,0.5837065972222222,4.32,1.3,0.0,2015-01-01,2016-09-19,713.3613527508458,754.2136354727387,10.752707896698665,0.5376353948349334,10.215072501863732,0.0,0.0,342.68376423669315,0.0,93.71929001368251,6.218458330600926,5.5,0.0,0.0,0.0,0.0,0.0,1,6,5,0,0,1
629,264,0.0,17.202477000000002,32.525733,1.73433045523953,0.6049479166666667,4.32,1.3,0.0,2015-01-01,2016-09-20,714.120327348978,754.9414820319624,10.752871888126545,0.5376435944063273,10.215228293720218,0.0,0.0,343.18137049325594,0.0,93.72071934295815,6.207630541034422,5.5,0.0,0.0,0.0,0.0,0.0,1,6,5,0,0,1
630,265,0.0,19.481898,32.742408,1.892325264519921,1.2976909722222223,4.32,1.3,0.0,2015-01-01,2016-09-21,714.8777983417307,755.667786559089,10.753020500077765,0.5376510250038883,10.215369475073876,0.0,0.0,343.67831095486406,0.0,93.7220146265918,6.196804605105045,5.5,0.0,0.0,0.0,0.0,0.0,1,6,5,0,0,1
631,266,0.0,19.551234,32.603736,1.8877725059511,0.5485416666666666,4.32,1.3,0.0,2015-01-01,2016-09-22,715.6337675810727,756.3925507474813,10.753153817448691,0.5376576908724346,10.215496126576257,0.0,0.0,344.17458485373027,0.0,93.72317660452978,6.185980615954353,5.5,0.0,0.0,0.0,0.0,0.0,1,6,5,0,0,1
632,267,0.0,20.339931,32.413062000000004,1.927356270262402,0.4908940972222222,4.32,1.3,0.0,2015-01-01,2016-09-23,716.3882369189243,757.1157762981024,10.753271924964404,0.5376635962482202,10.215608328716183,0.0,0.0,344.6701914297038,0.0,93.72420601522559,6.1751586663349265,5.5,0.0,0.0,0.0,0.0,0.0,1,6,5,0,0,1
633,268,0.0,17.4639315,31.121679,1.6659381253502288,0.8239930555555556,4.32,1.3,0.0,2015-01-01,2016-09-24,717.1412082071832,757.8374649194491,10.75337490714584,0.537668745357292,10.215706161788548,0.0,0.0,345.1651299302682,0.0,93.72510359535343,6.164338848555296,5.5,0.0,0.0,0.0,0.0,0.0,1,6,5,0,0,1
634,269,0.0,15.89376,28.842257999999998,1.4525426969417723,1.124592013888889,4.32,1.3,0.0,2015-01-01,2016-09-25,717.8926832977428,758.5576183274804,10.75346284833577,0.5376731424167885,10.215789705918981,0.0,0.0,345.6593996105355,0.0,93.72587008003453,6.153521254527112,5.5,0.0,0.0,0.0,0.0,0.0,1,6,5,0,0,1
635,270,0.0,15.607749000000002,29.093601,1.4507351036545433,0.4650868055555556,4.32,1.3,0.0,2015-01-01,2016-09-26,718.6426640425171,759.2762382455517,10.753535832680411,0.5376767916340207,10.215859041046391,0.0,0.0,346.15299973324306,0.0,93.72650620267709,6.1427059757351055,5.5,0.0,0.0,0.0,0.0,0.0,1,6,5,0,0,1
636,271,0.0,17.462487,30.532323,1.6315079970395876,0.6379861111111113,4.32,1.3,0.0,2015-01-01,2016-09-27,719.3911522934613,759.9933264043458,10.753593944133044,0.5376796972066522,10.215914246926392,0.0,0.0,346.64592956874804,0.0,93.72701269500762,6.1318931032449315,5.5,0.0,0.0,0.0,0.0,0.0,1,6,5,0,0,1
637,272,0.0,18.225183,30.254979,1.6597467574500389,0.7471267361111112,4.32,1.3,0.0,2015-01-01,2016-09-28,720.1381499025911,760.708884541805,10.753637266454477,0.5376818633227239,10.215955403131753,0.0,0.0,347.13818839502284,0.0,93.72739028707521,6.121082727706376,5.5,0.0,0.0,0.0,0.0,0.0,1,6,5,0,0,1
638,273,0.0,13.339884,25.080779999999997,1.15399577679083,1.699887152777778,4.32,1.3,0.0,2015-01-01,2016-09-29,720.8836587220038,761.4229144030642,10.753665883209754,0.5376832941604878,10.215982589049267,0.0,0.0,347.6297754976497,0.0,93.72763970722247,6.11027493934873,5.5,0.0,0.0,0.0,0.0,0.0,1,6,5,0,0,1
639,274,0.0,12.868977000000001,24.968109,1.1293409189365622,0.8375694444444445,4.210416666666667,1.3,1.0,2015-01-01,2016-09-30,721.6276806038983,762.1354177403832,10.753679877766329,0.5376839938883164,10.215995883878012,0.0,0.0,348.1206901698151,0.0,93.72776168206997,6.099469827980872,5.5,0.0,0.0,0.0,0.0,0.0,1,6,5,0,0,1
640,275,0.0,13.0755405,23.832732,1.0910525676556286,1.169887152777778,5.644166666666667,1.3,3.0,2015-01-01,2016-10-01,722.3702174005933,762.8463963130808,10.753679333295517,0.5376839666647759,10.215995366630741,0.0,0.0,348.6109317123044,0.0,93.72775693652882,6.088667482993674,5.5,0.0,0.0,0.0,0.0,0.0,1,6,5,0,0,1
641,276,0.0,12.288288,23.893401,1.0618991393828758,0.7054774305555556,4.5600000000000005,1.3,2.0,2015-01-01,2016-10-02,723.1112709645472,763.5558518874672,10.75366433276547,0.5376832166382737,10.215981116127198,0.0,0.0,349.1004994334956,0.0,93.72762619373925,6.077867993351458,5.5,0.0,0.0,0.0,0.0,0.0,1,6,5,0,0,1
642,277,0.0,13.475667,25.514129999999998,1.178493521080705,0.5383854166666668,4.5600000000000005,1.3,0.0,2015-01-01,2016-10-03,723.8508431483746,764.263786236778,10.753634958951988,0.5376817479475994,10.215953211004388,0.0,0.0,349.5893926493527,0.0,93.72737017516505,6.067071447611512,5.5,0.0,0.0,0.0,0.0,0.0,1,6,5,0,0,1
643,278,0.0,13.545003,27.290865,1.261121336080616,0.40915798611111115,4.5600000000000005,1.3,0.0,2015-01-01,2016-10-04,724.5889358048662,764.9702011411091,10.753591294420245,0.5376795647210123,10.215911729699233,0.0,0.0,350.0776106834204,0.0,93.72698960043418,6.056277933894789,5.5,0.0,0.0,0.0,0.0,0.0,1,6,5,0,0,1
644,279,0.0,15.313071,28.11423,1.3856563341577344,0.38058159722222223,4.5600000000000005,1.3,0.0,2015-01-01,2016-10-05,725.3255507870042,765.6750983873501,10.753533421536844,0.5376766710768422,10.215856750460002,0.0,0.0,350.56515286681605,0.0,93.72648518744397,6.045487539908029,5.5,0.0,0.0,0.0,0.0,0.0,1,6,5,0,0,1
645,280,0.0,15.807089999999999,28.677585,1.439482163562868,0.5906770833333334,4.5600000000000005,1.3,0.0,2015-01-01,2016-10-06,726.0606899479798,766.3784797691189,10.753461422465138,0.537673071123257,10.215788351341882,0.0,0.0,351.0520185382232,0.0,93.72585765232009,6.034700352938227,5.5,0.0,0.0,0.0,0.0,0.0,1,6,5,0,0,1
646,281,0.0,15.659751,29.526951,1.4762213351396944,0.5777517361111112,4.5600000000000005,1.3,0.0,2015-01-01,2016-10-07,726.7943551412097,767.0803470866973,10.753375379163716,0.5376687689581858,10.21570661020553,0.0,0.0,351.5382070438846,0.0,93.72510770940362,6.02391645985116,5.5,0.0,0.0,0.0,0.0,0.0,1,6,5,0,0,1
647,282,0.0,14.897055000000002,29.726292,1.4466752118718635,0.805607638888889,4.5600000000000005,1.3,3.0,2015-01-01,2016-10-08,727.5265482203524,767.7807021469657,10.753275373380964,0.5376637686690482,10.215611604711915,0.0,0.0,352.0237177375948,0.0,93.72423607120358,6.0131359470839945,5.5,0.0,0.0,0.0,0.0,0.0,1,6,5,0,0,1
648,283,0.0,15.88003725,29.708958,1.49764204013887,0.3775260416666667,4.5600000000000005,1.3,1.0,2015-01-01,2016-10-09,728.2572710393223,768.4795467633386,10.7531614866636,0.53765807433318,10.21550341233042,0.0,0.0,352.50854998069167,0.0,93.72324344847115,6.002358900661957,5.5,0.0,0.0,0.0,0.0,0.0,1,6,5,0,0,1
649,284,0.0,15.321738,29.015598,1.4318738520019485,0.5600086805555555,4.5600000000000005,1.3,0.0,2015-01-01,2016-10-10,728.9865254523064,769.1768827557005,10.753033800345946,0.5376516900172973,10.21538211032865,0.0,0.0,352.9927031420498,0.0,93.7221305501064,5.991585406181145,5.5,0.0,0.0,0.0,0.0,0.0,1,6,5,0,0,1
650,285,0.0,14.827719000000002,28.261568999999998,1.368825395172426,0.6671006944444444,4.5600000000000005,1.3,2.0,2015-01-01,2016-10-11,729.7143133137772,769.8727119503418,10.752892395552616,0.5376446197776309,10.215247775774985,0.0,0.0,353.4761765980711,0.0,93.72089808318154,5.980815548815904,5.5,0.0,0.0,0.0,0.0,0.0,1,6,5,0,0,1
651,286,0.0,14.934611999999998,27.784883999999998,1.3506172730651482,0.5111631944444445,4.5600000000000005,1.3,1.0,2015-01-01,2016-10-12,730.4406364785087,770.5670361798954,10.752737353203507,0.5376368676601754,10.215100485543331,0.0,0.0,353.95896973267713,0.0,93.7195467529845,5.970049413327466,5.5,0.0,0.0,0.0,0.0,0.0,1,6,5,0,0,1
652,287,0.0,13.458333,27.559542,1.269536078712695,0.9474305555555556,4.5600000000000005,1.3,1.0,2015-01-01,2016-10-13,731.1654968015891,771.259857283273,10.752568753998222,0.5376284376999111,10.21494031629831,0.0,0.0,354.4410819373005,0.0,93.71807726288321,5.959287084040858,5.5,0.0,0.0,0.0,0.0,0.0,1,6,5,0,0,1
653,288,0.0,14.169027,26.874848999999998,1.2707421901323412,1.2126041666666667,4.5600000000000005,1.3,0.0,2015-01-01,2016-10-14,731.888896138434,771.9511771056026,10.752386678432085,0.5376193339216043,10.21476734451048,0.0,0.0,354.9225126108757,0.0,93.71649031446509,5.948528644872466,5.5,0.0,0.0,0.0,0.0,0.0,1,6,5,0,0,1
654,289,0.0,15.09567375,25.964814,1.2715132866143946,0.8099131944444444,4.5600000000000005,1.3,1.0,2015-01-01,2016-10-15,732.6108363448001,772.6409974981648,10.75219120678081,0.5376095603390405,10.214581646441768,0.0,0.0,355.40326115983044,0.0,93.71478660740347,5.937774179306646,5.5,0.0,0.0,0.0,0.0,0.0,1,6,5,0,0,1
655,290,0.0,13.527669,24.864105,1.152764230955658,0.7502604166666667,4.5600000000000005,1.3,1.0,2015-01-01,2016-10-16,733.331319276797,773.3293203183309,10.751982419110382,0.5375991209555191,10.214383298154862,0.0,0.0,355.8833269980762,0.0,93.71296683954368,5.927023770413605,5.5,0.0,0.0,0.0,0.0,0.0,1,6,5,0,0,1
656,291,0.0,12.743305499999998,25.817474999999998,1.1599851497506273,0.6994357638888888,4.5600000000000005,1.3,0.0,2015-01-01,2016-10-17,734.0503467909004,774.016147429501,10.75176039526897,0.5375880197634485,10.214172375505521,0.0,0.0,356.36270954699893,0.0,93.71103170683264,5.916277500837398,5.5,0.0,0.0,0.0,0.0,0.0,1,6,5,0,0,1
657,292,0.0,12.036945,20.31393,0.9192081260484466,0.9773177083333334,4.4725,1.3,5.0,2015-01-01,2016-10-18,734.7679207439629,774.701480701041,10.751525214887073,0.5375762607443536,10.213948954142719,0.0,0.0,356.84140823544914,0.0,93.70898190332004,5.905535452798257,5.5,0.0,0.0,0.0,0.0,0.0,1,6,5,0,0,1
658,293,0.0,10.572222,22.081998,0.9298584128679352,0.6298611111111111,3.12,1.3,1.0,2015-01-01,2016-10-19,735.4840429932257,775.3853220082217,10.751276957382164,0.5375638478691082,10.213713109513055,0.0,0.0,357.31942249973207,0.0,93.7068181211989,5.894797708101656,5.5,0.0,0.0,0.0,0.0,0.0,1,6,5,0,0,1
659,294,0.0,11.30025,23.425382999999997,1.0055260822614338,0.6243315972222222,3.12,1.3,2.0,2015-01-01,2016-10-20,736.1987153963299,776.0676732321576,10.751015701950202,0.5375507850975101,10.213464916852692,0.0,0.0,357.79675178359787,0.0,93.70454105073155,5.884064348126003,5.5,0.0,0.0,0.0,0.0,0.0,1,6,5,0,0,1
660,295,0.0,10.777341,22.463345999999998,0.950756640131368,0.9482378472222224,3.12,1.3,3.0,2015-01-01,2016-10-21,736.9119398113273,776.7485362597454,10.750741527569211,0.5375370763784606,10.21320445119075,0.0,0.0,358.27339553823117,0.0,93.70215138028078,5.8733354538297196,5.5,0.0,0.0,0.0,0.0,0.0,1,6,5,0,0,1
661,296,0.0,10.710894,21.362637,0.9095646302095256,0.8829774305555556,3.12,1.3,2.0,2015-01-01,2016-10-22,737.6237180966899,777.4279129836032,10.75045451299688,0.5375227256498442,10.212931787347037,0.0,0.0,358.7493532222404,0.0,93.69964979628902,5.862611105749217,5.5,0.0,0.0,0.0,0.0,0.0,1,6,5,0,0,1
662,297,0.0,10.485551999999998,21.813321,0.9173931606302124,0.4856684027777778,3.12,1.3,0.0,2015-01-01,2016-10-23,738.3340521113208,778.1058053020097,10.750154736770456,0.5375077368385229,10.212646999931934,0.0,0.0,359.22462430164694,0.0,93.69703698327736,5.851891384000605,5.5,0.0,0.0,0.0,0.0,0.0,1,6,5,0,0,1
663,298,0.0,10.60689,21.631314000000003,0.9152796796483992,0.5854947916666666,3.2883333333333336,1.3,2.0,2015-01-01,2016-10-24,739.0429437145625,778.7822151188448,10.749842277206866,0.5374921138603433,10.212350163346523,0.0,0.0,359.6992082498747,0.0,93.6943136238465,5.841176368281055,5.5,0.0,0.0,0.0,0.0,0.0,1,6,5,0,0,1
664,299,0.0,12.16695,17.341149,0.824490116563459,0.6119704861111112,5.812083333333333,1.3,5.0,2015-01-01,2016-10-25,739.7503947662079,779.4571443435289,10.749517212402367,0.5374758606201183,10.212041351782249,0.0,0.0,360.1731045477389,0.0,93.69148039867396,5.830466137869889,5.5,0.0,0.0,0.0,0.0,0.0,1,6,5,0,0,1
665,300,0.0,12.955646999999999,21.197964000000002,0.984108782881968,1.9789930555555555,8.785833333333334,1.3,4.0,2015-01-01,2016-10-26,740.4564071265089,780.130594890964,10.749179620221028,0.5374589810110514,10.211720639209977,0.0,0.0,360.6463126834349,0.0,93.6885379864134,5.819760771610343,5.5,0.0,0.0,0.0,0.0,0.0,1,6,5,0,0,1
666,301,0.0,15.451743,23.538054,1.1784935210807048,0.7032118055555556,8.16,1.3,1.0,2015-01-01,2016-10-27,741.1609826561825,780.8025686814726,10.748829578316654,0.5374414789158327,10.211388099400821,0.0,0.0,361.11883215252567,0.0,93.68548706388592,5.809060347949458,5.5,0.0,0.0,0.0,0.0,0.0,1,6,5,0,0,1
667,302,0.0,14.567709,22.038663,1.0788549726622243,0.4432552083333333,8.16,1.3,4.0,2015-01-01,2016-10-28,741.864123216422,781.4730676407412,10.748467164108417,0.5374233582054209,10.211043805902996,0.0,0.0,361.5906624579318,0.0,93.68232830586766,5.798364944897022,5.5,0.0,0.0,0.0,0.0,0.0,1,6,5,0,0,1
668,303,0.0,15.451743,22.896696,1.1509190723662035,0.37356770833333336,3.9700000000000006,1.3,4.0,2015-01-01,2016-10-29,742.5658306689041,782.1420936997592,10.748092454789838,0.5374046227394919,10.210687832050345,0.0,0.0,362.06180310991834,0.0,93.67906238516787,5.787674640042584,5.5,0.0,0.0,0.0,0.0,0.0,1,6,5,0,0,1
669,304,0.0,14.801717999999997,23.685392999999998,1.156832709946629,0.4832118055555556,2.4000000000000004,1.3,1.0,2015-01-01,2016-10-30,743.2661068757949,782.8096487947605,10.747705527339992,0.5373852763669997,10.210320250972993,0.0,0.0,362.53225362608276,0.0,93.6756899727268,5.776989510577239,5.5,0.0,0.0,0.0,0.0,0.0,1,6,5,0,0,1
670,305,0.0,14.697714000000001,23.347379999999998,1.1380752941612355,0.7909722222222223,4.491666666666666,1.3,2.0,2015-01-01,2016-10-31,743.96495369976,783.4757348671674,10.747306458495599,0.53736532292478,10.20994113557082,0.0,0.0,363.0020135313442,0.0,93.67221173737225,5.766309633246023,5.5,0.0,0.0,0.0,0.0,0.0,1,6,5,0,0,1
671,306,0.0,16.604454,26.38083,1.3636827734884949,1.5516059027777778,6.771249999999999,1.3,1.0,2015-01-01,2016-11-01,744.6623730039685,784.14035386353,10.746895324777556,0.5373447662388778,10.209550558538679,0.0,0.0,363.4710823579288,0.0,93.66862834605115,5.755635084395819,5.5,0.0,0.0,0.0,0.0,0.0,1,6,5,0,0,1
672,307,0.0,7.025252249999999,22.784025,0.8341010357655434,1.0495399305555555,7.760416666666667,1.3,4.0,2015-01-01,2016-11-02,745.3583666521015,784.8035077354698,10.746472202471223,0.5373236101235611,10.209148592347661,0.0,0.0,363.9394596453592,0.0,93.66494046365726,5.7449659399425395,5.5,0.0,0.0,0.0,0.0,0.0,1,6,5,0,0,1
673,308,0.0,5.822705999999999,17.869836,0.6570439591435353,1.0749913194444445,6.24,1.3,1.0,2015-01-01,2016-11-03,746.0529365083577,785.4651984396216,10.74603716764057,0.5373018583820286,10.208735309258541,0.0,0.0,364.4071449404399,0.0,93.66114875315496,5.734302275397582,5.5,0.0,0.0,0.0,0.0,0.0,1,6,5,0,0,1
674,309,0.0,8.544144,18.970545,0.7632966284467207,0.919609375,6.24,1.3,0.0,2015-01-01,2016-11-04,746.74608443746,786.1254279375776,10.745590296110269,0.5372795148055135,10.208310781304755,0.0,0.0,364.874137797246,0.0,93.65725387542284,5.7236441658383725,5.5,0.0,0.0,0.0,0.0,0.0,1,6,5,0,0,1
675,310,0.0,9.731523,21.284634,0.8736090587966053,0.4397395833333333,6.24,1.3,1.0,2015-01-01,2016-11-05,747.4378123046598,786.7841981958286,10.745131663487129,0.5372565831743564,10.207875080312773,0.0,0.0,365.3404377771088,0.0,93.65325648944057,5.71299168594547,5.5,0.0,0.0,0.0,0.0,0.0,1,6,5,0,0,1
676,311,0.0,11.74587825,19.01388,0.8650808099662065,0.6426996527777779,7.69875,1.3,4.0,2015-01-01,2016-11-06,748.1281219757446,787.4415111857093,10.74466134513585,0.5372330672567925,10.207428277879057,0.0,0.0,365.80604444860325,0.0,93.64915725207767,5.702344909964756,5.5,0.0,0.0,0.0,0.0,0.0,1,6,5,0,0,1
677,312,0.0,8.691483,17.150475,0.7150676696805512,0.4850607638888888,5.057083333333334,1.3,3.0,2015-01-01,2016-11-07,748.8170153170412,788.0973688833401,10.744179416199636,0.5372089708099819,10.206970445389654,0.0,0.0,366.27095738753394,0.0,93.6449568182732,5.691703911742481,5.5,0.0,0.0,0.0,0.0,0.0,1,6,5,0,0,1
678,313,0.0,6.2661675,19.455897,0.7117162226210525,0.7548784722222222,2.88,1.3,0.0,2015-01-01,2016-11-08,749.5044941954216,788.7517732695733,10.743685951580213,0.5371842975790108,10.206501654001203,0.0,0.0,366.7351761769223,0.0,93.64065584086144,5.681068764692696,5.5,0.0,0.0,0.0,0.0,0.0,1,6,5,0,0,1
679,314,0.0,6.256056,19.741908,0.7194493796626682,0.2632986111111111,2.88,1.3,0.0,2015-01-01,2016-11-09,750.1905604783068,789.4047263299344,10.743181025955419,0.5371590512977711,10.206021974657649,0.0,0.0,367.1987004069914,0.0,93.63625497072526,5.670439541829901,5.5,0.0,0.0,0.0,0.0,0.0,1,6,5,0,0,1
680,315,0.0,7.582107,21.258633,0.8035400895806961,0.42669270833333334,2.88,1.3,1.0,2015-01-01,2016-11-10,750.8752160336722,790.0562300545694,10.742664713764192,0.5371332356882097,10.205531478075983,0.0,0.0,367.66152967515336,0.0,93.63175485666542,5.659816315743601,5.5,0.0,0.0,0.0,0.0,0.0,1,6,5,0,0,1
681,316,0.0,10.962237,23.546720999999998,0.9973658228224762,0.5524913194444445,2.88,1.3,2.0,2015-01-01,2016-11-11,751.5584627300503,790.7062864381876,10.742137232456667,0.5371068616228334,10.205030370833834,0.0,0.0,368.12366358599434,0.0,93.62715739395077,5.66095760520259,5.5,0.0,0.0,0.0,0.0,0.0,1,6,5,0,0,1
682,317,0.0,10.658892,23.702727,0.991850100578495,0.290390625,2.88,1.3,2.0,2015-01-01,2016-11-12,752.2414523848319,791.3548974800074,10.741659364854522,0.5370829682427262,10.204576396611795,0.0,0.0,368.5861366979833,0.0,93.62299235823845,5.638664992160245,5.5,0.0,0.0,0.0,0.0,0.0,1,6,5,0,0,1
683,318,0.0,10.520219999999998,21.830654999999997,0.9192081260484466,0.6901215277777778,2.88,1.3,5.0,2015-01-01,2016-11-13,752.9218965678185,792.0020651837021,10.741109174132234,0.5370554587066118,10.204053715425623,0.0,0.0,369.04688528008944,0.0,93.61819696303569,5.628059835803091,5.5,0.0,0.0,0.0,0.0,0.0,1,6,5,0,0,1
684,319,0.0,11.603594999999999,23.746062,1.0293559294225485,0.4558506944444444,2.88,1.3,4.0,2015-01-01,2016-11-14,753.600937452623,792.6477915573444,10.740547893198626,0.5370273946599313,10.203520498538694,0.0,0.0,369.50693733739,0.0,93.61330490690418,5.61746096452832,5.5,0.0,0.0,0.0,0.0,0.0,1,6,5,0,0,1
685,320,0.0,12.054279000000001,23.234709,1.0270175939950368,0.4886197916666666,2.88,1.3,7.0,2015-01-01,2016-11-15,754.2785769103638,793.2920786133525,10.739975595317075,0.5369987797658538,10.20297681555122,0.0,0.0,369.966292503145,0.0,93.6083168283987,5.606868448853131,5.5,0.0,0.0,0.0,0.0,0.0,1,6,5,0,0,1
686,321,0.0,14.047688999999998,21.761319,1.0472125742753673,1.0726215277777778,2.88,1.3,7.0,2015-01-01,2016-11-16,754.954816812731,793.9349283684369,10.739392353511253,0.5369696176755626,10.20242273583569,0.0,0.0,370.42495041771497,0.0,93.60323336398459,5.596282358877657,5.5,0.0,0.0,0.0,0.0,0.0,1,6,5,0,0,1
687,322,0.0,14.403036,21.293301,1.0428076754584004,1.8500694444444443,2.88,1.3,6.0,2015-01-01,2016-11-17,755.6296590319878,794.576342843546,10.738798240573722,0.5369399120286861,10.201858328545036,0.0,0.0,370.8829107285456,0.0,93.59805514811305,5.585702764300439,5.5,0.0,0.0,0.0,0.0,0.0,1,6,5,0,0,1
688,323,0.0,7.251316499999999,21.44064,0.7989337376238176,0.9634722222222224,2.88,1.3,1.0,2015-01-01,2016-11-18,756.3031054409736,795.2163240638131,10.738193329060385,0.5369096664530194,10.201283662607366,0.0,0.0,371.340173090153,0.0,93.59278281317232,5.575129734410595,5.5,0.0,0.0,0.0,0.0,0.0,1,6,5,0,0,1
689,324,0.0,5.372021999999999,15.148398,0.5789861146441849,1.2926041666666666,2.88,1.3,1.0,2015-01-01,2016-11-19,756.975157913106,795.8548740585038,10.737577691280636,0.5368788845640319,10.200698806716604,0.0,0.0,371.7967371641081,0.0,93.58741698940233,5.564563338072283,5.5,0.0,0.0,0.0,0.0,0.0,1,6,5,0,0,1
690,325,0.0,5.475303749999999,12.418293,0.5206582137026943,1.123454861111111,2.540833333333333,1.3,7.0,2015-01-01,2016-11-20,757.6458183223808,796.4919948609613,10.736951399322095,0.5368475699661048,10.20010382935599,0.0,0.0,372.2526026190203,0.0,93.58195830510999,5.554003643768883,5.5,0.0,0.0,0.0,0.0,0.0,1,6,5,0,0,1
691,326,0.0,3.1099349999999992,10.684892999999999,0.4399738868536106,0.992578125,2.4000000000000004,1.3,5.0,2015-01-01,2016-11-21,758.315088543377,797.127688508557,10.736314525019282,0.5368157262509641,10.199498798768317,0.0,0.0,372.70776913052384,0.0,93.57640738639623,5.543450719550007,5.5,0.0,0.0,0.0,0.0,0.0,1,6,5,0,0,1
692,327,0.0,-0.5995409999999994,7.564773,0.3298440381095278,1.2003819444444443,2.4000000000000004,1.3,4.0,2015-01-01,2016-11-22,758.9829704512543,797.761957042635,10.735667139976261,0.5367833569988132,10.198883782977449,0.0,0.0,373.16223638126,0.0,93.5707648573533,5.532904633071185,5.5,0.0,0.0,0.0,0.0,0.0,1,6,5,0,0,1
693,328,0.0,-2.0137065000000005,5.380688999999999,0.2822828679490784,1.5951475694444444,2.4000000000000004,1.3,1.0,2015-01-01,2016-11-23,759.649465921756,798.3948025084617,10.735009315558385,0.5367504657779193,10.198258849780466,0.0,0.0,373.61600406086177,0.0,93.56503133999287,5.522365451583248,5.5,0.0,0.0,0.0,0.0,0.0,1,6,5,0,0,1
694,329,0.0,-2.714289,5.3460209999999995,0.2733491856708634,0.8993749999999999,2.4000000000000004,1.3,0.0,2015-01-01,2016-11-24,760.3145768312104,799.0262269551745,10.734341122889889,0.5367170561444945,10.197624066745394,0.0,0.0,374.06907186593855,0.0,93.55920745422519,5.511833241926505,5.5,0.0,0.0,0.0,0.0,0.0,1,6,5,0,0,1
695,330,0.0,-4.187679,9.419511,0.3061129489479089,0.6521267361111112,2.4000000000000004,1.3,0.0,2015-01-01,2016-11-25,760.9783050565301,799.6562324357292,10.733662632853076,0.5366831316426538,10.196979501210421,0.0,0.0,374.5214395000588,0.0,93.5532938178517,5.5013080705327155,5.5,0.0,0.0,0.0,0.0,0.0,1,6,5,0,0,1
696,331,0.0,-0.738213,10.615556999999999,0.3733949647179039,1.242951388888889,2.4000000000000004,1.3,0.0,2015-01-01,2016-11-26,761.6406524752123,800.2848210068487,10.732973916101141,0.536648695805057,10.196325220296083,0.0,0.0,374.97310667373415,0.0,93.54729104667705,5.490790003447918,5.5,0.0,0.0,0.0,0.0,0.0,1,6,5,0,0,1
697,332,0.0,1.5585419999999992,12.331623,0.4417171420405221,0.7991319444444445,2.4000000000000004,1.3,0.0,2015-01-01,2016-11-27,762.301620965341,800.9119947289737,10.732275043032105,0.5366137521516053,10.1956612908805,0.0,0.0,375.4240731044037,0.0,93.54119975428175,5.480279106288876,5.5,0.0,0.0,0.0,0.0,0.0,1,6,5,0,0,1
698,333,0.0,4.357982999999999,13.978352999999998,0.5301098217839405,0.5016059027777778,2.4000000000000004,1.3,0.0,2015-01-01,2016-11-28,762.9612124055847,801.5377556662102,10.731568578865872,0.5365784289432937,10.194990149922578,0.0,0.0,375.87433851641595,0.0,93.53504229880956,5.481191182797111,5.5,0.0,0.0,0.0,0.0,0.0,1,6,5,0,0,1
699,334,0.0,5.3286869999999995,16.110435,0.6007044042103024,0.4145225694444445,2.4000000000000004,1.3,0.0,2015-01-01,2016-11-29,763.6205451999434,802.1621058862793,10.730904109423653,0.5365452054711827,10.19435890395247,0.0,0.0,376.3249073996868,0.0,93.5292508642278,5.459350169844834,5.5,0.0,0.0,0.0,0.0,0.0,1,6,5,0,0,1
700,335,0.0,7.044753,16.32711,0.6487526839490155,0.8340538194444445,2.4000000000000004,1.3,3.0,2015-01-01,2016-11-30,764.2773970268875,802.7850474604681,10.730175039882381,0.5365087519941191,10.193666287888261,0.0,0.0,376.7737760767858,0.0,93.522896383065,5.448860853439843,5.5,0.0,0.0,0.0,0.0,0.0,1,6,5,0,0,1
701,336,0.0,9.332841,14.212361999999999,0.6532229367841921,1.943515625,7.411666666666666,1.3,8.0,2015-01-01,2016-12-01,764.9328774002172,803.4065824635791,10.72943609406395,0.5364718047031974,10.192964289360752,0.0,0.0,377.2219429274485,0.0,93.51645582147559,5.438378967287949,5.5,0.0,0.0,0.0,0.0,0.0,1,6,5,0,0,1
702,337,0.0,10.666114499999999,13.284993,0.663797082254395,2.17234375,14.299583333333333,1.3,7.0,2015-01-01,2016-12-02,765.5869882012166,804.0267129738804,10.72868734115943,0.5364343670579715,10.192252974101459,0.0,0.0,377.6694077036028,0.0,93.5099297825204,5.427904574993214,5.5,0.0,0.0,0.0,0.0,0.0,1,6,5,0,0,1
703,338,0.0,7.9071195,16.881798,0.686100520058022,0.7292187499999999,10.32,1.3,1.0,2015-01-01,2016-12-03,766.2397313117491,804.6454410730562,10.727928850131526,0.5363964425065764,10.19153240762495,0.0,0.0,378.116170164001,0.0,93.50331886727005,5.417437739783706,5.5,0.0,0.0,0.0,0.0,0.0,1,6,5,0,0,1
704,339,0.0,6.082716,17.982507000000002,0.6667969004814046,0.44642361111111106,10.32,1.3,2.0,2015-01-01,2016-12-04,766.8911086142571,805.2627688461589,10.727160689681028,0.5363580344840515,10.190802655196977,0.0,0.0,378.56223007420294,0.0,93.49662367451221,5.406978524455561,5.5,0.0,0.0,0.0,0.0,0.0,1,6,5,0,0,1
705,340,0.0,7.634109,17.62716,0.6989636789593897,0.851623263888889,8.973333333333334,1.3,3.0,2015-01-01,2016-12-05,767.5411219917594,805.878698381558,10.726382928283305,0.5363191464141653,10.19006378186914,0.0,0.0,379.00758720655716,0.0,93.48984480106984,5.396526991435938,5.5,0.0,0.0,0.0,0.0,0.0,1,6,5,0,0,1
706,341,0.0,1.5830985000000002,14.498373,0.4835043752500468,0.7487934027777778,9.836666666666666,1.3,5.0,2015-01-01,2016-12-06,768.1897733278497,806.4932317708931,10.725595634169887,0.5362797817084944,10.189315852461393,0.0,0.0,379.4522413401844,0.0,93.48298284164058,5.386083202754005,5.5,0.0,0.0,0.0,0.0,0.0,1,6,5,0,0,1
707,342,0.0,0.3971639999999992,13.406331,0.4401321130374273,0.4781163194444444,10.32,1.3,0.0,2015-01-01,2016-12-07,768.8370645066971,807.1063711090264,10.724798875321312,0.5362399437660657,10.188558931555246,0.0,0.0,379.8961922609605,0.0,93.47603838873458,5.375647220028202,5.5,0.0,0.0,0.0,0.0,0.0,1,6,5,0,0,1
708,343,0.0,3.2486069999999994,12.158283,0.4702835016950699,0.942578125,10.32,1.3,6.0,2015-01-01,2016-12-08,769.4829974130407,807.7181184939923,10.723992719477204,0.5361996359738602,10.187793083503344,0.0,0.0,380.33943976149675,0.0,93.46901203276211,5.36521910448597,5.5,0.0,0.0,0.0,0.0,0.0,1,6,5,0,0,1
709,344,0.0,2.0178929999999995,10.060869,0.4096176631154151,0.958090277777778,10.32,1.3,1.0,2015-01-01,2016-12-09,770.1275739321886,808.32847602695,10.723177234141257,0.5361588617070628,10.187018372434194,0.0,0.0,380.7819836411227,0.0,93.46190436207714,5.354798916972987,5.5,0.0,0.0,0.0,0.0,0.0,1,6,5,0,0,1
710,345,0.0,3.4046129999999994,12.366291,0.4773774659049496,0.4678559027777778,10.32,1.3,1.0,2015-01-01,2016-12-10,770.770795950017,808.9374458121379,8.711220140450129,0.43556100702250644,8.275659133427622,0.0,0.0,381.22382370586865,0.0,89.23428447852334,5.344386717941882,5.5,0.0,0.0,0.0,0.0,0.0,1,6,5,0,0,1
711,346,0.0,4.65555,12.626300999999998,0.5078434060654088,0.7289409722222222,4.3025,1.3,2.0,2015-01-01,2016-12-11,771.412665352967,809.5450299568247,8.710542615691443,0.43552713078457217,8.27501548490687,0.0,0.0,381.66495976844794,0.0,89.22734418358381,5.333982567427385,5.5,0.0,0.0,0.0,0.0,0.0,1,6,5,0,0,1
712,347,0.0,3.3526109999999996,13.016316,0.4892370876807367,0.9449479166666666,3.12,1.3,1.0,2015-01-01,2016-12-12,772.0531840280391,810.1512305712613,8.709857674656096,0.4354928837328049,8.274364790923292,0.0,0.0,382.1053916482359,0.0,89.22032791924728,5.323586525108359,5.5,0.0,0.0,0.0,0.0,0.0,1,6,5,0,0,1
713,348,0.0,5.372021999999999,14.004354,0.5529104469596238,1.201779513888889,3.12,1.3,4.0,2015-01-01,2016-12-13,772.6923538627954,810.7560497686366,8.709165371390235,0.43545826856951175,8.273707102820723,0.0,0.0,382.54511917125507,0.0,89.21323623914103,5.313198650252374,5.5,0.0,0.0,0.0,0.0,0.0,1,6,5,0,0,1
714,349,0.0,6.238721999999999,14.897055000000002,0.5934551926264521,1.4719097222222224,3.0708333333333333,1.3,1.0,2015-01-01,2016-12-14,773.3301767453521,811.3594896650288,8.70846775768683,0.4354233878843415,8.273044369802488,0.0,0.0,382.98414217015426,0.0,89.20609016101854,5.313909539444561,5.5,0.0,0.0,0.0,0.0,0.0,1,6,5,0,0,1
715,350,0.0,3.993969,10.43355,0.4516573672501419,1.1728819444444445,7.273750000000001,1.3,3.0,2015-01-01,2016-12-15,773.9677392824889,811.9615523793605,8.707802221905137,0.4353901110952569,8.27241211080988,0.0,0.0,383.4234366219348,0.0,89.19927267640482,5.292513653762996,5.5,0.0,0.0,0.0,0.0,0.0,1,6,5,0,0,1
716,351,0.0,3.8206289999999994,9.601517999999999,0.4332175229407881,0.6431597222222222,3.3600000000000003,1.3,3.0,2015-01-01,2016-12-16,774.6028821209085,812.5622400333505,8.707088045172153,0.4353544022586078,8.271733642913546,0.0,0.0,383.8610558049321,0.0,89.19195693317579,5.282150342624921,5.5,0.0,0.0,0.0,0.0,0.0,1,6,5,0,0,1
717,352,0.0,1.5614309999999998,11.542926,0.4275288706635524,0.5453125000000001,3.3600000000000003,1.3,4.0,2015-01-01,2016-12-17,775.2366836356911,813.1615547514702,8.706366721019712,0.43531833605098574,8.271048384968728,0.0,0.0,384.297969980963,0.0,89.18456797461636,5.271795433784535,5.5,0.0,0.0,0.0,0.0,0.0,1,6,5,0,0,1
718,353,0.0,-0.07952100000000062,7.989456,0.3434514004557772,0.7635243055555556,3.3600000000000003,1.3,2.0,2015-01-01,2016-12-18,775.8691457173891,813.7594986608979,8.705638302498599,0.43528191512493,8.270356387373669,0.0,0.0,384.7341790090943,0.0,89.17710634415762,5.261448984558744,5.5,0.0,0.0,0.0,0.0,0.0,1,6,5,0,0,1
719,354,0.0,2.0698949999999994,9.168168,0.3954336418338839,1.6482118055555555,3.3600000000000003,1.3,4.0,2015-01-01,2016-12-19,776.5002702570899,814.3560738914716,8.704902842466819,0.435245142123341,8.269657700343478,0.0,0.0,385.1696827549246,0.0,89.16957258325613,5.25111105189075,5.5,0.0,0.0,0.0,0.0,0.0,1,6,5,0,0,1
720,355,0.0,1.9225559999999993,9.766191,0.402982477267151,0.8159114583333335,3.3600000000000003,1.3,4.0,2015-01-01,2016-12-20,777.1300591464139,814.951282575646,8.704160393577784,0.4352080196788892,8.268952373898895,0.0,0.0,385.60448109056614,0.0,89.1619672312725,5.240781692327186,5.5,0.0,0.0,0.0,0.0,0.0,1,6,5,0,0,1
721,356,0.0,0.9951869999999996,10.43355,0.3986119825368328,0.40111979166666667,3.3600000000000003,1.3,1.0,2015-01-01,2016-12-21,777.7585142775084,815.5451268484453,8.70341100830053,0.4351705504150265,8.268240457885502,0.0,0.0,386.03857389462434,0.0,89.15429082567877,5.230460962060923,5.5,0.0,0.0,0.0,0.0,0.0,1,6,5,0,0,1
722,357,0.0,2.5198567499999998,11.395586999999999,0.4421803910862335,0.5260937499999999,3.3600000000000003,1.3,6.0,2015-01-01,2016-12-22,778.3856375430468,816.1376088474221,8.702654738888214,0.4351327369444107,8.267522001943803,0.0,0.0,386.4719610521811,0.0,89.1465439017355,5.220148916866393,5.5,0.0,0.0,0.0,0.0,0.0,1,6,5,0,0,1
723,358,0.0,1.8358859999999995,11.256915,0.4273232603452402,0.4236111111111111,3.3600000000000003,1.3,0.0,2015-01-01,2016-12-23,779.0114308362195,816.7287307126096,8.701891637407561,0.4350945818703781,8.266797055537182,0.0,0.0,386.9046424547722,0.0,89.13872699279366,5.209845612162255,5.5,0.0,0.0,0.0,0.0,0.0,1,6,5,0,0,1
724,359,0.0,2.841258,9.835526999999999,0.4199792418273714,1.1423263888888888,6.0475,1.3,6.0,2015-01-01,2016-12-24,779.6358960507334,817.3184945864793,8.701121755722205,0.43505608778611027,8.266065667936095,0.0,0.0,387.3366180003702,0.0,89.13084063012364,5.199551102977155,5.5,0.0,0.0,0.0,0.0,0.0,1,6,5,0,0,1
725,360,0.0,7.798781999999999,10.329546,0.525650575192478,1.340190972222222,15.877083333333337,1.3,7.0,2015-01-01,2016-12-25,780.2590350808044,817.9069026138966,8.700345145500851,0.4350172572750426,8.265327888225809,0.0,0.0,387.76788759336375,0.0,89.12288534299923,5.189265443968338,5.5,0.0,0.0,0.0,0.0,0.0,1,6,5,0,0,1
726,361,0.0,5.822705999999999,12.106281,0.5214082194544272,0.7298958333333334,3.6,1.3,6.0,2015-01-01,2016-12-26,780.8808498211554,818.4939569420778,8.699561858208373,0.4349780929104188,8.264583765297955,0.0,0.0,388.1984511445386,0.0,89.11486165860616,5.1789886894038215,5.5,0.0,0.0,0.0,0.0,0.0,1,6,5,0,0,1
727,362,0.0,5.3373539999999995,9.6231855,0.4617121174169082,0.987404513888889,9.700833333333332,1.3,8.0,2015-01-01,2016-12-27,781.5013421670076,819.079659720546,8.698771945116933,0.43493859725584666,8.263833347861086,0.0,0.0,388.6283085710572,0.0,89.10677010215613,5.168720893186105,5.5,0.0,0.0,0.0,0.0,0.0,1,6,5,0,0,1
728,363,0.0,3.1532699999999996,11.074908,0.4479470476311507,0.8849826388888888,8.424166666666666,1.3,3.0,2015-01-01,2016-12-28,782.1205140140786,819.6640131010881,8.697975457299759,0.43489877286498796,8.26307668443477,0.0,0.0,389.0574597964393,0.0,89.0986111968231,5.158462108840962,5.5,0.0,0.0,0.0,0.0,0.0,1,6,5,0,0,1
729,364,0.0,3.023265,13.146321,0.4852553023646834,0.994392361111111,6.48,1.3,3.0,2015-01-01,2016-12-29,782.7383672585763,820.247019237713,8.697172728429639,0.4348586364214819,8.262314092008156,0.0,0.0,389.48590475054243,0.0,89.09038836061866,5.158996300476972,5.5,0.0,0.0,0.0,0.0,0.0,1,6,5,0,0,1
730,365,0.0,6.715407,15.919761000000001,0.6300532827773128,0.29779513888888887,6.48,1.3,3.0,2015-01-01,2016-12-30,783.3559584462316,820.8286802866069,8.696403648922963,0.4348201824461482,8.261583466476814,0.0,0.0,389.91459253874115,0.0,89.08251021514897,5.138033343488799,5.5,0.0,0.0,0.0,0.0,0.0,1,6,5,0,0,1
731,366,0.0,10.104204,14.983725,0.694218807579173,0.9689409722222222,6.48,1.3,4.0,2015-01-01,2016-12-31,783.9711877977122,821.4089984060925,8.695587641505123,0.4347793820752561,8.260808259429867,0.0,0.0,390.34163012268823,0.0,89.07415135876765,5.127801645996444,5.5,0.0,0.0,0.0,0.0,0.0,1,6,5,0,0,1
732,1,0.0,7.127811749999999,15.183066,0.6219735407909153,0.5538541666666666,6.206250000000001,1.3,5.0,2015-01-01,2017-01-01,784.585104202548,821.987975756587,8.694765262192263,0.43473826310961317,8.26002699908265,0.0,0.0,390.7679612438947,0.0,89.06572723122065,5.117579172170309,5.5,0.0,0.0,0.0,0.0,0.0,1,6,5,0,0,1
733,2,0.0,6.348503999999999,13.371663000000002,0.5606352182674423,0.8697829861111112,5.76,1.3,1.0,2015-01-01,2017-01-02,785.1977095590672,822.5656145005587,8.693936561066232,0.43469682805331167,8.25923973301292,0.0,0.0,391.1935858574529,0.0,89.05723834552663,5.1073659736691,5.5,0.0,0.0,0.0,0.0,0.0,1,6,5,0,0,1
734,3,0.0,3.6992909999999997,12.123615000000001,0.4783985636808638,0.6066753472222222,5.76,1.3,0.0,2015-01-01,2017-01-03,785.809005766061,823.1419168024868,8.693101588003984,0.4346550794001992,8.258446508603784,0.0,0.0,391.6185039246921,0.0,89.04868521260524,5.097162101766924,5.5,0.0,0.0,0.0,0.0,0.0,1,6,5,0,0,1
735,4,0.0,1.8192742499999994,11.482257,0.4310505941557982,0.4959114583333333,5.76,1.3,0.0,2015-01-01,2017-01-04,786.4189947227729,823.7168848288193,8.692260392686078,0.43461301963430393,8.257647373051775,0.0,0.0,392.042715413157,0.0,89.04006834136452,5.086967607372867,5.5,0.0,0.0,0.0,0.0,0.0,1,6,5,0,0,1
736,5,0.0,-0.36553200000000086,12.192951,0.4053306861249968,0.5659461805555556,5.76,1.3,0.0,2015-01-01,2017-01-05,787.0276783288956,824.2905207479316,8.691413024595882,0.4345706512297941,8.256842373366087,0.0,0.0,392.4662202965875,0.0,89.03138823869239,5.076782541029395,5.5,0.0,0.0,0.0,0.0,0.0,1,6,5,0,0,1
737,6,0.0,2.173898999999999,13.03365,0.4664382949649117,0.3682378472222222,5.76,1.3,0.0,2015-01-01,2017-01-06,787.6350584845627,824.862826730086,8.690559533018792,0.43452797665093973,8.256031556367853,0.0,0.0,392.88901855489826,0.0,89.02264540944896,5.066606952912584,5.5,0.0,0.0,0.0,0.0,0.0,1,6,5,0,0,1
738,7,0.0,2.7892559999999995,13.319661,0.4840491469277941,0.471328125,5.76,1.3,0.0,2015-01-01,2017-01-07,788.2411370903442,825.4338049473909,8.689699967040532,0.43448499835202664,8.255214968688506,0.0,0.0,393.3111101741581,0.0,89.01384035644885,5.0564408928285625,5.5,0.0,0.0,0.0,0.0,0.0,1,6,5,0,0,1
739,8,0.0,4.1846429999999994,13.796346,0.522511998165391,0.44469618055555554,5.76,1.3,0.0,2015-01-01,2017-01-08,788.8459160472383,826.0034575737595,8.688834375556281,0.43444171877781407,8.254392656778467,0.0,0.0,393.73249514656925,0.0,89.00497358055495,5.046284410233678,5.5,0.0,0.0,0.0,0.0,0.0,1,6,5,0,0,1
740,9,0.0,4.045971,13.588338,0.5151922469370643,1.1002256944444444,5.643750000000001,1.3,1.0,2015-01-01,2017-01-09,789.4493972566672,826.5717867848714,8.68796280725134,0.434398140362567,8.253564666888773,0.0,0.0,394.1531734704474,0.0,88.99604558048014,5.036137554195449,5.5,0.0,0.0,0.0,0.0,0.0,1,6,5,0,0,1
741,10,0.0,6.431562749999999,14.671713,0.592683083924762,0.4926822916666667,4.025,1.3,1.0,2015-01-01,2017-01-10,790.0515826204675,827.1387947581302,8.687085310625452,0.43435426553127265,8.25273104509418,0.0,0.0,394.57314515019937,0.0,88.98705685303656,5.026000373443281,5.5,0.0,0.0,0.0,0.0,0.0,1,6,5,0,0,1
742,11,0.0,5.7360359999999995,14.715048,0.5773754561751416,0.2925347222222222,3.6,1.3,3.0,2015-01-01,2017-01-11,790.6524740408856,827.7044836726254,8.68620193397483,0.43431009669874154,8.251891837276089,0.0,0.0,394.99241019630347,0.0,88.9780078929515,5.01587291633236,5.5,0.0,0.0,0.0,0.0,0.0,1,6,5,0,0,1
743,12,0.0,3.057933,13.961019,0.5024222873742116,0.4915104166666666,3.6,1.3,1.0,2015-01-01,2017-01-12,791.2520734205704,828.2688557090923,8.685312725398607,0.43426563626993037,8.251047089128676,0.0,0.0,395.4109686252883,0.0,88.96889919293334,5.005755230858282,5.5,0.0,0.0,0.0,0.0,0.0,1,6,5,0,0,1
744,13,0.0,3.257274,11.222247,0.4526297300851195,0.37466145833333336,3.6,1.3,1.0,2015-01-01,2017-01-13,791.8503826625657,828.8319130498724,8.684417732802098,0.43422088664010494,8.250196846161993,0.0,0.0,395.8288204597115,0.0,88.95973124370518,4.99564736466369,5.5,0.0,0.0,0.0,0.0,0.0,1,6,5,0,0,1
745,14,0.0,1.2898649999999998,10.034868,0.3968755534666019,0.944236111111111,3.6,1.3,3.0,2015-01-01,2017-01-14,792.4474036703036,829.3936578788746,8.683518323155772,0.4341759161577886,8.249342406997982,0.0,0.0,396.2459657281391,0.0,88.95051804797035,4.996013418340361,5.5,0.0,0.0,0.0,0.0,0.0,1,6,5,0,0,1
746,15,0.0,2.1218969999999997,9.237504,0.3974536185459161,0.6577690972222222,3.6,1.3,7.0,2015-01-01,2017-01-15,793.0441617632873,829.9540923815366,8.682648615522067,0.4341324307761035,8.248516184745965,0.0,0.0,396.6633254716168,0.0,88.94160910787382,4.975518366951251,5.5,0.0,0.0,0.0,0.0,0.0,1,6,5,0,0,1
747,16,0.0,4.4114295,11.924274,0.4885714605716628,0.6208680555555556,3.6,1.3,2.0,2015-01-01,2017-01-16,793.6386190656514,830.5132187447857,8.681736465447445,0.43408682327237225,8.247649642175073,0.0,0.0,397.07906272050155,0.0,88.93226540424405,4.965439998388559,5.5,0.0,0.0,0.0,0.0,0.0,1,6,5,0,0,1
748,17,0.0,3.5346179999999996,13.38033,0.5002918092375734,0.35708333333333336,3.6,1.3,4.0,2015-01-01,2017-01-17,794.2317938141186,831.0710391570005,8.680818721471958,0.43404093607359795,8.24677778539836,0.0,0.0,397.49409350755934,0.0,88.92286439891222,4.95537163738534,5.5,0.0,0.0,0.0,0.0,0.0,1,6,5,0,0,1
749,18,0.0,4.427319,12.669636,0.5040253967869062,0.469296875,3.6,1.3,4.0,2015-01-01,2017-01-18,794.8236879137937,831.6275558079728,8.67989543051248,0.433994771525624,8.245900658986855,0.0,0.0,397.9084178852553,0.0,88.91340657247616,4.945313329791161,5.5,0.0,0.0,0.0,0.0,0.0,1,6,5,0,0,1
750,19,0.0,4.418652,12.903645,0.508681989853352,0.5198524305555555,3.6,1.3,0.0,2015-01-01,2017-01-19,795.4143032701307,832.1827708888695,8.67896663929123,0.43394833196456156,8.245018307326669,0.0,0.0,398.3220359119558,0.0,88.9038924035398,4.935265121106999,5.5,0.0,0.0,0.0,0.0,0.0,1,6,5,0,0,1
751,20,0.0,4.669995,12.530964,0.50616989775956,0.4589149305555556,3.73125,1.3,3.0,2015-01-01,2017-01-20,796.0036417889272,832.7366865921956,8.67803239433232,0.433901619716616,8.244130774615703,0.0,0.0,398.73494765190804,0.0,88.89432236867765,4.92522705647652,5.5,0.0,0.0,0.0,0.0,0.0,1,6,5,0,0,1
752,21,0.0,6.273389999999999,10.095537,0.4892370876807367,0.2897222222222222,8.45875,1.3,6.0,2015-01-01,2017-01-21,796.5917053763145,833.2893051117553,8.677092741963524,0.4338546370981762,8.243238104865346,0.0,0.0,399.1471531752173,0.0,88.88469694245306,4.915199180693102,5.5,0.0,0.0,0.0,0.0,0.0,1,6,5,0,0,1
753,22,0.0,2.6592509999999994,10.615556999999999,0.4305717942632265,0.47890625,5.79625,1.3,4.0,2015-01-01,2017-01-22,797.1784959387508,833.8406286426157,8.676147728320803,0.43380738641604016,8.242340341904763,0.0,0.0,399.5586525578261,0.0,88.87501659746454,4.90518153820818,5.5,0.0,0.0,0.0,0.0,0.0,1,6,5,0,0,1
754,23,0.0,0.3104939999999994,8.934159,0.3635230440160137,0.8734635416666668,2.88,1.3,1.0,2015-01-01,2017-01-23,797.7640153830141,834.3906593810698,8.67519739934217,0.4337598699671086,8.241437529375062,0.0,0.0,399.969445881493,0.0,88.86528180428282,4.895174173119662,5.5,0.0,0.0,0.0,0.0,0.0,1,6,5,0,0,1
755,24,0.0,-0.2528610000000002,8.691483,0.3512813807840039,0.641701388888889,2.88,1.3,2.0,2015-01-01,2017-01-24,798.3482656161938,834.9393995245991,8.674241800767764,0.4337120900383882,8.240529710729374,0.0,0.0,400.3795332337707,0.0,88.85549303145181,4.885177129172941,5.5,0.0,0.0,0.0,0.0,0.0,1,6,5,0,0,1
756,25,0.0,1.177194,9.670853999999999,0.3890022016547007,0.9354427083333332,5.4245833333333335,1.3,4.0,2015-01-01,2017-01-25,798.9312485456805,835.4868512718372,8.673280978149862,0.4336640489074931,8.239616929242368,0.0,0.0,400.78891470798357,0.0,88.84565074559094,4.875190449782667,5.5,0.0,0.0,0.0,0.0,0.0,1,6,5,0,0,1
757,26,0.0,7.859451,13.042317,0.5879157425649308,0.9702690972222222,20.10375,1.3,7.0,2015-01-01,2017-01-26,799.5129660791623,836.0330168225337,8.672314976835516,0.4336157488417758,8.23869922799374,0.0,0.0,401.19759040320776,0.0,88.83575541121745,4.865214177996456,5.5,0.0,0.0,0.0,0.0,0.0,1,6,5,0,0,1
758,27,0.0,6.342726,8.240798999999999,0.4545800046632139,0.7593663194444444,14.452916666666663,1.3,7.0,2015-01-01,2017-01-27,800.0934201246117,836.5778983775169,8.671343841989017,0.4335671920994509,8.237776649889566,0.0,0.0,401.60556042424713,0.0,88.82580749097637,4.855248356543102,5.5,0.0,0.0,0.0,0.0,0.0,1,6,5,0,0,1
759,28,0.0,4.279979999999999,9.714189,0.443625831953569,1.048559027777778,19.40375,1.3,5.0,2015-01-01,2017-01-28,800.6726125902815,837.1214981386597,8.67036761857061,0.43351838092853057,8.23684923764208,0.0,0.0,402.0128248816139,0.0,88.81580744542269,4.845293027789124,5.5,0.0,0.0,0.0,0.0,0.0,1,6,5,0,0,1
760,29,0.0,0.24115799999999954,6.854079,0.3316878222513268,0.5282899305555556,40.32,1.3,3.0,2015-01-01,2017-01-29,801.2505453846933,837.6638183088423,8.669387045753183,0.43346935228765915,8.235917693465524,0.0,0.0,402.41938389150494,0.0,88.80576284635029,4.84551205379402,5.5,0.0,0.0,0.0,0.0,0.0,1,6,5,0,0,1
761,30,0.0,-0.5735400000000004,7.2787619999999995,0.3261836732421746,0.5034027777777778,40.32,1.3,1.0,2015-01-01,2017-01-30,801.8282144410334,838.2048610919169,8.668435764074948,0.4334217882037475,8.235013975871201,0.0,0.0,402.82613216310665,0.0,88.79601829409171,4.8254671830705735,5.5,0.0,0.0,0.0,0.0,0.0,1,6,5,0,0,1
762,31,0.0,3.6299549999999994,9.670853999999999,0.4310376474348044,1.1166319444444444,39.61416666666666,1.3,6.0,2015-01-01,2017-01-31,802.4036401728057,838.7446286926734,8.667444459609811,0.4333722229804906,8.23407223662932,0.0,0.0,403.23128533729357,0.0,88.78586376427606,4.81554336105767,5.5,0.0,0.0,0.0,0.0,0.0,1,6,5,0,0,1
763,32,0.0,2.8975934999999997,9.800858999999999,0.420358970847334,0.65671875,6.840833333333333,1.3,5.0,2015-01-01,2017-02-01,802.9778119310947,839.2831233168031,8.666448244915005,0.43332241224575024,8.233125832669254,0.0,0.0,403.63573343041105,0.0,88.77565893601492,4.805630198999665,5.5,0.0,0.0,0.0,0.0,0.0,1,6,5,0,0,1
764,33,0.0,-1.483575000000001,4.271312999999999,0.275223503371001,1.2607725694444445,8.64,1.3,4.0,2015-01-01,2017-02-02,803.5507316255884,839.8203471708641,8.665447163985204,0.43327235819926024,8.232174805785943,0.0,0.0,404.0394765812488,0.0,88.76540425997237,4.795727737570375,5.5,0.0,0.0,0.0,0.0,0.0,1,6,5,0,0,1
765,34,0.0,-2.0469300000000006,6.438063,0.2951579793467768,0.941953125,8.64,1.3,0.0,2015-01-01,2017-02-03,804.122401166201,840.3563024622472,8.664441260620796,0.43322206303103983,8.231219197589756,0.0,0.0,404.44251493417175,0.0,88.75510018482211,4.785836017105937,5.5,0.0,0.0,0.0,0.0,0.0,1,6,5,0,0,1
766,35,0.0,-2.185602000000001,7.686111,0.3096891796227571,0.38390625,8.64,1.3,0.0,2015-01-01,2017-02-04,804.6928224630644,840.8909913991411,8.663430578426853,0.43317152892134275,8.230259049505511,0.0,0.0,404.84484863909813,0.0,88.74474715723733,4.775955077602193,5.5,0.0,0.0,0.0,0.0,0.0,1,6,5,0,0,1
767,36,0.0,-0.07952100000000062,8.388138,0.3493414706074711,0.6084809027777778,8.64,1.3,4.0,2015-01-01,2017-02-05,805.2619974265184,841.424416190498,8.662415160816831,0.4331207580408416,8.22929440277599,0.0,0.0,405.24647785147704,0.0,88.7343456219281,4.7660849587229865,5.5,0.0,0.0,0.0,0.0,0.0,1,6,5,0,0,1
768,37,0.0,3.4566149999999998,11.204913,0.4560475777876542,0.4611284722222222,8.64,1.3,1.0,2015-01-01,2017-02-06,805.8299279671024,841.9565790459994,8.661395051014635,0.43306975255073177,8.228325298463902,0.0,0.0,405.6474027322657,0.0,88.72389602166301,4.756225699805922,5.5,0.0,0.0,0.0,0.0,0.0,1,6,5,0,0,1
769,38,0.0,1.5412079999999992,11.950275,0.4344675346567914,0.6156336805555556,8.64,1.3,0.0,2015-01-01,2017-02-07,806.3966159955469,842.4874821760231,8.66037029205109,0.43301851460255447,8.227351777448535,0.0,0.0,406.0476234479087,0.0,88.71339879723284,4.746377339854593,5.5,0.0,0.0,0.0,0.0,0.0,1,6,5,0,0,1
770,39,0.0,3.3439439999999996,12.94698,0.4876755759712905,0.86515625,8.64,1.3,0.0,2015-01-01,2017-02-08,806.9620634227638,843.0171277916093,8.659340926762283,0.4329670463381143,8.22637388042417,0.0,0.0,406.4471401703149,0.0,88.70285438743345,4.736539917536101,5.5,0.0,0.0,0.0,0.0,0.0,1,6,5,0,0,1
771,40,0.0,6.334059,11.326251,0.5157380723937639,0.4980555555555556,8.640416666666667,1.3,8.0,2015-01-01,2017-02-09,807.5262721598372,843.545518104426,8.658306997795908,0.4329153498897955,8.225391647906113,0.0,0.0,406.84595307683503,0.0,88.6922632291309,4.726713471195327,5.5,0.0,0.0,0.0,0.0,0.0,1,6,5,0,0,1
772,41,0.0,1.9391677499999997,10.615556999999999,0.4178457606909176,0.7581944444444444,11.28,1.3,2.0,2015-01-01,2017-02-10,808.089244118015,844.0726553267377,8.657268547607929,0.43286342738039646,8.224405120227532,0.0,0.0,407.2440623502397,0.0,88.68162575722721,4.716898038847779,5.5,0.0,0.0,0.0,0.0,0.0,1,6,5,0,0,1
773,42,0.0,0.8565149999999999,8.596146,0.3667428169710885,0.3503993055555556,11.28,1.3,7.0,2015-01-01,2017-02-11,808.6509812086991,844.5985416713713,8.656225618462873,0.4328112809231437,8.22341433753973,0.0,0.0,407.6414681786972,0.0,88.67094240466346,4.707093658181155,5.5,0.0,0.0,0.0,0.0,0.0,1,6,5,0,0,1
774,43,0.0,5.086010999999999,7.928787,0.4259376748396415,0.763828125,9.683333333333332,1.3,7.0,2015-01-01,2017-02-12,809.2114853434365,845.1231793516833,8.655178252437587,0.4327589126218794,8.222419339815707,0.0,0.0,408.0381707557509,0.0,88.66021360245816,4.697300366563645,5.5,0.0,0.0,0.0,0.0,0.0,1,6,5,0,0,1
775,44,0.0,3.0044864999999996,5.892042,0.3581903246260113,0.6485763888888889,9.36,1.3,7.0,2015-01-01,2017-02-13,809.7707584339107,845.6465705815283,8.654127000174771,0.4327063500087387,8.221420650166033,0.0,0.0,408.43417028029745,0.0,88.64944499117684,4.697385507821073,5.5,0.0,0.0,0.0,0.0,0.0,1,6,5,0,0,1
776,45,0.0,2.7632549999999996,8.050125,0.3884350202436276,0.5199913194444444,9.36,1.3,1.0,2015-01-01,2017-02-14,810.3297674094258,846.168717575225,8.653103837962467,0.43265519189812346,8.220448646064344,0.0,0.0,408.83033544760474,0.0,88.63896412323314,4.677796685838864,5.5,0.0,0.0,0.0,0.0,0.0,1,6,5,0,0,1
777,46,0.0,4.1673089999999995,9.722856,0.4417171420405221,1.6480208333333333,9.014583333333333,1.3,4.0,2015-01-01,2017-02-15,810.8865902348018,846.6896225475255,8.652043335692344,0.4326021667846172,8.219441168907727,0.0,0.0,409.2249338748152,0.0,88.62810075854526,4.668036678650838,5.5,0.0,0.0,0.0,0.0,0.0,1,6,5,0,0,1
778,47,0.0,5.6652555,11.308917,0.501504018556995,0.6398871527777777,6.585416666666666,1.3,5.0,2015-01-01,2017-02-16,811.4421877249538,847.2092877135822,8.650978563324221,0.4325489281662111,8.21842963515801,0.0,0.0,409.6188298632153,0.0,88.61719365266683,4.658287907781515,5.5,0.0,0.0,0.0,0.0,0.0,1,6,5,0,0,1
779,48,0.0,0.6571739999999995,7.443434999999999,0.3462573315406501,1.0261631944444445,3.6,1.3,6.0,2015-01-01,2017-02-17,811.996561792166,847.7277152889176,8.649909561976674,0.4324954780988337,8.21741408387784,0.0,0.0,410.01202363295295,0.0,88.6062432268003,4.64855040896661,5.5,0.0,0.0,0.0,0.0,0.0,1,6,5,0,0,1
780,49,0.0,-2.4282779999999997,5.536695,0.279112089386643,0.98453125,3.6,1.3,2.0,2015-01-01,2017-02-18,812.5497143488083,848.2449074893909,8.648836372585624,0.4324418186292813,8.216394553956343,0.0,0.0,410.4045154094157,0.0,88.59524990027703,4.638824217636043,5.5,0.0,0.0,0.0,0.0,0.0,1,6,5,0,0,1
781,50,0.0,-2.237604,7.608108,0.3079541503426773,0.5346440972222222,3.6,1.3,0.0,2015-01-01,2017-02-19,813.1016473073295,848.7608665311682,8.647759035898472,0.4323879517949236,8.215371084103548,0.0,0.0,410.79630542320876,0.0,88.58421409049714,4.629109368902084,5.5,0.0,0.0,0.0,0.0,0.0,1,6,5,0,0,1
782,51,0.0,1.0385219999999995,9.601517999999999,0.3856100686874451,0.4978298611111111,3.6,1.3,0.0,2015-01-01,2017-02-20,813.652362580246,849.2755946306906,8.646677592470413,0.43233387962352066,8.214343712846892,0.0,0.0,411.18739391013304,0.0,88.57313621289205,4.619405897552015,5.5,0.0,0.0,0.0,0.0,0.0,1,6,5,0,0,1
783,52,0.0,1.4892059999999994,10.814898,0.4134951844438598,0.5193315972222222,3.6,1.3,0.0,2015-01-01,2017-02-21,814.2018620801324,849.789094004643,8.645592082675439,0.432279604133772,8.213312478541667,0.0,0.0,411.57778111116136,0.0,88.56201668103692,4.609713838072387,5.5,0.0,0.0,0.0,0.0,0.0,1,6,5,0,0,1
784,53,0.0,1.9572239999999992,11.265582,0.429641422418403,0.4903819444444444,3.6,1.3,0.0,2015-01-01,2017-02-22,814.7501477196129,850.3013668699243,8.644502546692458,0.4322251273346229,8.212277419357834,0.0,0.0,411.96746727241725,0.0,88.55085590650849,4.60003322461934,5.5,0.0,0.0,0.0,0.0,0.0,1,6,5,0,0,1
785,54,0.0,3.6819569999999997,11.56026,0.4671050253655666,0.3921440972222222,3.6,1.3,2.0,2015-01-01,2017-02-23,815.2972214113495,850.8124154436164,8.643409024522079,0.432170451226104,8.211238573295974,0.0,0.0,412.35645264515136,0.0,88.5396542990572,4.590364091054857,5.5,0.0,0.0,0.0,0.0,0.0,1,6,5,0,0,1
786,55,0.0,2.6505839999999994,13.579671000000001,0.4864641103770806,0.5525173611111112,3.6,1.3,0.0,2015-01-01,2017-02-24,815.843085068035,851.3222419429537,8.642311555967046,0.4321155777983523,8.210195978168693,0.0,0.0,412.74473748571967,0.0,88.52841226640656,4.58070647090616,5.5,0.0,0.0,0.0,0.0,0.0,1,6,5,0,0,1
787,56,0.0,5.042675999999999,15.148398,0.5713706124967257,0.7314756944444444,3.6,1.3,0.0,2015-01-01,2017-02-25,816.3877406023795,851.8308485852929,8.64121018065454,0.43206050903272697,8.209149671621812,0.0,0.0,413.1323220555594,0.0,88.51713021448164,4.571060397413174,5.5,0.0,0.0,0.0,0.0,0.0,1,6,5,0,0,1
788,57,0.0,2.550913499999999,16.318443,0.541689329489794,0.5363888888888888,3.6,1.3,0.0,2015-01-01,2017-02-26,816.9311899271044,852.3382375880838,8.640104938020997,0.43200524690104997,8.208099691119948,0.0,0.0,413.51920662116856,0.0,88.50580854725375,4.5614259034961755,5.5,0.0,0.0,0.0,0.0,0.0,1,6,5,0,0,1
789,58,0.0,2.4945779999999993,14.489705999999998,0.5017112400021139,0.4881857638888889,3.6,1.3,1.0,2015-01-01,2017-02-27,817.4734349549301,852.8444111688389,8.638995867311783,0.43194979336558914,8.207046073946193,0.0,0.0,413.9053914540816,0.0,88.49444766673673,4.551803021756717,5.5,0.0,0.0,0.0,0.0,0.0,1,6,5,0,0,1
790,59,0.0,5.476025999999999,16.84713,0.6222777842904043,0.4936371527777778,3.6,1.3,0.0,2015-01-01,2017-02-28,818.014477598566,853.3493715451034,8.637883686464868,0.4318941843232435,8.205989502141625,0.0,0.0,414.29087683084674,0.0,88.48305492720256,4.55176659847754,5.5,0.0,0.0,0.0,0.0,0.0,1,6,5,0,0,1
791,60,0.0,6.351393,16.812462,0.6434239650040806,0.6597395833333332,3.6,1.3,2.0,2015-01-01,2017-03-01,818.5552561905997,853.8531209344276,8.636797766687557,0.4318398883343779,8.204957878353179,0.0,0.0,414.6765057788036,0.0,88.47193119565094,4.53263826186124,5.5,0.0,0.0,0.0,0.0,0.0,1,6,5,0,0,1
792,61,0.0,9.402177,14.983725,0.6752907765868653,1.0369357638888885,3.6229166666666655,1.3,7.0,2015-01-01,2017-03-02,819.0939054571534,854.3556615543355,8.635677375723908,0.43178386878619546,8.203893506937712,0.0,0.0,415.06059720016515,0.0,88.46045435493681,4.523050222662339,5.5,0.0,0.0,0.0,0.0,0.0,1,6,5,0,0,1
793,62,0.0,9.211503,13.891683,0.6418770355213512,0.588046875,5.608750000000001,1.3,3.0,2015-01-01,2017-03-03,819.6313580531172,854.856995622298,8.634553312182028,0.43172766560910153,8.202825646572927,0.0,0.0,415.44399001110526,0.0,88.44893989378778,4.513473923975227,5.5,0.0,0.0,0.0,0.0,0.0,1,6,5,0,0,1
794,63,0.0,8.821488,15.070395000000001,0.6622449042698837,0.35171875,5.074166666666667,1.3,4.0,2015-01-01,2017-03-04,820.1676158911937,855.357125355702,8.633425614391182,0.4316712807195591,8.201754333671623,0.0,0.0,415.82668450806017,0.0,88.43738820483357,4.503909396892007,5.5,0.0,0.0,0.0,0.0,0.0,1,6,5,0,0,1
795,64,0.0,5.380688999999999,12.799641000000001,0.5267622728218179,1.224930555555556,6.0,1.3,4.0,2015-01-01,2017-03-05,820.7026808840244,855.856052971824,8.63229432048862,0.431614716024431,8.20067960446419,0.0,0.0,416.20868099236736,0.0,88.42579967873706,4.494356672186484,5.5,0.0,0.0,0.0,0.0,0.0,1,6,5,0,0,1
796,65,0.0,4.9112265,9.783525000000001,0.4566739249541163,0.5821180555555556,4.504166666666666,1.3,5.0,2015-01-01,2017-03-06,821.2365549441791,856.3537806877998,8.631159468435683,0.4315579734217842,8.1996014950139,0.0,0.0,416.5899797702415,0.0,88.4141747043592,4.484815780347365,5.5,0.0,0.0,0.0,0.0,0.0,1,6,5,0,0,1
797,66,0.0,4.1413079999999995,12.825641999999998,0.5013560494921371,0.43008680555555556,3.6,1.3,1.0,2015-01-01,2017-03-07,821.7692399841457,856.8503107205979,8.630021096005711,0.43150105480028556,8.198520041205425,0.0,0.0,416.97058115275246,0.0,88.40251366863504,4.47528675155377,5.5,0.0,0.0,0.0,0.0,0.0,1,6,5,0,0,1
798,67,0.0,4.808667,13.978352999999998,0.5398861834714468,0.3502256944444444,3.6,1.3,1.0,2015-01-01,2017-03-08,822.3007379163192,857.3456452869898,8.62887924079198,0.431443962039599,8.19743527875238,0.0,0.0,417.3504854558022,0.0,88.39081695665524,4.46576961569312,5.5,0.0,0.0,0.0,0.0,0.0,1,6,5,0,0,1
799,68,0.0,4.461987,15.226401,0.5599171935146969,0.6129774305555555,3.6,1.3,1.0,2015-01-01,2017-03-09,822.8310506529933,857.8397866035243,8.627733940205104,0.4313866970102552,8.196347243194849,0.0,0.0,417.7296930001022,0.0,88.3790849516393,4.456264402354103,5.5,0.0,0.0,0.0,0.0,0.0,1,6,5,0,0,1
800,69,0.0,3.6732899999999997,16.855797,0.5791877252095009,0.7099826388888889,3.6,1.3,0.0,2015-01-01,2017-03-10,823.3601801063484,858.332736886498,8.62658523147343,0.43132926157367146,8.195255969899758,0.0,0.0,418.1082041111506,0.0,88.36731803493967,4.446771140829401,5.5,0.0,0.0,0.0,0.0,0.0,1,6,5,0,0,1
801,70,0.0,9.896196,16.084433999999998,0.7189613589494692,1.8469704861111111,5.90625,1.3,5.0,2015-01-01,2017-03-11,823.8881281884419,858.8244983519285,8.625433151643028,0.4312716575821514,8.194161494060877,0.0,0.0,418.4860191192094,0.0,88.3555165860415,4.4372898601160085,5.5,0.0,0.0,0.0,0.0,0.0,1,6,5,0,0,1
802,71,0.0,9.04683,18.259851,0.7571475310050615,0.65765625,8.170833333333333,1.3,1.0,2015-01-01,2017-03-12,824.4148968111982,859.3150732155275,8.624277737586139,0.43121388687930695,8.193063850706832,0.0,0.0,418.8631383592816,0.0,88.34368098264946,4.427820588932125,5.5,0.0,0.0,0.0,0.0,0.0,1,6,5,0,0,1
803,72,0.0,9.454179,16.197105,0.7097441544076452,0.9559375,7.122916666666667,1.3,6.0,2015-01-01,2017-03-13,824.9404878863991,859.8044636926741,8.623119025979822,0.4311559512989911,8.19196307468083,0.0,0.0,419.2395621710894,0.0,88.33181160046884,4.418363355674006,5.5,0.0,0.0,0.0,0.0,0.0,1,6,5,0,0,1
804,73,0.0,8.734818,16.023765,0.685281614422998,1.0815190972222224,3.80375,1.3,4.0,2015-01-01,2017-03-14,825.4649033256703,860.2926719983857,8.621957053335514,0.4310978526667757,8.190859200668738,0.0,0.0,419.6152908990493,0.0,88.31990881350826,4.4089181884774264,5.5,0.0,0.0,0.0,0.0,0.0,1,6,5,0,0,1
805,74,0.0,7.339430999999999,18.025842,0.7018242840582439,0.4109201388888889,4.32,1.3,1.0,2015-01-01,2017-03-15,825.9881450404749,860.7797003472942,8.620792987969637,0.43103964939848183,8.189753338571155,0.0,0.0,419.99032489225146,0.0,88.30798458953784,4.408771733827522,5.5,0.0,0.0,0.0,0.0,0.0,1,6,5,0,0,1
806,75,0.0,10.199541,17.904504,0.780958281509898,1.248376736111111,8.278333333333332,1.3,6.0,2015-01-01,2017-03-16,826.5111231970905,861.265550953618,8.619652867851158,0.43098264339255804,8.188670224458601,0.0,0.0,420.3654818817479,0.0,88.29630565118575,4.390106970210517,5.5,0.0,0.0,0.0,0.0,0.0,1,6,5,0,0,1
807,76,0.0,9.731523,16.517784,0.7265585134791882,0.4640885416666667,3.905,1.3,1.0,2015-01-01,2017-03-17,827.0320284442186,861.7502260311358,8.618481265540458,0.43092406327702293,8.187557202263434,0.0,0.0,420.7391313116025,0.0,88.28430422174151,4.380697996000245,5.5,0.0,0.0,0.0,0.0,0.0,1,6,5,0,0,1
808,77,0.0,9.566849999999999,17.063805,0.7374628451825166,0.9588454861111112,2.4000000000000004,1.3,6.0,2015-01-01,2017-03-18,827.5517656779552,862.2337277931599,8.617306546731484,0.43086532733657423,8.18644121939491,0.0,0.0,421.11208706902414,0.0,88.27227086812489,4.371301198310789,5.5,0.0,0.0,0.0,0.0,0.0,1,6,5,0,0,1
809,78,0.0,11.430254999999999,17.081139,0.7933747046338451,0.8436631944444444,6.483333333333333,1.3,8.0,2015-01-01,2017-03-19,828.0703368091233,862.716058452512,8.616128747032647,0.4308064373516324,8.185322309681014,0.0,0.0,421.4843495216193,0.0,88.2602059550943,4.361916603823168,5.5,0.0,0.0,0.0,0.0,0.0,1,6,5,0,0,1
810,79,0.0,9.514848,16.769127,0.7275439189539374,0.6585937500000001,3.7066666666666666,1.3,3.0,2015-01-01,2017-03-20,828.5877437483271,863.1972202214952,8.614947901875638,0.4307473950937819,8.184200506781856,0.0,0.0,421.85591904155297,0.0,88.24810984559798,4.3525442389375035,5.5,0.0,0.0,0.0,0.0,0.0,1,6,5,0,0,1
811,80,0.0,8.23429875,13.813680000000002,0.6154905208622456,0.8658333333333335,6.417083333333334,1.3,5.0,2015-01-01,2017-03-21,829.1039884059437,863.6772153118702,8.613764046515263,0.43068820232576316,8.1830758441895,0.0,0.0,422.2267960055259,0.0,88.23598290077211,4.343184129771969,5.5,0.0,0.0,0.0,0.0,0.0,1,6,5,0,0,1
812,81,0.0,7.642776,13.440999000000001,0.59222024383953,0.8851388888888888,5.580416666666667,1.3,6.0,2015-01-01,2017-03-22,829.6190726921125,864.1560459348289,8.612577216024988,0.4306288608012494,8.181948355223739,0.0,0.0,422.5969807947526,0.0,88.22382547989541,4.33383630215423,5.5,0.0,0.0,0.0,0.0,0.0,1,6,5,0,0,1
813,82,0.0,8.69942775,11.47359,0.5709556617089824,0.9811892361111112,18.034166666666668,1.3,8.0,2015-01-01,2017-03-23,830.132998516723,864.6337143009689,8.611387445311863,0.43056937226559316,8.18081807304627,0.0,0.0,422.9664737949372,0.0,88.21163794054188,4.324500781652558,5.5,0.0,0.0,0.0,0.0,0.0,1,6,5,0,0,1
814,83,0.0,3.86324175,9.982866000000001,0.4409107898990027,1.0595659722222222,9.777916666666666,1.3,6.0,2015-01-01,2017-03-24,830.6457677894066,865.11022262027,8.610194769094965,0.43050973845474827,8.179685030640217,0.0,0.0,423.33527539625237,0.0,88.19942063835991,4.315177593531635,5.5,0.0,0.0,0.0,0.0,0.0,1,6,5,0,0,1
815,84,0.0,3.7426259999999996,11.629596,0.4696127661746029,0.8408506944444444,5.5200000000000005,1.3,4.0,2015-01-01,2017-03-25,831.1573824195243,865.5855731020674,10.59653214198042,0.5298266070990211,10.066705534881399,0.0,0.0,423.70338599331524,0.0,96.31079455230304,4.305866762797793,5.5,0.0,0.0,0.0,0.0,0.0,1,6,5,0,0,1
816,85,0.0,4.9646729999999994,16.205772,0.594279752332533,0.569435763888889,3.8050000000000006,1.3,1.0,2015-01-01,2017-03-26,831.6678443161576,866.0597679550283,10.595057091096011,0.5297528545548006,10.06530423654121,0.0,0.0,424.07080598516563,0.0,96.29738796599925,4.296568314163375,5.5,0.0,0.0,0.0,0.0,0.0,1,6,5,0,0,1
817,86,0.0,9.280839,18.762537,0.7791237257579612,0.5826909722222222,2.5454166666666667,1.3,1.0,2015-01-01,2017-03-27,832.1771553880957,866.5328093871262,10.593578590855723,0.5296789295427862,10.063899661312936,0.0,0.0,424.43753577524205,0.0,96.28395002885335,4.28728227208085,5.5,0.0,0.0,0.0,0.0,0.0,1,6,5,0,0,1
818,87,0.0,11.464922999999999,19.386561,0.8681233185747671,0.3894444444444444,2.4000000000000004,1.3,5.0,2015-01-01,2017-03-28,832.6853175438276,867.004699605618,10.592096683141456,0.5296048341570728,10.062491848984383,0.0,0.0,424.80357577136067,0.0,96.27048112152576,4.278008660725072,5.5,0.0,0.0,0.0,0.0,0.0,1,6,5,0,0,1
819,88,0.0,10.31871225,19.681239,0.8402364278199123,0.8216493055555555,3.1429166666666664,1.3,1.0,2015-01-01,2017-03-29,833.1923326915306,867.475440817019,10.590611693982236,0.5295305846991119,10.061081109283124,0.0,0.0,425.1689263856917,0.0,96.25698420726083,4.27776652180481,5.5,0.0,0.0,0.0,0.0,0.0,1,6,5,0,0,1
820,89,0.0,9.922197,20.521938000000002,0.8546831737949011,0.7598003472222222,3.21625,1.3,3.0,2015-01-01,2017-03-30,833.6990847834427,867.9450352270785,10.589156859930718,0.529457842996536,10.059699016934182,0.0,0.0,425.5343818642815,0.0,96.24376136967908,4.259538805728713,5.5,0.0,0.0,0.0,0.0,0.0,1,6,5,0,0,1
821,90,0.0,12.237730500000001,21.475308,0.967887155182892,0.4555815972222222,5.19375,1.3,5.0,2015-01-01,2017-03-31,834.2038165321908,868.4134850407563,10.587664906631897,0.529383245331595,10.058281661300303,0.0,0.0,425.8983585735325,0.0,96.23020115906307,4.250302471146096,5.5,0.0,0.0,0.0,0.0,0.0,1,6,5,0,0,1
822,91,0.0,11.681598000000001,19.863246,0.8914275990688137,0.4850607638888888,13.885416666666666,1.3,5.0,2015-01-01,2017-04-01,834.707406975062,868.8807924621997,10.58616971158458,0.529308485579229,10.056861226005351,0.0,0.0,426.2616471515362,0.0,96.21661148452726,4.241078662013759,5.5,0.0,0.0,0.0,0.0,0.0,1,6,5,0,0,1
823,92,0.0,8.352747749999999,17.783166,0.7233436147582742,0.7865711805555555,8.854166666666666,1.3,6.0,2015-01-01,2017-04-02,835.2098580189873,869.3469596947186,10.584671315604131,0.5292335657802066,10.055437749823925,0.0,0.0,426.62424802770005,0.0,96.20299271703828,4.231867401147804,5.5,0.0,0.0,0.0,0.0,0.0,1,6,5,0,0,1
824,93,0.0,4.98417375,10.814898,0.4779303214052579,1.0621440972222222,8.253333333333334,1.3,7.0,2015-01-01,2017-04-03,835.711171570532,869.8119889407635,10.583169759296421,0.5291584879648211,10.0540112713316,0.0,0.0,426.9861616356721,0.0,96.18934522565878,4.222668711100047,5.5,0.0,0.0,0.0,0.0,0.0,1,6,5,0,0,1
825,94,0.0,4.713329999999999,13.276326,0.5226961615820187,1.270859375,4.800000000000001,1.3,2.0,2015-01-01,2017-04-04,836.211349535886,870.2758824019022,10.581665083045134,0.5290832541522568,10.052581828892878,0.0,0.0,427.3473884133189,0.0,96.17566937743183,4.213482614136588,5.5,0.0,0.0,0.0,0.0,0.0,1,6,5,0,0,1
826,95,0.0,5.094678,19.499232,0.6808511242997444,0.6609288194444445,4.800000000000001,1.3,0.0,2015-01-01,2017-04-05,836.710393820851,870.7386422787954,10.58015732703555,0.5290078663517775,10.051149460683773,0.0,0.0,427.7079288027014,0.0,96.1619655375974,4.204309132278564,5.5,0.0,0.0,0.0,0.0,0.0,1,6,5,0,0,1
827,96,0.0,8.578812,20.409267,0.8081247162854136,0.8828819444444445,4.800000000000001,1.3,0.0,2015-01-01,2017-04-06,837.2083063308322,871.2002707711756,10.578646531237643,0.5289323265618822,10.04971420467576,0.0,0.0,428.0677832500538,0.0,96.1482340694385,4.195148287273395,5.5,0.0,0.0,0.0,0.0,0.0,1,6,5,0,0,1
828,97,0.0,11.412921,19.79391,0.8799990005894324,0.652951388888889,6.295,1.3,3.0,2015-01-01,2017-04-07,837.7050889708264,871.6607700778236,10.577132735410233,0.5288566367705118,10.048276098639722,0.0,0.0,428.42695220576036,0.0,96.13447533431888,4.18600010060209,5.5,0.0,0.0,0.0,0.0,0.0,1,6,5,0,0,1
829,98,0.0,11.950275,22.619352,0.999644815647306,0.6291753472222222,7.680000000000001,1.3,4.0,2015-01-01,2017-04-08,838.2007436454105,872.1201423965458,10.575615979110967,0.5287807989555484,10.04683518015542,0.0,0.0,428.78543612433225,0.0,96.12068969177405,4.176864593496582,5.5,0.0,0.0,0.0,0.0,0.0,1,6,5,0,0,1
830,99,0.0,15.105063000000001,19.932582,1.017379782794057,0.8116666666666666,5.5375,1.3,6.0,2015-01-01,2017-04-09,838.695272258734,872.5783899241528,10.574054716092643,0.5287027358046322,10.045351980288011,0.0,0.0,429.14323546438663,0.0,96.10649953222132,4.167670282786845,5.5,0.0,0.0,0.0,0.0,0.0,1,6,5,0,0,1
831,100,0.0,15.096396000000002,24.04074,1.1849093667153283,0.9796961805555555,5.072916666666667,1.3,7.0,2015-01-01,2017-04-10,839.188668248206,873.0355148564361,10.572295040895241,0.528614752044762,10.04368028885048,0.0,0.0,429.5003471760854,0.0,96.09050602470919,4.1581526875084664,5.5,0.0,0.0,0.0,0.0,0.0,1,6,5,0,0,1
832,101,0.0,15.269735999999998,23.711394,1.178117068374745,0.7233854166666666,4.196666666666667,1.3,6.0,2015-01-01,2017-04-11,839.6808937427096,873.4915193881466,10.570533751012135,0.5285266875506068,10.04200706346153,0.0,0.0,429.85675517899955,0.0,96.07449784148412,4.148650673048786,5.5,0.0,0.0,0.0,0.0,0.0,1,6,5,0,0,1
833,102,0.0,13.701008999999999,21.223965,1.013085211050845,0.4017361111111111,6.777916666666667,1.3,8.0,2015-01-01,2017-04-12,840.1719510044843,873.9464057129737,10.568770881557562,0.5284385440778782,10.040332337479684,0.0,0.0,430.2124600111945,0.0,96.0584753016959,4.139164246756937,5.5,0.0,0.0,0.0,0.0,0.0,1,6,5,0,0,1
834,103,0.0,13.55367,23.971404,1.1163495496985585,1.2301041666666666,5.308333333333334,1.3,7.0,2015-01-01,2017-04-13,840.6618422932904,874.4001760235221,10.567007852667722,0.5283503926333861,10.038657460034335,0.0,0.0,430.56746221501817,0.0,96.04245131281687,4.138429794362883,5.5,0.0,0.0,0.0,0.0,0.0,1,6,5,0,0,1
835,104,0.0,18.459192,25.990814999999998,1.4376887979669983,1.5979774305555554,5.50625,1.3,8.0,2015-01-01,2017-04-14,841.1514243083246,874.8528325112907,10.565272421993763,0.5282636210996882,10.037008800894075,0.0,0.0,430.92253128540847,0.0,96.02667816129335,4.120275316443703,5.5,0.0,0.0,0.0,0.0,0.0,1,6,5,0,0,1
836,105,0.0,15.721864500000002,20.452602,1.0616128082038434,0.9096180555555557,7.896249999999999,1.3,8.0,2015-01-01,2017-04-15,841.6389949586313,875.3043773666516,10.563504958029865,0.5281752479014933,10.035329710128371,0.0,0.0,431.27613324201786,0.0,96.0106138624808,4.110835555742246,5.5,0.0,0.0,0.0,0.0,0.0,1,6,5,0,0,1
837,106,0.0,13.35938475,21.735318,1.0195606851322672,0.8380121527777779,5.768750000000001,1.3,3.0,2015-01-01,2017-04-16,842.125406382197,875.7548127788295,10.561736053109911,0.5280868026554956,10.033649250454415,0.0,0.0,431.6290342120568,0.0,95.99453646696634,4.10141141098367,5.5,0.0,0.0,0.0,0.0,0.0,1,6,5,0,0,1
838,107,0.0,12.296955,23.590056,1.050271673932511,0.4521006944444445,7.92,1.3,0.0,2015-01-01,2017-04-17,842.6106608289557,876.2041409358792,10.559965741283762,0.5279982870641882,10.031967454219574,0.0,0.0,431.9812347547737,0.0,95.9784462842257,4.092002888388625,5.5,0.0,0.0,0.0,0.0,0.0,1,6,5,0,0,1
839,108,0.0,16.188438,25.297455,1.2914001915827835,0.5546527777777778,7.92,1.3,1.0,2015-01-01,2017-04-18,843.0947605463613,876.6523640246658,10.558194056382185,0.5279097028191093,10.030284353563076,0.0,0.0,432.3327354335654,0.0,95.96234362174322,4.082609993941601,5.5,0.0,0.0,0.0,0.0,0.0,1,6,5,0,0,1
840,109,0.0,12.972981,23.044035,1.0553875967354398,1.3819270833333333,4.23375,1.3,2.0,2015-01-01,2017-04-19,843.5777077793842,877.0994842308435,10.556421032030705,0.5278210516015354,10.02859998042917,0.0,0.0,432.68353681594857,0.0,95.94622878513783,4.073232733414519,5.5,0.0,0.0,0.0,0.0,0.0,1,6,5,0,0,1
841,110,0.0,11.698932,23.676726,1.030359502341478,0.9134722222222222,4.74875,1.3,1.0,2015-01-01,2017-04-20,844.0595047705126,877.5455037388358,10.554646701640655,0.5277323350820328,10.026914366558621,0.0,0.0,433.03363947353427,0.0,95.93010207808176,4.063871112351256,5.5,0.0,0.0,0.0,0.0,0.0,1,6,5,0,0,1
842,111,0.0,14.593710000000002,24.378753,1.17774072106312,0.6387413194444445,6.48,1.3,0.0,2015-01-01,2017-04-21,844.5401537597508,877.9904247318143,10.55287109841372,0.527643554920686,10.025227543493033,0.0,0.0,433.38304398199983,0.0,95.91396380234168,4.054525136075671,5.5,0.0,0.0,0.0,0.0,0.0,1,6,5,0,0,1
843,112,0.0,14.845053,28.677585,1.3904361470351492,0.4509461805555556,6.48,1.3,0.0,2015-01-01,2017-04-22,845.0196569846177,878.4342493916783,10.551094255347149,0.5275547127673574,10.02353954257979,0.0,0.0,433.73175092106254,0.0,95.89781425782624,4.045194809700358,5.5,0.0,0.0,0.0,0.0,0.0,1,6,5,0,0,1
844,113,0.0,17.401818,28.252902,1.5011673621690091,1.7420833333333332,6.48,1.3,3.0,2015-01-01,2017-04-23,845.4980166801471,878.8769798990359,10.549316205227464,0.5274658102613733,10.02185039496609,0.0,0.0,434.0797608744531,0.0,95.88165374252877,4.035880138116164,5.5,0.0,0.0,0.0,0.0,0.0,1,6,5,0,0,1
845,114,0.0,17.51810025,26.484834,1.4147363786184717,0.7989409722222222,7.615833333333334,1.3,6.0,2015-01-01,2017-04-24,845.9752350788871,879.3186184331826,10.547536980637165,0.5273768490318583,10.020160131605307,0.0,0.0,434.42707442988876,0.0,95.86548255258826,4.026581126002391,5.5,0.0,0.0,0.0,0.0,0.0,1,6,5,0,0,1
846,115,0.0,11.25474825,24.621429,1.0498463307357189,0.9230381944444443,11.88125,1.3,4.0,2015-01-01,2017-04-25,846.4513144108973,879.7591671720829,10.545756613950353,0.5272878306975176,10.018468783252835,0.0,0.0,434.77369217904663,0.0,95.84930098224963,4.0172977778214625,5.5,0.0,0.0,0.0,0.0,0.0,1,6,5,0,0,1
847,116,0.0,9.982866000000001,19.62057,0.8275218363256516,1.4623263888888889,5.567916666666666,1.3,3.0,2015-01-01,2017-04-26,846.92625690375,880.1986282923499,10.543975137333105,0.5271987568666553,10.01677638046645,0.0,0.0,435.1196147175373,0.0,95.83310932386695,4.008030097817173,5.5,0.0,0.0,0.0,0.0,0.0,1,6,5,0,0,1
848,117,0.0,10.390215,20.981289,0.8855505959224266,0.840703125,4.891666666666666,1.3,6.0,2015-01-01,2017-04-27,847.4000647825266,880.6370039692251,10.542193171230677,0.5271096585615339,10.015083512669143,0.0,0.0,435.4648426448773,0.0,95.81691321660371,4.0072443916156,5.5,0.0,0.0,0.0,0.0,0.0,1,6,5,0,0,1
849,118,0.0,14.463705000000001,23.070035999999998,1.1167086439106102,1.5304427083333332,6.088749999999999,1.3,5.0,2015-01-01,2017-04-28,847.8735682706335,881.0742963765615,10.540438926501116,0.527021946325056,10.01341698017606,0.0,0.0,435.81012174473375,0.0,95.80096906605715,3.9895763742671577,5.5,0.0,0.0,0.0,0.0,0.0,1,6,5,0,0,1
850,119,0.0,15.642416999999998,23.044035,1.1653802222762062,1.6599131944444445,7.980416666666666,1.3,6.0,2015-01-01,2017-04-29,848.3451178117372,881.5105076868017,10.538654251871943,0.5269327125935972,10.011721539278346,0.0,0.0,436.1539654170838,0.0,95.78474834127192,3.9803555924385923,5.5,0.0,0.0,0.0,0.0,0.0,1,6,5,0,0,1
851,120,0.0,16.526450999999998,24.612762,1.275173189157352,0.5783072916666667,2.9408333333333334,1.3,4.0,2015-01-01,2017-04-30,848.8155393823728,881.9456400709605,10.536868594226835,0.5268434297113418,10.010025164515493,0.0,0.0,436.49711629007027,0.0,95.76851868195561,3.9711504942810456,5.5,0.0,0.0,0.0,0.0,0.0,1,6,5,0,0,1
852,121,0.0,16.725792,26.571504,1.3791615845395746,0.4781597222222222,2.64,1.3,5.0,2015-01-01,2017-05-01,849.2848351977351,882.3796956986055,10.53508198472713,0.5267540992363565,10.008327885490774,0.0,0.0,436.83957497860877,0.0,95.75228037133041,3.96196108300966,5.5,0.0,0.0,0.0,0.0,0.0,1,6,5,0,0,1
853,122,0.0,16.665123,26.259492,1.3606907271119504,0.797751736111111,2.64,1.3,7.0,2015-01-01,2017-05-02,849.7530074705256,882.812676737839,10.533294454322512,0.5266647227161256,10.006629731606386,0.0,0.0,437.1813421013908,0.0,95.73603369069485,3.952787361615421,5.5,0.0,0.0,0.0,0.0,0.0,1,6,5,0,0,1
854,123,0.0,16.959801,23.43405,1.240888606861564,0.8394531249999999,5.026666666666667,1.3,3.0,2015-01-01,2017-05-03,850.2200584109473,883.2445853552781,10.531506033772825,0.5265753016886413,10.004930732084183,0.0,0.0,437.52241828085516,0.0,95.719778919622,3.9436293329021757,5.5,0.0,0.0,0.0,0.0,0.0,1,6,5,0,0,1
855,124,0.0,16.491783,22.411344,1.1747337337607389,0.9459722222222222,7.470000000000001,1.3,6.0,2015-01-01,2017-05-04,850.6859902267053,883.6754237160378,10.529716753637265,0.5264858376818634,10.003230915955402,0.0,0.0,437.86280414316377,0.0,95.70351633586127,3.9344869994686453,5.5,0.0,0.0,0.0,0.0,0.0,1,6,5,0,0,1
856,125,0.0,15.56946975,23.815398000000002,1.1957658115511312,0.82734375,9.704583333333334,1.3,5.0,2015-01-01,2017-05-05,851.1508051230059,884.1051939837123,10.527926644269913,0.5263963322134957,10.001530312056417,0.0,0.0,438.2025003181752,0.0,95.68724621529772,3.9253603636996006,5.5,0.0,0.0,0.0,0.0,0.0,1,6,5,0,0,1
857,126,0.0,15.538413000000002,23.269377,1.170610113773222,0.7156770833333334,5.803333333333334,1.3,5.0,2015-01-01,2017-05-06,851.6145053025532,884.5338983203555,10.526135735844438,0.5263067867922219,9.999828949052215,0.0,0.0,438.54150743941705,0.0,95.67096883217684,3.9162494278088937,5.5,0.0,0.0,0.0,0.0,0.0,1,6,5,0,0,1
858,127,0.0,17.133141000000002,25.271454,1.3352794236245595,0.6614670138888888,2.88,1.3,3.0,2015-01-01,2017-05-07,852.0770929655512,884.9615388864659,10.524344058317723,0.5262172029158861,9.998126855401837,0.0,0.0,438.8798261440627,0.0,95.65468445877362,3.9071541937773873,5.5,0.0,0.0,0.0,0.0,0.0,1,6,5,0,0,1
859,128,0.0,17.88717,26.90085,1.4552577810389853,0.9911545138888886,4.369583333333334,1.3,3.0,2015-01-01,2017-05-08,852.5385703096981,885.3881178409654,10.522551641470173,0.5261275820735086,9.996424059396665,0.0,0.0,439.2174570729028,0.0,95.63839336575904,3.898074663420265,5.5,0.0,0.0,0.0,0.0,0.0,1,6,5,0,0,1
860,129,0.0,17.38809525,28.824924,1.5314070656494854,0.6114409722222222,6.0,1.3,0.0,2015-01-01,2017-05-09,852.9989395301881,885.8136373411842,10.520758514878517,0.5260379257439259,9.994720589134591,0.0,0.0,439.5544008703213,0.0,95.6220958219531,3.8890108383423208,5.5,0.0,0.0,0.0,0.0,0.0,1,6,5,0,0,1
861,130,0.0,16.985802,28.920260999999996,1.5147158448628213,0.588046875,6.0,1.3,1.0,2015-01-01,2017-05-10,853.4582028197094,886.2380995428423,10.518964707922606,0.5259482353961303,9.993016472526476,0.0,0.0,439.8906581842688,0.0,95.60579209438616,3.8799627199481783,5.5,0.0,0.0,0.0,0.0,0.0,1,6,5,0,0,1
862,131,0.0,17.332482000000002,30.792333,1.6390304720928015,0.5299913194444444,6.0,1.3,1.0,2015-01-01,2017-05-11,853.9163623684414,886.6615066000315,10.517170249801703,0.5258585124900852,9.991311737311618,0.0,0.0,440.2262296662365,0.0,95.58948244844731,3.8709303094701952,5.5,0.0,0.0,0.0,0.0,0.0,1,6,5,0,0,1
863,132,0.0,16.959801,29.214939,1.5293168338435716,0.8053559027777778,5.003333333333334,1.3,6.0,2015-01-01,2017-05-12,854.3734203640543,887.0838606651996,10.51537643575024,0.5257688217875119,9.989607613962727,0.0,0.0,440.56111597123186,0.0,95.57317865638963,3.870098757893548,5.5,0.0,0.0,0.0,0.0,0.0,1,6,5,0,0,1
864,133,0.0,16.387779,28.044894,1.436792848398711,0.8200260416666666,6.120416666666667,1.3,2.0,2015-01-01,2017-05-13,854.8301795201321,887.5051638891321,10.51360749369018,0.525680374684509,9.987927119005672,0.0,0.0,440.8960381904384,0.0,95.5571009233126,3.852944713785314,5.5,0.0,0.0,0.0,0.0,0.0,1,6,5,0,0,1
865,134,0.0,16.578453,29.561619,1.527425946841789,0.4991493055555556,6.720000000000001,1.3,1.0,2015-01-01,2017-05-14,855.2850448749798,887.9254184209356,10.511811201138286,0.5255905600569143,9.986220641081372,0.0,0.0,441.22955905923374,0.0,95.54077460441852,3.8439593134855397,5.5,0.0,0.0,0.0,0.0,0.0,1,6,5,0,0,1
866,135,0.0,19.386561,29.769627,1.6997906116439148,0.4997743055555556,6.720000000000001,1.3,0.0,2015-01-01,2017-05-15,855.7388152094098,888.3446264080205,10.510014372517384,0.5255007186258692,9.984513653891515,0.0,0.0,441.5623967277031,0.0,95.52444341324815,3.8349896246051682,5.5,0.0,0.0,0.0,0.0,0.0,1,6,5,0,0,1
867,136,0.0,18.008508,30.610326,1.667893006127946,1.0174305555555554,6.720000000000001,1.3,0.0,2015-01-01,2017-05-16,856.1914927011129,888.7627899960855,10.508217036068793,0.5254108518034397,9.982806184265353,0.0,0.0,441.89455186469297,0.0,95.50810760648399,3.8260356474193387,5.5,0.0,0.0,0.0,0.0,0.0,1,6,5,0,0,1
868,137,0.0,15.96381825,28.980929999999997,1.4634676146778571,1.5541666666666667,6.720000000000001,1.3,0.0,2015-01-01,2017-05-17,856.6430795252621,889.1799113291002,10.506419219843016,0.5253209609921509,9.981098258850865,0.0,0.0,442.2260251424379,0.0,95.49176743907415,3.817097382013153,5.5,0.0,0.0,0.0,0.0,0.0,1,6,5,0,0,1
869,138,0.0,15.737753999999999,29.67429,1.4881867507384683,0.6753472222222222,6.720000000000001,1.3,1.0,2015-01-01,2017-05-18,857.0935778545105,889.5959925492887,10.50462095170241,0.5252310475851205,9.979389904117289,0.0,0.0,442.55681723653504,0.0,95.47542316425677,3.808174828285461,5.5,0.0,0.0,0.0,0.0,0.0,1,6,5,0,0,1
870,139,0.0,19.265223,31.919043,1.8250302238086944,0.6563454861111111,6.720000000000001,1.3,1.0,2015-01-01,2017-05-19,857.5429898589896,890.0110357971128,10.502822259330069,0.5251411129665035,9.977681146363565,0.0,0.0,442.88692882591863,0.0,95.4590750336406,3.799267985964171,5.5,0.0,0.0,0.0,0.0,0.0,1,6,5,0,0,1
871,140,0.0,22.567349999999998,33.028419,2.125591192000625,1.1910416666666666,6.720000000000001,1.3,2.0,2015-01-01,2017-05-20,857.9913177063089,890.4250432112574,10.501023170217225,0.5250511585108614,9.975972011706364,0.0,0.0,443.21636059283577,0.0,95.44272329709072,3.7903768545846255,5.5,0.0,0.0,0.0,0.0,0.0,1,6,5,0,0,1
872,141,0.0,17.592492,30.185643,1.6190375722717614,1.5292708333333334,4.7995833333333335,1.3,2.0,2015-01-01,2017-05-21,858.4385635615531,890.8380169286133,10.499223711672979,0.524961185583649,9.97426252608933,0.0,0.0,443.5451132228205,0.0,95.42636820281665,3.781501433505775,5.5,0.0,0.0,0.0,0.0,0.0,1,6,5,0,0,1
873,142,0.0,16.994469,28.053561,1.4688999012409358,1.0178038194444445,4.08,1.3,0.0,2015-01-01,2017-05-22,858.8847295872803,891.2499590842617,10.497423910820944,0.5248711955410472,9.972552715279896,0.0,0.0,443.8731874046691,0.0,95.41000999734216,3.7726417219042565,5.5,0.0,0.0,0.0,0.0,0.0,1,6,5,0,0,1
874,143,0.0,18.771204,30.020970000000002,1.678124925589353,0.5890364583333334,4.08,1.3,2.0,2015-01-01,2017-05-23,859.3298179435201,891.6608718114578,10.495623794602375,0.5247811897301188,9.970842604872256,0.0,0.0,444.20058383041516,0.0,95.3936489255336,3.763797718780361,5.5,0.0,0.0,0.0,0.0,0.0,1,6,5,0,0,1
875,144,0.0,20.438879250000003,31.477026000000002,1.8721481898720576,1.2701128472222225,4.08,1.3,1.0,2015-01-01,2017-05-24,859.7738307877723,892.0707572416163,10.493823389782603,0.5246911694891302,9.969132220293472,0.0,0.0,444.5273031953043,0.0,95.37728523065825,3.754969422967367,5.5,0.0,0.0,0.0,0.0,0.0,1,6,5,0,0,1
876,145,0.0,19.499232,30.514989,1.7518290905210177,0.995095486111111,4.08,1.3,0.0,2015-01-01,2017-05-25,860.2167702750064,892.4796175042957,10.492022722933743,0.5246011361466872,9.967421586787056,0.0,0.0,444.8533461977705,0.0,95.36091915422739,3.746156833103284,5.5,0.0,0.0,0.0,0.0,0.0,1,6,5,0,0,1
877,146,0.0,20.105922,31.399023,1.8455531292173628,0.6167274305555556,4.08,1.3,0.0,2015-01-01,2017-05-26,860.6586385576566,892.8874547271819,10.490222080619084,0.5245111040309542,9.965710976588129,0.0,0.0,445.17871353940996,0.0,95.34455330078535,3.7452860437221256,5.5,0.0,0.0,0.0,0.0,0.0,1,6,5,0,0,1
878,147,0.0,21.475308,32.690406,2.023754253453255,0.5313454861111111,4.08,1.3,0.0,2015-01-01,2017-05-27,861.1002129442236,893.2942710360744,10.48844699951216,0.524422349975608,9.964024649536551,0.0,0.0,445.50410355909275,0.0,95.32841977054056,3.728608668675907,5.5,0.0,0.0,0.0,0.0,0.0,1,6,5,0,0,1
879,148,0.0,20.8325055,32.759742,1.984127989641543,1.1693315972222222,4.08,1.3,2.0,2015-01-01,2017-05-28,861.5399489056807,893.7000685548705,10.486645654410212,0.5243322827205107,9.962313371689701,0.0,0.0,445.82812444672845,0.0,95.31204752953691,3.7198430771257303,5.5,0.0,0.0,0.0,0.0,0.0,1,6,5,0,0,1
880,149,0.0,18.433191,30.896337,1.7101932047000576,1.716892361111111,4.08,1.3,0.0,2015-01-01,2017-05-29,861.978620090641,894.1048494055503,10.484844152012867,0.5242422076006433,9.960601944412224,0.0,0.0,446.1514717884797,0.0,95.29567385889153,3.711093184864733,5.5,0.0,0.0,0.0,0.0,0.0,1,6,5,0,0,1
881,150,0.0,18.398523,32.5344,1.809084254185028,0.7921961805555555,4.08,1.3,0.0,2015-01-01,2017-05-30,862.416228641452,894.5086157081621,10.483042518010349,0.5241521259005174,9.958890392109831,0.0,0.0,446.4741462983783,0.0,95.27929899210018,3.7023589896911826,5.5,0.0,0.0,0.0,0.0,0.0,1,6,5,0,0,1
882,151,0.0,20.383266,33.479103,2.0027081232525576,0.8055381944444444,4.08,1.3,0.0,2015-01-01,2017-05-31,862.85277669792,894.9113695808082,10.481240777901544,0.5240620388950772,9.957178739006466,0.0,0.0,446.7961486934968,0.0,95.26292316091967,3.693640489210229,5.5,0.0,0.0,0.0,0.0,0.0,1,6,5,0,0,1
883,152,0.0,18.72859125,31.858373999999998,1.7873346338842917,1.5551128472222222,4.08,1.3,0.0,2015-01-01,2017-06-01,863.2882663973055,895.3131131396294,10.479438957015983,0.5239719478507991,9.955467009165183,0.0,0.0,447.11747969392275,0.0,95.24654659556754,3.6849376808700343,5.5,0.0,0.0,0.0,0.0,0.0,1,6,5,0,0,1
884,153,0.0,16.5307845,29.812962,1.5385642487244846,1.4827690972222225,4.08,1.3,0.0,2015-01-01,2017-06-02,863.722699874321,895.7138484987909,10.47763708051265,0.5238818540256326,9.953755226487019,0.0,0.0,447.4381400227352,0.0,95.23016952471117,3.6762505619599732,5.5,0.0,0.0,0.0,0.0,0.0,1,6,5,0,0,1
885,154,0.0,16.4267805,27.992892,1.4361212068253422,1.6669357638888889,4.08,1.3,0.0,2015-01-01,2017-06-03,864.156079261131,896.1135777704683,10.475835173368875,0.5237917586684437,9.95204341470043,0.0,0.0,447.75813040598075,0.0,95.21379217536692,3.66757912959211,5.5,0.0,0.0,0.0,0.0,0.0,1,6,5,0,0,1
886,155,0.0,16.257774,30.991674,1.5889587213582157,0.6040364583333333,4.08,1.3,0.0,2015-01-01,2017-06-04,864.5884066873487,896.5123030648338,10.474033260391073,0.5237016630195538,9.95033159737152,0.0,0.0,448.077451572649,0.0,95.19741477299785,3.6589233807179107,5.5,0.0,0.0,0.0,0.0,0.0,1,6,5,0,0,1
887,156,0.0,18.996546000000002,33.4011,1.903749106345732,0.8232031249999999,4.08,1.3,0.0,2015-01-01,2017-06-05,865.0196842800339,896.9100264900408,10.472231366214377,0.523611568310719,9.948619797903659,0.0,0.0,448.39610425464855,0.0,95.1810375415101,3.6502833121286304,5.5,0.0,0.0,0.0,0.0,0.0,1,6,5,0,0,1
888,157,0.0,20.74728,32.820411,1.9824463670025896,1.7935763888888887,4.08,1.3,0.0,2015-01-01,2017-06-06,865.449914163692,897.3067501522114,10.470429515301047,0.5235214757650524,9.946908039535995,0.0,0.0,448.71408918678304,0.0,95.16466070323861,3.6416589204515937,5.5,0.0,0.0,0.0,0.0,0.0,1,6,5,0,0,1
889,158,0.0,23.191374,34.337136,2.270308642695668,1.6663975694444444,4.08,1.3,0.0,2015-01-01,2017-06-07,865.879098460271,897.7024761554221,10.468627731939371,0.5234313865969686,9.945196345342403,0.0,0.0,449.03140710672756,0.0,95.14828447893721,3.6330502021488082,5.5,0.0,0.0,0.0,0.0,0.0,1,6,5,0,0,1
890,159,0.0,19.863246,35.628519000000004,2.1180371226316312,0.9345833333333332,4.08,1.3,0.0,2015-01-01,2017-06-08,866.3072392891598,898.0972066016895,10.466826040254093,0.5233413020127047,9.943484738241388,0.0,0.0,449.3480587550039,0.0,95.13190908787317,3.6244571535340673,5.5,0.0,0.0,0.0,0.0,0.0,1,6,5,0,0,1
891,160,0.0,19.585901999999997,34.553811,2.0219427723997563,1.282543402777778,4.08,1.3,0.0,2015-01-01,2017-06-09,866.7343387671875,898.4909435909583,10.465024464193645,0.5232512232096823,9.941773240983963,0.0,0.0,449.66404487495856,0.0,95.11553474771138,3.6158797707506904,5.5,0.0,0.0,0.0,0.0,0.0,1,6,5,0,0,1
892,161,0.0,20.521938000000002,35.342508,2.1452146762377,0.7399045138888889,4.08,1.3,0.0,2015-01-01,2017-06-10,867.1603990086189,898.8836892210863,10.463223586675982,0.5231611793337991,9.940062407342182,0.0,0.0,449.97936621273715,0.0,95.09916675653338,3.6149748263954335,5.5,0.0,0.0,0.0,0.0,0.0,1,6,5,0,0,1
893,162,0.0,21.382137750000002,36.486552,2.2966492522918287,0.645373263888889,4.08,1.3,0.0,2015-01-01,2017-06-11,867.5861709552869,899.2754455878319,10.461446328632011,0.5230723164316007,9.938374012200411,0.0,0.0,450.2946974463419,0.0,95.08301344033092,3.5987996945050997,5.5,0.0,0.0,0.0,0.0,0.0,1,6,5,0,0,1
894,163,0.0,20.92062,34.259133000000006,2.095515154561649,1.3020052083333333,4.08,1.3,0.0,2015-01-01,2017-06-12,868.0101624255382,899.6662147848403,10.459645195871925,0.5229822597935962,9.936662936078328,0.0,0.0,450.60869402952795,0.0,95.06664312928064,3.590269183957663,5.5,0.0,0.0,0.0,0.0,0.0,1,6,5,0,0,1
895,164,0.0,20.001918,34.779153,2.0670411264651603,1.4336631944444445,4.08,1.3,0.0,2015-01-01,2017-06-13,868.433120973804,900.0559989036321,10.457844273054004,0.5228922136527003,9.934952059401304,0.0,0.0,450.9220280775944,0.0,95.05027472637323,3.5817543226960176,5.5,0.0,0.0,0.0,0.0,0.0,1,6,5,0,0,1
896,165,0.0,20.062587,34.129128,2.025567149752339,1.1804340277777776,4.08,1.3,1.0,2015-01-01,2017-06-14,868.855048704136,900.4448000335881,10.456043583296024,0.5228021791648013,9.933241404131223,0.0,0.0,451.23470034767877,0.0,95.03390844172374,3.573255106096014,5.5,0.0,0.0,0.0,0.0,0.0,1,6,5,0,0,1
897,166,0.0,22.890195749999997,36.113871,2.386499980297488,1.524435763888889,4.08,1.3,0.0,2015-01-01,2017-06-15,869.2759477180136,900.8326202619385,10.454243149539227,0.5227121574769614,9.931530992062266,0.0,0.0,451.5467115996015,0.0,95.01754448384273,3.5647715293609483,5.5,0.0,0.0,0.0,0.0,0.0,1,6,5,0,0,1
898,167,0.0,21.504198,34.649148,2.1664912072787,0.9423177083333332,4.08,1.3,0.0,2015-01-01,2017-06-16,869.6958201143393,901.2194616737481,10.452442994575744,0.5226221497287872,9.929820844846956,0.0,0.0,451.85806259584155,0.0,95.0011830598856,3.5563035875694013,5.5,0.0,0.0,0.0,0.0,0.0,1,6,5,0,0,1
899,168,0.0,19.863246,32.569068,1.906041082359996,1.486232638888889,4.08,1.3,0.0,2015-01-01,2017-06-17,870.1146679894389,901.6053263519068,10.450643141018745,0.5225321570509373,9.928110983967807,0.0,0.0,452.168754101515,0.0,94.9848243753811,3.547851275622552,5.5,0.0,0.0,0.0,0.0,0.0,1,6,5,0,0,1
900,169,0.0,20.166591,33.435768,1.9848207840693537,0.799921875,4.08,1.3,0.0,2015-01-01,2017-06-18,870.5324934370573,901.9902163771135,10.44884361132946,0.5224421805664731,9.926401430762986,0.0,0.0,452.4787868843497,0.0,94.96846863447706,3.5394145882917885,5.5,0.0,0.0,0.0,0.0,0.0,1,6,5,0,0,1
901,170,0.0,23.590056,35.879862,2.424242522127721,0.639140625,4.08,1.3,0.0,2015-01-01,2017-06-19,870.949298548358,902.3741338278667,10.44704442779934,0.5223522213899671,9.924692206409373,0.0,0.0,452.7881617146643,0.0,94.95211603977823,3.5309935201862834,5.5,0.0,0.0,0.0,0.0,0.0,1,6,5,0,0,1
902,171,0.0,24.864105,36.200541,2.5574080473774368,0.7644357638888889,4.08,1.3,0.0,2015-01-01,2017-06-20,871.3650854119204,902.7570807804505,10.445245612567428,0.5222622806283714,9.922983331939056,0.0,0.0,453.0968793653435,0.0,94.93576679250401,3.5225880657835615,5.5,0.0,0.0,0.0,0.0,0.0,1,6,5,0,0,1
903,172,0.0,21.78948675,35.628519000000004,2.2618089641089947,1.4510590277777777,4.08,1.3,0.0,2015-01-01,2017-06-21,871.7798561137379,903.1390593089238,10.443447187602107,0.5221723593801054,9.921274828222002,0.0,0.0,453.4049406118171,0.0,94.91942109232286,3.514198219397522,5.5,0.0,0.0,0.0,0.0,0.0,1,6,5,0,0,1
904,173,0.0,20.703945,33.877784999999996,2.052931058334196,1.4689409722222222,4.08,1.3,0.0,2015-01-01,2017-06-22,872.1936127372148,903.5200714851071,10.441649174721205,0.5220824587360603,9.919566715985145,0.0,0.0,453.7123462320351,0.0,94.90307913753475,3.505823975212875,5.5,0.0,0.0,0.0,0.0,0.0,1,6,5,0,0,1
905,174,0.0,18.306075,31.442358,1.735562697431321,1.7276475694444444,4.08,1.3,0.0,2015-01-01,2017-06-23,872.6063573631661,903.9001193785718,10.439851595577291,0.5219925797788647,9.917859015798427,0.0,0.0,454.01909700644694,0.0,94.88674112493771,3.497465327259315,5.5,0.0,0.0,0.0,0.0,0.0,1,6,5,0,0,1
906,175,0.0,18.259851,33.123756,1.8377641376045315,1.063967013888889,4.08,1.3,0.0,2015-01-01,2017-06-24,873.0180920698141,904.2792050566277,10.438054471665229,0.5219027235832615,9.916151748081967,0.0,0.0,454.3251937179775,0.0,94.87040724989625,3.489122269424471,5.5,0.0,0.0,0.0,0.0,0.0,1,6,5,0,0,1
907,176,0.0,20.981289,33.92112,2.07567120236018,1.0777430555555556,4.08,1.3,1.0,2015-01-01,2017-06-25,873.4288189327855,904.6573305843108,10.436258510321764,0.5218129255160883,9.914445584805677,0.0,0.0,454.63063715200485,0.0,94.85408394132162,3.488188552299347,5.5,0.0,0.0,0.0,0.0,0.0,1,6,5,0,0,1
908,177,0.0,21.605313,33.305763,2.076288836739775,0.9669270833333334,8.19125,1.3,1.0,2015-01-01,2017-06-26,873.8392631368658,905.0344980243735,10.434484642685277,0.5217242321342639,9.912760410551012,0.0,0.0,454.93607887531687,0.0,94.83796144018523,3.472508563290775,5.5,0.0,0.0,0.0,0.0,0.0,1,6,5,0,0,1
909,178,0.0,21.917324999999998,34.805154,2.2089446066599465,0.9965711805555555,12.0,1.3,0.0,2015-01-01,2017-06-27,874.2479836464564,905.4107094372721,10.432688970170414,0.5216344485085207,9.911054521661892,0.0,0.0,455.2402205020817,0.0,94.8216407567442,3.4642121455340753,5.5,0.0,0.0,0.0,0.0,0.0,1,6,5,0,0,1
910,179,0.0,25.158783,37.023906000000004,2.654522912984544,1.0188802083333333,12.0,1.3,0.0,2015-01-01,2017-06-28,874.6557025119803,905.7859668811548,10.430893837487973,0.5215446918743988,9.909349145613575,0.0,0.0,455.54371121461645,0.0,94.80532497978473,3.4559312924467247,5.5,0.0,0.0,0.0,0.0,0.0,1,6,5,0,0,1
911,180,0.0,22.194669,38.713971,2.5441060441418983,1.583654513888889,12.0,1.3,0.0,2015-01-01,2017-06-29,875.06242179872,906.1602724118525,10.429099265345492,0.5214549632672746,9.907644302078218,0.0,0.0,455.84655180791464,0.0,94.78901429751546,3.4476659972030492,5.5,0.0,0.0,0.0,0.0,0.0,1,6,5,0,0,1
912,181,0.0,21.161851499999997,36.547221,2.284256893689388,1.3283333333333334,12.0,1.3,0.0,2015-01-01,2017-06-30,875.46814356935,906.5336280828653,10.427305274309761,0.5213652637154881,9.905940010594273,0.0,0.0,456.1487430793098,0.0,94.7727088968659,3.4394162528629213,5.5,0.0,0.0,0.0,0.0,0.0,1,6,5,0,0,1
913,182,0.0,21.119961,35.056497,2.168201247505828,1.3003819444444444,12.0,1.3,2.0,2015-01-01,2017-07-01,875.8728698839382,906.9060359453538,10.425511884785628,0.5212755942392814,9.904236290546347,0.0,0.0,456.4502858284557,0.0,94.75640896329362,3.4311820523349192,5.5,0.0,0.0,0.0,0.0,0.0,1,6,5,0,0,1
914,183,0.0,22.524015,34.449807,2.227922637246471,1.310277777777778,12.0,1.3,2.0,2015-01-01,2017-07-02,876.2766027999426,907.2774980481265,10.42371911703302,0.5211859558516511,9.902533161181369,0.0,0.0,456.75118085730315,0.0,94.74011468093896,3.4229633884049764,5.5,0.0,0.0,0.0,0.0,0.0,1,6,5,0,0,1
915,184,0.0,24.318084,36.78123,2.560372253451487,1.0722916666666666,12.0,1.3,1.0,2015-01-01,2017-07-03,876.6793443722097,907.6480164376305,10.421926991149816,0.5210963495574908,9.900830641592325,0.0,0.0,457.0514289700788,0.0,94.72382623246955,3.4147602537071564,5.5,0.0,0.0,0.0,0.0,0.0,1,6,5,0,0,1
916,185,0.0,24.552093,36.703227000000005,2.57374820920798,0.6970052083333333,12.0,1.3,0.0,2015-01-01,2017-07-04,877.081096652971,908.0175931579395,10.420135527093429,0.5210067763546715,9.899128750738758,0.0,0.0,457.3510309732618,0.0,94.70754379927625,3.406572640760275,5.5,0.0,0.0,0.0,0.0,0.0,1,6,5,0,0,1
917,186,0.0,24.942107999999998,38.835309,2.798588747304695,0.8606163194444444,12.0,1.3,1.0,2015-01-01,2017-07-05,877.4818616918425,908.3862302507443,10.418344744662923,0.5209172372331462,9.897427507429777,0.0,0.0,457.64998767556403,0.0,94.6912675613107,3.398400541936399,5.5,0.0,0.0,0.0,0.0,0.0,1,6,5,0,0,1
918,187,0.0,24.136076999999997,37.275249,2.587184928057682,0.909184027777778,12.0,1.3,0.0,2015-01-01,2017-07-06,877.8816415358212,908.7539297553417,10.41655466351549,0.5208277331757745,9.895726930339714,0.0,0.0,457.9482998879064,0.0,94.67499769723513,3.3902439494898218,5.5,0.0,0.0,0.0,0.0,0.0,1,6,5,0,0,1
919,188,0.0,23.009367,37.379253000000006,2.500199892052557,1.402421875,12.0,1.3,2.0,2015-01-01,2017-07-07,878.2804382292846,909.1206937086249,10.414765303151317,0.5207382651575658,9.89402703799375,0.0,0.0,458.24596842339884,0.0,94.65873438428473,3.3821028555297166,5.5,0.0,0.0,0.0,0.0,0.0,1,6,5,0,0,1
920,189,0.0,23.7850635,35.793192,2.433093968896564,1.2483854166666668,12.0,1.3,3.0,2015-01-01,2017-07-08,878.6782538139864,909.4865241450725,10.412976682929918,0.520648834146496,9.892327848783422,0.0,0.0,458.5429940973176,0.0,94.64247779841617,3.373977252048509,5.5,0.0,0.0,0.0,0.0,0.0,1,6,5,0,0,1
921,190,0.0,23.122038,36.616557,2.4462457445546293,0.8717361111111112,12.0,1.3,3.0,2015-01-01,2017-07-09,879.0750903290566,909.8514230967389,10.411188822058183,0.5205594411029092,9.890629380955273,0.0,0.0,458.8393777270842,0.0,94.62622811419885,3.365867130901189,5.5,0.0,0.0,0.0,0.0,0.0,1,6,5,0,0,1
922,191,0.0,24.823659,37.56126,2.672427304837369,1.0984895833333335,12.0,1.3,3.0,2015-01-01,2017-07-10,879.4709498109978,910.2153925932444,10.409402415853826,0.5204701207926914,9.888932295061135,0.0,0.0,459.13512013224397,0.0,94.60999165130427,3.364909635959391,5.5,0.0,0.0,0.0,0.0,0.0,1,6,5,0,0,1
923,192,0.0,21.831377249999996,35.619852,2.2643615035706093,1.4458593750000002,12.0,1.3,2.0,2015-01-01,2017-07-11,879.8665323097589,910.5784346617645,10.407636918736811,0.5203818459368406,9.88725507279997,0.0,0.0,459.4308503281176,0.0,94.59394522896145,3.3497170654376602,5.5,0.0,0.0,0.0,0.0,0.0,1,6,5,0,0,1
924,193,0.0,19.9138035,32.751075,1.921478772921093,1.4377951388888885,8.3525,1.3,2.0,2015-01-01,2017-07-12,880.260446707947,910.9405513270215,10.405851411547019,0.520292570577351,9.885558840969669,0.0,0.0,459.7253149658467,0.0,94.57771693711805,3.3416532566179757,5.5,0.0,0.0,0.0,0.0,0.0,1,6,5,0,0,1
925,194,0.0,19.750575,29.58762,1.71071479089207,0.9123003472222222,3.87875,1.3,3.0,2015-01-01,2017-07-13,880.6533901560538,911.3017446112731,10.404066739247948,0.5202033369623974,9.88386340228555,0.0,0.0,460.0191408433238,0.0,94.56149623351088,3.333604896658221,5.5,0.0,0.0,0.0,0.0,0.0,1,6,5,0,0,1
926,195,0.0,21.119961,31.555029,1.9221524444949007,0.7443489583333334,2.64,1.3,2.0,2015-01-01,2017-07-14,881.0453646801024,911.6620165343049,10.4022829203141,0.520114146015705,9.882168774298394,0.0,0.0,460.31232878840046,0.0,94.54528328605276,3.325571976772956,5.5,0.0,0.0,0.0,0.0,0.0,1,6,5,0,0,1
927,196,0.0,23.226042,33.964455,2.244396878481558,0.6234461805555556,6.60125,1.3,1.0,2015-01-01,2017-07-15,881.436372303476,912.0213691134186,10.400499973090412,0.5200249986545207,9.880474974435892,0.0,0.0,460.6048796309452,0.0,94.52907826147892,3.3175544880764725,5.5,0.0,0.0,0.0,0.0,0.0,1,6,5,0,0,1
928,197,0.0,23.174039999999998,35.611185,2.3689471199762915,0.7694878472222223,10.56,1.3,1.0,2015-01-01,2017-07-16,881.8264150469203,912.3798043634245,10.398717915770833,0.5199358957885417,9.87878201998229,0.0,0.0,460.8967942028241,0.0,94.51288132515232,3.3095524215463166,5.5,0.0,0.0,0.0,0.0,0.0,1,6,5,0,0,1
929,198,0.0,24.023405999999998,36.001200000000004,2.4698593788377927,0.684140625,10.56,1.3,1.0,2015-01-01,2017-07-17,882.2154949285379,912.7373242966314,10.39693676640628,0.5198468383203141,9.877089928085967,0.0,0.0,461.1880733378789,0.0,94.4966926411359,3.301565768036175,5.5,0.0,0.0,0.0,0.0,0.0,1,6,5,0,0,1
930,199,0.0,24.465423,35.715189,2.48282298145345,0.7131857638888889,10.56,1.3,0.0,2015-01-01,2017-07-18,882.603613963787,913.093930922837,10.395156542916876,0.5197578271458438,9.875398715771032,0.0,0.0,461.478717871906,0.0,94.4805123723038,3.2935945182970885,5.5,0.0,0.0,0.0,0.0,0.0,1,6,5,0,0,1
931,200,0.0,24.231414,35.74119,2.4655512914195894,0.6724652777777778,10.56,1.3,0.0,2015-01-01,2017-07-19,882.9907741654814,913.4496262493203,10.39337726307131,0.5196688631535655,9.873708399917744,0.0,0.0,461.76872864263726,0.0,94.46434068015382,3.285638662941295,5.5,0.0,0.0,0.0,0.0,0.0,1,6,5,0,0,1
932,201,0.0,25.236786,36.43455,2.6097151178710325,0.7586631944444444,10.56,1.3,0.0,2015-01-01,2017-07-20,883.3769775437854,913.8044122808312,10.391598944503414,0.5195799472251708,9.872018997278243,0.0,0.0,462.05810648971766,0.0,94.44817772495806,3.2776981924702975,5.5,0.0,0.0,0.0,0.0,0.0,1,6,5,0,0,1
933,202,0.0,24.448089,37.777935,2.658350759112384,0.7543315972222222,10.56,1.3,0.0,2015-01-01,2017-07-21,883.7622261062132,914.1582910195818,10.389821604707478,0.5194910802353739,9.870330524472104,0.0,0.0,462.34685225468553,0.0,94.43202366572035,3.2697730972672367,5.5,0.0,0.0,0.0,0.0,0.0,1,6,5,0,0,1
934,203,0.0,24.768767999999998,37.552593,2.6667889256925537,0.8336631944444445,10.56,1.3,0.0,2015-01-01,2017-07-22,884.1465218576274,914.5112644652384,10.388045261043253,0.5194022630521626,9.86864299799109,0.0,0.0,462.6349667809519,0.0,94.41587866022164,3.2618633676042537,5.5,0.0,0.0,0.0,0.0,0.0,1,6,5,0,0,1
935,204,0.0,24.638763,36.425883000000006,2.5574080473774377,0.91390625,10.56,1.3,0.0,2015-01-01,2017-07-23,884.5298668002358,914.8633346149122,10.386269930725039,0.5193134965362519,9.866956434188786,0.0,0.0,462.92245091378084,0.0,94.39974286492097,3.253968993624026,5.5,0.0,0.0,0.0,0.0,0.0,1,6,5,0,0,1
936,205,0.0,25.09594725,37.7346,2.712252076804804,1.0034895833333333,10.56,1.3,0.0,2015-01-01,2017-07-24,884.9122629335902,915.214503463151,10.384495630837225,0.5192247815418612,9.865270849295364,0.0,0.0,463.20930550026765,0.0,94.38361643509661,3.2460899653659108,5.5,0.0,0.0,0.0,0.0,0.0,1,6,5,0,0,1
937,206,0.0,23.685392999999998,37.049907000000005,2.5293966952703903,1.376310763888889,10.56,1.3,0.0,2015-01-01,2017-07-25,885.2937122545837,915.5647730019305,10.38272293824805,0.5191361469124026,9.863586791335647,0.0,0.0,463.49553138932004,0.0,94.3675046138448,3.2451133184359415,5.5,0.0,0.0,0.0,0.0,0.0,1,6,5,0,0,1
938,207,0.0,23.44488375,37.708599,2.5650098107144514,0.9864930555555556,10.56,1.3,0.0,2015-01-01,2017-07-26,885.6748903097733,915.9141452206459,10.380970247662614,0.5190485123831307,9.861921735279482,0.0,0.0,463.7817356119044,0.0,94.3515745887549,3.230399900715109,5.5,0.0,0.0,0.0,0.0,0.0,1,6,5,0,0,1
939,208,0.0,23.425382999999997,37.526592,2.547794991534196,0.790390625,10.56,1.3,1.0,2015-01-01,2017-07-27,886.0544546524554,916.2626221061037,10.379199105286935,0.5189599552643468,9.860239150022588,0.0,0.0,464.0667087181866,0.0,94.33547685723468,3.2225667711585086,5.5,0.0,0.0,0.0,0.0,0.0,1,6,5,0,0,1
940,209,0.0,23.486051999999997,38.211285,2.6119774968949128,1.0731163194444444,10.56,1.3,0.0,2015-01-01,2017-07-28,886.4330781477237,916.6102056425138,10.37742906045668,0.5188714530228341,9.858557607433847,0.0,0.0,464.351055678123,0.0,94.31938910119236,3.2147489466450123,5.5,0.0,0.0,0.0,0.0,0.0,1,6,5,0,0,1
941,210,0.0,26.736176999999998,39.303327,3.014584190801954,0.844861111111111,10.56,1.3,0.0,2015-01-01,2017-07-29,886.8107627818603,916.956897811481,10.375660129582343,0.5187830064791172,9.856877123103226,0.0,0.0,464.63477734768867,0.0,94.30331146978114,3.2069464166507324,5.5,0.0,0.0,0.0,0.0,0.0,1,6,5,0,0,1
942,211,0.0,25.836253499999998,37.049907000000005,2.7172581469137795,0.8078645833333334,10.56,1.3,3.0,2015-01-01,2017-07-30,887.187510538479,917.3027005919971,10.373892328932971,0.5186946164466486,9.855197712486323,0.0,0.0,464.9178745845712,0.0,94.28724411086887,3.1991591705269715,5.5,0.0,0.0,0.0,0.0,0.0,1,6,5,0,0,1
943,212,0.0,24.283416,35.758524,2.4712968633746346,0.9793402777777778,10.56,1.3,1.0,2015-01-01,2017-07-31,887.5633233985228,917.6476159604326,10.372125674655676,0.518606283732784,9.853519390922893,0.0,0.0,465.20034824814934,0.0,94.27118717121483,3.191387197533277,5.5,0.0,0.0,0.0,0.0,0.0,1,6,5,0,0,1
944,213,0.0,22.006884,35.290506,2.252563194422307,1.057699652777778,10.56,1.3,0.0,2015-01-01,2017-08-01,887.9382033402618,917.9916458905302,10.37036018275703,0.5185180091378515,9.851842173619179,0.0,0.0,465.48219919947485,0.0,94.25514079630123,3.1836304868051295,5.5,0.0,0.0,0.0,0.0,0.0,1,6,5,0,0,1
945,214,0.0,21.674649,33.929787,2.12622175658664,0.9276302083333334,10.56,1.3,0.0,2015-01-01,2017-08-02,888.3121523392916,918.3347923533954,10.36859586911434,0.5184297934557172,9.850166075658624,0.0,0.0,465.7634283012517,0.0,94.23910513043528,3.1758890273729277,5.5,0.0,0.0,0.0,0.0,0.0,1,6,5,0,0,1
946,215,0.0,22.272672,34.683816,2.226609261610815,0.691423611111111,10.56,1.3,0.0,2015-01-01,2017-08-03,888.6851723685305,918.6770573174895,10.366832749483123,0.5183416374741562,9.848491112008967,0.0,0.0,466.0440364178168,0.0,94.22308031681717,3.168162808174559,5.5,0.0,0.0,0.0,0.0,0.0,1,6,5,0,0,1
947,216,0.0,23.590056,35.351175000000005,2.381448497510553,0.5807378472222222,10.56,1.3,0.0,2015-01-01,2017-08-04,889.057265398219,919.0184427486226,10.365070839480461,0.5182535419740232,9.846817297506439,0.0,0.0,466.3240244151216,0.0,94.20706649738906,3.1604518180267083,5.5,0.0,0.0,0.0,0.0,0.0,1,6,5,0,0,1
948,217,0.0,23.792285999999997,35.957865000000005,2.4471960066501697,0.7913194444444445,10.56,1.3,0.0,2015-01-01,2017-08-05,889.4284333959166,919.3589506099461,10.363310154591687,0.5181655077295844,9.845144646862103,0.0,0.0,466.60339316071156,0.0,94.19106381289546,3.1527560456360293,5.5,0.0,0.0,0.0,0.0,0.0,1,6,5,0,0,1
949,218,0.0,22.966032,36.027201000000005,2.385628369909983,0.9943315972222222,10.56,1.3,0.0,2015-01-01,2017-08-06,889.7986783265001,919.6985828619436,10.361550710190704,0.5180775355095352,9.843473174681169,0.0,0.0,466.88214352370653,0.0,94.17507240306831,3.145075479632772,5.5,0.0,0.0,0.0,0.0,0.0,1,6,5,0,0,1
950,219,0.0,23.304045000000002,35.455179,2.366869122938513,0.5546354166666667,10.56,1.3,0.0,2015-01-01,2017-08-07,890.1680021521626,920.0373414624266,10.359792521501415,0.5179896260750708,9.841802895426344,0.0,0.0,467.1602763747837,0.0,94.15909240627602,3.1374101085059545,5.5,0.0,0.0,0.0,0.0,0.0,1,6,5,0,0,1
951,220,0.0,23.373381,36.417215999999996,2.450524455132137,0.5767361111111111,10.56,1.3,0.0,2015-01-01,2017-08-08,890.53640683241,920.3752283665244,10.358035603638552,0.5179017801819276,9.840133823456624,0.0,0.0,467.4377925861555,0.0,94.14312395989482,3.1297599206714564,5.5,0.0,0.0,0.0,0.0,0.0,1,6,5,0,0,1
952,221,0.0,23.096037,36.495219,2.4341580309360475,0.976640625,10.56,1.3,0.0,2015-01-01,2017-08-09,890.9038943240605,920.712245526679,10.35628033382698,0.5178140166913491,9.838466317135632,0.0,0.0,467.71469303155305,0.0,94.12717049248296,3.128768396039278,5.5,0.0,0.0,0.0,0.0,0.0,1,6,5,0,0,1
953,222,0.0,22.922697,34.259133000000006,2.2437358767362183,1.2679947916666665,10.56,1.3,1.0,2015-01-01,2017-08-10,891.2711163079398,921.0483948926374,10.354544382564892,0.5177272191282446,9.836817163436647,0.0,0.0,467.9915633295915,0.0,94.11139260938728,3.1145254000565195,5.5,0.0,0.0,0.0,0.0,0.0,1,6,5,0,0,1
954,223,0.0,22.252449,33.713112,2.152640650585448,0.8504600694444444,10.56,1.3,1.0,2015-01-01,2017-08-11,891.6367777470069,921.3836784114442,10.352791334627536,0.5176395667313768,9.835151767896159,0.0,0.0,468.26723678198005,0.0,94.0954593363624,3.106920620404647,5.5,0.0,0.0,0.0,0.0,0.0,1,6,5,0,0,1
955,224,0.0,21.891323999999997,34.302468,2.1694845495759134,0.654296875,10.56,1.3,1.0,2015-01-01,2017-08-12,892.0015278428564,921.7180980274354,10.35103961682767,0.5175519808413835,9.833487635986286,0.0,0.0,468.54229709267076,0.0,94.07953815282083,3.0993309769465447,5.5,0.0,0.0,0.0,0.0,0.0,1,6,5,0,0,1
956,225,0.0,23.962736999999997,35.273171999999995,2.4052190230867363,0.896388888888889,7.237083333333334,1.3,1.0,2015-01-01,2017-08-13,892.365368541574,922.0516556822322,10.34928924364224,0.517464462182112,9.831824781460128,0.0,0.0,468.8167451412962,0.0,94.06362919034207,3.091756457573774,5.5,0.0,0.0,0.0,0.0,0.0,1,6,5,0,0,1
957,226,0.0,24.942107999999998,37.093242,2.6415440764499265,0.744982638888889,3.6,1.3,1.0,2015-01-01,2017-08-14,892.728301786546,922.3843533147328,10.347540229433651,0.5173770114716827,9.83016321796197,0.0,0.0,469.09058180891225,0.0,94.04773257946454,3.0841970500936924,5.5,0.0,0.0,0.0,0.0,0.0,1,6,5,0,0,1
958,227,0.0,23.31849,35.853861,2.400074646923746,0.8415711805555556,3.6,1.3,0.0,2015-01-01,2017-08-15,893.0903295184605,922.716192861107,10.345792588438819,0.517289629421941,9.828502959016879,0.0,0.0,469.3638079779799,0.0,94.03184844958605,3.0766527422111443,5.5,0.0,0.0,0.0,0.0,0.0,1,6,5,0,0,1
959,228,0.0,22.645353,35.845194,2.3454892600304644,1.0993663194444445,3.6,1.3,0.0,2015-01-01,2017-08-16,893.4514536753035,923.0471762547893,10.344046334772989,0.5172023167386496,9.82684401803434,0.0,0.0,469.6364245323465,0.0,94.01597692899873,3.069123521534394,5.5,0.0,0.0,0.0,0.0,0.0,1,6,5,0,0,1
960,229,0.0,22.229336999999997,34.978494000000005,2.2457193909842967,0.9832899305555556,3.6,1.3,3.0,2015-01-01,2017-08-17,893.8116761923578,923.3773054264725,10.342301482432825,0.5171150741216414,9.825186408311184,0.0,0.0,469.90843235722775,0.0,94.00011814491674,3.061609375580396,5.5,0.0,0.0,0.0,0.0,0.0,1,6,5,0,0,1
961,230,0.0,23.0859255,36.668559,2.4475524377764275,1.064262152777778,3.6,1.3,1.0,2015-01-01,2017-08-18,894.1709990022014,923.7065823041019,10.340558045291225,0.5170279022645613,9.823530143026664,0.0,0.0,470.17983233918915,0.0,93.98427222342944,3.054110291765306,5.5,0.0,0.0,0.0,0.0,0.0,1,6,5,0,0,1
962,231,0.0,22.65402,35.42917800000001,2.313395449444483,0.8383333333333334,3.6,1.3,0.0,2015-01-01,2017-08-19,894.5294240347051,924.0350088128682,10.338816037102887,0.5169408018551443,9.821875235247743,0.0,0.0,470.4506253661277,0.0,93.96843928955187,3.0466262574139367,5.5,0.0,0.0,0.0,0.0,0.0,1,6,5,0,0,1
963,232,0.0,23.182707,34.545144,2.285711788277571,0.9067361111111112,3.6,1.3,0.0,2015-01-01,2017-08-20,894.8869532170319,924.3625868752022,10.33707547150252,0.516853773575126,9.820221697927392,0.0,0.0,470.72081232725395,0.0,93.95261946720848,3.0391572597558865,5.5,0.0,0.0,0.0,0.0,0.0,1,6,5,0,0,1
964,233,0.0,25.375458,35.342508,2.527929839378328,1.1001388888888888,3.6,1.3,0.0,2015-01-01,2017-08-21,895.2435884736333,924.6893184107678,10.335336362004604,0.5167668181002302,9.818569543904374,0.0,0.0,470.9903941130734,0.0,93.93681287923111,3.0317032859256967,5.5,0.0,0.0,0.0,0.0,0.0,1,6,5,0,0,1
965,234,0.0,25.132782,35.74119,2.5411582337363128,1.0411892361111112,3.6,1.3,0.0,2015-01-01,2017-08-22,895.5993317262495,925.0152053364566,10.333598722011976,0.5166799361005988,9.816918785911376,0.0,0.0,471.25937161536876,0.0,93.92101964743658,3.0242643229763484,5.5,0.0,0.0,0.0,0.0,0.0,1,6,5,0,0,1
966,235,0.0,25.124115,36.642558,2.6180188516807275,1.0676909722222223,3.6,1.3,0.0,2015-01-01,2017-08-23,895.9541848939064,925.3402495663825,10.331862564804336,0.5165931282402169,9.815269436564119,0.0,0.0,471.5277457271827,0.0,93.90523989252291,3.0168403578593823,5.5,0.0,0.0,0.0,0.0,0.0,1,6,5,0,0,1
967,236,0.0,24.430754999999998,36.599223,2.5544468280162813,0.896232638888889,3.6,1.3,0.0,2015-01-01,2017-08-24,896.3081498929154,925.6644530118749,10.330128007892135,0.5165064003946068,9.813621607497529,0.0,0.0,471.79551734279903,0.0,93.88947468253046,3.015837895372309,5.5,0.0,0.0,0.0,0.0,0.0,1,6,5,0,0,1
968,237,0.0,22.238004,35.784525,2.308648399232316,0.8773524305555556,3.6,1.3,1.0,2015-01-01,2017-08-25,896.6618551795482,925.9878175814736,10.328412264180331,0.5164206132090167,9.811991650971315,0.0,0.0,472.06325124313696,0.0,93.87388046378815,3.0020561942294615,5.5,0.0,0.0,0.0,0.0,0.0,1,6,5,0,0,1
969,238,0.0,20.933620500000004,33.002418,2.007801695554225,0.6701128472222222,3.6,1.3,0.0,2015-01-01,2017-08-26,897.0140518574025,926.3103451809225,10.32668060462626,0.516334030231313,9.810346574394947,0.0,0.0,472.32982232893266,0.0,93.85814158758676,2.9946770782274625,5.5,0.0,0.0,0.0,0.0,0.0,1,6,5,0,0,1
970,239,0.0,20.22726,32.36106,1.916384798264356,0.9124826388888888,3.6,1.3,0.0,2015-01-01,2017-08-27,897.365366091066,926.6320377131647,10.324950479941666,0.5162475239970833,9.808702955944582,0.0,0.0,472.5957936032578,0.0,93.8424166616567,2.987312907242824,5.5,0.0,0.0,0.0,0.0,0.0,1,6,5,0,0,1
971,240,0.0,20.755947,32.300391000000005,1.9477104084015533,1.345859375,3.6,1.3,0.0,2015-01-01,2017-08-28,897.7157997860062,926.9528970783367,10.323221902826017,0.5161610951413008,9.807060807684715,0.0,0.0,472.86116596520316,0.0,93.82670580142221,2.9799636677770986,5.5,0.0,0.0,0.0,0.0,0.0,1,6,5,0,0,1
972,241,0.0,21.87399,33.730446,2.12622175658664,0.9073958333333332,3.6,1.3,0.0,2015-01-01,2017-08-29,898.0653548449653,927.272925173763,10.321494885872296,0.5160747442936148,9.805420141578681,0.0,0.0,473.1259403150128,0.0,93.81100912133954,2.9726293462568805,5.5,0.0,0.0,0.0,0.0,0.0,1,6,5,0,0,1
973,242,0.0,22.610685,36.443217,2.390512960649438,0.7874131944444445,3.6,1.3,0.0,2015-01-01,2017-08-30,898.4140331679605,927.5921238939511,10.319769441552895,0.5159884720776448,9.80378096947525,0.0,0.0,473.3901175540671,0.0,93.79532673476909,2.965309929009865,5.5,0.0,0.0,0.0,0.0,0.0,1,6,5,0,0,1
974,243,0.0,23.3892705,36.529887,2.461130352754354,0.7486111111111111,3.6,1.3,0.0,2015-01-01,2017-08-31,898.7618366522818,927.9104951305853,10.318045582236955,0.5159022791118478,9.802143303125108,0.0,0.0,473.6536985848645,0.0,93.7796587541326,2.958005402293641,5.5,0.0,0.0,0.0,0.0,0.0,1,6,5,0,0,1
975,244,0.0,23.130705,36.035868,2.399607451789921,0.609357638888889,3.6,1.3,0.0,2015-01-01,2017-09-01,899.1087671924905,928.228040772523,10.316323320169996,0.5158161660084998,9.800507154161496,0.0,0.0,473.9166843110057,0.0,93.76400529072835,2.9507157522614595,5.5,0.0,0.0,0.0,0.0,0.0,1,6,5,0,0,1
976,245,0.0,23.347379999999998,34.978494000000005,2.3324687761763987,0.8389756944444444,3.6,1.3,0.0,2015-01-01,2017-09-02,899.4548266804165,928.5447627057874,10.314602667498663,0.5157301333749332,9.79887253412373,0.0,0.0,474.1790756371747,0.0,93.74836645495603,2.943440965003018,5.5,0.0,0.0,0.0,0.0,0.0,1,6,5,0,0,1
977,246,0.0,23.676726,35.879862,2.431321432054535,1.015954861111111,3.6,1.3,1.0,2015-01-01,2017-09-03,899.8000170051589,928.8606628135651,10.312883636251719,0.515644181812586,9.797239454439133,0.0,0.0,474.4408734691236,0.0,93.73274235614377,2.93618102651258,5.5,0.0,0.0,0.0,0.0,0.0,1,6,5,0,0,1
978,247,0.0,22.668465,35.290506,2.303684401635542,1.0669184027777776,3.6,1.3,0.0,2015-01-01,2017-09-04,900.1443400530826,929.1757429761992,10.311166238346445,0.5155583119173223,9.795607926429122,0.0,0.0,474.70207871365454,0.0,93.71713310260658,2.928935922699471,5.5,0.0,0.0,0.0,0.0,0.0,1,6,5,0,0,1
979,248,0.0,22.30734,35.212503000000005,2.269640997065313,0.6868402777777778,3.6,1.3,0.0,2015-01-01,2017-09-05,900.4877977078177,929.4900050711849,10.309450485598196,0.51547252427991,9.793977961318287,0.0,0.0,474.96269227860273,0.0,93.70153880173297,2.9217056394035397,5.5,0.0,0.0,0.0,0.0,0.0,1,6,5,0,0,1
980,249,0.0,23.659392,35.74119,2.4185923208614777,0.8592274305555556,3.6,1.3,0.0,2015-01-01,2017-09-06,900.8303918502578,929.8034509731654,10.307736389704274,0.5153868194852137,9.792349570219061,0.0,0.0,475.2227150728204,0.0,93.68595955983851,2.9144901623680783,5.5,0.0,0.0,0.0,0.0,0.0,1,6,5,0,0,1
981,250,0.0,23.902068,35.793192,2.442685122068108,0.7729253472222222,3.6,1.3,0.0,2015-01-01,2017-09-07,901.1721243585584,930.1160825539259,10.30602396226299,0.5153011981131496,9.79072276414984,0.0,0.0,475.48214800615915,0.0,93.67039548233902,2.9072894772710027,5.5,0.0,0.0,0.0,0.0,0.0,1,6,5,0,0,1
982,251,0.0,20.339931,34.415139,2.065195900454756,1.175685763888889,3.6,1.3,1.0,2015-01-01,2017-09-08,901.5129971081359,930.4279016823905,10.304313214752632,0.5152156607376316,9.789097554015001,0.0,0.0,475.74099198945413,0.0,93.65484667355958,2.9001035696901156,5.5,0.0,0.0,0.0,0.0,0.0,1,6,5,0,0,1
983,252,0.0,19.923915,33.331764,1.9611878683408013,0.7078125,3.6,1.3,0.0,2015-01-01,2017-09-09,901.8530119716643,930.7389102246157,10.302604759644755,0.5151302379822378,9.787474521662517,0.0,0.0,475.9992479345061,0.0,93.6393187001913,2.89909461041018,5.5,0.0,0.0,0.0,0.0,0.0,1,6,5,0,0,1
984,253,0.0,21.674649,34.822488,2.192049744774626,0.6377604166666667,3.6,1.3,0.0,2015-01-01,2017-09-10,902.1927734831978,931.0491100437882,10.30091309561132,0.515045654780566,9.785867440830753,0.0,0.0,476.2574591348872,0.0,93.62394333917766,2.885793346261645,5.5,0.0,0.0,0.0,0.0,0.0,1,6,5,0,0,1
985,254,0.0,22.61429625,35.281839000000005,2.2987859550980683,0.8664583333333334,3.6,1.3,1.0,2015-01-01,2017-09-11,902.5310802753738,931.3585030002184,10.299207429179383,0.5149603714589692,9.784247057720414,0.0,0.0,476.514543381324,0.0,93.60844071179919,2.878651624556067,5.5,0.0,0.0,0.0,0.0,0.0,1,6,5,0,0,1
986,255,0.0,21.21313125,33.045753,2.030257022205261,0.7858072916666666,3.6,1.3,1.0,2015-01-01,2017-09-12,902.8685347756416,931.6670909513368,10.297503487669294,0.5148751743834649,9.78262831328583,0.0,0.0,476.7710423255924,0.0,93.59295376205863,2.8715246221878377,5.5,0.0,0.0,0.0,0.0,0.0,1,6,5,0,0,1
987,256,0.0,20.790615,33.349098000000005,2.0219427723997563,0.665407986111111,3.6,1.3,0.0,2015-01-01,2017-09-13,903.2051388457295,931.9748757516902,10.29580128203434,0.514790064101717,9.781011217932623,0.0,0.0,477.02695688321194,0.0,93.57748258950922,2.864412324353105,5.5,0.0,0.0,0.0,0.0,0.0,1,6,5,0,0,1
988,257,0.0,20.348598000000003,33.453102,1.9985218830730336,0.7987847222222223,3.6,1.3,0.0,2015-01-01,2017-09-14,903.540894344617,932.2818592529368,10.294100823130488,0.5147050411565245,9.779395781973964,0.0,0.0,477.28228797058665,0.0,93.56202729281979,2.857314716183181,5.5,0.0,0.0,0.0,0.0,0.0,1,6,5,0,0,1
989,258,0.0,19.455897,32.387061,1.8674031783604648,0.5314496527777778,3.6,1.3,0.0,2015-01-01,2017-09-15,903.8758031285354,932.5880433038428,10.292402121697123,0.5146201060848562,9.777782015612267,0.0,0.0,477.5370365049898,0.0,93.54658796959943,2.8502317827124957,5.5,0.0,0.0,0.0,0.0,0.0,1,6,5,0,0,1
990,259,0.0,17.961561749999998,33.591774,1.8486674814408293,0.927578125,3.6,1.3,0.0,2015-01-01,2017-09-16,904.2098670509632,932.8934297502769,10.290705188386386,0.5145352594193193,9.776169928967066,0.0,0.0,477.79120340454597,0.0,93.53116471666449,2.8431635089277365,5.5,0.0,0.0,0.0,0.0,0.0,1,6,5,0,0,1
991,260,0.0,17.653161,30.948339,1.6668728184260513,0.9355381944444444,3.6,1.3,0.0,2015-01-01,2017-09-17,904.5430879626282,933.198020435208,10.289010033736181,0.5144505016868091,9.774559532049372,0.0,0.0,478.0447895882172,0.0,93.5157576297928,2.8361098797218474,5.5,0.0,0.0,0.0,0.0,0.0,1,6,5,0,0,1
992,261,0.0,16.855797,30.159642,1.5758018462404153,0.5181163194444445,3.6,1.3,0.0,2015-01-01,2017-09-18,904.8754677115039,933.5018171987001,10.287316668189444,0.5143658334094722,9.772950834779971,0.0,0.0,478.2977959757858,0.0,93.5003668038991,2.8290708799263347,5.5,0.0,0.0,0.0,0.0,0.0,1,6,5,0,0,1
993,262,0.0,16.838463,31.40769,1.646078775653909,0.649453125,3.6,1.3,0.0,2015-01-01,2017-09-19,905.2070081428102,933.8048218779093,10.285625102080859,0.514281255104043,9.771343846976816,0.0,0.0,478.5502234878393,0.0,93.48499233291439,2.8220464942881383,5.5,0.0,0.0,0.0,0.0,0.0,1,6,5,0,0,1
994,263,0.0,17.341149,32.465064000000005,1.739087603766044,0.7126215277777778,3.6,1.3,0.0,2015-01-01,2017-09-20,905.5377110990094,934.1070363070785,10.283935345655662,0.5141967672827831,9.769738578372879,0.0,0.0,478.80207304575345,0.0,93.46963430995646,2.8150367075018803,5.5,0.0,0.0,0.0,0.0,0.0,1,6,5,0,0,1
995,264,0.0,16.647789,32.213721,1.6822330222742206,0.8443229166666666,3.6,1.3,0.0,2015-01-01,2017-09-21,905.8675784198077,934.4084623175361,10.282247409041604,0.5141123704520802,9.768135038589524,0.0,0.0,479.05334557167896,0.0,93.45429282707555,2.808041504161807,5.5,0.0,0.0,0.0,0.0,0.0,1,6,5,0,0,1
996,265,0.0,17.687829,31.92771,1.7274790838879006,0.8468315972222222,3.6,1.3,0.0,2015-01-01,2017-09-22,906.1966119421519,934.7091017376897,10.280561302285793,0.5140280651142897,9.766533237171503,0.0,0.0,479.3040419885227,0.0,93.43896797558862,2.8010608688228062,5.5,0.0,0.0,0.0,0.0,0.0,1,6,5,0,0,1
997,266,0.0,20.695278,32.950416000000004,1.9877922936104733,0.9938194444444444,3.6,1.3,0.0,2015-01-01,2017-09-23,906.52481350023,935.0089563930244,10.278877035320294,0.5139438517660148,9.764933183554279,0.0,0.0,479.5541632199351,0.0,93.42365984576729,2.794094785943916,5.5,0.0,0.0,0.0,0.0,0.0,1,6,5,0,0,1
998,267,0.0,20.435268,32.508399,1.940128514691117,1.398237847222222,3.6,1.3,0.0,2015-01-01,2017-09-24,906.8521849254684,935.3080281060982,10.277194849818732,0.5138597424909367,9.763335107327796,0.0,0.0,479.8037101902927,0.0,93.40837063415833,2.793081985439939,5.5,0.0,0.0,0.0,0.0,0.0,1,6,5,0,0,1
999,268,0.0,18.34579875,31.087010999999997,1.7164178180434329,0.9477430555555555,3.6,1.3,1.0,2015-01-01,2017-09-25,907.1793088465829,935.6063186965393,10.275529282296146,0.5137764641148074,9.761752818181339,0.0,0.0,480.0532065383506,0.0,93.39323246165704,2.780222223530771,5.5,0.0,0.0,0.0,0.0,0.0,1,6,5,0,0,1
1000,269,0.0,16.665123,29.483616,1.5278984768381727,0.8402604166666668,3.6,1.3,1.0,2015-01-01,2017-09-26,907.5050274233399,935.9038299810422,10.273850569042022,0.5136925284521012,9.760158040589921,0.0,0.0,480.301609282394,0.0,93.37797480894919,2.77329964964849,5.5,0.0,0.0,0.0,0.0,0.0,1,6,5,0,0,1
