date,t_min,t_max,t_mean,rh_mean,wind_mean,rad_sum,rain_sum,t_range,cluster_index,context_id,context_name
2015-01-01,1.39,11.07,6.964305555555556,44.013888888888886,0.6036805555555556,54306.8199,2.64,9.68,0,C00,cluster_00_mild_normal_humidity_normal_wind
2015-01-02,3.6,11.75,7.366631944444445,63.93229166666666,0.7432986111111111,64931.1777,2.64,8.15,0,C00,cluster_00_mild_normal_humidity_normal_wind
2015-01-03,3.25,10.11,6.349392361111111,53.18055555555556,0.7726909722222222,59551.1112,2.64,6.859999999999999,0,C00,cluster_00_mild_normal_humidity_normal_wind
2015-01-04,0.1575,8.77,4.337065972222223,62.802083333333336,0.9574826388888888,36747.0129,2.962916666666666,8.612499999999999,11,C11,cluster_11_mild_normal_humidity_normal_wind
2015-01-05,-0.59,8.62,3.452118055555556,58.333333333333336,1.1125694444444445,72148.4986,3.84,9.21,0,C00,cluster_00_mild_normal_humidity_normal_wind
2015-01-06,0.19,12.99,6.601371527777777,47.14409722222222,2.454461805555556,71062.1011,3.84,12.8,7,C07,cluster_07_mild_normal_humidity_normal_wind
2015-01-07,5.6575,12.94,9.211927083333332,52.99652777777778,3.875538194444444,53173.4162,3.4058333333333333,7.2825,7,C07,cluster_07_mild_normal_humidity_normal_wind
2015-01-08,-5.04,5.63,1.1382465277777778,72.73784722222223,1.7399131944444446,38713.7391,11.243333333333332,10.67,4,C04,cluster_04_cold_normal_humidity_normal_wind
2015-01-09,-8.34,2.24,-3.031579861111111,68.76909722222223,1.3357638888888888,41896.1217,10.08,10.58,4,C04,cluster_04_cold_normal_humidity_normal_wind
2015-01-10,-5.4,2.38,-2.01921875,74.65451388888889,0.8936284722222223,31305.3625,10.08,7.78,11,C11,cluster_11_mild_normal_humidity_normal_wind
2015-01-11,-5.5533,2.55,-1.3200173611111112,62.76909722222222,0.8549131944444445,22873.6452,10.08,8.1033,11,C11,cluster_11_mild_normal_humidity_normal_wind
2015-01-12,-7.73,6.45,-0.5032986111111111,54.060763888888886,1.253298611111111,73335.6892,10.08,14.18,4,C04,cluster_04_cold_normal_humidity_normal_wind
2015-01-13,-3.17,10.88,3.447430555555556,40.30555555555556,0.4343923611111111,73335.6892,10.08,14.05,4,C04,cluster_04_cold_normal_humidity_normal_wind
2015-01-14,-0.59,10.56,4.375381944444444,45.536458333333336,1.2476215277777778,70356.9194,10.08,11.15,4,C04,cluster_04_cold_normal_humidity_normal_wind
2015-01-15,1.32,9.01,4.473107638888889,45.61979166666666,2.708784722222222,68915.5683,9.3425,7.689999999999999,7,C07,cluster_07_mild_normal_humidity_normal_wind
2015-01-16,1.8,9.83,5.142378472222223,54.21006944444444,1.4120833333333334,64350.4214,5.574999999999999,8.03,0,C00,cluster_00_mild_normal_humidity_normal_wind
2015-01-17,-0.425,8.78,3.8258506944444446,61.35416666666666,1.0037326388888888,51517.5916,4.324999999999999,9.205,0,C00,cluster_00_mild_normal_humidity_normal_wind
2015-01-18,-3.7292,5.99,1.2597395833333334,70.65277777777777,1.61296875,63649.2807,3.2491666666666665,9.7192,0,C00,cluster_00_mild_normal_humidity_normal_wind
2015-01-19,-4.63,5.72,-0.2812326388888889,64.55729166666667,1.7977951388888889,71843.1084,3.36,10.35,0,C00,cluster_00_mild_normal_humidity_normal_wind
2015-01-20,-4.37,6.47,0.7984895833333333,47.40798611111112,0.5011979166666667,47891.2606,3.36,10.84,0,C00,cluster_00_mild_normal_humidity_normal_wind
2015-01-21,-3.55,9.92,2.5684722222222223,43.91666666666666,1.0675,62690.1209,3.36,13.47,0,C00,cluster_00_mild_normal_humidity_normal_wind
2015-01-22,0.06,8.95,4.506145833333333,47.29861111111112,1.1996701388888888,24171.3539,3.36,8.889999999999999,11,C11,cluster_11_mild_normal_humidity_normal_wind
2015-01-23,-2.63,7.28,1.734861111111111,63.29861111111112,1.9975347222222224,67956.2577,3.36,9.91,0,C00,cluster_00_mild_normal_humidity_normal_wind
2015-01-24,-3.16,5.45,0.765,67.34895833333333,1.1292708333333334,54694.8063,3.36,8.61,0,C00,cluster_00_mild_normal_humidity_normal_wind
2015-01-25,-2.93,7.83,2.300763888888889,53.23090277777778,0.6724652777777778,38426.8192,3.36,10.76,11,C11,cluster_11_mild_normal_humidity_normal_wind
2015-01-26,-0.51,9.33,5.087517361111111,46.30034722222222,1.5565798611111112,26256.3413,3.36,9.84,11,C11,cluster_11_mild_normal_humidity_normal_wind
2015-01-27,0.66,10.66,5.4891145833333335,49.755208333333336,1.0599131944444444,58011.3711,3.36,10.0,0,C00,cluster_00_mild_normal_humidity_normal_wind
2015-01-28,0.54,9.92,5.794635416666667,55.83506944444444,1.9,13081.8722,6.108333333333333,9.38,11,C11,cluster_11_mild_normal_humidity_normal_wind
2015-01-29,3.42,11.17,7.653402777777777,62.78819444444444,1.998454861111111,13265.8369,4.32,7.75,11,C11,cluster_11_mild_normal_humidity_normal_wind
2015-01-30,5.39,9.94,7.755642361111111,74.00868055555556,2.110920138888889,44140.9385,6.418333333333333,4.55,3,C03,cluster_03_mild_humid_normal_wind
2015-01-31,0.96,10.49,5.432812500000001,60.46527777777778,2.21546875,72205.4376,28.85375,9.53,9,C09,cluster_09_cold_normal_humidity_normal_wind
2015-02-01,1.44,11.09,5.30515625,51.00868055555556,1.0483680555555557,72623.0491,29.040000000000003,9.65,9,C09,cluster_09_cold_normal_humidity_normal_wind
2015-02-02,1.96,12.49,7.048020833333333,55.86111111111112,1.2240451388888889,65018.4516,29.040000000000003,10.53,9,C09,cluster_09_cold_normal_humidity_normal_wind
2015-02-03,4.05,14.27,8.922673611111112,50.998263888888886,1.3354861111111112,71240.6952,29.040000000000003,10.22,9,C09,cluster_09_cold_normal_humidity_normal_wind
2015-02-04,6.7575,15.2,10.523975694444443,49.052083333333336,2.200920138888889,36424.7798,29.040000000000003,8.442499999999999,9,C09,cluster_09_cold_normal_humidity_normal_wind
2015-02-05,-1.6,10.46,5.287378472222223,61.05902777777778,2.271440972222222,64461.3092,7.721249999999999,12.06,7,C07,cluster_07_mild_normal_humidity_normal_wind
2015-02-06,-1.32,11.07,4.372239583333333,45.638888888888886,1.4782118055555555,73335.6892,2.4,12.39,0,C00,cluster_00_mild_normal_humidity_normal_wind
2015-02-07,-1.0,11.58,5.933211805555556,43.97569444444444,1.863454861111111,28779.4386,2.4,12.58,7,C07,cluster_07_mild_normal_humidity_normal_wind
2015-02-08,6.2,12.78,9.094565972222222,55.68402777777778,3.189253472222222,17697.5082,4.187916666666666,6.579999999999999,3,C03,cluster_03_mild_humid_normal_wind
2015-02-09,7.08,12.46,9.287100694444444,58.97048611111112,3.1455208333333333,29867.583,5.870833333333334,5.380000000000001,3,C03,cluster_03_mild_humid_normal_wind
2015-02-10,6.81,11.34,8.463611111111112,73.50173611111111,3.2867708333333336,23288.6216,12.339166666666666,4.53,3,C03,cluster_03_mild_humid_normal_wind
2015-02-11,7.47,10.77,9.170451388888887,79.80034722222223,2.7130034722222223,24331.6409,12.6225,3.3,3,C03,cluster_03_mild_humid_normal_wind
2015-02-12,2.7175,11.09,8.106024305555556,79.15277777777777,2.261961805555556,25439.4959,14.504583333333333,8.3725,3,C03,cluster_03_mild_humid_normal_wind
2015-02-13,2.07,10.97,6.4592881944444445,46.65625,0.9731423611111112,68467.6514,16.8,8.9,4,C04,cluster_04_cold_normal_humidity_normal_wind
2015-02-14,-0.3475,10.46,5.188263888888889,59.38194444444444,1.222170138888889,59357.358,16.8,10.8075,4,C04,cluster_04_cold_normal_humidity_normal_wind
2015-02-15,-0.79,8.95,4.1729513888888885,51.765625,1.327621527777778,57151.0803,16.8,9.739999999999998,4,C04,cluster_04_cold_normal_humidity_normal_wind
2015-02-16,1.61,6.64,3.8680902777777777,62.33854166666666,0.9835416666666666,12686.0297,13.885833333333334,5.029999999999999,3,C03,cluster_03_mild_humid_normal_wind
2015-02-17,1.92,9.73,5.392413194444445,70.27083333333333,1.2763368055555555,43824.8216,7.84375,7.81,11,C11,cluster_11_mild_normal_humidity_normal_wind
2015-02-18,1.4475,10.7,5.776180555555555,61.14409722222222,1.4978298611111112,48720.1007,4.347916666666666,9.2525,11,C11,cluster_11_mild_normal_humidity_normal_wind
2015-02-19,0.95,7.15,3.9676215277777778,79.046875,1.5131423611111112,31349.372,8.301666666666668,6.2,11,C11,cluster_11_mild_normal_humidity_normal_wind
2015-02-20,1.2442,6.97,4.272760416666667,79.19791666666667,2.476736111111111,35530.0562,8.0,5.7258,3,C03,cluster_03_mild_humid_normal_wind
2015-02-21,-7.8325,2.17,-1.81703125,76.13541666666667,1.4808159722222225,42688.9756,10.895,10.0025,4,C04,cluster_04_cold_normal_humidity_normal_wind
2015-02-22,-8.2092,0.85,-4.008506944444445,67.28645833333333,2.91015625,28669.9143,2.88,9.0592,7,C07,cluster_07_mild_normal_humidity_normal_wind
2015-02-23,-8.35,2.54,-2.9829166666666667,64.42013888888889,2.77953125,64647.5427,2.88,10.89,7,C07,cluster_07_mild_normal_humidity_normal_wind
2015-02-24,-6.51,5.44,-1.0889409722222223,59.09027777777778,1.783263888888889,73325.3256,2.88,11.95,0,C00,cluster_00_mild_normal_humidity_normal_wind
2015-02-25,-5.6,5.3,0.520625,59.37847222222222,0.8753472222222222,29545.7268,2.88,10.9,11,C11,cluster_11_mild_normal_humidity_normal_wind
2015-02-26,-3.825,6.08,0.6671527777777778,64.15277777777777,1.8381076388888888,63288.9277,2.88,9.905,0,C00,cluster_00_mild_normal_humidity_normal_wind
2015-02-27,-4.84,8.41,1.494861111111111,58.99652777777778,1.4773437500000002,72987.7159,2.88,13.25,0,C00,cluster_00_mild_normal_humidity_normal_wind
2015-02-28,-1.51,11.03,5.013923611111111,51.32986111111112,1.1996875,73335.6892,2.88,12.54,0,C00,cluster_00_mild_normal_humidity_normal_wind
2015-03-01,3.01,14.0,7.379027777777777,45.82986111111112,1.3119618055555555,68417.8993,2.88,10.99,0,C00,cluster_00_mild_normal_humidity_normal_wind
2015-03-02,1.54,11.45,6.713107638888889,53.953125,0.8863368055555555,44630.6496,2.88,9.91,0,C00,cluster_00_mild_normal_humidity_normal_wind
2015-03-03,1.4,10.37,6.014861111111111,60.49305555555556,1.814392361111111,45370.741,3.330833333333333,8.969999999999999,11,C11,cluster_11_mild_normal_humidity_normal_wind
2015-03-04,2.4075,9.05,5.7215625,65.33333333333333,1.410642361111111,40373.2159,2.4,6.6425,11,C11,cluster_11_mild_normal_humidity_normal_wind
2015-03-05,-1.4358,9.3,4.352343749999999,71.11805555555556,1.9800173611111112,40430.4523,3.998333333333333,10.7358,11,C11,cluster_11_mild_normal_humidity_normal_wind
2015-03-06,-2.62,7.41,1.738402777777778,53.07465277777778,2.77640625,72507.0348,3.36,10.03,7,C07,cluster_07_mild_normal_humidity_normal_wind
2015-03-07,-2.26,12.9,6.11421875,45.08159722222222,1.0739236111111112,65742.1012,3.36,15.16,0,C00,cluster_00_mild_normal_humidity_normal_wind
2015-03-08,3.07,15.08,9.685347222222225,41.22222222222222,0.7561111111111111,23424.5491,3.36,12.01,11,C11,cluster_11_mild_normal_humidity_normal_wind
2015-03-09,0.73,12.32,5.815434027777778,58.11979166666666,2.481423611111111,55894.3567,3.230833333333333,11.59,7,C07,cluster_07_mild_normal_humidity_normal_wind
2015-03-10,-3.6033,7.52,2.187204861111111,52.763888888888886,2.2061631944444446,56461.8532,2.88,11.1233,7,C07,cluster_07_mild_normal_humidity_normal_wind
2015-03-11,-4.5,11.83,4.066510416666667,46.45486111111112,1.398767361111111,73335.6892,2.88,16.33,0,C00,cluster_00_mild_normal_humidity_normal_wind
2015-03-12,0.79,13.05,6.866753472222222,49.295138888888886,1.74546875,65700.1337,2.88,12.260000000000002,0,C00,cluster_00_mild_normal_humidity_normal_wind
2015-03-13,4.38,10.52,7.203940972222223,48.239583333333336,1.4749131944444445,12782.7101,2.88,6.14,11,C11,cluster_11_mild_normal_humidity_normal_wind
2015-03-14,3.06,16.64,10.106215277777778,48.458333333333336,0.8102430555555555,66636.5321,2.88,13.58,0,C00,cluster_00_mild_normal_humidity_normal_wind
2015-03-15,4.97,16.42,10.342690972222222,54.11631944444444,1.1728993055555557,41466.9737,5.47625,11.450000000000005,11,C11,cluster_11_mild_normal_humidity_normal_wind
2015-03-16,6.36,14.52,9.810277777777776,67.98090277777777,0.9857291666666668,45241.6071,6.219166666666666,8.16,11,C11,cluster_11_mild_normal_humidity_normal_wind
2015-03-17,6.0,14.31,10.097152777777778,68.65104166666667,2.078402777777778,36729.2849,10.8925,8.31,3,C03,cluster_03_mild_humid_normal_wind
2015-03-18,4.8867,14.46,8.878975694444444,60.57465277777778,1.5250868055555555,62591.9164,12.544583333333334,9.5733,8,C08,cluster_08_warm_normal_humidity_normal_wind
2015-03-19,4.46,14.38,10.231805555555557,63.484375,1.8092708333333336,48286.3256,3.8341666666666665,9.920000000000002,7,C07,cluster_07_mild_normal_humidity_normal_wind
2015-03-20,7.98,11.56,10.168368055555554,73.93402777777777,4.473645833333333,26711.2648,8.57125,3.58,3,C03,cluster_03_mild_humid_normal_wind
2015-03-21,8.05,15.73,11.05420138888889,58.89930555555556,2.0703645833333333,53278.7568,5.38125,7.68,7,C07,cluster_07_mild_normal_humidity_normal_wind
2015-03-22,2.7867,13.7,9.919791666666669,74.24479166666667,3.4928993055555555,26886.5701,16.868333333333332,10.9133,3,C03,cluster_03_mild_humid_normal_wind
2015-03-23,1.64,7.65,4.022222222222222,59.36805555555556,1.7621180555555556,46853.3599,3.8833333333333337,6.010000000000001,11,C11,cluster_11_mild_normal_humidity_normal_wind
2015-03-24,1.5,11.32,7.133697916666667,54.12847222222222,1.2350694444444443,12773.0002,2.4,9.82,11,C11,cluster_11_mild_normal_humidity_normal_wind
2015-03-25,4.46,11.49,8.215763888888889,59.63194444444444,1.4150347222222222,31464.2244,4.993333333333333,7.03,11,C11,cluster_11_mild_normal_humidity_normal_wind
2015-03-26,2.3858,9.95,6.147309027777777,82.17881944444444,1.5967708333333333,14437.3187,7.485833333333334,7.5642,3,C03,cluster_03_mild_humid_normal_wind
2015-03-27,1.9,13.95,7.997378472222222,66.80034722222223,1.5317708333333333,65605.6109,2.88,12.05,0,C00,cluster_00_mild_normal_humidity_normal_wind
2015-03-28,3.58,16.49,10.59013888888889,51.81597222222222,0.8634201388888889,55000.0112,2.88,12.909999999999998,0,C00,cluster_00_mild_normal_humidity_normal_wind
2015-03-29,7.14,18.08,13.44550347222222,53.96180555555556,0.9290104166666668,14267.6568,3.21125,10.939999999999998,6,C06,cluster_06_warm_normal_humidity_normal_wind
2015-03-30,8.315,14.81,11.926892361111111,82.546875,2.4235243055555555,17206.7561,18.2675,6.495000000000001,3,C03,cluster_03_mild_humid_normal_wind
2015-03-31,6.07,13.76,9.81609375,62.47916666666666,2.681440972222222,53115.0632,10.759166666666664,7.689999999999999,7,C07,cluster_07_mild_normal_humidity_normal_wind
2015-04-01,5.01,14.47,10.191631944444444,55.35416666666666,0.95328125,29566.1946,18.48,9.46,8,C08,cluster_08_warm_normal_humidity_normal_wind
2015-04-02,6.09,16.27,11.8334375,52.09375,1.1737673611111112,72093.966,18.48,10.18,8,C08,cluster_08_warm_normal_humidity_normal_wind
2015-04-03,6.48,18.0,12.566996527777778,48.01909722222222,1.6507118055555554,13320.4725,18.48,11.52,8,C08,cluster_08_warm_normal_humidity_normal_wind
2015-04-04,8.69,17.77,13.052881944444444,50.38715277777778,0.9244444444444444,64779.5866,18.48,9.08,8,C08,cluster_08_warm_normal_humidity_normal_wind
2015-04-05,8.26,19.75,13.463368055555556,43.94965277777778,1.9295833333333332,67959.889,18.48,11.49,8,C08,cluster_08_warm_normal_humidity_normal_wind
2015-04-06,7.58,19.33,14.326788194444443,48.30555555555556,2.2168923611111118,73166.8312,18.48,11.749999999999998,8,C08,cluster_08_warm_normal_humidity_normal_wind
2015-04-07,10.83,21.86,16.601857638888887,41.53472222222222,2.518524305555556,34784.1456,18.48,11.03,8,C08,cluster_08_warm_normal_humidity_normal_wind
2015-04-08,10.415,20.82,16.04230902777778,37.36805555555556,1.2857465277777778,59238.1079,18.48,10.405,8,C08,cluster_08_warm_normal_humidity_normal_wind
2015-04-09,8.82,24.23,17.580989583333334,36.35590277777778,2.0356770833333333,62018.7079,18.48,15.41,8,C08,cluster_08_warm_normal_humidity_normal_wind
2015-04-10,13.51,23.7,19.05461805555556,34.520833333333336,3.200503472222222,45021.3111,11.375833333333334,10.19,6,C06,cluster_06_warm_normal_humidity_normal_wind
2015-04-11,15.5,19.4,17.23109375,62.755208333333336,3.8788541666666654,26251.0689,8.375416666666666,3.899999999999999,3,C03,cluster_03_mild_humid_normal_wind
2015-04-12,13.7583,17.63,15.892465277777776,68.51041666666667,4.527065972222222,29288.4955,8.004583333333334,3.871699999999999,3,C03,cluster_03_mild_humid_normal_wind
2015-04-13,5.41,15.12,11.119635416666666,52.41840277777778,2.846232638888889,48954.8928,5.258333333333333,9.71,7,C07,cluster_07_mild_normal_humidity_normal_wind
2015-04-14,4.53,13.14,9.442309027777778,43.84548611111112,1.7317361111111111,49106.3051,4.56,8.61,7,C07,cluster_07_mild_normal_humidity_normal_wind
2015-04-15,5.08,15.73,10.999965277777775,43.270833333333336,1.510503472222222,73335.6892,4.56,10.65,0,C00,cluster_00_mild_normal_humidity_normal_wind
2015-04-16,9.87,18.11,13.953680555555556,46.71006944444444,2.9096354166666667,33791.9968,4.361666666666666,8.24,6,C06,cluster_06_warm_normal_humidity_normal_wind
2015-04-17,8.66,19.88,14.283993055555555,41.36979166666666,2.6620833333333334,55019.2691,4.887499999999999,11.22,7,C07,cluster_07_mild_normal_humidity_normal_wind
2015-04-18,7.61,17.25,12.289618055555556,48.171875,2.147621527777778,59812.2072,5.04,9.64,7,C07,cluster_07_mild_normal_humidity_normal_wind
2015-04-19,8.15,20.92,15.512847222222222,33.729166666666664,2.0521006944444444,72871.7731,5.04,12.77,5,C05,cluster_05_warm_normal_humidity_normal_wind
2015-04-20,10.15,21.21,15.87876736111111,28.21701388888889,1.971649305555556,73335.6892,5.04,11.06,5,C05,cluster_05_warm_normal_humidity_normal_wind
2015-04-21,11.3,24.43,18.064184027777777,26.84895833333333,1.6849131944444444,69968.4937,5.04,13.13,5,C05,cluster_05_warm_normal_humidity_normal_wind
2015-04-22,14.63,26.1,20.596059027777777,21.953125,3.6334375,39412.3673,5.04,11.47,2,C02,cluster_02_hot_dry_normal_wind
2015-04-23,14.53,23.45,18.560555555555556,24.00868055555556,2.6830902777777776,44453.5202,4.2925,8.92,6,C06,cluster_06_warm_normal_humidity_normal_wind
2015-04-24,8.4225,22.97,17.995572916666667,31.069444444444443,4.33609375,45208.3969,14.441666666666666,14.5475,2,C02,cluster_02_hot_dry_normal_wind
2015-04-25,3.4033,14.12,9.598611111111111,39.13715277777778,4.220260416666666,62027.5759,19.92,10.7167,7,C07,cluster_07_mild_normal_humidity_normal_wind
2015-04-26,3.39,19.46,12.850590277777776,32.0625,2.599479166666667,73335.6892,19.92,16.07,8,C08,cluster_08_warm_normal_humidity_normal_wind
2015-04-27,10.01,21.82,16.383680555555557,22.57465277777778,3.5033159722222225,73335.6892,19.92,11.81,2,C02,cluster_02_hot_dry_normal_wind
2015-04-28,10.1975,22.35,16.967899305555555,25.49652777777778,1.981336805555556,35409.9259,11.572916666666666,12.152500000000002,6,C06,cluster_06_warm_normal_humidity_normal_wind
2015-04-29,10.18,24.8,18.179583333333333,28.31770833333333,2.181857638888889,72390.5249,3.84,14.62,5,C05,cluster_05_warm_normal_humidity_normal_wind
2015-04-30,14.63,27.76,21.314409722222223,21.18576388888889,1.4526041666666667,46533.3312,3.84,13.13,5,C05,cluster_05_warm_normal_humidity_normal_wind
2015-05-01,16.24,30.64,23.328055555555554,17.708333333333332,1.639409722222222,27908.9557,3.84,14.400000000000002,6,C06,cluster_06_warm_normal_humidity_normal_wind
2015-05-02,16.38,29.12,22.4553125,18.885416666666668,1.6697569444444444,33850.8176,3.84,12.740000000000002,6,C06,cluster_06_warm_normal_humidity_normal_wind
2015-05-03,14.37,28.42,21.644548611111112,16.32986111111111,3.091614583333333,73335.6892,3.84,14.050000000000002,2,C02,cluster_02_hot_dry_normal_wind
2015-05-04,14.5,27.53,20.689375,18.34027777777778,1.4856423611111111,68877.3892,3.84,13.03,10,C10,cluster_10_hot_dry_normal_wind
2015-05-05,15.2,25.4,19.039079861111112,44.27430555555556,1.2709895833333331,19195.4524,7.1625000000000005,10.2,6,C06,cluster_06_warm_normal_humidity_normal_wind
2015-05-06,14.2242,23.78,18.321597222222223,46.64756944444444,1.6545486111111112,36674.4724,6.847083333333334,9.5558,6,C06,cluster_06_warm_normal_humidity_normal_wind
2015-05-07,10.1908,19.9,15.396371527777776,45.5625,1.6371527777777777,32193.64,6.047916666666667,9.7092,6,C06,cluster_06_warm_normal_humidity_normal_wind
2015-05-08,9.8,25.18,18.01657986111111,35.779513888888886,1.3133506944444444,58976.7841,5.28,15.38,5,C05,cluster_05_warm_normal_humidity_normal_wind
2015-05-09,14.16,25.62,19.99399305555556,23.678819444444443,1.50171875,48035.3769,5.28,11.46,5,C05,cluster_05_warm_normal_humidity_normal_wind
2015-05-10,12.895,22.67,17.90060763888889,45.25868055555556,1.324253472222222,38096.3582,4.669583333333334,9.775000000000002,6,C06,cluster_06_warm_normal_humidity_normal_wind
2015-05-11,12.37,24.28,18.879618055555557,45.420138888888886,1.5080034722222222,50703.0284,4.345416666666667,11.910000000000002,5,C05,cluster_05_warm_normal_humidity_normal_wind
2015-05-12,17.05,28.71,23.17539930555556,27.54340277777778,1.881493055555556,63917.554,8.16,11.66,10,C10,cluster_10_hot_dry_normal_wind
2015-05-13,17.7725,29.92,23.445416666666667,25.140625,0.9807118055555556,42225.117,8.16,12.1475,10,C10,cluster_10_hot_dry_normal_wind
2015-05-14,17.74,29.04,23.55475694444445,27.83680555555556,1.7795833333333333,13196.0023,5.89,11.3,6,C06,cluster_06_warm_normal_humidity_normal_wind
2015-05-15,13.23,25.88,20.19163194444444,27.210069444444443,3.8624479166666665,58302.3474,2.4,12.65,2,C02,cluster_02_hot_dry_normal_wind
2015-05-16,10.5658,23.62,17.565538194444443,37.904513888888886,3.25234375,70928.1508,2.4,13.054200000000002,2,C02,cluster_02_hot_dry_normal_wind
2015-05-17,10.18,26.57,19.559392361111108,32.22569444444444,1.3080381944444444,69951.088,2.4,16.39,5,C05,cluster_05_warm_normal_humidity_normal_wind
2015-05-18,13.41,28.21,20.470538194444444,34.901041666666664,1.6608159722222222,58109.4045,2.4,14.8,5,C05,cluster_05_warm_normal_humidity_normal_wind
2015-05-19,14.66,29.99,21.948038194444443,30.772569444444443,1.7786631944444444,60328.2269,2.4,15.329999999999998,10,C10,cluster_10_hot_dry_normal_wind
2015-05-20,16.7142,30.64,23.004965277777774,32.232638888888886,2.2501041666666666,53135.2315,2.4,13.9258,10,C10,cluster_10_hot_dry_normal_wind
2015-05-21,14.2,27.8,21.27331597222222,41.99131944444444,2.6774305555555555,46952.9062,3.158333333333333,13.6,2,C02,cluster_02_hot_dry_normal_wind
2015-05-22,14.62,29.77,22.24720486111111,39.96006944444444,1.9306597222222224,45138.6997,3.36,15.15,5,C05,cluster_05_warm_normal_humidity_normal_wind
2015-05-23,16.0892,30.17,22.498628472222222,40.098958333333336,2.230364583333333,43501.6902,7.532083333333334,14.0808,6,C06,cluster_06_warm_normal_humidity_normal_wind
2015-05-24,15.34,30.42,23.51171875,33.125,2.613645833333333,60535.9683,8.910833333333334,15.080000000000002,2,C02,cluster_02_hot_dry_normal_wind
2015-05-25,16.92,29.28,23.144027777777776,27.432291666666668,1.5699479166666666,59468.9532,4.56,12.36,10,C10,cluster_10_hot_dry_normal_wind
2015-05-26,17.67,28.75,22.97895833333333,26.604166666666668,2.221649305555556,66659.014,4.56,11.079999999999998,10,C10,cluster_10_hot_dry_normal_wind
2015-05-27,16.86,27.08,22.67263888888889,25.26215277777778,1.9988888888888887,41706.2473,3.997083333333333,10.22,6,C06,cluster_06_warm_normal_humidity_normal_wind
2015-05-28,16.99,29.74,23.53434027777778,27.92708333333333,2.1376041666666667,46972.2687,3.36,12.75,10,C10,cluster_10_hot_dry_normal_wind
2015-05-29,18.8,29.03,23.79236111111111,30.79340277777778,2.4117534722222222,18215.844,3.36,10.23,6,C06,cluster_06_warm_normal_humidity_normal_wind
2015-05-30,18.75,30.61,25.244479166666665,31.11805555555556,1.952829861111111,27411.7494,2.8616666666666664,11.86,6,C06,cluster_06_warm_normal_humidity_normal_wind
2015-05-31,19.11,33.33,25.98578125,32.239583333333336,1.6302430555555556,27921.5673,2.4,14.22,6,C06,cluster_06_warm_normal_humidity_normal_wind
2015-06-01,19.1,32.17,26.15161458333333,32.87847222222222,1.8760243055555557,35199.6185,3.4691666666666667,13.07,6,C06,cluster_06_warm_normal_humidity_normal_wind
2015-06-02,19.73,35.74,28.40671875,23.73958333333333,2.3905381944444444,32191.9054,2.944583333333333,16.01,10,C10,cluster_10_hot_dry_normal_wind
2015-06-03,22.01,35.38,28.52454861111111,22.02951388888889,2.51828125,32345.7495,3.110833333333334,13.37,2,C02,cluster_02_hot_dry_normal_wind
2015-06-04,21.45,35.71,29.11519097222222,17.116319444444443,2.558958333333333,50216.7184,2.64,14.260000000000002,2,C02,cluster_02_hot_dry_normal_wind
2015-06-05,22.87,35.08,28.92017361111111,21.24652777777778,2.7436631944444443,30052.9175,2.64,12.209999999999996,2,C02,cluster_02_hot_dry_normal_wind
2015-06-06,23.83,35.28,29.745225694444443,17.29513888888889,2.352864583333333,54772.9478,2.64,11.450000000000005,10,C10,cluster_10_hot_dry_normal_wind
2015-06-07,17.34,35.88,27.094548611111108,26.92708333333333,2.475138888888889,58469.3476,2.64,18.540000000000003,2,C02,cluster_02_hot_dry_normal_wind
2015-06-08,15.69,30.12,22.25758680555556,41.942708333333336,2.478333333333333,67447.8079,2.64,14.43,2,C02,cluster_02_hot_dry_normal_wind
2015-06-09,16.23,32.2,25.61447916666667,33.526041666666664,3.2862673611111117,50243.1978,2.64,15.970000000000002,2,C02,cluster_02_hot_dry_normal_wind
2015-06-10,20.9725,33.28,27.69774305555556,23.60243055555556,1.2414756944444445,55997.0366,2.64,12.3075,10,C10,cluster_10_hot_dry_normal_wind
2015-06-11,20.84,33.31,28.069635416666667,24.791666666666668,1.779496527777778,51118.7139,2.64,12.470000000000002,10,C10,cluster_10_hot_dry_normal_wind
2015-06-12,18.67,35.51,27.90625,24.73958333333333,1.9715798611111108,69389.5979,2.64,16.839999999999996,10,C10,cluster_10_hot_dry_normal_wind
2015-06-13,15.345,33.88,24.25973958333333,43.0,3.204895833333333,73287.6034,2.64,18.535000000000004,2,C02,cluster_02_hot_dry_normal_wind
2015-06-14,15.2,33.07,24.215138888888887,35.90625,1.9289756944444445,73177.9023,2.64,17.87,10,C10,cluster_10_hot_dry_normal_wind
2015-06-15,17.15,34.51,26.00725694444445,30.34548611111111,2.535329861111111,72126.5195,2.64,17.36,2,C02,cluster_02_hot_dry_normal_wind
2015-06-16,18.45,32.85,26.084756944444443,33.86284722222222,1.7606597222222222,61612.0739,2.64,14.400000000000002,10,C10,cluster_10_hot_dry_normal_wind
2015-06-17,17.9158,32.92,25.595416666666665,29.03125,2.669166666666667,69531.2524,2.64,15.0042,2,C02,cluster_02_hot_dry_normal_wind
2015-06-18,17.49,31.48,25.151510416666667,29.522569444444443,2.621579861111111,46859.0427,2.64,13.990000000000002,2,C02,cluster_02_hot_dry_normal_wind
2015-06-19,17.8,32.26,26.06987847222222,28.76736111111111,1.9583854166666663,72510.8881,2.64,14.459999999999996,10,C10,cluster_10_hot_dry_normal_wind
2015-06-20,19.51,34.87,28.11888888888889,24.069444444444443,1.0436458333333334,71236.995,2.64,15.359999999999996,10,C10,cluster_10_hot_dry_normal_wind
2015-06-21,21.05,37.54,29.05887152777778,25.03993055555556,2.158888888888889,67332.6119,2.64,16.49,10,C10,cluster_10_hot_dry_normal_wind
2015-06-22,19.5283,36.84,28.048715277777777,34.458333333333336,2.0813368055555554,72032.8425,2.64,17.311700000000002,10,C10,cluster_10_hot_dry_normal_wind
2015-06-23,19.28,36.15,27.88107638888889,34.97569444444444,1.7965277777777775,73315.1008,2.64,16.869999999999997,10,C10,cluster_10_hot_dry_normal_wind
2015-06-24,20.85,34.79,28.188055555555557,30.20138888888889,3.1344097222222222,73335.6892,2.64,13.939999999999998,2,C02,cluster_02_hot_dry_normal_wind
2015-06-25,22.47,35.35,28.888506944444444,23.772569444444443,3.686267361111111,63360.6394,2.64,12.880000000000004,2,C02,cluster_02_hot_dry_normal_wind
2015-06-26,20.8633,33.91,27.47109375,33.0,2.1713194444444444,56039.1302,2.64,13.046699999999998,10,C10,cluster_10_hot_dry_normal_wind
2015-06-27,18.43,32.45,25.820711805555558,35.21180555555556,2.899704861111111,69390.1567,2.64,14.020000000000003,2,C02,cluster_02_hot_dry_normal_wind
2015-06-28,18.38,33.92,26.92517361111111,26.84722222222222,1.4467708333333331,73187.2514,2.64,15.540000000000004,10,C10,cluster_10_hot_dry_normal_wind
2015-06-29,19.72,38.05,29.727378472222224,23.92708333333333,1.9571875,73335.6892,2.64,18.33,10,C10,cluster_10_hot_dry_normal_wind
2015-06-30,22.81,39.61,32.27097222222223,20.09548611111111,2.784618055555556,73315.1008,2.64,16.8,2,C02,cluster_02_hot_dry_normal_wind
2015-07-01,23.05,39.43,32.40095486111111,22.453125,2.414791666666667,55629.1168,2.64,16.38,10,C10,cluster_10_hot_dry_normal_wind
2015-07-02,22.2,36.58,30.14677083333333,27.125,1.9848958333333333,71832.0947,2.64,14.38,10,C10,cluster_10_hot_dry_normal_wind
2015-07-03,24.96,36.3,30.98586805555556,24.48263888888889,2.7947569444444444,66705.5929,2.64,11.339999999999996,2,C02,cluster_02_hot_dry_normal_wind
2015-07-04,19.6192,36.81,29.195989583333333,32.390625,2.720034722222222,62185.2021,2.64,17.190800000000003,2,C02,cluster_02_hot_dry_normal_wind
2015-07-05,19.01,36.76,28.74935763888889,35.46527777777778,1.4101041666666667,59537.6274,2.64,17.749999999999996,10,C10,cluster_10_hot_dry_normal_wind
2015-07-06,22.65,36.7,30.66677083333333,27.569444444444443,1.9469270833333332,58427.1529,2.64,14.050000000000004,10,C10,cluster_10_hot_dry_normal_wind
2015-07-07,23.98,37.59,30.59776041666667,26.81423611111111,1.71265625,55342.0987,2.64,13.610000000000005,10,C10,cluster_10_hot_dry_normal_wind
2015-07-08,22.17,36.19,29.52342013888889,26.932291666666668,3.0521875,71173.1206,2.64,14.019999999999996,2,C02,cluster_02_hot_dry_normal_wind
2015-07-09,24.15,36.0,30.618576388888886,25.68055555555556,2.5706597222222225,64353.8105,2.64,11.85,2,C02,cluster_02_hot_dry_normal_wind
2015-07-10,25.9575,36.47,31.72503472222222,21.13715277777778,2.0578993055555554,61227.6416,2.64,10.5125,10,C10,cluster_10_hot_dry_normal_wind
2015-07-11,25.68,38.3,31.998229166666665,19.32118055555556,1.523298611111111,59340.2841,2.64,12.619999999999996,10,C10,cluster_10_hot_dry_normal_wind
2015-07-12,22.8542,38.05,30.48859375,22.994791666666668,2.3966319444444446,70500.6589,2.64,15.195799999999998,10,C10,cluster_10_hot_dry_normal_wind
2015-07-13,22.49,36.88,30.006527777777777,24.625,2.784409722222222,72883.0705,2.64,14.390000000000004,2,C02,cluster_02_hot_dry_normal_wind
2015-07-14,22.07,36.42,28.813402777777775,28.06423611111111,1.7576215277777778,71737.5554,2.64,14.35,10,C10,cluster_10_hot_dry_normal_wind
2015-07-15,24.02,37.01,30.88015625,21.95659722222222,1.9153645833333333,61493.8741,2.64,12.989999999999998,10,C10,cluster_10_hot_dry_normal_wind
2015-07-16,22.43,36.36,29.81383680555556,25.04513888888889,1.7455381944444444,55041.8636,2.64,13.93,10,C10,cluster_10_hot_dry_normal_wind
2015-07-17,20.81,36.62,28.715625000000003,28.34548611111111,2.457795138888889,53133.5702,2.64,15.81,2,C02,cluster_02_hot_dry_normal_wind
2015-07-18,19.3417,33.55,25.17864583333333,40.81597222222222,2.4209895833333333,48382.3309,2.782083333333333,14.208299999999998,2,C02,cluster_02_hot_dry_normal_wind
2015-07-19,17.0242,29.95,23.41270833333333,51.02604166666666,2.3397222222222225,33529.4798,7.441666666666666,12.9258,6,C06,cluster_06_warm_normal_humidity_normal_wind
2015-07-20,16.4425,28.88,22.08164930555556,48.29340277777778,2.698993055555556,66073.3721,8.6,12.4375,2,C02,cluster_02_hot_dry_normal_wind
2015-07-21,16.42,29.71,23.813072916666663,40.23784722222222,1.9688368055555556,68963.3059,9.12,13.29,10,C10,cluster_10_hot_dry_normal_wind
2015-07-22,18.2525,31.88,25.809375000000003,34.05381944444444,1.5855902777777775,68410.8615,9.12,13.627499999999998,10,C10,cluster_10_hot_dry_normal_wind
2015-07-23,17.8,30.96,24.154809027777777,42.552083333333336,2.433333333333333,36551.4277,9.12,13.16,6,C06,cluster_06_warm_normal_humidity_normal_wind
2015-07-24,18.72,31.49,25.448923611111116,36.58159722222222,1.8334375,64747.4774,9.12,12.77,10,C10,cluster_10_hot_dry_normal_wind
2015-07-25,18.9967,32.67,25.965017361111112,31.97048611111111,1.5855902777777775,63369.4505,9.12,13.6733,10,C10,cluster_10_hot_dry_normal_wind
2015-07-26,18.97,33.83,26.320711805555558,31.11111111111111,1.889079861111111,72193.0286,9.12,14.86,10,C10,cluster_10_hot_dry_normal_wind
2015-07-27,19.16,34.54,27.607934027777777,28.210069444444443,1.3606770833333333,70095.7652,9.12,15.38,10,C10,cluster_10_hot_dry_normal_wind
2015-07-28,21.865,35.74,28.8471875,26.27951388888889,1.845,71190.8104,9.12,13.875000000000004,10,C10,cluster_10_hot_dry_normal_wind
2015-07-29,21.25,35.57,28.35046875,30.68576388888889,2.089670138888889,62833.1082,9.12,14.32,10,C10,cluster_10_hot_dry_normal_wind
2015-07-30,21.04,34.16,27.727100694444445,34.26215277777778,1.5664756944444445,68480.7842,9.12,13.119999999999996,10,C10,cluster_10_hot_dry_normal_wind
2015-07-31,21.04,34.39,28.035173611111112,31.50520833333333,1.36890625,68051.3972,9.12,13.35,10,C10,cluster_10_hot_dry_normal_wind
2015-08-01,22.1525,35.8,28.65930555555555,25.53645833333333,1.6142013888888889,69866.029,9.12,13.647499999999996,10,C10,cluster_10_hot_dry_normal_wind
2015-08-02,21.32,36.37,28.7559375,29.416666666666668,1.9416840277777776,65692.6258,9.12,15.049999999999995,10,C10,cluster_10_hot_dry_normal_wind
2015-08-03,20.71,34.58,27.304982638888887,29.979166666666668,1.942274305555556,67682.7492,9.12,13.869999999999996,10,C10,cluster_10_hot_dry_normal_wind
2015-08-04,20.22,33.53,26.721371527777777,27.0,1.4659027777777778,70502.277,9.12,13.310000000000002,10,C10,cluster_10_hot_dry_normal_wind
2015-08-05,19.82,33.93,27.13770833333333,27.772569444444443,1.0464930555555556,64493.5717,9.12,14.11,10,C10,cluster_10_hot_dry_normal_wind
2015-08-06,20.68,36.05,29.25248263888889,20.66493055555556,1.51109375,59252.091,9.12,15.369999999999996,10,C10,cluster_10_hot_dry_normal_wind
2015-08-07,20.7133,35.61,28.3978125,29.50347222222222,2.042222222222222,57010.086,9.12,14.8967,10,C10,cluster_10_hot_dry_normal_wind
2015-08-08,19.5958,35.99,27.432100694444443,33.01909722222222,2.392378472222222,54801.486,9.12,16.3942,2,C02,cluster_02_hot_dry_normal_wind
2015-08-09,17.6158,32.44,24.846284722222222,44.09375,2.45734375,63529.666,9.12,14.824199999999998,2,C02,cluster_02_hot_dry_normal_wind
2015-08-10,17.21,32.13,25.602881944444444,40.48784722222222,1.9189409722222224,64159.9243,9.12,14.920000000000002,10,C10,cluster_10_hot_dry_normal_wind
2015-08-11,22.41,33.07,27.68277777777778,29.953125,2.944045138888889,71835.1239,9.12,10.66,2,C02,cluster_02_hot_dry_normal_wind
2015-08-12,22.73,35.16,28.8265625,27.875,1.2485763888888888,69616.8272,9.12,12.429999999999996,10,C10,cluster_10_hot_dry_normal_wind
2015-08-13,20.34,35.18,28.375833333333333,30.359375,1.2968923611111112,73335.6892,9.12,14.84,10,C10,cluster_10_hot_dry_normal_wind
2015-08-14,22.63,35.8,28.981267361111108,22.21875,1.6837847222222222,73227.0252,9.12,13.169999999999998,10,C10,cluster_10_hot_dry_normal_wind
2015-08-15,23.5,36.13,29.72140625,20.18576388888889,1.7894965277777777,66202.6557,9.12,12.630000000000004,10,C10,cluster_10_hot_dry_normal_wind
2015-08-16,23.24,36.52,30.188663194444448,19.21527777777778,2.5140451388888887,73335.6892,9.12,13.280000000000005,2,C02,cluster_02_hot_dry_normal_wind
2015-08-17,24.43,38.53,31.255520833333332,12.73263888888889,1.9122916666666667,73159.3759,9.12,14.1,10,C10,cluster_10_hot_dry_normal_wind
2015-08-18,22.41,37.36,29.82817708333333,23.12847222222222,1.7653472222222222,70790.9363,9.12,14.95,10,C10,cluster_10_hot_dry_normal_wind
2015-08-19,22.36,37.55,30.30463541666667,19.210069444444443,2.062760416666667,73335.6892,9.12,15.189999999999998,10,C10,cluster_10_hot_dry_normal_wind
2015-08-20,22.66,38.42,31.147569444444443,13.241319444444445,1.8814236111111111,73335.6892,9.12,15.760000000000002,10,C10,cluster_10_hot_dry_normal_wind
2015-08-21,20.62,36.47,28.19826388888889,28.819444444444443,2.013888888888889,71935.832,9.12,15.849999999999998,10,C10,cluster_10_hot_dry_normal_wind
2015-08-22,18.4892,34.15,25.901197916666668,41.623263888888886,2.234027777777777,65985.1604,9.12,15.660799999999998,10,C10,cluster_10_hot_dry_normal_wind
2015-08-23,18.14,33.22,25.758697916666662,41.90625,1.645486111111111,70900.8032,9.12,15.079999999999998,10,C10,cluster_10_hot_dry_normal_wind
2015-08-24,19.5275,33.41,26.481041666666663,39.55555555555556,1.4433159722222222,66575.1913,9.12,13.882499999999997,10,C10,cluster_10_hot_dry_normal_wind
2015-08-25,16.3658,29.35,23.05961805555556,49.83680555555556,3.323420138888889,65604.6775,9.12,12.9842,2,C02,cluster_02_hot_dry_normal_wind
2015-08-26,16.13,30.03,22.84809027777778,50.97222222222222,1.5360590277777777,66416.5129,8.297083333333333,13.900000000000002,5,C05,cluster_05_warm_normal_humidity_normal_wind
2015-08-27,15.55,29.64,21.970572916666665,50.967013888888886,2.5875000000000004,71656.9973,7.92,14.09,2,C02,cluster_02_hot_dry_normal_wind
2015-08-28,14.89,29.71,22.285329861111112,47.55555555555556,1.526840277777778,68522.93,17.140416666666667,14.82,8,C08,cluster_08_warm_normal_humidity_normal_wind
2015-08-29,15.98,30.13,23.16201388888889,45.04166666666666,1.4195833333333332,65369.5696,15.278333333333332,14.15,8,C08,cluster_08_warm_normal_humidity_normal_wind
2015-08-30,17.77,30.77,24.289322916666663,39.375,2.101267361111111,62305.8897,9.495833333333334,13.0,10,C10,cluster_10_hot_dry_normal_wind
2015-08-31,19.2208,31.17,24.575434027777774,37.984375,1.5843229166666668,41889.4723,8.16,11.9492,6,C06,cluster_06_warm_normal_humidity_normal_wind
2015-09-01,16.28,26.65,21.284618055555555,50.58159722222222,2.2340625,49449.8592,6.255833333333333,10.369999999999996,6,C06,cluster_06_warm_normal_humidity_normal_wind
2015-09-02,15.12,28.59,21.58109375,51.97916666666666,2.3163194444444444,68432.8889,4.8,13.47,5,C05,cluster_05_warm_normal_humidity_normal_wind
2015-09-03,16.44,28.1,22.46970486111111,44.421875,1.643454861111111,68504.2455,4.8,11.66,5,C05,cluster_05_warm_normal_humidity_normal_wind
2015-09-04,17.86,30.58,24.20251736111111,29.25520833333333,1.992916666666667,73308.1917,4.8,12.72,10,C10,cluster_10_hot_dry_normal_wind
2015-09-05,19.01,32.97,26.016163194444445,24.39930555555556,1.4397048611111112,72029.8313,4.8,13.959999999999996,10,C10,cluster_10_hot_dry_normal_wind
2015-09-06,20.7792,32.39,26.20765625,30.17534722222222,1.6405555555555555,33405.1561,4.8,11.6108,6,C06,cluster_06_warm_normal_humidity_normal_wind
2015-09-07,19.94,29.8,24.446475694444445,33.90625,1.5059375,34278.1809,4.577083333333333,9.86,6,C06,cluster_06_warm_normal_humidity_normal_wind
2015-09-08,18.3625,28.89,23.70201388888889,38.43402777777778,0.8519097222222222,51657.8209,4.745833333333334,10.5275,5,C05,cluster_05_warm_normal_humidity_normal_wind
2015-09-09,17.3275,30.18,23.547447916666663,41.473958333333336,1.8149131944444443,45496.1657,4.9525,12.8525,6,C06,cluster_06_warm_normal_humidity_normal_wind
2015-09-10,17.31,30.35,23.28998263888889,43.30034722222222,1.8995138888888887,61205.8707,4.56,13.040000000000004,10,C10,cluster_10_hot_dry_normal_wind
2015-09-11,17.0,30.46,23.80618055555556,37.295138888888886,1.4446006944444445,69131.9519,4.56,13.46,10,C10,cluster_10_hot_dry_normal_wind
2015-09-12,18.02,30.42,23.837152777777774,40.94791666666666,1.8325694444444445,63757.2644,4.56,12.400000000000002,10,C10,cluster_10_hot_dry_normal_wind
2015-09-13,17.88,30.45,24.63779513888889,36.87152777777778,1.7705034722222222,65041.1937,4.56,12.57,10,C10,cluster_10_hot_dry_normal_wind
2015-09-14,20.69,31.75,25.980520833333333,24.97743055555556,1.2141666666666666,57244.3832,4.56,11.06,10,C10,cluster_10_hot_dry_normal_wind
2015-09-15,19.43,31.3,25.130381944444444,30.960069444444443,1.1888194444444444,48646.3915,4.56,11.87,10,C10,cluster_10_hot_dry_normal_wind
2015-09-16,16.98,29.1,22.84296875,43.77604166666666,1.57265625,34594.739,8.547916666666667,12.12,6,C06,cluster_06_warm_normal_humidity_normal_wind
2015-09-17,14.12,25.38,19.735590277777774,60.005208333333336,1.89265625,40104.8347,4.484166666666667,11.26,6,C06,cluster_06_warm_normal_humidity_normal_wind
2015-09-18,12.96,24.95,18.31484375,59.263888888888886,2.1385590277777777,53010.3776,4.52125,11.989999999999998,6,C06,cluster_06_warm_normal_humidity_normal_wind
2015-09-19,13.57,23.98,18.502256944444444,56.49305555555556,1.307482638888889,55627.7428,2.64,10.41,5,C05,cluster_05_warm_normal_humidity_normal_wind
2015-09-20,13.33,25.48,18.96734375,49.39409722222222,1.5469618055555554,67908.3856,2.64,12.15,5,C05,cluster_05_warm_normal_humidity_normal_wind
2015-09-21,12.91,27.75,20.119913194444443,30.98263888888889,1.8253472222222225,73335.6892,2.64,14.84,5,C05,cluster_05_warm_normal_humidity_normal_wind
2015-09-22,13.38,29.57,21.954791666666665,23.27083333333333,1.43640625,73335.6892,2.64,16.189999999999998,10,C10,cluster_10_hot_dry_normal_wind
2015-09-23,16.76,31.17,23.687864583333333,22.70833333333333,0.911371527777778,72338.9674,2.64,14.41,10,C10,cluster_10_hot_dry_normal_wind
2015-09-24,16.56,30.17,22.55670138888889,38.833333333333336,1.4040451388888888,62037.8682,2.64,13.610000000000005,5,C05,cluster_05_warm_normal_humidity_normal_wind
2015-09-25,15.01,29.08,21.458420138888886,34.82118055555556,1.4775868055555557,65416.226,2.64,14.07,5,C05,cluster_05_warm_normal_humidity_normal_wind
2015-09-26,14.21,27.86,21.17465277777778,32.895833333333336,2.5647569444444445,47825.3187,2.64,13.65,2,C02,cluster_02_hot_dry_normal_wind
2015-09-27,15.5042,26.8,20.81704861111111,23.70833333333333,2.097916666666667,58655.3101,2.64,11.2958,5,C05,cluster_05_warm_normal_humidity_normal_wind
2015-09-28,13.31,26.39,20.21152777777778,29.20833333333333,1.62046875,49436.9356,2.64,13.08,5,C05,cluster_05_warm_normal_humidity_normal_wind
2015-09-29,14.94,26.23,20.71597222222222,31.09548611111111,2.303420138888889,62110.1715,2.64,11.29,5,C05,cluster_05_warm_normal_humidity_normal_wind
2015-09-30,16.57,26.66,21.57907986111111,29.63715277777778,2.2499479166666667,39925.6099,2.64,10.09,6,C06,cluster_06_warm_normal_humidity_normal_wind
2015-10-01,15.96,24.79,19.53657986111111,47.90972222222222,1.31296875,27815.7627,4.233333333333333,8.829999999999998,6,C06,cluster_06_warm_normal_humidity_normal_wind
2015-10-02,14.91,28.87,21.96357638888889,45.22048611111112,1.8446006944444444,73220.1923,6.48,13.96,5,C05,cluster_05_warm_normal_humidity_normal_wind
2015-10-03,17.49,29.18,22.995625,36.30555555555556,1.4213368055555555,46839.2354,6.48,11.69,6,C06,cluster_06_warm_normal_humidity_normal_wind
2015-10-04,16.6917,29.27,22.930364583333333,34.592013888888886,1.607048611111111,45433.2663,6.48,12.5783,6,C06,cluster_06_warm_normal_humidity_normal_wind
2015-10-05,15.32,26.43,21.352934027777778,40.62847222222222,2.847378472222222,66084.8545,6.48,11.11,2,C02,cluster_02_hot_dry_normal_wind
2015-10-06,15.29,28.22,21.947760416666668,31.94097222222222,1.4139756944444446,43449.6742,6.48,12.93,6,C06,cluster_06_warm_normal_humidity_normal_wind
2015-10-07,18.2,26.25,21.95802083333333,29.67361111111111,3.096996527777778,32792.0354,4.4558333333333335,8.05,6,C06,cluster_06_warm_normal_humidity_normal_wind
2015-10-08,17.8242,26.34,21.684531250000003,32.720486111111114,2.111996527777778,50294.6312,3.12,8.515799999999999,6,C06,cluster_06_warm_normal_humidity_normal_wind
2015-10-09,13.9133,19.89,17.152864583333333,59.55381944444444,0.88890625,49402.6407,13.79125,5.976700000000001,8,C08,cluster_08_warm_normal_humidity_normal_wind
2015-10-10,11.2183,22.91,17.28048611111111,55.161458333333336,1.3716666666666668,58882.1959,11.04,11.6917,8,C08,cluster_08_warm_normal_humidity_normal_wind
2015-10-11,10.19,22.17,16.563211805555554,52.59027777777778,1.3775694444444444,73239.239,11.04,11.980000000000002,8,C08,cluster_08_warm_normal_humidity_normal_wind
2015-10-12,10.59,24.36,17.804201388888888,47.50868055555556,2.0541840277777776,56060.0887,11.04,13.77,8,C08,cluster_08_warm_normal_humidity_normal_wind
2015-10-13,12.4117,25.4,18.610260416666662,43.39756944444444,1.0816145833333333,57647.6931,11.04,12.9883,8,C08,cluster_08_warm_normal_humidity_normal_wind
2015-10-14,11.98,24.01,17.732083333333335,50.30034722222222,1.4272916666666666,27760.7773,11.04,12.03,6,C06,cluster_06_warm_normal_humidity_normal_wind
2015-10-15,11.3925,22.08,16.60345486111111,50.015625,1.9206944444444445,64107.786,11.04,10.687499999999998,8,C08,cluster_08_warm_normal_humidity_normal_wind
2015-10-16,10.77,22.39,16.406545138888887,50.19791666666666,1.4263715277777778,56412.8456,11.04,11.62,8,C08,cluster_08_warm_normal_humidity_normal_wind
2015-10-17,5.01,13.72,10.36970486111111,78.62326388888889,2.4207986111111115,21282.4649,12.725833333333334,8.71,3,C03,cluster_03_mild_humid_normal_wind
2015-10-18,4.61,16.82,10.204427083333334,68.62673611111111,1.4539062500000002,72252.4511,7.680000000000001,12.21,0,C00,cluster_00_mild_normal_humidity_normal_wind
2015-10-19,6.38,19.91,13.377291666666666,53.607638888888886,1.2719618055555555,72138.2982,7.680000000000001,13.53,5,C05,cluster_05_warm_normal_humidity_normal_wind
2015-10-20,8.84,21.96,16.12251736111111,45.48090277777778,0.8926388888888889,39087.3414,7.680000000000001,13.12,6,C06,cluster_06_warm_normal_humidity_normal_wind
2015-10-21,10.6958,21.12,15.65890625,51.60590277777778,1.6899131944444443,65040.8571,7.680000000000001,10.4242,5,C05,cluster_05_warm_normal_humidity_normal_wind
2015-10-22,10.66,18.39,14.712934027777775,62.37847222222222,1.6116319444444445,12222.6145,7.680000000000001,7.73,6,C06,cluster_06_warm_normal_humidity_normal_wind
2015-10-23,9.82,19.95,14.907517361111111,70.40277777777777,1.3440972222222225,67029.6762,5.4375,10.13,0,C00,cluster_00_mild_normal_humidity_normal_wind
2015-10-24,10.35,20.83,15.378298611111113,68.21875,1.8162847222222225,65776.8789,3.36,10.48,5,C05,cluster_05_warm_normal_humidity_normal_wind
2015-10-25,11.08,23.05,16.803836805555555,62.96527777777778,1.5861284722222222,71622.1398,3.36,11.97,5,C05,cluster_05_warm_normal_humidity_normal_wind
2015-10-26,12.24,23.84,18.575451388888887,55.99479166666666,1.7844097222222222,44839.9753,3.6779166666666665,11.6,6,C06,cluster_06_warm_normal_humidity_normal_wind
2015-10-27,13.54,21.57,17.220815972222223,61.77430555555556,2.496180555555556,15791.6067,10.063333333333334,8.030000000000001,6,C06,cluster_06_warm_normal_humidity_normal_wind
2015-10-28,12.97,18.71,14.44845486111111,74.58680555555556,2.350538194444445,12411.3535,9.905416666666667,5.74,3,C03,cluster_03_mild_humid_normal_wind
2015-10-29,11.0008,15.03,12.88107638888889,80.43402777777777,0.6523611111111111,12757.9468,14.349583333333335,4.0292,3,C03,cluster_03_mild_humid_normal_wind
2015-10-30,10.82,13.5,11.818958333333336,89.06423611111111,0.9249652777777776,15094.3833,20.14,2.68,3,C03,cluster_03_mild_humid_normal_wind
2015-10-31,5.14,15.58,10.785260416666668,77.5625,2.2906423611111117,55097.0084,3.3912500000000003,10.44,7,C07,cluster_07_mild_normal_humidity_normal_wind
2015-11-01,3.1075,9.54,6.366996527777777,67.55034722222223,2.0317881944444443,15718.1853,5.824166666666667,6.432499999999999,3,C03,cluster_03_mild_humid_normal_wind
2015-11-02,1.79,4.97,3.774236111111111,89.29166666666667,0.4858159722222221,16753.0881,7.379166666666666,3.18,11,C11,cluster_11_mild_normal_humidity_normal_wind
2015-11-03,0.72,8.4,4.397256944444445,77.85069444444444,0.9324652777777778,44127.0961,2.88,7.680000000000001,11,C11,cluster_11_mild_normal_humidity_normal_wind
2015-11-04,0.9,12.97,6.438454861111111,57.50173611111112,0.7996354166666666,73335.6892,2.88,12.07,0,C00,cluster_00_mild_normal_humidity_normal_wind
2015-11-05,3.48,13.63,9.742222222222225,59.03993055555556,1.5211805555555555,17150.7864,2.88,10.15,11,C11,cluster_11_mild_normal_humidity_normal_wind
2015-11-06,8.94,16.61,12.183715277777775,72.10763888888889,0.6952777777777778,36122.2329,4.445416666666667,7.67,11,C11,cluster_11_mild_normal_humidity_normal_wind
2015-11-07,8.02,12.11,10.229548611111111,81.97395833333333,0.7171180555555555,16616.1902,5.479166666666667,4.09,11,C11,cluster_11_mild_normal_humidity_normal_wind
2015-11-08,7.66,13.14,9.8796875,78.109375,1.7568055555555555,38171.9022,3.504166666666667,5.48,11,C11,cluster_11_mild_normal_humidity_normal_wind
2015-11-09,7.32,11.46,9.072847222222222,79.21180555555556,2.380208333333333,32930.3689,8.812916666666666,4.140000000000001,3,C03,cluster_03_mild_humid_normal_wind
2015-11-10,6.33,10.94,8.690347222222222,81.40104166666667,2.364236111111111,31856.8412,10.824166666666668,4.609999999999999,3,C03,cluster_03_mild_humid_normal_wind
2015-11-11,3.4208,10.47,6.957829861111112,62.16840277777778,1.877777777777777,60342.5407,4.067083333333333,7.049200000000001,7,C07,cluster_07_mild_normal_humidity_normal_wind
2015-11-12,2.97,14.13,7.994027777777778,59.12152777777778,2.303767361111112,73278.6427,4.08,11.16,7,C07,cluster_07_mild_normal_humidity_normal_wind
2015-11-13,3.56,15.28,9.384739583333332,59.30381944444444,1.8840798611111111,73311.6464,4.08,11.72,0,C00,cluster_00_mild_normal_humidity_normal_wind
2015-11-14,0.12,10.9,6.03671875,63.01215277777778,2.158802083333333,69384.6277,3.0179166666666664,10.78,7,C07,cluster_07_mild_normal_humidity_normal_wind
2015-11-15,0.53,11.64,6.3596875,53.989583333333336,2.4741493055555552,70757.5897,2.4,11.11,7,C07,cluster_07_mild_normal_humidity_normal_wind
2015-11-16,3.33,14.31,9.194097222222222,47.359375,1.8896006944444448,54713.5238,2.4,10.98,7,C07,cluster_07_mild_normal_humidity_normal_wind
2015-11-17,8.01,13.0,10.30265625,64.57465277777777,2.269704861111111,12229.5236,5.4870833333333335,4.99,3,C03,cluster_03_mild_humid_normal_wind
2015-11-18,3.4042,9.66,7.588715277777778,81.04861111111111,1.66125,25771.288,7.585416666666666,6.255800000000001,3,C03,cluster_03_mild_humid_normal_wind
2015-11-19,2.36,11.63,6.837326388888889,81.26041666666667,0.6757986111111111,29544.2638,9.855833333333331,9.27,11,C11,cluster_11_mild_normal_humidity_normal_wind
2015-11-20,1.72,9.66,5.1903125,76.68402777777777,1.3319791666666667,52178.5579,3.36,7.94,11,C11,cluster_11_mild_normal_humidity_normal_wind
2015-11-21,0.18,11.3,5.271423611111112,63.58680555555556,1.1529166666666668,73332.2346,3.36,11.12,0,C00,cluster_00_mild_normal_humidity_normal_wind
2015-11-22,0.85,13.44,5.893940972222222,53.33680555555556,0.5118576388888889,73335.6892,3.36,12.59,0,C00,cluster_00_mild_normal_humidity_normal_wind
2015-11-23,1.77,14.77,6.714704861111112,49.90104166666666,0.5930208333333333,73335.6892,3.36,13.0,0,C00,cluster_00_mild_normal_humidity_normal_wind
2015-11-24,1.96,14.72,7.1681076388888885,51.69097222222222,0.6107291666666667,73335.6892,3.36,12.760000000000002,0,C00,cluster_00_mild_normal_humidity_normal_wind
2015-11-25,2.17,13.07,6.685659722222223,48.05034722222222,0.7391493055555556,73315.1008,3.36,10.9,0,C00,cluster_00_mild_normal_humidity_normal_wind
2015-11-26,2.27,12.53,7.540138888888888,41.21180555555556,0.52046875,30872.0621,3.36,10.26,11,C11,cluster_11_mild_normal_humidity_normal_wind
2015-11-27,4.11,13.68,8.061475694444445,44.567708333333336,0.7232118055555555,61264.9615,3.36,9.57,0,C00,cluster_00_mild_normal_humidity_normal_wind
2015-11-28,3.95,14.1,8.029322916666667,53.63715277777778,1.2129166666666666,73335.6892,3.36,10.15,0,C00,cluster_00_mild_normal_humidity_normal_wind
2015-11-29,3.16,12.68,8.21855902777778,58.49305555555556,2.101232638888889,73295.9155,3.36,9.52,7,C07,cluster_07_mild_normal_humidity_normal_wind
2015-11-30,5.28,12.14,8.219184027777779,59.82986111111112,1.05015625,73247.8294,3.36,6.86,0,C00,cluster_00_mild_normal_humidity_normal_wind
2015-12-01,5.33,11.46,9.498628472222222,66.84548611111111,3.073732638888889,13395.9521,6.617083333333333,6.130000000000001,3,C03,cluster_03_mild_humid_normal_wind
2015-12-02,4.74,10.25,8.346996527777778,78.87673611111111,3.047326388888889,16056.5284,5.562916666666666,5.51,3,C03,cluster_03_mild_humid_normal_wind
2015-12-03,4.97,11.28,8.227743055555557,73.625,2.564184027777778,47813.9675,5.697916666666667,6.31,7,C07,cluster_07_mild_normal_humidity_normal_wind
2015-12-04,-3.89,6.14,1.2714930555555557,47.69791666666666,2.9161111111111118,72930.6465,36.24,10.03,9,C09,cluster_09_cold_normal_humidity_normal_wind
2015-12-05,-4.69,4.67,-0.2833159722222222,52.40798611111112,1.2224305555555557,66865.2991,36.24,9.36,9,C09,cluster_09_cold_normal_humidity_normal_wind
2015-12-06,-2.25,2.32,-0.0473958333333333,75.41319444444444,1.3171527777777776,23455.0357,15.062083333333334,4.57,3,C03,cluster_03_mild_humid_normal_wind
2015-12-07,-5.1208,1.51,-1.4226215277777776,78.00173611111111,2.785989583333333,26489.8266,3.36,6.6308,3,C03,cluster_03_mild_humid_normal_wind
2015-12-08,-5.43,5.39,-0.5791840277777778,69.07986111111111,1.4760069444444444,72747.4784,3.36,10.82,0,C00,cluster_00_mild_normal_humidity_normal_wind
2015-12-09,-4.6342,5.16,-0.7558506944444444,77.22048611111111,1.3709201388888888,68407.0849,3.36,9.7942,0,C00,cluster_00_mild_normal_humidity_normal_wind
2015-12-10,-5.17,3.38,-0.5559722222222222,67.60416666666667,1.6079340277777776,56708.5804,3.36,8.55,0,C00,cluster_00_mild_normal_humidity_normal_wind
2015-12-11,-3.65,2.54,-0.9878993055555556,62.37673611111112,1.4540277777777777,57548.1528,3.36,6.19,11,C11,cluster_11_mild_normal_humidity_normal_wind
2015-12-12,-4.6183,4.51,-1.2361631944444444,60.11979166666666,0.5958159722222223,73120.346,3.36,9.1283,0,C00,cluster_00_mild_normal_humidity_normal_wind
2015-12-13,-5.89,5.05,-0.5134201388888889,67.45833333333333,0.6762673611111111,73335.6892,3.36,10.94,0,C00,cluster_00_mild_normal_humidity_normal_wind
2015-12-14,-1.82,3.11,1.179565972222222,79.57118055555556,1.5898958333333333,12543.2877,3.36,4.93,11,C11,cluster_11_mild_normal_humidity_normal_wind
2015-12-15,-3.9667,2.37,0.8994270833333334,85.55902777777777,1.8490451388888889,25440.9563,3.36,6.3367,11,C11,cluster_11_mild_normal_humidity_normal_wind
2015-12-16,-5.69,4.72,-0.7838020833333332,62.638888888888886,0.5748090277777778,68366.0376,3.36,10.41,0,C00,cluster_00_mild_normal_humidity_normal_wind
2015-12-17,-5.98,3.52,-0.5521701388888889,67.63541666666667,0.6433506944444445,24646.3182,3.36,9.5,11,C11,cluster_11_mild_normal_humidity_normal_wind
2015-12-18,-2.47,2.08,0.3796527777777778,76.35069444444444,0.4069965277777778,20648.701,3.36,4.550000000000001,11,C11,cluster_11_mild_normal_humidity_normal_wind
2015-12-19,-4.3292,4.11,-0.6970138888888889,78.02777777777777,0.8180034722222222,73166.7401,3.36,8.4392,0,C00,cluster_00_mild_normal_humidity_normal_wind
2015-12-20,-5.3,3.21,-1.137222222222222,73.71527777777777,1.0907465277777777,49323.5429,3.36,8.51,11,C11,cluster_11_mild_normal_humidity_normal_wind
2015-12-21,-6.65,3.7,-1.8023784722222225,72.46354166666667,1.4668229166666666,65392.0747,3.36,10.35,0,C00,cluster_00_mild_normal_humidity_normal_wind
2015-12-22,-7.69,4.96,-1.4602256944444445,67.30729166666667,0.6238020833333333,71812.3691,3.36,12.65,0,C00,cluster_00_mild_normal_humidity_normal_wind
2015-12-23,-3.68,5.86,0.0243923611111111,60.80902777777778,1.1274479166666669,67532.7354,3.36,9.54,0,C00,cluster_00_mild_normal_humidity_normal_wind
2015-12-24,-3.5858,5.55,0.2793402777777778,58.48611111111112,0.36421875,59506.1215,3.36,9.1358,0,C00,cluster_00_mild_normal_humidity_normal_wind
2015-12-25,-4.39,5.26,-0.4763020833333333,72.13194444444444,0.6803645833333333,73191.5814,3.36,9.65,0,C00,cluster_00_mild_normal_humidity_normal_wind
2015-12-26,-5.12,6.5,-0.0243923611111111,67.296875,1.0000694444444445,73113.1257,3.36,11.62,0,C00,cluster_00_mild_normal_humidity_normal_wind
2015-12-27,-4.23,4.91,-0.7360069444444445,69.98958333333333,0.5380208333333333,73170.777,3.36,9.14,0,C00,cluster_00_mild_normal_humidity_normal_wind
2015-12-28,-4.1,8.09,0.9106944444444446,55.890625,0.5363020833333334,73335.6892,3.36,12.19,0,C00,cluster_00_mild_normal_humidity_normal_wind
2015-12-29,-3.4,7.28,1.4157291666666667,59.4375,1.434322916666667,67437.0703,3.36,10.68,0,C00,cluster_00_mild_normal_humidity_normal_wind
2015-12-30,1.35,3.72,2.6976215277777778,76.47916666666667,3.4369270833333334,13644.5775,9.370416666666666,2.37,3,C03,cluster_03_mild_humid_normal_wind
2015-12-31,1.0,8.13,4.362065972222222,67.34201388888889,2.217743055555556,52795.7708,6.0,7.130000000000001,7,C07,cluster_07_mild_normal_humidity_normal_wind
2016-01-01,2.97,8.61,5.694045138888889,67.36111111111111,3.525416666666666,29771.514,6.800416666666667,5.639999999999999,3,C03,cluster_03_mild_humid_normal_wind
2016-01-02,-3.6025,5.32,2.2855902777777777,67.08854166666667,2.5703645833333333,47844.0294,14.366666666666667,8.9225,3,C03,cluster_03_mild_humid_normal_wind
2016-01-03,-5.42,1.32,-2.343576388888889,42.0,1.5157118055555554,66913.7463,16.32,6.74,4,C04,cluster_04_cold_normal_humidity_normal_wind
2016-01-04,-6.23,2.33,-0.9234548611111112,56.19097222222222,1.33203125,21012.0642,16.32,8.56,4,C04,cluster_04_cold_normal_humidity_normal_wind
2016-01-05,0.7,5.88,2.8266666666666667,68.22743055555556,1.1519965277777775,39773.3239,16.32,5.18,3,C03,cluster_03_mild_humid_normal_wind
2016-01-06,-1.06,6.88,3.650104166666667,71.08506944444444,1.270607638888889,31744.6723,16.32,7.939999999999999,3,C03,cluster_03_mild_humid_normal_wind
2016-01-07,-1.5,10.41,4.981354166666667,72.44965277777777,1.3841319444444444,55553.5518,16.32,11.91,4,C04,cluster_04_cold_normal_humidity_normal_wind
2016-01-08,3.87,9.54,6.650434027777778,75.65972222222223,2.957048611111111,13474.7369,12.21875,5.669999999999999,3,C03,cluster_03_mild_humid_normal_wind
2016-01-09,3.25,7.68,5.397829861111111,85.82291666666667,2.252482638888889,24195.1081,17.685833333333335,4.43,3,C03,cluster_03_mild_humid_normal_wind
2016-01-10,-4.0867,6.36,1.9141319444444445,75.25520833333333,2.5644270833333334,66078.355,6.377916666666667,10.4467,7,C07,cluster_07_mild_normal_humidity_normal_wind
2016-01-11,-4.11,5.59,2.0897222222222225,58.41319444444444,1.7308854166666667,63579.612,3.36,9.7,0,C00,cluster_00_mild_normal_humidity_normal_wind
2016-01-12,0.17,7.74,3.285017361111111,60.14756944444444,1.1286979166666666,25473.9421,3.36,7.57,11,C11,cluster_11_mild_normal_humidity_normal_wind
2016-01-13,-0.73,9.31,3.469114583333333,55.28819444444444,1.159548611111111,72766.2456,3.36,10.04,0,C00,cluster_00_mild_normal_humidity_normal_wind
2016-01-14,2.89,11.28,5.632482638888889,50.01215277777778,1.2377430555555555,73335.6892,3.36,8.389999999999999,0,C00,cluster_00_mild_normal_humidity_normal_wind
2016-01-15,0.1608,11.46,6.61142361111111,43.89930555555556,0.9663368055555556,62035.5775,3.36,11.2992,0,C00,cluster_00_mild_normal_humidity_normal_wind
2016-01-16,-2.03,8.87,2.604809027777778,62.18229166666666,1.1556770833333332,67105.9443,3.36,10.9,0,C00,cluster_00_mild_normal_humidity_normal_wind
2016-01-17,-1.27,8.77,3.788802083333333,64.12847222222223,1.982951388888889,73335.6892,3.36,10.04,0,C00,cluster_00_mild_normal_humidity_normal_wind
2016-01-18,0.74,9.64,5.192395833333333,59.078125,2.978333333333333,73335.6892,3.36,8.9,7,C07,cluster_07_mild_normal_humidity_normal_wind
2016-01-19,4.4,9.69,7.741215277777777,55.28819444444444,3.4944791666666664,50810.9259,3.36,5.289999999999999,7,C07,cluster_07_mild_normal_humidity_normal_wind
2016-01-20,5.75,11.91,8.106770833333334,60.560763888888886,1.5362847222222222,50349.1907,3.36,6.16,11,C11,cluster_11_mild_normal_humidity_normal_wind
2016-01-21,3.72,12.34,7.455920138888889,57.817708333333336,1.52546875,66219.0243,3.36,8.62,0,C00,cluster_00_mild_normal_humidity_normal_wind
2016-01-22,3.73,11.79,7.585590277777778,56.40104166666666,1.5750347222222223,62928.3357,3.38875,8.059999999999999,0,C00,cluster_00_mild_normal_humidity_normal_wind
2016-01-23,5.93,8.2,7.009496527777777,77.22743055555556,2.1930208333333336,15301.9045,10.092916666666666,2.27,3,C03,cluster_03_mild_humid_normal_wind
2016-01-24,5.2775,11.37,8.159131944444445,71.625,2.726961805555556,33911.628,7.38875,6.092499999999999,3,C03,cluster_03_mild_humid_normal_wind
2016-01-25,0.1142,5.83,3.938993055555556,74.95659722222223,0.9086631944444444,48010.7712,7.631666666666667,5.7158,11,C11,cluster_11_mild_normal_humidity_normal_wind
2016-01-26,-3.135,2.17,0.3396701388888889,62.37152777777778,1.377048611111111,38664.8498,5.04,5.305,11,C11,cluster_11_mild_normal_humidity_normal_wind
2016-01-27,-9.2,0.32,-4.225972222222222,71.06423611111111,1.4296006944444446,52617.4449,5.04,9.52,4,C04,cluster_04_cold_normal_humidity_normal_wind
2016-01-28,-10.84,-0.32,-6.339340277777778,62.71875,1.3648090277777778,61410.7021,5.04,10.52,4,C04,cluster_04_cold_normal_humidity_normal_wind
2016-01-29,-10.48,2.11,-4.8845833333333335,54.29861111111112,1.2423784722222222,64093.4933,5.04,12.59,4,C04,cluster_04_cold_normal_humidity_normal_wind
2016-01-30,-9.3,4.62,-1.1827604166666663,57.53819444444444,1.0402604166666665,58054.9764,5.04,13.920000000000002,0,C00,cluster_00_mild_normal_humidity_normal_wind
2016-01-31,-2.3,6.64,1.803263888888889,62.50173611111112,1.5285069444444443,18013.9163,5.04,8.94,11,C11,cluster_11_mild_normal_humidity_normal_wind
2016-02-01,-1.53,5.93,1.8280034722222225,68.45486111111111,1.50953125,65260.3621,5.04,7.46,0,C00,cluster_00_mild_normal_humidity_normal_wind
2016-02-02,-0.51,7.64,3.508107638888889,61.64236111111112,1.0650173611111111,14001.4551,5.04,8.15,11,C11,cluster_11_mild_normal_humidity_normal_wind
2016-02-03,-4.8625,7.07,1.4619618055555557,68.40625,1.5713541666666666,63538.3332,3.31875,11.9325,0,C00,cluster_00_mild_normal_humidity_normal_wind
2016-02-04,-5.64,8.57,2.321041666666667,59.62673611111112,0.9647916666666668,73335.6892,2.88,14.21,0,C00,cluster_00_mild_normal_humidity_normal_wind
2016-02-05,0.0,11.76,5.746666666666666,53.36631944444444,1.371857638888889,71330.9349,2.88,11.76,0,C00,cluster_00_mild_normal_humidity_normal_wind
2016-02-06,3.65,14.82,9.77375,43.88194444444444,1.4925,54488.3462,3.5179166666666664,11.17,0,C00,cluster_00_mild_normal_humidity_normal_wind
2016-02-07,4.5708,12.36,8.630399305555555,63.020833333333336,2.168767361111111,50036.4278,6.718333333333334,7.789199999999999,7,C07,cluster_07_mild_normal_humidity_normal_wind
2016-02-08,-7.79,4.5,-1.4657118055555556,81.38888888888889,3.0233506944444444,21011.3387,14.34375,12.29,3,C03,cluster_03_mild_humid_normal_wind
2016-02-09,-10.42,-0.56,-5.810486111111112,69.77604166666667,2.5403125,70980.54089999999,14.4,9.86,4,C04,cluster_04_cold_normal_humidity_normal_wind
2016-02-10,-10.52,2.08,-3.36453125,62.692708333333336,1.400121527777778,49900.0314,14.4,12.6,4,C04,cluster_04_cold_normal_humidity_normal_wind
2016-02-11,-8.4267,2.76,-3.0166145833333333,65.22395833333333,0.8572222222222222,47762.457,14.4,11.1867,4,C04,cluster_04_cold_normal_humidity_normal_wind
2016-02-12,-8.87,6.95,-1.7763715277777778,58.20659722222222,0.9720486111111112,73328.7802,14.4,15.82,4,C04,cluster_04_cold_normal_humidity_normal_wind
2016-02-13,-7.0,8.38,0.8453298611111112,56.88368055555556,0.7750520833333333,73335.6892,14.4,15.38,4,C04,cluster_04_cold_normal_humidity_normal_wind
2016-02-14,-2.24,8.85,2.9184027777777777,64.75868055555556,1.2336805555555557,39080.7879,14.4,11.09,4,C04,cluster_04_cold_normal_humidity_normal_wind
2016-02-15,-0.74,10.8,3.861024305555555,66.32118055555556,1.1082291666666668,72911.5294,14.4,11.54,4,C04,cluster_04_cold_normal_humidity_normal_wind
2016-02-16,-1.25,12.34,4.875364583333333,61.60590277777778,1.3664236111111112,71909.9818,14.4,13.59,4,C04,cluster_04_cold_normal_humidity_normal_wind
2016-02-17,-0.19,10.93,4.8719270833333335,56.138888888888886,2.0677777777777777,73199.9845,14.4,11.12,4,C04,cluster_04_cold_normal_humidity_normal_wind
2016-02-18,0.13,11.98,6.469149305555556,58.30381944444444,1.257083333333333,64565.0874,14.4,11.85,4,C04,cluster_04_cold_normal_humidity_normal_wind
2016-02-19,3.56,12.77,8.317881944444444,61.46354166666666,1.3449305555555555,41565.8247,14.4,9.21,8,C08,cluster_08_warm_normal_humidity_normal_wind
2016-02-20,5.59,11.27,8.303923611111111,66.69791666666667,2.173645833333333,22987.775,10.569166666666668,5.68,3,C03,cluster_03_mild_humid_normal_wind
2016-02-21,5.01,14.81,10.315763888888888,53.880208333333336,2.0111284722222225,64654.9665,3.36,9.8,7,C07,cluster_07_mild_normal_humidity_normal_wind
2016-02-22,10.18,16.95,13.299305555555556,34.888888888888886,4.40734375,15603.9643,3.36,6.77,7,C07,cluster_07_mild_normal_humidity_normal_wind
2016-02-23,9.64,20.54,14.85112847222222,30.48784722222222,3.563836805555556,65256.105,4.183333333333334,10.9,2,C02,cluster_02_hot_dry_normal_wind
2016-02-24,3.2008,10.47,7.677256944444445,70.64756944444444,1.29390625,39846.9688,6.65125,7.2692,11,C11,cluster_11_mild_normal_humidity_normal_wind
2016-02-25,3.07,14.0,7.839027777777777,65.88541666666667,1.104270833333333,73012.7775,3.6,10.93,0,C00,cluster_00_mild_normal_humidity_normal_wind
2016-02-26,5.15,16.35,10.278263888888889,54.75173611111112,0.9274305555555556,43358.1081,3.6,11.2,0,C00,cluster_00_mild_normal_humidity_normal_wind
2016-02-27,7.0,16.58,12.57237847222222,44.239583333333336,2.3229166666666665,46092.4185,3.6,9.579999999999998,7,C07,cluster_07_mild_normal_humidity_normal_wind
2016-02-28,6.16,12.33,10.001753472222225,61.927083333333336,1.6758680555555554,24083.6204,9.202916666666669,6.17,3,C03,cluster_03_mild_humid_normal_wind
2016-02-29,5.1425,10.22,7.213993055555556,68.69270833333333,3.0291493055555554,14103.2921,3.9879166666666666,5.077500000000001,3,C03,cluster_03_mild_humid_normal_wind
2016-03-01,2.7217,13.12,7.449236111111111,64.77951388888889,2.190399305555556,69772.787,3.12,10.3983,7,C07,cluster_07_mild_normal_humidity_normal_wind
2016-03-02,2.14,14.54,8.579739583333334,63.57118055555556,1.5693402777777778,73328.7802,3.12,12.4,0,C00,cluster_00_mild_normal_humidity_normal_wind
2016-03-03,5.52,14.15,9.354496527777776,64.81770833333333,2.4417534722222225,32116.5656,3.12,8.63,7,C07,cluster_07_mild_normal_humidity_normal_wind
2016-03-04,5.82,15.38,10.887534722222222,58.95659722222222,0.972152777777778,22521.6267,3.12,9.56,11,C11,cluster_11_mild_normal_humidity_normal_wind
2016-03-05,8.12,18.42,12.824826388888887,62.93055555555556,1.0468923611111112,65725.7218,3.12,10.300000000000002,0,C00,cluster_00_mild_normal_humidity_normal_wind
2016-03-06,7.8767,19.12,13.328194444444444,47.32291666666666,2.092777777777778,38302.9706,3.12,11.2433,6,C06,cluster_06_warm_normal_humidity_normal_wind
2016-03-07,2.45,14.16,8.104236111111112,50.27430555555556,2.4485069444444445,73335.6892,3.12,11.71,7,C07,cluster_07_mild_normal_humidity_normal_wind
2016-03-08,2.11,14.64,8.194392361111111,46.1875,0.8780381944444444,73335.6892,3.12,12.53,0,C00,cluster_00_mild_normal_humidity_normal_wind
2016-03-09,4.16,16.47,10.000086805555556,40.192708333333336,1.0361284722222222,59838.1848,3.12,12.31,0,C00,cluster_00_mild_normal_humidity_normal_wind
2016-03-10,5.18,17.52,11.547881944444445,36.68055555555556,0.96625,73176.5945,3.12,12.34,5,C05,cluster_05_warm_normal_humidity_normal_wind
2016-03-11,7.27,15.39,10.594670138888889,49.560763888888886,1.3318229166666666,18220.7682,3.12,8.120000000000001,11,C11,cluster_11_mild_normal_humidity_normal_wind
2016-03-12,5.21,17.37,11.343350694444446,49.41319444444444,2.394375,68284.0836,3.12,12.16,7,C07,cluster_07_mild_normal_humidity_normal_wind
2016-03-13,5.34,15.57,9.796145833333334,50.732638888888886,2.270364583333333,72366.1584,5.095,10.23,7,C07,cluster_07_mild_normal_humidity_normal_wind
2016-03-14,5.14,15.69,11.159114583333333,46.9375,3.44265625,44286.7916,6.306666666666667,10.55,7,C07,cluster_07_mild_normal_humidity_normal_wind
2016-03-15,5.26,15.69,10.306684027777775,48.826388888888886,3.3402604166666667,49858.77,6.577916666666667,10.43,7,C07,cluster_07_mild_normal_humidity_normal_wind
2016-03-16,4.8667,11.35,7.626875,52.55034722222222,1.6588368055555556,34437.8012,6.965833333333333,6.4833,11,C11,cluster_11_mild_normal_humidity_normal_wind
2016-03-17,-2.02,5.9,3.4139756944444444,75.078125,1.2478645833333333,24552.6085,10.1,7.92,11,C11,cluster_11_mild_normal_humidity_normal_wind
2016-03-18,-3.36,8.82,3.878524305555556,57.29166666666666,2.5628125,39980.826,8.64,12.18,7,C07,cluster_07_mild_normal_humidity_normal_wind
2016-03-19,-1.18,12.37,5.712256944444444,42.888888888888886,2.367118055555556,71444.7835,8.64,13.55,7,C07,cluster_07_mild_normal_humidity_normal_wind
2016-03-20,0.59,14.09,8.842534722222222,47.630208333333336,2.389982638888889,28099.864,7.204166666666668,13.5,7,C07,cluster_07_mild_normal_humidity_normal_wind
2016-03-21,7.86,13.64,10.57359375,67.32118055555556,1.5673784722222222,26722.2836,10.048333333333334,5.78,3,C03,cluster_03_mild_humid_normal_wind
2016-03-22,2.6825,11.53,7.511684027777777,80.25,0.9630902777777778,31364.0108,8.962499999999999,8.8475,11,C11,cluster_11_mild_normal_humidity_normal_wind
2016-03-23,2.08,11.13,6.412881944444445,59.97743055555556,2.5370138888888887,65835.2567,5.76,9.05,7,C07,cluster_07_mild_normal_humidity_normal_wind
2016-03-24,2.68,16.02,10.512951388888888,54.73611111111112,1.4179513888888888,36545.5308,5.76,13.34,6,C06,cluster_06_warm_normal_humidity_normal_wind
2016-03-25,7.49,18.14,13.422673611111112,51.513888888888886,1.3536805555555556,24084.8095,5.0495833333333335,10.65,6,C06,cluster_06_warm_normal_humidity_normal_wind
2016-03-26,8.48,14.09,10.767413194444444,70.67361111111111,2.0770138888888887,12222.6145,12.375833333333333,5.609999999999999,3,C03,cluster_03_mild_humid_normal_wind
2016-03-27,8.11,11.12,9.581753472222225,83.08333333333333,2.207152777777777,12628.9083,23.77458333333333,3.01,3,C03,cluster_03_mild_humid_normal_wind
2016-03-28,8.1917,14.26,11.475381944444443,71.53125,1.872048611111111,25206.5956,19.31416666666667,6.068299999999999,3,C03,cluster_03_mild_humid_normal_wind
2016-03-29,4.8992,15.55,10.043732638888889,55.91666666666666,2.5736458333333334,41008.9704,12.322916666666666,10.6508,7,C07,cluster_07_mild_normal_humidity_normal_wind
2016-03-30,2.8692,12.63,7.916944444444444,49.40798611111112,2.53484375,52894.6407,8.874583333333334,9.7608,7,C07,cluster_07_mild_normal_humidity_normal_wind
2016-03-31,1.95,12.37,7.824079861111111,56.93923611111112,1.3317361111111112,15290.7941,11.140416666666669,10.42,11,C11,cluster_11_mild_normal_humidity_normal_wind
2016-04-01,-1.6208,6.09,2.9234722222222222,71.57986111111111,2.1463715277777777,13916.1329,6.862916666666667,7.7108,3,C03,cluster_03_mild_humid_normal_wind
2016-04-02,-2.84,10.62,4.305416666666667,61.22743055555556,1.393767361111111,66484.6435,2.88,13.46,0,C00,cluster_00_mild_normal_humidity_normal_wind
2016-04-03,1.07,14.23,9.266996527777778,46.34375,1.1718229166666667,38549.3756,2.88,13.16,0,C00,cluster_00_mild_normal_humidity_normal_wind
2016-04-04,4.5717,14.07,9.214444444444444,58.68055555555556,2.265746527777777,49887.8777,3.334583333333333,9.4983,7,C07,cluster_07_mild_normal_humidity_normal_wind
2016-04-05,4.03,17.37,11.208090277777778,53.08854166666666,1.01125,59754.6098,3.12,13.34,0,C00,cluster_00_mild_normal_humidity_normal_wind
2016-04-06,6.4417,17.53,12.118715277777778,50.520833333333336,0.7272743055555556,60624.2341,3.12,11.0883,0,C00,cluster_00_mild_normal_humidity_normal_wind
2016-04-07,6.37,18.72,12.778402777777778,52.94791666666666,1.66765625,47411.1866,3.12,12.349999999999998,6,C06,cluster_06_warm_normal_humidity_normal_wind
2016-04-08,5.27,17.82,11.175364583333334,64.85416666666667,1.6505555555555556,37676.7338,5.264166666666667,12.55,11,C11,cluster_11_mild_normal_humidity_normal_wind
2016-04-09,5.53,16.29,11.245538194444444,63.81597222222222,0.6045138888888889,61488.6497,5.6570833333333335,10.759999999999998,0,C00,cluster_00_mild_normal_humidity_normal_wind
2016-04-10,7.69,16.88,13.039826388888889,62.989583333333336,1.0650520833333337,18023.1028,5.370416666666667,9.189999999999998,11,C11,cluster_11_mild_normal_humidity_normal_wind
2016-04-11,8.88,18.49,13.507708333333332,72.24305555555556,1.3477430555555554,15062.1179,10.164583333333333,9.609999999999998,11,C11,cluster_11_mild_normal_humidity_normal_wind
2016-04-12,10.32,14.69,12.900815972222222,77.11111111111111,2.2618229166666666,30728.9675,10.097083333333334,4.369999999999999,3,C03,cluster_03_mild_humid_normal_wind
2016-04-13,8.7408,13.64,11.192673611111111,86.99652777777777,1.5147222222222223,14365.3333,21.627916666666668,4.8992,3,C03,cluster_03_mild_humid_normal_wind
2016-04-14,8.6,18.12,12.77828125,72.92708333333333,1.5710937500000002,42881.2787,12.63125,9.52,8,C08,cluster_08_warm_normal_humidity_normal_wind
2016-04-15,6.86,14.31,10.517118055555557,82.09201388888889,1.3334201388888889,29396.6766,7.608333333333332,7.45,11,C11,cluster_11_mild_normal_humidity_normal_wind
2016-04-16,7.19,17.18,11.738680555555554,73.01736111111111,3.168107638888889,45772.0793,4.054583333333333,9.989999999999998,7,C07,cluster_07_mild_normal_humidity_normal_wind
2016-04-17,4.67,15.21,9.951145833333332,65.66666666666667,3.3125520833333333,35295.4435,7.053333333333333,10.54,7,C07,cluster_07_mild_normal_humidity_normal_wind
2016-04-18,5.61,14.5,10.346284722222222,59.09375,1.0503472222222223,48145.6129,4.38125,8.89,11,C11,cluster_11_mild_normal_humidity_normal_wind
2016-04-19,4.48,15.65,10.160885416666666,62.69965277777778,1.0453472222222222,40505.1164,7.876666666666667,11.17,11,C11,cluster_11_mild_normal_humidity_normal_wind
2016-04-20,4.35,18.81,12.64467013888889,51.701388888888886,1.1640104166666667,64323.4528,6.31625,14.46,5,C05,cluster_05_warm_normal_humidity_normal_wind
2016-04-21,7.23,21.22,15.23142361111111,49.90277777777778,0.8650868055555556,73335.6892,4.32,13.989999999999998,5,C05,cluster_05_warm_normal_humidity_normal_wind
2016-04-22,6.6417,22.97,15.185868055555554,52.82291666666666,1.6152083333333334,53976.723,4.32,16.3283,5,C05,cluster_05_warm_normal_humidity_normal_wind
2016-04-23,6.45,21.09,15.360416666666667,51.41840277777778,1.3652777777777778,67076.2079,4.32,14.64,5,C05,cluster_05_warm_normal_humidity_normal_wind
2016-04-24,12.91,22.52,17.479774305555555,45.005208333333336,1.560954861111111,48115.3939,4.32,9.61,6,C06,cluster_06_warm_normal_humidity_normal_wind
2016-04-25,12.65,22.22,17.17817708333333,50.50173611111112,1.0974131944444443,36428.7053,5.824166666666667,9.57,6,C06,cluster_06_warm_normal_humidity_normal_wind
2016-04-26,13.55,25.12,19.46583333333333,46.796875,1.2065972222222223,36918.7258,9.224166666666669,11.57,6,C06,cluster_06_warm_normal_humidity_normal_wind
2016-04-27,14.73,27.75,20.80762152777778,37.11631944444444,0.9080729166666666,56567.607,11.04,13.02,5,C05,cluster_05_warm_normal_humidity_normal_wind
2016-04-28,14.77,27.25,20.72829861111111,41.26736111111112,1.2794097222222225,19917.0614,6.2825,12.48,6,C06,cluster_06_warm_normal_humidity_normal_wind
2016-04-29,14.67,24.52,19.24887152777778,52.56597222222222,1.8172222222222223,17170.1368,4.945833333333334,9.85,6,C06,cluster_06_warm_normal_humidity_normal_wind
2016-04-30,13.88,21.7,17.097795138888888,56.56597222222222,2.3614756944444446,51519.6046,6.735833333333334,7.8199999999999985,6,C06,cluster_06_warm_normal_humidity_normal_wind
2016-05-01,12.7792,23.89,18.218645833333333,44.583333333333336,2.5567881944444446,62149.5072,8.64,11.1108,5,C05,cluster_05_warm_normal_humidity_normal_wind
2016-05-02,10.0,22.42,16.51763888888889,56.125,2.6338194444444443,18520.2537,5.7775,12.420000000000002,6,C06,cluster_06_warm_normal_humidity_normal_wind
2016-05-03,9.71,21.85,16.5765625,57.51041666666666,1.3165798611111112,23984.6167,4.32,12.14,6,C06,cluster_06_warm_normal_humidity_normal_wind
2016-05-04,13.4,24.75,19.960399305555555,48.51215277777778,1.0372569444444446,34177.084,4.32,11.35,6,C06,cluster_06_warm_normal_humidity_normal_wind
2016-05-05,13.7375,25.04,20.463402777777777,39.69444444444444,2.0402430555555555,22305.005,4.32,11.302499999999998,6,C06,cluster_06_warm_normal_humidity_normal_wind
2016-05-06,13.03,21.42,16.214045138888892,59.44791666666666,1.5967881944444444,15279.3454,8.610416666666667,8.390000000000002,6,C06,cluster_06_warm_normal_humidity_normal_wind
2016-05-07,13.75,25.16,18.9915625,46.703125,2.135520833333333,27411.8694,9.942916666666669,11.41,6,C06,cluster_06_warm_normal_humidity_normal_wind
2016-05-08,13.0517,23.36,18.44439236111111,53.72048611111112,1.0923784722222225,43682.4962,3.2729166666666667,10.3083,6,C06,cluster_06_warm_normal_humidity_normal_wind
2016-05-09,9.0567,23.0,16.194826388888888,56.44965277777778,2.3638194444444443,13076.5681,3.6,13.9433,6,C06,cluster_06_warm_normal_humidity_normal_wind
2016-05-10,9.03,23.93,16.95486111111111,54.18402777777778,1.8516145833333333,33314.8031,3.492916666666667,14.9,6,C06,cluster_06_warm_normal_humidity_normal_wind
2016-05-11,11.8,22.05,16.166961805555555,64.92013888888889,1.0747916666666668,20121.2896,7.484583333333333,10.25,6,C06,cluster_06_warm_normal_humidity_normal_wind
2016-05-12,11.54,19.65,15.254409722222224,61.69618055555556,1.1235069444444443,31871.3085,14.585833333333332,8.11,8,C08,cluster_08_warm_normal_humidity_normal_wind
2016-05-13,11.28,25.27,18.838315972222222,45.30902777777778,1.7358680555555557,67453.0909,18.96,13.99,8,C08,cluster_08_warm_normal_humidity_normal_wind
2016-05-14,14.24,27.19,21.332916666666662,40.65104166666666,1.8827256944444448,57454.7674,18.96,12.95,8,C08,cluster_08_warm_normal_humidity_normal_wind
2016-05-15,16.46,28.36,22.913697916666667,37.529513888888886,1.67296875,60118.2145,18.96,11.9,8,C08,cluster_08_warm_normal_humidity_normal_wind
2016-05-16,16.38,32.05,24.64371527777778,36.27256944444444,3.17578125,39790.6569,18.96,15.669999999999998,2,C02,cluster_02_hot_dry_normal_wind
2016-05-17,16.78,29.7,23.8940625,34.37847222222222,2.6449652777777777,44715.0502,12.37125,12.919999999999998,2,C02,cluster_02_hot_dry_normal_wind
2016-05-18,17.48,30.49,24.001388888888886,36.87152777777778,1.6509548611111111,20815.9018,4.114583333333333,13.009999999999998,6,C06,cluster_06_warm_normal_humidity_normal_wind
2016-05-19,16.42,29.36,22.277829861111112,42.270833333333336,2.3329340277777777,18730.9288,4.667083333333333,12.939999999999998,6,C06,cluster_06_warm_normal_humidity_normal_wind
2016-05-20,12.0092,27.83,20.289843750000003,49.27604166666666,2.3920833333333333,43060.4008,2.88,15.820799999999998,6,C06,cluster_06_warm_normal_humidity_normal_wind
2016-05-21,10.5233,24.79,17.53798611111111,56.34027777777778,2.9200694444444446,58077.9,2.88,14.266699999999998,2,C02,cluster_02_hot_dry_normal_wind
2016-05-22,10.5,27.5,20.33751736111111,33.03125,1.512361111111111,61137.181,2.88,17.0,5,C05,cluster_05_warm_normal_humidity_normal_wind
2016-05-23,17.69,28.58,22.831684027777776,29.23090277777778,1.4738368055555555,64642.4865,2.88,10.889999999999995,10,C10,cluster_10_hot_dry_normal_wind
2016-05-24,17.5,29.94,23.039392361111112,29.92013888888889,1.66,30922.5051,2.88,12.44,6,C06,cluster_06_warm_normal_humidity_normal_wind
2016-05-25,14.06,25.84,20.671024305555555,32.47569444444444,2.977534722222222,67215.2438,2.88,11.78,2,C02,cluster_02_hot_dry_normal_wind
2016-05-26,14.02,28.35,22.19427083333333,29.053819444444443,1.239270833333333,66505.8184,2.88,14.330000000000002,5,C05,cluster_05_warm_normal_humidity_normal_wind
2016-05-27,18.95,30.78,24.51644097222222,21.99305555555556,1.5903993055555556,71903.9559,2.88,11.830000000000002,10,C10,cluster_10_hot_dry_normal_wind
2016-05-28,19.34,32.62,26.05144097222222,20.65798611111111,2.393125,64140.3886,2.88,13.279999999999998,10,C10,cluster_10_hot_dry_normal_wind
2016-05-29,17.7658,34.17,26.404027777777777,16.74652777777778,2.4737500000000003,66981.2599,2.88,16.404200000000003,2,C02,cluster_02_hot_dry_normal_wind
2016-05-30,16.32,29.15,23.389461805555555,17.758680555555557,2.516024305555556,53880.8463,2.88,12.829999999999998,2,C02,cluster_02_hot_dry_normal_wind
2016-05-31,13.3475,27.1,21.021354166666665,32.342013888888886,2.988072916666667,58434.0072,2.88,13.7525,2,C02,cluster_02_hot_dry_normal_wind
2016-06-01,12.04,25.58,19.068767361111117,47.46354166666666,3.1689756944444443,41303.4491,2.88,13.54,6,C06,cluster_06_warm_normal_humidity_normal_wind
2016-06-02,11.61,25.53,18.466128472222223,49.217013888888886,2.743454861111111,29791.6534,6.9175,13.920000000000002,6,C06,cluster_06_warm_normal_humidity_normal_wind
2016-06-03,11.91,28.26,21.701059027777777,38.770833333333336,1.6355555555555557,67893.0871,10.08,16.35,5,C05,cluster_05_warm_normal_humidity_normal_wind
2016-06-04,16.51,31.39,25.289600694444445,27.76736111111111,1.2045138888888889,54688.9781,10.08,14.88,10,C10,cluster_10_hot_dry_normal_wind
2016-06-05,19.56,32.69,26.09857638888889,22.59027777777778,3.007708333333333,60337.9833,10.08,13.13,2,C02,cluster_02_hot_dry_normal_wind
2016-06-06,20.02,32.17,26.17404513888889,22.42708333333333,1.31125,36583.3227,10.08,12.150000000000002,10,C10,cluster_10_hot_dry_normal_wind
2016-06-07,20.2525,34.28,26.88454861111111,16.413194444444443,1.8002256944444446,69487.7961,10.08,14.0275,10,C10,cluster_10_hot_dry_normal_wind
2016-06-08,17.8433,31.58,24.796770833333333,22.23090277777778,2.674027777777778,73335.6892,10.08,13.7367,2,C02,cluster_02_hot_dry_normal_wind
2016-06-09,17.26,33.53,25.283871527777777,28.944444444444443,2.102847222222222,50943.9687,10.08,16.27,10,C10,cluster_10_hot_dry_normal_wind
2016-06-10,20.47,32.82,26.1521875,25.131944444444443,2.3896354166666667,22447.4647,6.32625,12.35,6,C06,cluster_06_warm_normal_humidity_normal_wind
2016-06-11,15.8225,34.23,25.85302083333333,32.498263888888886,2.5478645833333333,51471.4971,3.6,18.4075,2,C02,cluster_02_hot_dry_normal_wind
2016-06-12,14.645,29.24,21.538038194444443,44.55034722222222,3.678368055555555,69649.0965,3.6,14.595,2,C02,cluster_02_hot_dry_normal_wind
2016-06-13,12.7758,24.72,19.030572916666667,52.375,3.852447916666667,67240.59,3.6,11.9442,2,C02,cluster_02_hot_dry_normal_wind
2016-06-14,12.75,29.13,21.886527777777776,32.526041666666664,1.6578472222222222,73335.6892,3.6,16.38,10,C10,cluster_10_hot_dry_normal_wind
2016-06-15,13.91,31.3,24.059531250000003,24.13020833333333,1.6039930555555555,73335.6892,3.6,17.39,10,C10,cluster_10_hot_dry_normal_wind
2016-06-16,19.1267,32.39,26.141875,23.94097222222222,3.336736111111111,27447.0121,3.6,13.2633,2,C02,cluster_02_hot_dry_normal_wind
2016-06-17,16.315,32.39,24.396753472222223,33.810763888888886,2.851319444444444,54507.3536,3.6,16.075,2,C02,cluster_02_hot_dry_normal_wind
2016-06-18,15.82,33.02,24.344097222222224,37.57291666666666,2.8236631944444444,51213.7958,3.6,17.200000000000003,2,C02,cluster_02_hot_dry_normal_wind
2016-06-19,16.43,33.44,24.957881944444445,36.08159722222222,2.6900347222222223,65055.2231,3.6,17.009999999999998,2,C02,cluster_02_hot_dry_normal_wind
2016-06-20,17.79,33.5,25.305034722222224,35.53125,2.2965104166666666,57952.0927,3.6,15.71,10,C10,cluster_10_hot_dry_normal_wind
2016-06-21,18.01,32.28,25.290659722222223,39.84375,2.59359375,32173.8192,3.6,14.27,6,C06,cluster_06_warm_normal_humidity_normal_wind
2016-06-22,19.31,31.92,25.79477430555556,37.77777777777778,2.3060069444444444,31974.2157,7.133333333333334,12.610000000000005,6,C06,cluster_06_warm_normal_humidity_normal_wind
2016-06-23,19.79,31.64,25.65987847222222,43.765625,1.914826388888889,38315.9631,8.272916666666667,11.85,6,C06,cluster_06_warm_normal_humidity_normal_wind
2016-06-24,19.91,32.29,25.951875,32.526041666666664,1.6518229166666667,64675.2178,4.056666666666667,12.38,10,C10,cluster_10_hot_dry_normal_wind
2016-06-25,19.17,33.5,26.564322916666665,29.04340277777778,2.3146875,58653.8585,4.8,14.329999999999998,10,C10,cluster_10_hot_dry_normal_wind
2016-06-26,18.41,32.63,25.277291666666667,41.14930555555556,2.0928472222222223,52859.3074,4.6554166666666665,14.220000000000002,10,C10,cluster_10_hot_dry_normal_wind
2016-06-27,18.74,33.34,26.208472222222223,35.92881944444444,1.4118923611111112,56804.9201,4.56,14.600000000000003,10,C10,cluster_10_hot_dry_normal_wind
2016-06-28,20.26,34.1,28.049322916666668,30.64583333333333,2.9735069444444444,70425.4985,4.56,13.84,2,C02,cluster_02_hot_dry_normal_wind
2016-06-29,24.26,37.01,30.66795138888889,21.77430555555556,2.202170138888889,52403.5781,4.56,12.749999999999996,10,C10,cluster_10_hot_dry_normal_wind
2016-06-30,23.92,37.23,30.392916666666665,20.24652777777778,1.222986111111111,70472.348,4.56,13.309999999999995,10,C10,cluster_10_hot_dry_normal_wind
2016-07-01,22.4225,38.44,30.769236111111116,21.55208333333333,1.953854166666667,63997.7546,4.56,16.0175,10,C10,cluster_10_hot_dry_normal_wind
2016-07-02,19.3567,36.77,27.701041666666665,38.06423611111112,2.7867708333333336,68504.7662,4.56,17.413300000000003,2,C02,cluster_02_hot_dry_normal_wind
2016-07-03,17.9542,33.75,25.2603125,46.30034722222222,3.344565972222222,72975.7993,4.56,15.7958,2,C02,cluster_02_hot_dry_normal_wind
2016-07-04,17.1625,32.52,24.408628472222222,48.39409722222222,3.2425694444444444,72345.9041,4.56,15.357500000000002,2,C02,cluster_02_hot_dry_normal_wind
2016-07-05,16.39,33.83,25.44116319444445,42.842013888888886,2.0094097222222222,58603.1045,4.56,17.439999999999998,10,C10,cluster_10_hot_dry_normal_wind
2016-07-06,18.6467,32.66,25.677100694444444,40.99305555555556,2.510017361111111,52369.1886,4.56,14.013299999999996,2,C02,cluster_02_hot_dry_normal_wind
2016-07-07,18.39,31.36,24.879236111111112,45.546875,2.293159722222222,56090.1882,4.247083333333332,12.97,2,C02,cluster_02_hot_dry_normal_wind
2016-07-08,18.6,34.39,27.915069444444445,36.302083333333336,1.4233506944444445,69723.5632,3.36,15.79,10,C10,cluster_10_hot_dry_normal_wind
2016-07-09,19.1,33.49,26.32539930555556,45.96354166666666,2.166440972222222,53373.3177,10.349583333333332,14.39,10,C10,cluster_10_hot_dry_normal_wind
2016-07-10,18.55,34.91,26.91592013888889,35.848958333333336,2.923767361111111,71214.0113,18.0,16.359999999999996,2,C02,cluster_02_hot_dry_normal_wind
2016-07-11,18.2958,36.44,27.58071180555556,33.80902777777778,3.2585243055555555,66010.9797,18.0,18.1442,2,C02,cluster_02_hot_dry_normal_wind
2016-07-12,17.1042,33.05,24.081180555555555,46.848958333333336,3.3504861111111115,62691.2853,18.0,15.945799999999998,2,C02,cluster_02_hot_dry_normal_wind
2016-07-13,16.32,31.25,23.33960069444445,49.07986111111112,2.934618055555555,71289.9859,18.0,14.93,2,C02,cluster_02_hot_dry_normal_wind
2016-07-14,16.92,33.9,27.076753472222222,37.47569444444444,3.257274305555556,71762.5889,18.0,16.979999999999997,2,C02,cluster_02_hot_dry_normal_wind
2016-07-15,23.68,35.99,30.06402777777778,23.90451388888889,4.127916666666667,71791.0935,18.0,12.310000000000002,2,C02,cluster_02_hot_dry_normal_wind
2016-07-16,21.7283,38.32,30.413229166666667,21.20833333333333,2.3046527777777777,72757.0571,18.0,16.5917,10,C10,cluster_10_hot_dry_normal_wind
2016-07-17,21.31,35.55,28.49829861111111,32.44618055555556,1.43875,61043.6676,18.0,14.239999999999998,10,C10,cluster_10_hot_dry_normal_wind
2016-07-18,21.85,35.36,29.30053819444445,30.515625,2.646649305555556,65831.242,18.0,13.509999999999998,2,C02,cluster_02_hot_dry_normal_wind
2016-07-19,25.6425,38.41,31.95583333333333,20.44270833333333,2.955555555555556,67500.3703,18.0,12.767499999999998,2,C02,cluster_02_hot_dry_normal_wind
2016-07-20,22.3742,37.94,30.72819444444444,28.23611111111111,2.9682465277777776,73087.247,18.0,15.5658,2,C02,cluster_02_hot_dry_normal_wind
2016-07-21,22.08,40.17,31.998454861111117,23.854166666666668,1.3893055555555556,65916.3325,18.0,18.090000000000003,10,C10,cluster_10_hot_dry_normal_wind
2016-07-22,24.48,40.16,32.7075,19.57465277777778,2.102361111111111,68254.6513,18.0,15.679999999999996,10,C10,cluster_10_hot_dry_normal_wind
2016-07-23,19.9533,38.54,29.40244791666667,30.77083333333333,3.1008854166666664,68759.1909,18.0,18.5867,2,C02,cluster_02_hot_dry_normal_wind
2016-07-24,19.4,38.92,28.979131944444443,28.21527777777778,3.0721180555555554,68438.3412,18.0,19.520000000000003,2,C02,cluster_02_hot_dry_normal_wind
2016-07-25,19.6067,37.11,28.17600694444444,31.1875,2.152552083333333,70077.6065,18.0,17.5033,10,C10,cluster_10_hot_dry_normal_wind
2016-07-26,18.9483,34.58,25.75842013888889,43.29340277777778,3.291614583333333,70512.85339999999,18.0,15.6317,2,C02,cluster_02_hot_dry_normal_wind
2016-07-27,18.47,33.29,25.554357638888888,45.076388888888886,2.955520833333333,71329.8701,18.0,14.82,2,C02,cluster_02_hot_dry_normal_wind
2016-07-28,18.29,33.32,25.733506944444443,46.76041666666666,2.1267881944444444,59706.2196,18.0,15.03,8,C08,cluster_08_warm_normal_humidity_normal_wind
2016-07-29,17.0767,31.1,23.812135416666667,50.06944444444444,2.7044965277777777,64496.2025,9.180416666666666,14.023300000000004,2,C02,cluster_02_hot_dry_normal_wind
2016-07-30,17.01,32.31,25.77387152777778,45.17534722222222,1.0165104166666667,60261.693,3.36,15.3,10,C10,cluster_10_hot_dry_normal_wind
2016-07-31,20.82,35.09,28.07548611111111,37.97048611111112,2.462708333333333,66049.7367,5.673333333333334,14.270000000000003,2,C02,cluster_02_hot_dry_normal_wind
2016-08-01,20.19,35.52,27.78506944444445,37.47916666666666,1.4770138888888888,64816.3298,6.2725,15.330000000000002,10,C10,cluster_10_hot_dry_normal_wind
2016-08-02,20.22,33.51,26.74277777777778,36.560763888888886,1.930277777777777,57464.0396,6.905833333333333,13.29,10,C10,cluster_10_hot_dry_normal_wind
2016-08-03,19.8,33.07,26.204027777777775,37.27430555555556,1.4496701388888888,62952.081,8.16,13.27,10,C10,cluster_10_hot_dry_normal_wind
2016-08-04,19.69,33.49,26.900034722222223,39.09027777777778,1.5337500000000002,67363.4184,8.16,13.8,10,C10,cluster_10_hot_dry_normal_wind
2016-08-05,21.05,33.97,27.465086805555558,38.12847222222222,1.5393576388888888,71476.90669999999,8.16,12.919999999999998,10,C10,cluster_10_hot_dry_normal_wind
2016-08-06,21.1,34.54,27.92496527777778,28.13715277777778,1.3094097222222223,72389.1194,8.16,13.439999999999998,10,C10,cluster_10_hot_dry_normal_wind
2016-08-07,21.85,35.96,28.65241319444445,23.00520833333333,1.6350868055555554,73014.393,8.16,14.11,10,C10,cluster_10_hot_dry_normal_wind
2016-08-08,22.12,36.6,29.00795138888889,20.53298611111111,1.4260416666666669,73279.4406,8.16,14.48,10,C10,cluster_10_hot_dry_normal_wind
2016-08-09,21.3308,35.53,28.35873263888889,32.157986111111114,1.6233854166666668,70693.1984,8.16,14.1992,10,C10,cluster_10_hot_dry_normal_wind
2016-08-10,20.94,35.36,28.26621527777778,27.54513888888889,1.6818229166666667,71800.7135,8.16,14.419999999999998,10,C10,cluster_10_hot_dry_normal_wind
2016-08-11,22.55,35.81,29.313732638888887,19.77951388888889,2.076336805555556,73258.8523,8.16,13.260000000000002,10,C10,cluster_10_hot_dry_normal_wind
2016-08-12,23.28,36.82,30.596822916666667,17.446180555555557,2.010173611111111,72964.688,8.16,13.54,10,C10,cluster_10_hot_dry_normal_wind
2016-08-13,21.6683,37.26,30.28395833333333,23.23090277777778,1.75984375,71314.1594,8.16,15.5917,10,C10,cluster_10_hot_dry_normal_wind
2016-08-14,21.55,35.56,28.39196180555556,37.59027777777778,1.4801736111111112,70079.7065,8.16,14.010000000000002,10,C10,cluster_10_hot_dry_normal_wind
2016-08-15,21.38,33.22,27.020086805555557,40.03993055555556,1.612048611111111,53558.5031,8.16,11.84,10,C10,cluster_10_hot_dry_normal_wind
2016-08-16,21.6167,32.19,26.68927083333333,32.1875,1.8386631944444445,72274.8003,8.16,10.573299999999996,10,C10,cluster_10_hot_dry_normal_wind
2016-08-17,20.82,32.63,26.638159722222223,31.506944444444443,2.309322916666667,72257.6202,8.16,11.810000000000002,10,C10,cluster_10_hot_dry_normal_wind
2016-08-18,19.965,33.42,27.03472222222222,28.71527777777778,1.196041666666667,72929.0277,8.16,13.455000000000002,10,C10,cluster_10_hot_dry_normal_wind
2016-08-19,17.955,32.73,25.54498263888889,36.83680555555556,1.3408159722222222,73044.4515,8.16,14.775,10,C10,cluster_10_hot_dry_normal_wind
2016-08-20,17.3,32.42,24.71418402777778,37.498263888888886,1.644670138888889,72650.0133,8.16,15.12,10,C10,cluster_10_hot_dry_normal_wind
2016-08-21,17.77,31.57,24.430729166666666,42.38194444444444,1.5337847222222225,68586.8885,8.16,13.8,10,C10,cluster_10_hot_dry_normal_wind
2016-08-22,17.9,31.85,24.872413194444444,34.739583333333336,1.1666145833333337,70200.8463,8.16,13.950000000000005,10,C10,cluster_10_hot_dry_normal_wind
2016-08-23,17.7492,32.47,25.12298611111111,31.885416666666668,1.2890625,70548.8762,8.16,14.7208,10,C10,cluster_10_hot_dry_normal_wind
2016-08-24,17.07,32.84,24.61644097222222,42.06944444444444,2.044982638888889,69463.7583,8.16,15.770000000000003,10,C10,cluster_10_hot_dry_normal_wind
2016-08-25,16.96,32.39,24.467065972222223,37.873263888888886,1.551510416666667,71400.9516,8.16,15.43,10,C10,cluster_10_hot_dry_normal_wind
2016-08-26,18.1,35.93,26.786006944444445,31.069444444444443,1.4594270833333334,61054.3585,8.16,17.83,10,C10,cluster_10_hot_dry_normal_wind
2016-08-27,19.4,36.63,27.703142361111112,30.319444444444443,2.1513020833333334,65951.3789,8.16,17.230000000000004,10,C10,cluster_10_hot_dry_normal_wind
2016-08-28,20.12,34.43,27.605,31.460069444444443,1.3203993055555554,60355.7959,8.16,14.31,10,C10,cluster_10_hot_dry_normal_wind
2016-08-29,21.38,35.75,29.23142361111111,24.45138888888889,1.108385416666667,60572.3719,8.16,14.37,10,C10,cluster_10_hot_dry_normal_wind
2016-08-30,21.91,35.33,28.263628472222223,35.46006944444444,1.6820833333333334,62992.9121,8.16,13.419999999999998,10,C10,cluster_10_hot_dry_normal_wind
2016-08-31,22.16,34.63,28.774809027777778,29.43923611111111,2.044965277777778,64519.836,8.16,12.470000000000002,10,C10,cluster_10_hot_dry_normal_wind
2016-09-01,22.6483,34.43,29.076197916666665,26.32465277777778,1.7603993055555556,49096.3106,8.16,11.7817,10,C10,cluster_10_hot_dry_normal_wind
2016-09-02,17.13,31.9,24.39548611111111,46.810763888888886,2.4571875,63048.1797,8.16,14.77,2,C02,cluster_02_hot_dry_normal_wind
2016-09-03,16.73,32.53,24.85253472222222,41.505208333333336,0.9231770833333334,58377.7903,8.16,15.8,10,C10,cluster_10_hot_dry_normal_wind
2016-09-04,18.94,34.01,27.3365625,31.288194444444443,2.929947916666667,55768.4204,8.16,15.069999999999997,2,C02,cluster_02_hot_dry_normal_wind
2016-09-05,17.9425,34.51,26.945208333333333,22.13020833333333,1.9099479166666669,73335.6892,8.16,16.5675,10,C10,cluster_10_hot_dry_normal_wind
2016-09-06,16.53,33.68,24.750503472222224,28.416666666666668,1.577048611111111,73332.2346,8.16,17.15,10,C10,cluster_10_hot_dry_normal_wind
2016-09-07,14.8008,29.68,21.48670138888889,51.24305555555556,3.0763194444444446,66014.6969,6.82875,14.8792,2,C02,cluster_02_hot_dry_normal_wind
2016-09-08,14.0842,28.25,20.514618055555555,48.80555555555556,2.566267361111111,62328.8217,6.30625,14.1658,2,C02,cluster_02_hot_dry_normal_wind
2016-09-09,13.66,29.81,22.475017361111117,41.546875,1.8516145833333333,68931.2067,5.28,16.15,10,C10,cluster_10_hot_dry_normal_wind
2016-09-10,16.5408,31.65,24.143628472222225,40.92534722222222,1.878142361111111,64986.885,5.28,15.109199999999998,10,C10,cluster_10_hot_dry_normal_wind
2016-09-11,15.21,30.73,23.74105902777778,44.74305555555556,1.5072916666666667,62080.7535,5.28,15.52,10,C10,cluster_10_hot_dry_normal_wind
2016-09-12,14.81,30.79,22.502065972222223,48.10069444444444,1.8603819444444445,61914.2558,5.952916666666667,15.98,10,C10,cluster_10_hot_dry_normal_wind
2016-09-13,13.86,28.73,22.19375,46.75347222222222,2.6116666666666664,69704.4075,6.48,14.87,2,C02,cluster_02_hot_dry_normal_wind
2016-09-14,17.43,32.01,24.636701388888888,28.34201388888889,1.3283506944444443,73335.6892,6.48,14.579999999999998,10,C10,cluster_10_hot_dry_normal_wind
2016-09-15,16.93,34.08,25.156579861111112,19.366319444444443,2.513263888888889,73335.6892,6.48,17.15,2,C02,cluster_02_hot_dry_normal_wind
2016-09-16,16.18,31.62,25.02623263888889,22.56597222222222,1.4411284722222222,48835.9404,5.155833333333334,15.44,10,C10,cluster_10_hot_dry_normal_wind
2016-09-17,17.2792,30.78,24.59842013888889,29.21527777777778,2.5936631944444444,47348.9014,3.492916666666667,13.500800000000002,2,C02,cluster_02_hot_dry_normal_wind
2016-09-18,13.0933,27.47,20.116197916666668,47.26909722222222,2.930503472222222,72261.8823,4.32,14.3767,2,C02,cluster_02_hot_dry_normal_wind
2016-09-19,12.01,29.39,21.49375,30.854166666666668,1.1674131944444444,72113.8777,4.32,17.380000000000003,5,C05,cluster_05_warm_normal_humidity_normal_wind
2016-09-20,13.31,30.99,22.476076388888888,24.319444444444443,1.2098958333333334,72473.825,4.32,17.68,10,C10,cluster_10_hot_dry_normal_wind
2016-09-21,15.94,31.24,24.05491319444444,21.663194444444443,2.5953819444444446,73335.6892,4.32,15.3,2,C02,cluster_02_hot_dry_normal_wind
2016-09-22,16.02,31.08,23.62847222222222,17.024305555555557,1.0970833333333332,73335.6892,4.32,15.06,10,C10,cluster_10_hot_dry_normal_wind
2016-09-23,16.93,30.86,23.591128472222223,15.16840277777778,0.9817881944444444,73335.6892,4.32,13.93,10,C10,cluster_10_hot_dry_normal_wind
2016-09-24,13.6117,29.37,22.34895833333333,30.32465277777778,1.6479861111111112,73335.6892,4.32,15.7583,10,C10,cluster_10_hot_dry_normal_wind
2016-09-25,11.8,26.74,17.98654513888889,44.5625,2.249184027777778,73031.1612,4.32,14.939999999999998,5,C05,cluster_05_warm_normal_humidity_normal_wind
2016-09-26,11.47,27.03,19.74333333333333,30.73784722222222,0.9301736111111112,73308.1917,4.32,15.56,5,C05,cluster_05_warm_normal_humidity_normal_wind
2016-09-27,13.61,28.69,21.57982638888889,21.45486111111111,1.2759722222222225,73335.6892,4.32,15.080000000000002,10,C10,cluster_10_hot_dry_normal_wind
2016-09-28,14.49,28.37,21.926128472222224,23.13020833333333,1.4942534722222225,73335.6892,4.32,13.88,10,C10,cluster_10_hot_dry_normal_wind
2016-09-29,8.8533,22.4,15.743836805555556,49.20659722222222,3.399774305555556,72062.709,4.32,13.546699999999998,2,C02,cluster_02_hot_dry_normal_wind
2016-09-30,8.31,22.27,15.00298611111111,51.24131944444444,1.675138888888889,67121.8404,4.210416666666667,13.96,5,C05,cluster_05_warm_normal_humidity_normal_wind
2016-10-01,8.5483,20.96,13.66048611111111,57.28993055555556,2.339774305555556,49296.8854,5.644166666666667,12.411700000000002,7,C07,cluster_07_mild_normal_humidity_normal_wind
2016-10-02,7.64,21.03,14.474322916666663,54.29340277777778,1.4109548611111111,45233.9998,4.56,13.39,5,C05,cluster_05_warm_normal_humidity_normal_wind
2016-10-03,9.01,22.9,15.983211805555555,44.89930555555556,1.0767708333333337,70836.2755,4.56,13.89,5,C05,cluster_05_warm_normal_humidity_normal_wind
2016-10-04,9.09,24.95,17.22373263888889,36.47743055555556,0.8183159722222223,73199.1494,4.56,15.86,5,C05,cluster_05_warm_normal_humidity_normal_wind
2016-10-05,11.13,25.9,18.39671875,31.328125,0.7611631944444445,73335.6892,4.56,14.769999999999998,5,C05,cluster_05_warm_normal_humidity_normal_wind
2016-10-06,11.7,26.55,18.57876736111111,35.276041666666664,1.1813541666666667,72877.1089,4.56,14.85,5,C05,cluster_05_warm_normal_humidity_normal_wind
2016-10-07,11.53,27.53,18.957204861111112,34.302083333333336,1.1555034722222224,73332.2346,4.56,16.0,5,C05,cluster_05_warm_normal_humidity_normal_wind
2016-10-08,10.65,27.76,20.10361111111111,24.56770833333333,1.6112152777777775,43860.6808,4.56,17.11,5,C05,cluster_05_warm_normal_humidity_normal_wind
2016-10-09,11.7842,27.74,19.34703125,20.55208333333333,0.7550520833333334,73241.5791,4.56,15.955799999999998,5,C05,cluster_05_warm_normal_humidity_normal_wind
2016-10-10,11.14,26.94,19.05598958333333,21.84375,1.120017361111111,66428.3564,4.56,15.8,5,C05,cluster_05_warm_normal_humidity_normal_wind
2016-10-11,10.57,26.07,18.248663194444443,31.48611111111111,1.3342013888888888,71430.4975,4.56,15.5,5,C05,cluster_05_warm_normal_humidity_normal_wind
2016-10-12,10.6933,25.52,18.205815972222226,25.397569444444443,1.022326388888889,72983.2925,4.56,14.8267,5,C05,cluster_05_warm_normal_humidity_normal_wind
2016-10-13,8.99,25.26,16.941302083333333,42.00173611111112,1.894861111111111,65923.7995,4.56,16.270000000000003,5,C05,cluster_05_warm_normal_humidity_normal_wind
2016-10-14,9.81,24.47,17.62987847222222,37.30729166666666,2.4252083333333334,73335.6892,4.56,14.659999999999998,5,C05,cluster_05_warm_normal_humidity_normal_wind
2016-10-15,10.8792,23.42,17.071770833333332,36.38194444444444,1.6198263888888889,61875.4853,4.56,12.5408,5,C05,cluster_05_warm_normal_humidity_normal_wind
2016-10-16,9.07,22.15,15.881006944444444,42.85069444444444,1.5005208333333333,73203.1987,4.56,13.079999999999998,5,C05,cluster_05_warm_normal_humidity_normal_wind
2016-10-17,8.165,23.25,15.19420138888889,38.48784722222222,1.3988715277777777,73204.6012,4.56,15.085,5,C05,cluster_05_warm_normal_humidity_normal_wind
2016-10-18,7.35,16.9,11.30670138888889,57.05381944444444,1.9546354166666664,26329.5594,4.4725,9.55,6,C06,cluster_06_warm_normal_humidity_normal_wind
2016-10-19,5.66,18.94,12.651701388888888,54.89756944444444,1.2597222222222222,61065.8342,3.12,13.28,5,C05,cluster_05_warm_normal_humidity_normal_wind
2016-10-20,6.5,20.49,13.923350694444444,49.34722222222222,1.2486631944444444,44930.0445,3.12,13.989999999999998,5,C05,cluster_05_warm_normal_humidity_normal_wind
2016-10-21,5.8967,19.38,11.834670138888889,59.45659722222222,1.8964756944444443,57088.0869,3.12,13.4833,5,C05,cluster_05_warm_normal_humidity_normal_wind
2016-10-22,5.82,18.11,11.795347222222222,55.703125,1.765954861111111,57547.8002,3.12,12.29,0,C00,cluster_00_mild_normal_humidity_normal_wind
2016-10-23,5.56,18.63,12.116041666666668,54.63194444444444,0.9713368055555556,72784.631,3.12,13.07,0,C00,cluster_00_mild_normal_humidity_normal_wind
2016-10-24,5.7,18.42,12.167447916666667,53.71006944444444,1.1709895833333333,66413.3727,3.2883333333333336,12.720000000000002,0,C00,cluster_00_mild_normal_humidity_normal_wind
2016-10-25,7.5,13.47,9.648958333333333,65.80555555555556,1.2239409722222223,53199.598,5.812083333333334,5.970000000000001,11,C11,cluster_11_mild_normal_humidity_normal_wind
2016-10-26,8.41,17.92,13.577378472222222,46.920138888888886,3.957986111111112,53993.7737,8.785833333333334,9.510000000000002,7,C07,cluster_07_mild_normal_humidity_normal_wind
2016-10-27,11.29,20.62,15.262239583333333,44.03298611111112,1.4064236111111112,70171.7975,8.16,9.330000000000002,5,C05,cluster_05_warm_normal_humidity_normal_wind
2016-10-28,10.27,18.89,15.277517361111112,50.38541666666666,0.8865104166666666,40606.009,8.16,8.620000000000001,8,C08,cluster_08_warm_normal_humidity_normal_wind
2016-10-29,11.29,19.88,15.271493055555554,49.74479166666666,0.7471354166666667,50663.3758,3.97,8.59,6,C06,cluster_06_warm_normal_humidity_normal_wind
2016-10-30,10.54,20.79,15.100364583333333,45.76215277777778,0.9664236111111112,63548.8752,2.4,10.25,5,C05,cluster_05_warm_normal_humidity_normal_wind
2016-10-31,10.42,20.4,15.310416666666663,45.296875,1.5819444444444446,57064.6011,4.491666666666666,9.98,5,C05,cluster_05_warm_normal_humidity_normal_wind
2016-11-01,12.62,23.9,17.838958333333334,34.619791666666664,3.1032118055555555,69647.2777,6.77125,11.28,2,C02,cluster_02_hot_dry_normal_wind
2016-11-02,1.5675,19.75,13.108229166666668,53.857638888888886,2.099079861111111,40721.4651,7.760416666666667,18.1825,5,C05,cluster_05_warm_normal_humidity_normal_wind
2016-11-03,0.18,14.08,7.1503645833333325,49.71875,2.149982638888889,73289.0065,6.24,13.9,7,C07,cluster_07_mild_normal_humidity_normal_wind
2016-11-04,3.32,15.35,9.2390625,45.05729166666666,1.83921875,64218.3155,6.24,12.03,0,C00,cluster_00_mild_normal_humidity_normal_wind
2016-11-05,4.69,18.02,11.432291666666666,44.60243055555556,0.8794791666666666,67969.334,6.24,13.329999999999998,5,C05,cluster_05_warm_normal_humidity_normal_wind
2016-11-06,7.0142,15.4,10.901649305555557,59.07986111111112,1.2853993055555557,42067.0908,7.69875,8.3858,11,C11,cluster_11_mild_normal_humidity_normal_wind
2016-11-07,3.49,13.25,8.260885416666667,76.79340277777777,0.9701215277777776,41077.4172,5.057083333333334,9.76,11,C11,cluster_11_mild_normal_humidity_normal_wind
2016-11-08,0.6917,15.91,7.785694444444445,62.72048611111112,1.5097569444444443,73335.6892,2.88,15.2183,0,C00,cluster_00_mild_normal_humidity_normal_wind
2016-11-09,0.68,16.24,7.9668229166666675,45.86111111111112,0.5265972222222222,73335.6892,2.88,15.56,0,C00,cluster_00_mild_normal_humidity_normal_wind
2016-11-10,2.21,17.99,9.962986111111112,43.47569444444444,0.8533854166666667,72415.4262,2.88,15.779999999999998,5,C05,cluster_05_warm_normal_humidity_normal_wind
2016-11-11,6.11,20.63,12.593715277777775,45.342013888888886,1.104982638888889,56446.8601,2.88,14.52,5,C05,cluster_05_warm_normal_humidity_normal_wind
2016-11-12,5.76,20.81,11.82579861111111,41.33680555555556,0.5807812499999999,71503.869,2.88,15.05,5,C05,cluster_05_warm_normal_humidity_normal_wind
2016-11-13,5.6,18.65,11.658888888888889,42.59027777777778,1.3802430555555556,34296.0757,2.88,13.05,6,C06,cluster_06_warm_normal_humidity_normal_wind
2016-11-14,6.85,20.86,13.696927083333334,35.552083333333336,0.9117013888888889,66379.8476,2.88,14.01,5,C05,cluster_05_warm_normal_humidity_normal_wind
2016-11-15,7.37,20.27,14.231753472222222,37.828125,0.9772395833333332,15463.8581,2.88,12.9,6,C06,cluster_06_warm_normal_humidity_normal_wind
2016-11-16,9.67,18.57,14.03326388888889,31.322916666666668,2.1452430555555555,14706.2753,2.88,8.9,6,C06,cluster_06_warm_normal_humidity_normal_wind
2016-11-17,10.08,18.03,14.54404513888889,31.776041666666668,3.700138888888889,18133.866,2.88,7.950000000000001,6,C06,cluster_06_warm_normal_humidity_normal_wind
2016-11-18,1.8283,18.2,10.80453125,49.942708333333336,1.9269444444444448,56991.4459,2.88,16.3717,5,C05,cluster_05_warm_normal_humidity_normal_wind
2016-11-19,-0.34,10.94,4.640052083333334,62.20659722222222,2.585208333333333,71327.1718,2.88,11.28,7,C07,cluster_07_mild_normal_humidity_normal_wind
2016-11-20,-0.2208,7.79,3.494618055555556,57.86631944444444,2.246909722222222,17928.6493,2.540833333333333,8.0108,11,C11,cluster_11_mild_normal_humidity_normal_wind
2016-11-21,-2.95,5.79,0.868263888888889,49.68055555555556,1.98515625,46282.3281,2.4,8.74,7,C07,cluster_07_mild_normal_humidity_normal_wind
2016-11-22,-7.23,2.19,-2.4871701388888887,51.01215277777778,2.4007638888888887,42575.6067,2.4,9.42,7,C07,cluster_07_mild_normal_humidity_normal_wind
2016-11-23,-8.8617,-0.33,-4.969045138888889,44.404513888888886,3.1902951388888887,63347.9432,2.4,8.5317,7,C07,cluster_07_mild_normal_humidity_normal_wind
2016-11-24,-9.67,-0.37,-5.85342013888889,47.967013888888886,1.7987499999999998,70393.7354,2.4,9.3,0,C00,cluster_00_mild_normal_humidity_normal_wind
2016-11-25,-11.37,4.33,-3.1619444444444444,38.467013888888886,1.3042534722222223,73335.6892,2.4,15.7,0,C00,cluster_00_mild_normal_humidity_normal_wind
2016-11-26,-7.39,5.71,-0.9705902777777776,35.263888888888886,2.485902777777778,73335.6892,2.4,13.1,7,C07,cluster_07_mild_normal_humidity_normal_wind
2016-11-27,-4.74,7.69,1.445451388888889,39.33854166666666,1.598263888888889,73335.6892,2.4,12.43,0,C00,cluster_00_mild_normal_humidity_normal_wind
2016-11-28,-1.51,9.59,2.915503472222222,42.67534722222222,1.0032118055555557,73311.6464,2.4,11.1,0,C00,cluster_00_mild_normal_humidity_normal_wind
2016-11-29,-0.39,12.05,4.998715277777778,29.18923611111111,0.8290451388888889,73335.6892,2.4,12.44,0,C00,cluster_00_mild_normal_humidity_normal_wind
2016-11-30,1.59,12.3,6.497100694444445,22.39236111111111,1.668107638888889,64118.1608,2.4,10.71,0,C00,cluster_00_mild_normal_humidity_normal_wind
2016-12-01,4.23,9.86,7.795746527777778,51.89756944444444,3.88703125,12995.9466,7.411666666666666,5.629999999999999,3,C03,cluster_03_mild_humid_normal_wind
2016-12-02,5.7683,8.79,7.405902777777778,81.28993055555556,4.3446875,21932.9508,14.299583333333333,3.021699999999999,3,C03,cluster_03_mild_humid_normal_wind
2016-12-03,2.585,12.94,7.913854166666667,54.967013888888886,1.4584374999999998,67177.6303,10.32,10.355,0,C00,cluster_00_mild_normal_humidity_normal_wind
2016-12-04,0.48,14.21,7.459184027777777,43.19965277777778,0.8928472222222221,61345.0153,10.32,13.73,0,C00,cluster_00_mild_normal_humidity_normal_wind
2016-12-05,2.27,13.8,8.617065972222223,46.36284722222222,1.703246527777778,61563.2066,8.973333333333334,11.53,0,C00,cluster_00_mild_normal_humidity_normal_wind
2016-12-06,-4.7117,10.19,4.710590277777778,77.37673611111111,1.4975868055555557,34227.5926,9.836666666666666,14.9017,4,C04,cluster_04_cold_normal_humidity_normal_wind
2016-12-07,-6.08,8.93,1.2418229166666666,43.50868055555556,0.9562326388888888,73335.6892,10.32,15.01,4,C04,cluster_04_cold_normal_humidity_normal_wind
2016-12-08,-2.79,7.49,1.6934895833333334,44.51909722222222,1.88515625,19621.4983,10.32,10.28,11,C11,cluster_11_mild_normal_humidity_normal_wind
2016-12-09,-4.21,5.07,-0.2293576388888888,54.34548611111112,1.916180555555556,72601.3575,10.32,9.28,4,C04,cluster_04_cold_normal_humidity_normal_wind
2016-12-10,-2.61,7.73,2.1551736111111115,46.38368055555556,0.9357118055555556,73215.3351,10.32,10.34,4,C04,cluster_04_cold_normal_humidity_normal_wind
2016-12-11,-1.1667,8.03,3.4897743055555552,52.685763888888886,1.4578819444444444,65962.9708,4.3025,9.1967,0,C00,cluster_00_mild_normal_humidity_normal_wind
2016-12-12,-2.67,8.48,3.1319270833333333,49.52604166666666,1.889895833333333,73315.1008,3.12,11.15,0,C00,cluster_00_mild_normal_humidity_normal_wind
2016-12-13,-0.34,9.62,4.454652777777778,48.40972222222222,2.403559027777778,29916.442,3.12,9.96,7,C07,cluster_07_mild_normal_humidity_normal_wind
2016-12-14,0.66,10.65,6.069097222222222,45.47569444444444,2.9438194444444448,69241.598,3.0708333333333333,9.99,7,C07,cluster_07_mild_normal_humidity_normal_wind
2016-12-15,-1.93,5.5,2.5223090277777778,67.90104166666667,2.345763888888889,46709.4503,7.273750000000001,7.43,7,C07,cluster_07_mild_normal_humidity_normal_wind
2016-12-16,-2.13,4.54,0.9364930555555556,54.43229166666666,1.2863194444444443,56745.6166,3.36,6.67,0,C00,cluster_00_mild_normal_humidity_normal_wind
2016-12-17,-4.7367,6.78,1.20078125,52.0,1.0906250000000002,41980.24,3.36,11.5167,0,C00,cluster_00_mild_normal_humidity_normal_wind
2016-12-18,-6.63,2.68,-2.8582638888888887,55.69444444444444,1.5270486111111112,58249.819,3.36,9.31,0,C00,cluster_00_mild_normal_humidity_normal_wind
2016-12-19,-4.15,4.04,0.4666840277777778,57.40277777777778,3.296423611111111,58308.0013,3.36,8.190000000000001,7,C07,cluster_07_mild_normal_humidity_normal_wind
2016-12-20,-4.32,4.73,0.4783506944444444,66.78298611111111,1.631822916666667,45194.6956,3.36,9.05,11,C11,cluster_11_mild_normal_humidity_normal_wind
2016-12-21,-5.39,5.5,-0.1314756944444444,64.66145833333333,0.8022395833333333,65278.8999,3.36,10.89,0,C00,cluster_00_mild_normal_humidity_normal_wind
2016-12-22,-3.6308,6.61,1.822534722222222,60.859375,1.0521874999999998,32309.1679,3.36,10.2408,11,C11,cluster_11_mild_normal_humidity_normal_wind
2016-12-23,-4.42,6.45,-0.1673784722222222,61.09548611111112,0.8472222222222222,73279.4406,3.36,10.87,0,C00,cluster_00_mild_normal_humidity_normal_wind
2016-12-24,-3.26,4.81,1.9491840277777777,70.89583333333333,2.2846527777777776,12533.5295,6.0475,8.07,3,C03,cluster_03_mild_humid_normal_wind
2016-12-25,2.46,5.38,4.009166666666667,87.04513888888889,2.680381944444445,12317.3831,15.877083333333337,2.92,3,C03,cluster_03_mild_humid_normal_wind
2016-12-26,0.18,7.43,4.443385416666667,76.97569444444444,1.4597916666666668,32813.7731,3.6,7.25,11,C11,cluster_11_mild_normal_humidity_normal_wind
2016-12-27,-0.38,4.565,2.777326388888889,80.8125,1.974809027777778,12463.6921,9.700833333333334,4.945,3,C03,cluster_03_mild_humid_normal_wind
2016-12-28,-2.9,6.24,2.96453125,81.53125,1.7699652777777777,49954.9031,8.424166666666666,9.14,11,C11,cluster_11_mild_normal_humidity_normal_wind
2016-12-29,-3.05,8.63,2.8488020833333336,57.826388888888886,1.988784722222222,48130.4048,6.48,11.68,7,C07,cluster_07_mild_normal_humidity_normal_wind
2016-12-30,1.21,11.83,6.186180555555556,68.94444444444444,0.5955902777777777,66497.4851,6.48,10.62,0,C00,cluster_00_mild_normal_humidity_normal_wind
2016-12-31,5.12,10.75,7.184392361111112,74.203125,1.9378819444444444,35877.9796,6.48,5.63,3,C03,cluster_03_mild_humid_normal_wind
2017-01-01,1.6858,10.98,7.301128472222222,69.29340277777777,1.1077083333333333,15871.4191,6.206250000000001,9.2942,11,C11,cluster_11_mild_normal_humidity_normal_wind
2017-01-02,0.7867,8.89,4.778784722222222,51.748263888888886,1.7395659722222223,72755.1584,5.76,8.1033,0,C00,cluster_00_mild_normal_humidity_normal_wind
2017-01-03,-2.27,7.45,1.9106944444444445,48.65625,1.2133506944444443,73335.6892,5.76,9.72,0,C00,cluster_00_mild_normal_humidity_normal_wind
2017-01-04,-4.4392,6.71,0.873125,54.27430555555556,0.9918229166666666,71472.4479,5.76,11.1492,0,C00,cluster_00_mild_normal_humidity_normal_wind
2017-01-05,-6.96,7.53,-0.6484722222222222,48.348958333333336,1.1318923611111111,73335.6892,5.76,14.49,0,C00,cluster_00_mild_normal_humidity_normal_wind
2017-01-06,-4.03,8.5,1.7605555555555557,39.46006944444444,0.7364756944444444,73335.6892,5.76,12.53,0,C00,cluster_00_mild_normal_humidity_normal_wind
2017-01-07,-3.32,8.83,2.365190972222222,46.404513888888886,0.94265625,73335.6892,5.76,12.15,0,C00,cluster_00_mild_normal_humidity_normal_wind
2017-01-08,-1.71,9.38,3.056232638888889,52.56423611111112,0.8893923611111111,73271.8729,5.76,11.09,0,C00,cluster_00_mild_normal_humidity_normal_wind
2017-01-09,-1.87,9.14,4.784392361111111,62.40277777777778,2.200451388888889,63461.784,5.643750000000001,11.010000000000002,7,C07,cluster_07_mild_normal_humidity_normal_wind
2017-01-10,0.8825,10.39,5.520538194444445,64.89583333333333,0.9853645833333334,64033.8121,4.025,9.5075,0,C00,cluster_00_mild_normal_humidity_normal_wind
2017-01-11,0.08,10.44,4.565954861111112,50.770833333333336,0.5850694444444444,60956.2863,3.6,10.36,0,C00,cluster_00_mild_normal_humidity_normal_wind
2017-01-12,-3.01,9.57,1.992482638888889,54.864583333333336,0.9830208333333332,72640.6624,3.6,12.58,0,C00,cluster_00_mild_normal_humidity_normal_wind
2017-01-13,-2.78,6.41,1.137361111111111,51.01736111111112,0.7493229166666667,69731.8932,3.6,9.19,0,C00,cluster_00_mild_normal_humidity_normal_wind
2017-01-14,-5.05,5.04,-0.2412152777777777,57.703125,1.888472222222222,71009.1089,3.6,10.09,0,C00,cluster_00_mild_normal_humidity_normal_wind
2017-01-15,-4.09,4.12,0.7707465277777777,55.29166666666666,1.3155381944444444,15453.7174,3.6,8.21,11,C11,cluster_11_mild_normal_humidity_normal_wind
2017-01-16,-1.4483,7.22,2.058246527777777,66.16840277777777,1.2417361111111112,61146.4265,3.6,8.6683,0,C00,cluster_00_mild_normal_humidity_normal_wind
2017-01-17,-2.46,8.9,2.7261458333333333,57.97048611111112,0.7141666666666667,48378.1139,3.6,11.36,0,C00,cluster_00_mild_normal_humidity_normal_wind
2017-01-18,-1.43,8.08,2.749895833333333,59.33506944444444,0.93859375,48649.3804,3.6,9.51,0,C00,cluster_00_mild_normal_humidity_normal_wind
2017-01-19,-1.44,8.35,3.0244791666666666,62.185763888888886,1.039704861111111,72703.537,3.6,9.79,0,C00,cluster_00_mild_normal_humidity_normal_wind
2017-01-20,-1.15,7.92,2.759548611111111,67.95833333333333,0.9178298611111112,61231.9956,3.73125,9.07,0,C00,cluster_00_mild_normal_humidity_normal_wind
2017-01-21,0.7,5.11,2.441423611111111,80.72569444444444,0.5794444444444444,18117.1169,8.45875,4.41,11,C11,cluster_11_mild_normal_humidity_normal_wind
2017-01-22,-3.47,5.71,0.9041319444444444,73.828125,0.9578125,30088.6745,5.79625,9.18,11,C11,cluster_11_mild_normal_humidity_normal_wind
2017-01-23,-6.18,3.77,-1.9319791666666664,67.13541666666667,1.7469270833333337,72953.8185,2.88,9.95,0,C00,cluster_00_mild_normal_humidity_normal_wind
2017-01-24,-6.83,3.49,-1.9670138888888888,70.71006944444444,1.283402777777778,49325.9849,2.88,10.32,11,C11,cluster_11_mild_normal_humidity_normal_wind
2017-01-25,-5.18,4.62,1.50109375,57.74131944444444,1.8708854166666669,44022.1598,5.4245833333333335,9.8,11,C11,cluster_11_mild_normal_humidity_normal_wind
2017-01-26,2.53,8.51,5.582899305555555,66.421875,1.9405381944444444,22129.4822,20.10375,5.98,3,C03,cluster_03_mild_humid_normal_wind
2017-01-27,0.78,2.97,2.0060416666666665,91.05729166666669,1.5187326388888889,16476.648,14.452916666666663,2.1900000000000004,3,C03,cluster_03_mild_humid_normal_wind
2017-01-28,-1.6,4.67,1.7016493055555555,83.28125,2.097118055555556,27694.6486,19.40375,6.27,3,C03,cluster_03_mild_humid_normal_wind
2017-01-29,-6.26,1.37,-2.437482638888889,69.47395833333333,1.0565798611111112,50845.2739,40.32,7.63,9,C09,cluster_09_cold_normal_humidity_normal_wind
2017-01-30,-7.2,1.86,-2.118472222222222,55.68229166666666,1.0068055555555555,71165.427,40.32,9.06,9,C09,cluster_09_cold_normal_humidity_normal_wind
2017-01-31,-2.35,4.62,1.3488194444444443,58.18229166666666,2.2332638888888887,21139.5715,39.61416666666666,6.970000000000001,9,C09,cluster_09_cold_normal_humidity_normal_wind
2017-02-01,-3.195,4.77,1.02671875,77.265625,1.3134375,37538.8326,6.840833333333333,7.965,11,C11,cluster_11_mild_normal_humidity_normal_wind
2017-02-02,-8.25,-1.61,-4.587899305555556,74.03993055555556,2.521545138888889,36836.6768,8.64,6.64,3,C03,cluster_03_mild_humid_normal_wind
2017-02-03,-8.9,0.89,-4.815833333333334,52.44444444444444,1.88390625,73328.7802,8.64,9.79,4,C04,cluster_04_cold_normal_humidity_normal_wind
2017-02-04,-9.06,2.33,-3.396909722222222,48.55034722222222,0.7678125,73294.2337,8.64,11.39,4,C04,cluster_04_cold_normal_humidity_normal_wind
2017-02-05,-6.63,3.14,-1.6664756944444443,53.08506944444444,1.2169618055555556,40500.136,8.64,9.77,4,C04,cluster_04_cold_normal_humidity_normal_wind
2017-02-06,-2.55,6.39,0.9417708333333334,58.625,0.9222569444444444,61584.6351,8.64,8.94,4,C04,cluster_04_cold_normal_humidity_normal_wind
2017-02-07,-4.76,7.25,0.2312152777777777,56.14930555555556,1.2312673611111111,73335.6892,8.64,12.01,4,C04,cluster_04_cold_normal_humidity_normal_wind
2017-02-08,-2.68,8.4,2.539791666666667,50.138888888888886,1.7303125,71900.7998,8.64,11.08,4,C04,cluster_04_cold_normal_humidity_normal_wind
2017-02-09,0.77,6.53,3.0646006944444446,66.54166666666667,0.9961111111111112,13651.559,8.640416666666667,5.76,11,C11,cluster_11_mild_normal_humidity_normal_wind
2017-02-10,-4.3008,5.71,0.2788541666666667,79.98958333333333,1.516388888888889,65858.853,11.28,10.0108,4,C04,cluster_04_cold_normal_humidity_normal_wind
2017-02-11,-5.55,3.38,-0.6888194444444444,79.23263888888889,0.7007986111111112,17774.5623,11.28,8.93,11,C11,cluster_11_mild_normal_humidity_normal_wind
2017-02-12,-0.67,2.61,0.97234375,86.65104166666667,1.52765625,23043.0861,9.683333333333332,3.28,3,C03,cluster_03_mild_humid_normal_wind
2017-02-13,-3.0717,0.26,-1.5487847222222222,91.765625,1.2971527777777778,19934.781,9.36,3.3317,3,C03,cluster_03_mild_humid_normal_wind
2017-02-14,-3.35,2.75,-0.29921875,76.921875,1.0399826388888889,66008.9436,9.36,6.1,4,C04,cluster_04_cold_normal_humidity_normal_wind
2017-02-15,-1.73,4.68,2.747256944444445,69.14756944444444,3.2960416666666665,42604.6155,9.014583333333333,6.41,3,C03,cluster_03_mild_humid_normal_wind
2017-02-16,-0.0017,6.51,4.051944444444445,66.90104166666667,1.2797743055555555,46118.4433,6.585416666666666,6.511699999999999,11,C11,cluster_11_mild_normal_humidity_normal_wind
2017-02-17,-5.78,2.05,-2.233767361111111,68.68229166666667,2.052326388888889,20393.7774,3.6,7.83,11,C11,cluster_11_mild_normal_humidity_normal_wind
2017-02-18,-9.34,-0.15,-4.717378472222222,61.37847222222222,1.9690625,63303.8575,3.6,9.19,4,C04,cluster_04_cold_normal_humidity_normal_wind
2017-02-19,-9.12,2.24,-3.407274305555555,40.125,1.0692881944444443,73335.6892,3.6,11.36,0,C00,cluster_00_mild_normal_humidity_normal_wind
2017-02-20,-5.34,4.54,-1.2829861111111112,39.060763888888886,0.9956597222222222,73335.6892,3.6,9.88,0,C00,cluster_00_mild_normal_humidity_normal_wind
2017-02-21,-4.82,5.94,-0.0916319444444444,40.701388888888886,1.0386631944444444,73204.832,3.6,10.760000000000002,0,C00,cluster_00_mild_normal_humidity_normal_wind
2017-02-22,-4.28,6.46,0.9995833333333332,41.34027777777778,0.9807638888888888,73335.6892,3.6,10.74,0,C00,cluster_00_mild_normal_humidity_normal_wind
2017-02-23,-2.29,6.8,1.6849826388888889,46.91840277777778,0.7842881944444444,46736.0404,3.6,9.09,0,C00,cluster_00_mild_normal_humidity_normal_wind
2017-02-24,-3.48,9.13,2.095642361111111,44.85416666666666,1.1050347222222223,73335.6892,3.6,12.61,0,C00,cluster_00_mild_normal_humidity_normal_wind
2017-02-25,-0.72,10.94,4.258506944444445,46.03472222222222,1.4629513888888888,73335.6892,3.6,11.66,0,C00,cluster_00_mild_normal_humidity_normal_wind
2017-02-26,-3.595,12.29,4.098680555555556,45.192708333333336,1.0727777777777776,73335.6892,3.6,15.885,0,C00,cluster_00_mild_normal_humidity_normal_wind
2017-02-27,-3.66,10.18,3.709357638888889,55.296875,0.9763715277777778,71287.2608,3.6,13.84,0,C00,cluster_00_mild_normal_humidity_normal_wind
2017-02-28,-0.22,12.9,6.012274305555556,52.01909722222222,0.9872743055555556,69619.6987,3.6,13.12,0,C00,cluster_00_mild_normal_humidity_normal_wind
2017-03-01,0.79,12.86,6.580954861111112,55.515625,1.3194791666666663,69438.5843,3.6,12.07,0,C00,cluster_00_mild_normal_humidity_normal_wind
2017-03-02,4.31,10.75,7.868298611111111,53.72743055555556,2.073871527777777,12439.5586,3.622916666666667,6.44,11,C11,cluster_11_mild_normal_humidity_normal_wind
2017-03-03,4.09,9.49,7.374687499999999,67.953125,1.17609375,52277.1002,5.60875,5.4,11,C11,cluster_11_mild_normal_humidity_normal_wind
2017-03-04,3.64,10.85,6.977413194444444,70.96180555555556,0.7034375,32603.007,5.074166666666667,7.209999999999999,11,C11,cluster_11_mild_normal_humidity_normal_wind
2017-03-05,-0.33,8.23,3.836961805555556,70.92013888888889,2.449861111111111,56452.1414,6.0,8.56,7,C07,cluster_07_mild_normal_humidity_normal_wind
2017-03-06,-0.8717,4.75,2.0374131944444445,81.38368055555556,1.1642361111111112,25501.2938,4.504166666666666,5.6217,11,C11,cluster_11_mild_normal_humidity_normal_wind
2017-03-07,-1.76,8.26,3.2333854166666667,72.234375,0.8601736111111111,57465.5557,3.6,10.02,0,C00,cluster_00_mild_normal_humidity_normal_wind
2017-03-08,-0.99,9.59,4.077552083333334,68.29861111111111,0.7004513888888888,63574.6973,3.6,10.58,0,C00,cluster_00_mild_normal_humidity_normal_wind
2017-03-09,-1.39,11.03,4.453003472222222,63.795138888888886,1.225954861111111,70594.0167,3.6,12.42,0,C00,cluster_00_mild_normal_humidity_normal_wind
2017-03-10,-2.3,12.91,6.178732638888889,59.11284722222222,1.4199652777777778,73295.9155,3.6,15.21,0,C00,cluster_00_mild_normal_humidity_normal_wind
2017-03-11,4.88,12.02,7.603489583333332,59.73611111111112,3.6939409722222223,19171.5691,5.90625,7.14,3,C03,cluster_03_mild_humid_normal_wind
2017-03-12,3.9,14.53,8.583125,60.638888888888886,1.3153125,69237.8011,8.170833333333333,10.63,0,C00,cluster_00_mild_normal_humidity_normal_wind
2017-03-13,4.37,12.15,7.438680555555556,62.57118055555556,1.911875,13032.4834,7.122916666666667,7.78,3,C03,cluster_03_mild_humid_normal_wind
2017-03-14,3.54,11.95,7.137916666666666,69.08159722222223,2.163038194444445,56029.8631,3.80375,8.41,7,C07,cluster_07_mild_normal_humidity_normal_wind
2017-03-15,1.93,14.26,8.264444444444443,59.76736111111112,0.8218402777777778,62514.3103,4.32,12.33,0,C00,cluster_00_mild_normal_humidity_normal_wind
2017-03-16,5.23,14.12,8.859548611111112,58.53993055555556,2.496753472222222,21496.9888,8.278333333333332,8.889999999999999,3,C03,cluster_03_mild_humid_normal_wind
2017-03-17,4.69,12.52,8.364635416666665,58.13715277777778,0.9281770833333334,52316.1438,3.905,7.829999999999999,11,C11,cluster_11_mild_normal_humidity_normal_wind
2017-03-18,4.5,13.15,9.389322916666666,55.592013888888886,1.9176909722222224,33107.5382,2.4,8.65,11,C11,cluster_11_mild_normal_humidity_normal_wind
2017-03-19,6.65,13.17,9.722725694444444,58.69097222222222,1.6873263888888888,12899.3826,6.483333333333333,6.52,11,C11,cluster_11_mild_normal_humidity_normal_wind
2017-03-20,4.44,12.81,8.422934027777778,68.03298611111111,1.3171875000000002,53971.767,3.7066666666666666,8.370000000000001,11,C11,cluster_11_mild_normal_humidity_normal_wind
2017-03-21,2.9625,9.4,6.261371527777778,66.59548611111111,1.731666666666667,24107.0631,6.417083333333333,6.4375,11,C11,cluster_11_mild_normal_humidity_normal_wind
2017-03-22,2.28,8.97,6.309010416666666,66.37847222222223,1.7702777777777776,36592.5261,5.580416666666667,6.690000000000001,11,C11,cluster_11_mild_normal_humidity_normal_wind
2017-03-23,3.4992,6.7,5.336614583333333,87.59027777777777,1.9623784722222224,12265.8425,18.034166666666668,3.2008,3,C03,cluster_03_mild_humid_normal_wind
2017-03-24,-2.0808,4.98,2.9955034722222225,82.49826388888889,2.1191319444444443,21333.1516,9.777916666666666,7.0608,3,C03,cluster_03_mild_humid_normal_wind
2017-03-25,-2.22,6.88,3.186840277777778,80.0625,1.6817013888888888,35675.655,5.52,9.1,11,C11,cluster_11_mild_normal_humidity_normal_wind
2017-03-26,-0.81,12.16,6.353524305555556,71.33159722222223,1.138871527777778,62313.2337,3.805,12.97,0,C00,cluster_00_mild_normal_humidity_normal_wind
2017-03-27,4.17,15.11,10.206041666666668,58.515625,1.1653819444444444,67096.2299,2.5454166666666667,10.94,0,C00,cluster_00_mild_normal_humidity_normal_wind
2017-03-28,6.69,15.83,11.341788194444444,48.03298611111112,0.7788888888888889,15957.6463,2.4,9.14,11,C11,cluster_11_mild_normal_humidity_normal_wind
2017-03-29,5.3675,16.17,10.705763888888889,54.47569444444444,1.643298611111111,63050.6552,3.1429166666666664,10.802500000000002,0,C00,cluster_00_mild_normal_humidity_normal_wind
2017-03-30,4.91,17.14,11.55267361111111,56.317708333333336,1.5196006944444445,52734.5312,3.21625,12.23,0,C00,cluster_00_mild_normal_humidity_normal_wind
2017-03-31,7.5817,18.24,12.804791666666668,57.295138888888886,0.9111631944444444,26402.872,5.19375,10.6583,11,C11,cluster_11_mild_normal_humidity_normal_wind
2017-04-01,6.94,16.38,11.25357638888889,73.09895833333333,0.9701215277777776,42350.6348,13.885416666666666,9.439999999999998,8,C08,cluster_08_warm_normal_humidity_normal_wind
2017-04-02,3.0992,13.98,8.829166666666667,71.56597222222223,1.573142361111111,14459.1079,8.854166666666666,10.8808,11,C11,cluster_11_mild_normal_humidity_normal_wind
2017-04-03,-0.7875,5.94,3.131996527777778,76.421875,2.1242881944444445,17630.9546,8.253333333333334,6.7275,3,C03,cluster_03_mild_humid_normal_wind
2017-04-04,-1.1,8.78,3.8628645833333337,67.78125,2.54171875,52889.5269,4.8,9.88,7,C07,cluster_07_mild_normal_humidity_normal_wind
2017-04-05,-0.66,15.96,7.740121527777778,46.333333333333336,1.321857638888889,73335.6892,4.8,16.62,0,C00,cluster_00_mild_normal_humidity_normal_wind
2017-04-06,3.36,17.01,10.429600694444444,47.661458333333336,1.765763888888889,73136.821,4.8,13.650000000000002,5,C05,cluster_05_warm_normal_humidity_normal_wind
2017-04-07,6.63,16.3,11.442621527777778,60.89409722222222,1.305902777777778,36962.0601,6.295,9.670000000000002,11,C11,cluster_11_mild_normal_humidity_normal_wind
2017-04-08,7.25,19.56,14.34887152777778,47.85243055555556,1.2583506944444445,47485.6736,7.680000000000001,12.31,8,C08,cluster_08_warm_normal_humidity_normal_wind
2017-04-09,10.89,16.46,13.437048611111113,50.920138888888886,1.6233333333333333,25847.4007,5.5375,5.57,6,C06,cluster_06_warm_normal_humidity_normal_wind
2017-04-10,10.88,21.2,15.43277777777778,45.489583333333336,1.959392361111111,18727.5846,5.072916666666667,10.32,6,C06,cluster_06_warm_normal_humidity_normal_wind
2017-04-11,11.08,20.82,16.569027777777777,50.16840277777778,1.4467708333333331,17115.4772,4.196666666666666,9.74,6,C06,cluster_06_warm_normal_humidity_normal_wind
2017-04-12,9.27,17.95,13.49390625,77.55555555555556,0.8034722222222223,12482.5891,6.777916666666666,8.68,11,C11,cluster_11_mild_normal_humidity_normal_wind
2017-04-13,9.1,21.12,16.764253472222222,64.92013888888889,2.460208333333333,22937.0706,5.308333333333334,12.02,6,C06,cluster_06_warm_normal_humidity_normal_wind
2017-04-14,14.76,23.45,18.85953125,56.484375,3.195954861111111,12229.5236,5.50625,8.69,6,C06,cluster_06_warm_normal_humidity_normal_wind
2017-04-15,11.6017,17.06,14.471822916666667,69.01388888888889,1.8192361111111115,12222.6145,7.896249999999999,5.4583,3,C03,cluster_03_mild_humid_normal_wind
2017-04-16,8.8758,18.54,13.490972222222222,66.67708333333333,1.6760243055555557,55642.2459,5.768750000000001,9.6642,7,C07,cluster_07_mild_normal_humidity_normal_wind
2017-04-17,7.65,20.68,15.170104166666668,45.076388888888886,0.904201388888889,72093.428,7.92,13.03,5,C05,cluster_05_warm_normal_humidity_normal_wind
2017-04-18,12.14,22.65,16.99842013888889,41.04861111111112,1.1093055555555555,68737.1805,7.92,10.509999999999998,5,C05,cluster_05_warm_normal_humidity_normal_wind
2017-04-19,8.43,20.05,14.496684027777778,50.18402777777778,2.7638541666666665,61070.0367,4.23375,11.62,7,C07,cluster_07_mild_normal_humidity_normal_wind
2017-04-20,6.96,20.78,15.195902777777778,39.380208333333336,1.8269444444444445,64406.0302,4.74875,13.82,5,C05,cluster_05_warm_normal_humidity_normal_wind
2017-04-21,10.3,21.59,15.710260416666667,39.046875,1.277482638888889,71263.8543,6.48,11.29,5,C05,cluster_05_warm_normal_humidity_normal_wind
2017-04-22,10.59,26.55,18.51727430555556,38.36111111111112,0.9018923611111112,70209.5679,6.48,15.96,5,C05,cluster_05_warm_normal_humidity_normal_wind
2017-04-23,13.54,26.06,20.28723958333333,28.63888888888889,3.484166666666667,56961.385,6.48,12.52,2,C02,cluster_02_hot_dry_normal_wind
2017-04-24,13.6742,24.02,18.23828125,45.73611111111112,1.5978819444444443,21458.0254,7.615833333333334,10.3458,6,C06,cluster_06_warm_normal_humidity_normal_wind
2017-04-25,6.4475,21.87,14.290746527777776,68.11631944444444,1.8460763888888887,23644.1185,11.88125,15.4225,8,C08,cluster_08_warm_normal_humidity_normal_wind
2017-04-26,4.98,16.1,9.953871527777778,61.30902777777778,2.9246527777777778,59658.0234,5.567916666666666,11.12,7,C07,cluster_07_mild_normal_humidity_normal_wind
2017-04-27,5.45,17.67,11.639583333333333,64.15972222222223,1.68140625,18184.0583,4.891666666666667,12.220000000000002,6,C06,cluster_06_warm_normal_humidity_normal_wind
2017-04-28,10.15,20.08,15.720954861111112,54.71006944444444,3.0608854166666664,39018.4057,6.08875,9.929999999999998,7,C07,cluster_07_mild_normal_humidity_normal_wind
2017-04-29,11.51,20.05,14.81954861111111,57.85243055555556,3.319826388888889,27498.7826,7.980416666666667,8.540000000000001,6,C06,cluster_06_warm_normal_humidity_normal_wind
2017-04-30,12.53,21.86,16.960868055555554,50.69097222222222,1.1566145833333334,47037.1784,2.9408333333333334,9.33,6,C06,cluster_06_warm_normal_humidity_normal_wind
2017-05-01,12.76,24.12,18.152274305555554,48.92534722222222,0.9563194444444444,19598.1178,2.64,11.36,6,C06,cluster_06_warm_normal_humidity_normal_wind
2017-05-02,12.69,23.76,18.169027777777774,53.44791666666666,1.595503472222222,13985.1137,2.64,11.070000000000002,6,C06,cluster_06_warm_normal_humidity_normal_wind
2017-05-03,13.03,20.5,16.54026041666667,59.94444444444444,1.6789062499999998,30693.9696,5.026666666666667,7.470000000000001,6,C06,cluster_06_warm_normal_humidity_normal_wind
2017-05-04,12.49,19.32,15.684878472222222,66.78125,1.8919444444444444,17110.9507,7.470000000000001,6.83,3,C03,cluster_03_mild_humid_normal_wind
2017-05-05,11.4258,20.94,15.837291666666667,67.13020833333333,1.6546875,28103.9093,9.704583333333334,9.5142,6,C06,cluster_06_warm_normal_humidity_normal_wind
2017-05-06,11.39,20.31,16.121440972222224,65.46354166666667,1.4313541666666667,33365.195,5.803333333333333,8.919999999999998,6,C06,cluster_06_warm_normal_humidity_normal_wind
2017-05-07,13.23,22.62,17.973177083333333,49.83854166666666,1.3229340277777777,62142.4394,2.88,9.39,5,C05,cluster_05_warm_normal_humidity_normal_wind
2017-05-08,14.1,24.5,19.032638888888886,51.66319444444444,1.9823090277777775,59827.7732,4.369583333333334,10.4,5,C05,cluster_05_warm_normal_humidity_normal_wind
2017-05-09,13.5242,26.72,20.287916666666668,33.013888888888886,1.2228819444444443,63522.4871,6.0,13.195799999999998,5,C05,cluster_05_warm_normal_humidity_normal_wind
2017-05-10,13.06,26.83,20.08795138888889,38.50868055555556,1.17609375,72509.7975,6.0,13.769999999999998,5,C05,cluster_05_warm_normal_humidity_normal_wind
2017-05-11,13.46,28.99,22.669184027777774,32.49305555555556,1.0599826388888889,65957.6558,6.0,15.529999999999998,5,C05,cluster_05_warm_normal_humidity_normal_wind
2017-05-12,13.03,27.17,20.19048611111111,45.86979166666666,1.6107118055555556,23362.7176,5.003333333333334,14.140000000000002,6,C06,cluster_06_warm_normal_humidity_normal_wind
2017-05-13,12.37,25.82,18.490954861111117,51.32118055555556,1.6400520833333332,57529.6287,6.120416666666667,13.45,5,C05,cluster_05_warm_normal_humidity_normal_wind
2017-05-14,12.59,27.57,20.49430555555556,40.59375,0.9982986111111112,65792.9172,6.72,14.98,5,C05,cluster_05_warm_normal_humidity_normal_wind
2017-05-15,15.83,27.81,22.35118055555556,32.689236111111114,0.9995486111111112,69017.784,6.72,11.98,5,C05,cluster_05_warm_normal_humidity_normal_wind
2017-05-16,14.24,28.78,21.86149305555556,37.32986111111112,2.034861111111111,65156.297,6.72,14.54,10,C10,cluster_10_hot_dry_normal_wind
2017-05-17,11.8808,26.9,19.33907986111111,47.94097222222222,3.1083333333333334,72479.2699,6.72,15.019199999999998,2,C02,cluster_02_hot_dry_normal_wind
2017-05-18,11.62,27.7,20.623559027777777,36.91840277777778,1.3506944444444444,58952.3683,6.72,16.08,5,C05,cluster_05_warm_normal_humidity_normal_wind
2017-05-19,15.69,30.29,23.779131944444444,27.760416666666668,1.3126909722222222,67120.7146,6.72,14.6,10,C10,cluster_10_hot_dry_normal_wind
2017-05-20,19.5,31.57,24.007916666666667,32.770833333333336,2.382083333333333,34126.0948,6.72,12.07,6,C06,cluster_06_warm_normal_humidity_normal_wind
2017-05-21,13.76,28.29,21.63899305555556,29.119791666666668,3.0585416666666667,45911.7074,4.7995833333333335,14.53,2,C02,cluster_02_hot_dry_normal_wind
2017-05-22,13.07,25.83,20.011822916666667,23.68055555555556,2.035607638888889,73335.6892,4.08,12.759999999999998,5,C05,cluster_05_warm_normal_humidity_normal_wind
2017-05-23,15.12,28.1,21.741180555555555,21.522569444444443,1.1780729166666668,37706.5666,4.08,12.980000000000002,6,C06,cluster_06_warm_normal_humidity_normal_wind
2017-05-24,17.0442,29.78,23.176041666666663,19.72222222222222,2.540225694444445,57421.1385,4.08,12.7358,2,C02,cluster_02_hot_dry_normal_wind
2017-05-25,15.96,28.67,22.135694444444443,17.489583333333332,1.990190972222222,73335.6892,4.08,12.71,10,C10,cluster_10_hot_dry_normal_wind
2017-05-26,16.66,29.69,23.226597222222225,19.25347222222222,1.2334548611111111,73335.6892,4.08,13.03,10,C10,cluster_10_hot_dry_normal_wind
2017-05-27,18.24,31.18,25.031545138888887,19.37847222222222,1.0626909722222222,65141.0413,4.08,12.94,10,C10,cluster_10_hot_dry_normal_wind
2017-05-28,17.4983,31.26,25.04737847222222,15.57986111111111,2.3386631944444445,39383.1127,4.08,13.7617,10,C10,cluster_10_hot_dry_normal_wind
2017-05-29,14.73,29.11,22.06369791666667,38.14409722222222,3.433784722222222,73311.6464,4.08,14.38,2,C02,cluster_02_hot_dry_normal_wind
2017-05-30,14.69,31.0,23.910416666666663,30.40798611111111,1.584392361111111,72299.5631,4.08,16.310000000000002,10,C10,cluster_10_hot_dry_normal_wind
2017-05-31,16.98,32.09,25.228854166666665,21.73958333333333,1.6110763888888888,73335.6892,4.08,15.110000000000005,10,C10,cluster_10_hot_dry_normal_wind
2017-06-01,15.0708,30.22,23.41046875,21.07118055555556,3.1102256944444444,73335.6892,4.08,15.1492,2,C02,cluster_02_hot_dry_normal_wind
2017-06-02,12.535,27.86,20.558767361111112,34.598958333333336,2.965538194444445,66490.6825,4.08,15.325,2,C02,cluster_02_hot_dry_normal_wind
2017-06-03,12.415,25.76,19.078854166666662,43.84722222222222,3.3338715277777777,72574.3389,4.08,13.345000000000002,2,C02,cluster_02_hot_dry_normal_wind
2017-06-04,12.22,29.22,21.54642361111111,31.744791666666668,1.2080729166666666,73335.6892,4.08,17.0,5,C05,cluster_05_warm_normal_humidity_normal_wind
2017-06-05,15.38,32.0,24.117204861111112,30.92534722222222,1.64640625,72180.5807,4.08,16.619999999999997,10,C10,cluster_10_hot_dry_normal_wind
2017-06-06,17.4,31.33,25.315260416666668,28.77951388888889,3.5871527777777774,71019.6097,4.08,13.93,2,C02,cluster_02_hot_dry_normal_wind
2017-06-07,20.22,33.08,27.12708333333333,19.87847222222222,3.332795138888889,68033.2954,4.08,12.86,2,C02,cluster_02_hot_dry_normal_wind
2017-06-08,16.38,34.57,26.93953125,24.42708333333333,1.8691666666666669,68858.6997,4.08,18.19,10,C10,cluster_10_hot_dry_normal_wind
2017-06-09,16.06,33.33,24.820850694444445,39.286458333333336,2.565086805555556,73335.6892,4.08,17.27,2,C02,cluster_02_hot_dry_normal_wind
2017-06-10,17.14,34.24,27.139635416666668,26.28645833333333,1.4798090277777778,68426.3638,4.08,17.1,10,C10,cluster_10_hot_dry_normal_wind
2017-06-11,18.1325,35.56,28.193385416666665,19.74826388888889,1.290746527777778,71197.5738,4.08,17.427500000000002,10,C10,cluster_10_hot_dry_normal_wind
2017-06-12,17.6,32.99,25.50939236111111,27.288194444444443,2.6040104166666667,73335.6892,4.08,15.39,2,C02,cluster_02_hot_dry_normal_wind
2017-06-13,16.54,33.59,24.97102430555556,31.47395833333333,2.867326388888889,73315.1008,4.08,17.050000000000004,2,C02,cluster_02_hot_dry_normal_wind
2017-06-14,16.61,32.84,26.08262152777778,32.66840277777778,2.3608680555555552,72614.674,4.08,16.230000000000004,2,C02,cluster_02_hot_dry_normal_wind
2017-06-15,19.8725,35.13,28.200156250000003,21.307291666666668,3.048871527777778,65454.4936,4.08,15.257500000000004,2,C02,cluster_02_hot_dry_normal_wind
2017-06-16,18.2733,33.44,25.884600694444444,29.104166666666668,1.8846354166666663,70355.2161,4.08,15.1667,10,C10,cluster_10_hot_dry_normal_wind
2017-06-17,16.38,31.04,23.737413194444443,36.50868055555556,2.972465277777778,69041.2939,4.08,14.66,2,C02,cluster_02_hot_dry_normal_wind
2017-06-18,16.73,32.04,25.052100694444444,34.857638888888886,1.59984375,68230.3306,4.08,15.31,10,C10,cluster_10_hot_dry_normal_wind
2017-06-19,20.68,34.86,27.84868055555556,23.76215277777778,1.27828125,73335.6892,4.08,14.18,10,C10,cluster_10_hot_dry_normal_wind
2017-06-20,22.15,35.23,28.73796875,18.178819444444443,1.5288715277777778,73335.6892,4.08,13.079999999999998,10,C10,cluster_10_hot_dry_normal_wind
2017-06-21,18.6025,34.57,27.298246527777778,27.90972222222222,2.9021180555555555,73335.6892,4.08,15.9675,2,C02,cluster_02_hot_dry_normal_wind
2017-06-22,17.35,32.55,25.3709375,29.68923611111111,2.9378819444444444,73335.6892,4.08,15.199999999999996,2,C02,cluster_02_hot_dry_normal_wind
2017-06-23,14.5833,29.74,22.48963541666667,43.01041666666666,3.455295138888889,73284.1487,4.08,15.1567,2,C02,cluster_02_hot_dry_normal_wind
2017-06-24,14.53,31.68,23.73767361111111,37.458333333333336,2.127934027777778,73097.0476,4.08,17.15,10,C10,cluster_10_hot_dry_normal_wind
2017-06-25,17.67,32.6,25.19711805555556,40.69965277777778,2.155486111111111,60252.3989,4.08,14.93,10,C10,cluster_10_hot_dry_normal_wind
2017-06-26,18.39,31.89,25.18350694444445,38.536458333333336,1.9338541666666669,58975.639,8.19125,13.5,10,C10,cluster_10_hot_dry_normal_wind
2017-06-27,18.75,33.62,26.98769097222222,32.484375,1.993142361111111,72879.9045,12.0,14.869999999999996,10,C10,cluster_10_hot_dry_normal_wind
2017-06-28,22.49,36.18,29.825416666666666,23.68576388888889,2.0377604166666665,73335.6892,12.0,13.69,10,C10,cluster_10_hot_dry_normal_wind
2017-06-29,19.07,38.13,29.85559027777778,23.81076388888889,3.167309027777778,72948.7947,12.0,19.06,2,C02,cluster_02_hot_dry_normal_wind
2017-06-30,17.8783,35.63,26.36435763888889,34.90972222222222,2.6566666666666667,70654.8498,12.0,17.751700000000003,2,C02,cluster_02_hot_dry_normal_wind
2017-07-01,17.83,33.91,25.81383680555556,39.04166666666666,2.600763888888889,56459.042,12.0,16.08,2,C02,cluster_02_hot_dry_normal_wind
2017-07-02,19.45,33.21,26.917916666666667,29.850694444444443,2.620555555555556,52506.9662,12.0,13.760000000000002,2,C02,cluster_02_hot_dry_normal_wind
2017-07-03,21.52,35.9,28.70512152777778,23.729166666666668,2.1445833333333333,60060.2076,12.0,14.38,10,C10,cluster_10_hot_dry_normal_wind
2017-07-04,21.79,35.81,29.15953125,24.96875,1.3940104166666667,69122.0095,12.0,14.020000000000003,10,C10,cluster_10_hot_dry_normal_wind
2017-07-05,22.24,38.27,30.17244791666667,28.375,1.7212326388888888,64357.823,12.0,16.030000000000005,10,C10,cluster_10_hot_dry_normal_wind
2017-07-06,21.31,36.47,28.81048611111111,28.578125,1.8183680555555557,70037.115,12.0,15.16,10,C10,cluster_10_hot_dry_normal_wind
2017-07-07,20.01,36.59,29.631475694444443,25.9375,2.80484375,51418.5177,12.0,16.580000000000002,2,C02,cluster_02_hot_dry_normal_wind
2017-07-08,20.905,34.76,27.793645833333333,32.72222222222222,2.4967708333333336,45314.012,12.0,13.854999999999997,2,C02,cluster_02_hot_dry_normal_wind
2017-07-09,20.14,35.71,28.27177083333333,35.52256944444444,1.7434722222222223,51315.3731,12.0,15.57,10,C10,cluster_10_hot_dry_normal_wind
2017-07-10,22.1033,36.8,29.611892361111117,32.10590277777778,2.196979166666667,48259.9687,12.0,14.696699999999996,10,C10,cluster_10_hot_dry_normal_wind
2017-07-11,18.6508,34.56,26.425260416666667,39.286458333333336,2.8917187500000003,62403.0021,12.0,15.909200000000002,2,C02,cluster_02_hot_dry_normal_wind
2017-07-12,16.4383,31.25,23.693628472222223,47.69444444444444,2.875590277777777,52492.8693,8.3525,14.811699999999998,2,C02,cluster_02_hot_dry_normal_wind
2017-07-13,16.25,27.6,21.795538194444443,61.30034722222222,1.8246006944444444,55945.8671,3.87875,11.35,5,C05,cluster_05_warm_normal_humidity_normal_wind
2017-07-14,17.83,29.87,24.41734375,54.357638888888886,1.4886979166666667,60487.6646,2.64,12.040000000000004,5,C05,cluster_05_warm_normal_humidity_normal_wind
2017-07-15,20.26,32.65,26.723871527777774,39.123263888888886,1.2468923611111111,54891.7979,6.60125,12.389999999999995,10,C10,cluster_10_hot_dry_normal_wind
2017-07-16,20.2,34.55,27.551041666666663,37.93402777777778,1.5389756944444446,60444.7158,10.56,14.349999999999998,10,C10,cluster_10_hot_dry_normal_wind
2017-07-17,21.18,35.0,27.435208333333332,41.154513888888886,1.36828125,66552.8809,10.56,13.82,10,C10,cluster_10_hot_dry_normal_wind
2017-07-18,21.69,34.67,27.735694444444444,37.16493055555556,1.4263715277777778,65531.9845,10.56,12.98,10,C10,cluster_10_hot_dry_normal_wind
2017-07-19,21.42,34.7,27.821475694444445,26.291666666666668,1.3449305555555555,73202.6037,10.56,13.28,10,C10,cluster_10_hot_dry_normal_wind
2017-07-20,22.58,35.5,28.72232638888889,19.29513888888889,1.5173263888888888,72977.3295,10.56,12.920000000000002,10,C10,cluster_10_hot_dry_normal_wind
2017-07-21,21.67,37.05,29.524149305555557,28.678819444444443,1.5086631944444444,72717.94959999999,10.56,15.379999999999995,10,C10,cluster_10_hot_dry_normal_wind
2017-07-22,22.04,36.79,29.37645833333333,30.55208333333333,1.667326388888889,72895.2565,10.56,14.75,10,C10,cluster_10_hot_dry_normal_wind
2017-07-23,21.89,35.49,28.71256944444444,24.34895833333333,1.8278125,73335.6892,10.56,13.6,10,C10,cluster_10_hot_dry_normal_wind
2017-07-24,22.4175,37.0,29.340746527777775,18.85243055555556,2.0069791666666665,73106.5816,10.56,14.5825,10,C10,cluster_10_hot_dry_normal_wind
2017-07-25,20.79,36.21,29.129843750000003,22.85590277777778,2.752621527777778,72649.2095,10.56,15.420000000000002,2,C02,cluster_02_hot_dry_normal_wind
2017-07-26,20.5125,36.97,28.479600694444443,26.02951388888889,1.972986111111111,69425.4891,10.56,16.4575,10,C10,cluster_10_hot_dry_normal_wind
2017-07-27,20.49,36.76,28.63871527777778,27.19965277777778,1.58078125,59028.9614,10.56,16.27,10,C10,cluster_10_hot_dry_normal_wind
2017-07-28,20.56,37.55,30.01953125,21.84548611111111,2.146232638888889,73270.4697,10.56,16.99,10,C10,cluster_10_hot_dry_normal_wind
2017-07-29,24.31,38.81,31.562048611111116,17.289930555555557,1.689722222222222,72486.7599,10.56,14.500000000000004,10,C10,cluster_10_hot_dry_normal_wind
2017-07-30,23.2717,36.21,29.59184027777778,33.359375,1.6157291666666669,50094.5739,10.56,12.938300000000002,10,C10,cluster_10_hot_dry_normal_wind
2017-07-31,21.48,34.72,27.989878472222223,33.31597222222222,1.9586805555555555,58704.0488,10.56,13.239999999999998,10,C10,cluster_10_hot_dry_normal_wind
2017-08-01,18.8533,34.18,26.725,29.057291666666668,2.115399305555556,73335.6892,10.56,15.3267,10,C10,cluster_10_hot_dry_normal_wind
2017-08-02,18.47,32.61,25.807569444444443,33.83159722222222,1.8552604166666669,73001.0072,10.56,14.14,10,C10,cluster_10_hot_dry_normal_wind
2017-08-03,19.16,33.48,26.438541666666666,36.53298611111112,1.382847222222222,71564.8599,10.56,14.319999999999997,10,C10,cluster_10_hot_dry_normal_wind
2017-08-04,20.68,34.25,27.34993055555556,30.80555555555556,1.1614756944444444,69942.2363,10.56,13.57,10,C10,cluster_10_hot_dry_normal_wind
2017-08-05,20.9133,34.95,27.87204861111111,30.94618055555556,1.582638888888889,72606.3288,10.56,14.036700000000003,10,C10,cluster_10_hot_dry_normal_wind
2017-08-06,19.96,35.03,27.625086805555554,38.34027777777778,1.9886631944444444,63556.9946,10.56,15.07,10,C10,cluster_10_hot_dry_normal_wind
2017-08-07,20.35,34.37,27.361788194444443,32.364583333333336,1.1092708333333334,72847.4966,10.56,14.019999999999996,10,C10,cluster_10_hot_dry_normal_wind
2017-08-08,20.43,35.48,28.211631944444445,24.291666666666668,1.1534722222222222,72465.6753,10.56,15.049999999999995,10,C10,cluster_10_hot_dry_normal_wind
2017-08-09,20.11,35.57,27.93836805555556,31.744791666666668,1.95328125,72452.6547,10.56,15.46,10,C10,cluster_10_hot_dry_normal_wind
2017-08-10,19.91,32.99,26.34796875,37.58854166666666,2.535989583333333,65733.7306,10.56,13.080000000000002,2,C02,cluster_02_hot_dry_normal_wind
2017-08-11,19.1367,32.36,25.834184027777777,39.59027777777778,1.7009201388888888,64546.723,10.56,13.223299999999998,10,C10,cluster_10_hot_dry_normal_wind
2017-08-12,18.72,33.04,26.221284722222222,38.30902777777778,1.30859375,63055.6465,10.56,14.32,10,C10,cluster_10_hot_dry_normal_wind
2017-08-13,21.11,34.16,27.49888888888889,35.48784722222222,1.792777777777778,58682.4215,7.237083333333334,13.049999999999995,10,C10,cluster_10_hot_dry_normal_wind
2017-08-14,22.24,36.26,29.326979166666668,24.572916666666668,1.489965277777778,67597.73300000001,3.6,14.02,10,C10,cluster_10_hot_dry_normal_wind
2017-08-15,20.3667,34.83,27.405729166666667,31.26215277777778,1.6831423611111112,67437.2453,3.6,14.463299999999997,10,C10,cluster_10_hot_dry_normal_wind
2017-08-16,19.59,34.82,26.47385416666667,33.69965277777778,2.198732638888889,71497.9849,3.6,15.23,10,C10,cluster_10_hot_dry_normal_wind
2017-08-17,19.11,33.82,26.58703125,37.25868055555556,1.9665798611111112,48383.4258,3.6,14.71,10,C10,cluster_10_hot_dry_normal_wind
2017-08-18,20.0983,35.77,28.04199652777778,35.49131944444444,2.128524305555556,66817.1819,3.6,15.671700000000005,10,C10,cluster_10_hot_dry_normal_wind
2017-08-19,19.6,34.34,26.62630208333333,43.552083333333336,1.6766666666666667,69049.3751,3.6,14.740000000000002,10,C10,cluster_10_hot_dry_normal_wind
2017-08-20,20.21,33.32,27.2775,36.22569444444444,1.8134722222222224,70228.7207,3.6,13.11,10,C10,cluster_10_hot_dry_normal_wind
2017-08-21,22.74,34.24,28.200156250000003,25.54861111111111,2.2002777777777776,72285.9071,3.6,11.500000000000004,10,C10,cluster_10_hot_dry_normal_wind
2017-08-22,22.46,34.7,28.57157986111111,21.68923611111111,2.0823784722222225,72679.9268,3.6,12.240000000000002,10,C10,cluster_10_hot_dry_normal_wind
2017-08-23,22.45,35.74,29.29967013888889,20.81423611111111,2.1353819444444446,72925.2077,3.6,13.290000000000004,10,C10,cluster_10_hot_dry_normal_wind
2017-08-24,21.65,35.69,28.77930555555556,34.385416666666664,1.792465277777778,72133.9379,3.6,14.04,10,C10,cluster_10_hot_dry_normal_wind
2017-08-25,19.12,34.75,26.85128472222222,43.170138888888886,1.7547048611111111,62166.6544,3.6,15.63,10,C10,cluster_10_hot_dry_normal_wind
2017-08-26,17.615,31.54,24.99565972222222,34.828125,1.3402256944444444,73107.8354,3.6,13.925,10,C10,cluster_10_hot_dry_normal_wind
2017-08-27,16.8,30.8,24.01314236111111,27.682291666666668,1.8249652777777776,73315.1008,3.6,14.0,10,C10,cluster_10_hot_dry_normal_wind
2017-08-28,17.41,30.73,24.552777777777777,25.17013888888889,2.69171875,73266.7989,3.6,13.32,2,C02,cluster_02_hot_dry_normal_wind
2017-08-29,18.7,32.38,25.69345486111111,20.506944444444443,1.8147916666666664,73335.6892,3.6,13.680000000000003,10,C10,cluster_10_hot_dry_normal_wind
2017-08-30,19.55,35.51,27.158663194444443,17.555555555555557,1.574826388888889,73335.6892,3.6,15.959999999999996,10,C10,cluster_10_hot_dry_normal_wind
2017-08-31,20.4483,35.61,27.82664930555556,21.19270833333333,1.4972222222222222,73266.7989,3.6,15.1617,10,C10,cluster_10_hot_dry_normal_wind
2017-09-01,20.15,35.04,27.56362847222222,23.578125,1.218715277777778,73335.6892,3.6,14.89,10,C10,cluster_10_hot_dry_normal_wind
2017-09-02,20.4,33.82,27.12012152777778,22.369791666666668,1.6779513888888888,73335.6892,3.6,13.420000000000002,10,C10,cluster_10_hot_dry_normal_wind
2017-09-03,20.78,34.86,27.251944444444447,17.192708333333332,2.031909722222222,73216.368,3.6,14.079999999999998,10,C10,cluster_10_hot_dry_normal_wind
2017-09-04,19.6167,34.18,26.819600694444446,20.08159722222222,2.133836805555555,69105.2092,3.6,14.563299999999998,10,C10,cluster_10_hot_dry_normal_wind
2017-09-05,19.2,34.09,27.05138888888889,21.55555555555556,1.3736805555555556,72576.8472,3.6,14.890000000000004,10,C10,cluster_10_hot_dry_normal_wind
2017-09-06,20.76,34.7,27.68270833333333,20.85243055555556,1.7184548611111112,68411.9971,3.6,13.94,10,C10,cluster_10_hot_dry_normal_wind
2017-09-07,21.04,34.76,28.168489583333333,20.96527777777778,1.5458506944444443,69897.49,3.6,13.72,10,C10,cluster_10_hot_dry_normal_wind
2017-09-08,16.93,33.17,25.044722222222223,41.348958333333336,2.351371527777778,66700.9721,3.6,16.240000000000002,2,C02,cluster_02_hot_dry_normal_wind
2017-09-09,16.45,31.92,24.430260416666663,41.326388888888886,1.415625,73165.9191,3.6,15.470000000000002,10,C10,cluster_10_hot_dry_normal_wind
2017-09-10,18.47,33.64,26.34690972222222,35.322916666666664,1.2755208333333334,68183.2282,3.6,15.170000000000002,10,C10,cluster_10_hot_dry_normal_wind
2017-09-11,19.5542,34.17,27.10296875,29.475694444444443,1.7329166666666669,61474.3992,3.6,14.6158,10,C10,cluster_10_hot_dry_normal_wind
2017-09-12,17.9375,31.59,24.29114583333333,39.42881944444444,1.5716145833333333,64006.1425,3.6,13.6525,10,C10,cluster_10_hot_dry_normal_wind
2017-09-13,17.45,31.94,24.50736111111111,38.40625,1.330815972222222,71581.1967,3.6,14.490000000000002,10,C10,cluster_10_hot_dry_normal_wind
2017-09-14,16.94,32.06,24.15190972222222,40.27777777777778,1.5975694444444446,72141.0101,3.6,15.12,10,C10,cluster_10_hot_dry_normal_wind
2017-09-15,15.91,30.83,23.22986111111111,37.48611111111112,1.0628993055555556,73263.3443,3.6,14.919999999999998,10,C10,cluster_10_hot_dry_normal_wind
2017-09-16,14.1858,32.22,22.67482638888889,37.64236111111112,1.85515625,73106.96,3.6,18.0342,10,C10,cluster_10_hot_dry_normal_wind
2017-09-17,13.83,29.17,20.97039930555556,39.47222222222222,1.8710763888888888,69380.2783,3.6,15.340000000000002,5,C05,cluster_05_warm_normal_humidity_normal_wind
2017-09-18,12.91,28.26,20.479930555555555,32.322916666666664,1.036232638888889,73210.5503,3.6,15.35,5,C05,cluster_05_warm_normal_humidity_normal_wind
2017-09-19,12.89,29.7,21.27546875,24.3125,1.29890625,73258.8523,3.6,16.81,10,C10,cluster_10_hot_dry_normal_wind
2017-09-20,13.47,30.92,21.706527777777776,25.953125,1.4252430555555555,73332.2346,3.6,17.450000000000003,10,C10,cluster_10_hot_dry_normal_wind
2017-09-21,12.67,30.63,21.78543402777778,29.12152777777778,1.6886458333333332,72266.9698,3.6,17.96,10,C10,cluster_10_hot_dry_normal_wind
2017-09-22,13.87,30.3,22.47814236111111,27.671875,1.6936631944444445,70661.7409,3.6,16.43,10,C10,cluster_10_hot_dry_normal_wind
2017-09-23,17.34,31.48,23.853819444444444,20.135416666666668,1.9876388888888887,69862.5803,3.6,14.14,10,C10,cluster_10_hot_dry_normal_wind
2017-09-24,17.04,30.97,23.92388888888889,17.76909722222222,2.796475694444444,73252.6871,3.6,13.93,2,C02,cluster_02_hot_dry_normal_wind
2017-09-25,14.6292,29.33,21.79857638888889,37.083333333333336,1.895486111111111,66640.4028,3.6,14.700799999999996,5,C05,cluster_05_warm_normal_humidity_normal_wind
2017-09-26,12.69,27.48,20.20107638888889,48.76736111111112,1.6805208333333337,66695.252,3.6,14.79,5,C05,cluster_05_warm_normal_humidity_normal_wind
2017-09-27,13.75,27.72,21.38980902777778,40.36631944444444,1.8218055555555557,63665.7098,3.6,13.97,5,C05,cluster_05_warm_normal_humidity_normal_wind
2017-09-28,10.54,25.31,18.330260416666665,50.458333333333336,2.815954861111111,73053.5841,3.6,14.77,2,C02,cluster_02_hot_dry_normal_wind
2017-09-29,10.25,23.05,15.531145833333332,53.49305555555556,2.480277777777778,73172.3961,3.6,12.8,5,C05,cluster_05_warm_normal_humidity_normal_wind
2017-09-30,9.79,23.5,17.902256944444446,46.9375,3.021440972222222,65788.5716,3.6,13.71,2,C02,cluster_02_hot_dry_normal_wind
2017-10-01,15.7,27.36,21.77013888888889,31.12847222222222,2.880815972222222,63661.3755,3.6,11.66,2,C02,cluster_02_hot_dry_normal_wind
2017-10-02,13.3675,26.67,20.10105902777778,27.69965277777778,1.9570138888888888,73335.6892,3.6,13.302500000000002,5,C05,cluster_05_warm_normal_humidity_normal_wind
2017-10-03,10.79,22.25,16.017708333333335,51.19444444444444,3.054305555555556,71492.6773,3.6,11.46,7,C07,cluster_07_mild_normal_humidity_normal_wind
2017-10-04,7.8375,16.32,11.83748263888889,70.39930555555556,2.296857638888889,31024.8569,12.665833333333332,8.4825,3,C03,cluster_03_mild_humid_normal_wind
2017-10-05,4.705,12.68,8.42420138888889,71.88541666666667,2.1592534722222223,30625.4138,10.827916666666669,7.975,3,C03,cluster_03_mild_humid_normal_wind
2017-10-06,4.0,18.6,11.652447916666668,62.66666666666666,1.8296006944444445,70897.7511,4.32,14.6,0,C00,cluster_00_mild_normal_humidity_normal_wind
2017-10-07,8.9,21.56,15.603836805555554,54.60416666666666,2.097899305555556,58949.1269,4.32,12.659999999999998,5,C05,cluster_05_warm_normal_humidity_normal_wind
2017-10-08,12.32,23.15,17.774340277777778,46.68055555555556,2.3322569444444445,66335.9696,4.32,10.829999999999998,5,C05,cluster_05_warm_normal_humidity_normal_wind
2017-10-09,12.46,23.58,17.544930555555553,41.33159722222222,0.6225173611111111,66395.1621,4.32,11.119999999999996,5,C05,cluster_05_warm_normal_humidity_normal_wind
2017-10-10,11.67,25.17,17.775659722222223,38.87152777777778,1.1169791666666666,70529.6934,4.32,13.500000000000002,5,C05,cluster_05_warm_normal_humidity_normal_wind
2017-10-11,13.2,24.93,18.695329861111112,36.89409722222222,1.1697916666666666,65141.8776,4.32,11.73,5,C05,cluster_05_warm_normal_humidity_normal_wind
2017-10-12,10.4833,23.45,16.35194444444444,49.43055555555556,1.672638888888889,69868.656,4.32,12.9667,5,C05,cluster_05_warm_normal_humidity_normal_wind
2017-10-13,8.4758,21.54,14.306805555555554,53.671875,2.2695659722222223,72701.7688,4.32,13.0642,5,C05,cluster_05_warm_normal_humidity_normal_wind
2017-10-14,7.13,21.67,14.565364583333333,48.66840277777778,1.1811979166666666,72897.4169,4.32,14.540000000000004,5,C05,cluster_05_warm_normal_humidity_normal_wind
2017-10-15,9.4,22.41,16.14720486111111,39.717013888888886,1.1693402777777775,60073.2291,4.32,13.01,5,C05,cluster_05_warm_normal_humidity_normal_wind
2017-10-16,8.29,24.4,16.51217013888889,36.29166666666666,1.4623437499999998,72166.4782,4.32,16.11,5,C05,cluster_05_warm_normal_humidity_normal_wind
2017-10-17,4.1167,17.66,11.094340277777778,40.48784722222222,3.3652256944444443,73138.6479,4.32,13.5433,7,C07,cluster_07_mild_normal_humidity_normal_wind
2017-10-18,3.26,18.84,11.269409722222225,42.29340277777778,2.125746527777778,73332.2346,4.32,15.58,5,C05,cluster_05_warm_normal_humidity_normal_wind
2017-10-19,7.09,19.51,12.927829861111112,33.904513888888886,3.326111111111111,72238.2904,4.32,12.420000000000002,7,C07,cluster_07_mild_normal_humidity_normal_wind
2017-10-20,5.52,20.91,12.985868055555557,31.40277777777778,1.1528125,73271.8729,4.32,15.39,5,C05,cluster_05_warm_normal_humidity_normal_wind
2017-10-21,4.88,21.13,12.753020833333332,26.35590277777778,1.006614583333333,73335.6892,4.32,16.25,5,C05,cluster_05_warm_normal_humidity_normal_wind
2017-10-22,6.24,20.14,13.321822916666669,24.44097222222222,0.96703125,39226.8349,4.32,13.9,5,C05,cluster_05_warm_normal_humidity_normal_wind
2017-10-23,7.81,22.0,13.941631944444444,30.64409722222222,1.4265451388888888,73304.737,4.32,14.19,5,C05,cluster_05_warm_normal_humidity_normal_wind
2017-10-24,7.66,21.91,15.32579861111111,26.97743055555556,2.0889583333333333,51059.9592,4.32,14.25,5,C05,cluster_05_warm_normal_humidity_normal_wind
2017-10-25,10.73,23.3,16.359861111111112,36.005208333333336,1.0345833333333332,73040.6415,4.32,12.57,5,C05,cluster_05_warm_normal_humidity_normal_wind
2017-10-26,10.97,24.94,18.77331597222222,31.078125,1.1532291666666667,60503.9324,4.32,13.97,5,C05,cluster_05_warm_normal_humidity_normal_wind
2017-10-27,14.9275,26.54,20.35534722222222,30.07465277777778,1.194201388888889,43624.1537,4.32,11.6125,6,C06,cluster_06_warm_normal_humidity_normal_wind
2017-10-28,13.23,26.23,19.735434027777774,27.32986111111111,2.1746180555555554,53187.3131,4.32,13.0,5,C05,cluster_05_warm_normal_humidity_normal_wind
2017-10-29,14.555,25.07,19.49875,26.15798611111111,1.537378472222222,63873.4944,4.32,10.515,5,C05,cluster_05_warm_normal_humidity_normal_wind
2017-10-30,14.25,24.83,19.67144097222222,28.52951388888889,2.5122916666666666,33724.0743,4.452500000000001,10.579999999999998,6,C06,cluster_06_warm_normal_humidity_normal_wind
2017-10-31,12.1725,22.56,17.2325,37.85243055555556,1.1428298611111112,72709.1749,2.88,10.3875,5,C05,cluster_05_warm_normal_humidity_normal_wind
2017-11-01,10.59,20.06,15.109947916666666,32.895833333333336,1.1470138888888888,43086.2818,2.88,9.47,6,C06,cluster_06_warm_normal_humidity_normal_wind
2017-11-02,11.79,18.93,14.836493055555556,43.145833333333336,1.3170659722222222,36459.7399,4.832916666666666,7.140000000000001,6,C06,cluster_06_warm_normal_humidity_normal_wind
2017-11-03,11.76,17.58,14.864375,51.45486111111112,1.569201388888889,39568.2319,3.50625,5.819999999999999,6,C06,cluster_06_warm_normal_humidity_normal_wind
2017-11-04,9.46,17.5,13.600190972222222,56.21006944444444,2.2869618055555554,21147.5666,6.47375,8.04,6,C06,cluster_06_warm_normal_humidity_normal_wind
2017-11-05,7.9,18.67,13.310121527777778,58.842013888888886,0.8024479166666666,65063.8784,9.84,10.77,8,C08,cluster_08_warm_normal_humidity_normal_wind
2017-11-06,10.44,20.48,15.146614583333337,53.671875,1.1747569444444443,33519.7427,9.84,10.04,8,C08,cluster_08_warm_normal_humidity_normal_wind
2017-11-07,10.86,20.92,15.16248263888889,60.07465277777778,0.5419097222222222,72783.3011,9.84,10.060000000000002,8,C08,cluster_08_warm_normal_humidity_normal_wind
2017-11-08,11.5,20.83,15.86217013888889,50.140625,1.5953472222222222,17190.8134,9.84,9.329999999999998,6,C06,cluster_06_warm_normal_humidity_normal_wind
2017-11-09,9.45,19.82,14.616493055555557,46.94618055555556,1.2305555555555554,20287.2624,9.84,10.37,6,C06,cluster_06_warm_normal_humidity_normal_wind
2017-11-10,8.65,18.32,13.249236111111111,52.21180555555556,0.8410069444444445,51892.6824,5.685416666666666,9.67,0,C00,cluster_00_mild_normal_humidity_normal_wind
2017-11-11,6.53,17.88,12.41125,46.66840277777778,1.2148611111111112,30853.2116,3.84,11.349999999999998,6,C06,cluster_06_warm_normal_humidity_normal_wind
2017-11-12,3.245,14.58,9.196111111111112,62.00694444444444,2.653125,45225.3018,3.8,11.335,7,C07,cluster_07_mild_normal_humidity_normal_wind
2017-11-13,2.56,17.48,9.233680555555557,50.76041666666666,1.73375,71537.8734,3.84,14.92,0,C00,cluster_00_mild_normal_humidity_normal_wind
2017-11-14,2.66,16.96,9.37796875,46.93402777777778,0.910920138888889,71769.9242,3.84,14.3,0,C00,cluster_00_mild_normal_humidity_normal_wind
2017-11-15,3.3175,16.64,9.106197916666666,42.864583333333336,0.6006944444444444,73332.2346,3.84,13.322500000000002,0,C00,cluster_00_mild_normal_humidity_normal_wind
2017-11-16,2.58,15.8,8.44902777777778,49.81597222222222,0.8309895833333333,72681.5452,3.84,13.22,0,C00,cluster_00_mild_normal_humidity_normal_wind
2017-11-17,3.19,14.77,7.969201388888889,49.982638888888886,1.2111284722222222,73311.6464,3.84,11.58,0,C00,cluster_00_mild_normal_humidity_normal_wind
2017-11-18,2.94,15.13,8.196180555555555,43.66319444444444,1.5661979166666666,72196.39,3.84,12.19,0,C00,cluster_00_mild_normal_humidity_normal_wind
2017-11-19,3.84,14.05,9.061840277777778,39.614583333333336,1.8713194444444443,12529.7224,3.84,10.21,6,C06,cluster_06_warm_normal_humidity_normal_wind
2017-11-20,4.85,14.62,10.203107638888888,46.13194444444444,1.3037847222222223,48216.4437,8.315416666666668,9.77,8,C08,cluster_08_warm_normal_humidity_normal_wind
2017-11-21,8.4492,15.95,11.512586805555555,47.88194444444444,3.359496527777777,24415.9869,6.170833333333333,7.5008,7,C07,cluster_07_mild_normal_humidity_normal_wind
2017-11-22,6.74,14.07,10.049722222222222,60.138888888888886,2.1076041666666665,44769.9876,5.138333333333333,7.33,7,C07,cluster_07_mild_normal_humidity_normal_wind
2017-11-23,2.69,9.71,6.238854166666666,65.16840277777777,1.38640625,65337.6142,12.75375,7.020000000000001,4,C04,cluster_04_cold_normal_humidity_normal_wind
2017-11-24,-1.3292,6.85,3.562239583333333,56.83506944444444,1.6510243055555556,22474.1608,8.472916666666668,8.1792,11,C11,cluster_11_mild_normal_humidity_normal_wind
2017-11-25,-3.195,6.75,0.8693576388888888,52.60416666666666,2.4588194444444444,66008.6854,6.0,9.945,7,C07,cluster_07_mild_normal_humidity_normal_wind
2017-11-26,-3.24,6.29,1.6091840277777778,47.16666666666666,1.8213194444444445,25219.7233,6.0,9.53,11,C11,cluster_11_mild_normal_humidity_normal_wind
2017-11-27,-2.18,9.43,3.3451388888888887,52.23611111111112,0.6534375,73335.6892,6.0,11.61,0,C00,cluster_00_mild_normal_humidity_normal_wind
2017-11-28,-1.12,10.71,4.104791666666667,47.578125,0.9606597222222224,73066.443,6.0,11.830000000000002,0,C00,cluster_00_mild_normal_humidity_normal_wind
2017-11-29,-0.51,11.35,5.158576388888889,48.78819444444444,1.2339930555555556,51611.3101,6.0,11.86,0,C00,cluster_00_mild_normal_humidity_normal_wind
2017-11-30,-0.83,12.28,5.529861111111111,47.80729166666666,0.7969097222222222,73318.416,6.0,13.11,0,C00,cluster_00_mild_normal_humidity_normal_wind
2017-12-01,-1.1325,11.22,4.417621527777778,64.72743055555556,1.97765625,71389.1817,6.0,12.3525,0,C00,cluster_00_mild_normal_humidity_normal_wind
2017-12-02,-2.37,9.58,2.84,61.83680555555556,0.9077083333333332,72827.137,6.0,11.95,0,C00,cluster_00_mild_normal_humidity_normal_wind
2017-12-03,-2.4,9.43,2.6566666666666667,57.342013888888886,0.90703125,71354.2194,6.0,11.83,0,C00,cluster_00_mild_normal_humidity_normal_wind
2017-12-04,-2.67,9.08,2.2637847222222223,55.43402777777778,0.9930034722222224,65084.0171,6.0,11.75,0,C00,cluster_00_mild_normal_humidity_normal_wind
2017-12-05,-2.18,10.31,4.862934027777778,42.296875,1.4876041666666666,49215.117,6.0,12.49,0,C00,cluster_00_mild_normal_humidity_normal_wind
2017-12-06,1.9,10.56,5.9611631944444445,40.51041666666666,4.037048611111112,15662.1349,6.0,8.66,7,C07,cluster_07_mild_normal_humidity_normal_wind
2017-12-07,-1.2933,7.38,3.332326388888889,56.81423611111112,2.17078125,14102.368,13.09125,8.6733,3,C03,cluster_03_mild_humid_normal_wind
2017-12-08,-6.34,3.07,-1.4678645833333333,67.94097222222223,1.6494618055555557,73284.0096,19.68,9.41,4,C04,cluster_04_cold_normal_humidity_normal_wind
2017-12-09,-6.49,6.97,-0.6489930555555555,59.973958333333336,0.9586111111111112,73335.6892,19.68,13.46,4,C04,cluster_04_cold_normal_humidity_normal_wind
2017-12-10,-5.5758,7.12,-0.5195833333333334,60.70659722222222,0.5766493055555555,73335.6892,19.68,12.6958,4,C04,cluster_04_cold_normal_humidity_normal_wind
2017-12-11,-5.84,8.88,0.6844270833333334,52.78993055555556,1.4852256944444444,73132.4725,19.68,14.72,4,C04,cluster_04_cold_normal_humidity_normal_wind
2017-12-12,-4.38,9.16,0.5645833333333333,54.44097222222222,1.2803125,66951.1747,19.68,13.54,4,C04,cluster_04_cold_normal_humidity_normal_wind
2017-12-13,-4.65,10.06,1.5187499999999998,57.65972222222222,1.3512847222222222,73236.2125,19.68,14.71,4,C04,cluster_04_cold_normal_humidity_normal_wind
2017-12-14,-3.32,8.56,1.9079861111111112,58.36284722222222,0.6907465277777778,72385.7625,19.68,11.88,4,C04,cluster_04_cold_normal_humidity_normal_wind
2017-12-15,-2.62,8.82,1.824357638888889,54.64756944444444,0.5390798611111111,39792.5746,19.68,11.44,4,C04,cluster_04_cold_normal_humidity_normal_wind
2017-12-16,-3.39,10.5,2.7679340277777778,49.21180555555556,0.6389930555555555,73335.6892,19.68,13.89,4,C04,cluster_04_cold_normal_humidity_normal_wind
2017-12-17,-0.45,10.56,4.117465277777778,50.076388888888886,0.7013541666666667,39009.7342,19.68,11.01,4,C04,cluster_04_cold_normal_humidity_normal_wind
2017-12-18,-1.66,10.35,3.8746875,47.63194444444444,0.6122916666666667,73044.2355,19.68,12.01,4,C04,cluster_04_cold_normal_humidity_normal_wind
2017-12-19,0.06,12.24,6.32234375,51.78125,0.6879340277777778,72132.4196,19.68,12.18,4,C04,cluster_04_cold_normal_humidity_normal_wind
2017-12-20,4.1,15.13,9.19328125,55.28472222222222,1.0731944444444443,38594.1998,19.68,11.03,8,C08,cluster_08_warm_normal_humidity_normal_wind
2017-12-21,6.37,9.81,7.990833333333334,74.49826388888889,0.8160763888888889,13294.4032,12.565,3.4400000000000004,3,C03,cluster_03_mild_humid_normal_wind
2017-12-22,6.74,13.94,10.123732638888889,64.24479166666667,1.0647916666666668,22884.2431,4.724166666666666,7.199999999999999,11,C11,cluster_11_mild_normal_humidity_normal_wind
2017-12-23,8.19,14.31,10.556319444444444,56.373263888888886,2.1272569444444445,14160.9513,8.095416666666667,6.120000000000001,3,C03,cluster_03_mild_humid_normal_wind
2017-12-24,7.36,16.8,12.209010416666668,40.420138888888886,2.107222222222222,13313.5079,8.4,9.44,6,C06,cluster_06_warm_normal_humidity_normal_wind
2017-12-25,4.0758,11.51,8.210659722222223,59.52604166666666,1.4301388888888888,14523.1162,9.224166666666669,7.4342,11,C11,cluster_11_mild_normal_humidity_normal_wind
2017-12-26,0.58,12.32,5.525399305555556,65.39236111111111,1.6340104166666665,67929.072,6.0,11.74,0,C00,cluster_00_mild_normal_humidity_normal_wind
2017-12-27,0.34,9.16,3.796684027777778,68.51909722222223,2.5491319444444445,70236.4273,6.0,8.82,7,C07,cluster_07_mild_normal_humidity_normal_wind
2017-12-28,-0.4,9.92,4.468958333333333,53.83680555555556,1.2458854166666666,48736.5542,6.0,10.32,0,C00,cluster_00_mild_normal_humidity_normal_wind
2017-12-29,0.81,12.64,6.548055555555555,42.87673611111112,0.5138020833333333,56177.0229,6.0,11.83,0,C00,cluster_00_mild_normal_humidity_normal_wind
2017-12-30,4.16,14.32,8.346840277777778,57.123263888888886,0.8533854166666667,60656.0921,6.0,10.16,0,C00,cluster_00_mild_normal_humidity_normal_wind
2017-12-31,3.35,14.91,8.272690972222222,48.53472222222222,0.9736805555555555,64385.1686,6.0,11.56,0,C00,cluster_00_mild_normal_humidity_normal_wind
2018-01-01,3.8,14.15,8.995329861111111,41.89756944444444,3.4547048611111117,30073.2223,5.519583333333333,10.35,7,C07,cluster_07_mild_normal_humidity_normal_wind
2018-01-02,2.1733,8.46,5.340711805555555,61.326388888888886,1.5756076388888889,57016.1656,4.646249999999999,6.2867000000000015,11,C11,cluster_11_mild_normal_humidity_normal_wind
2018-01-03,-0.6408,8.35,3.0805381944444448,64.63888888888889,2.4246527777777778,56320.5239,2.64,8.9908,7,C07,cluster_07_mild_normal_humidity_normal_wind
2018-01-04,-0.91,10.28,4.332239583333333,52.31597222222222,1.0293055555555557,34856.0783,2.64,11.19,11,C11,cluster_11_mild_normal_humidity_normal_wind
2018-01-05,0.33,9.02,4.075659722222222,50.33159722222222,0.7540277777777777,65443.6813,2.64,8.69,0,C00,cluster_00_mild_normal_humidity_normal_wind
2018-01-06,-1.25,4.68,2.4147395833333336,83.74131944444444,0.78703125,30582.8169,9.00875,5.93,11,C11,cluster_11_mild_normal_humidity_normal_wind
2018-01-07,-3.4892,7.42,2.149027777777777,71.36284722222223,1.7095833333333337,60064.4227,6.24,10.9092,0,C00,cluster_00_mild_normal_humidity_normal_wind
2018-01-08,-4.49,8.37,0.9139756944444444,57.26215277777778,0.9369444444444444,73183.1296,6.24,12.86,0,C00,cluster_00_mild_normal_humidity_normal_wind
2018-01-09,-3.31,7.78,1.9607291666666669,50.83680555555556,1.07578125,72014.98240000001,6.24,11.09,0,C00,cluster_00_mild_normal_humidity_normal_wind
2018-01-10,-2.34,8.75,2.5205729166666666,50.80729166666666,1.0960243055555554,72167.8941,6.24,11.09,0,C00,cluster_00_mild_normal_humidity_normal_wind
2018-01-11,-1.46,8.78,3.814357638888889,41.99479166666666,1.251753472222222,54991.3119,6.185,10.239999999999998,0,C00,cluster_00_mild_normal_humidity_normal_wind
2018-01-12,0.76,10.61,5.838993055555556,37.513888888888886,0.7815625,47423.9543,3.36,9.85,0,C00,cluster_00_mild_normal_humidity_normal_wind
2018-01-13,1.08,12.17,5.697673611111111,38.53819444444444,0.930625,73335.6892,3.36,11.09,0,C00,cluster_00_mild_normal_humidity_normal_wind
2018-01-14,-1.2,12.38,5.8828125,31.48611111111111,2.6483159722222225,73328.7802,3.36,13.58,7,C07,cluster_07_mild_normal_humidity_normal_wind
2018-01-15,-1.65,8.63,3.269895833333333,52.25694444444444,2.1523958333333333,68031.5916,2.481666666666667,10.28,7,C07,cluster_07_mild_normal_humidity_normal_wind
2018-01-16,-2.92,5.5,0.5888888888888889,63.16666666666666,1.2561111111111112,68350.1459,2.4,8.42,0,C00,cluster_00_mild_normal_humidity_normal_wind
2018-01-17,-1.69,5.39,1.2681944444444444,61.51736111111112,1.3093402777777776,59135.1725,2.4,7.08,0,C00,cluster_00_mild_normal_humidity_normal_wind
2018-01-18,-1.28,7.88,3.175850694444444,54.00347222222222,2.411128472222222,55660.7976,2.4,9.16,7,C07,cluster_07_mild_normal_humidity_normal_wind
2018-01-19,-1.99,11.59,5.772291666666667,38.89409722222222,3.604739583333333,72133.2994,2.4,13.58,7,C07,cluster_07_mild_normal_humidity_normal_wind
2018-01-20,-2.0025,5.28,1.7282291666666667,70.99826388888889,1.8793402777777777,40416.0075,9.342916666666666,7.282500000000001,11,C11,cluster_11_mild_normal_humidity_normal_wind
2018-01-21,-3.23,9.48,2.185677083333333,57.295138888888886,1.3305555555555555,73314.9614,9.36,12.71,4,C04,cluster_04_cold_normal_humidity_normal_wind
2018-01-22,-0.91,9.21,4.377152777777777,41.79166666666666,2.118524305555556,15944.3008,9.36,10.12,11,C11,cluster_11_mild_normal_humidity_normal_wind
2018-01-23,0.94,11.66,6.083819444444445,49.25,1.5807465277777777,72370.4346,8.639999999999999,10.72,0,C00,cluster_00_mild_normal_humidity_normal_wind
2018-01-24,2.135,11.16,5.472986111111111,58.60416666666666,0.9623611111111112,65412.6243,3.6,9.025,0,C00,cluster_00_mild_normal_humidity_normal_wind
2018-01-25,0.92,12.35,5.616961805555556,51.35069444444444,2.1582118055555557,72736.3476,3.58625,11.43,7,C07,cluster_07_mild_normal_humidity_normal_wind
2018-01-26,0.7025,9.03,5.2980729166666665,63.44444444444444,2.155399305555556,35226.8583,5.635416666666667,8.327499999999999,11,C11,cluster_11_mild_normal_humidity_normal_wind
2018-01-27,-3.6133,2.23,-0.9080208333333332,85.95486111111111,2.0625,14078.7977,8.894166666666667,5.8433,3,C03,cluster_03_mild_humid_normal_wind
2018-01-28,-13.1167,-2.67,-5.789496527777778,83.29513888888889,2.839600694444444,12229.5236,11.76,10.4467,3,C03,cluster_03_mild_humid_normal_wind
2018-01-29,-14.24,-4.99,-9.860451388888889,72.48958333333333,1.3563541666666667,71426.256,11.76,9.25,4,C04,cluster_04_cold_normal_humidity_normal_wind
2018-01-30,-13.96,-2.37,-7.276388888888889,78.33333333333333,0.8853298611111111,15985.7311,11.76,11.59,4,C04,cluster_04_cold_normal_humidity_normal_wind
2018-01-31,-14.49,0.88,-6.28765625,64.28819444444444,1.0405902777777778,73332.2346,11.76,15.37,4,C04,cluster_04_cold_normal_humidity_normal_wind
2018-02-01,-7.89,3.48,-3.3141145833333336,62.24652777777778,0.8607291666666667,73332.2346,11.76,11.37,4,C04,cluster_04_cold_normal_humidity_normal_wind
2018-02-02,-8.25,3.45,-2.660920138888889,57.19097222222222,1.0228472222222222,73335.6892,11.76,11.7,4,C04,cluster_04_cold_normal_humidity_normal_wind
2018-02-03,-6.13,4.07,-1.664791666666667,53.71180555555556,0.9956597222222222,71849.4407,11.76,10.2,4,C04,cluster_04_cold_normal_humidity_normal_wind
2018-02-04,-4.28,5.81,0.0073263888888888,50.78472222222222,0.8496006944444444,67845.0201,11.76,10.09,4,C04,cluster_04_cold_normal_humidity_normal_wind
2018-02-05,-1.69,7.51,3.102829861111111,55.07291666666666,0.8823090277777778,52735.4327,11.76,9.2,4,C04,cluster_04_cold_normal_humidity_normal_wind
2018-02-06,1.24,11.53,6.632604166666667,51.32465277777778,0.9875694444444444,69521.6534,11.76,10.29,4,C04,cluster_04_cold_normal_humidity_normal_wind
2018-02-07,-1.4167,10.56,4.508489583333333,64.00347222222223,1.3461805555555555,71713.5378,11.76,11.9767,4,C04,cluster_04_cold_normal_humidity_normal_wind
2018-02-08,-5.1675,7.11,0.6868576388888888,71.34027777777777,1.3044270833333331,60986.9975,11.76,12.2775,4,C04,cluster_04_cold_normal_humidity_normal_wind
2018-02-09,-5.44,7.3,1.7474652777777775,60.911458333333336,1.035190972222222,42427.7349,11.76,12.74,4,C04,cluster_04_cold_normal_humidity_normal_wind
2018-02-10,-2.9483,9.32,2.8275520833333334,62.435763888888886,1.0370833333333334,72838.8461,11.76,12.2683,4,C04,cluster_04_cold_normal_humidity_normal_wind
2018-02-11,-3.15,9.02,4.169097222222223,60.560763888888886,1.2357986111111112,53522.7451,11.76,12.17,4,C04,cluster_04_cold_normal_humidity_normal_wind
2018-02-12,6.06,7.66,6.809565972222222,77.88194444444444,1.5295486111111112,12322.7508,9.64375,1.6000000000000003,3,C03,cluster_03_mild_humid_normal_wind
2018-02-13,6.62,9.75,7.860260416666667,82.62847222222223,1.7925868055555556,12246.7965,21.2175,3.13,3,C03,cluster_03_mild_humid_normal_wind
2018-02-14,0.9,8.94,5.074496527777778,72.05729166666667,2.157760416666666,61935.4665,10.896666666666668,8.04,7,C07,cluster_07_mild_normal_humidity_normal_wind
2018-02-15,1.4,10.11,5.534513888888889,59.333333333333336,1.4644791666666666,15091.462,4.32,8.709999999999999,11,C11,cluster_11_mild_normal_humidity_normal_wind
2018-02-16,4.13,9.03,5.880034722222223,73.98090277777777,2.215017361111111,12222.6145,11.166666666666666,4.9,3,C03,cluster_03_mild_humid_normal_wind
2018-02-17,4.78,6.7,5.729236111111111,86.56770833333333,1.652309027777778,12825.9393,14.727083333333333,1.92,3,C03,cluster_03_mild_humid_normal_wind
2018-02-18,3.6,7.78,6.204635416666666,76.61805555555556,3.118211805555555,21278.1729,16.08,4.18,3,C03,cluster_03_mild_humid_normal_wind
2018-02-19,0.8558,7.25,4.445954861111111,78.67361111111111,1.2701215277777778,15241.2284,10.435416666666669,6.3942,3,C03,cluster_03_mild_humid_normal_wind
2018-02-20,-0.03,10.88,4.945520833333333,72.17708333333333,1.5766145833333334,69699.5613,4.8,10.91,0,C00,cluster_00_mild_normal_humidity_normal_wind
2018-02-21,1.94,10.57,6.369010416666667,68.05208333333333,1.866875,30896.8831,4.8,8.63,11,C11,cluster_11_mild_normal_humidity_normal_wind
2018-02-22,5.24,9.66,7.104947916666666,72.16840277777777,1.5276215277777778,15469.6395,9.29625,4.42,3,C03,cluster_03_mild_humid_normal_wind
2018-02-23,3.8,11.14,7.069774305555556,76.25347222222223,0.7934548611111111,38161.1157,6.235416666666667,7.340000000000001,11,C11,cluster_11_mild_normal_humidity_normal_wind
2018-02-24,5.07,7.28,6.081336805555555,83.42881944444444,2.761649305555556,15952.1296,7.9541666666666675,2.21,3,C03,cluster_03_mild_humid_normal_wind
2018-02-25,2.8458,10.0,6.388784722222223,70.96354166666667,1.283472222222222,56340.3958,4.948333333333333,7.1542,11,C11,cluster_11_mild_normal_humidity_normal_wind
2018-02-26,2.58,9.17,6.636354166666667,66.93923611111111,1.2142881944444444,18947.745,3.02125,6.59,11,C11,cluster_11_mild_normal_humidity_normal_wind
2018-02-27,5.0017,9.6,7.498715277777778,72.10763888888889,1.8202777777777777,32830.8861,8.017083333333334,4.5983,3,C03,cluster_03_mild_humid_normal_wind
2018-02-28,2.9017,12.47,7.255989583333333,67.11111111111111,1.3949131944444444,64157.5414,14.880000000000004,9.5683,4,C04,cluster_04_cold_normal_humidity_normal_wind
2018-03-01,2.83,12.63,7.664079861111111,65.890625,0.8538020833333334,59069.3006,14.880000000000004,9.8,4,C04,cluster_04_cold_normal_humidity_normal_wind
2018-03-02,3.53,13.94,8.98982638888889,53.654513888888886,1.5134548611111112,38767.739,14.880000000000004,10.41,8,C08,cluster_08_warm_normal_humidity_normal_wind
2018-03-03,4.03,13.72,9.504809027777778,54.83680555555556,1.4175173611111112,60056.5898,14.880000000000004,9.69,8,C08,cluster_08_warm_normal_humidity_normal_wind
2018-03-04,5.61,16.15,10.740659722222222,57.52430555555556,1.5559722222222223,39257.4662,14.880000000000004,10.54,8,C08,cluster_08_warm_normal_humidity_normal_wind
2018-03-05,7.9,17.38,12.550277777777778,59.513888888888886,1.2759027777777776,24494.9253,8.634583333333333,9.48,11,C11,cluster_11_mild_normal_humidity_normal_wind
2018-03-06,8.46,15.03,11.46527777777778,65.28645833333333,1.53703125,13499.47,7.454583333333334,6.569999999999999,11,C11,cluster_11_mild_normal_humidity_normal_wind
2018-03-07,7.35,16.23,11.323559027777778,68.28298611111111,1.1874826388888888,43190.7753,4.87625,8.88,11,C11,cluster_11_mild_normal_humidity_normal_wind
2018-03-08,8.13,18.67,13.110104166666666,54.89409722222222,1.0980555555555556,34713.3339,3.12,10.54,6,C06,cluster_06_warm_normal_humidity_normal_wind
2018-03-09,8.94,21.12,14.828402777777775,44.21527777777778,2.6305555555555555,25616.3592,6.479166666666667,12.18,6,C06,cluster_06_warm_normal_humidity_normal_wind
2018-03-10,6.9408,15.83,11.134635416666669,45.42881944444444,2.2851215277777777,57495.2349,2.661666666666667,8.889199999999999,7,C07,cluster_07_mild_normal_humidity_normal_wind
2018-03-11,5.35,16.38,10.285503472222222,52.18402777777778,0.8399305555555556,27622.4309,2.64,11.03,11,C11,cluster_11_mild_normal_humidity_normal_wind
2018-03-12,1.3817,14.84,8.678194444444445,58.927083333333336,2.089357638888889,30082.0476,5.763749999999999,13.4583,7,C07,cluster_07_mild_normal_humidity_normal_wind
2018-03-13,0.62,14.46,8.711440972222222,51.90104166666666,1.585972222222222,67452.7587,9.12,13.840000000000002,0,C00,cluster_00_mild_normal_humidity_normal_wind
2018-03-14,4.88,16.7,10.991145833333333,47.295138888888886,0.6635243055555555,32557.6905,9.12,11.82,8,C08,cluster_08_warm_normal_humidity_normal_wind
2018-03-15,7.17,17.46,12.644600694444444,47.560763888888886,1.0483680555555557,48949.4713,9.12,10.29,8,C08,cluster_08_warm_normal_humidity_normal_wind
2018-03-16,7.3408,16.42,11.626371527777778,60.20486111111112,1.4001736111111112,13750.3875,10.857083333333334,9.079200000000002,11,C11,cluster_11_mild_normal_humidity_normal_wind
2018-03-17,1.2692,11.67,6.766996527777778,68.65972222222223,2.057743055555556,45501.4692,4.179166666666666,10.4008,7,C07,cluster_07_mild_normal_humidity_normal_wind
2018-03-18,0.9383,13.81,6.875329861111111,59.76215277777778,2.6801041666666667,71035.5856,2.64,12.8717,7,C07,cluster_07_mild_normal_humidity_normal_wind
2018-03-19,0.93,18.09,10.90814236111111,42.19444444444444,1.0257118055555554,17468.5484,2.64,17.16,6,C06,cluster_06_warm_normal_humidity_normal_wind
2018-03-20,6.32,20.4,13.31043402777778,40.21180555555556,0.7582638888888888,72977.063,2.64,14.079999999999998,5,C05,cluster_05_warm_normal_humidity_normal_wind
2018-03-21,5.775,21.7,15.020503472222222,37.31597222222222,2.1084895833333333,22988.2486,2.64,15.925,6,C06,cluster_06_warm_normal_humidity_normal_wind
2018-03-22,4.63,21.32,14.012690972222224,34.751736111111114,1.8814756944444444,60571.8015,2.64,16.69,5,C05,cluster_05_warm_normal_humidity_normal_wind
2018-03-23,9.73,21.77,15.04043402777778,34.61805555555556,1.6563541666666666,66379.3923,2.64,12.04,5,C05,cluster_05_warm_normal_humidity_normal_wind
2018-03-24,9.56,22.28,17.05956597222222,30.82986111111111,3.9207465277777778,22937.8335,2.64,12.72,6,C06,cluster_06_warm_normal_humidity_normal_wind
2018-03-25,14.8542,24.71,19.493940972222223,28.82118055555556,2.543715277777778,25309.3227,2.64,9.8558,6,C06,cluster_06_warm_normal_humidity_normal_wind
2018-03-26,11.38,24.31,17.835520833333334,31.37326388888889,2.1051041666666666,55965.9752,2.64,12.929999999999998,5,C05,cluster_05_warm_normal_humidity_normal_wind
2018-03-27,9.76,23.65,17.425520833333334,25.64930555555556,0.9816493055555556,72177.6559,2.64,13.89,5,C05,cluster_05_warm_normal_humidity_normal_wind
2018-03-28,12.88,24.05,18.787309027777777,30.234375,1.1967013888888889,14622.0337,2.64,11.17,6,C06,cluster_06_warm_normal_humidity_normal_wind
2018-03-29,14.39,27.27,20.303315972222222,30.4375,3.3494444444444444,21772.6054,2.64,12.88,6,C06,cluster_06_warm_normal_humidity_normal_wind
2018-03-30,10.2717,20.99,17.108663194444446,43.279513888888886,2.787326388888889,13618.8348,5.214583333333334,10.7183,6,C06,cluster_06_warm_normal_humidity_normal_wind
2018-03-31,2.9158,17.15,10.674565972222222,48.56423611111112,3.448246527777778,73066.6584,2.88,14.234199999999998,7,C07,cluster_07_mild_normal_humidity_normal_wind
2018-04-01,2.21,18.06,10.110850694444444,47.53298611111112,1.8500694444444443,69639.4886,2.88,15.849999999999998,5,C05,cluster_05_warm_normal_humidity_normal_wind
2018-04-02,5.52,19.97,13.11,41.04340277777778,0.893576388888889,68141.4925,2.88,14.45,5,C05,cluster_05_warm_normal_humidity_normal_wind
2018-04-03,8.11,21.75,15.99565972222222,28.11805555555556,1.08828125,31978.7919,2.88,13.64,6,C06,cluster_06_warm_normal_humidity_normal_wind
2018-04-04,6.4667,20.49,13.942048611111112,37.60416666666666,2.1242881944444445,13269.5103,2.88,14.0233,6,C06,cluster_06_warm_normal_humidity_normal_wind
2018-04-05,6.07,19.27,11.5225,52.02604166666666,2.563159722222222,66120.08,6.287916666666667,13.2,7,C07,cluster_07_mild_normal_humidity_normal_wind
2018-04-06,6.22,19.7,12.349184027777778,48.07465277777778,1.648940972222222,33034.2391,3.5620833333333337,13.48,6,C06,cluster_06_warm_normal_humidity_normal_wind
2018-04-07,6.2967,12.7,9.930364583333334,77.21701388888889,1.657326388888889,13949.4595,8.338333333333333,6.403299999999999,3,C03,cluster_03_mild_humid_normal_wind
2018-04-08,4.85,19.82,12.086493055555556,65.97916666666667,1.3825,58369.6541,3.231666666666667,14.97,0,C00,cluster_00_mild_normal_humidity_normal_wind
2018-04-09,6.16,20.75,12.74454861111111,57.71180555555556,1.3759722222222222,58555.7558,3.0345833333333334,14.59,5,C05,cluster_05_warm_normal_humidity_normal_wind
2018-04-10,7.55,19.79,14.435902777777777,41.33506944444444,3.172569444444445,28094.8769,3.12,12.239999999999998,6,C06,cluster_06_warm_normal_humidity_normal_wind
2018-04-11,10.8,21.5,16.040520833333332,29.63368055555556,3.1488715277777777,47023.3517,3.12,10.7,6,C06,cluster_06_warm_normal_humidity_normal_wind
2018-04-12,10.91,21.05,15.801458333333333,39.12152777777778,1.1309375,12701.6981,3.12,10.14,6,C06,cluster_06_warm_normal_humidity_normal_wind
2018-04-13,9.35,19.71,13.669027777777778,53.21354166666666,1.8130208333333333,31308.887,5.3425,10.36,6,C06,cluster_06_warm_normal_humidity_normal_wind
2018-04-14,5.805,17.12,11.831180555555555,61.05729166666666,2.601736111111111,48858.8312,6.048333333333334,11.315,7,C07,cluster_07_mild_normal_humidity_normal_wind
2018-04-15,2.0283,14.54,8.427204861111111,65.97048611111111,2.6631597222222223,44862.1566,7.56875,12.5117,7,C07,cluster_07_mild_normal_humidity_normal_wind
2018-04-16,-3.9775,6.14,1.4593229166666668,76.22569444444444,2.426510416666667,21340.2751,9.820416666666668,10.1175,3,C03,cluster_03_mild_humid_normal_wind
2018-04-17,-4.57,10.94,3.8690277777777777,53.01909722222222,1.2263194444444443,72726.6206,3.12,15.51,0,C00,cluster_00_mild_normal_humidity_normal_wind
2018-04-18,-1.27,15.48,8.032743055555555,42.864583333333336,1.2817013888888888,61389.1989,3.12,16.75,0,C00,cluster_00_mild_normal_humidity_normal_wind
2018-04-19,1.67,18.99,12.066614583333331,41.12152777777778,1.665295138888889,73092.8487,3.12,17.32,5,C05,cluster_05_warm_normal_humidity_normal_wind
2018-04-20,8.81,21.21,16.022100694444443,41.02604166666666,2.245329861111111,36560.7782,3.12,12.4,6,C06,cluster_06_warm_normal_humidity_normal_wind
2018-04-21,10.7342,21.42,16.522934027777776,34.75,2.9039062500000004,38191.3045,5.377083333333333,10.685800000000002,6,C06,cluster_06_warm_normal_humidity_normal_wind
2018-04-22,10.72,18.66,13.61732638888889,54.55034722222222,2.179861111111111,23757.4871,6.7775,7.939999999999999,6,C06,cluster_06_warm_normal_humidity_normal_wind
2018-04-23,4.24,15.04,10.260607638888889,76.33333333333333,2.394340277777778,36523.7234,10.885833333333332,10.8,3,C03,cluster_03_mild_humid_normal_wind
2018-04-24,4.34,20.76,12.988159722222225,50.39756944444444,1.36421875,73258.8523,5.76,16.42,5,C05,cluster_05_warm_normal_humidity_normal_wind
2018-04-25,7.79,20.89,15.410659722222224,45.411458333333336,2.086423611111111,66512.3568,5.76,13.1,5,C05,cluster_05_warm_normal_humidity_normal_wind
2018-04-26,11.55,22.58,17.92442708333333,38.328125,2.320052083333333,43163.8786,5.76,11.029999999999998,6,C06,cluster_06_warm_normal_humidity_normal_wind
2018-04-27,14.01,22.0,17.81138888888889,37.078125,3.4101215277777777,25784.6942,3.7504166666666654,7.99,6,C06,cluster_06_warm_normal_humidity_normal_wind
2018-04-28,11.7392,23.86,17.803229166666668,37.208333333333336,2.141284722222222,27816.6344,3.680416666666667,12.1208,6,C06,cluster_06_warm_normal_humidity_normal_wind
2018-04-29,8.3517,19.65,13.177118055555557,65.15104166666667,1.9860069444444448,26812.2028,13.34125,11.2983,8,C08,cluster_08_warm_normal_humidity_normal_wind
2018-04-30,7.87,17.86,12.305434027777778,64.73090277777777,2.370329861111111,29592.501,8.257916666666667,9.989999999999998,6,C06,cluster_06_warm_normal_humidity_normal_wind
2018-05-01,7.6,17.83,12.088420138888887,78.11805555555556,1.1616145833333331,54838.7978,10.397916666666667,10.23,8,C08,cluster_08_warm_normal_humidity_normal_wind
2018-05-02,8.14,21.12,15.486510416666668,67.51388888888889,1.3898437499999998,25605.5548,4.9591666666666665,12.98,6,C06,cluster_06_warm_normal_humidity_normal_wind
2018-05-03,11.13,22.77,17.450746527777778,58.53298611111112,1.565920138888889,18591.8325,3.93125,11.64,6,C06,cluster_06_warm_normal_humidity_normal_wind
2018-05-04,13.32,21.39,17.111996527777777,57.46180555555556,1.5814409722222222,19148.2622,7.479166666666667,8.07,6,C06,cluster_06_warm_normal_humidity_normal_wind
2018-05-05,10.9458,21.3,16.53407986111111,60.61284722222222,1.3614930555555556,28607.8025,15.533333333333337,10.3542,8,C08,cluster_08_warm_normal_humidity_normal_wind
2018-05-06,10.9,22.81,16.600677083333334,62.44444444444444,1.5272569444444446,38141.6864,11.76375,11.909999999999998,8,C08,cluster_08_warm_normal_humidity_normal_wind
2018-05-07,12.79,25.28,18.922274305555558,47.70486111111112,1.1019965277777777,27640.1429,6.0,12.490000000000002,6,C06,cluster_06_warm_normal_humidity_normal_wind
2018-05-08,14.265,22.46,17.638211805555557,60.18923611111112,2.256145833333333,12458.546,5.86875,8.195,6,C06,cluster_06_warm_normal_humidity_normal_wind
2018-05-09,11.99,19.32,14.899027777777778,78.65451388888889,3.0179513888888887,12262.3879,23.481250000000003,7.33,3,C03,cluster_03_mild_humid_normal_wind
2018-05-10,10.0533,17.78,13.8940625,74.49479166666667,1.1283680555555555,31326.8962,10.835416666666667,7.726700000000001,11,C11,cluster_11_mild_normal_humidity_normal_wind
2018-05-11,10.01,18.76,14.129427083333333,70.91319444444444,1.2383333333333333,29048.3136,7.349583333333332,8.750000000000002,11,C11,cluster_11_mild_normal_humidity_normal_wind
2018-05-12,10.29,16.88,13.111979166666666,71.48090277777777,1.2709722222222224,22585.8354,14.967083333333337,6.59,3,C03,cluster_03_mild_humid_normal_wind
2018-05-13,9.46,21.13,15.48734375,65.08680555555556,1.4922048611111112,41085.1916,14.96875,11.669999999999998,8,C08,cluster_08_warm_normal_humidity_normal_wind
2018-05-14,10.56,19.79,14.947447916666668,65.18229166666667,2.2422916666666666,29846.4262,5.52,9.23,6,C06,cluster_06_warm_normal_humidity_normal_wind
2018-05-15,10.4233,21.62,15.442309027777778,65.00347222222223,2.4526041666666667,43028.9642,4.404166666666666,11.196700000000002,6,C06,cluster_06_warm_normal_humidity_normal_wind
2018-05-16,8.045,18.89,13.718107638888888,63.32465277777778,2.0130381944444444,53607.6586,3.234583333333333,10.845,7,C07,cluster_07_mild_normal_humidity_normal_wind
2018-05-17,7.81,22.66,15.148697916666666,53.77256944444444,1.4485069444444445,60363.882,3.36,14.85,5,C05,cluster_05_warm_normal_humidity_normal_wind
2018-05-18,8.39,22.93,16.298993055555556,50.78993055555556,1.0010590277777778,59272.311,3.36,14.54,5,C05,cluster_05_warm_normal_humidity_normal_wind
2018-05-19,10.67,24.53,18.26217013888889,40.06944444444444,0.7319618055555556,68768.4785,3.36,13.86,5,C05,cluster_05_warm_normal_humidity_normal_wind
2018-05-20,12.2,27.35,20.138871527777777,38.15277777777778,0.9802604166666666,60441.3233,3.36,15.150000000000002,5,C05,cluster_05_warm_normal_humidity_normal_wind
2018-05-21,14.3283,26.59,19.52657986111111,47.21875,1.4383854166666667,33145.2265,3.36,12.2617,6,C06,cluster_06_warm_normal_humidity_normal_wind
2018-05-22,13.7458,25.35,18.693385416666665,56.583333333333336,1.6470659722222225,23701.7566,3.36,11.604200000000002,6,C06,cluster_06_warm_normal_humidity_normal_wind
2018-05-23,13.67,24.54,18.09227430555556,61.43229166666666,1.0714756944444443,22196.0113,12.372916666666669,10.87,8,C08,cluster_08_warm_normal_humidity_normal_wind
2018-05-24,14.4,25.55,19.87229166666667,41.795138888888886,2.7243055555555555,56080.9593,21.84,11.15,8,C08,cluster_08_warm_normal_humidity_normal_wind
2018-05-25,15.72,27.95,21.244496527777777,46.29166666666666,1.603784722222222,38958.0185,21.84,12.23,8,C08,cluster_08_warm_normal_humidity_normal_wind
2018-05-26,15.64,28.08,21.66324652777778,45.97743055555556,1.516875,59084.6539,21.84,12.439999999999998,8,C08,cluster_08_warm_normal_humidity_normal_wind
2018-05-27,12.16,27.64,19.85097222222222,53.43923611111112,3.034340277777778,63147.9929,21.84,15.48,8,C08,cluster_08_warm_normal_humidity_normal_wind
2018-05-28,12.5,27.78,21.33880208333333,42.598958333333336,1.2909548611111112,60513.5566,21.84,15.28,8,C08,cluster_08_warm_normal_humidity_normal_wind
2018-05-29,15.3975,30.95,22.703489583333333,47.067708333333336,1.8736284722222225,30573.1645,13.891666666666667,15.552499999999998,8,C08,cluster_08_warm_normal_humidity_normal_wind
2018-05-30,15.38,27.5,21.76628472222222,45.810763888888886,1.23875,45148.3414,7.155833333333334,12.12,6,C06,cluster_06_warm_normal_humidity_normal_wind
2018-05-31,18.15,30.7,23.174756944444443,41.0,2.2109027777777777,41790.8218,10.614166666666668,12.55,6,C06,cluster_06_warm_normal_humidity_normal_wind
2018-06-01,18.1142,29.14,23.55633680555556,41.953125,2.333298611111111,23922.9743,12.788333333333332,11.0258,6,C06,cluster_06_warm_normal_humidity_normal_wind
2018-06-02,15.87,28.14,21.04361111111111,49.623263888888886,1.7877430555555556,27985.6472,9.519166666666669,12.27,6,C06,cluster_06_warm_normal_humidity_normal_wind
2018-06-03,14.78,24.41,19.176128472222224,68.73090277777777,1.2828993055555555,46919.0201,7.531666666666666,9.63,8,C08,cluster_08_warm_normal_humidity_normal_wind
2018-06-04,15.79,29.15,22.677760416666665,46.67361111111112,1.1394965277777778,52942.7553,4.08,13.36,5,C05,cluster_05_warm_normal_humidity_normal_wind
2018-06-05,18.54,31.22,24.466371527777778,39.451388888888886,3.1562847222222223,23247.8877,8.59625,12.68,6,C06,cluster_06_warm_normal_humidity_normal_wind
2018-06-06,18.2358,32.73,25.730329861111112,32.170138888888886,0.9957118055555556,67373.67050000001,3.36,14.494199999999996,10,C10,cluster_10_hot_dry_normal_wind
2018-06-07,16.6992,32.74,24.783663194444443,35.40625,2.5653472222222224,73304.737,3.36,16.0408,2,C02,cluster_02_hot_dry_normal_wind
2018-06-08,16.29,31.77,23.754444444444445,43.671875,2.547170138888889,72303.7727,3.36,15.48,2,C02,cluster_02_hot_dry_normal_wind
2018-06-09,13.86,29.72,21.436354166666668,47.64930555555556,2.239149305555556,60756.1751,3.2454166666666664,15.86,5,C05,cluster_05_warm_normal_humidity_normal_wind
2018-06-10,13.82,29.49,22.35029513888889,41.11805555555556,1.5092534722222224,67257.5239,3.12,15.669999999999998,5,C05,cluster_05_warm_normal_humidity_normal_wind
2018-06-11,16.31,31.27,23.62442708333333,40.96006944444444,1.4700520833333333,47702.128,2.9508333333333336,14.96,10,C10,cluster_10_hot_dry_normal_wind
2018-06-12,14.36,29.59,21.99190972222222,48.873263888888886,2.15515625,42353.6681,6.300416666666667,15.23,6,C06,cluster_06_warm_normal_humidity_normal_wind
2018-06-13,13.91,28.87,21.223871527777774,46.81944444444444,2.637170138888889,59769.5638,8.4375,14.96,2,C02,cluster_02_hot_dry_normal_wind
2018-06-14,14.35,30.45,23.2159375,37.43055555555556,1.2683680555555557,50986.6659,6.72,16.1,10,C10,cluster_10_hot_dry_normal_wind
2018-06-15,19.0,30.51,24.493975694444444,35.70659722222222,1.4896180555555556,52522.9394,6.8445833333333335,11.510000000000002,10,C10,cluster_10_hot_dry_normal_wind
2018-06-16,19.34,32.62,26.014340277777777,29.09895833333333,1.4944270833333333,55074.4736,6.96,13.279999999999998,10,C10,cluster_10_hot_dry_normal_wind
2018-06-17,18.1325,31.87,25.378871527777772,35.55381944444444,2.659548611111111,72306.202,6.96,13.7375,2,C02,cluster_02_hot_dry_normal_wind
2018-06-18,18.09,33.59,26.77130208333333,24.78472222222222,2.2667708333333336,73335.6892,6.96,15.500000000000004,10,C10,cluster_10_hot_dry_normal_wind
2018-06-19,16.7225,32.54,25.32878472222222,31.07986111111111,2.379027777777777,71794.8956,6.96,15.8175,2,C02,cluster_02_hot_dry_normal_wind
2018-06-20,16.72,32.86,25.187430555555554,34.14409722222222,1.9535069444444444,73258.8523,6.96,16.14,10,C10,cluster_10_hot_dry_normal_wind
2018-06-21,16.83,32.25,24.148958333333333,41.32291666666666,2.2063888888888887,70952.2835,6.96,15.420000000000002,10,C10,cluster_10_hot_dry_normal_wind
2018-06-22,16.88,33.56,25.281493055555558,35.576388888888886,1.666111111111111,73210.5505,6.96,16.680000000000003,10,C10,cluster_10_hot_dry_normal_wind
2018-06-23,18.27,34.02,25.90975694444445,34.22569444444444,1.7842361111111111,71829.935,6.96,15.750000000000004,10,C10,cluster_10_hot_dry_normal_wind
2018-06-24,18.56,35.58,27.272291666666668,32.111111111111114,1.5535069444444445,73308.1917,6.96,17.02,10,C10,cluster_10_hot_dry_normal_wind
2018-06-25,19.6558,36.63,27.914010416666667,31.76909722222222,1.518576388888889,71425.2133,6.96,16.974200000000003,10,C10,cluster_10_hot_dry_normal_wind
2018-06-26,19.61,35.51,28.16751736111111,25.61458333333333,2.922274305555556,73131.2191,6.96,15.9,2,C02,cluster_02_hot_dry_normal_wind
2018-06-27,20.0317,36.03,28.37538194444444,23.526041666666668,1.655746527777778,72462.2207,6.96,15.9983,10,C10,cluster_10_hot_dry_normal_wind
2018-06-28,19.98,34.84,27.873472222222222,25.163194444444443,1.8933854166666664,70474.3553,6.96,14.860000000000005,10,C10,cluster_10_hot_dry_normal_wind
2018-06-29,22.73,35.39,29.24071180555556,20.48090277777778,2.9737847222222222,73335.6892,6.96,12.66,2,C02,cluster_02_hot_dry_normal_wind
2018-06-30,24.8,38.73,31.40772569444444,18.92013888888889,2.460833333333333,73189.9622,6.96,13.929999999999996,10,C10,cluster_10_hot_dry_normal_wind
2018-07-01,22.965,39.98,32.08078125,19.35763888888889,1.3346701388888889,70268.431,6.96,17.014999999999997,10,C10,cluster_10_hot_dry_normal_wind
2018-07-02,22.0,37.18,29.860451388888887,24.42534722222222,1.3615104166666667,73335.6892,6.96,15.18,10,C10,cluster_10_hot_dry_normal_wind
2018-07-03,21.1925,36.07,28.998940972222226,26.5,1.4097916666666666,73335.6892,6.96,14.8775,10,C10,cluster_10_hot_dry_normal_wind
2018-07-04,20.63,35.37,28.317795138888886,26.95486111111111,1.1702430555555554,73335.6892,6.96,14.739999999999998,10,C10,cluster_10_hot_dry_normal_wind
2018-07-05,20.85,35.21,28.05972222222222,26.463541666666668,2.047743055555556,73335.6892,6.96,14.36,10,C10,cluster_10_hot_dry_normal_wind
2018-07-06,21.29,37.57,30.40829861111111,18.135416666666668,2.555243055555556,72765.6574,6.96,16.28,2,C02,cluster_02_hot_dry_normal_wind
2018-07-07,23.1758,38.71,31.42911458333333,17.54861111111111,1.7456944444444444,67985.1651,6.96,15.534200000000002,10,C10,cluster_10_hot_dry_normal_wind
2018-07-08,21.8292,38.64,29.99793402777778,29.046875,2.1903645833333334,67844.2346,6.96,16.8108,10,C10,cluster_10_hot_dry_normal_wind
2018-07-09,21.81,39.07,29.88671875,28.94965277777778,2.0073090277777776,73143.2798,6.96,17.26,10,C10,cluster_10_hot_dry_normal_wind
2018-07-10,21.99,39.08,30.989635416666665,26.76388888888889,1.597517361111111,71081.4456,6.96,17.09,10,C10,cluster_10_hot_dry_normal_wind
2018-07-11,24.9683,37.89,31.20144097222222,27.92708333333333,1.8435243055555557,73090.1066,6.96,12.9217,10,C10,cluster_10_hot_dry_normal_wind
2018-07-12,23.6975,36.87,30.91295138888889,22.69270833333333,2.6689583333333333,73335.6892,6.96,13.172499999999996,2,C02,cluster_02_hot_dry_normal_wind
2018-07-13,23.5,37.46,30.777586805555558,17.73784722222222,2.3663541666666665,73335.6892,6.96,13.96,10,C10,cluster_10_hot_dry_normal_wind
2018-07-14,24.16,37.72,31.29640625,18.647569444444443,2.954427083333333,73335.6892,6.96,13.56,2,C02,cluster_02_hot_dry_normal_wind
2018-07-15,24.48,37.82,31.85213541666667,15.109375,3.50234375,72190.4666,6.96,13.34,2,C02,cluster_02_hot_dry_normal_wind
2018-07-16,21.3483,38.12,30.23512152777778,22.51388888888889,2.182673611111112,71753.4491,6.96,16.7717,10,C10,cluster_10_hot_dry_normal_wind
2018-07-17,20.8317,37.45,28.660989583333333,30.21701388888889,2.418611111111111,70849.0163,6.96,16.6183,10,C10,cluster_10_hot_dry_normal_wind
2018-07-18,20.81,37.55,30.45703125,26.13368055555556,3.2801041666666664,72615.3134,6.96,16.74,2,C02,cluster_02_hot_dry_normal_wind
2018-07-19,27.22,39.66,32.714184027777776,19.359375,4.233194444444445,72355.7714,6.96,12.439999999999998,2,C02,cluster_02_hot_dry_normal_wind
2018-07-20,27.5108,38.92,33.32892361111111,14.817708333333334,4.3204513888888885,60332.0282,6.96,11.409200000000002,2,C02,cluster_02_hot_dry_normal_wind
2018-07-21,23.6908,39.81,32.73506944444445,14.76388888888889,3.8605034722222222,72831.9806,6.96,16.119200000000003,2,C02,cluster_02_hot_dry_normal_wind
2018-07-22,21.12,38.18,29.481371527777775,24.53125,2.880190972222222,71487.6584,6.96,17.06,2,C02,cluster_02_hot_dry_normal_wind
2018-07-23,20.87,38.15,29.17182291666667,28.83333333333333,2.4924131944444445,67320.9812,6.96,17.279999999999998,2,C02,cluster_02_hot_dry_normal_wind
2018-07-24,20.91,37.04,29.77949652777778,31.57638888888889,1.9424305555555557,64081.6568,6.96,16.13,10,C10,cluster_10_hot_dry_normal_wind
2018-07-25,23.4,38.02,31.49388888888889,26.63020833333333,1.6019270833333334,67039.3158,6.96,14.620000000000005,10,C10,cluster_10_hot_dry_normal_wind
2018-07-26,25.2925,40.5,32.69027777777777,26.96180555555556,1.4135069444444444,66038.6099,6.96,15.2075,10,C10,cluster_10_hot_dry_normal_wind
2018-07-27,24.73,38.39,31.10534722222222,38.732638888888886,1.72484375,57161.4044,6.96,13.66,10,C10,cluster_10_hot_dry_normal_wind
2018-07-28,24.23,37.54,30.67282986111111,34.411458333333336,1.3691493055555557,59803.5605,6.96,13.31,10,C10,cluster_10_hot_dry_normal_wind
2018-07-29,24.64,37.52,30.946284722222224,22.15798611111111,1.8490104166666663,67564.4717,6.96,12.880000000000004,10,C10,cluster_10_hot_dry_normal_wind
2018-07-30,24.4692,38.03,31.18109375,17.647569444444443,1.5942708333333333,72416.995,6.96,13.5608,10,C10,cluster_10_hot_dry_normal_wind
2018-07-31,24.25,37.72,31.184409722222224,16.291666666666668,2.6027083333333336,71983.6707,6.96,13.47,2,C02,cluster_02_hot_dry_normal_wind
2018-08-01,24.5733,38.19,31.18211805555556,18.421875,2.5755729166666668,71446.71399999999,6.96,13.616699999999998,2,C02,cluster_02_hot_dry_normal_wind
2018-08-02,23.24,36.77,30.803819444444443,22.69965277777778,2.9506770833333333,60095.2707,6.96,13.530000000000005,2,C02,cluster_02_hot_dry_normal_wind
2018-08-03,25.32,36.39,31.19076388888889,21.788194444444443,3.5975,58322.4995,6.96,11.07,2,C02,cluster_02_hot_dry_normal_wind
2018-08-04,24.11,36.38,31.0734375,20.90972222222222,3.779930555555555,64554.2102,6.96,12.270000000000003,2,C02,cluster_02_hot_dry_normal_wind
2018-08-05,22.09,37.9,29.874496527777776,26.010416666666668,1.7005555555555556,68144.4936,6.96,15.81,10,C10,cluster_10_hot_dry_normal_wind
2018-08-06,21.55,36.85,28.74920138888889,31.39409722222222,1.9902256944444443,58279.449,6.96,15.3,10,C10,cluster_10_hot_dry_normal_wind
2018-08-07,21.52,36.92,29.38248263888889,33.404513888888886,2.1252256944444445,60624.5861,6.96,15.400000000000002,10,C10,cluster_10_hot_dry_normal_wind
2018-08-08,23.78,37.34,30.76951388888889,33.248263888888886,3.3252083333333333,61721.7025,5.963333333333334,13.560000000000002,2,C02,cluster_02_hot_dry_normal_wind
2018-08-09,25.32,37.9,31.785190972222225,22.241319444444443,4.4891145833333335,72727.4319,5.04,12.579999999999998,2,C02,cluster_02_hot_dry_normal_wind
2018-08-10,19.4633,38.25,29.12116319444445,28.27083333333333,2.726840277777778,71067.9471,5.04,18.7867,2,C02,cluster_02_hot_dry_normal_wind
2018-08-11,18.125,34.99,26.00796875,41.46527777777778,2.19328125,73195.0357,5.04,16.865000000000002,10,C10,cluster_10_hot_dry_normal_wind
2018-08-12,17.99,35.51,28.16638888888889,36.66666666666666,3.0820833333333333,71326.5119,5.04,17.52,2,C02,cluster_02_hot_dry_normal_wind
2018-08-13,19.3008,36.83,28.647673611111117,29.25173611111111,2.7752430555555554,72263.863,5.04,17.5292,2,C02,cluster_02_hot_dry_normal_wind
2018-08-14,16.88,34.8,25.78918402777778,27.83333333333333,2.4676736111111115,73294.5124,5.04,17.919999999999998,2,C02,cluster_02_hot_dry_normal_wind
2018-08-15,16.34,35.27,25.14496527777778,29.10243055555556,2.2861458333333333,73335.6892,5.04,18.930000000000003,10,C10,cluster_10_hot_dry_normal_wind
2018-08-16,16.31,35.22,26.54446180555556,27.12673611111111,2.3338368055555554,73332.2346,5.04,18.91,10,C10,cluster_10_hot_dry_normal_wind
2018-08-17,20.11,37.11,28.768767361111117,24.84201388888889,2.1638368055555555,72893.0032,5.04,17.0,10,C10,cluster_10_hot_dry_normal_wind
2018-08-18,20.27,38.21,28.701197916666665,27.729166666666668,2.3075,71488.3416,5.04,17.94,10,C10,cluster_10_hot_dry_normal_wind
2018-08-19,18.3275,34.9,25.24140625,39.85069444444444,2.895746527777778,71947.6574,5.04,16.572499999999998,2,C02,cluster_02_hot_dry_normal_wind
2018-08-20,15.5775,31.63,23.05767361111111,46.78472222222222,2.8158854166666667,73264.9633,5.04,16.0525,2,C02,cluster_02_hot_dry_normal_wind
2018-08-21,15.56,32.84,24.691197916666667,44.30902777777778,1.7066145833333333,73332.2346,5.04,17.28,10,C10,cluster_10_hot_dry_normal_wind
2018-08-22,18.25,34.7,27.273923611111112,34.14409722222222,2.467795138888889,73266.7989,5.04,16.450000000000003,2,C02,cluster_02_hot_dry_normal_wind
2018-08-23,17.1542,34.85,26.23524305555556,34.057291666666664,2.3488368055555555,72171.7372,5.04,17.695800000000002,10,C10,cluster_10_hot_dry_normal_wind
2018-08-24,16.25,33.35,24.665885416666665,36.28993055555556,2.0727604166666667,73315.1008,5.04,17.1,10,C10,cluster_10_hot_dry_normal_wind
2018-08-25,16.98,33.48,25.330590277777777,36.66666666666666,1.5657465277777778,73332.2346,5.04,16.499999999999996,10,C10,cluster_10_hot_dry_normal_wind
2018-08-26,17.92,34.47,26.86848958333333,34.607638888888886,1.7828993055555555,72026.3768,5.04,16.549999999999997,10,C10,cluster_10_hot_dry_normal_wind
2018-08-27,21.56,34.43,28.36545138888889,25.491319444444443,3.671180555555555,72793.4612,5.04,12.87,2,C02,cluster_02_hot_dry_normal_wind
2018-08-28,18.66,34.89,26.35717013888889,30.40451388888889,1.7168402777777778,73332.2346,5.04,16.23,10,C10,cluster_10_hot_dry_normal_wind
2018-08-29,17.65,35.62,26.45067708333333,31.52951388888889,1.7723958333333334,73335.6892,5.04,17.97,10,C10,cluster_10_hot_dry_normal_wind
2018-08-30,18.82,36.21,27.51996527777778,27.625,1.5681944444444444,73335.6892,5.04,17.39,10,C10,cluster_10_hot_dry_normal_wind
2018-08-31,19.48,35.45,27.21545138888889,29.68923611111111,1.3565625,73335.6892,5.04,15.970000000000002,10,C10,cluster_10_hot_dry_normal_wind
2018-09-01,17.1358,33.05,25.00578125,35.58159722222222,1.9413020833333332,70606.2478,5.04,15.914199999999996,10,C10,cluster_10_hot_dry_normal_wind
2018-09-02,15.94,30.72,23.490659722222222,40.10069444444444,1.711076388888889,72780.8847,5.04,14.78,10,C10,cluster_10_hot_dry_normal_wind
2018-09-03,16.54,30.74,23.50708333333333,29.34201388888889,2.143246527777778,73215.6245,5.04,14.2,10,C10,cluster_10_hot_dry_normal_wind
2018-09-04,17.0558,31.52,24.601059027777776,20.541666666666668,2.769392361111111,72658.3964,5.04,14.464199999999998,2,C02,cluster_02_hot_dry_normal_wind
2018-09-05,16.69,31.82,24.21831597222222,20.869791666666668,1.908211805555556,71918.811,5.04,15.13,10,C10,cluster_10_hot_dry_normal_wind
2018-09-06,19.48,31.65,25.563559027777774,18.413194444444443,3.0556076388888886,72098.2002,5.04,12.169999999999998,2,C02,cluster_02_hot_dry_normal_wind
2018-09-07,19.14,33.16,26.42111111111111,16.87847222222222,3.390295138888889,73335.6892,5.04,14.019999999999996,2,C02,cluster_02_hot_dry_normal_wind
2018-09-08,20.12,33.08,25.898090277777776,17.13715277777778,1.155763888888889,73335.6892,5.04,12.959999999999996,10,C10,cluster_10_hot_dry_normal_wind
2018-09-09,17.73,32.11,25.444079861111117,26.31770833333333,1.1325694444444443,55074.8038,5.04,14.38,10,C10,cluster_10_hot_dry_normal_wind
2018-09-10,17.27,34.13,26.08024305555556,28.307291666666668,1.8294097222222223,73266.7989,5.04,16.860000000000003,10,C10,cluster_10_hot_dry_normal_wind
2018-09-11,21.05,34.46,27.71977430555556,16.61284722222222,1.2799479166666667,73335.6892,5.04,13.41,10,C10,cluster_10_hot_dry_normal_wind
2018-09-12,16.7158,34.04,25.608038194444443,29.65625,2.8348958333333334,68392.3074,5.04,17.324199999999998,2,C02,cluster_02_hot_dry_normal_wind
2018-09-13,14.97,31.97,23.114322916666666,42.76215277777778,2.114809027777778,73335.6892,5.04,17.0,10,C10,cluster_10_hot_dry_normal_wind
2018-09-14,14.84,31.46,23.6684375,37.04340277777778,1.623923611111111,73335.6892,5.04,16.62,10,C10,cluster_10_hot_dry_normal_wind
2018-09-15,17.25,32.41,25.485208333333333,30.92361111111111,1.885503472222222,71642.0149,5.04,15.159999999999997,10,C10,cluster_10_hot_dry_normal_wind
2018-09-16,18.91,34.34,26.68180555555556,23.23611111111111,0.9993576388888888,72386.8943,5.04,15.430000000000003,10,C10,cluster_10_hot_dry_normal_wind
2018-09-17,16.4267,32.86,25.16677083333333,22.038194444444443,2.049809027777778,73183.0532,5.04,16.4333,10,C10,cluster_10_hot_dry_normal_wind
2018-09-18,15.03,30.94,22.747621527777778,43.75694444444444,2.2058506944444445,37071.0769,6.139583333333333,15.910000000000002,6,C06,cluster_06_warm_normal_humidity_normal_wind
2018-09-19,15.7692,27.18,21.0028125,53.88715277777778,1.882326388888889,36403.9326,7.559583333333332,11.4108,6,C06,cluster_06_warm_normal_humidity_normal_wind
2018-09-20,14.58,27.04,20.40739583333333,53.69618055555556,1.6935243055555556,57385.4235,4.7125,12.46,5,C05,cluster_05_warm_normal_humidity_normal_wind
2018-09-21,13.82,26.85,20.513524305555556,48.86111111111112,1.833576388888889,59787.3299,3.421666666666667,13.03,5,C05,cluster_05_warm_normal_humidity_normal_wind
2018-09-22,15.59,27.58,21.73008680555556,37.43402777777778,1.2074826388888888,46732.4633,3.12,11.989999999999998,5,C05,cluster_05_warm_normal_humidity_normal_wind
2018-09-23,15.2342,29.35,22.11875,35.18055555555556,2.078107638888889,68077.816,3.12,14.115800000000002,10,C10,cluster_10_hot_dry_normal_wind
2018-09-24,11.695,27.13,19.26864583333333,47.97569444444444,2.576597222222222,49392.545,3.12,15.435,2,C02,cluster_02_hot_dry_normal_wind
2018-09-25,11.05,27.35,19.44109375,41.442708333333336,1.408576388888889,73335.6892,3.12,16.3,5,C05,cluster_05_warm_normal_humidity_normal_wind
2018-09-26,13.07,29.46,21.169600694444444,40.498263888888886,1.4972569444444443,66067.2923,3.12,16.39,5,C05,cluster_05_warm_normal_humidity_normal_wind
2018-09-27,14.12,28.16,20.67975694444445,46.85243055555556,1.4127430555555556,56180.1358,3.12,14.04,5,C05,cluster_05_warm_normal_humidity_normal_wind
2018-09-28,13.48,27.58,20.78282986111111,37.08854166666666,2.2453125,72014.015,3.12,14.099999999999998,5,C05,cluster_05_warm_normal_humidity_normal_wind
2018-09-29,15.71,27.04,21.48680555555556,35.25,3.351493055555556,72819.9213,3.12,11.329999999999998,2,C02,cluster_02_hot_dry_normal_wind
2018-09-30,14.5533,29.4,22.096944444444446,27.76215277777778,1.279027777777778,73258.8523,3.12,14.846699999999998,10,C10,cluster_10_hot_dry_normal_wind
2018-10-01,13.51,28.76,21.419878472222223,32.420138888888886,1.2500868055555554,72580.0982,3.12,15.250000000000002,5,C05,cluster_05_warm_normal_humidity_normal_wind
2018-10-02,14.45,29.5,22.27652777777778,31.28645833333333,1.2353819444444445,52778.4433,3.12,15.05,5,C05,cluster_05_warm_normal_humidity_normal_wind
2018-10-03,15.44,31.14,22.67946180555556,28.663194444444443,1.9459375,46747.0784,3.12,15.7,10,C10,cluster_10_hot_dry_normal_wind
2018-10-04,15.21,28.67,21.185572916666665,30.93402777777778,0.9295833333333334,61085.9069,3.12,13.46,5,C05,cluster_05_warm_normal_humidity_normal_wind
2018-10-05,14.57,27.23,19.775347222222223,38.11979166666666,2.30984375,43574.0675,3.110833333333334,12.66,6,C06,cluster_06_warm_normal_humidity_normal_wind
2018-10-06,9.9125,18.76,14.202118055555555,59.16319444444444,2.25734375,39558.2913,4.039166666666667,8.847500000000002,6,C06,cluster_06_warm_normal_humidity_normal_wind
2018-10-07,9.84,17.88,13.557291666666666,68.25868055555556,1.0450520833333334,23100.5365,5.095416666666667,8.04,11,C11,cluster_11_mild_normal_humidity_normal_wind
2018-10-08,10.68,20.32,15.469496527777778,58.536458333333336,2.1869791666666667,17654.7792,4.390416666666667,9.64,6,C06,cluster_06_warm_normal_humidity_normal_wind
2018-10-09,10.34,24.19,16.991822916666667,54.32118055555556,1.0793923611111111,42204.3831,5.52,13.85,5,C05,cluster_05_warm_normal_humidity_normal_wind
2018-10-10,11.68,25.38,18.27800347222222,56.29340277777778,1.3552951388888888,21848.0398,5.286249999999999,13.7,6,C06,cluster_06_warm_normal_humidity_normal_wind
2018-10-11,11.72,24.96,18.373090277777777,53.875,1.2206944444444443,28656.2336,5.876666666666667,13.24,6,C06,cluster_06_warm_normal_humidity_normal_wind
2018-10-12,12.5125,24.37,17.799375,57.69791666666666,1.8894618055555557,46673.7856,6.72,11.857500000000002,6,C06,cluster_06_warm_normal_humidity_normal_wind
2018-10-13,11.96,19.25,14.799270833333331,71.29861111111111,1.28359375,29236.9723,5.597916666666666,7.289999999999999,11,C11,cluster_11_mild_normal_humidity_normal_wind
2018-10-14,10.64,19.66,15.204010416666668,67.140625,1.2489756944444443,23467.1092,5.04,9.02,11,C11,cluster_11_mild_normal_humidity_normal_wind
2018-10-15,10.39,21.78,15.510017361111112,62.35243055555556,2.550711805555556,52826.4906,5.04,11.39,7,C07,cluster_07_mild_normal_humidity_normal_wind
2018-10-16,9.19,20.67,14.518385416666668,59.170138888888886,1.694826388888889,58299.3492,5.04,11.480000000000002,5,C05,cluster_05_warm_normal_humidity_normal_wind
2018-10-17,8.29,20.04,13.523177083333334,62.192708333333336,1.0465277777777775,60430.7909,5.04,11.75,0,C00,cluster_00_mild_normal_humidity_normal_wind
2018-10-18,6.9,21.46,13.67949652777778,50.79340277777778,1.3177256944444444,72548.9892,5.04,14.56,5,C05,cluster_05_warm_normal_humidity_normal_wind
2018-10-19,7.46,21.26,14.665902777777776,45.88541666666666,1.3184027777777778,63643.1067,5.04,13.8,5,C05,cluster_05_warm_normal_humidity_normal_wind
2018-10-20,9.02,18.79,14.206423611111113,55.53993055555556,1.473854166666667,28638.037,10.379583333333334,9.77,8,C08,cluster_08_warm_normal_humidity_normal_wind
2018-10-21,11.38,22.05,15.735225694444445,57.00347222222222,0.944236111111111,57356.9323,13.92,10.67,8,C08,cluster_08_warm_normal_humidity_normal_wind
2018-10-22,9.4658,18.19,13.917986111111112,58.36111111111112,0.8923263888888889,50655.863,7.501250000000001,8.724200000000002,8,C08,cluster_08_warm_normal_humidity_normal_wind
2018-10-23,9.07,22.81,15.854427083333333,49.114583333333336,1.4108159722222222,57291.9385,4.56,13.739999999999998,5,C05,cluster_05_warm_normal_humidity_normal_wind
2018-10-24,9.93,22.65,16.95376736111111,44.98784722222222,1.579201388888889,68085.3524,4.56,12.72,5,C05,cluster_05_warm_normal_humidity_normal_wind
2018-10-25,11.89,23.78,18.995,40.020833333333336,1.5124131944444443,55450.17,4.56,11.89,5,C05,cluster_05_warm_normal_humidity_normal_wind
2018-10-26,14.0125,21.02,17.426354166666666,51.73611111111112,3.454149305555555,28258.2029,6.12875,7.0075,6,C06,cluster_06_warm_normal_humidity_normal_wind
2018-10-27,7.0117,19.17,13.505329861111113,61.515625,2.381076388888889,54676.8851,5.67625,12.1583,7,C07,cluster_07_mild_normal_humidity_normal_wind
2018-10-28,5.87,12.72,9.061510416666668,77.41493055555556,1.8838541666666664,34951.3293,7.71375,6.8500000000000005,3,C03,cluster_03_mild_humid_normal_wind
2018-10-29,4.3908,16.05,9.727465277777778,70.10069444444444,1.682517361111111,54519.1144,8.16,11.659200000000002,0,C00,cluster_00_mild_normal_humidity_normal_wind
2018-10-30,2.74,17.1,9.333402777777778,57.203125,1.7293229166666668,65795.7131,8.16,14.36,0,C00,cluster_00_mild_normal_humidity_normal_wind
2018-10-31,3.1,18.19,10.130364583333334,49.04166666666666,1.4656944444444444,70541.8608,8.16,15.090000000000002,5,C05,cluster_05_warm_normal_humidity_normal_wind
2018-11-01,4.6,15.89,10.094392361111112,59.482638888888886,1.3931597222222225,57867.0712,8.16,11.29,0,C00,cluster_00_mild_normal_humidity_normal_wind
2018-11-02,4.88,14.84,9.699131944444444,61.60590277777778,1.0327256944444445,43348.3336,8.16,9.96,11,C11,cluster_11_mild_normal_humidity_normal_wind
2018-11-03,4.97,13.27,9.030243055555555,59.50868055555556,1.449722222222222,13167.336,8.16,8.3,11,C11,cluster_11_mild_normal_humidity_normal_wind
2018-11-04,3.47,15.16,9.245868055555556,48.32118055555556,2.2846354166666667,13511.6386,8.16,11.69,6,C06,cluster_06_warm_normal_humidity_normal_wind
2018-11-05,5.86,12.83,8.930399305555556,46.05729166666666,1.4769444444444444,35553.2437,8.006250000000001,6.97,11,C11,cluster_11_mild_normal_humidity_normal_wind
2018-11-06,5.1258,10.96,7.701736111111111,72.44791666666667,1.4026909722222225,15136.062,12.6,5.834200000000001,3,C03,cluster_03_mild_humid_normal_wind
2018-11-07,3.99,12.11,7.830243055555556,75.07465277777777,1.142309027777778,51972.6532,7.440000000000001,8.12,11,C11,cluster_11_mild_normal_humidity_normal_wind
2018-11-08,5.88,12.69,9.145902777777778,74.72048611111111,1.6601388888888888,33585.1413,7.440000000000001,6.81,11,C11,cluster_11_mild_normal_humidity_normal_wind
2018-11-09,5.45,13.34,9.330503472222222,76.88715277777777,0.6489236111111111,53819.6984,3.81125,7.89,11,C11,cluster_11_mild_normal_humidity_normal_wind
2018-11-10,4.9325,14.22,8.934913194444444,78.08333333333333,0.72015625,41868.6448,4.686249999999999,9.2875,11,C11,cluster_11_mild_normal_humidity_normal_wind
2018-11-11,3.72,14.12,9.007534722222225,76.94618055555556,0.6587152777777778,35497.3376,4.399583333333333,10.4,11,C11,cluster_11_mild_normal_humidity_normal_wind
2018-11-12,6.27,11.51,8.743749999999999,84.29166666666667,0.7034027777777778,41736.8426,3.9995833333333337,5.24,11,C11,cluster_11_mild_normal_humidity_normal_wind
2018-11-13,5.7267,9.98,7.658802083333334,84.88194444444444,1.3402951388888888,22578.0635,6.729166666666667,4.2533,3,C03,cluster_03_mild_humid_normal_wind
2018-11-14,5.66,8.36,7.336944444444445,80.09027777777777,2.445902777777777,15944.4961,5.877916666666667,2.6999999999999997,3,C03,cluster_03_mild_humid_normal_wind
2018-11-15,5.21,8.77,6.798368055555556,79.93576388888889,3.1181770833333333,18630.9241,6.653333333333332,3.56,3,C03,cluster_03_mild_humid_normal_wind
2018-11-16,3.7342,7.66,6.443767361111111,87.70659722222223,1.6147222222222224,17235.4573,14.531666666666666,3.9258,3,C03,cluster_03_mild_humid_normal_wind
2018-11-17,3.31,14.28,8.356354166666668,74.80034722222223,1.2026041666666667,72252.2376,5.28,10.97,0,C00,cluster_00_mild_normal_humidity_normal_wind
2018-11-18,3.68,13.91,8.893125,64.82118055555556,0.8044618055555556,30950.0347,5.28,10.23,11,C11,cluster_11_mild_normal_humidity_normal_wind
2018-11-19,2.37,14.02,7.745503472222222,69.70659722222223,1.0625868055555554,40776.0233,5.28,11.65,11,C11,cluster_11_mild_normal_humidity_normal_wind
2018-11-20,2.39,12.59,7.112152777777778,72.109375,1.032829861111111,14625.4032,5.28,10.2,11,C11,cluster_11_mild_normal_humidity_normal_wind
2018-11-21,3.32,14.83,9.313368055555555,56.41666666666666,1.0164583333333337,61472.4029,5.28,11.51,0,C00,cluster_00_mild_normal_humidity_normal_wind
2018-11-22,5.46,10.46,8.362569444444444,68.05208333333333,1.0899305555555554,15583.037,3.649583333333334,5.000000000000001,11,C11,cluster_11_mild_normal_humidity_normal_wind
2018-11-23,6.13,12.65,8.76220486111111,70.22569444444444,1.0704861111111112,12222.6145,8.006666666666668,6.5200000000000005,11,C11,cluster_11_mild_normal_humidity_normal_wind
2018-11-24,5.52,9.0,6.975520833333333,80.93229166666667,1.1919270833333333,13126.2366,7.518333333333334,3.4800000000000004,3,C03,cluster_03_mild_humid_normal_wind
2018-11-25,5.99,7.84,6.959149305555555,90.39756944444444,2.826909722222222,14982.9281,8.190416666666668,1.85,3,C03,cluster_03_mild_humid_normal_wind
2018-11-26,-0.2092,9.59,5.389010416666667,81.44618055555556,2.044166666666667,59057.606,4.532916666666667,9.7992,7,C07,cluster_07_mild_normal_humidity_normal_wind
2018-11-27,-0.83,10.09,4.6259201388888895,66.10243055555556,1.0729513888888889,54913.3881,3.6,10.92,0,C00,cluster_00_mild_normal_humidity_normal_wind
2018-11-28,1.72,13.2,7.202708333333334,64.16493055555556,0.9021180555555556,73335.6892,3.6,11.48,0,C00,cluster_00_mild_normal_humidity_normal_wind
2018-11-29,4.75,14.98,8.799947916666667,57.732638888888886,0.6157118055555555,22486.557,3.6,10.23,11,C11,cluster_11_mild_normal_humidity_normal_wind
2018-11-30,4.9,13.52,9.459340277777777,65.61458333333333,1.9094444444444445,50182.8882,3.6,8.62,7,C07,cluster_07_mild_normal_humidity_normal_wind
2018-12-01,7.55,12.83,10.011440972222225,66.97395833333333,2.9566145833333333,29763.1466,6.7875,5.28,3,C03,cluster_03_mild_humid_normal_wind
2018-12-02,5.22,13.9,9.375520833333333,65.39756944444444,1.0075694444444443,61659.7476,17.434166666666666,8.68,8,C08,cluster_08_warm_normal_humidity_normal_wind
2018-12-03,2.84,12.91,7.764010416666666,66.61111111111111,0.8583506944444445,25036.778,19.92,10.07,8,C08,cluster_08_warm_normal_humidity_normal_wind
2018-12-04,4.0,13.23,8.707795138888889,66.84027777777777,1.1947569444444444,49202.1226,19.92,9.23,8,C08,cluster_08_warm_normal_humidity_normal_wind
2018-12-05,5.8,13.64,9.242291666666668,67.56770833333333,2.3084375,16593.259,19.92,7.840000000000001,3,C03,cluster_03_mild_humid_normal_wind
2018-12-06,5.98,9.84,7.997170138888888,80.13888888888889,2.3275347222222225,14677.9468,15.639166666666666,3.86,3,C03,cluster_03_mild_humid_normal_wind
2018-12-07,5.35,8.38,6.364375,78.5625,1.1994444444444443,50024.1458,6.226666666666667,3.030000000000001,11,C11,cluster_11_mild_normal_humidity_normal_wind
2018-12-08,3.9808,8.69,6.343246527777778,71.390625,0.8730034722222223,31758.8082,5.04,4.709199999999999,11,C11,cluster_11_mild_normal_humidity_normal_wind
2018-12-09,2.08,7.87,4.917569444444444,77.07291666666667,0.6681076388888889,37177.4945,3.6041666666666665,5.79,11,C11,cluster_11_mild_normal_humidity_normal_wind
2018-12-10,0.41,8.68,4.055138888888888,78.72395833333333,0.9113368055555556,55919.4485,2.64,8.27,11,C11,cluster_11_mild_normal_humidity_normal_wind
2018-12-11,0.22,10.98,5.469756944444445,62.46180555555556,0.7808506944444444,73335.6892,2.64,10.76,0,C00,cluster_00_mild_normal_humidity_normal_wind
2018-12-12,1.68,13.62,7.188072916666666,42.201388888888886,1.0046006944444443,73210.5505,2.64,11.94,0,C00,cluster_00_mild_normal_humidity_normal_wind
2018-12-13,3.64,13.32,7.950885416666667,43.739583333333336,1.4869965277777777,68973.675,2.64,9.68,0,C00,cluster_00_mild_normal_humidity_normal_wind
2018-12-14,2.7258,11.74,6.832048611111111,64.74652777777777,0.9438715277777776,54785.7677,2.64,9.0142,0,C00,cluster_00_mild_normal_humidity_normal_wind
2018-12-15,1.81,13.26,6.475329861111111,53.1875,0.9603298611111112,73042.1062,2.64,11.45,0,C00,cluster_00_mild_normal_humidity_normal_wind
2018-12-16,-0.12,11.73,6.327465277777778,53.65104166666666,1.1450694444444445,58676.932,2.64,11.85,0,C00,cluster_00_mild_normal_humidity_normal_wind
2018-12-17,2.65,9.89,5.892326388888889,63.35590277777778,1.3494965277777775,12547.3005,14.70625,7.24,3,C03,cluster_03_mild_humid_normal_wind
2018-12-18,-0.3225,7.08,4.093871527777778,84.32291666666667,1.43234375,42747.6737,10.645,7.4025,11,C11,cluster_11_mild_normal_humidity_normal_wind
2018-12-19,-1.75,9.59,3.4910590277777778,76.578125,1.31875,70196.1755,10.56,11.34,4,C04,cluster_04_cold_normal_humidity_normal_wind
2018-12-20,0.34,6.36,3.742326388888889,80.19444444444444,2.628802083333333,16952.524,13.9925,6.0200000000000005,3,C03,cluster_03_mild_humid_normal_wind
2018-12-21,-2.4217,5.72,2.2293923611111115,83.94618055555556,1.4373958333333334,49136.6828,3.495416666666667,8.1417,11,C11,cluster_11_mild_normal_humidity_normal_wind
2018-12-22,-3.8,6.08,-0.4839236111111111,77.50347222222223,1.1581423611111112,60134.2539,3.12,9.88,0,C00,cluster_00_mild_normal_humidity_normal_wind
2018-12-23,-4.09,6.97,0.0660416666666666,75.77604166666667,0.69703125,52596.4931,3.12,11.06,0,C00,cluster_00_mild_normal_humidity_normal_wind
2018-12-24,-4.02,6.32,1.761111111111111,64.90972222222223,0.9778472222222222,38414.2882,3.129166666666667,10.34,11,C11,cluster_11_mild_normal_humidity_normal_wind
2018-12-25,-1.23,10.42,2.670850694444445,68.03472222222223,1.0364583333333333,73155.262,3.6,11.65,0,C00,cluster_00_mild_normal_humidity_normal_wind
2018-12-26,-0.95,12.14,5.000451388888889,54.34722222222222,1.3966493055555556,73207.7775,3.6,13.09,0,C00,cluster_00_mild_normal_humidity_normal_wind
2018-12-27,5.14,10.46,7.468350694444445,62.07465277777778,3.327743055555556,55814.1063,4.454583333333334,5.320000000000001,7,C07,cluster_07_mild_normal_humidity_normal_wind
2018-12-28,-0.6325,8.42,5.426961805555555,74.625,2.426753472222222,24565.4216,7.982916666666666,9.0525,3,C03,cluster_03_mild_humid_normal_wind
2018-12-29,-2.94,6.73,1.5659375,76.6875,0.6989930555555556,60457.8435,5.04,9.67,0,C00,cluster_00_mild_normal_humidity_normal_wind
2018-12-30,-3.08,7.14,1.971336805555556,69.19618055555556,1.432013888888889,45426.1647,5.04,10.22,11,C11,cluster_11_mild_normal_humidity_normal_wind
2018-12-31,-2.15,7.68,1.6844270833333337,67.33680555555556,0.7373784722222223,73249.23270000001,5.04,9.83,0,C00,cluster_00_mild_normal_humidity_normal_wind
2019-01-01,-1.8933,7.03,2.0000520833333333,66.71527777777777,1.031857638888889,32212.3727,5.04,8.923300000000001,11,C11,cluster_11_mild_normal_humidity_normal_wind
2019-01-02,-1.93,5.87,2.6427256944444446,68.73611111111111,1.5806423611111111,28559.1615,5.04,7.8,11,C11,cluster_11_mild_normal_humidity_normal_wind
2019-01-03,-3.5125,4.25,1.4232638888888889,89.13020833333333,2.1665625,32082.4916,31.24708333333333,7.7625,9,C09,cluster_09_cold_normal_humidity_normal_wind
2019-01-04,-4.68,6.65,0.785,66.83333333333333,1.2147916666666667,72999.171,44.16,11.33,1,C01,cluster_01_cold_normal_humidity_normal_wind
2019-01-05,-2.62,9.79,3.588559027777777,54.484375,1.6536111111111111,19659.8157,44.16,12.41,9,C09,cluster_09_cold_normal_humidity_normal_wind
2019-01-06,2.87,5.31,4.021597222222223,71.41840277777777,2.8726909722222222,35614.6197,8.24,2.4399999999999995,3,C03,cluster_03_mild_humid_normal_wind
2019-01-07,-2.91,7.64,2.878159722222222,63.63368055555556,1.8702256944444444,64524.881,4.06,10.55,0,C00,cluster_00_mild_normal_humidity_normal_wind
2019-01-08,-3.29,7.85,2.146701388888889,53.935763888888886,1.902847222222222,55410.2928,3.84,11.14,0,C00,cluster_00_mild_normal_humidity_normal_wind
2019-01-09,-0.5383,7.74,3.938211805555556,65.04513888888889,2.5668402777777777,47741.2415,3.67625,8.2783,7,C07,cluster_07_mild_normal_humidity_normal_wind
2019-01-10,-8.3425,3.34,-2.310329861111111,59.56944444444444,1.9097048611111112,73152.845,3.12,11.6825,0,C00,cluster_00_mild_normal_humidity_normal_wind
2019-01-11,-8.49,4.61,-2.4823090277777777,55.48090277777778,1.1503819444444443,73335.6892,3.12,13.1,0,C00,cluster_00_mild_normal_humidity_normal_wind
2019-01-12,-5.84,3.65,-0.9654513888888888,55.317708333333336,2.4322916666666665,51699.1075,3.12,9.49,7,C07,cluster_07_mild_normal_humidity_normal_wind
2019-01-13,-3.45,3.94,1.8502083333333332,65.04861111111111,3.133576388888889,17108.632,7.420416666666666,7.390000000000001,3,C03,cluster_03_mild_humid_normal_wind
2019-01-14,2.18,6.06,4.028211805555555,79.06423611111111,2.56875,32758.8173,9.765,3.88,3,C03,cluster_03_mild_humid_normal_wind
2019-01-15,0.09,8.57,3.557326388888889,64.83506944444444,1.293090277777778,69329.6483,8.64,8.48,4,C04,cluster_04_cold_normal_humidity_normal_wind
2019-01-16,-0.7,10.8,6.296006944444445,60.763888888888886,3.042690972222222,56947.4418,9.715416666666666,11.5,7,C07,cluster_07_mild_normal_humidity_normal_wind
2019-01-17,-1.1983,7.51,3.3510590277777776,84.77777777777777,2.943628472222222,15626.4493,36.46458333333333,8.7083,9,C09,cluster_09_cold_normal_humidity_normal_wind
2019-01-18,-5.72,1.59,-1.78796875,76.91840277777777,1.79625,55546.4871,60.47999999999999,7.31,1,C01,cluster_01_cold_normal_humidity_normal_wind
2019-01-19,-7.335,1.96,-3.063472222222222,66.05555555555556,1.823836805555556,32755.5398,60.47999999999999,9.295,1,C01,cluster_01_cold_normal_humidity_normal_wind
2019-01-20,-7.99,3.63,-3.3731423611111118,57.279513888888886,1.281857638888889,65158.0784,60.47999999999999,11.62,1,C01,cluster_01_cold_normal_humidity_normal_wind
2019-01-21,-7.76,3.13,-2.3046527777777777,57.67534722222222,1.4314756944444444,73335.6892,60.47999999999999,10.89,1,C01,cluster_01_cold_normal_humidity_normal_wind
2019-01-22,-5.12,5.07,-0.7184201388888889,61.01909722222222,1.2016145833333334,61547.292,60.47999999999999,10.19,1,C01,cluster_01_cold_normal_humidity_normal_wind
2019-01-23,-5.75,6.11,0.1031597222222222,60.185763888888886,1.471076388888889,73335.6892,60.47999999999999,11.86,1,C01,cluster_01_cold_normal_humidity_normal_wind
2019-01-24,-3.1,6.21,1.715173611111111,65.78819444444444,1.7838541666666667,70987.218,60.47999999999999,9.31,1,C01,cluster_01_cold_normal_humidity_normal_wind
2019-01-25,-0.83,6.33,2.495642361111111,70.30902777777777,1.1766666666666667,26260.8438,28.449166666666663,7.16,9,C09,cluster_09_cold_normal_humidity_normal_wind
2019-01-26,-2.03,8.98,4.013802083333333,69.23263888888889,1.477777777777778,72135.3411,3.36,11.01,0,C00,cluster_00_mild_normal_humidity_normal_wind
2019-01-27,1.97,11.79,7.347187499999999,65.96354166666667,2.5484375000000004,22534.0067,4.125416666666666,9.82,7,C07,cluster_07_mild_normal_humidity_normal_wind
2019-01-28,6.27,8.53,7.544635416666667,80.71527777777777,3.440677083333333,12222.6145,19.94666666666667,2.26,3,C03,cluster_03_mild_humid_normal_wind
2019-01-29,0.8533,7.97,5.198368055555556,75.75,2.413819444444444,27530.4389,11.273333333333332,7.1167,3,C03,cluster_03_mild_humid_normal_wind
2019-01-30,0.08,9.61,4.582690972222222,69.50694444444444,1.7588194444444445,33820.5253,3.12,9.53,11,C11,cluster_11_mild_normal_humidity_normal_wind
2019-01-31,1.5,10.37,5.0840451388888885,63.61284722222222,0.9534548611111112,55613.0681,3.12,8.87,0,C00,cluster_00_mild_normal_humidity_normal_wind
2019-02-01,0.25,8.96,4.288142361111111,65.20833333333333,0.88640625,70482.569,3.12,8.71,0,C00,cluster_00_mild_normal_humidity_normal_wind
2019-02-02,0.73,8.6,4.295381944444444,62.69791666666666,0.8549305555555555,28522.7503,3.929166666666666,7.869999999999999,11,C11,cluster_11_mild_normal_humidity_normal_wind
2019-02-03,-3.56,3.15,1.1023437500000002,81.90625,2.058420138888889,16913.0184,10.555,6.71,3,C03,cluster_03_mild_humid_normal_wind
2019-02-04,-5.3275,5.12,-0.3625520833333333,72.19618055555556,2.19890625,62428.7536,6.48,10.4475,7,C07,cluster_07_mild_normal_humidity_normal_wind
2019-02-05,-6.32,5.95,-0.7550520833333334,60.73611111111112,0.9606076388888888,73301.2823,6.48,12.27,4,C04,cluster_04_cold_normal_humidity_normal_wind
2019-02-06,-4.86,8.23,0.9102604166666666,51.482638888888886,0.5450347222222223,73335.6892,6.48,13.09,0,C00,cluster_00_mild_normal_humidity_normal_wind
2019-02-07,-1.91,8.69,3.389340277777778,50.15277777777778,0.7171006944444445,24143.9105,6.48,10.6,11,C11,cluster_11_mild_normal_humidity_normal_wind
2019-02-08,2.93,12.05,6.6944791666666665,57.35416666666666,1.3967013888888888,22010.7637,6.554166666666667,9.12,11,C11,cluster_11_mild_normal_humidity_normal_wind
2019-02-09,2.64,7.44,5.641579861111111,78.02604166666667,1.3461631944444443,20552.512,12.381666666666668,4.800000000000001,3,C03,cluster_03_mild_humid_normal_wind
2019-02-10,-1.09,8.52,3.733784722222222,75.171875,1.030642361111111,62267.7552,2.6508333333333334,9.61,0,C00,cluster_00_mild_normal_humidity_normal_wind
2019-02-11,-1.65,6.97,2.10859375,77.6875,1.1492534722222223,43583.6892,3.4691666666666667,8.62,11,C11,cluster_11_mild_normal_humidity_normal_wind
2019-02-12,-3.75,7.39,1.7419618055555557,70.29340277777777,2.326302083333333,65608.2048,3.12,11.14,7,C07,cluster_07_mild_normal_humidity_normal_wind
2019-02-13,-4.04,9.69,2.561232638888889,51.41840277777778,1.1204166666666666,73335.6892,3.12,13.73,0,C00,cluster_00_mild_normal_humidity_normal_wind
2019-02-14,-0.86,10.5,5.752673611111111,50.28472222222222,1.3095659722222222,73246.0085,4.644166666666667,11.36,0,C00,cluster_00_mild_normal_humidity_normal_wind
2019-02-15,6.14,9.41,7.55138888888889,62.52777777777778,3.376215277777778,35727.9816,8.702916666666667,3.2700000000000005,3,C03,cluster_03_mild_humid_normal_wind
2019-02-16,-1.8658,6.97,4.585434027777778,65.86111111111111,2.8673958333333336,41686.2928,15.6375,8.835799999999999,3,C03,cluster_03_mild_humid_normal_wind
2019-02-17,-4.8417,5.29,0.3607986111111111,70.27256944444444,2.3202604166666667,35395.2884,6.361666666666667,10.1317,11,C11,cluster_11_mild_normal_humidity_normal_wind
2019-02-18,-5.0,6.18,1.1826736111111111,63.388888888888886,1.1616666666666666,50225.6027,2.4,11.18,0,C00,cluster_00_mild_normal_humidity_normal_wind
2019-02-19,-3.8983,6.07,1.0075,66.86111111111111,2.749513888888889,54450.5202,2.4,9.9683,7,C07,cluster_07_mild_normal_humidity_normal_wind
2019-02-20,-4.04,6.95,1.3864062499999998,59.44618055555556,1.5694097222222223,73304.737,2.4,10.99,0,C00,cluster_00_mild_normal_humidity_normal_wind
2019-02-21,-2.21,6.41,2.513888888888889,58.43055555555556,2.5533506944444446,24888.7953,2.4,8.620000000000001,7,C07,cluster_07_mild_normal_humidity_normal_wind
2019-02-22,-0.45,7.95,3.1641666666666666,61.28125,0.8762847222222222,60737.5094,2.4,8.4,0,C00,cluster_00_mild_normal_humidity_normal_wind
2019-02-23,-1.01,9.31,3.8494270833333335,60.09548611111112,0.4000173611111111,62577.0997,2.4,10.32,0,C00,cluster_00_mild_normal_humidity_normal_wind
2019-02-24,-0.91,11.18,4.579392361111111,61.06423611111112,0.7476736111111112,56233.9418,3.4820833333333336,12.09,0,C00,cluster_00_mild_normal_humidity_normal_wind
2019-02-25,-0.11,9.69,4.318211805555555,61.99131944444444,1.841024305555556,63145.552,4.314583333333334,9.8,0,C00,cluster_00_mild_normal_humidity_normal_wind
2019-02-26,0.26,11.78,6.3603125,54.107638888888886,1.5354166666666669,72120.5659,4.495000000000001,11.52,0,C00,cluster_00_mild_normal_humidity_normal_wind
2019-02-27,3.76,7.99,6.088489583333333,68.28819444444444,2.5713194444444443,28821.9495,10.08125,4.23,3,C03,cluster_03_mild_humid_normal_wind
2019-02-28,3.4358,7.12,5.074479166666666,70.82118055555556,1.5235069444444445,35936.5852,7.41,3.6842,11,C11,cluster_11_mild_normal_humidity_normal_wind
2019-03-01,-1.23,6.14,3.39640625,69.94444444444444,1.7152430555555556,37172.6644,3.0970833333333334,7.369999999999999,11,C11,cluster_11_mild_normal_humidity_normal_wind
2019-03-02,-3.41,9.68,3.96703125,56.78819444444444,1.8441666666666667,70013.142,2.4,13.09,0,C00,cluster_00_mild_normal_humidity_normal_wind
2019-03-03,0.29,10.94,4.692274305555555,47.63541666666666,1.3320138888888888,71484.4321,2.4,10.65,0,C00,cluster_00_mild_normal_humidity_normal_wind
2019-03-04,-0.71,10.81,5.070364583333333,55.40798611111112,0.8458854166666667,45057.8029,2.4,11.52,0,C00,cluster_00_mild_normal_humidity_normal_wind
2019-03-05,-0.11,12.31,5.460277777777778,56.88541666666666,1.5830555555555557,68317.6738,2.4,12.42,0,C00,cluster_00_mild_normal_humidity_normal_wind
2019-03-06,-0.72,13.37,6.279670138888889,56.30381944444444,0.9927430555555556,57035.6853,2.4,14.09,0,C00,cluster_00_mild_normal_humidity_normal_wind
2019-03-07,1.32,12.54,6.26671875,54.23784722222222,0.8978298611111111,45941.3252,2.4,11.22,0,C00,cluster_00_mild_normal_humidity_normal_wind
2019-03-08,2.0542,7.25,4.7277604166666665,63.41840277777778,2.006527777777778,12869.5552,4.815833333333334,5.1958,3,C03,cluster_03_mild_humid_normal_wind
2019-03-09,-2.12,9.76,4.098090277777778,66.84548611111111,2.33390625,63328.1327,3.3925,11.88,7,C07,cluster_07_mild_normal_humidity_normal_wind
2019-03-10,-2.82,11.16,5.444809027777778,58.94444444444444,1.2327430555555554,49535.6336,3.36,13.98,0,C00,cluster_00_mild_normal_humidity_normal_wind
2019-03-11,0.82,12.35,6.355295138888889,53.56944444444444,0.7964583333333333,19251.546,3.36,11.53,11,C11,cluster_11_mild_normal_humidity_normal_wind
2019-03-12,0.27,15.79,8.293732638888889,54.927083333333336,1.17953125,73295.9155,3.36,15.52,0,C00,cluster_00_mild_normal_humidity_normal_wind
2019-03-13,4.77,15.14,10.48670138888889,46.53472222222222,1.0794270833333333,43827.7693,3.36,10.37,0,C00,cluster_00_mild_normal_humidity_normal_wind
2019-03-14,6.97,16.35,11.121875,47.826388888888886,1.5565972222222222,13840.3615,4.897083333333333,9.380000000000004,6,C06,cluster_06_warm_normal_humidity_normal_wind
2019-03-15,2.65,10.27,6.1941145833333335,76.35243055555556,1.4475520833333333,21858.9656,13.699166666666668,7.619999999999999,3,C03,cluster_03_mild_humid_normal_wind
2019-03-16,2.98,15.05,8.518246527777778,59.61631944444444,1.7850347222222225,53897.9742,8.4,12.07,7,C07,cluster_07_mild_normal_humidity_normal_wind
2019-03-17,3.07,9.65,5.673472222222222,75.62847222222223,2.019131944444444,12320.0396,11.956666666666669,6.58,3,C03,cluster_03_mild_humid_normal_wind
2019-03-18,0.7267,9.6,5.24015625,72.24826388888889,3.805642361111112,57002.725,3.0979166666666664,8.8733,7,C07,cluster_07_mild_normal_humidity_normal_wind
2019-03-19,0.1,10.72,5.878020833333334,65.19270833333333,2.074965277777778,52994.6314,3.807083333333333,10.62,7,C07,cluster_07_mild_normal_humidity_normal_wind
2019-03-20,-2.44,6.91,2.67578125,74.11631944444444,1.3455208333333333,54981.4157,6.5275,9.35,11,C11,cluster_11_mild_normal_humidity_normal_wind
2019-03-21,-2.4967,8.25,2.9043923611111118,65.36111111111111,1.5359375000000002,43924.1009,3.12,10.7467,11,C11,cluster_11_mild_normal_humidity_normal_wind
2019-03-22,-3.03,12.58,5.570798611111112,55.83854166666666,1.478315972222222,73028.3419,3.12,15.61,0,C00,cluster_00_mild_normal_humidity_normal_wind
2019-03-23,4.2,13.82,8.995104166666668,55.77256944444444,2.283767361111112,60163.6304,3.204583333333334,9.62,7,C07,cluster_07_mild_normal_humidity_normal_wind
2019-03-24,7.08,12.31,8.998090277777777,64.42708333333333,3.047847222222222,14758.4533,10.775833333333331,5.23,3,C03,cluster_03_mild_humid_normal_wind
2019-03-25,5.53,9.43,7.687326388888888,87.03645833333333,3.229982638888889,15455.8617,23.24625,3.9,3,C03,cluster_03_mild_humid_normal_wind
2019-03-26,3.9792,6.89,5.203385416666666,92.703125,0.8327256944444444,19638.7676,14.919166666666667,2.9108,3,C03,cluster_03_mild_humid_normal_wind
2019-03-27,3.95,11.05,7.114166666666667,67.37326388888889,1.3455729166666666,32691.1959,4.977916666666666,7.1000000000000005,11,C11,cluster_11_mild_normal_humidity_normal_wind
2019-03-28,4.51,9.71,6.890989583333333,69.75,0.74546875,18476.4439,4.26375,5.200000000000001,11,C11,cluster_11_mild_normal_humidity_normal_wind
2019-03-29,3.43,11.8,8.790052083333332,60.76736111111112,1.4762152777777775,14659.4298,4.2325,8.370000000000001,11,C11,cluster_11_mild_normal_humidity_normal_wind
2019-03-30,7.68,13.77,10.753333333333334,64.02430555555556,2.1653819444444444,44893.4825,4.055,6.09,7,C07,cluster_07_mild_normal_humidity_normal_wind
2019-03-31,8.1175,12.19,9.923246527777778,78.5625,1.8710763888888888,12299.4517,18.650416666666665,4.0725,3,C03,cluster_03_mild_humid_normal_wind
2019-04-01,5.67,11.81,7.848854166666666,87.18055555555556,2.1148437500000004,12638.7283,44.85,6.140000000000001,9,C09,cluster_09_cold_normal_humidity_normal_wind
2019-04-02,3.86,11.33,7.400538194444445,67.06770833333333,1.5211458333333332,49781.4096,3.560833333333333,7.470000000000001,11,C11,cluster_11_mild_normal_humidity_normal_wind
2019-04-03,3.67,13.81,8.813107638888889,56.96354166666666,0.7030034722222223,53736.2455,2.4,10.14,0,C00,cluster_00_mild_normal_humidity_normal_wind
2019-04-04,5.95,14.77,10.16921875,60.14236111111112,0.8933333333333332,49575.129,4.892083333333334,8.82,11,C11,cluster_11_mild_normal_humidity_normal_wind
2019-04-05,5.87,16.38,11.517309027777776,67.27256944444444,1.337013888888889,15589.8437,5.557083333333334,10.509999999999998,11,C11,cluster_11_mild_normal_humidity_normal_wind
2019-04-06,9.16,16.57,12.31328125,71.28993055555556,2.0483333333333333,23348.1463,7.658750000000001,7.41,3,C03,cluster_03_mild_humid_normal_wind
2019-04-07,8.855,14.98,11.566180555555556,78.45833333333333,1.1922395833333337,14133.6845,9.179583333333332,6.125,3,C03,cluster_03_mild_humid_normal_wind
2019-04-08,7.29,15.98,11.303819444444445,73.69097222222223,1.6597743055555556,58480.4913,3.4370833333333333,8.690000000000001,11,C11,cluster_11_mild_normal_humidity_normal_wind
2019-04-09,7.92,16.66,11.803836805555555,63.89409722222222,1.0269791666666666,59560.6662,3.2045833333333333,8.74,0,C00,cluster_00_mild_normal_humidity_normal_wind
2019-04-10,8.06,18.55,12.873541666666666,59.77604166666666,1.0357465277777778,71710.5266,2.88,10.49,0,C00,cluster_00_mild_normal_humidity_normal_wind
2019-04-11,9.0,18.06,13.586545138888887,55.99652777777778,0.7162326388888889,27286.644,3.2675,9.06,11,C11,cluster_11_mild_normal_humidity_normal_wind
2019-04-12,5.9675,15.11,11.502552083333336,71.71006944444444,0.8034548611111112,17562.7301,8.616666666666667,9.142499999999998,11,C11,cluster_11_mild_normal_humidity_normal_wind
2019-04-13,3.9,18.01,11.15611111111111,64.22395833333333,2.3929166666666664,46517.2937,4.80125,14.11,7,C07,cluster_07_mild_normal_humidity_normal_wind
2019-04-14,4.06,18.87,11.288142361111111,56.37673611111112,2.2290972222222223,73003.8806,2.64,14.810000000000002,5,C05,cluster_05_warm_normal_humidity_normal_wind
2019-04-15,5.97,21.2,14.468541666666663,42.69965277777778,1.564184027777778,57304.5532,2.64,15.23,5,C05,cluster_05_warm_normal_humidity_normal_wind
2019-04-16,11.23,18.79,14.734861111111112,47.640625,1.3297916666666667,23513.0655,2.64,7.559999999999999,6,C06,cluster_06_warm_normal_humidity_normal_wind
2019-04-17,12.33,23.54,16.878211805555555,44.76215277777778,3.0016145833333336,27884.812,6.485416666666667,11.21,6,C06,cluster_06_warm_normal_humidity_normal_wind
2019-04-18,10.14,18.85,14.286840277777776,49.109375,1.8714756944444444,32085.65,7.675000000000001,8.71,6,C06,cluster_06_warm_normal_humidity_normal_wind
2019-04-19,8.15,16.55,11.735295138888889,71.44097222222223,1.7133159722222222,51197.526,8.540833333333332,8.4,11,C11,cluster_11_mild_normal_humidity_normal_wind
2019-04-20,2.0408,15.24,9.43956597222222,60.01041666666666,1.602291666666667,46725.4528,10.710416666666667,13.1992,8,C08,cluster_08_warm_normal_humidity_normal_wind
2019-04-21,1.96,16.31,9.445052083333334,56.91319444444444,1.509045138888889,58784.8897,6.536666666666667,14.349999999999998,0,C00,cluster_00_mild_normal_humidity_normal_wind
2019-04-22,0.3075,10.57,5.419861111111112,77.76215277777777,2.03390625,37547.1675,11.134583333333332,10.2625,3,C03,cluster_03_mild_humid_normal_wind
2019-04-23,-0.9083,9.14,4.164461805555556,65.53298611111111,3.4179340277777777,53409.739,3.665416666666667,10.0483,7,C07,cluster_07_mild_normal_humidity_normal_wind
2019-04-24,-1.2308,11.52,4.663819444444445,58.1875,2.1786458333333334,60134.9158,3.0216666666666665,12.7508,7,C07,cluster_07_mild_normal_humidity_normal_wind
2019-04-25,-1.3,12.78,6.137708333333333,53.03993055555556,1.0139583333333333,38187.1475,2.64,14.08,0,C00,cluster_00_mild_normal_humidity_normal_wind
2019-04-26,0.0,13.95,7.676041666666666,52.89236111111112,0.8611458333333333,53203.0403,2.64,13.95,0,C00,cluster_00_mild_normal_humidity_normal_wind
2019-04-27,2.34,16.24,10.503993055555556,49.84375,1.0824305555555556,61528.8031,2.64,13.9,0,C00,cluster_00_mild_normal_humidity_normal_wind
2019-04-28,7.13,17.78,12.182986111111113,50.01215277777778,1.4477777777777776,45672.4823,2.64,10.650000000000002,6,C06,cluster_06_warm_normal_humidity_normal_wind
2019-04-29,7.3,21.1,14.578055555555554,47.58506944444444,1.7367881944444443,65202.963,2.73625,13.8,5,C05,cluster_05_warm_normal_humidity_normal_wind
2019-04-30,7.4617,18.5,13.656336805555556,62.07986111111112,1.9535416666666667,53952.4027,13.13625,11.0383,8,C08,cluster_08_warm_normal_humidity_normal_wind
2019-05-01,7.43,22.53,16.042638888888888,46.74305555555556,0.8444444444444444,53763.9432,18.48,15.1,8,C08,cluster_08_warm_normal_humidity_normal_wind
2019-05-02,11.1,23.68,18.141197916666663,45.08159722222222,1.0185069444444443,60488.2459,18.48,12.58,8,C08,cluster_08_warm_normal_humidity_normal_wind
2019-05-03,12.92,23.56,18.252465277777777,46.64930555555556,1.5352083333333333,19425.1335,18.48,10.64,8,C08,cluster_08_warm_normal_humidity_normal_wind
2019-05-04,12.3533,25.26,17.22791666666667,57.036458333333336,2.6466666666666665,19291.6799,14.21375,12.9067,6,C06,cluster_06_warm_normal_humidity_normal_wind
2019-05-05,12.32,25.24,18.533663194444443,41.69965277777778,0.8344270833333334,64452.0472,8.727083333333333,12.919999999999998,5,C05,cluster_05_warm_normal_humidity_normal_wind
2019-05-06,11.46,25.73,18.7925,37.265625,0.8041145833333334,67647.7507,6.48,14.27,5,C05,cluster_05_warm_normal_humidity_normal_wind
2019-05-07,14.41,24.18,19.35274305555556,42.19097222222222,1.0572743055555556,42601.2608,6.48,9.77,6,C06,cluster_06_warm_normal_humidity_normal_wind
2019-05-08,13.3242,23.45,18.02961805555556,47.73611111111112,0.8302777777777778,52192.8069,6.48,10.1258,5,C05,cluster_05_warm_normal_humidity_normal_wind
2019-05-09,12.92,25.84,19.03635416666667,52.77604166666666,1.021875,28586.1677,5.605833333333333,12.92,6,C06,cluster_06_warm_normal_humidity_normal_wind
2019-05-10,12.375,23.06,16.829444444444444,58.31423611111112,1.7895833333333333,25378.7837,6.6120833333333335,10.685,6,C06,cluster_06_warm_normal_humidity_normal_wind
2019-05-11,12.35,23.33,17.62440972222222,43.828125,1.076440972222222,73239.6671,4.8,10.98,5,C05,cluster_05_warm_normal_humidity_normal_wind
2019-05-12,12.17,25.48,19.37560763888889,38.310763888888886,0.987777777777778,63691.92,4.8,13.31,5,C05,cluster_05_warm_normal_humidity_normal_wind
2019-05-13,12.1975,26.52,19.728663194444444,45.92881944444444,2.117447916666667,48355.4589,4.8,14.3225,5,C05,cluster_05_warm_normal_humidity_normal_wind
2019-05-14,11.96,26.34,19.25970486111111,51.02604166666666,1.6755034722222222,62011.5264,4.8,14.38,5,C05,cluster_05_warm_normal_humidity_normal_wind
2019-05-15,10.72,25.94,18.58277777777778,53.36284722222222,2.2655902777777777,51171.6841,4.8,15.22,5,C05,cluster_05_warm_normal_humidity_normal_wind
2019-05-16,10.84,26.85,19.121666666666663,44.984375,1.7980381944444446,66392.4439,4.8,16.01,5,C05,cluster_05_warm_normal_humidity_normal_wind
2019-05-17,12.05,26.81,19.536371527777774,47.97048611111112,2.194305555555556,50130.0583,5.049166666666667,14.759999999999998,5,C05,cluster_05_warm_normal_humidity_normal_wind
2019-05-18,12.03,28.25,20.402708333333333,31.48611111111111,1.721666666666667,64804.7462,5.28,16.22,5,C05,cluster_05_warm_normal_humidity_normal_wind
2019-05-19,14.61,27.26,21.063888888888886,34.010416666666664,1.4332291666666666,36544.1667,5.28,12.650000000000002,6,C06,cluster_06_warm_normal_humidity_normal_wind
2019-05-20,15.7158,26.9,20.756284722222222,40.93229166666666,2.262881944444445,21266.7563,5.28,11.1842,6,C06,cluster_06_warm_normal_humidity_normal_wind
2019-05-21,11.3942,27.17,19.349652777777777,46.40625,2.7813020833333333,41025.4413,5.051666666666667,15.775800000000002,2,C02,cluster_02_hot_dry_normal_wind
2019-05-22,11.0,22.64,16.72140625,60.80555555555556,2.1163020833333333,61781.052,4.32,11.64,5,C05,cluster_05_warm_normal_humidity_normal_wind
2019-05-23,11.73,26.68,20.748940972222226,43.01041666666666,1.2425347222222225,40762.6787,4.32,14.95,5,C05,cluster_05_warm_normal_humidity_normal_wind
2019-05-24,16.57,29.35,22.85487847222222,38.92534722222222,2.1316319444444445,52741.7201,4.9383333333333335,12.78,10,C10,cluster_10_hot_dry_normal_wind
2019-05-25,16.7875,31.35,23.706614583333334,34.095486111111114,1.9172743055555557,38232.9176,5.28,14.5625,10,C10,cluster_10_hot_dry_normal_wind
2019-05-26,16.74,30.81,22.855260416666667,37.145833333333336,1.8763194444444444,23375.001,3.6895833333333337,14.07,6,C06,cluster_06_warm_normal_humidity_normal_wind
2019-05-27,13.8317,31.98,23.473211805555557,30.41840277777778,1.5258159722222222,38455.6822,2.64,18.1483,10,C10,cluster_10_hot_dry_normal_wind
2019-05-28,13.44,29.09,20.932430555555555,43.08159722222222,2.26296875,57815.5899,2.64,15.65,5,C05,cluster_05_warm_normal_humidity_normal_wind
2019-05-29,12.05,27.69,19.59470486111111,50.60243055555556,2.6571354166666667,67157.8398,2.64,15.64,2,C02,cluster_02_hot_dry_normal_wind
2019-05-30,11.6492,26.75,18.776840277777776,48.49652777777778,2.7139583333333333,70602.4436,2.64,15.1008,2,C02,cluster_02_hot_dry_normal_wind
2019-05-31,11.1417,24.35,17.952569444444446,48.420138888888886,2.763732638888889,69504.4708,2.64,13.2083,2,C02,cluster_02_hot_dry_normal_wind
2019-06-01,11.0333,25.95,18.753732638888888,45.380208333333336,2.0994965277777777,69440.7795,2.64,14.9167,5,C05,cluster_05_warm_normal_humidity_normal_wind
2019-06-02,10.96,28.18,20.456666666666667,34.703125,1.1719791666666668,73041.5249,2.64,17.22,5,C05,cluster_05_warm_normal_humidity_normal_wind
2019-06-03,14.13,29.16,22.12442708333333,27.213541666666668,0.9863541666666666,72940.6632,2.64,15.03,5,C05,cluster_05_warm_normal_humidity_normal_wind
2019-06-04,15.17,31.86,23.83991319444445,25.276041666666668,0.9501041666666666,71602.538,2.64,16.689999999999998,10,C10,cluster_10_hot_dry_normal_wind
2019-06-05,18.11,33.43,25.980572916666667,24.39583333333333,1.324826388888889,63978.9763,2.64,15.32,10,C10,cluster_10_hot_dry_normal_wind
2019-06-06,18.99,34.37,27.50375,26.34375,1.6345486111111112,41645.3617,2.64,15.38,10,C10,cluster_10_hot_dry_normal_wind
2019-06-07,21.08,34.93,27.88092013888889,28.00868055555556,1.95328125,46010.9589,2.64,13.85,10,C10,cluster_10_hot_dry_normal_wind
2019-06-08,17.78,34.12,26.45142361111111,32.380208333333336,1.4251215277777778,31103.2593,2.64,16.339999999999996,10,C10,cluster_10_hot_dry_normal_wind
2019-06-09,15.6683,32.34,24.12434027777778,41.80555555555556,2.7992013888888887,61688.4802,2.64,16.6717,2,C02,cluster_02_hot_dry_normal_wind
2019-06-10,15.61,31.48,23.6334375,44.80902777777778,1.745625,53504.0836,2.64,15.87,10,C10,cluster_10_hot_dry_normal_wind
2019-06-11,17.95,31.89,25.47498263888889,37.61805555555556,1.5738541666666666,50038.1349,2.64,13.94,10,C10,cluster_10_hot_dry_normal_wind
2019-06-12,19.2892,32.72,25.77920138888889,27.538194444444443,1.8514409722222225,47338.7401,2.64,13.430799999999998,10,C10,cluster_10_hot_dry_normal_wind
2019-06-13,16.7592,31.82,24.902517361111112,31.01736111111111,1.9016666666666664,57553.8302,2.64,15.0608,10,C10,cluster_10_hot_dry_normal_wind
2019-06-14,16.32,31.96,24.022934027777776,39.671875,1.90421875,53360.4883,2.8545833333333333,15.64,10,C10,cluster_10_hot_dry_normal_wind
2019-06-15,15.74,33.28,24.75263888888889,33.270833333333336,2.086145833333333,55933.7785,2.88,17.54,10,C10,cluster_10_hot_dry_normal_wind
2019-06-16,17.0,33.29,26.401354166666668,27.296875,1.4353645833333333,63036.3282,2.88,16.29,10,C10,cluster_10_hot_dry_normal_wind
2019-06-17,19.9917,34.59,27.29373263888889,26.63368055555556,1.4274305555555555,69592.081,2.88,14.598300000000002,10,C10,cluster_10_hot_dry_normal_wind
2019-06-18,19.0333,33.45,26.75515625,30.45659722222222,1.8339583333333327,65058.9498,2.88,14.416700000000002,10,C10,cluster_10_hot_dry_normal_wind
2019-06-19,17.705,32.47,24.836718750000003,39.43229166666666,2.0543229166666666,54388.1757,2.88,14.765,10,C10,cluster_10_hot_dry_normal_wind
2019-06-20,17.67,33.75,25.94842013888889,32.41840277777778,2.251163194444445,70931.1434,2.88,16.08,10,C10,cluster_10_hot_dry_normal_wind
2019-06-21,18.1025,35.47,26.58130208333333,34.72743055555556,2.493524305555556,63209.7911,2.88,17.3675,2,C02,cluster_02_hot_dry_normal_wind
2019-06-22,18.0,34.3,26.153715277777778,37.03125,1.7241840277777778,72632.2846,2.88,16.299999999999997,10,C10,cluster_10_hot_dry_normal_wind
2019-06-23,18.57,36.17,28.30958333333333,29.338541666666668,1.7819965277777778,69352.9291,2.88,17.6,10,C10,cluster_10_hot_dry_normal_wind
2019-06-24,21.13,37.01,30.3365625,22.85763888888889,3.1914583333333333,72285.6138,2.88,15.88,2,C02,cluster_02_hot_dry_normal_wind
2019-06-25,21.6842,38.34,30.87430555555555,18.62673611111111,2.5519618055555555,71029.293,2.88,16.655800000000003,2,C02,cluster_02_hot_dry_normal_wind
2019-06-26,19.7417,36.57,28.13362847222222,32.166666666666664,1.860243055555556,70760.2427,2.88,16.8283,10,C10,cluster_10_hot_dry_normal_wind
2019-06-27,19.7,34.53,27.56798611111111,32.57118055555556,2.232690972222222,71386.8133,2.88,14.830000000000002,10,C10,cluster_10_hot_dry_normal_wind
2019-06-28,19.51,35.0,28.05125,28.163194444444443,1.6342881944444445,70356.0117,2.88,15.489999999999998,10,C10,cluster_10_hot_dry_normal_wind
2019-06-29,22.34,35.52,29.82178819444444,23.369791666666668,2.0048958333333333,65932.3993,2.88,13.180000000000003,10,C10,cluster_10_hot_dry_normal_wind
2019-06-30,20.84,36.25,29.01246527777778,26.11805555555556,1.9858854166666664,71937.4759,2.88,15.41,10,C10,cluster_10_hot_dry_normal_wind
2019-07-01,14.99,31.81,23.646059027777778,45.36979166666666,3.9726388888888886,73182.61,2.88,16.82,2,C02,cluster_02_hot_dry_normal_wind
2019-07-02,15.1175,29.76,22.039270833333333,47.28472222222222,3.027204861111111,73185.8486,2.88,14.642500000000002,2,C02,cluster_02_hot_dry_normal_wind
2019-07-03,15.1,33.89,26.16378472222222,39.71180555555556,3.4640104166666665,73266.7989,2.88,18.79,2,C02,cluster_02_hot_dry_normal_wind
2019-07-04,18.8,37.2,28.51414930555556,28.96701388888889,2.174340277777778,73335.6892,2.88,18.4,10,C10,cluster_10_hot_dry_normal_wind
2019-07-05,18.27,35.95,26.95598958333333,33.25694444444444,1.9499131944444448,73335.6892,2.88,17.680000000000003,10,C10,cluster_10_hot_dry_normal_wind
2019-07-06,18.25,36.72,27.576197916666665,27.74652777777778,2.413420138888889,71068.7211,2.88,18.47,10,C10,cluster_10_hot_dry_normal_wind
2019-07-07,17.05,34.47,25.83164930555556,40.536458333333336,2.714774305555556,67057.1359,2.88,17.419999999999998,2,C02,cluster_02_hot_dry_normal_wind
2019-07-08,16.16,35.13,26.28140625,34.63715277777778,1.9849479166666664,72526.3489,2.88,18.97,10,C10,cluster_10_hot_dry_normal_wind
2019-07-09,18.61,34.26,26.168229166666663,39.270833333333336,3.068315972222222,62550.2502,2.88,15.65,2,C02,cluster_02_hot_dry_normal_wind
2019-07-10,17.59,32.23,24.93157986111111,44.395833333333336,3.173107638888889,56741.5223,5.407916666666667,14.639999999999995,2,C02,cluster_02_hot_dry_normal_wind
2019-07-11,17.7,34.53,27.50227430555556,36.31597222222222,2.074878472222222,53554.5518,5.035833333333333,16.830000000000002,10,C10,cluster_10_hot_dry_normal_wind
2019-07-12,23.8825,37.6,30.913194444444443,22.453125,1.4919965277777778,72161.5444,3.6,13.7175,10,C10,cluster_10_hot_dry_normal_wind
2019-07-13,21.3575,36.01,29.00987847222222,29.68923611111111,2.1359375,69928.4577,3.6,14.652499999999996,10,C10,cluster_10_hot_dry_normal_wind
2019-07-14,19.3733,37.25,28.288854166666667,36.270833333333336,2.264965277777778,58551.967,3.6,17.8767,10,C10,cluster_10_hot_dry_normal_wind
2019-07-15,19.11,37.37,29.18779513888889,32.53125,1.8944097222222225,61176.8838,3.3508333333333336,18.26,10,C10,cluster_10_hot_dry_normal_wind
2019-07-16,23.31,38.99,32.2053125,22.932291666666668,3.685416666666667,42537.9928,3.12,15.680000000000003,2,C02,cluster_02_hot_dry_normal_wind
2019-07-17,23.9167,39.82,32.121805555555554,18.71875,4.356805555555556,60848.6599,3.12,15.903300000000002,2,C02,cluster_02_hot_dry_normal_wind
2019-07-18,22.74,39.3,31.706041666666668,20.14930555555556,2.4978125,71958.6489,3.12,16.56,10,C10,cluster_10_hot_dry_normal_wind
2019-07-19,22.1475,39.91,31.51928819444445,15.19097222222222,2.406840277777777,73335.6892,3.12,17.762499999999996,10,C10,cluster_10_hot_dry_normal_wind
2019-07-20,21.08,39.62,29.741666666666667,23.61458333333333,1.7889583333333334,69727.5665,3.12,18.54,10,C10,cluster_10_hot_dry_normal_wind
2019-07-21,20.93,37.96,30.691979166666663,23.60763888888889,1.9075347222222223,60257.153,3.12,17.03,10,C10,cluster_10_hot_dry_normal_wind
2019-07-22,25.7517,36.72,31.70272569444445,21.53472222222222,1.9139409722222225,53979.5635,3.12,10.9683,10,C10,cluster_10_hot_dry_normal_wind
2019-07-23,24.09,37.45,30.75970486111111,22.385416666666668,1.783628472222222,69715.0604,3.12,13.360000000000005,10,C10,cluster_10_hot_dry_normal_wind
2019-07-24,25.25,36.74,31.10911458333333,17.916666666666668,3.422743055555556,67874.0149,3.12,11.490000000000002,2,C02,cluster_02_hot_dry_normal_wind
2019-07-25,24.08,38.9,31.53302083333333,16.52777777777778,1.955503472222222,71825.7878,3.12,14.82,10,C10,cluster_10_hot_dry_normal_wind
2019-07-26,20.2683,37.06,28.695850694444445,26.77083333333333,1.871805555555556,71492.1678,3.12,16.791700000000002,10,C10,cluster_10_hot_dry_normal_wind
2019-07-27,20.23,37.02,28.614895833333332,26.60590277777778,3.010503472222222,69272.6911,3.12,16.790000000000003,2,C02,cluster_02_hot_dry_normal_wind
2019-07-28,18.1675,35.38,26.732569444444444,33.47222222222222,2.237309027777778,65703.5002,3.12,17.212500000000002,10,C10,cluster_10_hot_dry_normal_wind
2019-07-29,17.56,33.81,25.728472222222223,37.87847222222222,2.453958333333333,68920.9494,3.12,16.250000000000004,2,C02,cluster_02_hot_dry_normal_wind
2019-07-30,18.5,35.76,27.56017361111111,29.80555555555556,2.1709895833333333,73335.6892,3.12,17.259999999999998,10,C10,cluster_10_hot_dry_normal_wind
2019-07-31,19.36,37.73,29.3596875,23.11805555555556,1.0749652777777776,73335.6892,3.12,18.37,10,C10,cluster_10_hot_dry_normal_wind
2019-08-01,22.86,38.94,31.20196180555556,19.5625,1.567986111111111,65063.2551,3.12,16.08,10,C10,cluster_10_hot_dry_normal_wind
2019-08-02,22.07,38.36,29.88942708333333,24.640625,3.355295138888889,70235.2702,3.12,16.29,2,C02,cluster_02_hot_dry_normal_wind
2019-08-03,18.8867,35.78,26.893315972222226,39.54166666666666,2.920520833333333,71043.7345,3.12,16.8933,2,C02,cluster_02_hot_dry_normal_wind
2019-08-04,17.98,35.66,27.109409722222225,36.49479166666666,1.8944965277777777,73335.6892,3.12,17.679999999999996,10,C10,cluster_10_hot_dry_normal_wind
2019-08-05,20.02,38.31,28.72576388888889,34.91493055555556,2.826423611111111,73112.0339,3.12,18.290000000000003,2,C02,cluster_02_hot_dry_normal_wind
2019-08-06,16.65,32.76,24.341631944444444,50.067708333333336,3.217829861111112,73249.7419,3.12,16.11,2,C02,cluster_02_hot_dry_normal_wind
2019-08-07,16.39,35.27,24.91989583333333,43.270833333333336,2.516076388888889,72482.8729,3.12,18.880000000000003,2,C02,cluster_02_hot_dry_normal_wind
2019-08-08,18.75,35.05,25.521440972222223,38.68402777777778,2.1947569444444444,65127.0803,3.12,16.299999999999997,10,C10,cluster_10_hot_dry_normal_wind
2019-08-09,18.55,33.73,26.177465277777777,33.390625,1.524652777777778,67514.6183,3.12,15.179999999999996,10,C10,cluster_10_hot_dry_normal_wind
2019-08-10,20.75,36.45,29.04715277777778,29.385416666666668,2.2914583333333334,72782.4246,3.12,15.700000000000005,10,C10,cluster_10_hot_dry_normal_wind
2019-08-11,18.6683,33.56,26.46852430555556,40.89409722222222,2.7973958333333333,72160.2104,3.12,14.891700000000004,2,C02,cluster_02_hot_dry_normal_wind
2019-08-12,17.94,32.47,24.92930555555556,46.708333333333336,2.134826388888889,50940.0732,3.12,14.529999999999998,10,C10,cluster_10_hot_dry_normal_wind
2019-08-13,17.62,31.1,24.09192708333333,47.33680555555556,2.159756944444444,61111.1747,3.12,13.48,10,C10,cluster_10_hot_dry_normal_wind
2019-08-14,17.11,31.71,24.54046875,46.8125,1.2826909722222224,72176.7149,3.12,14.6,10,C10,cluster_10_hot_dry_normal_wind
2019-08-15,19.51,34.05,26.422881944444445,34.61284722222222,1.2127430555555554,69416.9793,3.12,14.539999999999996,10,C10,cluster_10_hot_dry_normal_wind
2019-08-16,19.72,34.67,27.357465277777777,26.89409722222222,1.653072916666667,73062.1132,3.12,14.950000000000005,10,C10,cluster_10_hot_dry_normal_wind
2019-08-17,21.94,35.63,28.360538194444445,16.567708333333332,2.4618402777777777,73197.9092,3.12,13.69,10,C10,cluster_10_hot_dry_normal_wind
2019-08-18,20.0,35.37,27.92317708333333,17.64409722222222,2.147482638888889,73295.9155,3.12,15.369999999999996,10,C10,cluster_10_hot_dry_normal_wind
2019-08-19,19.7367,35.47,27.93315972222222,20.44965277777778,1.2038020833333334,71797.7804,3.12,15.7333,10,C10,cluster_10_hot_dry_normal_wind
2019-08-20,18.48,35.04,26.27479166666667,29.291666666666668,1.4833333333333334,73335.6892,3.12,16.56,10,C10,cluster_10_hot_dry_normal_wind
2019-08-21,18.04,34.1,25.86355902777778,29.21875,1.1212847222222222,73335.6892,3.12,16.060000000000002,10,C10,cluster_10_hot_dry_normal_wind
2019-08-22,18.18,33.92,26.343993055555558,22.66493055555556,1.6469965277777776,72718.0996,3.12,15.740000000000002,10,C10,cluster_10_hot_dry_normal_wind
2019-08-23,20.34,33.67,27.200104166666662,22.421875,2.175850694444444,72919.6781,3.12,13.330000000000002,10,C10,cluster_10_hot_dry_normal_wind
2019-08-24,21.115,34.27,27.25413194444444,21.944444444444443,1.6644444444444444,71732.6555,3.12,13.155000000000005,10,C10,cluster_10_hot_dry_normal_wind
2019-08-25,18.6,34.9,26.91649305555556,31.21875,1.8507291666666663,60504.0878,3.12,16.299999999999997,10,C10,cluster_10_hot_dry_normal_wind
2019-08-26,19.42,34.43,26.34625,35.045138888888886,1.212517361111111,65653.6519,3.12,15.009999999999998,10,C10,cluster_10_hot_dry_normal_wind
2019-08-27,18.41,32.84,26.17234375,29.71527777777778,2.4976736111111117,69470.50720000001,3.12,14.430000000000003,2,C02,cluster_02_hot_dry_normal_wind
2019-08-28,16.6558,33.92,26.10659722222222,31.02951388888889,2.272986111111111,62440.0347,3.12,17.264200000000002,10,C10,cluster_10_hot_dry_normal_wind
2019-08-29,16.53,32.94,24.1971875,42.32986111111112,2.003159722222222,63239.259,3.12,16.409999999999997,10,C10,cluster_10_hot_dry_normal_wind
2019-08-30,16.98,30.67,24.00654513888889,43.90625,1.2049305555555554,55873.8318,3.12,13.69,5,C05,cluster_05_warm_normal_humidity_normal_wind
2019-08-31,15.9733,31.46,24.023767361111112,42.13368055555556,2.0805729166666667,57012.858,3.12,15.4867,10,C10,cluster_10_hot_dry_normal_wind
2019-09-01,14.82,29.35,21.703420138888887,46.458333333333336,1.7347569444444444,73178.561,3.12,14.53,5,C05,cluster_05_warm_normal_humidity_normal_wind
2019-09-02,15.7,30.82,23.357013888888886,40.22222222222222,1.2651041666666667,71687.3554,3.12,15.12,10,C10,cluster_10_hot_dry_normal_wind
2019-09-03,15.7175,30.18,22.127413194444443,47.177083333333336,2.8547916666666664,72173.2787,3.12,14.4625,2,C02,cluster_02_hot_dry_normal_wind
2019-09-04,14.75,29.85,22.40972222222222,46.22222222222222,1.3577083333333333,72728.0127,3.12,15.1,5,C05,cluster_05_warm_normal_humidity_normal_wind
2019-09-05,16.24,31.17,23.20552083333333,41.77256944444444,1.5605555555555557,69918.2475,3.12,14.930000000000003,10,C10,cluster_10_hot_dry_normal_wind
2019-09-06,15.3,31.25,23.43456597222222,39.99479166666666,1.3940972222222223,72173.3329,3.12,15.95,10,C10,cluster_10_hot_dry_normal_wind
2019-09-07,15.43,32.5,24.02630208333333,36.51215277777778,2.3178819444444443,72169.4003,3.12,17.07,2,C02,cluster_02_hot_dry_normal_wind
2019-09-08,13.3442,28.64,20.09911458333333,47.467013888888886,3.095972222222222,71035.8549,3.12,15.2958,2,C02,cluster_02_hot_dry_normal_wind
2019-09-09,12.35,27.12,18.7109375,51.560763888888886,2.34046875,70445.114,3.12,14.77,5,C05,cluster_05_warm_normal_humidity_normal_wind
2019-09-10,12.5,27.74,19.64282986111111,47.442708333333336,1.9867534722222224,73328.7802,3.12,15.239999999999998,5,C05,cluster_05_warm_normal_humidity_normal_wind
2019-09-11,11.8275,26.72,19.11425347222222,49.90277777777778,1.8403819444444445,73001.5884,3.12,14.892499999999998,5,C05,cluster_05_warm_normal_humidity_normal_wind
2019-09-12,11.19,25.34,17.768315972222222,54.37847222222222,2.329340277777778,71581.8444,3.12,14.15,5,C05,cluster_05_warm_normal_humidity_normal_wind
2019-09-13,10.82,25.27,17.441805555555554,54.99652777777778,2.470520833333333,67519.3361,3.12,14.45,5,C05,cluster_05_warm_normal_humidity_normal_wind
2019-09-14,11.01,26.34,18.78824652777778,48.28298611111112,1.5027604166666668,73234.0112,3.12,15.33,5,C05,cluster_05_warm_normal_humidity_normal_wind
2019-09-15,12.68,28.68,21.582048611111112,41.80034722222222,2.039756944444445,72981.4434,3.12,16.0,5,C05,cluster_05_warm_normal_humidity_normal_wind
2019-09-16,17.05,30.76,24.261579861111112,32.30902777777778,3.3761284722222222,73332.2346,3.12,13.71,2,C02,cluster_02_hot_dry_normal_wind
2019-09-17,18.31,32.13,25.25366319444445,30.015625,2.305295138888889,60076.0669,3.12,13.820000000000004,10,C10,cluster_10_hot_dry_normal_wind
2019-09-18,17.13,33.24,25.348385416666662,30.963541666666668,1.2135763888888889,64671.9583,3.12,16.110000000000003,10,C10,cluster_10_hot_dry_normal_wind
2019-09-19,15.1,33.79,23.959010416666665,35.677083333333336,1.5199652777777777,73175.1064,3.12,18.69,10,C10,cluster_10_hot_dry_normal_wind
2019-09-20,14.44,32.9,24.636753472222225,32.96527777777778,1.7259375,73335.6892,3.12,18.46,10,C10,cluster_10_hot_dry_normal_wind
2019-09-21,17.34,33.97,26.046736111111112,23.604166666666668,0.9392881944444444,72982.2533,3.12,16.63,10,C10,cluster_10_hot_dry_normal_wind
2019-09-22,11.79,28.46,20.042065972222225,43.58854166666666,2.6544097222222223,72160.9823,3.12,16.67,2,C02,cluster_02_hot_dry_normal_wind
2019-09-23,11.3,28.89,21.508524305555557,40.03819444444444,1.5033333333333332,62631.5409,3.12,17.59,5,C05,cluster_05_warm_normal_humidity_normal_wind
2019-09-24,16.16,29.79,22.879097222222224,24.93402777777778,1.123125,73335.6892,3.12,13.63,10,C10,cluster_10_hot_dry_normal_wind
2019-09-25,14.52,29.73,21.92960069444445,17.119791666666668,0.8876041666666666,73335.6892,3.12,15.21,10,C10,cluster_10_hot_dry_normal_wind
2019-09-26,14.94,32.5,23.74609375,21.00520833333333,0.9921006944444444,62354.4938,3.12,17.560000000000002,10,C10,cluster_10_hot_dry_normal_wind
2019-09-27,17.54,34.22,25.43642361111111,17.835069444444443,1.141614583333333,71195.1448,3.12,16.68,10,C10,cluster_10_hot_dry_normal_wind
2019-09-28,16.89,32.03,24.04576388888889,17.25173611111111,2.2877604166666665,72337.8489,3.12,15.14,10,C10,cluster_10_hot_dry_normal_wind
2019-09-29,15.61,28.11,21.37456597222222,39.94444444444444,1.8041840277777776,56692.9935,3.12,12.5,5,C05,cluster_05_warm_normal_humidity_normal_wind
2019-09-30,13.14,27.96,19.94364583333333,43.08680555555556,1.895763888888889,73067.4028,3.12,14.82,5,C05,cluster_05_warm_normal_humidity_normal_wind
2019-10-01,12.5,27.56,20.310208333333332,32.388888888888886,0.8701041666666667,73264.9635,3.12,15.06,5,C05,cluster_05_warm_normal_humidity_normal_wind
2019-10-02,12.3525,28.23,19.90489583333333,34.08506944444444,2.4755208333333334,70581.0429,3.7383333333333337,15.8775,2,C02,cluster_02_hot_dry_normal_wind
2019-10-03,11.3,28.97,21.11520833333333,26.984375,1.5698784722222223,66256.7515,4.08,17.669999999999998,10,C10,cluster_10_hot_dry_normal_wind
2019-10-04,12.0783,27.9,20.44607638888889,36.192708333333336,1.830798611111111,71013.3652,4.08,15.821699999999998,5,C05,cluster_05_warm_normal_humidity_normal_wind
2019-10-05,11.69,25.01,18.194965277777776,47.29340277777778,1.6496006944444443,72340.3741,4.08,13.320000000000002,5,C05,cluster_05_warm_normal_humidity_normal_wind
2019-10-06,13.77,25.34,19.01534722222222,29.19965277777778,2.009583333333333,64449.775,4.08,11.57,5,C05,cluster_05_warm_normal_humidity_normal_wind
2019-10-07,14.08,27.88,20.98524305555556,24.04340277777778,1.536736111111111,73335.6892,4.08,13.8,5,C05,cluster_05_warm_normal_humidity_normal_wind
2019-10-08,15.0417,27.4,20.570208333333333,24.385416666666668,0.69,73107.70420000001,4.08,12.358299999999998,5,C05,cluster_05_warm_normal_humidity_normal_wind
2019-10-09,13.3,28.42,20.319288194444443,37.217013888888886,2.0575520833333334,56351.5519,4.08,15.12,5,C05,cluster_05_warm_normal_humidity_normal_wind
2019-10-10,11.88,26.35,19.506753472222226,40.88194444444444,1.4902256944444443,68283.7992,4.08,14.47,5,C05,cluster_05_warm_normal_humidity_normal_wind
2019-10-11,14.42,26.6,19.93869791666667,35.326388888888886,2.14109375,71409.8217,4.08,12.18,5,C05,cluster_05_warm_normal_humidity_normal_wind
2019-10-12,14.12,27.87,20.421510416666667,36.74652777777778,1.5238888888888888,35946.4849,4.08,13.750000000000002,6,C06,cluster_06_warm_normal_humidity_normal_wind
2019-10-13,9.55,21.23,15.305381944444443,58.78819444444444,2.5535416666666664,52833.8806,4.08,11.68,7,C07,cluster_07_mild_normal_humidity_normal_wind
2019-10-14,9.98,22.71,15.78814236111111,56.5625,1.0469270833333333,68237.768,4.08,12.73,5,C05,cluster_05_warm_normal_humidity_normal_wind
2019-10-15,10.54,23.46,16.523645833333333,48.15798611111112,1.1155729166666668,72521.5094,4.08,12.920000000000002,5,C05,cluster_05_warm_normal_humidity_normal_wind
2019-10-16,9.83,25.18,16.73362847222222,38.22916666666666,1.124861111111111,72069.449,4.08,15.35,5,C05,cluster_05_warm_normal_humidity_normal_wind
2019-10-17,9.66,25.11,17.264461805555555,37.21527777777778,0.7676736111111111,42142.4611,4.08,15.45,5,C05,cluster_05_warm_normal_humidity_normal_wind
2019-10-18,10.66,24.58,17.58015625,30.0,1.2305555555555554,71169.4375,4.08,13.919999999999998,5,C05,cluster_05_warm_normal_humidity_normal_wind
2019-10-19,10.13,25.24,18.22590277777778,27.51909722222222,1.0766666666666669,40371.9256,4.08,15.109999999999998,5,C05,cluster_05_warm_normal_humidity_normal_wind
2019-10-20,10.18,19.84,15.306822916666668,51.145833333333336,1.5819444444444446,20457.0718,4.204583333333334,9.66,6,C06,cluster_06_warm_normal_humidity_normal_wind
2019-10-21,9.08,20.8,14.279149305555556,66.94444444444444,1.2983333333333331,45140.1006,12.430416666666666,11.72,8,C08,cluster_08_warm_normal_humidity_normal_wind
2019-10-22,10.2783,13.22,11.761927083333331,77.17361111111111,1.8025868055555556,17406.091,12.35375,2.941700000000001,3,C03,cluster_03_mild_humid_normal_wind
2019-10-23,10.1233,16.29,12.574635416666666,78.28298611111111,0.6810590277777778,28777.4674,10.245,6.166699999999999,11,C11,cluster_11_mild_normal_humidity_normal_wind
2019-10-24,9.4,18.04,13.49140625,81.02777777777777,0.9285069444444444,20148.4739,10.229166666666666,8.639999999999999,11,C11,cluster_11_mild_normal_humidity_normal_wind
2019-10-25,11.36,15.83,13.167204861111111,82.80381944444444,1.3264756944444445,29063.6738,8.067916666666667,4.470000000000001,3,C03,cluster_03_mild_humid_normal_wind
2019-10-26,9.31,15.03,11.927309027777778,85.72048611111111,0.6433506944444445,35828.9133,7.686666666666666,5.719999999999999,11,C11,cluster_11_mild_normal_humidity_normal_wind
2019-10-27,9.24,15.84,12.493211805555555,83.65451388888889,0.999496527777778,19773.4143,4.025,6.6,11,C11,cluster_11_mild_normal_humidity_normal_wind
2019-10-28,9.8483,13.24,11.674305555555556,83.57986111111111,2.167309027777778,29637.4903,7.629166666666666,3.3917,3,C03,cluster_03_mild_humid_normal_wind
2019-10-29,8.8,16.8,12.322118055555556,75.69270833333333,0.9924305555555556,57315.0281,2.87625,8.0,11,C11,cluster_11_mild_normal_humidity_normal_wind
2019-10-30,6.2683,15.93,11.440538194444445,73.17881944444444,1.0014062499999998,27645.3648,3.3966666666666665,9.6617,11,C11,cluster_11_mild_normal_humidity_normal_wind
2019-10-31,5.87,18.28,12.080902777777778,72.51041666666667,1.559079861111111,63494.3125,3.3925,12.41,0,C00,cluster_00_mild_normal_humidity_normal_wind
2019-11-01,7.73,16.56,11.820920138888887,74.04513888888889,1.7926215277777775,65210.3595,2.88,8.829999999999998,7,C07,cluster_07_mild_normal_humidity_normal_wind
2019-11-02,7.96,16.5,12.546423611111113,64.48263888888889,1.7116840277777776,66901.773,2.88,8.54,0,C00,cluster_00_mild_normal_humidity_normal_wind
2019-11-03,5.57,15.8,10.221527777777778,70.38020833333333,2.079652777777778,65843.5976,2.88,10.23,7,C07,cluster_07_mild_normal_humidity_normal_wind
2019-11-04,4.6817,16.23,9.531302083333332,71.86458333333333,0.8724826388888889,61850.3243,5.96875,11.5483,0,C00,cluster_00_mild_normal_humidity_normal_wind
2019-11-05,3.88,16.66,9.91248263888889,69.02604166666667,1.079114583333333,72406.5629,6.48,12.78,0,C00,cluster_00_mild_normal_humidity_normal_wind
2019-11-06,5.3217,16.79,10.079548611111113,65.71180555555556,1.547604166666667,59152.3092,6.48,11.4683,0,C00,cluster_00_mild_normal_humidity_normal_wind
2019-11-07,4.66,16.79,9.807673611111111,62.86805555555556,0.6507986111111111,72482.7245,6.48,12.13,0,C00,cluster_00_mild_normal_humidity_normal_wind
2019-11-08,3.98,16.45,9.33965277777778,61.08854166666666,1.0577083333333333,71174.6119,6.48,12.47,0,C00,cluster_00_mild_normal_humidity_normal_wind
2019-11-09,2.81,18.0,9.443194444444444,47.63194444444444,1.0192708333333331,73170.1945,6.48,15.19,0,C00,cluster_00_mild_normal_humidity_normal_wind
2019-11-10,1.74,17.56,9.27390625,51.23090277777778,0.9567534722222224,73126.8047,6.48,15.82,0,C00,cluster_00_mild_normal_humidity_normal_wind
2019-11-11,3.1,17.04,9.175572916666669,48.545138888888886,0.6168055555555555,73335.6892,6.48,13.94,0,C00,cluster_00_mild_normal_humidity_normal_wind
2019-11-12,1.61,17.65,9.003038194444445,47.68229166666666,0.6592534722222223,73156.5156,6.48,16.04,0,C00,cluster_00_mild_normal_humidity_normal_wind
2019-11-13,2.53,17.93,9.399201388888889,42.567708333333336,0.8783854166666667,73291.0581,6.48,15.4,5,C05,cluster_05_warm_normal_humidity_normal_wind
2019-11-14,2.59,15.18,8.585868055555556,58.87847222222222,1.8297395833333332,22664.9765,6.48,12.59,11,C11,cluster_11_mild_normal_humidity_normal_wind
2019-11-15,0.9808,11.97,6.246961805555555,60.58506944444444,3.5644270833333334,62282.3582,6.48,10.9892,7,C07,cluster_07_mild_normal_humidity_normal_wind
2019-11-16,-2.06,5.99,1.6420659722222224,52.97743055555556,2.006527777777778,36831.6835,3.8520833333333337,8.05,11,C11,cluster_11_mild_normal_humidity_normal_wind
2019-11-17,-3.07,7.26,1.6597048611111112,56.14236111111112,1.1109722222222222,38257.6081,2.4,10.33,11,C11,cluster_11_mild_normal_humidity_normal_wind
2019-11-18,-0.32,3.09,1.4796354166666663,78.70486111111111,0.9006423611111111,27357.2729,7.358333333333334,3.41,11,C11,cluster_11_mild_normal_humidity_normal_wind
2019-11-19,0.38,5.5,2.532482638888889,76.50694444444444,1.5556597222222222,45934.1692,6.918333333333333,5.12,11,C11,cluster_11_mild_normal_humidity_normal_wind
2019-11-20,-0.2992,7.72,3.4516319444444448,75.18229166666667,2.0782291666666666,30593.4631,6.046666666666667,8.0192,11,C11,cluster_11_mild_normal_humidity_normal_wind
2019-11-21,-0.76,9.63,3.49546875,70.875,1.45375,67263.7051,6.24,10.39,0,C00,cluster_00_mild_normal_humidity_normal_wind
2019-11-22,-1.08,7.9,3.3335937500000004,73.05208333333333,0.7635243055555556,61598.4624,6.24,8.98,0,C00,cluster_00_mild_normal_humidity_normal_wind
2019-11-23,-1.9517,7.25,2.3508680555555554,73.57638888888889,1.5252777777777775,46743.6952,6.24,9.2017,11,C11,cluster_11_mild_normal_humidity_normal_wind
2019-11-24,-2.95,6.55,1.4374479166666667,73.94965277777777,0.8141493055555555,49082.7193,6.24,9.5,11,C11,cluster_11_mild_normal_humidity_normal_wind
2019-11-25,-2.19,6.38,2.3934548611111115,71.39409722222223,1.170659722222222,17583.6321,6.24,8.57,11,C11,cluster_11_mild_normal_humidity_normal_wind
2019-11-26,-0.84,9.52,4.051111111111111,69.23090277777777,0.9917708333333332,72523.9086,6.24,10.36,0,C00,cluster_00_mild_normal_humidity_normal_wind
2019-11-27,0.46,9.91,5.595399305555556,68.35763888888889,1.563697916666667,60594.4945,7.245,9.45,0,C00,cluster_00_mild_normal_humidity_normal_wind
2019-11-28,3.16,8.99,6.324479166666666,80.58680555555556,1.1237152777777777,16959.9273,7.609999999999999,5.83,11,C11,cluster_11_mild_normal_humidity_normal_wind
2019-11-29,5.25,11.87,8.043576388888889,72.53472222222223,0.7107465277777778,39373.2454,9.12,6.619999999999999,11,C11,cluster_11_mild_normal_humidity_normal_wind
2019-11-30,4.1,14.0,8.249947916666667,68.90277777777777,0.9280208333333332,60744.7524,9.12,9.9,0,C00,cluster_00_mild_normal_humidity_normal_wind
2019-12-01,2.99,13.78,8.17342013888889,62.39409722222222,1.2405729166666668,28556.3563,9.12,10.79,11,C11,cluster_11_mild_normal_humidity_normal_wind
2019-12-02,5.55,11.92,8.33236111111111,69.92534722222223,1.989461805555556,13480.4688,9.229583333333332,6.37,3,C03,cluster_03_mild_humid_normal_wind
2019-12-03,3.5775,6.11,4.955347222222223,90.74826388888889,1.03625,12226.0691,13.665833333333332,2.5325,3,C03,cluster_03_mild_humid_normal_wind
2019-12-04,-0.21,9.12,3.748038194444444,76.28819444444444,0.9559375,50146.131,3.12,9.33,11,C11,cluster_11_mild_normal_humidity_normal_wind
2019-12-05,-0.13,9.18,3.927760416666666,70.23263888888889,1.1163020833333333,44297.9464,3.12,9.31,11,C11,cluster_11_mild_normal_humidity_normal_wind
2019-12-06,0.41,8.42,4.785208333333333,71.10590277777777,0.77046875,27855.6892,5.452916666666667,8.01,11,C11,cluster_11_mild_normal_humidity_normal_wind
2019-12-07,5.09,7.66,6.270590277777778,80.02777777777777,2.686892361111111,12351.8665,7.644166666666667,2.5700000000000003,3,C03,cluster_03_mild_humid_normal_wind
2019-12-08,0.81,6.02,4.258836805555556,84.17013888888889,2.4007638888888887,28091.5297,14.180416666666666,5.209999999999999,3,C03,cluster_03_mild_humid_normal_wind
2019-12-09,-2.55,6.43,2.512309027777777,75.88194444444444,1.0544097222222222,38327.3399,4.56,8.98,11,C11,cluster_11_mild_normal_humidity_normal_wind
2019-12-10,-2.95,7.59,2.69453125,69.77256944444444,0.7445138888888888,66488.2827,4.629166666666666,10.54,0,C00,cluster_00_mild_normal_humidity_normal_wind
2019-12-11,-2.8233,6.45,1.8810416666666667,78.46180555555556,1.2292013888888889,67653.5206,5.04,9.2733,0,C00,cluster_00_mild_normal_humidity_normal_wind
2019-12-12,-3.58,6.8,2.117465277777778,66.35590277777777,1.0393402777777778,46197.9833,5.04,10.38,11,C11,cluster_11_mild_normal_humidity_normal_wind
2019-12-13,-0.46,4.48,2.4903819444444446,80.72916666666667,1.2718229166666668,27925.3114,6.706666666666667,4.94,11,C11,cluster_11_mild_normal_humidity_normal_wind
2019-12-14,-0.08,8.06,3.672795138888889,77.953125,0.7686458333333334,68661.653,6.96,8.14,0,C00,cluster_00_mild_normal_humidity_normal_wind
2019-12-15,0.9642,8.2,4.157031249999999,75.53125,0.75578125,63338.2665,6.96,7.235799999999999,11,C11,cluster_11_mild_normal_humidity_normal_wind
2019-12-16,-1.3,7.55,3.4598090277777778,69.59201388888889,0.5192708333333333,23706.516,6.96,8.85,11,C11,cluster_11_mild_normal_humidity_normal_wind
2019-12-17,-1.8525,6.08,2.97671875,79.09027777777777,1.1112847222222222,14187.1707,3.722083333333333,7.9325,11,C11,cluster_11_mild_normal_humidity_normal_wind
2019-12-18,-1.96,8.14,2.168732638888889,74.10590277777777,0.7813715277777777,71106.8417,2.88,10.1,0,C00,cluster_00_mild_normal_humidity_normal_wind
2019-12-19,-2.09,9.59,3.019184027777777,57.14236111111112,0.4431423611111111,73335.6892,2.88,11.68,0,C00,cluster_00_mild_normal_humidity_normal_wind
2019-12-20,-0.07,12.18,4.6821875,51.43923611111112,0.5000520833333333,73335.6892,2.88,12.25,0,C00,cluster_00_mild_normal_humidity_normal_wind
2019-12-21,0.24,11.21,4.6321875,54.296875,0.5091666666666667,73335.6892,2.88,10.97,0,C00,cluster_00_mild_normal_humidity_normal_wind
2019-12-22,0.54,9.7,4.152795138888889,56.82986111111112,0.9672916666666668,56639.8671,2.88,9.16,0,C00,cluster_00_mild_normal_humidity_normal_wind
2019-12-23,0.63,12.0,5.422065972222223,53.95659722222222,0.8057291666666667,63964.301,2.88,11.37,0,C00,cluster_00_mild_normal_humidity_normal_wind
2019-12-24,0.83,11.46,5.924739583333333,45.99131944444444,1.30828125,73335.6892,2.88,10.63,0,C00,cluster_00_mild_normal_humidity_normal_wind
2019-12-25,0.63,13.2,6.120416666666667,42.973958333333336,2.004930555555555,73335.6892,2.88,12.57,0,C00,cluster_00_mild_normal_humidity_normal_wind
2019-12-26,2.65,8.68,5.284548611111111,59.22743055555556,1.984114583333333,32514.3231,7.070833333333334,6.029999999999999,11,C11,cluster_11_mild_normal_humidity_normal_wind
2019-12-27,3.71,11.06,6.711927083333333,70.23263888888889,2.161354166666667,42292.434,7.800000000000001,7.35,3,C03,cluster_03_mild_humid_normal_wind
2019-12-28,2.03,8.61,5.022256944444445,68.44444444444444,1.2029340277777778,37314.8787,6.457916666666667,6.58,11,C11,cluster_11_mild_normal_humidity_normal_wind
2019-12-29,-0.5808,8.93,3.550868055555556,62.12847222222222,0.7404340277777778,68804.8804,6.48,9.5108,0,C00,cluster_00_mild_normal_humidity_normal_wind
2019-12-30,-0.63,9.29,3.955625,61.16319444444444,0.6041319444444445,72956.2364,6.542916666666667,9.92,0,C00,cluster_00_mild_normal_humidity_normal_wind
2019-12-31,-2.5258,6.47,2.592552083333333,78.58680555555556,0.8142708333333333,47859.7449,4.5129166666666665,8.9958,11,C11,cluster_11_mild_normal_humidity_normal_wind
2020-01-01,-3.18,6.9,2.099670138888889,77.30208333333333,0.7491493055555556,56656.1231,3.12,10.08,0,C00,cluster_00_mild_normal_humidity_normal_wind
2020-01-02,-2.46,7.83,2.43171875,66.46354166666667,0.6564409722222222,67980.4204,3.12,10.29,0,C00,cluster_00_mild_normal_humidity_normal_wind
2020-01-03,-0.82,7.12,3.3014583333333336,65.265625,0.6389409722222222,47569.5807,4.617500000000001,7.94,11,C11,cluster_11_mild_normal_humidity_normal_wind
2020-01-04,0.53,5.48,2.4389756944444443,79.24826388888889,2.444079861111111,33926.2891,8.91375,4.95,3,C03,cluster_03_mild_humid_normal_wind
2020-01-05,-4.75,4.19,0.2217881944444444,73.52083333333333,1.3296006944444445,48977.7544,11.04,8.940000000000001,4,C04,cluster_04_cold_normal_humidity_normal_wind
2020-01-06,-5.49,6.65,0.1293055555555555,64.17881944444444,1.016614583333333,65950.8336,11.04,12.14,4,C04,cluster_04_cold_normal_humidity_normal_wind
2020-01-07,-4.33,5.96,0.4934722222222222,66.58506944444444,0.8882638888888889,73335.6892,11.04,10.29,4,C04,cluster_04_cold_normal_humidity_normal_wind
2020-01-08,-3.14,7.43,2.99609375,57.670138888888886,2.2637673611111118,62748.2076,9.657083333333333,10.57,7,C07,cluster_07_mild_normal_humidity_normal_wind
2020-01-09,-4.29,3.97,0.4792361111111111,73.21875,1.1835243055555555,56700.319,3.2670833333333333,8.26,11,C11,cluster_11_mild_normal_humidity_normal_wind
2020-01-10,-4.61,4.6,-0.8414930555555555,68.3125,0.8809027777777777,20619.8137,2.88,9.21,11,C11,cluster_11_mild_normal_humidity_normal_wind
2020-01-11,-5.2725,4.53,-1.101423611111111,68.42881944444444,2.124861111111111,62950.6251,2.88,9.8025,7,C07,cluster_07_mild_normal_humidity_normal_wind
2020-01-12,-5.34,4.62,-0.2466493055555556,58.30555555555556,1.4458506944444445,33948.3851,2.88,9.96,11,C11,cluster_11_mild_normal_humidity_normal_wind
2020-01-13,-3.2,4.91,0.6577777777777778,66.53993055555556,1.0231597222222222,15783.0214,2.88,8.11,11,C11,cluster_11_mild_normal_humidity_normal_wind
2020-01-14,-5.66,4.9,-0.8388888888888889,71.46701388888889,1.456041666666667,66468.4292,2.88,10.56,0,C00,cluster_00_mild_normal_humidity_normal_wind
2020-01-15,-4.4,4.87,-0.2205902777777778,63.29166666666666,1.20765625,73332.2346,2.88,9.27,0,C00,cluster_00_mild_normal_humidity_normal_wind
2020-01-16,-3.81,5.07,0.63671875,60.52430555555556,1.1128298611111112,50613.8871,2.88,8.88,0,C00,cluster_00_mild_normal_humidity_normal_wind
2020-01-17,0.74,2.88,1.9139236111111115,75.24652777777777,2.867378472222222,31586.7151,7.847083333333334,2.14,3,C03,cluster_03_mild_humid_normal_wind
2020-01-18,-0.46,4.17,1.959618055555556,83.24131944444444,2.0870312500000003,22560.79,7.528749999999999,4.63,3,C03,cluster_03_mild_humid_normal_wind
2020-01-19,-1.6783,1.47,0.3562326388888889,93.24131944444444,1.531736111111111,23347.2598,11.04,3.1483,3,C03,cluster_03_mild_humid_normal_wind
2020-01-20,-7.17,1.69,-2.068784722222222,81.23784722222223,1.6165277777777778,70897.5466,11.04,8.86,4,C04,cluster_04_cold_normal_humidity_normal_wind
2020-01-21,-8.46,1.53,-2.973680555555555,75.85590277777777,0.8583506944444445,61738.6427,11.04,9.99,4,C04,cluster_04_cold_normal_humidity_normal_wind
2020-01-22,-3.88,2.12,-0.6577777777777778,85.85069444444444,2.624079861111112,13835.8916,11.04,6.0,3,C03,cluster_03_mild_humid_normal_wind
2020-01-23,-2.7675,1.35,-0.7254166666666666,84.97048611111111,1.315763888888889,40877.5838,11.04,4.1175,3,C03,cluster_03_mild_humid_normal_wind
2020-01-24,-3.88,4.37,0.0233333333333333,67.83333333333333,0.6180555555555556,29593.1067,11.04,8.25,11,C11,cluster_11_mild_normal_humidity_normal_wind
2020-01-25,-6.0217,2.85,-1.7740972222222222,70.79513888888889,1.3238194444444444,65577.0971,11.04,8.8717,4,C04,cluster_04_cold_normal_humidity_normal_wind
2020-01-26,-7.91,3.39,-2.5287326388888887,61.69965277777778,0.9475520833333332,73199.1494,11.04,11.3,4,C04,cluster_04_cold_normal_humidity_normal_wind
2020-01-27,-6.8,4.47,-2.0502777777777776,65.37152777777777,0.6351909722222222,71716.765,11.04,11.27,4,C04,cluster_04_cold_normal_humidity_normal_wind
2020-01-28,-7.11,4.32,-1.21453125,61.69618055555556,0.9927256944444444,65810.0865,11.04,11.43,4,C04,cluster_04_cold_normal_humidity_normal_wind
2020-01-29,-3.7,5.35,0.9861458333333332,63.23784722222222,0.6485763888888889,13840.7785,11.04,9.05,11,C11,cluster_11_mild_normal_humidity_normal_wind
2020-01-30,-1.17,6.97,2.0230729166666666,62.880208333333336,1.0922916666666669,73114.7446,11.04,8.14,4,C04,cluster_04_cold_normal_humidity_normal_wind
2020-01-31,-1.53,8.11,3.64765625,56.779513888888886,1.699184027777778,35871.3637,11.04,9.64,11,C11,cluster_11_mild_normal_humidity_normal_wind
2020-02-01,-1.8492,5.8,1.8525,65.53298611111111,2.762118055555556,34484.0171,24.300833333333333,7.649199999999999,9,C09,cluster_09_cold_normal_humidity_normal_wind
2020-02-02,-8.08,3.41,-1.587482638888889,67.84375,2.061701388888889,67826.3945,33.6,11.49,9,C09,cluster_09_cold_normal_humidity_normal_wind
2020-02-03,-8.29,4.62,-1.27,58.99305555555556,0.8020833333333334,73318.416,33.6,12.91,9,C09,cluster_09_cold_normal_humidity_normal_wind
2020-02-04,-2.58,7.65,3.350902777777778,58.56423611111112,1.3793229166666667,41370.2688,28.55166666666667,10.23,9,C09,cluster_09_cold_normal_humidity_normal_wind
2020-02-05,1.71,8.77,4.895173611111111,67.05902777777777,1.739392361111111,50223.0941,3.84,7.06,11,C11,cluster_11_mild_normal_humidity_normal_wind
2020-02-06,0.78,12.17,5.989913194444444,51.342013888888886,1.0465277777777775,73335.6892,3.84,11.39,0,C00,cluster_00_mild_normal_humidity_normal_wind
2020-02-07,2.45,13.53,8.499270833333334,53.203125,2.789652777777777,61690.1404,3.84,11.079999999999998,7,C07,cluster_07_mild_normal_humidity_normal_wind
2020-02-08,2.5942,12.96,8.233420138888889,58.060763888888886,2.977326388888889,41874.0353,5.1325,10.3658,7,C07,cluster_07_mild_normal_humidity_normal_wind
2020-02-09,-3.1633,7.15,3.0128298611111117,54.529513888888886,2.890815972222222,44580.0836,5.215,10.3133,7,C07,cluster_07_mild_normal_humidity_normal_wind
2020-02-10,-6.4533,1.5,-2.878923611111111,70.24652777777777,1.3368576388888889,17289.4269,5.28,7.9533,11,C11,cluster_11_mild_normal_humidity_normal_wind
2020-02-11,-15.96,-5.74,-8.539913194444445,75.40972222222223,2.9014583333333333,23841.7236,5.28,10.22,3,C03,cluster_03_mild_humid_normal_wind
2020-02-12,-15.8,-1.35,-6.150763888888889,48.645833333333336,1.3865625,71195.0946,5.28,14.45,4,C04,cluster_04_cold_normal_humidity_normal_wind
2020-02-13,-4.08,7.33,3.431458333333333,62.984375,1.9721875,37453.8193,4.78875,11.41,11,C11,cluster_11_mild_normal_humidity_normal_wind
2020-02-14,-7.63,7.28,1.0135243055555554,69.44965277777777,2.4073611111111117,49217.9712,3.730833333333333,14.91,7,C07,cluster_07_mild_normal_humidity_normal_wind
2020-02-15,-8.13,5.61,-0.5682465277777777,51.9375,2.586059027777777,30499.345,2.64,13.740000000000002,7,C07,cluster_07_mild_normal_humidity_normal_wind
2020-02-16,-1.93,8.24,3.3269444444444445,54.171875,2.2181944444444444,18375.2209,2.7845833333333334,10.17,11,C11,cluster_11_mild_normal_humidity_normal_wind
2020-02-17,-2.22,4.25,1.9259027777777775,73.84375,1.0842708333333333,27308.7924,6.082916666666667,6.470000000000001,11,C11,cluster_11_mild_normal_humidity_normal_wind
2020-02-18,-3.07,10.7,4.340138888888889,68.80902777777777,1.1597569444444444,71069.91100000001,4.08,13.77,0,C00,cluster_00_mild_normal_humidity_normal_wind
2020-02-19,4.05,8.67,6.1476041666666665,70.89409722222223,2.8949131944444444,12310.4736,5.2875,4.62,3,C03,cluster_03_mild_humid_normal_wind
2020-02-20,1.73,5.71,3.0843055555555554,89.02951388888889,1.4980555555555557,13453.6077,14.259583333333332,3.98,3,C03,cluster_03_mild_humid_normal_wind
2020-02-21,1.11,12.01,5.942708333333333,75.98611111111111,1.4321701388888888,55041.8315,2.88,10.9,0,C00,cluster_00_mild_normal_humidity_normal_wind
2020-02-22,2.72,11.87,7.343281249999999,71.89409722222223,1.622048611111111,49859.5973,3.913333333333333,9.15,11,C11,cluster_11_mild_normal_humidity_normal_wind
2020-02-23,4.7,12.47,8.370017361111111,65.02256944444444,1.1279340277777778,63131.8557,6.72,7.77,0,C00,cluster_00_mild_normal_humidity_normal_wind
2020-02-24,5.09,13.43,9.647135416666666,68.68402777777777,2.135,12232.9783,7.970000000000001,8.34,3,C03,cluster_03_mild_humid_normal_wind
2020-02-25,3.2867,8.44,6.927065972222222,90.64756944444444,2.584513888888889,12222.6145,39.77583333333334,5.1533,9,C09,cluster_09_cold_normal_humidity_normal_wind
2020-02-26,-3.365,3.26,0.6880381944444445,82.93055555555556,2.94140625,20216.011,21.619166666666665,6.625,3,C03,cluster_03_mild_humid_normal_wind
2020-02-27,-4.13,9.45,3.1449131944444444,60.59027777777778,1.0126215277777777,73122.6909,3.84,13.579999999999998,0,C00,cluster_00_mild_normal_humidity_normal_wind
2020-02-28,0.69,11.07,6.073072916666667,57.796875,1.1467013888888888,16126.9388,3.84,10.38,11,C11,cluster_11_mild_normal_humidity_normal_wind
2020-02-29,2.3,14.75,8.860833333333334,53.421875,1.78921875,71304.2721,4.085833333333333,12.45,0,C00,cluster_00_mild_normal_humidity_normal_wind
2020-03-01,4.7708,14.24,9.47862847222222,65.52083333333333,2.4034548611111117,46687.6818,9.32125,9.4692,7,C07,cluster_07_mild_normal_humidity_normal_wind
2020-03-02,0.27,4.82,2.346701388888889,79.79513888888889,3.056857638888889,32301.721,13.0325,4.550000000000001,3,C03,cluster_03_mild_humid_normal_wind
2020-03-03,-2.0033,6.4,2.355798611111111,74.06770833333333,3.464565972222222,47533.5749,6.96,8.4033,7,C07,cluster_07_mild_normal_humidity_normal_wind
2020-03-04,-2.06,11.73,4.099270833333333,59.05381944444444,1.462013888888889,73332.2346,6.96,13.79,0,C00,cluster_00_mild_normal_humidity_normal_wind
2020-03-05,-1.57,13.83,6.003055555555556,49.375,0.6836458333333333,73314.9614,6.96,15.4,0,C00,cluster_00_mild_normal_humidity_normal_wind
2020-03-06,1.63,15.43,8.134878472222221,45.07118055555556,0.7771354166666666,28123.4445,6.96,13.8,11,C11,cluster_11_mild_normal_humidity_normal_wind
2020-03-07,3.58,13.33,8.606527777777778,53.91493055555556,1.9552083333333332,12779.8598,6.96,9.75,11,C11,cluster_11_mild_normal_humidity_normal_wind
2020-03-08,0.1658,14.47,7.061388888888889,61.64409722222222,1.9007638888888887,62894.101,4.1775,14.3042,0,C00,cluster_00_mild_normal_humidity_normal_wind
2020-03-09,-2.06,14.88,6.085798611111112,46.86979166666666,1.4340277777777777,72989.9841,2.64,16.94,0,C00,cluster_00_mild_normal_humidity_normal_wind
2020-03-10,0.84,14.95,7.767795138888889,38.96006944444444,0.6164409722222222,67211.7297,2.64,14.11,0,C00,cluster_00_mild_normal_humidity_normal_wind
2020-03-11,3.67,16.56,9.852517361111111,44.395833333333336,0.6143402777777778,60832.3893,2.64,12.89,0,C00,cluster_00_mild_normal_humidity_normal_wind
2020-03-12,5.13,19.39,11.624409722222222,47.53819444444444,1.1734722222222222,37802.2984,2.64,14.260000000000002,6,C06,cluster_06_warm_normal_humidity_normal_wind
2020-03-13,7.02,18.65,13.431319444444444,48.14756944444444,1.4020486111111112,13493.6575,3.37875,11.63,6,C06,cluster_06_warm_normal_humidity_normal_wind
2020-03-14,7.6,15.63,12.176232638888887,51.51215277777778,2.572204861111111,22181.7502,6.317916666666667,8.030000000000001,6,C06,cluster_06_warm_normal_humidity_normal_wind
2020-03-15,6.19,16.39,10.987881944444446,60.13715277777778,1.0679166666666666,30836.4745,10.32,10.2,11,C11,cluster_11_mild_normal_humidity_normal_wind
2020-03-16,7.4,16.66,12.1515625,59.59722222222222,0.7288541666666667,32822.1606,10.32,9.26,11,C11,cluster_11_mild_normal_humidity_normal_wind
2020-03-17,6.95,18.38,12.436180555555556,57.16493055555556,1.54390625,46848.247,8.59875,11.43,8,C08,cluster_08_warm_normal_humidity_normal_wind
2020-03-18,5.55,15.74,11.246961805555555,73.59201388888889,2.677309027777778,12439.8654,7.284583333333334,10.19,3,C03,cluster_03_mild_humid_normal_wind
2020-03-19,5.8,13.95,10.260642361111111,63.30034722222222,1.0723958333333334,41334.9003,7.259583333333334,8.149999999999999,11,C11,cluster_11_mild_normal_humidity_normal_wind
2020-03-20,5.69,15.8,10.252690972222222,47.90972222222222,1.0001736111111112,62342.8473,5.76,10.11,0,C00,cluster_00_mild_normal_humidity_normal_wind
2020-03-21,3.8717,11.63,8.179305555555555,59.078125,1.278576388888889,21875.4563,4.455,7.7583,11,C11,cluster_11_mild_normal_humidity_normal_wind
2020-03-22,2.5733,8.6,5.206128472222222,77.54166666666667,2.6488541666666667,12445.1786,11.164583333333333,6.0267,3,C03,cluster_03_mild_humid_normal_wind
2020-03-23,2.41,8.76,5.553194444444444,74.59895833333333,3.457621527777777,13653.6756,3.12,6.35,3,C03,cluster_03_mild_humid_normal_wind
2020-03-24,3.21,13.3,7.68171875,74.56423611111111,2.1967881944444443,51969.3903,3.12,10.09,7,C07,cluster_07_mild_normal_humidity_normal_wind
2020-03-25,3.45,15.01,8.765399305555555,70.21527777777777,1.2853125,34181.8362,3.1320833333333336,11.56,11,C11,cluster_11_mild_normal_humidity_normal_wind
2020-03-26,5.46,12.05,8.037569444444445,73.09375,0.6533680555555555,26085.7594,4.100833333333333,6.590000000000001,11,C11,cluster_11_mild_normal_humidity_normal_wind
2020-03-27,4.92,14.52,9.795850694444445,71.34201388888889,1.7718402777777778,33920.4208,4.19,9.6,11,C11,cluster_11_mild_normal_humidity_normal_wind
2020-03-28,6.56,15.1,11.228784722222224,71.78819444444444,2.66671875,16028.4661,3.9270833333333335,8.54,3,C03,cluster_03_mild_humid_normal_wind
2020-03-29,5.44,10.7,8.764409722222222,82.22222222222223,2.0025694444444446,23375.5076,9.864583333333334,5.259999999999999,3,C03,cluster_03_mild_humid_normal_wind
2020-03-30,2.99,11.64,7.007291666666666,69.67881944444444,0.8264236111111111,32060.5617,6.000416666666666,8.65,11,C11,cluster_11_mild_normal_humidity_normal_wind
2020-03-31,3.09,14.51,9.119583333333331,54.80381944444444,2.2871875,59490.9748,6.0,11.42,7,C07,cluster_07_mild_normal_humidity_normal_wind
2020-04-01,6.12,14.58,9.850972222222222,69.68923611111111,1.9409548611111112,21573.2843,9.14125,8.46,3,C03,cluster_03_mild_humid_normal_wind
2020-04-02,7.93,15.95,11.848576388888889,68.609375,1.979930555555556,37685.0547,11.099583333333332,8.02,3,C03,cluster_03_mild_humid_normal_wind
2020-04-03,7.47,17.29,12.089600694444444,53.828125,0.7889756944444444,32746.2603,7.780833333333334,9.82,11,C11,cluster_11_mild_normal_humidity_normal_wind
2020-04-04,3.87,14.88,9.76407986111111,65.47916666666667,1.0759895833333333,37627.7307,9.663333333333334,11.010000000000002,11,C11,cluster_11_mild_normal_humidity_normal_wind
2020-04-05,3.75,15.23,9.432534722222222,62.92361111111112,2.714652777777778,69775.2562,3.12,11.48,7,C07,cluster_07_mild_normal_humidity_normal_wind
2020-04-06,5.53,19.87,13.328680555555556,57.99305555555556,0.9656770833333334,36206.8408,3.54875,14.34,6,C06,cluster_06_warm_normal_humidity_normal_wind
2020-04-07,2.8558,9.89,6.058055555555556,91.21701388888889,2.062951388888889,12442.1665,14.160833333333334,7.0342,3,C03,cluster_03_mild_humid_normal_wind
2020-04-08,1.37,7.86,3.7937152777777774,76.71180555555556,2.558854166666667,17367.287,5.42625,6.49,3,C03,cluster_03_mild_humid_normal_wind
2020-04-09,2.15,4.97,3.656024305555556,88.29513888888889,3.441684027777778,12415.6829,16.145416666666666,2.82,3,C03,cluster_03_mild_humid_normal_wind
2020-04-10,3.84,9.95,6.875954861111111,84.74652777777777,2.8135937500000003,27458.8527,11.154166666666669,6.109999999999999,3,C03,cluster_03_mild_humid_normal_wind
2020-04-11,4.67,12.64,8.254409722222222,80.37673611111111,1.4613020833333334,35465.4496,10.385833333333332,7.970000000000001,11,C11,cluster_11_mild_normal_humidity_normal_wind
2020-04-12,4.95,13.91,9.54644097222222,63.78125,1.0416493055555556,42477.7729,8.44625,8.96,11,C11,cluster_11_mild_normal_humidity_normal_wind
2020-04-13,1.1808,12.89,7.1028125,74.91319444444444,2.191527777777777,44926.2783,4.7775,11.7092,7,C07,cluster_07_mild_normal_humidity_normal_wind
2020-04-14,0.16,14.35,7.783541666666666,63.26041666666666,1.1835416666666667,69033.4092,6.0,14.19,0,C00,cluster_00_mild_normal_humidity_normal_wind
2020-04-15,2.74,16.07,10.096545138888889,68.41493055555556,1.8976909722222224,62209.9397,4.5633333333333335,13.33,0,C00,cluster_00_mild_normal_humidity_normal_wind
2020-04-16,5.31,18.31,12.90765625,61.520833333333336,1.0852256944444445,65788.4179,4.08,13.0,0,C00,cluster_00_mild_normal_humidity_normal_wind
2020-04-17,6.6675,18.1,12.643385416666668,62.81597222222222,1.3642881944444445,31008.2675,5.045833333333333,11.4325,11,C11,cluster_11_mild_normal_humidity_normal_wind
2020-04-18,6.46,18.39,12.693211805555556,69.10416666666667,0.7809722222222222,33793.4431,6.48,11.93,11,C11,cluster_11_mild_normal_humidity_normal_wind
2020-04-19,8.14,18.94,13.782881944444444,65.68229166666667,0.8158159722222222,62616.8469,6.279583333333333,10.8,0,C00,cluster_00_mild_normal_humidity_normal_wind
2020-04-20,9.26,21.57,15.436631944444445,65.00347222222223,1.0365798611111112,49503.8553,8.597083333333334,12.31,8,C08,cluster_08_warm_normal_humidity_normal_wind
2020-04-21,10.77,23.11,16.839809027777775,54.02256944444444,0.9766493055555556,67151.9785,8.4,12.34,5,C05,cluster_05_warm_normal_humidity_normal_wind
2020-04-22,12.05,23.45,17.630625,49.51736111111112,1.454079861111111,37255.5483,8.4,11.4,6,C06,cluster_06_warm_normal_humidity_normal_wind
2020-04-23,11.0083,18.53,13.811006944444443,70.23784722222223,1.464982638888889,21192.7959,13.814583333333331,7.521700000000001,3,C03,cluster_03_mild_humid_normal_wind
2020-04-24,10.15,20.47,15.0534375,68.89930555555556,1.7319618055555557,24652.3926,13.514583333333334,10.32,8,C08,cluster_08_warm_normal_humidity_normal_wind
2020-04-25,11.88,21.68,16.53456597222222,61.82291666666666,2.931128472222222,24136.7287,9.663333333333334,9.8,6,C06,cluster_06_warm_normal_humidity_normal_wind
2020-04-26,8.105,15.6,12.772447916666668,78.75520833333333,2.264236111111112,17044.9604,14.862083333333333,7.494999999999999,3,C03,cluster_03_mild_humid_normal_wind
2020-04-27,6.95,17.98,12.86376736111111,57.27604166666666,1.59859375,59672.3283,3.388333333333333,11.03,0,C00,cluster_00_mild_normal_humidity_normal_wind
2020-04-28,7.96,17.46,13.173385416666669,54.80381944444444,0.9358854166666668,40374.1318,4.392916666666667,9.5,11,C11,cluster_11_mild_normal_humidity_normal_wind
2020-04-29,7.73,17.48,13.031788194444443,65.86284722222223,1.0082638888888888,19650.9633,7.693333333333332,9.75,11,C11,cluster_11_mild_normal_humidity_normal_wind
2020-04-30,7.2525,17.08,12.343159722222222,80.37673611111111,1.1803472222222222,35289.3391,10.255416666666669,9.827499999999995,11,C11,cluster_11_mild_normal_humidity_normal_wind
2020-05-01,7.22,20.83,15.339496527777776,61.286458333333336,0.8910590277777778,46790.8154,6.370000000000001,13.61,5,C05,cluster_05_warm_normal_humidity_normal_wind
2020-05-02,9.9358,17.32,14.076840277777778,67.19270833333333,1.2086979166666667,28618.5626,11.496666666666666,7.3842,11,C11,cluster_11_mild_normal_humidity_normal_wind
2020-05-03,9.4958,18.06,13.7225,68.328125,1.2286979166666667,36628.228,7.092499999999999,8.5642,11,C11,cluster_11_mild_normal_humidity_normal_wind
2020-05-04,9.42,23.41,17.442118055555554,47.661458333333336,1.148767361111111,64866.05,3.36,13.99,5,C05,cluster_05_warm_normal_humidity_normal_wind
2020-05-05,12.79,23.08,19.028072916666662,50.18055555555556,1.879375,18008.4903,3.2216666666666662,10.29,6,C06,cluster_06_warm_normal_humidity_normal_wind
2020-05-06,10.0442,21.8,16.930694444444445,61.06423611111112,3.107170138888889,29890.2014,14.443333333333335,11.7558,8,C08,cluster_08_warm_normal_humidity_normal_wind
2020-05-07,9.78,18.14,13.577413194444444,57.614583333333336,2.1098958333333333,52237.7319,3.68125,8.360000000000001,7,C07,cluster_07_mild_normal_humidity_normal_wind
2020-05-08,9.72,23.25,16.278576388888887,52.19791666666666,2.090329861111111,73256.14170000001,2.64,13.53,5,C05,cluster_05_warm_normal_humidity_normal_wind
2020-05-09,11.37,24.24,19.400972222222222,45.96875,1.7509201388888889,63991.0723,2.704166666666667,12.87,5,C05,cluster_05_warm_normal_humidity_normal_wind
2020-05-10,12.35,25.89,20.05578125,42.888888888888886,3.345763888888889,51967.0508,8.915416666666665,13.54,2,C02,cluster_02_hot_dry_normal_wind
2020-05-11,8.4508,21.7,15.785486111111112,49.08159722222222,2.611284722222222,71282.3133,11.52,13.2492,8,C08,cluster_08_warm_normal_humidity_normal_wind
2020-05-12,6.5717,17.84,12.484930555555556,59.86805555555556,3.775694444444445,71310.2059,11.52,11.2683,7,C07,cluster_07_mild_normal_humidity_normal_wind
2020-05-13,6.33,24.38,16.492673611111112,46.34722222222222,1.88546875,73171.7371,11.52,18.05,5,C05,cluster_05_warm_normal_humidity_normal_wind
2020-05-14,9.46,22.89,15.743819444444446,59.60069444444444,2.071614583333333,63975.418,11.52,13.43,8,C08,cluster_08_warm_normal_humidity_normal_wind
2020-05-15,9.88,22.86,16.584166666666665,55.05555555555556,0.8331770833333334,70871.6631,11.52,12.98,8,C08,cluster_08_warm_normal_humidity_normal_wind
2020-05-16,11.42,26.6,19.281336805555554,46.97916666666666,1.2285416666666666,70484.0087,11.52,15.18,5,C05,cluster_05_warm_normal_humidity_normal_wind
2020-05-17,12.0317,26.09,19.2990625,55.795138888888886,2.4512847222222223,55737.3948,11.52,14.0583,8,C08,cluster_08_warm_normal_humidity_normal_wind
2020-05-18,11.74,25.61,18.80796875,61.02604166666666,1.2543055555555556,43142.257,10.482916666666666,13.87,8,C08,cluster_08_warm_normal_humidity_normal_wind
2020-05-19,14.28,25.62,19.76289930555556,59.22048611111112,1.2586284722222223,34552.3558,8.422916666666667,11.340000000000002,6,C06,cluster_06_warm_normal_humidity_normal_wind
2020-05-20,12.7325,19.98,15.930833333333332,76.65625,1.5172222222222222,40517.1953,6.1745833333333335,7.2475,11,C11,cluster_11_mild_normal_humidity_normal_wind
2020-05-21,12.6,25.63,19.16921875,60.546875,1.4601562499999998,70421.2381,2.64,13.03,5,C05,cluster_05_warm_normal_humidity_normal_wind
2020-05-22,15.22,29.3,22.473003472222224,45.66840277777778,1.34859375,64574.4902,2.64,14.08,5,C05,cluster_05_warm_normal_humidity_normal_wind
2020-05-23,16.25,30.75,23.382447916666667,37.68923611111112,0.8672916666666667,62906.2683,2.64,14.5,5,C05,cluster_05_warm_normal_humidity_normal_wind
2020-05-24,15.3017,30.77,22.62592013888889,35.583333333333336,1.756597222222222,52526.2888,2.64,15.4683,10,C10,cluster_10_hot_dry_normal_wind
2020-05-25,13.71,31.6,23.57932291666667,36.45486111111112,2.1470659722222223,62579.2137,5.19375,17.89,10,C10,cluster_10_hot_dry_normal_wind
2020-05-26,16.19,33.54,24.813888888888886,34.18055555555556,1.3660243055555557,46759.2786,9.12,17.349999999999998,10,C10,cluster_10_hot_dry_normal_wind
2020-05-27,16.45,32.46,24.83407986111111,31.28125,1.1596006944444444,40558.7129,9.12,16.01,10,C10,cluster_10_hot_dry_normal_wind
2020-05-28,19.21,31.95,25.402170138888888,29.08680555555556,1.2613715277777775,48887.0037,9.12,12.739999999999998,10,C10,cluster_10_hot_dry_normal_wind
2020-05-29,18.61,33.09,26.900850694444443,26.22743055555556,1.8756076388888887,51564.4848,9.12,14.480000000000004,10,C10,cluster_10_hot_dry_normal_wind
2020-05-30,19.57,33.47,26.9740625,25.87847222222222,1.3660590277777778,53237.2534,6.492083333333333,13.9,10,C10,cluster_10_hot_dry_normal_wind
2020-05-31,17.2608,33.2,25.20324652777778,21.265625,1.405520833333333,57681.5483,5.04,15.939200000000003,10,C10,cluster_10_hot_dry_normal_wind
2020-06-01,16.96,33.24,25.983871527777776,16.171875,1.2721527777777777,72855.8853,5.04,16.28,10,C10,cluster_10_hot_dry_normal_wind
2020-06-02,20.24,33.23,25.909305555555555,26.90798611111111,2.2073784722222225,26711.9608,5.04,12.989999999999998,6,C06,cluster_06_warm_normal_humidity_normal_wind
2020-06-03,19.2708,34.79,27.58736111111111,22.647569444444443,2.369409722222222,65657.54550000001,5.04,15.519199999999998,10,C10,cluster_10_hot_dry_normal_wind
2020-06-04,19.21,34.23,27.1284375,21.41493055555556,1.1850520833333331,70266.9,5.04,15.019999999999996,10,C10,cluster_10_hot_dry_normal_wind
2020-06-05,16.3683,33.51,26.17697916666667,24.34722222222222,2.815451388888889,71591.7294,5.04,17.141699999999997,2,C02,cluster_02_hot_dry_normal_wind
2020-06-06,12.555,28.96,21.246631944444445,45.61111111111112,3.768732638888889,71440.3381,5.04,16.405,2,C02,cluster_02_hot_dry_normal_wind
2020-06-07,12.51,27.68,19.83581597222222,44.76041666666666,3.075746527777778,73268.4182,5.04,15.17,2,C02,cluster_02_hot_dry_normal_wind
2020-06-08,13.12,29.38,21.969982638888887,36.560763888888886,1.529496527777778,68077.5183,5.04,16.259999999999998,5,C05,cluster_05_warm_normal_humidity_normal_wind
2020-06-09,16.22,31.43,24.16513888888889,31.33333333333333,2.1653125,53926.3117,5.04,15.21,10,C10,cluster_10_hot_dry_normal_wind
2020-06-10,17.59,31.84,25.0815625,31.22395833333333,2.166440972222222,55040.6736,5.04,14.25,10,C10,cluster_10_hot_dry_normal_wind
2020-06-11,18.24,32.7,25.633003472222224,24.788194444444443,1.287829861111111,58643.0421,5.04,14.460000000000004,10,C10,cluster_10_hot_dry_normal_wind
2020-06-12,18.7,33.18,26.495381944444446,23.05034722222222,3.313142361111111,55557.3302,5.04,14.48,2,C02,cluster_02_hot_dry_normal_wind
2020-06-13,18.59,33.8,25.864895833333332,18.67534722222222,1.323263888888889,73335.6892,5.04,15.209999999999996,10,C10,cluster_10_hot_dry_normal_wind
2020-06-14,19.5067,33.36,26.935885416666665,17.04340277777778,1.803836805555556,73335.6892,5.04,13.8533,10,C10,cluster_10_hot_dry_normal_wind
2020-06-15,17.5708,33.4,25.797118055555558,27.54513888888889,2.7137673611111115,65195.4389,5.04,15.8292,2,C02,cluster_02_hot_dry_normal_wind
2020-06-16,17.3,33.95,26.144704861111112,29.109375,2.32828125,65906.819,5.04,16.650000000000002,10,C10,cluster_10_hot_dry_normal_wind
2020-06-17,18.14,34.4,27.220972222222223,26.77430555555556,1.367326388888889,63669.4868,5.04,16.259999999999998,10,C10,cluster_10_hot_dry_normal_wind
2020-06-18,19.27,35.26,27.268159722222222,27.36111111111111,1.9329166666666664,71244.3972,5.04,15.989999999999998,10,C10,cluster_10_hot_dry_normal_wind
2020-06-19,20.46,36.37,28.75520833333333,23.41840277777778,3.041024305555556,73189.9622,5.04,15.909999999999997,2,C02,cluster_02_hot_dry_normal_wind
2020-06-20,19.94,36.6,28.45145833333333,18.265625,2.2839930555555554,72745.9086,5.04,16.66,10,C10,cluster_10_hot_dry_normal_wind
2020-06-21,17.4433,32.35,25.038715277777776,24.600694444444443,3.058888888888889,60893.1774,5.04,14.9067,2,C02,cluster_02_hot_dry_normal_wind
2020-06-22,15.71,29.43,23.119930555555555,40.29166666666666,3.2649305555555554,70822.398,5.04,13.72,2,C02,cluster_02_hot_dry_normal_wind
2020-06-23,15.55,31.76,24.146892361111117,38.34375,2.0463541666666667,73189.9622,5.04,16.21,10,C10,cluster_10_hot_dry_normal_wind
2020-06-24,16.96,33.77,26.98248263888889,30.67013888888889,2.836527777777777,73335.6892,5.04,16.810000000000002,2,C02,cluster_02_hot_dry_normal_wind
2020-06-25,18.7083,37.36,28.709565972222222,27.65625,2.5419270833333334,73328.7802,5.04,18.6517,2,C02,cluster_02_hot_dry_normal_wind
2020-06-26,16.63,31.86,23.691197916666667,44.47048611111112,3.0562847222222222,73247.8295,5.04,15.23,2,C02,cluster_02_hot_dry_normal_wind
2020-06-27,15.7333,30.48,22.64887152777778,46.48784722222222,2.2527256944444445,68197.5074,5.04,14.7467,2,C02,cluster_02_hot_dry_normal_wind
2020-06-28,15.71,31.42,23.47576388888889,42.93055555555556,3.0301388888888887,71886.2579,5.04,15.71,2,C02,cluster_02_hot_dry_normal_wind
2020-06-29,15.61,29.66,22.221944444444446,44.65972222222222,2.871753472222222,68502.0285,5.04,14.05,2,C02,cluster_02_hot_dry_normal_wind
2020-06-30,16.05,31.52,24.416163194444447,37.41493055555556,1.4561284722222223,62864.2669,5.04,15.47,10,C10,cluster_10_hot_dry_normal_wind
2020-07-01,17.25,32.26,24.180625000000003,38.1875,2.5342534722222223,56049.439,4.3525,15.009999999999998,2,C02,cluster_02_hot_dry_normal_wind
2020-07-02,15.7358,30.56,23.188038194444445,42.28472222222222,2.5140451388888887,58900.3238,5.065833333333334,14.8242,2,C02,cluster_02_hot_dry_normal_wind
2020-07-03,15.45,33.14,24.533767361111117,43.45486111111112,2.478958333333333,66092.0311,6.0,17.69,2,C02,cluster_02_hot_dry_normal_wind
2020-07-04,17.96,33.46,25.741770833333334,42.60590277777778,1.9840277777777775,67728.5406,6.0,15.5,10,C10,cluster_10_hot_dry_normal_wind
2020-07-05,19.0,31.04,25.17505208333333,44.435763888888886,1.8341319444444448,50564.6176,6.0,12.04,10,C10,cluster_10_hot_dry_normal_wind
2020-07-06,17.81,30.54,24.43869791666667,39.72569444444444,1.700295138888889,57549.7582,6.0,12.73,10,C10,cluster_10_hot_dry_normal_wind
2020-07-07,17.9,32.8,25.790746527777777,32.48090277777778,1.7067534722222222,58137.1247,6.0,14.9,10,C10,cluster_10_hot_dry_normal_wind
2020-07-08,20.95,34.94,28.163576388888888,26.21527777777778,1.6734722222222222,67850.2486,6.0,13.989999999999998,10,C10,cluster_10_hot_dry_normal_wind
2020-07-09,21.2,35.73,28.96079861111111,34.30555555555556,1.6922569444444444,58782.0549,6.0,14.529999999999998,10,C10,cluster_10_hot_dry_normal_wind
2020-07-10,20.1175,34.83,27.446701388888886,38.71354166666666,1.74453125,68794.262,6.0,14.7125,10,C10,cluster_10_hot_dry_normal_wind
2020-07-11,18.655,33.21,25.65442708333333,40.81944444444444,2.036128472222222,44769.1331,6.0,14.555,10,C10,cluster_10_hot_dry_normal_wind
2020-07-12,17.68,31.72,24.993506944444444,44.192708333333336,2.415833333333333,38499.8672,6.807500000000001,14.04,6,C06,cluster_06_warm_normal_humidity_normal_wind
2020-07-13,19.43,31.62,25.12831597222222,41.36805555555556,1.5864583333333333,46983.9201,7.440000000000001,12.19,10,C10,cluster_10_hot_dry_normal_wind
2020-07-14,18.8667,31.57,25.231197916666662,43.83506944444444,2.00390625,55854.3088,7.440000000000001,12.7033,10,C10,cluster_10_hot_dry_normal_wind
2020-07-15,18.33,32.56,25.13626736111111,47.89409722222222,2.526145833333333,63829.8805,7.440000000000001,14.230000000000004,2,C02,cluster_02_hot_dry_normal_wind
2020-07-16,17.39,31.96,24.230659722222224,49.58680555555556,2.232621527777778,65113.5177,7.440000000000001,14.57,2,C02,cluster_02_hot_dry_normal_wind
2020-07-17,17.81,33.28,25.930225694444445,38.21527777777778,1.0918055555555557,72003.7078,7.440000000000001,15.470000000000002,10,C10,cluster_10_hot_dry_normal_wind
2020-07-18,20.06,35.43,28.862152777777776,28.28993055555556,1.3211631944444444,68910.6177,7.440000000000001,15.37,10,C10,cluster_10_hot_dry_normal_wind
2020-07-19,23.68,36.98,30.73810763888889,25.359375,1.5687152777777778,66988.3991,7.440000000000001,13.299999999999995,10,C10,cluster_10_hot_dry_normal_wind
2020-07-20,24.39,37.0,30.598385416666662,25.35590277777778,2.23734375,70526.868,7.440000000000001,12.61,10,C10,cluster_10_hot_dry_normal_wind
2020-07-21,24.07,36.38,30.07984375,22.75347222222222,2.6356597222222224,73335.6892,7.440000000000001,12.310000000000002,2,C02,cluster_02_hot_dry_normal_wind
2020-07-22,21.8642,37.7,30.09199652777778,20.79340277777778,2.237534722222222,67436.4221,7.440000000000001,15.835800000000004,10,C10,cluster_10_hot_dry_normal_wind
2020-07-23,19.61,34.39,27.138541666666665,34.229166666666664,2.3000868055555554,60615.5316,9.617083333333332,14.78,10,C10,cluster_10_hot_dry_normal_wind
2020-07-24,19.8,34.44,27.57670138888889,35.64409722222222,1.5396006944444445,51904.3579,7.154999999999999,14.639999999999995,10,C10,cluster_10_hot_dry_normal_wind
2020-07-25,22.5,37.15,29.578923611111108,28.76388888888889,1.388940972222222,55687.8384,3.36,14.65,10,C10,cluster_10_hot_dry_normal_wind
2020-07-26,25.2,37.61,30.924444444444443,24.375,1.5296527777777778,61229.3816,3.36,12.41,10,C10,cluster_10_hot_dry_normal_wind
2020-07-27,22.51,38.43,31.10380208333333,22.32465277777778,1.73421875,68718.6311,3.36,15.919999999999998,10,C10,cluster_10_hot_dry_normal_wind
2020-07-28,21.84,38.46,30.653715277777778,31.491319444444443,1.955555555555556,65194.4751,3.36,16.62,10,C10,cluster_10_hot_dry_normal_wind
2020-07-29,22.81,39.07,30.706041666666668,30.10243055555556,2.0209375,63634.6906,3.36,16.26,10,C10,cluster_10_hot_dry_normal_wind
2020-07-30,18.4358,33.96,26.582586805555557,45.3125,2.804305555555556,61851.989,4.512083333333333,15.5242,2,C02,cluster_02_hot_dry_normal_wind
2020-07-31,18.37,32.35,24.714704861111112,50.53819444444444,1.9015972222222224,58517.6808,8.75,13.98,10,C10,cluster_10_hot_dry_normal_wind
2020-08-01,18.67,32.88,26.85611111111111,41.61284722222222,2.961111111111111,68036.5872,10.8,14.21,2,C02,cluster_02_hot_dry_normal_wind
2020-08-02,23.19,35.77,29.559097222222224,25.96180555555556,1.9179340277777777,70038.0913,10.8,12.580000000000002,10,C10,cluster_10_hot_dry_normal_wind
2020-08-03,20.03,34.33,26.884965277777777,37.81944444444444,2.731701388888889,68184.5748,10.8,14.299999999999995,2,C02,cluster_02_hot_dry_normal_wind
2020-08-04,16.1983,31.88,24.23769097222222,45.96875,2.0209201388888887,59396.4749,6.089583333333334,15.6817,10,C10,cluster_10_hot_dry_normal_wind
2020-08-05,16.12,32.3,23.87206597222222,43.46527777777778,2.503159722222222,64711.0509,2.4,16.179999999999996,2,C02,cluster_02_hot_dry_normal_wind
2020-08-06,16.9175,30.74,23.28720486111111,49.078125,3.131788194444445,69624.42,2.4,13.822499999999998,2,C02,cluster_02_hot_dry_normal_wind
2020-08-07,16.82,30.39,22.88326388888889,51.74479166666666,2.8788194444444444,64400.8069,2.4,13.57,2,C02,cluster_02_hot_dry_normal_wind
2020-08-08,16.72,31.97,24.35342013888889,47.00347222222222,1.6613541666666665,60230.5351,5.725416666666667,15.25,10,C10,cluster_10_hot_dry_normal_wind
2020-08-09,17.75,33.84,26.18013888888889,37.39409722222222,2.1752604166666667,73335.6892,7.92,16.090000000000003,10,C10,cluster_10_hot_dry_normal_wind
2020-08-10,19.79,35.58,27.43111111111111,32.69965277777778,1.6567013888888888,72900.4926,7.92,15.79,10,C10,cluster_10_hot_dry_normal_wind
2020-08-11,19.6,37.0,28.30977430555556,33.25694444444444,2.679288194444444,72942.6297,7.92,17.4,2,C02,cluster_02_hot_dry_normal_wind
2020-08-12,18.1508,35.96,26.64730902777778,40.00347222222222,2.0970833333333334,73311.6462,7.92,17.8092,10,C10,cluster_10_hot_dry_normal_wind
2020-08-13,17.65,35.06,25.87720486111111,39.53125,1.9342534722222224,73332.2346,7.92,17.410000000000004,10,C10,cluster_10_hot_dry_normal_wind
2020-08-14,17.1192,34.14,25.27678819444445,39.029513888888886,2.314166666666667,73335.6892,7.92,17.0208,2,C02,cluster_02_hot_dry_normal_wind
2020-08-15,17.01,31.38,23.268142361111117,45.26736111111112,3.2246006944444443,72938.444,7.92,14.369999999999996,2,C02,cluster_02_hot_dry_normal_wind
2020-08-16,16.35,30.53,22.7471875,50.29166666666666,2.7600868055555554,72483.2061,7.92,14.18,2,C02,cluster_02_hot_dry_normal_wind
2020-08-17,16.3,31.3,22.673697916666665,49.80729166666666,2.9975,72284.6001,7.92,15.0,2,C02,cluster_02_hot_dry_normal_wind
2020-08-18,15.69,31.45,23.73380208333333,47.48611111111112,2.168420138888889,71550.97839999999,7.92,15.76,10,C10,cluster_10_hot_dry_normal_wind
2020-08-19,18.06,34.67,26.17480902777778,36.56423611111112,2.1271875,73335.6892,7.92,16.610000000000003,10,C10,cluster_10_hot_dry_normal_wind
2020-08-20,18.3,35.57,26.69553819444444,34.189236111111114,1.5102777777777776,73328.7802,7.92,17.27,10,C10,cluster_10_hot_dry_normal_wind
2020-08-21,19.66,36.67,28.92538194444445,27.35243055555556,2.6742013888888887,73335.6892,7.92,17.01,2,C02,cluster_02_hot_dry_normal_wind
2020-08-22,19.4358,35.02,26.77571180555556,33.24305555555556,2.086076388888889,73332.2346,7.92,15.584200000000004,10,C10,cluster_10_hot_dry_normal_wind
2020-08-23,15.1833,31.03,22.71918402777778,45.578125,2.605399305555556,67316.8327,7.92,15.846700000000002,2,C02,cluster_02_hot_dry_normal_wind
2020-08-24,12.89,27.94,19.43071180555556,50.34722222222222,3.7821527777777777,72707.5859,7.92,15.05,2,C02,cluster_02_hot_dry_normal_wind
2020-08-25,11.78,27.05,18.95888888888889,47.12152777777778,3.0264756944444446,73272.5314,7.92,15.27,2,C02,cluster_02_hot_dry_normal_wind
2020-08-26,12.29,28.81,20.98677083333333,44.41493055555556,1.1041145833333337,73304.737,7.92,16.52,5,C05,cluster_05_warm_normal_humidity_normal_wind
2020-08-27,16.11,30.57,23.99321180555556,31.803819444444443,2.426336805555556,73335.6892,7.92,14.46,2,C02,cluster_02_hot_dry_normal_wind
2020-08-28,18.18,32.03,25.323072916666668,24.43576388888889,2.187482638888889,72868.5348,7.92,13.85,10,C10,cluster_10_hot_dry_normal_wind
2020-08-29,16.1308,32.58,24.270104166666663,38.12673611111112,1.9375173611111112,70632.2411,7.92,16.449199999999998,10,C10,cluster_10_hot_dry_normal_wind
2020-08-30,15.67,30.59,22.405017361111117,46.60243055555556,2.1053125,70861.9442,7.92,14.92,10,C10,cluster_10_hot_dry_normal_wind
2020-08-31,14.4317,29.39,21.65265625,49.73784722222222,1.7725,72535.4946,7.92,14.9583,5,C05,cluster_05_warm_normal_humidity_normal_wind
2020-09-01,13.45,28.39,21.1628125,39.07465277777778,1.3182986111111112,73335.6892,7.92,14.94,5,C05,cluster_05_warm_normal_humidity_normal_wind
2020-09-02,15.79,31.17,23.619756944444443,29.93576388888889,1.68765625,70829.8166,7.92,15.380000000000004,10,C10,cluster_10_hot_dry_normal_wind
2020-09-03,18.13,32.63,25.177847222222223,26.98611111111111,1.5747916666666668,67299.5178,7.92,14.500000000000004,10,C10,cluster_10_hot_dry_normal_wind
2020-09-04,17.545,30.39,23.893072916666668,28.725694444444443,1.925954861111111,56631.5472,7.92,12.845,10,C10,cluster_10_hot_dry_normal_wind
2020-09-05,17.01,31.23,23.756510416666668,24.369791666666668,1.432378472222222,72956.7413,7.92,14.22,10,C10,cluster_10_hot_dry_normal_wind
2020-09-06,16.41,32.81,24.97177083333333,22.62847222222222,1.1894791666666666,73199.8931,7.92,16.400000000000002,10,C10,cluster_10_hot_dry_normal_wind
2020-09-07,19.78,35.26,26.50451388888889,21.56423611111111,1.0061631944444445,54585.542,7.92,15.479999999999997,10,C10,cluster_10_hot_dry_normal_wind
2020-09-08,18.345,33.27,26.06142361111111,26.48090277777778,1.4697222222222222,66136.8926,7.92,14.925000000000004,10,C10,cluster_10_hot_dry_normal_wind
2020-09-09,15.7667,31.52,23.23482638888889,36.87152777777778,1.697065972222222,68736.2786,7.92,15.7533,10,C10,cluster_10_hot_dry_normal_wind
2020-09-10,15.42,30.88,22.58289930555556,37.80729166666666,1.500989583333333,63835.7305,7.92,15.46,10,C10,cluster_10_hot_dry_normal_wind
2020-09-11,15.24,29.6,22.720364583333332,38.43055555555556,1.575329861111111,70425.1218,7.92,14.36,10,C10,cluster_10_hot_dry_normal_wind
2020-09-12,16.29,31.19,23.94996527777778,34.80381944444444,0.81578125,69161.0519,7.92,14.900000000000002,10,C10,cluster_10_hot_dry_normal_wind
2020-09-13,15.88,29.72,22.669947916666665,42.708333333333336,1.9490104166666669,65131.7459,5.292083333333333,13.839999999999998,10,C10,cluster_10_hot_dry_normal_wind
2020-09-14,15.73,28.88,21.924288194444443,41.52256944444444,0.9562152777777776,72639.3563,3.84,13.15,5,C05,cluster_05_warm_normal_humidity_normal_wind
2020-09-15,14.7975,30.11,22.042065972222225,42.317708333333336,1.961180555555556,73056.8769,3.84,15.3125,10,C10,cluster_10_hot_dry_normal_wind
2020-09-16,14.33,29.05,21.995399305555555,40.14409722222222,1.3126909722222222,72823.9364,3.84,14.72,5,C05,cluster_05_warm_normal_humidity_normal_wind
2020-09-17,17.21,28.92,22.60928819444445,34.407986111111114,1.102673611111111,67814.4676,3.84,11.71,5,C05,cluster_05_warm_normal_humidity_normal_wind
2020-09-18,15.62,29.39,22.82328125,34.822916666666664,2.176545138888889,72997.9178,3.84,13.77,10,C10,cluster_10_hot_dry_normal_wind
2020-09-19,15.5,30.99,23.471041666666665,33.26909722222222,1.9388020833333333,73332.2346,3.84,15.489999999999998,10,C10,cluster_10_hot_dry_normal_wind
2020-09-20,14.6,29.84,22.133819444444445,41.12673611111112,1.695451388888889,71304.2068,3.84,15.24,5,C05,cluster_05_warm_normal_humidity_normal_wind
2020-09-21,15.15,29.07,21.3809375,43.489583333333336,1.4395138888888888,71270.7633,3.84,13.92,5,C05,cluster_05_warm_normal_humidity_normal_wind
2020-09-22,14.8,29.36,22.195104166666667,43.8125,1.3213368055555557,70858.8184,3.84,14.56,5,C05,cluster_05_warm_normal_humidity_normal_wind
2020-09-23,14.95,28.5,22.361336805555556,40.44618055555556,2.604149305555556,71859.9264,3.84,13.55,2,C02,cluster_02_hot_dry_normal_wind
2020-09-24,16.8,29.54,23.30204861111111,31.13020833333333,3.1189756944444444,72987.987,3.84,12.739999999999998,2,C02,cluster_02_hot_dry_normal_wind
2020-09-25,16.88,29.6,23.018628472222225,24.71875,1.7422743055555554,72982.566,3.84,12.720000000000002,10,C10,cluster_10_hot_dry_normal_wind
2020-09-26,16.16,30.19,23.03460069444445,21.307291666666668,0.94984375,72976.7485,3.84,14.03,10,C10,cluster_10_hot_dry_normal_wind
2020-09-27,15.05,28.47,21.354982638888888,36.75,2.381267361111111,62274.4596,4.836666666666667,13.419999999999998,2,C02,cluster_02_hot_dry_normal_wind
2020-09-28,11.0558,24.75,17.898993055555554,54.11979166666666,2.9039409722222222,64684.2956,5.76,13.6942,2,C02,cluster_02_hot_dry_normal_wind
2020-09-29,10.67,20.28,15.25232638888889,60.94791666666666,1.194079861111111,37907.1569,5.76,9.61,6,C06,cluster_06_warm_normal_humidity_normal_wind
2020-09-30,10.71,22.37,16.55670138888889,44.63194444444444,2.5168055555555555,68375.2493,5.76,11.66,5,C05,cluster_05_warm_normal_humidity_normal_wind
2020-10-01,12.5,25.46,18.601736111111112,33.63194444444444,1.9080902777777775,73199.8931,5.76,12.96,5,C05,cluster_05_warm_normal_humidity_normal_wind
2020-10-02,13.49,27.0,20.51732638888889,33.74652777777778,1.10953125,72874.3881,5.76,13.51,5,C05,cluster_05_warm_normal_humidity_normal_wind
2020-10-03,14.86,27.59,20.77670138888889,38.48784722222222,1.810954861111111,57335.5175,5.76,12.73,5,C05,cluster_05_warm_normal_humidity_normal_wind
2020-10-04,14.41,25.55,19.448506944444446,46.640625,1.2783854166666666,49508.9751,5.340833333333333,11.14,5,C05,cluster_05_warm_normal_humidity_normal_wind
2020-10-05,10.31,22.16,15.977847222222222,60.00694444444444,1.671840277777778,41432.9066,4.477083333333334,11.85,6,C06,cluster_06_warm_normal_humidity_normal_wind
2020-10-06,9.32,19.13,13.246770833333334,70.62152777777777,1.84109375,30382.1335,8.180833333333332,9.81,11,C11,cluster_11_mild_normal_humidity_normal_wind
2020-10-07,8.25,17.76,12.194774305555557,76.625,1.4555555555555555,46987.2367,8.805833333333332,9.510000000000002,11,C11,cluster_11_mild_normal_humidity_normal_wind
2020-10-08,8.3875,18.07,12.253628472222225,71.02951388888889,1.987065972222222,52329.2385,6.9675,9.6825,7,C07,cluster_07_mild_normal_humidity_normal_wind
2020-10-09,6.3967,14.21,10.436388888888889,80.84201388888889,2.354270833333333,25889.319,9.135833333333332,7.813300000000001,3,C03,cluster_03_mild_humid_normal_wind
2020-10-10,5.01,18.99,12.115503472222224,69.40798611111111,1.1597395833333333,70012.1065,4.08,13.98,0,C00,cluster_00_mild_normal_humidity_normal_wind
2020-10-11,6.57,19.92,13.012552083333333,65.23784722222223,0.7011979166666666,73251.9432,4.08,13.35,0,C00,cluster_00_mild_normal_humidity_normal_wind
2020-10-12,7.58,20.69,13.471215277777778,55.83506944444444,0.7269270833333333,53288.8565,4.08,13.11,5,C05,cluster_05_warm_normal_humidity_normal_wind
2020-10-13,7.17,21.01,13.5625,50.08680555555556,0.7569965277777778,73335.6892,4.08,13.840000000000002,5,C05,cluster_05_warm_normal_humidity_normal_wind
2020-10-14,6.08,21.86,13.575104166666668,43.43402777777778,0.5396354166666666,73335.6892,4.08,15.78,5,C05,cluster_05_warm_normal_humidity_normal_wind
2020-10-15,5.6,22.8,14.186371527777778,40.75694444444444,1.015295138888889,72708.3104,4.08,17.200000000000003,5,C05,cluster_05_warm_normal_humidity_normal_wind
2020-10-16,5.88,21.61,13.67784722222222,46.30729166666666,0.8357986111111111,73239.3014,4.08,15.73,5,C05,cluster_05_warm_normal_humidity_normal_wind
2020-10-17,6.89,22.04,13.853854166666666,37.234375,1.1035069444444443,73335.6892,4.08,15.15,5,C05,cluster_05_warm_normal_humidity_normal_wind
2020-10-18,6.81,21.85,13.708194444444445,33.677083333333336,1.5293402777777778,73335.6892,4.08,15.040000000000004,5,C05,cluster_05_warm_normal_humidity_normal_wind
2020-10-19,6.21,22.99,14.284947916666663,34.579861111111114,0.8721180555555555,73335.6892,4.08,16.779999999999998,5,C05,cluster_05_warm_normal_humidity_normal_wind
2020-10-20,8.03,24.9,15.396354166666663,37.88715277777778,1.17984375,73256.142,4.08,16.869999999999997,5,C05,cluster_05_warm_normal_humidity_normal_wind
2020-10-21,7.11,23.4,14.671371527777776,42.19791666666666,1.1366666666666667,73160.6294,4.08,16.29,5,C05,cluster_05_warm_normal_humidity_normal_wind
2020-10-22,7.05,20.85,13.239149305555555,51.71006944444444,0.90859375,72109.7522,4.08,13.8,5,C05,cluster_05_warm_normal_humidity_normal_wind
2020-10-23,7.11,21.9,13.764409722222222,52.99652777777778,1.0682465277777775,72845.4975,4.08,14.79,5,C05,cluster_05_warm_normal_humidity_normal_wind
2020-10-24,7.24,21.91,14.282534722222222,53.317708333333336,1.1653472222222223,73308.1917,4.08,14.67,5,C05,cluster_05_warm_normal_humidity_normal_wind
2020-10-25,8.09,22.93,14.86342013888889,49.08680555555556,1.5357465277777778,73332.2346,4.08,14.84,5,C05,cluster_05_warm_normal_humidity_normal_wind
2020-10-26,9.85,23.16,15.85248263888889,41.239583333333336,0.8853645833333333,45550.1339,4.08,13.31,5,C05,cluster_05_warm_normal_humidity_normal_wind
2020-10-27,8.17,23.55,15.033958333333333,43.739583333333336,1.6510763888888889,71097.2517,4.08,15.38,5,C05,cluster_05_warm_normal_humidity_normal_wind
2020-10-28,6.8,22.08,14.67847222222222,43.81423611111112,1.6050173611111112,71185.7172,4.08,15.279999999999998,5,C05,cluster_05_warm_normal_humidity_normal_wind
2020-10-29,8.3083,22.01,14.47626736111111,38.723958333333336,1.5027083333333335,73335.6892,4.08,13.701700000000002,5,C05,cluster_05_warm_normal_humidity_normal_wind
2020-10-30,7.79,23.04,15.03784722222222,41.40972222222222,1.1102951388888889,73335.6892,4.08,15.25,5,C05,cluster_05_warm_normal_humidity_normal_wind
2020-10-31,9.5,23.39,16.063975694444444,40.76041666666666,1.5102777777777776,72456.6931,4.08,13.89,5,C05,cluster_05_warm_normal_humidity_normal_wind
2020-11-01,9.25,21.48,15.126927083333335,33.338541666666664,0.7240277777777778,42367.3513,4.08,12.23,5,C05,cluster_05_warm_normal_humidity_normal_wind
2020-11-02,8.93,22.62,15.69484375,32.432291666666664,0.7725,35116.3942,4.08,13.69,6,C06,cluster_06_warm_normal_humidity_normal_wind
2020-11-03,10.08,22.54,16.518350694444443,30.31423611111111,1.7185069444444443,70615.2857,4.08,12.46,5,C05,cluster_05_warm_normal_humidity_normal_wind
2020-11-04,10.51,21.74,15.38888888888889,30.29513888888889,0.845763888888889,64950.2217,4.08,11.23,5,C05,cluster_05_warm_normal_humidity_normal_wind
2020-11-05,7.8,22.24,15.355954861111112,28.97395833333333,1.987326388888889,63029.834,4.08,14.439999999999998,5,C05,cluster_05_warm_normal_humidity_normal_wind
2020-11-06,9.12,20.91,15.500590277777778,29.022569444444443,3.319548611111111,20896.2359,4.08,11.79,6,C06,cluster_06_warm_normal_humidity_normal_wind
2020-11-07,10.0408,18.98,14.11498263888889,44.505208333333336,0.9071701388888888,16357.1927,4.827083333333333,8.9392,6,C06,cluster_06_warm_normal_humidity_normal_wind
2020-11-08,3.37,13.25,9.128680555555556,75.11979166666667,2.05421875,57015.216,4.602916666666667,9.88,7,C07,cluster_07_mild_normal_humidity_normal_wind
2020-11-09,3.44,16.38,10.040538194444444,65.92534722222223,1.0380381944444443,69129.4861,4.08,12.94,0,C00,cluster_00_mild_normal_humidity_normal_wind
2020-11-10,7.6825,13.72,10.55487847222222,77.30729166666667,1.25109375,39854.0538,7.820833333333334,6.0375000000000005,11,C11,cluster_11_mild_normal_humidity_normal_wind
2020-11-11,5.18,12.72,8.806840277777777,82.34375,1.6546527777777778,40481.001,4.986666666666667,7.540000000000001,11,C11,cluster_11_mild_normal_humidity_normal_wind
2020-11-12,5.2883,11.55,8.160243055555556,78.56076388888889,1.4905381944444445,47173.7184,5.132499999999999,6.261700000000001,11,C11,cluster_11_mild_normal_humidity_normal_wind
2020-11-13,1.0958,11.19,6.483732638888889,78.95833333333333,1.7428472222222222,49799.7313,6.9525,10.0942,11,C11,cluster_11_mild_normal_humidity_normal_wind
2020-11-14,0.24,10.87,5.682222222222222,74.86631944444444,1.589982638888889,71330.4699,8.4,10.63,0,C00,cluster_00_mild_normal_humidity_normal_wind
2020-11-15,3.6,9.9,6.096597222222222,74.27951388888889,2.064878472222222,29982.2383,8.4,6.300000000000001,3,C03,cluster_03_mild_humid_normal_wind
2020-11-16,4.15,11.41,7.460069444444445,70.92013888888889,2.0751215277777777,44121.9305,3.01,7.26,11,C11,cluster_11_mild_normal_humidity_normal_wind
2020-11-17,4.03,11.19,7.395746527777778,73.88368055555556,1.3919270833333333,51773.923,6.457083333333333,7.159999999999999,11,C11,cluster_11_mild_normal_humidity_normal_wind
2020-11-18,2.9258,11.48,6.830694444444444,68.52604166666667,1.5681770833333333,55495.6953,7.199999999999999,8.5542,11,C11,cluster_11_mild_normal_humidity_normal_wind
2020-11-19,2.39,8.84,5.927118055555556,73.59375,1.4742708333333334,21942.9604,7.199999999999999,6.449999999999999,11,C11,cluster_11_mild_normal_humidity_normal_wind
2020-11-20,4.45,10.13,7.13017361111111,66.69444444444444,3.0937847222222223,13555.8179,9.405,5.680000000000001,3,C03,cluster_03_mild_humid_normal_wind
2020-11-21,4.4208,5.84,5.159913194444445,89.46354166666667,1.916215277777778,13927.5933,21.56083333333333,1.4192,3,C03,cluster_03_mild_humid_normal_wind
2020-11-22,2.5308,9.78,5.975,80.87847222222223,1.3585590277777777,47820.3571,3.84,7.249199999999999,11,C11,cluster_11_mild_normal_humidity_normal_wind
2020-11-23,1.04,9.4,5.004236111111111,84.57986111111111,1.2849131944444443,44264.4275,3.84,8.36,11,C11,cluster_11_mild_normal_humidity_normal_wind
2020-11-24,0.02,9.32,3.819149305555555,78.03645833333333,1.423454861111111,72694.7921,3.84,9.3,0,C00,cluster_00_mild_normal_humidity_normal_wind
2020-11-25,0.4,7.94,4.830625,69.46354166666667,2.1106944444444444,33753.7568,3.84,7.54,11,C11,cluster_11_mild_normal_humidity_normal_wind
2020-11-26,4.26,7.08,5.9011458333333335,71.32118055555556,2.398923611111111,19423.0335,7.502083333333333,2.8200000000000003,3,C03,cluster_03_mild_humid_normal_wind
2020-11-27,-0.74,7.71,3.2094097222222224,79.94097222222223,1.7382291666666667,31546.3466,4.9325,8.45,11,C11,cluster_11_mild_normal_humidity_normal_wind
2020-11-28,-0.15,6.18,3.5117534722222223,82.54861111111111,1.3192881944444443,12243.2031,5.57,6.33,11,C11,cluster_11_mild_normal_humidity_normal_wind
2020-11-29,2.99,4.46,3.7661458333333337,93.65104166666669,1.7814756944444443,12336.7076,15.257083333333334,1.4699999999999998,3,C03,cluster_03_mild_humid_normal_wind
2020-11-30,2.51,8.68,4.919010416666667,78.60763888888889,0.6828125,57593.7467,2.88,6.17,11,C11,cluster_11_mild_normal_humidity_normal_wind
2020-12-01,1.83,9.76,5.142430555555555,76.12326388888889,0.74859375,59616.9948,2.88,7.93,11,C11,cluster_11_mild_normal_humidity_normal_wind
2020-12-02,2.71,9.41,5.788524305555556,75.50694444444444,0.4492881944444444,55315.0212,4.1120833333333335,6.7,11,C11,cluster_11_mild_normal_humidity_normal_wind
2020-12-03,1.5,7.55,4.236875,86.68229166666667,1.1836111111111112,30212.0312,3.4925,6.05,11,C11,cluster_11_mild_normal_humidity_normal_wind
2020-12-04,1.6,7.99,4.301354166666666,79.60069444444444,0.5577777777777777,40169.8587,3.4075,6.390000000000001,11,C11,cluster_11_mild_normal_humidity_normal_wind
2020-12-05,2.59,8.1,5.576041666666667,77.390625,0.85546875,16973.8054,6.490833333333333,5.51,11,C11,cluster_11_mild_normal_humidity_normal_wind
2020-12-06,0.3933,5.83,2.740503472222222,86.94444444444444,0.8819444444444444,12226.0691,22.971666666666668,5.4367,9,C09,cluster_09_cold_normal_humidity_normal_wind
2020-12-07,-6.545,1.69,-0.6424305555555556,92.83680555555556,1.2721875,22481.8164,26.16,8.235,9,C09,cluster_09_cold_normal_humidity_normal_wind
2020-12-08,-6.62,2.36,-2.696649305555556,77.05902777777777,0.2750347222222222,70440.3376,26.16,8.98,9,C09,cluster_09_cold_normal_humidity_normal_wind
2020-12-09,-6.15,3.42,-1.51859375,73.38715277777777,0.7477777777777779,33446.1471,26.16,9.57,9,C09,cluster_09_cold_normal_humidity_normal_wind
2020-12-10,-4.32,4.03,-0.2197222222222222,81.390625,1.526128472222222,58213.4372,26.16,8.350000000000001,9,C09,cluster_09_cold_normal_humidity_normal_wind
2020-12-11,-5.22,2.95,-1.711440972222222,77.74826388888889,1.641579861111111,71748.7135,26.16,8.17,9,C09,cluster_09_cold_normal_humidity_normal_wind
2020-12-12,-6.35,5.43,-1.5996354166666666,71.890625,1.105138888888889,72612.4395,26.16,11.78,9,C09,cluster_09_cold_normal_humidity_normal_wind
2020-12-13,-5.49,5.62,-0.4062847222222222,68.234375,0.6226041666666666,73019.016,26.16,11.11,9,C09,cluster_09_cold_normal_humidity_normal_wind
2020-12-14,-4.56,6.19,1.695434027777778,69.35763888888889,1.24546875,73304.7374,26.16,10.75,9,C09,cluster_09_cold_normal_humidity_normal_wind
2020-12-15,-0.2,6.2,2.7525347222222223,80.85590277777777,1.7911979166666667,19077.9089,26.16,6.4,9,C09,cluster_09_cold_normal_humidity_normal_wind
2020-12-16,1.05,4.34,2.9943229166666665,82.44791666666667,1.986267361111111,22198.3302,12.773333333333332,3.29,3,C03,cluster_03_mild_humid_normal_wind
2020-12-17,1.32,6.24,3.4503298611111117,85.46875,0.5094444444444445,54211.3775,4.155,4.92,11,C11,cluster_11_mild_normal_humidity_normal_wind
2020-12-18,0.745,6.11,3.373246527777778,81.265625,0.5441666666666667,55322.8142,5.376666666666667,5.365,11,C11,cluster_11_mild_normal_humidity_normal_wind
2020-12-19,-0.1667,5.28,2.238038194444444,79.36979166666667,1.0980555555555556,65055.752,6.0,5.4467,11,C11,cluster_11_mild_normal_humidity_normal_wind
2020-12-20,-1.92,6.29,1.6268923611111112,77.45833333333333,0.5026041666666666,36352.6537,6.0,8.21,11,C11,cluster_11_mild_normal_humidity_normal_wind
2020-12-21,-3.08,5.23,0.2886631944444444,72.44965277777777,0.37,70846.174,6.0,8.31,0,C00,cluster_00_mild_normal_humidity_normal_wind
2020-12-22,-3.01,4.92,1.5245833333333332,62.14409722222222,0.8483680555555556,17014.3927,6.0,7.93,11,C11,cluster_11_mild_normal_humidity_normal_wind
2020-12-23,0.27,5.81,3.09234375,73.26041666666667,2.605173611111111,17114.467,6.3254166666666665,5.539999999999999,3,C03,cluster_03_mild_humid_normal_wind
2020-12-24,-4.1108,4.73,1.947465277777778,81.65798611111111,1.092534722222222,38142.0133,6.459583333333334,8.840800000000002,11,C11,cluster_11_mild_normal_humidity_normal_wind
2020-12-25,-9.89,0.79,-3.659375,70.62673611111111,3.187864583333333,52425.8736,8.88,10.68,7,C07,cluster_07_mild_normal_humidity_normal_wind
2020-12-26,-8.8,2.63,-3.1241145833333333,44.17361111111112,0.8341493055555556,73335.6892,8.88,11.43,4,C04,cluster_04_cold_normal_humidity_normal_wind
2020-12-27,-5.13,4.9,-0.9708333333333334,45.01215277777778,0.7681076388888889,73335.6892,8.88,10.03,4,C04,cluster_04_cold_normal_humidity_normal_wind
2020-12-28,-4.98,6.44,-0.2040277777777777,48.84375,0.3249999999999999,73294.5128,8.88,11.420000000000002,4,C04,cluster_04_cold_normal_humidity_normal_wind
2020-12-29,-3.73,6.69,0.4163194444444444,53.66493055555556,0.3026215277777778,14340.4571,8.88,10.42,11,C11,cluster_11_mild_normal_humidity_normal_wind
2020-12-30,-3.75,7.23,0.6117361111111111,48.68923611111112,0.3680729166666666,73132.916,8.88,10.98,4,C04,cluster_04_cold_normal_humidity_normal_wind
2020-12-31,-3.03,8.58,1.473871527777778,47.87152777777778,0.3658159722222222,73335.6892,8.88,11.61,4,C04,cluster_04_cold_normal_humidity_normal_wind
2021-01-01,-3.19,7.64,1.3061805555555557,52.27256944444444,0.3713020833333333,73335.6892,8.88,10.83,4,C04,cluster_04_cold_normal_humidity_normal_wind
2021-01-02,-3.3575,8.58,1.0953993055555555,45.84375,0.4105034722222222,73335.6892,8.88,11.9375,4,C04,cluster_04_cold_normal_humidity_normal_wind
2021-01-03,-4.09,7.25,0.3670138888888889,46.69444444444444,1.321302083333333,24303.6302,8.88,11.34,11,C11,cluster_11_mild_normal_humidity_normal_wind
2021-01-04,-5.7342,6.17,-0.4748090277777778,57.14409722222222,1.821840277777778,59462.5862,8.88,11.9042,4,C04,cluster_04_cold_normal_humidity_normal_wind
2021-01-05,-8.18,4.5,-2.34296875,63.435763888888886,1.371579861111111,69726.5683,8.88,12.68,4,C04,cluster_04_cold_normal_humidity_normal_wind
2021-01-06,-8.23,5.78,-1.3500520833333334,42.92361111111112,0.5271006944444445,72946.80990000001,8.88,14.010000000000002,4,C04,cluster_04_cold_normal_humidity_normal_wind
2021-01-07,-5.82,6.83,0.2908854166666667,45.52256944444444,1.3968402777777778,61193.047,8.88,12.65,4,C04,cluster_04_cold_normal_humidity_normal_wind
2021-01-08,-5.14,6.34,0.0176736111111111,44.14756944444444,1.21453125,73029.7447,8.88,11.48,4,C04,cluster_04_cold_normal_humidity_normal_wind
2021-01-09,-4.58,7.36,0.5080208333333334,45.68923611111112,1.3236458333333332,73335.6892,8.88,11.94,4,C04,cluster_04_cold_normal_humidity_normal_wind
2021-01-10,-3.18,8.04,1.2687152777777777,40.46527777777778,0.9962326388888888,73335.6892,8.88,11.22,4,C04,cluster_04_cold_normal_humidity_normal_wind
2021-01-11,-2.37,10.44,3.0946006944444444,39.66840277777778,0.6469097222222222,59368.1503,8.88,12.81,0,C00,cluster_00_mild_normal_humidity_normal_wind
2021-01-12,-1.89,11.92,4.532899305555556,47.989583333333336,0.669861111111111,72359.4383,8.88,13.81,0,C00,cluster_00_mild_normal_humidity_normal_wind
2021-01-13,-1.03,10.9,4.4075,57.01041666666666,1.73875,73295.9155,8.88,11.93,0,C00,cluster_00_mild_normal_humidity_normal_wind
2021-01-14,-0.64,11.61,6.114270833333333,43.96006944444444,3.417621527777777,29999.9455,8.88,12.25,7,C07,cluster_07_mild_normal_humidity_normal_wind
2021-01-15,0.9608,10.61,5.9227951388888895,50.467013888888886,2.43171875,62181.5576,3.64,9.6492,7,C07,cluster_07_mild_normal_humidity_normal_wind
2021-01-16,-0.53,11.49,5.509479166666667,53.27430555555556,0.916111111111111,65567.2423,3.12,12.02,0,C00,cluster_00_mild_normal_humidity_normal_wind
2021-01-17,1.42,8.18,4.588975694444445,64.75520833333333,1.3064930555555554,57634.1658,3.35,6.76,11,C11,cluster_11_mild_normal_humidity_normal_wind
2021-01-18,2.3,9.99,5.7646875,59.68923611111112,1.143923611111111,60842.9308,3.369166666666666,7.69,0,C00,cluster_00_mild_normal_humidity_normal_wind
2021-01-19,1.38,9.68,5.380052083333333,56.734375,1.624496527777778,71042.5288,3.6,8.3,0,C00,cluster_00_mild_normal_humidity_normal_wind
2021-01-20,0.47,10.83,5.977274305555556,52.87847222222222,2.1956597222222225,55062.1293,4.590416666666666,10.36,7,C07,cluster_07_mild_normal_humidity_normal_wind
2021-01-21,-7.43,1.21,-3.228090277777778,69.22048611111111,3.264201388888889,70188.6711,12.0,8.64,7,C07,cluster_07_mild_normal_humidity_normal_wind
2021-01-22,-9.08,0.57,-4.015902777777778,53.69791666666666,1.4968055555555555,72703.9698,12.0,9.65,4,C04,cluster_04_cold_normal_humidity_normal_wind
2021-01-23,-7.07,2.18,-2.661892361111111,49.67534722222222,2.5424131944444444,61887.0187,12.0,9.25,4,C04,cluster_04_cold_normal_humidity_normal_wind
2021-01-24,-6.97,5.43,-1.134375,44.98784722222222,0.5334201388888888,73335.6892,12.0,12.4,4,C04,cluster_04_cold_normal_humidity_normal_wind
2021-01-25,-4.51,8.62,1.317638888888889,44.31423611111112,0.6116493055555555,61006.2454,12.0,13.13,4,C04,cluster_04_cold_normal_humidity_normal_wind
2021-01-26,-3.3958,7.78,1.510642361111111,41.703125,0.5260069444444445,34762.261,12.0,11.1758,4,C04,cluster_04_cold_normal_humidity_normal_wind
2021-01-27,-3.41,10.25,3.320138888888889,41.15277777777778,0.9304861111111112,68886.6184,12.0,13.66,4,C04,cluster_04_cold_normal_humidity_normal_wind
2021-01-28,1.08,12.27,7.1090625,43.76909722222222,2.7102951388888887,58660.5059,12.0,11.19,7,C07,cluster_07_mild_normal_humidity_normal_wind
2021-01-29,4.07,12.59,7.789270833333333,59.21006944444444,3.0406423611111117,51855.7404,9.69875,8.52,7,C07,cluster_07_mild_normal_humidity_normal_wind
2021-01-30,-2.45,7.69,3.986805555555556,74.59548611111111,2.2588020833333333,38018.5036,8.53,10.14,11,C11,cluster_11_mild_normal_humidity_normal_wind
2021-01-31,-3.47,7.46,2.7500347222222223,56.32291666666666,1.6365625,39105.432,9.84,10.93,4,C04,cluster_04_cold_normal_humidity_normal_wind
2021-02-01,-1.93,11.8,4.354027777777778,65.32118055555556,1.2838020833333337,73335.6892,9.84,13.73,4,C04,cluster_04_cold_normal_humidity_normal_wind
2021-02-02,-0.04,12.18,5.486597222222223,55.08506944444444,0.6577951388888889,73335.6892,9.84,12.22,0,C00,cluster_00_mild_normal_humidity_normal_wind
2021-02-03,1.39,13.14,6.187309027777777,53.86111111111112,0.989236111111111,62022.4868,9.84,11.75,0,C00,cluster_00_mild_normal_humidity_normal_wind
2021-02-04,1.82,12.07,7.503420138888889,48.69618055555556,1.018923611111111,50441.9696,9.84,10.25,0,C00,cluster_00_mild_normal_humidity_normal_wind
2021-02-05,6.93,11.04,8.436597222222222,71.75,2.301024305555556,12294.9593,10.650833333333331,4.109999999999999,3,C03,cluster_03_mild_humid_normal_wind
2021-02-06,5.5,8.29,7.208055555555556,83.36805555555556,1.1373958333333334,12226.0691,16.793333333333333,2.789999999999999,3,C03,cluster_03_mild_humid_normal_wind
2021-02-07,2.84,7.22,5.1415625,88.05208333333333,0.7236805555555555,13969.8629,11.985,4.38,3,C03,cluster_03_mild_humid_normal_wind
2021-02-08,2.4,15.14,7.917274305555556,65.69444444444444,1.0505034722222222,73173.3226,4.56,12.74,0,C00,cluster_00_mild_normal_humidity_normal_wind
2021-02-09,4.79,13.55,8.961666666666666,52.89236111111112,0.7280381944444445,54583.2076,4.56,8.760000000000002,0,C00,cluster_00_mild_normal_humidity_normal_wind
2021-02-10,3.72,15.66,9.3840625,47.46180555555556,0.9409375,17408.6494,4.56,11.94,11,C11,cluster_11_mild_normal_humidity_normal_wind
2021-02-11,1.6817,14.23,8.314947916666666,48.00173611111112,0.952621527777778,67941.1658,4.56,12.5483,0,C00,cluster_00_mild_normal_humidity_normal_wind
2021-02-12,1.63,13.18,7.337673611111111,50.22569444444444,0.8225694444444445,73335.6892,4.56,11.55,0,C00,cluster_00_mild_normal_humidity_normal_wind
2021-02-13,3.18,15.46,9.062586805555556,38.79861111111112,0.6451909722222222,57004.0628,4.56,12.28,0,C00,cluster_00_mild_normal_humidity_normal_wind
2021-02-14,2.4083,15.49,8.807361111111112,39.25347222222222,0.7194270833333333,65678.354,4.56,13.0817,0,C00,cluster_00_mild_normal_humidity_normal_wind
2021-02-15,2.14,16.64,10.090954861111111,38.94791666666666,0.7541666666666667,73335.6892,4.56,14.5,0,C00,cluster_00_mild_normal_humidity_normal_wind
2021-02-16,7.36,17.69,12.592152777777777,48.50173611111112,3.2055729166666667,53256.3488,3.607916666666666,10.330000000000002,7,C07,cluster_07_mild_normal_humidity_normal_wind
2021-02-17,8.57,14.86,12.084704861111112,50.265625,3.505451388888889,12222.6145,4.3175,6.289999999999999,3,C03,cluster_03_mild_humid_normal_wind
2021-02-18,-1.02,9.66,4.822118055555555,80.64409722222223,2.426545138888889,26393.7058,18.328333333333333,10.68,3,C03,cluster_03_mild_humid_normal_wind
2021-02-19,-1.37,6.73,2.257795138888889,58.18923611111112,1.258767361111111,55003.0753,11.04,8.100000000000001,4,C04,cluster_04_cold_normal_humidity_normal_wind
2021-02-20,-1.83,7.57,3.5278645833333333,56.74131944444444,0.8485416666666666,58796.0805,8.5025,9.4,4,C04,cluster_04_cold_normal_humidity_normal_wind
2021-02-21,-0.22,7.92,3.824149305555556,61.036458333333336,0.8007638888888889,42978.9372,3.705416666666667,8.14,11,C11,cluster_11_mild_normal_humidity_normal_wind
2021-02-22,-1.07,8.68,3.755850694444444,59.04340277777778,1.2290798611111111,63239.5079,3.6,9.75,0,C00,cluster_00_mild_normal_humidity_normal_wind
2021-02-23,-2.63,10.48,3.269270833333333,45.94618055555556,1.4978298611111112,73335.6892,3.6,13.11,0,C00,cluster_00_mild_normal_humidity_normal_wind
2021-02-24,-4.92,5.8,0.4778125,58.72916666666666,2.8271875,71487.7445,3.6,10.72,7,C07,cluster_07_mild_normal_humidity_normal_wind
2021-02-25,-4.59,2.94,-0.5530729166666667,76.32465277777777,1.0254513888888888,14037.3478,3.0516666666666667,7.529999999999999,11,C11,cluster_11_mild_normal_humidity_normal_wind
2021-02-26,-2.68,6.6,1.4785590277777778,70.64930555555556,0.8152777777777778,35114.5749,2.64,9.28,11,C11,cluster_11_mild_normal_humidity_normal_wind
2021-02-27,-1.97,8.68,3.2120659722222222,60.109375,1.6769270833333332,73335.6892,2.64,10.65,0,C00,cluster_00_mild_normal_humidity_normal_wind
2021-02-28,0.09,11.91,6.291163194444445,54.109375,1.5505034722222222,73256.51180000001,2.64,11.82,0,C00,cluster_00_mild_normal_humidity_normal_wind
2021-03-01,2.25,12.3,7.385121527777778,54.08680555555556,0.8760416666666667,59117.0273,2.6254166666666667,10.05,0,C00,cluster_00_mild_normal_humidity_normal_wind
2021-03-02,2.97,13.2,7.597899305555556,53.60069444444444,1.254670138888889,66207.9337,2.4,10.23,0,C00,cluster_00_mild_normal_humidity_normal_wind
2021-03-03,3.7,12.3,8.126284722222222,56.61805555555556,0.8098090277777777,51713.6051,2.4,8.600000000000001,0,C00,cluster_00_mild_normal_humidity_normal_wind
2021-03-04,3.41,14.39,9.230885416666666,52.045138888888886,1.029097222222222,66096.0306,3.6054166666666654,10.98,0,C00,cluster_00_mild_normal_humidity_normal_wind
2021-03-05,1.1475,10.24,6.253784722222222,69.56770833333333,2.863263888888889,33968.2954,10.258333333333333,9.0925,3,C03,cluster_03_mild_humid_normal_wind
2021-03-06,-0.44,12.66,5.428125,55.36631944444444,2.4542708333333336,73332.2346,3.12,13.1,7,C07,cluster_07_mild_normal_humidity_normal_wind
2021-03-07,-0.17,14.44,7.281440972222222,43.30902777777778,0.8493576388888889,46183.9023,3.12,14.61,0,C00,cluster_00_mild_normal_humidity_normal_wind
2021-03-08,1.67,13.83,8.56140625,48.48090277777778,2.0430729166666666,24415.51,3.12,12.16,6,C06,cluster_06_warm_normal_humidity_normal_wind
2021-03-09,4.8242,15.76,9.717604166666668,44.85590277777778,2.140416666666667,32853.3948,3.12,10.9358,6,C06,cluster_06_warm_normal_humidity_normal_wind
2021-03-10,3.23,14.39,8.9171875,50.223958333333336,1.9208506944444448,69924.23790000001,3.12,11.16,0,C00,cluster_00_mild_normal_humidity_normal_wind
2021-03-11,5.44,12.41,9.17534722222222,65.57638888888889,3.224392361111111,21191.5639,7.5479166666666675,6.97,3,C03,cluster_03_mild_humid_normal_wind
2021-03-12,-3.3675,10.23,5.259045138888889,78.89583333333333,3.287864583333333,12222.6145,31.637916666666666,13.5975,9,C09,cluster_09_cold_normal_humidity_normal_wind
2021-03-13,-4.43,4.11,-0.2265104166666666,66.20659722222223,2.560555555555556,73301.2824,51.6,8.54,1,C01,cluster_01_cold_normal_humidity_normal_wind
2021-03-14,-2.19,8.79,4.185503472222222,66.33506944444444,1.887951388888889,34810.0963,51.6,10.98,1,C01,cluster_01_cold_normal_humidity_normal_wind
2021-03-15,2.33,10.87,7.102239583333333,68.96527777777777,2.8593402777777777,32855.1446,42.93958333333333,8.54,9,C09,cluster_09_cold_normal_humidity_normal_wind
2021-03-16,5.94,16.04,11.491909722222225,61.84027777777778,2.1905034722222223,47318.0155,3.13375,10.099999999999998,7,C07,cluster_07_mild_normal_humidity_normal_wind
2021-03-17,9.64,17.3,12.860729166666664,65.95138888888889,3.2609375,35095.094,4.591666666666667,7.66,7,C07,cluster_07_mild_normal_humidity_normal_wind
2021-03-18,9.38,21.71,14.505729166666663,57.232638888888886,2.175329861111111,31835.9655,21.11958333333333,12.33,8,C08,cluster_08_warm_normal_humidity_normal_wind
2021-03-19,4.7225,15.61,10.430659722222224,41.30555555555556,2.5036805555555555,33546.7348,34.56,10.8875,9,C09,cluster_09_cold_normal_humidity_normal_wind
2021-03-20,2.28,16.34,9.815138888888889,40.94444444444444,2.0272916666666667,68583.8496,34.56,14.06,9,C09,cluster_09_cold_normal_humidity_normal_wind
2021-03-21,6.01,15.98,10.351788194444444,44.364583333333336,1.0999652777777778,52242.1331,34.56,9.97,9,C09,cluster_09_cold_normal_humidity_normal_wind
2021-03-22,6.61,18.51,12.97449652777778,47.11979166666666,1.2834375,46643.3973,34.56,11.900000000000002,9,C09,cluster_09_cold_normal_humidity_normal_wind
2021-03-23,8.56,18.56,13.5634375,58.748263888888886,1.4790798611111111,12274.4336,24.680416666666662,9.999999999999998,9,C09,cluster_09_cold_normal_humidity_normal_wind
2021-03-24,10.77,22.81,17.816041666666667,49.65625,3.5866493055555555,27692.3642,7.992083333333334,12.04,6,C06,cluster_06_warm_normal_humidity_normal_wind
2021-03-25,8.3425,16.43,12.473107638888887,61.935763888888886,1.3138541666666663,54089.2219,6.9825,8.0875,11,C11,cluster_11_mild_normal_humidity_normal_wind
2021-03-26,5.66,17.38,12.220052083333334,36.623263888888886,1.6207465277777775,62142.3629,2.88,11.72,5,C05,cluster_05_warm_normal_humidity_normal_wind
2021-03-27,3.98,19.47,12.096493055555555,38.95659722222222,3.060572916666666,53073.4007,2.88,15.489999999999998,7,C07,cluster_07_mild_normal_humidity_normal_wind
2021-03-28,-0.3492,11.36,5.22390625,50.973958333333336,2.8041145833333334,71596.2903,2.88,11.7092,7,C07,cluster_07_mild_normal_humidity_normal_wind
2021-03-29,-1.41,13.91,6.899131944444445,44.373263888888886,1.477795138888889,73025.6312,2.88,15.32,0,C00,cluster_00_mild_normal_humidity_normal_wind
2021-03-30,1.2,16.01,9.60376736111111,39.654513888888886,2.952586805555556,73335.6892,2.88,14.810000000000002,7,C07,cluster_07_mild_normal_humidity_normal_wind
2021-03-31,6.71,17.19,12.001163194444445,43.14236111111112,2.825034722222222,13234.5603,3.18,10.48,6,C06,cluster_06_warm_normal_humidity_normal_wind
2021-04-01,9.94,19.74,14.709895833333333,45.43923611111112,3.6127951388888886,28847.2835,2.88,9.8,7,C07,cluster_07_mild_normal_humidity_normal_wind
2021-04-02,10.65,23.1,16.523125,40.40798611111112,2.495989583333333,36830.217,2.88,12.45,6,C06,cluster_06_warm_normal_humidity_normal_wind
2021-04-03,2.2442,16.37,10.822986111111112,44.317708333333336,4.170902777777778,33780.8995,2.88,14.125800000000002,7,C07,cluster_07_mild_normal_humidity_normal_wind
2021-04-04,1.91,16.43,9.676128472222222,42.87152777777778,2.0337847222222223,69694.8622,3.8220833333333335,14.52,5,C05,cluster_05_warm_normal_humidity_normal_wind
2021-04-05,4.57,19.37,12.973055555555554,32.442708333333336,0.998784722222222,69259.5839,4.56,14.8,5,C05,cluster_05_warm_normal_humidity_normal_wind
2021-04-06,7.16,21.53,15.601979166666666,33.875,2.0967534722222223,68182.9624,4.56,14.37,5,C05,cluster_05_warm_normal_humidity_normal_wind
2021-04-07,9.9,23.69,16.28449652777778,37.451388888888886,0.9970659722222222,43752.0696,4.56,13.79,5,C05,cluster_05_warm_normal_humidity_normal_wind
2021-04-08,9.74,24.57,17.76451388888889,31.91493055555556,0.9088541666666666,63675.8172,4.56,14.83,5,C05,cluster_05_warm_normal_humidity_normal_wind
2021-04-09,11.71,22.75,17.13064236111111,44.54861111111112,1.11296875,47053.6602,4.56,11.04,6,C06,cluster_06_warm_normal_humidity_normal_wind
2021-04-10,11.44,23.45,18.31868055555556,40.44965277777778,1.6335937500000002,33823.0423,4.56,12.01,6,C06,cluster_06_warm_normal_humidity_normal_wind
2021-04-11,11.9658,22.97,17.301579861111108,41.609375,1.925451388888889,15036.0306,7.320833333333334,11.0042,6,C06,cluster_06_warm_normal_humidity_normal_wind
2021-04-12,9.89,22.76,16.739618055555557,35.732638888888886,1.1585590277777778,61721.9612,9.84,12.87,5,C05,cluster_05_warm_normal_humidity_normal_wind
2021-04-13,10.51,23.91,18.21387152777778,28.55034722222222,1.3614583333333334,40393.6776,9.84,13.4,6,C06,cluster_06_warm_normal_humidity_normal_wind
2021-04-14,8.9475,22.37,16.288003472222222,34.708333333333336,1.4003819444444443,33787.3548,6.317083333333333,13.4225,6,C06,cluster_06_warm_normal_humidity_normal_wind
2021-04-15,7.97,22.84,15.230121527777776,28.65972222222222,1.6905034722222223,73239.3782,2.88,14.87,5,C05,cluster_05_warm_normal_humidity_normal_wind
2021-04-16,7.39,22.46,14.552760416666665,39.61631944444444,2.04125,69419.2414,2.88,15.07,5,C05,cluster_05_warm_normal_humidity_normal_wind
2021-04-17,7.13,23.06,15.340833333333332,34.78125,1.2150520833333334,49795.2324,2.88,15.93,5,C05,cluster_05_warm_normal_humidity_normal_wind
2021-04-18,9.64,24.61,17.56543402777778,33.26215277777778,1.4869791666666667,43063.2754,2.88,14.97,5,C05,cluster_05_warm_normal_humidity_normal_wind
2021-04-19,11.13,25.66,18.695,38.498263888888886,2.182829861111111,27874.1791,2.88,14.53,6,C06,cluster_06_warm_normal_humidity_normal_wind
2021-04-20,11.99,28.49,20.312309027777776,43.82465277777778,1.1182291666666666,36794.0744,2.88,16.5,5,C05,cluster_05_warm_normal_humidity_normal_wind
2021-04-21,13.59,28.69,21.340208333333333,35.11284722222222,1.4625694444444446,56762.2668,2.88,15.1,5,C05,cluster_05_warm_normal_humidity_normal_wind
2021-04-22,14.78,28.4,22.844166666666663,30.3125,1.492326388888889,32962.7622,3.6875,13.62,6,C06,cluster_06_warm_normal_humidity_normal_wind
2021-04-23,11.38,26.43,20.60817708333333,41.01736111111112,1.4099131944444443,28037.3336,4.32,15.05,6,C06,cluster_06_warm_normal_humidity_normal_wind
2021-04-24,10.49,25.54,18.68119791666667,52.16840277777778,1.4646527777777778,15153.0401,5.84,15.05,6,C06,cluster_06_warm_normal_humidity_normal_wind
2021-04-25,13.82,27.54,21.13357638888889,38.01215277777778,1.5094618055555555,43264.8918,4.32,13.72,6,C06,cluster_06_warm_normal_humidity_normal_wind
2021-04-26,15.32,28.26,21.75793402777778,37.286458333333336,1.3034375,39740.9878,4.32,12.94,6,C06,cluster_06_warm_normal_humidity_normal_wind
2021-04-27,15.02,27.47,20.256631944444443,45.732638888888886,1.753871527777778,20284.7358,4.32,12.45,6,C06,cluster_06_warm_normal_humidity_normal_wind
2021-04-28,11.49,24.73,17.895572916666666,51.71180555555556,1.5168923611111111,36689.2099,4.32,13.24,6,C06,cluster_06_warm_normal_humidity_normal_wind
2021-04-29,10.94,24.16,17.010277777777777,49.859375,3.108020833333333,66646.354,4.32,13.22,2,C02,cluster_02_hot_dry_normal_wind
2021-04-30,11.04,25.94,19.156961805555557,37.552083333333336,1.4006944444444445,53559.9012,4.32,14.900000000000002,5,C05,cluster_05_warm_normal_humidity_normal_wind
2021-05-01,11.4692,24.66,18.051319444444445,54.32986111111112,2.1400520833333334,30646.0395,9.632916666666668,13.1908,6,C06,cluster_06_warm_normal_humidity_normal_wind
2021-05-02,9.12,22.27,15.647552083333332,63.5,1.9147048611111108,29432.942,7.285,13.15,6,C06,cluster_06_warm_normal_humidity_normal_wind
2021-05-03,9.66,22.35,15.28029513888889,66.08680555555556,1.7923611111111113,30498.0825,15.77875,12.69,8,C08,cluster_08_warm_normal_humidity_normal_wind
2021-05-04,9.71,24.86,16.775902777777777,52.26909722222222,2.0124305555555555,66508.2967,15.728333333333332,15.15,8,C08,cluster_08_warm_normal_humidity_normal_wind
2021-05-05,11.57,24.76,18.64364583333333,42.82986111111112,1.30984375,33322.774,6.750416666666667,13.19,6,C06,cluster_06_warm_normal_humidity_normal_wind
2021-05-06,14.12,23.86,18.064461805555556,55.685763888888886,2.185017361111111,35082.1816,5.2725,9.74,6,C06,cluster_06_warm_normal_humidity_normal_wind
2021-05-07,12.9408,22.91,17.967847222222222,56.61111111111112,2.710798611111111,23774.9002,7.2875,9.9692,6,C06,cluster_06_warm_normal_humidity_normal_wind
2021-05-08,10.13,23.39,16.539930555555557,62.4375,1.6842708333333334,35130.3636,6.791250000000001,13.26,6,C06,cluster_06_warm_normal_humidity_normal_wind
2021-05-09,10.3,25.62,18.87388888888889,50.18229166666666,1.1003819444444445,70574.2791,6.24,15.32,5,C05,cluster_05_warm_normal_humidity_normal_wind
2021-05-10,13.8667,25.76,19.980364583333333,45.06944444444444,1.4351041666666666,43372.3371,6.24,11.893300000000002,6,C06,cluster_06_warm_normal_humidity_normal_wind
2021-05-11,13.75,25.26,19.17652777777778,55.03298611111112,2.3036111111111115,23973.5663,5.67125,11.510000000000002,6,C06,cluster_06_warm_normal_humidity_normal_wind
2021-05-12,13.22,24.72,18.875781250000003,48.38715277777778,1.3443402777777778,19436.9769,3.369166666666666,11.499999999999998,6,C06,cluster_06_warm_normal_humidity_normal_wind
2021-05-13,12.6567,26.07,19.31315972222222,49.03125,1.6166145833333332,39960.5247,3.12,13.4133,6,C06,cluster_06_warm_normal_humidity_normal_wind
2021-05-14,12.0,25.24,18.092517361111117,58.80381944444444,1.4431770833333333,21304.5411,8.542083333333332,13.239999999999998,6,C06,cluster_06_warm_normal_humidity_normal_wind
2021-05-15,12.27,24.21,17.976736111111112,57.59027777777778,1.3307638888888889,34091.7622,3.297916666666667,11.94,6,C06,cluster_06_warm_normal_humidity_normal_wind
2021-05-16,13.13,26.77,20.31204861111111,38.795138888888886,1.4230555555555555,56267.8748,3.12,13.64,5,C05,cluster_05_warm_normal_humidity_normal_wind
2021-05-17,15.31,28.13,22.56565972222222,32.208333333333336,1.6010416666666667,54124.1084,3.12,12.82,5,C05,cluster_05_warm_normal_humidity_normal_wind
2021-05-18,17.1233,32.13,24.537447916666665,23.84548611111111,1.7753819444444443,61069.2819,3.12,15.006700000000002,10,C10,cluster_10_hot_dry_normal_wind
2021-05-19,16.41,32.38,24.00930555555556,23.94097222222222,1.9503125,66031.0974,3.12,15.970000000000002,10,C10,cluster_10_hot_dry_normal_wind
2021-05-20,16.65,31.99,24.83546875,22.526041666666668,1.4594791666666669,54102.1226,3.12,15.34,10,C10,cluster_10_hot_dry_normal_wind
2021-05-21,16.83,32.36,26.19987847222222,22.76388888888889,2.4150520833333333,57882.2147,3.12,15.53,2,C02,cluster_02_hot_dry_normal_wind
2021-05-22,21.55,32.15,26.798940972222223,20.178819444444443,3.342083333333333,51811.3135,3.12,10.599999999999998,2,C02,cluster_02_hot_dry_normal_wind
2021-05-23,16.9692,29.98,23.71286458333333,35.25,1.5405381944444445,24516.1362,3.992916666666667,13.0108,6,C06,cluster_06_warm_normal_humidity_normal_wind
2021-05-24,16.33,30.82,23.785295138888888,33.92534722222222,1.8908506944444443,42670.3981,4.509166666666667,14.490000000000002,10,C10,cluster_10_hot_dry_normal_wind
2021-05-25,13.55,26.51,20.263854166666665,50.6875,2.643125,19381.951,9.466666666666663,12.96,6,C06,cluster_06_warm_normal_humidity_normal_wind
2021-05-26,11.94,23.38,17.819913194444446,63.232638888888886,2.5937847222222223,38782.0269,7.844583333333333,11.44,6,C06,cluster_06_warm_normal_humidity_normal_wind
2021-05-27,12.0,27.68,20.849253472222223,47.04861111111112,2.358350694444445,70385.5398,6.96,15.68,2,C02,cluster_02_hot_dry_normal_wind
2021-05-28,16.35,30.91,24.45644097222222,32.171875,1.4129340277777778,65050.0012,6.96,14.56,10,C10,cluster_10_hot_dry_normal_wind
2021-05-29,18.82,33.21,26.25314236111111,24.5625,1.7221180555555555,59683.85,6.96,14.39,10,C10,cluster_10_hot_dry_normal_wind
2021-05-30,19.1825,33.45,26.41008680555556,18.30902777777778,0.9809895833333332,73335.6892,6.96,14.267500000000002,10,C10,cluster_10_hot_dry_normal_wind
2021-05-31,18.38,32.78,26.31295138888889,16.73611111111111,2.149079861111111,73335.6892,6.96,14.400000000000002,10,C10,cluster_10_hot_dry_normal_wind
2021-06-01,19.08,33.23,26.466944444444444,19.11284722222222,2.148645833333333,73335.6892,6.96,14.15,10,C10,cluster_10_hot_dry_normal_wind
2021-06-02,20.21,34.34,27.59684027777778,17.85763888888889,1.5739236111111112,73335.6892,6.96,14.130000000000004,10,C10,cluster_10_hot_dry_normal_wind
2021-06-03,20.71,35.93,28.79355902777778,18.59375,1.3006944444444446,73335.6892,6.96,15.22,10,C10,cluster_10_hot_dry_normal_wind
2021-06-04,21.3892,35.23,28.457743055555557,16.59375,2.1243055555555554,73335.6892,6.96,13.840799999999998,10,C10,cluster_10_hot_dry_normal_wind
2021-06-05,20.62,34.27,28.037881944444443,19.713541666666668,1.8540104166666669,73022.9209,6.96,13.650000000000002,10,C10,cluster_10_hot_dry_normal_wind
2021-06-06,17.9442,33.62,26.554392361111116,25.09722222222222,2.1883854166666667,73335.6892,6.96,15.6758,10,C10,cluster_10_hot_dry_normal_wind
2021-06-07,15.28,31.48,24.164756944444445,28.36805555555556,3.052065972222222,73335.6892,6.96,16.200000000000003,2,C02,cluster_02_hot_dry_normal_wind
2021-06-08,14.86,31.43,23.80015625,28.87847222222222,1.8923090277777777,73335.6892,6.96,16.57,10,C10,cluster_10_hot_dry_normal_wind
2021-06-09,16.76,33.08,25.170659722222226,32.776041666666664,1.7816840277777777,72566.3926,6.96,16.319999999999997,10,C10,cluster_10_hot_dry_normal_wind
2021-06-10,17.0725,33.29,25.73550347222222,25.07465277777778,2.122986111111111,73335.6892,6.96,16.217499999999998,10,C10,cluster_10_hot_dry_normal_wind
2021-06-11,16.72,33.33,25.937465277777772,23.24305555555556,1.810486111111111,73335.6892,6.96,16.61,10,C10,cluster_10_hot_dry_normal_wind
2021-06-12,18.28,34.76,26.223003472222224,31.42534722222222,1.6389756944444445,73335.6892,6.96,16.479999999999997,10,C10,cluster_10_hot_dry_normal_wind
2021-06-13,18.0733,34.34,26.894791666666663,27.03125,1.4746527777777778,73335.6892,6.96,16.266700000000004,10,C10,cluster_10_hot_dry_normal_wind
2021-06-14,16.46,33.96,25.229600694444443,35.373263888888886,3.050711805555556,73308.1917,6.96,17.5,2,C02,cluster_02_hot_dry_normal_wind
2021-06-15,16.27,35.28,27.15512152777778,28.98611111111111,1.3316319444444444,73335.6892,6.96,19.01,10,C10,cluster_10_hot_dry_normal_wind
2021-06-16,19.31,36.62,29.259097222222223,25.682291666666668,2.414878472222222,73194.3768,6.96,17.31,10,C10,cluster_10_hot_dry_normal_wind
2021-06-17,23.47,35.85,29.93935763888889,22.19965277777778,3.2323263888888887,73335.6892,6.96,12.380000000000004,2,C02,cluster_02_hot_dry_normal_wind
2021-06-18,18.8217,36.93,28.846684027777776,23.609375,1.9397048611111112,72655.4519,6.96,18.1083,10,C10,cluster_10_hot_dry_normal_wind
2021-06-19,18.35,36.21,28.18111111111111,22.51909722222222,2.966267361111111,73168.2824,6.96,17.86,2,C02,cluster_02_hot_dry_normal_wind
2021-06-20,21.99,35.76,29.199027777777776,19.19097222222222,3.442135416666667,72776.7577,6.96,13.77,2,C02,cluster_02_hot_dry_normal_wind
2021-06-21,22.16,36.43,29.66597222222222,21.744791666666668,2.1839756944444444,72922.349,6.96,14.27,10,C10,cluster_10_hot_dry_normal_wind
2021-06-22,22.56,36.75,29.697725694444443,17.397569444444443,2.3214236111111117,73335.6892,6.96,14.19,10,C10,cluster_10_hot_dry_normal_wind
2021-06-23,21.4775,36.76,29.204045138888887,13.319444444444445,1.5716666666666663,73335.6892,6.96,15.2825,10,C10,cluster_10_hot_dry_normal_wind
2021-06-24,20.4908,35.91,28.928854166666667,20.33680555555556,1.1723263888888888,73258.8523,6.96,15.419199999999996,10,C10,cluster_10_hot_dry_normal_wind
2021-06-25,20.43,35.27,28.762222222222224,23.10243055555556,2.0101388888888887,68259.6258,6.96,14.840000000000003,10,C10,cluster_10_hot_dry_normal_wind
2021-06-26,22.27,34.92,28.92710069444444,20.06770833333333,2.554704861111111,71232.2462,6.96,12.650000000000002,2,C02,cluster_02_hot_dry_normal_wind
2021-06-27,22.38,34.45,29.10881944444445,23.213541666666668,2.6292534722222225,52381.8864,6.96,12.070000000000004,2,C02,cluster_02_hot_dry_normal_wind
2021-06-28,23.37,35.82,30.137065972222224,18.89930555555556,3.3387152777777778,59887.6836,6.96,12.45,2,C02,cluster_02_hot_dry_normal_wind
2021-06-29,23.73,35.05,29.521979166666668,19.4375,2.7449479166666664,37337.9067,6.96,11.319999999999997,2,C02,cluster_02_hot_dry_normal_wind
2021-06-30,22.32,35.15,29.309236111111108,22.291666666666668,1.5537847222222223,41342.0434,6.96,12.829999999999998,10,C10,cluster_10_hot_dry_normal_wind
2021-07-01,21.05,35.0,28.939756944444444,26.241319444444443,2.4815104166666666,46704.5264,6.96,13.95,2,C02,cluster_02_hot_dry_normal_wind
2021-07-02,20.7,34.43,27.592534722222226,33.041666666666664,1.7264930555555555,64018.6176,6.96,13.73,10,C10,cluster_10_hot_dry_normal_wind
2021-07-03,21.41,34.5,28.33892361111111,29.62326388888889,1.5650173611111111,64038.0404,6.96,13.09,10,C10,cluster_10_hot_dry_normal_wind
2021-07-04,21.58,36.48,30.307309027777777,23.87326388888889,2.5145659722222224,71750.9484,6.96,14.9,2,C02,cluster_02_hot_dry_normal_wind
2021-07-05,25.02,38.35,31.98536458333333,18.90277777777778,1.815416666666667,71751.6674,6.96,13.330000000000002,10,C10,cluster_10_hot_dry_normal_wind
2021-07-06,22.7533,38.24,31.12114583333333,17.741319444444443,1.855642361111111,73335.6892,6.96,15.486700000000004,10,C10,cluster_10_hot_dry_normal_wind
2021-07-07,21.7308,37.71,29.98381944444445,22.37326388888889,2.5265104166666665,73335.6892,6.96,15.979200000000002,2,C02,cluster_02_hot_dry_normal_wind
2021-07-08,18.7417,36.17,27.566423611111112,38.36805555555556,3.304444444444444,72187.4448,6.96,17.4283,2,C02,cluster_02_hot_dry_normal_wind
2021-07-09,18.07,34.03,25.60522569444445,46.90104166666666,2.80703125,68897.0958,6.96,15.96,2,C02,cluster_02_hot_dry_normal_wind
2021-07-10,17.0717,33.37,24.6925,46.375,2.329878472222222,69961.9722,6.96,16.298299999999998,2,C02,cluster_02_hot_dry_normal_wind
2021-07-11,16.69,34.01,25.809149305555557,43.03298611111112,2.051076388888889,69973.0274,6.96,17.319999999999997,10,C10,cluster_10_hot_dry_normal_wind
2021-07-12,18.97,36.44,27.342447916666668,40.62673611111112,2.3046527777777777,71697.8873,6.96,17.47,10,C10,cluster_10_hot_dry_normal_wind
2021-07-13,19.25,35.02,27.024982638888886,42.84375,2.2453993055555554,71278.4801,6.96,15.770000000000003,10,C10,cluster_10_hot_dry_normal_wind
2021-07-14,18.56,33.89,25.811215277777777,45.32986111111112,2.1849826388888887,69300.0605,6.1525,15.330000000000002,10,C10,cluster_10_hot_dry_normal_wind
2021-07-15,17.8625,31.52,24.15767361111111,49.140625,2.616267361111112,56611.4208,5.52,13.6575,2,C02,cluster_02_hot_dry_normal_wind
2021-07-16,17.34,31.1,23.75201388888889,48.61631944444444,2.157795138888889,52806.1843,5.157916666666667,13.760000000000002,10,C10,cluster_10_hot_dry_normal_wind
2021-07-17,17.58,32.88,26.20256944444445,41.39930555555556,1.3351041666666663,57432.1016,4.87125,15.300000000000004,10,C10,cluster_10_hot_dry_normal_wind
2021-07-18,21.41,34.61,28.652552083333333,35.979166666666664,1.5443229166666663,65011.8248,6.0,13.2,10,C10,cluster_10_hot_dry_normal_wind
2021-07-19,21.2125,34.52,28.368350694444445,39.46875,2.1878819444444444,60751.1042,6.0,13.307500000000005,10,C10,cluster_10_hot_dry_normal_wind
2021-07-20,20.75,34.97,28.25185763888889,33.08506944444444,1.632326388888889,72015.27,6.0,14.22,10,C10,cluster_10_hot_dry_normal_wind
2021-07-21,22.38,36.63,30.641857638888887,24.65625,1.8108333333333333,63331.88,6.0,14.250000000000004,10,C10,cluster_10_hot_dry_normal_wind
2021-07-22,24.0825,37.94,31.526284722222226,22.96180555555556,2.1265798611111117,68458.5154,6.0,13.857499999999998,10,C10,cluster_10_hot_dry_normal_wind
2021-07-23,22.6617,37.94,30.035763888888887,30.07465277777778,1.6686284722222222,73335.6892,6.0,15.278299999999998,10,C10,cluster_10_hot_dry_normal_wind
2021-07-24,21.99,38.47,29.80727430555556,30.229166666666668,1.9058159722222223,72558.9025,6.0,16.48,10,C10,cluster_10_hot_dry_normal_wind
2021-07-25,21.63,39.45,30.04774305555556,31.93576388888889,2.227517361111111,72361.3411,6.0,17.820000000000004,10,C10,cluster_10_hot_dry_normal_wind
2021-07-26,22.24,37.82,29.80916666666667,34.35590277777778,1.4266493055555556,64199.3379,6.0,15.580000000000002,10,C10,cluster_10_hot_dry_normal_wind
2021-07-27,22.27,36.69,30.41022569444445,30.682291666666668,1.805642361111111,72371.8609,6.0,14.419999999999998,10,C10,cluster_10_hot_dry_normal_wind
2021-07-28,19.87,35.13,27.77602430555556,38.763888888888886,2.231805555555556,69940.984,6.0,15.260000000000002,10,C10,cluster_10_hot_dry_normal_wind
2021-07-29,18.36,31.96,24.836423611111112,47.74131944444444,2.1247743055555555,59593.6986,6.0,13.6,10,C10,cluster_10_hot_dry_normal_wind
2021-07-30,17.61,32.39,25.29899305555556,42.560763888888886,2.208003472222222,48118.6338,3.88125,14.78,10,C10,cluster_10_hot_dry_normal_wind
2021-07-31,18.2,32.68,26.093211805555555,43.39756944444444,2.130989583333333,49184.6355,3.122916666666667,14.48,10,C10,cluster_10_hot_dry_normal_wind
2021-08-01,19.27,32.42,25.40737847222222,47.28125,1.7269270833333334,45832.6057,5.08125,13.150000000000002,10,C10,cluster_10_hot_dry_normal_wind
2021-08-02,19.05,31.32,24.754600694444445,48.90972222222222,1.985243055555556,36817.0028,6.22375,12.27,6,C06,cluster_06_warm_normal_humidity_normal_wind
2021-08-03,19.41,30.44,24.97737847222222,43.67534722222222,1.7967534722222225,55359.214,4.674166666666667,11.03,10,C10,cluster_10_hot_dry_normal_wind
2021-08-04,19.69,32.32,25.638385416666665,41.73611111111112,1.5063888888888888,58132.3395,4.08,12.63,10,C10,cluster_10_hot_dry_normal_wind
2021-08-05,19.93,33.14,26.13461805555556,40.60590277777778,1.5594097222222223,64696.6967,4.08,13.21,10,C10,cluster_10_hot_dry_normal_wind
2021-08-06,21.01,32.51,26.636354166666663,34.692708333333336,1.5065451388888889,60559.5429,4.08,11.499999999999996,10,C10,cluster_10_hot_dry_normal_wind
2021-08-07,21.43,34.11,28.32911458333333,27.42708333333333,2.538524305555556,64898.7852,4.08,12.68,2,C02,cluster_02_hot_dry_normal_wind
2021-08-08,23.0,35.82,29.739652777777778,23.42013888888889,2.6854513888888887,58856.6597,4.08,12.82,2,C02,cluster_02_hot_dry_normal_wind
2021-08-09,24.12,37.14,30.58159722222222,18.50347222222222,2.7065972222222223,65080.1958,4.08,13.02,2,C02,cluster_02_hot_dry_normal_wind
2021-08-10,24.62,37.06,31.12097222222222,20.36805555555556,2.1760069444444445,66930.4756,4.08,12.44,10,C10,cluster_10_hot_dry_normal_wind
2021-08-11,22.8108,36.59,30.35664930555556,22.538194444444443,1.761684027777778,57444.4518,4.08,13.779200000000005,10,C10,cluster_10_hot_dry_normal_wind
2021-08-12,22.69,35.98,29.50633680555556,23.17534722222222,1.4895486111111111,55244.9167,4.08,13.289999999999996,10,C10,cluster_10_hot_dry_normal_wind
2021-08-13,20.4075,37.72,29.201666666666668,29.52951388888889,2.1615104166666668,63604.4039,4.08,17.3125,10,C10,cluster_10_hot_dry_normal_wind
2021-08-14,19.64,35.72,27.37875,36.44791666666666,2.005572916666667,70312.4905,4.08,16.08,10,C10,cluster_10_hot_dry_normal_wind
2021-08-15,19.7458,33.26,26.43508680555556,40.795138888888886,1.951076388888889,60393.9989,4.08,13.5142,10,C10,cluster_10_hot_dry_normal_wind
2021-08-16,19.02,34.11,26.954062500000003,33.776041666666664,2.447673611111111,71691.0367,4.08,15.09,2,C02,cluster_02_hot_dry_normal_wind
2021-08-17,19.43,34.18,26.74399305555556,31.43402777777778,2.105329861111111,72402.3689,4.08,14.75,10,C10,cluster_10_hot_dry_normal_wind
2021-08-18,18.8,32.18,25.79769097222222,34.19965277777778,1.5008680555555556,60408.9131,4.08,13.38,10,C10,cluster_10_hot_dry_normal_wind
2021-08-19,20.34,33.39,27.43571180555556,29.88888888888889,2.679409722222222,72836.2974,4.08,13.05,2,C02,cluster_02_hot_dry_normal_wind
2021-08-20,22.67,35.11,28.835104166666667,21.21875,2.786597222222222,69873.575,4.08,12.439999999999998,2,C02,cluster_02_hot_dry_normal_wind
2021-08-21,19.11,34.08,26.64161458333333,30.28645833333333,1.7210590277777778,54494.9055,4.08,14.97,10,C10,cluster_10_hot_dry_normal_wind
2021-08-22,18.54,33.63,26.30223958333333,31.803819444444443,1.584826388888889,54267.5196,4.08,15.090000000000003,10,C10,cluster_10_hot_dry_normal_wind
2021-08-23,19.84,33.14,26.91611111111111,29.75868055555556,1.419375,58300.2972,4.08,13.3,10,C10,cluster_10_hot_dry_normal_wind
2021-08-24,19.85,33.58,27.84381944444445,27.125,2.102118055555556,66657.3484,4.08,13.729999999999997,10,C10,cluster_10_hot_dry_normal_wind
2021-08-25,22.02,34.49,28.58197916666667,20.16145833333333,2.852309027777778,72135.6881,4.08,12.470000000000002,2,C02,cluster_02_hot_dry_normal_wind
2021-08-26,20.19,35.79,27.898802083333333,23.95659722222222,1.6366493055555555,70570.5974,4.08,15.599999999999998,10,C10,cluster_10_hot_dry_normal_wind
2021-08-27,18.8058,34.27,26.40473958333333,40.34027777777778,1.7342708333333334,69632.4867,4.08,15.464200000000002,10,C10,cluster_10_hot_dry_normal_wind
2021-08-28,18.3,33.62,25.994809027777777,37.30729166666666,1.3009375,72757.8731,4.08,15.319999999999997,10,C10,cluster_10_hot_dry_normal_wind
2021-08-29,19.47,32.61,25.9115625,35.26909722222222,1.430625,73082.1189,4.08,13.14,10,C10,cluster_10_hot_dry_normal_wind
2021-08-30,19.71,34.01,26.774965277777778,25.36805555555556,1.1121180555555557,70106.3922,4.08,14.299999999999995,10,C10,cluster_10_hot_dry_normal_wind
2021-08-31,19.5,33.94,27.291319444444444,23.99826388888889,1.718888888888889,72754.7659,4.08,14.439999999999998,10,C10,cluster_10_hot_dry_normal_wind
2021-09-01,20.86,35.13,28.305208333333333,22.5,2.768888888888889,73131.2192,4.08,14.270000000000003,2,C02,cluster_02_hot_dry_normal_wind
2021-09-02,21.37,34.46,27.94368055555556,18.29513888888889,1.350364583333333,71818.3096,4.08,13.09,10,C10,cluster_10_hot_dry_normal_wind
2021-09-03,19.7542,36.77,28.830729166666668,18.897569444444443,2.125190972222222,46648.8387,4.08,17.015800000000002,10,C10,cluster_10_hot_dry_normal_wind
2021-09-04,15.6,32.44,23.912222222222223,43.94097222222222,2.5978125,68992.3462,4.08,16.839999999999996,2,C02,cluster_02_hot_dry_normal_wind
2021-09-05,15.33,32.83,24.442187500000003,37.70659722222222,1.4332986111111112,71879.6438,4.08,17.5,10,C10,cluster_10_hot_dry_normal_wind
2021-09-06,17.5,34.78,26.648072916666663,25.28298611111111,2.8002604166666667,73176.5945,4.08,17.28,2,C02,cluster_02_hot_dry_normal_wind
2021-09-07,17.2425,33.3,24.641666666666666,39.60416666666666,2.096736111111112,71118.354,4.08,16.057499999999997,10,C10,cluster_10_hot_dry_normal_wind
2021-09-08,16.42,30.95,22.968246527777776,46.796875,1.9173090277777776,73335.6892,4.08,14.529999999999998,10,C10,cluster_10_hot_dry_normal_wind
2021-09-09,14.65,30.47,22.23465277777778,46.55381944444444,2.0926041666666664,73332.2346,4.08,15.82,10,C10,cluster_10_hot_dry_normal_wind
2021-09-10,14.01,30.65,22.99711805555556,41.09375,2.1514756944444446,73332.2346,4.08,16.64,10,C10,cluster_10_hot_dry_normal_wind
2021-09-11,19.11,31.77,25.62619791666667,29.76909722222222,2.678958333333333,73335.6892,4.08,12.66,2,C02,cluster_02_hot_dry_normal_wind
2021-09-12,19.62,32.63,26.5296875,24.30208333333333,3.631423611111111,73335.6892,4.08,13.010000000000002,2,C02,cluster_02_hot_dry_normal_wind
2021-09-13,20.01,33.16,26.63888888888889,20.98784722222222,3.5953819444444446,73335.6892,4.08,13.149999999999997,2,C02,cluster_02_hot_dry_normal_wind
2021-09-14,20.93,33.52,26.97435763888889,17.59722222222222,2.877239583333333,73335.6892,4.08,12.590000000000003,2,C02,cluster_02_hot_dry_normal_wind
2021-09-15,20.23,33.87,26.703680555555557,14.166666666666666,2.886736111111111,73335.6892,4.08,13.639999999999995,2,C02,cluster_02_hot_dry_normal_wind
2021-09-16,19.26,33.23,26.23993055555556,14.00347222222222,3.3403819444444443,73335.6892,4.08,13.969999999999995,2,C02,cluster_02_hot_dry_normal_wind
2021-09-17,16.0917,32.74,24.82467013888889,18.78472222222222,1.4096354166666667,73335.6892,4.08,16.648300000000003,10,C10,cluster_10_hot_dry_normal_wind
2021-09-18,14.69,30.48,22.186197916666668,35.248263888888886,1.6961805555555556,73251.9433,4.08,15.79,10,C10,cluster_10_hot_dry_normal_wind
2021-09-19,13.8,30.67,23.17234375,31.901041666666668,1.6024305555555556,73238.2639,4.08,16.87,10,C10,cluster_10_hot_dry_normal_wind
2021-09-20,18.2317,31.32,24.676840277777774,25.303819444444443,1.8318923611111115,73335.6892,4.08,13.0883,10,C10,cluster_10_hot_dry_normal_wind
2021-09-21,16.24,31.29,22.976736111111112,32.201388888888886,1.5044965277777778,72933.4426,4.08,15.05,10,C10,cluster_10_hot_dry_normal_wind
2021-09-22,15.21,31.23,23.82208333333333,27.28993055555556,2.3800520833333336,70549.0599,4.08,16.02,2,C02,cluster_02_hot_dry_normal_wind
2021-09-23,18.57,30.79,24.64746527777778,20.55555555555556,2.2699479166666667,73335.6892,4.08,12.22,10,C10,cluster_10_hot_dry_normal_wind
2021-09-24,18.15,32.05,25.099288194444444,16.35590277777778,1.5373958333333333,73335.6892,4.08,13.9,10,C10,cluster_10_hot_dry_normal_wind
2021-09-25,15.315,29.58,23.672447916666663,21.510416666666668,1.245607638888889,73335.6892,4.08,14.265,10,C10,cluster_10_hot_dry_normal_wind
2021-09-26,9.69,25.62,17.79189236111111,46.63368055555556,3.25984375,73072.1753,4.08,15.93,2,C02,cluster_02_hot_dry_normal_wind
2021-09-27,8.9,27.1,19.334288194444444,38.310763888888886,2.0108159722222223,73335.6892,4.08,18.200000000000003,5,C05,cluster_05_warm_normal_humidity_normal_wind
2021-09-28,13.73,29.53,21.8378125,34.45659722222222,2.4254166666666666,71654.5974,4.08,15.8,2,C02,cluster_02_hot_dry_normal_wind
2021-09-29,12.21,28.46,19.545694444444443,45.640625,1.86140625,73234.0109,4.08,16.25,5,C05,cluster_05_warm_normal_humidity_normal_wind
2021-09-30,11.9,27.86,19.146371527777777,48.140625,1.861875,69626.7013,4.08,15.96,5,C05,cluster_05_warm_normal_humidity_normal_wind
2021-10-01,10.7842,26.1,17.793454861111112,55.06597222222222,2.025868055555556,72713.7506,4.08,15.3158,5,C05,cluster_05_warm_normal_humidity_normal_wind
2021-10-02,10.43,24.67,17.086666666666666,54.170138888888886,1.522951388888889,73304.737,4.08,14.240000000000002,5,C05,cluster_05_warm_normal_humidity_normal_wind
2021-10-03,11.55,25.65,18.88883680555556,48.49652777777778,2.255659722222222,73332.2346,4.08,14.099999999999998,5,C05,cluster_05_warm_normal_humidity_normal_wind
2021-10-04,14.2675,26.07,20.57220486111111,36.70486111111112,3.571475694444445,70225.6741,4.08,11.8025,2,C02,cluster_02_hot_dry_normal_wind
2021-10-05,9.7967,24.52,16.830885416666668,49.41840277777778,1.8246354166666667,70933.1378,4.08,14.7233,5,C05,cluster_05_warm_normal_humidity_normal_wind
2021-10-06,8.78,24.69,16.326215277777777,47.310763888888886,1.5867361111111111,66921.9086,4.08,15.910000000000002,5,C05,cluster_05_warm_normal_humidity_normal_wind
2021-10-07,6.9275,20.82,13.138940972222224,58.99479166666666,2.9033333333333333,71066.8305,4.08,13.8925,7,C07,cluster_07_mild_normal_humidity_normal_wind
2021-10-08,5.7008,20.01,12.091545138888888,59.74652777777778,2.4654166666666666,72683.9007,4.08,14.3092,7,C07,cluster_07_mild_normal_humidity_normal_wind
2021-10-09,5.03,19.68,11.972239583333334,60.435763888888886,1.85578125,71625.612,4.08,14.65,5,C05,cluster_05_warm_normal_humidity_normal_wind
2021-10-10,7.33,20.61,14.187118055555556,50.22222222222222,1.6965972222222223,73332.2346,4.08,13.28,5,C05,cluster_05_warm_normal_humidity_normal_wind
2021-10-11,8.3,21.72,14.938958333333334,38.34722222222222,1.6803645833333334,56328.7044,4.08,13.419999999999998,5,C05,cluster_05_warm_normal_humidity_normal_wind
2021-10-12,8.4,22.7,15.1925,32.666666666666664,2.14984375,45834.4417,4.08,14.3,5,C05,cluster_05_warm_normal_humidity_normal_wind
2021-10-13,9.15,24.24,17.22751736111111,26.53298611111111,1.0544444444444443,71149.5522,4.08,15.089999999999998,5,C05,cluster_05_warm_normal_humidity_normal_wind
2021-10-14,11.5767,26.26,18.334635416666668,37.185763888888886,2.1382638888888885,70983.71399999999,4.08,14.6833,5,C05,cluster_05_warm_normal_humidity_normal_wind
2021-10-15,10.94,25.98,17.949045138888888,38.87847222222222,1.2795833333333333,73315.1008,4.08,15.04,5,C05,cluster_05_warm_normal_humidity_normal_wind
2021-10-16,11.85,25.88,19.043125,38.53125,1.6117881944444443,69467.3669,4.08,14.03,5,C05,cluster_05_warm_normal_humidity_normal_wind
2021-10-17,13.3292,24.59,18.84012152777778,32.96180555555556,2.459027777777778,71843.4096,4.08,11.2608,5,C05,cluster_05_warm_normal_humidity_normal_wind
2021-10-18,12.26,22.89,17.442864583333332,27.58680555555556,1.979930555555556,73335.6892,4.08,10.63,5,C05,cluster_05_warm_normal_humidity_normal_wind
2021-10-19,11.3192,22.44,16.43423611111111,32.79340277777778,1.4971006944444445,72097.3257,4.08,11.1208,5,C05,cluster_05_warm_normal_humidity_normal_wind
2021-10-20,9.3733,19.42,13.995989583333332,52.13368055555556,2.8055381944444444,63788.8022,4.08,10.0467,7,C07,cluster_07_mild_normal_humidity_normal_wind
2021-10-21,6.3567,17.99,11.764131944444443,58.904513888888886,2.372638888888889,65747.5935,4.08,11.633299999999998,7,C07,cluster_07_mild_normal_humidity_normal_wind
2021-10-22,5.37,18.2,11.435295138888888,53.130208333333336,2.264670138888889,73056.7496,4.08,12.829999999999998,7,C07,cluster_07_mild_normal_humidity_normal_wind
2021-10-23,7.42,19.59,13.002152777777775,39.08854166666666,2.749045138888889,73335.6892,4.08,12.17,7,C07,cluster_07_mild_normal_humidity_normal_wind
2021-10-24,5.45,18.63,11.695,42.21875,2.0938020833333333,67592.13680000001,4.08,13.18,5,C05,cluster_05_warm_normal_humidity_normal_wind
2021-10-25,5.42,21.14,13.31640625,31.90798611111111,1.2442013888888888,73335.6892,4.08,15.72,5,C05,cluster_05_warm_normal_humidity_normal_wind
2021-10-26,6.12,17.56,11.329392361111111,46.08854166666666,2.097951388888889,49317.3356,4.08,11.439999999999998,7,C07,cluster_07_mild_normal_humidity_normal_wind
2021-10-27,5.17,15.4,9.08953125,50.64930555555556,2.344513888888889,64545.1162,4.032500000000001,10.23,7,C07,cluster_07_mild_normal_humidity_normal_wind
2021-10-28,5.1,16.61,10.32625,46.36111111111112,1.4399479166666669,72170.1191,2.64,11.51,0,C00,cluster_00_mild_normal_humidity_normal_wind
2021-10-29,6.7,16.61,12.283038194444444,49.43402777777778,2.3175868055555555,16320.0808,2.7295833333333333,9.91,6,C06,cluster_06_warm_normal_humidity_normal_wind
2021-10-30,9.41,16.91,12.585347222222222,69.55381944444444,1.0608333333333333,20414.8225,4.909583333333334,7.5,11,C11,cluster_11_mild_normal_humidity_normal_wind
2021-10-31,10.76,19.81,14.447378472222224,66.00868055555556,0.9851041666666666,27554.2975,3.12,9.05,11,C11,cluster_11_mild_normal_humidity_normal_wind
2021-11-01,10.2,21.02,15.142864583333337,62.953125,0.8800520833333334,34119.039,3.12,10.82,6,C06,cluster_06_warm_normal_humidity_normal_wind
2021-11-02,10.46,20.95,15.29809027777778,57.36284722222222,0.6386805555555556,68073.2537,3.12,10.489999999999998,5,C05,cluster_05_warm_normal_humidity_normal_wind
2021-11-03,9.12,19.32,13.441944444444443,71.24479166666667,1.5610069444444443,27135.9672,3.12,10.2,11,C11,cluster_11_mild_normal_humidity_normal_wind
2021-11-04,8.8933,15.61,11.800104166666666,79.41319444444444,1.74953125,15291.1172,10.38375,6.7167,3,C03,cluster_03_mild_humid_normal_wind
2021-11-05,5.57,10.65,8.558350694444444,88.42881944444444,2.095503472222222,12504.1374,16.029583333333335,5.08,3,C03,cluster_03_mild_humid_normal_wind
2021-11-06,4.57,8.03,6.104149305555556,89.234375,1.7587847222222222,13520.8307,10.576666666666666,3.459999999999999,3,C03,cluster_03_mild_humid_normal_wind
2021-11-07,-0.8583,10.91,5.5253125,79.83680555555556,1.4743576388888888,37858.4639,3.628333333333333,11.7683,11,C11,cluster_11_mild_normal_humidity_normal_wind
2021-11-08,-1.74,12.87,5.24078125,56.15104166666666,0.7322048611111112,71958.2657,4.08,14.61,0,C00,cluster_00_mild_normal_humidity_normal_wind
2021-11-09,-0.24,13.66,6.460815972222222,51.49305555555556,0.6728645833333333,73335.6892,4.08,13.9,0,C00,cluster_00_mild_normal_humidity_normal_wind
2021-11-10,2.19,13.37,7.608020833333334,56.60069444444444,1.171840277777778,73335.6892,4.08,11.18,0,C00,cluster_00_mild_normal_humidity_normal_wind
2021-11-11,3.78,11.52,7.53064236111111,68.875,0.9770833333333332,15266.0802,7.652083333333334,7.74,11,C11,cluster_11_mild_normal_humidity_normal_wind
2021-11-12,-0.2375,6.27,4.092482638888889,80.83506944444444,1.1647395833333334,32140.9204,6.789583333333334,6.507499999999999,11,C11,cluster_11_mild_normal_humidity_normal_wind
2021-11-13,-1.38,10.05,3.319045138888889,74.41319444444444,1.441875,73232.1901,3.12,11.43,0,C00,cluster_00_mild_normal_humidity_normal_wind
2021-11-14,-0.39,13.07,5.833402777777778,59.39409722222222,0.5607291666666667,73335.6892,3.12,13.46,0,C00,cluster_00_mild_normal_humidity_normal_wind
2021-11-15,2.06,11.39,6.274218749999999,65.31076388888889,1.35046875,13737.8482,3.12,9.33,11,C11,cluster_11_mild_normal_humidity_normal_wind
2021-11-16,-2.2258,9.79,4.01890625,67.19097222222223,2.5866145833333336,15160.0838,3.12,12.0158,7,C07,cluster_07_mild_normal_humidity_normal_wind
2021-11-17,-3.02,8.1,2.292708333333333,67.96354166666667,1.66796875,65129.6985,3.12,11.12,0,C00,cluster_00_mild_normal_humidity_normal_wind
2021-11-18,-0.62,9.23,3.499722222222222,65.74305555555556,0.8671701388888889,67447.0334,3.12,9.85,0,C00,cluster_00_mild_normal_humidity_normal_wind
2021-11-19,-0.22,9.42,4.183072916666666,65.78819444444444,1.802638888888889,34393.3423,3.12,9.64,11,C11,cluster_11_mild_normal_humidity_normal_wind
2021-11-20,0.91,11.56,5.947934027777778,62.755208333333336,1.6057291666666669,72471.2879,3.1475,10.65,0,C00,cluster_00_mild_normal_humidity_normal_wind
2021-11-21,3.5583,10.4,6.697621527777778,78.14236111111111,2.021875,38735.1098,8.178333333333335,6.8417,3,C03,cluster_03_mild_humid_normal_wind
2021-11-22,3.205,11.33,6.873923611111112,83.84548611111111,1.7776909722222225,40911.5839,5.4225,8.125,11,C11,cluster_11_mild_normal_humidity_normal_wind
2021-11-23,2.29,13.0,6.959027777777778,79.921875,0.765625,72782.7726,4.08,10.71,0,C00,cluster_00_mild_normal_humidity_normal_wind
2021-11-24,2.27,13.65,7.916805555555555,55.348958333333336,0.5937152777777778,69880.4161,4.08,11.38,0,C00,cluster_00_mild_normal_humidity_normal_wind
2021-11-25,3.16,12.95,7.466979166666666,64.203125,0.943125,19411.5913,4.08,9.79,11,C11,cluster_11_mild_normal_humidity_normal_wind
2021-11-26,2.57,12.92,8.392760416666667,65.07291666666667,1.0604340277777775,65275.7137,3.81375,10.35,0,C00,cluster_00_mild_normal_humidity_normal_wind
2021-11-27,4.21,14.72,8.359496527777777,73.03645833333333,0.7550868055555555,72834.9184,4.8,10.510000000000002,0,C00,cluster_00_mild_normal_humidity_normal_wind
2021-11-28,4.34,14.26,9.007239583333334,58.92361111111112,0.9439236111111112,64677.2863,4.8,9.92,0,C00,cluster_00_mild_normal_humidity_normal_wind
2021-11-29,4.5308,16.15,9.520364583333333,64.76215277777777,0.8314930555555555,70170.9144,4.8,11.6192,0,C00,cluster_00_mild_normal_humidity_normal_wind
2021-11-30,2.95,15.01,9.749079861111111,60.50868055555556,1.375729166666667,27507.0987,4.8,12.06,11,C11,cluster_11_mild_normal_humidity_normal_wind
2021-12-01,7.97,17.26,11.955225694444444,53.817708333333336,3.419305555555556,19097.5999,4.8,9.290000000000004,7,C07,cluster_07_mild_normal_humidity_normal_wind
2021-12-02,2.6717,14.1,8.615434027777777,68.140625,2.5284375000000003,27833.1562,18.26,11.4283,3,C03,cluster_03_mild_humid_normal_wind
2021-12-03,-1.14,8.62,3.3636979166666667,70.125,1.8976041666666663,72564.2863,4.8,9.76,0,C00,cluster_00_mild_normal_humidity_normal_wind
2021-12-04,-0.82,10.42,3.976961805555556,53.25347222222222,0.7535763888888889,65944.0555,4.8,11.24,0,C00,cluster_00_mild_normal_humidity_normal_wind
2021-12-05,0.71,10.66,6.229930555555556,52.390625,1.1785069444444445,25288.0426,4.8,9.95,11,C11,cluster_11_mild_normal_humidity_normal_wind
2021-12-06,0.57,8.3,4.775798611111111,73.85590277777777,0.8690625,46620.2719,6.0720833333333335,7.73,11,C11,cluster_11_mild_normal_humidity_normal_wind
2021-12-07,0.24,10.94,5.45953125,70.42708333333333,0.8121180555555555,65965.7405,6.48,10.7,0,C00,cluster_00_mild_normal_humidity_normal_wind
2021-12-08,2.48,10.91,6.877934027777778,61.78472222222222,2.1218055555555555,17918.8723,6.48,8.43,3,C03,cluster_03_mild_humid_normal_wind
2021-12-09,4.77,13.89,8.745677083333334,61.333333333333336,2.426579861111111,54186.3396,6.48,9.12,7,C07,cluster_07_mild_normal_humidity_normal_wind
2021-12-10,1.5525,12.16,6.604652777777778,59.59548611111112,0.8067361111111111,73129.6769,2.726666666666667,10.6075,0,C00,cluster_00_mild_normal_humidity_normal_wind
2021-12-11,0.3,12.52,5.207604166666666,53.57465277777778,0.4560937499999999,73335.6892,2.64,12.22,0,C00,cluster_00_mild_normal_humidity_normal_wind
2021-12-12,-0.34,14.03,5.588836805555555,49.96527777777778,0.7222395833333333,73335.6892,2.64,14.37,0,C00,cluster_00_mild_normal_humidity_normal_wind
2021-12-13,0.39,12.0,4.993975694444445,55.69097222222222,0.7090104166666666,72892.5597,2.64,11.61,0,C00,cluster_00_mild_normal_humidity_normal_wind
2021-12-14,-0.08,10.24,4.962256944444444,61.701388888888886,0.8067881944444444,34383.0749,2.64,10.32,11,C11,cluster_11_mild_normal_humidity_normal_wind
2021-12-15,-0.725,9.05,4.181163194444444,64.19791666666667,2.4379166666666667,21305.9001,2.64,9.775,11,C11,cluster_11_mild_normal_humidity_normal_wind
2021-12-16,-1.01,9.28,3.589635416666667,58.232638888888886,1.5739409722222222,73335.6892,2.64,10.29,0,C00,cluster_00_mild_normal_humidity_normal_wind
2021-12-17,1.05,9.35,5.032413194444445,58.79861111111112,2.8398784722222223,54127.388,3.994583333333333,8.299999999999999,7,C07,cluster_07_mild_normal_humidity_normal_wind
2021-12-18,2.99,6.09,4.483784722222222,79.9375,2.5819965277777777,21312.17,13.669583333333334,3.1,3,C03,cluster_03_mild_humid_normal_wind
2021-12-19,1.55,8.79,4.65515625,72.93576388888889,1.1558506944444444,68918.6549,15.747916666666663,7.239999999999999,4,C04,cluster_04_cold_normal_humidity_normal_wind
2021-12-20,0.35,10.55,6.766284722222222,72.71875,2.728802083333333,15397.0946,15.69,10.2,3,C03,cluster_03_mild_humid_normal_wind
2021-12-21,3.1508,10.5,6.442621527777778,61.66319444444444,1.3460243055555556,69196.7644,21.254583333333333,7.3492,9,C09,cluster_09_cold_normal_humidity_normal_wind
2021-12-22,1.62,9.2,4.961805555555555,57.217013888888886,1.09109375,55331.3793,21.84,7.579999999999999,9,C09,cluster_09_cold_normal_humidity_normal_wind
2021-12-23,0.76,8.11,4.6378125,63.69097222222222,1.2174652777777777,42780.0698,16.967916666666667,7.35,4,C04,cluster_04_cold_normal_humidity_normal_wind
2021-12-24,1.48,5.31,3.5135069444444444,73.37152777777777,1.1425520833333334,36425.2131,4.729583333333333,3.83,11,C11,cluster_11_mild_normal_humidity_normal_wind
2021-12-25,-5.4158,6.61,0.6252256944444444,64.65104166666667,1.483142361111111,62881.5075,6.0,12.0258,0,C00,cluster_00_mild_normal_humidity_normal_wind
2021-12-26,-5.79,6.21,-0.6500694444444445,54.00173611111112,1.0607986111111112,73335.6892,6.0,12.0,0,C00,cluster_00_mild_normal_humidity_normal_wind
2021-12-27,-4.45,7.23,0.4018576388888888,57.29166666666666,0.8102083333333333,73335.6892,6.0,11.68,0,C00,cluster_00_mild_normal_humidity_normal_wind
2021-12-28,-3.85,7.14,0.6391666666666667,59.40104166666666,0.9324131944444444,73197.5047,6.0,10.99,0,C00,cluster_00_mild_normal_humidity_normal_wind
2021-12-29,-1.68,6.22,1.0470659722222222,62.91840277777778,0.7765798611111111,55773.0092,6.0,7.899999999999999,11,C11,cluster_11_mild_normal_humidity_normal_wind
2021-12-30,-1.51,7.28,2.3365798611111117,66.23958333333333,0.6551041666666666,55001.3922,6.0,8.790000000000001,0,C00,cluster_00_mild_normal_humidity_normal_wind
2021-12-31,-1.42,7.94,2.19203125,69.01215277777777,0.6889236111111111,72170.7852,6.0,9.36,0,C00,cluster_00_mild_normal_humidity_normal_wind
2022-01-01,-1.67,6.99,3.5627256944444445,72.42534722222223,1.17234375,22770.5289,6.760000000000001,8.66,11,C11,cluster_11_mild_normal_humidity_normal_wind
2022-01-02,0.2,6.0,3.1780729166666664,80.35243055555556,1.2792881944444443,12791.751,4.667916666666667,5.8,11,C11,cluster_11_mild_normal_humidity_normal_wind
2022-01-03,-3.7333,4.9,0.5976041666666667,81.59375,1.0752777777777778,25502.9218,4.32,8.6333,11,C11,cluster_11_mild_normal_humidity_normal_wind
2022-01-04,-5.45,6.14,2.045954861111112,65.82291666666667,1.0690277777777777,56643.4036,4.32,11.59,0,C00,cluster_00_mild_normal_humidity_normal_wind
2022-01-05,-6.4008,5.21,1.4042881944444443,65.52256944444444,2.7661979166666666,58988.4261,3.053333333333333,11.6108,7,C07,cluster_07_mild_normal_humidity_normal_wind
2022-01-06,-6.54,7.81,0.7356250000000001,51.11284722222222,0.9542708333333332,73335.6892,2.4,14.35,0,C00,cluster_00_mild_normal_humidity_normal_wind
2022-01-07,-1.71,8.8,2.765381944444444,56.11631944444444,1.4037152777777775,73335.6892,2.4,10.510000000000002,0,C00,cluster_00_mild_normal_humidity_normal_wind
2022-01-08,-2.41,10.13,2.4241840277777778,57.01736111111112,0.8675868055555556,64815.7149,2.4,12.54,0,C00,cluster_00_mild_normal_humidity_normal_wind
2022-01-09,-1.0425,9.48,3.388628472222222,61.75,1.1123090277777778,73177.7628,2.4,10.5225,0,C00,cluster_00_mild_normal_humidity_normal_wind
2022-01-10,-2.42,8.21,4.772430555555555,55.05902777777778,1.5198958333333334,38249.2669,2.4,10.63,11,C11,cluster_11_mild_normal_humidity_normal_wind
2022-01-11,5.24,9.21,6.672170138888889,69.16666666666667,1.5087326388888889,28711.8258,2.4,3.9700000000000006,11,C11,cluster_11_mild_normal_humidity_normal_wind
2022-01-12,3.51,11.14,6.5778125,75.859375,1.0952604166666666,54125.0418,2.4,7.630000000000001,11,C11,cluster_11_mild_normal_humidity_normal_wind
2022-01-13,4.35,10.91,8.075416666666666,65.89756944444444,1.6983506944444444,31778.3602,2.473333333333333,6.5600000000000005,11,C11,cluster_11_mild_normal_humidity_normal_wind
2022-01-14,3.23,9.32,6.387170138888889,81.33854166666667,2.106423611111111,25106.6709,11.286666666666669,6.09,3,C03,cluster_03_mild_humid_normal_wind
2022-01-15,-0.37,7.32,3.483055555555556,72.13541666666667,1.306545138888889,49667.9371,8.242916666666666,7.69,11,C11,cluster_11_mild_normal_humidity_normal_wind
2022-01-16,-0.9,4.88,2.2704340277777777,72.74479166666667,2.592465277777778,40191.4915,4.034583333333334,5.78,3,C03,cluster_03_mild_humid_normal_wind
2022-01-17,-3.57,4.86,0.9161458333333334,76.09375,2.216076388888889,29122.1734,4.439166666666667,8.43,11,C11,cluster_11_mild_normal_humidity_normal_wind
2022-01-18,-5.7458,-0.11,-3.5483333333333333,61.92881944444444,2.0753993055555555,73019.8447,4.32,5.6358,4,C04,cluster_04_cold_normal_humidity_normal_wind
2022-01-19,-6.01,6.21,-0.6191666666666666,43.07291666666666,1.7327083333333333,73335.6892,4.32,12.22,0,C00,cluster_00_mild_normal_humidity_normal_wind
2022-01-20,-8.905,3.13,-1.993368055555556,61.33159722222222,3.486996527777778,29526.4521,4.32,12.035,7,C07,cluster_07_mild_normal_humidity_normal_wind
2022-01-21,-11.93,-1.49,-7.170173611111112,54.723958333333336,2.450989583333333,73025.5668,4.32,10.44,4,C04,cluster_04_cold_normal_humidity_normal_wind
2022-01-22,-8.19,2.44,-3.265277777777777,44.76215277777778,0.7584548611111112,73335.6892,4.32,10.63,0,C00,cluster_00_mild_normal_humidity_normal_wind
2022-01-23,-6.96,5.93,-0.8508680555555556,45.71354166666666,1.2119097222222222,73335.6892,4.32,12.89,0,C00,cluster_00_mild_normal_humidity_normal_wind
2022-01-24,-5.5,7.47,0.970173611111111,53.01215277777778,1.26375,73142.9276,4.32,12.97,0,C00,cluster_00_mild_normal_humidity_normal_wind
2022-01-25,-3.59,7.87,1.5711458333333337,58.49652777777778,1.254982638888889,73259.6877,4.32,11.46,0,C00,cluster_00_mild_normal_humidity_normal_wind
2022-01-26,-1.19,8.06,4.749027777777778,57.18402777777778,3.149131944444445,50195.5342,4.32,9.25,7,C07,cluster_07_mild_normal_humidity_normal_wind
2022-01-27,-2.24,5.72,2.722725694444444,70.78125,2.416076388888889,25016.4855,11.369583333333331,7.96,3,C03,cluster_03_mild_humid_normal_wind
2022-01-28,-4.1,4.88,-0.3014756944444444,64.65972222222223,1.5845138888888888,67371.9619,18.96,8.98,4,C04,cluster_04_cold_normal_humidity_normal_wind
2022-01-29,-5.1358,4.74,-0.5607291666666667,60.78472222222222,0.6591840277777777,55191.4184,18.96,9.8758,4,C04,cluster_04_cold_normal_humidity_normal_wind
2022-01-30,-7.53,4.92,-0.6217361111111112,59.76041666666666,0.8827951388888889,71877.22,18.96,12.45,4,C04,cluster_04_cold_normal_humidity_normal_wind
2022-01-31,-4.85,5.85,0.9785069444444444,60.83680555555556,1.6622743055555556,36184.0062,18.96,10.7,4,C04,cluster_04_cold_normal_humidity_normal_wind
2022-02-01,-5.64,3.44,-0.6818229166666667,78.31597222222223,1.0758159722222222,42792.8273,18.96,9.08,4,C04,cluster_04_cold_normal_humidity_normal_wind
2022-02-02,-5.58,8.12,1.3925868055555557,56.40972222222222,1.2441145833333334,73335.6892,18.96,13.7,4,C04,cluster_04_cold_normal_humidity_normal_wind
2022-02-03,-1.37,8.4,4.764114583333334,52.71006944444444,2.1087326388888887,14650.9183,18.96,9.77,3,C03,cluster_03_mild_humid_normal_wind
2022-02-04,3.77,10.37,6.657569444444444,66.06423611111111,3.2241493055555552,58371.7061,11.03875,6.6,7,C07,cluster_07_mild_normal_humidity_normal_wind
2022-02-05,0.03,6.72,3.680694444444444,69.80555555555556,2.2405902777777778,37546.6004,8.15125,6.69,3,C03,cluster_03_mild_humid_normal_wind
2022-02-06,-3.6583,5.44,1.1972569444444443,59.34027777777778,1.9300347222222225,38929.1313,7.440000000000001,9.0983,11,C11,cluster_11_mild_normal_humidity_normal_wind
2022-02-07,-4.61,6.7,0.5690277777777778,59.07118055555556,1.2028819444444443,52286.5133,7.440000000000001,11.31,4,C04,cluster_04_cold_normal_humidity_normal_wind
2022-02-08,-4.94,7.78,1.4784375,56.94791666666666,0.8020659722222222,57574.9591,7.440000000000001,12.72,4,C04,cluster_04_cold_normal_humidity_normal_wind
2022-02-09,-1.29,10.56,4.193854166666666,52.817708333333336,1.0425173611111112,68890.9482,7.440000000000001,11.85,0,C00,cluster_00_mild_normal_humidity_normal_wind
2022-02-10,0.25,11.7,7.490590277777778,49.76041666666666,2.2511458333333336,33571.2264,7.711250000000001,11.45,7,C07,cluster_07_mild_normal_humidity_normal_wind
2022-02-11,-0.2558,8.64,4.611927083333333,75.13888888888889,1.38953125,35730.323300000004,6.476666666666667,8.895800000000001,11,C11,cluster_11_mild_normal_humidity_normal_wind
2022-02-12,-4.7417,7.39,1.8798090277777777,78.13541666666667,1.2578645833333333,70418.9724,5.76,12.1317,0,C00,cluster_00_mild_normal_humidity_normal_wind
2022-02-13,-4.88,10.84,2.0483333333333333,63.515625,1.5627777777777778,71797.2947,5.76,15.72,0,C00,cluster_00_mild_normal_humidity_normal_wind
2022-02-14,-4.49,8.44,2.864618055555556,67.74826388888889,2.233923611111111,60288.3493,5.76,12.93,7,C07,cluster_07_mild_normal_humidity_normal_wind
2022-02-15,0.3842,10.74,4.706250000000001,62.232638888888886,1.843888888888889,66599.7816,5.76,10.3558,0,C00,cluster_00_mild_normal_humidity_normal_wind
2022-02-16,-1.34,7.33,2.890329861111111,72.97743055555556,1.0544618055555557,50100.2653,5.76,8.67,11,C11,cluster_11_mild_normal_humidity_normal_wind
2022-02-17,-0.51,8.04,3.5038541666666667,69.50347222222223,1.274427083333333,56980.5154,5.76,8.549999999999999,11,C11,cluster_11_mild_normal_humidity_normal_wind
2022-02-18,1.82,8.83,4.818472222222223,65.63194444444444,1.850798611111111,36390.4958,5.76,7.01,11,C11,cluster_11_mild_normal_humidity_normal_wind
2022-02-19,0.99,9.8,5.566736111111111,68.58159722222223,1.5535069444444445,12265.8425,6.460416666666666,8.81,11,C11,cluster_11_mild_normal_humidity_normal_wind
2022-02-20,3.15,8.91,5.9582291666666665,85.11458333333333,2.395364583333333,29103.1589,14.945,5.76,3,C03,cluster_03_mild_humid_normal_wind
2022-02-21,2.14,10.73,5.781128472222222,75.00520833333333,2.885,62465.8736,8.16125,8.59,7,C07,cluster_07_mild_normal_humidity_normal_wind
2022-02-22,2.6,12.39,7.678454861111111,63.08680555555556,1.453732638888889,56339.491,5.935833333333333,9.79,0,C00,cluster_00_mild_normal_humidity_normal_wind
2022-02-23,4.5,12.7,8.426458333333334,64.03645833333333,0.79,62889.1748,4.32,8.2,0,C00,cluster_00_mild_normal_humidity_normal_wind
2022-02-24,5.3233,14.73,9.252829861111111,57.65625,0.8882291666666666,73335.6892,4.32,9.4067,0,C00,cluster_00_mild_normal_humidity_normal_wind
2022-02-25,4.48,13.51,9.736857638888887,65.22395833333333,3.225763888888889,38614.6454,4.732083333333333,9.03,7,C07,cluster_07_mild_normal_humidity_normal_wind
2022-02-26,4.43,12.64,9.142256944444444,68.93923611111111,1.5895833333333331,47073.0559,8.287083333333333,8.21,11,C11,cluster_11_mild_normal_humidity_normal_wind
2022-02-27,1.3075,12.51,6.820746527777778,58.12847222222222,1.5836284722222222,70990.3744,4.8,11.2025,0,C00,cluster_00_mild_normal_humidity_normal_wind
2022-02-28,1.24,11.97,6.970920138888889,61.12847222222222,1.2969618055555554,30623.3908,4.8,10.73,11,C11,cluster_11_mild_normal_humidity_normal_wind
2022-03-01,3.34,12.98,8.81,60.72743055555556,1.0061631944444445,41671.729,4.8,9.64,11,C11,cluster_11_mild_normal_humidity_normal_wind
2022-03-02,7.11,11.75,9.004513888888889,66.70486111111111,1.0867187500000002,51382.6748,3.003333333333333,4.64,11,C11,cluster_11_mild_normal_humidity_normal_wind
2022-03-03,9.07,16.04,11.575746527777778,63.02256944444444,3.3750347222222223,13402.9677,4.150416666666667,6.969999999999999,3,C03,cluster_03_mild_humid_normal_wind
2022-03-04,0.6642,12.86,8.76890625,56.21875,4.521527777777778,55286.7061,13.599583333333335,12.1958,7,C07,cluster_07_mild_normal_humidity_normal_wind
2022-03-05,0.51,12.01,5.673576388888889,46.732638888888886,2.382430555555556,31634.3708,5.3654166666666665,11.5,7,C07,cluster_07_mild_normal_humidity_normal_wind
2022-03-06,1.36,10.37,6.541805555555555,56.84375,1.470607638888889,19238.4719,2.7954166666666667,9.01,11,C11,cluster_11_mild_normal_humidity_normal_wind
2022-03-07,2.75,5.49,4.186701388888888,88.15451388888889,0.7950520833333333,17986.9931,8.066666666666666,2.74,11,C11,cluster_11_mild_normal_humidity_normal_wind
2022-03-08,3.885,12.5,6.982934027777778,72.13715277777777,1.18546875,61725.201,3.57625,8.615,0,C00,cluster_00_mild_normal_humidity_normal_wind
2022-03-09,2.33,11.88,8.688784722222222,59.48611111111112,2.897986111111111,13869.0842,6.067916666666666,9.55,3,C03,cluster_03_mild_humid_normal_wind
2022-03-10,8.64,16.55,12.60123263888889,68.953125,3.3465625,17887.8138,7.168333333333333,7.91,3,C03,cluster_03_mild_humid_normal_wind
2022-03-11,6.115,15.18,11.898211805555556,69.52777777777777,2.008020833333333,36508.2582,7.872083333333332,9.065,11,C11,cluster_11_mild_normal_humidity_normal_wind
2022-03-12,5.5,12.37,9.455572916666666,47.94097222222222,1.0097222222222222,12419.5169,4.56,6.869999999999999,11,C11,cluster_11_mild_normal_humidity_normal_wind
2022-03-13,5.74,17.94,11.546527777777778,41.770833333333336,1.5527777777777778,70651.0934,4.704583333333333,12.2,5,C05,cluster_05_warm_normal_humidity_normal_wind
2022-03-14,1.85,14.57,8.212430555555555,60.67881944444444,1.5046180555555555,47349.7796,4.15875,12.72,0,C00,cluster_00_mild_normal_humidity_normal_wind
2022-03-15,1.02,13.24,7.315520833333333,69.5,1.4999479166666667,42528.9551,8.399166666666666,12.22,11,C11,cluster_11_mild_normal_humidity_normal_wind
2022-03-16,-3.9,8.86,3.113263888888889,68.88541666666667,2.408680555555556,43312.2463,6.0441666666666665,12.76,7,C07,cluster_07_mild_normal_humidity_normal_wind
2022-03-17,-3.94,5.88,1.5840104166666666,49.25,2.3253125000000003,66956.6101,6.48,9.82,7,C07,cluster_07_mild_normal_humidity_normal_wind
2022-03-18,-1.49,7.7,3.402829861111111,49.53298611111112,1.13375,25849.8084,6.48,9.19,11,C11,cluster_11_mild_normal_humidity_normal_wind
2022-03-19,0.34,10.62,5.998194444444445,51.27777777777778,1.92140625,40079.6494,6.48,10.28,7,C07,cluster_07_mild_normal_humidity_normal_wind
2022-03-20,3.48,13.59,8.825190972222224,49.802083333333336,3.116440972222222,24673.309,5.3741666666666665,10.11,7,C07,cluster_07_mild_normal_humidity_normal_wind
2022-03-21,4.18,14.54,8.872447916666665,65.53125,1.146284722222222,56619.1673,4.677083333333333,10.36,0,C00,cluster_00_mild_normal_humidity_normal_wind
2022-03-22,0.3142,10.93,6.502638888888889,81.49131944444444,1.5680034722222222,27382.5173,7.1308333333333325,10.6158,11,C11,cluster_11_mild_normal_humidity_normal_wind
2022-03-23,-0.43,10.89,5.009635416666667,76.37326388888889,1.5338715277777777,60770.4005,8.16,11.32,0,C00,cluster_00_mild_normal_humidity_normal_wind
2022-03-24,3.48,13.81,9.702326388888888,60.09722222222222,3.603350694444445,29553.8482,7.205,10.33,7,C07,cluster_07_mild_normal_humidity_normal_wind
2022-03-25,1.89,11.18,6.681302083333333,50.59375,2.933211805555556,47686.5194,5.28,9.29,7,C07,cluster_07_mild_normal_humidity_normal_wind
2022-03-26,2.08,9.12,5.519982638888889,54.66493055555556,1.9179513888888888,44008.721,8.779166666666667,7.039999999999999,11,C11,cluster_11_mild_normal_humidity_normal_wind
2022-03-27,1.32,11.19,6.382517361111111,52.005208333333336,1.9348090277777776,41746.6552,6.727916666666666,9.87,7,C07,cluster_07_mild_normal_humidity_normal_wind
2022-03-28,-0.04,13.32,6.4728819444444445,49.94097222222222,2.17625,71297.5656,4.08,13.36,7,C07,cluster_07_mild_normal_humidity_normal_wind
2022-03-29,-0.29,14.1,8.02640625,49.348958333333336,1.8118923611111115,73332.2346,4.08,14.39,0,C00,cluster_00_mild_normal_humidity_normal_wind
2022-03-30,5.28,16.81,11.477569444444445,38.435763888888886,2.8408506944444443,72200.4895,4.08,11.529999999999998,7,C07,cluster_07_mild_normal_humidity_normal_wind
2022-03-31,6.1417,17.57,11.532621527777778,50.36979166666666,1.0858680555555555,49804.4116,11.923333333333334,11.4283,8,C08,cluster_08_warm_normal_humidity_normal_wind
2022-04-01,5.22,19.85,12.764270833333336,47.857638888888886,1.0114409722222222,73335.6892,13.68,14.630000000000004,8,C08,cluster_08_warm_normal_humidity_normal_wind
2022-04-02,7.63,22.56,15.098506944444445,44.83680555555556,1.0884722222222225,73335.6892,13.68,14.93,8,C08,cluster_08_warm_normal_humidity_normal_wind
2022-04-03,9.44,24.44,17.26322916666667,38.94444444444444,0.7925520833333333,73000.6289,13.68,15.000000000000002,5,C05,cluster_05_warm_normal_humidity_normal_wind
2022-04-04,13.1125,24.72,18.64149305555556,30.12673611111111,1.1734722222222222,43323.0579,13.68,11.607499999999998,8,C08,cluster_08_warm_normal_humidity_normal_wind
2022-04-05,10.3,23.04,16.196545138888887,29.01736111111111,1.568559027777778,64677.6723,13.68,12.739999999999998,8,C08,cluster_08_warm_normal_humidity_normal_wind
2022-04-06,11.73,22.64,17.420729166666668,29.265625,1.3607291666666663,60897.7947,8.0275,10.91,5,C05,cluster_05_warm_normal_humidity_normal_wind
2022-04-07,10.45,23.14,17.046736111111112,37.77777777777778,3.131458333333333,20937.5451,3.6,12.69,6,C06,cluster_06_warm_normal_humidity_normal_wind
2022-04-08,11.14,21.08,16.40473958333333,39.38194444444444,2.0106597222222224,19400.9362,3.6,9.939999999999998,6,C06,cluster_06_warm_normal_humidity_normal_wind
2022-04-09,9.1642,17.9,14.12703125,55.00347222222222,1.7654340277777778,13889.7598,5.060833333333333,8.7358,6,C06,cluster_06_warm_normal_humidity_normal_wind
2022-04-10,6.83,17.38,11.6378125,63.24131944444444,2.768559027777778,67244.6695,3.12,10.55,7,C07,cluster_07_mild_normal_humidity_normal_wind
2022-04-11,6.82,24.04,16.40064236111111,38.020833333333336,1.5197916666666669,69365.0377,3.12,17.22,5,C05,cluster_05_warm_normal_humidity_normal_wind
2022-04-12,11.36,25.66,19.33553819444445,31.796875,2.186267361111111,31550.0769,3.12,14.3,6,C06,cluster_06_warm_normal_humidity_normal_wind
2022-04-13,12.19,27.35,20.246388888888887,17.161458333333332,3.079097222222222,57599.2836,3.12,15.160000000000002,2,C02,cluster_02_hot_dry_normal_wind
2022-04-14,11.95,27.22,19.560590277777777,15.69965277777778,2.0092708333333333,28068.5354,3.12,15.27,6,C06,cluster_06_warm_normal_humidity_normal_wind
2022-04-15,6.69,21.29,15.14890625,43.75173611111112,1.9048784722222225,38417.6795,6.161249999999999,14.599999999999998,6,C06,cluster_06_warm_normal_humidity_normal_wind
2022-04-16,4.5258,16.95,10.363177083333332,68.20138888888889,1.8605208333333332,37934.2783,11.66875,12.4242,8,C08,cluster_08_warm_normal_humidity_normal_wind
2022-04-17,4.2733,15.51,9.549618055555555,57.421875,3.556736111111111,60239.9064,3.12,11.2367,7,C07,cluster_07_mild_normal_humidity_normal_wind
2022-04-18,3.97,18.99,11.319930555555556,44.77430555555556,2.4726909722222223,73335.6892,3.12,15.019999999999998,5,C05,cluster_05_warm_normal_humidity_normal_wind
2022-04-19,5.34,24.74,16.683940972222224,41.171875,1.7474999999999998,58864.3218,3.12,19.4,5,C05,cluster_05_warm_normal_humidity_normal_wind
2022-04-20,13.19,27.1,19.835520833333334,41.029513888888886,1.2861284722222222,45885.5271,3.12,13.910000000000002,5,C05,cluster_05_warm_normal_humidity_normal_wind
2022-04-21,15.5,26.18,20.40597222222222,38.89930555555556,1.4063541666666666,34763.1422,4.6,10.68,6,C06,cluster_06_warm_normal_humidity_normal_wind
2022-04-22,9.09,24.62,17.78704861111111,40.86111111111112,1.7749131944444445,67194.5098,3.12,15.53,5,C05,cluster_05_warm_normal_humidity_normal_wind
2022-04-23,8.01,25.8,17.51329861111111,35.079861111111114,1.1820659722222222,68598.8154,3.12,17.79,5,C05,cluster_05_warm_normal_humidity_normal_wind
2022-04-24,10.75,26.21,20.304270833333334,33.55902777777778,2.469548611111111,14071.0636,3.12,15.46,6,C06,cluster_06_warm_normal_humidity_normal_wind
2022-04-25,13.16,22.08,17.958854166666665,49.15625,1.7972395833333334,12347.7531,3.6258333333333335,8.919999999999998,6,C06,cluster_06_warm_normal_humidity_normal_wind
2022-04-26,12.23,18.99,15.788888888888888,61.609375,1.2279861111111112,38544.0105,7.027916666666666,6.759999999999998,11,C11,cluster_11_mild_normal_humidity_normal_wind
2022-04-27,12.04,22.47,17.015555555555558,58.74652777777778,1.1196701388888888,50964.0167,6.4,10.43,8,C08,cluster_08_warm_normal_humidity_normal_wind
2022-04-28,13.08,23.79,18.007777777777775,52.82465277777778,1.0862847222222225,45662.9121,9.6,10.71,8,C08,cluster_08_warm_normal_humidity_normal_wind
2022-04-29,11.9467,20.11,16.206128472222222,61.69965277777778,0.7777777777777778,30772.0349,9.6,8.1633,8,C08,cluster_08_warm_normal_humidity_normal_wind
2022-04-30,10.44,22.45,16.010920138888892,65.23611111111111,1.9489409722222224,51630.3737,5.055416666666667,12.01,6,C06,cluster_06_warm_normal_humidity_normal_wind
2022-05-01,9.74,22.05,15.831180555555555,66.69965277777777,2.0271875,31935.0016,7.481666666666667,12.31,6,C06,cluster_06_warm_normal_humidity_normal_wind
2022-05-02,9.1467,17.5,13.568107638888888,77.36458333333333,2.064965277777778,25354.1434,23.70458333333333,8.3533,9,C09,cluster_09_cold_normal_humidity_normal_wind
2022-05-03,8.44,20.21,15.567100694444443,64.78993055555556,1.8735416666666669,44461.9211,28.610416666666666,11.77,9,C09,cluster_09_cold_normal_humidity_normal_wind
2022-05-04,12.35,23.6,18.12333333333333,50.875,1.734253472222222,58079.9027,5.52,11.250000000000002,5,C05,cluster_05_warm_normal_humidity_normal_wind
2022-05-05,15.64,25.66,19.826006944444444,48.19791666666666,3.8292534722222222,40307.1754,6.585,10.02,2,C02,cluster_02_hot_dry_normal_wind
2022-05-06,14.2075,26.66,20.06852430555556,38.052083333333336,2.754878472222222,43740.315,3.608333333333333,12.4525,6,C06,cluster_06_warm_normal_humidity_normal_wind
2022-05-07,13.17,23.4,18.17786458333333,43.265625,2.6741666666666664,37091.9234,17.515833333333333,10.23,8,C08,cluster_08_warm_normal_humidity_normal_wind
2022-05-08,9.6383,21.2,15.796527777777776,42.08506944444444,2.3584722222222223,50830.5651,10.935833333333331,11.5617,8,C08,cluster_08_warm_normal_humidity_normal_wind
2022-05-09,8.96,20.44,15.243975694444446,41.17881944444444,2.576458333333333,56142.8612,2.64,11.48,7,C07,cluster_07_mild_normal_humidity_normal_wind
2022-05-10,11.4575,20.75,15.284305555555555,43.67534722222222,1.84921875,33975.2686,5.307083333333334,9.2925,6,C06,cluster_06_warm_normal_humidity_normal_wind
2022-05-11,11.44,24.1,18.266111111111112,35.373263888888886,1.6275173611111111,58651.878,7.199999999999999,12.660000000000002,5,C05,cluster_05_warm_normal_humidity_normal_wind
2022-05-12,8.38,22.93,16.27890625,41.85416666666666,3.4163541666666664,46610.1964,7.199999999999999,14.55,2,C02,cluster_02_hot_dry_normal_wind
2022-05-13,5.7658,18.82,12.305260416666666,56.52604166666666,3.367204861111111,57118.6726,3.908333333333333,13.054200000000002,7,C07,cluster_07_mild_normal_humidity_normal_wind
2022-05-14,5.76,23.11,15.994149305555554,39.638888888888886,2.0641493055555555,73335.6892,2.4,17.35,5,C05,cluster_05_warm_normal_humidity_normal_wind
2022-05-15,12.43,26.99,20.90171875,25.18055555555556,1.7009375,67680.8213,2.4,14.56,5,C05,cluster_05_warm_normal_humidity_normal_wind
2022-05-16,12.045,30.54,22.768072916666668,26.98090277777778,3.503645833333333,47442.1978,2.4,18.495,2,C02,cluster_02_hot_dry_normal_wind
2022-05-17,11.52,25.21,18.236319444444447,43.54340277777778,3.1723090277777777,55992.1826,2.4,13.69,2,C02,cluster_02_hot_dry_normal_wind
2022-05-18,10.86,26.22,19.52946180555556,38.07291666666666,2.5144444444444445,72773.37,2.4,15.36,2,C02,cluster_02_hot_dry_normal_wind
2022-05-19,13.48,27.5,20.940260416666668,28.897569444444443,2.3086458333333333,73315.1008,2.4,14.02,2,C02,cluster_02_hot_dry_normal_wind
2022-05-20,12.9717,29.03,22.243559027777778,27.557291666666668,1.745,53416.3905,2.4,16.058300000000003,10,C10,cluster_10_hot_dry_normal_wind
2022-05-21,7.09,22.16,15.200763888888888,45.16319444444444,4.115694444444444,72900.7352,2.4,15.07,2,C02,cluster_02_hot_dry_normal_wind
2022-05-22,7.06,25.96,18.65145833333333,27.22743055555556,2.173298611111111,59502.0245,2.4,18.9,5,C05,cluster_05_warm_normal_humidity_normal_wind
2022-05-23,14.92,28.55,22.81911458333333,22.52951388888889,3.9106597222222224,27930.8905,2.4,13.63,2,C02,cluster_02_hot_dry_normal_wind
2022-05-24,14.71,26.38,20.45710069444445,27.55555555555556,3.138055555555556,73335.6892,2.4,11.669999999999998,2,C02,cluster_02_hot_dry_normal_wind
2022-05-25,11.19,26.74,19.416944444444443,36.56597222222222,3.476875,63037.4634,2.4,15.55,2,C02,cluster_02_hot_dry_normal_wind
2022-05-26,9.1642,23.55,16.56017361111111,48.286458333333336,3.3377430555555554,64953.0549,2.4,14.3858,2,C02,cluster_02_hot_dry_normal_wind
2022-05-27,8.75,26.74,18.47473958333333,32.54340277777778,1.889496527777777,73335.6892,2.4,17.99,5,C05,cluster_05_warm_normal_humidity_normal_wind
2022-05-28,11.01,27.13,20.582864583333333,29.288194444444443,1.6822048611111111,69816.4437,2.4,16.119999999999997,5,C05,cluster_05_warm_normal_humidity_normal_wind
2022-05-29,15.17,28.11,21.811788194444446,26.835069444444443,1.3072048611111111,59338.2686,2.4,12.94,5,C05,cluster_05_warm_normal_humidity_normal_wind
2022-05-30,14.94,28.47,21.545277777777777,35.36631944444444,1.2977430555555556,59607.1412,2.4,13.53,5,C05,cluster_05_warm_normal_humidity_normal_wind
2022-05-31,14.49,29.61,22.665972222222223,28.49305555555556,1.3115972222222223,66688.5511,2.4,15.12,10,C10,cluster_10_hot_dry_normal_wind
2022-06-01,15.96,31.07,24.15300347222222,23.81597222222222,2.3319791666666667,72240.4016,2.4,15.11,10,C10,cluster_10_hot_dry_normal_wind
2022-06-02,17.0125,32.67,25.27989583333333,22.43923611111111,1.830121527777778,55016.1926,2.4,15.657500000000002,10,C10,cluster_10_hot_dry_normal_wind
2022-06-03,16.87,32.79,25.00243055555556,31.97048611111111,1.6977604166666669,56391.1678,2.4,15.919999999999998,10,C10,cluster_10_hot_dry_normal_wind
2022-06-04,17.0,32.87,25.93013888888889,25.27951388888889,1.257204861111111,49850.2787,2.4,15.869999999999996,10,C10,cluster_10_hot_dry_normal_wind
2022-06-05,20.28,32.81,26.82376736111111,25.02083333333333,1.3281770833333333,14084.8183,2.4,12.53,6,C06,cluster_06_warm_normal_humidity_normal_wind
2022-06-06,20.5683,32.43,26.422708333333333,30.416666666666668,1.8029166666666667,37653.8043,2.7291666666666665,11.8617,6,C06,cluster_06_warm_normal_humidity_normal_wind
2022-06-07,19.93,32.5,26.3509375,29.859375,1.6834895833333334,28374.3802,4.102083333333333,12.57,6,C06,cluster_06_warm_normal_humidity_normal_wind
2022-06-08,19.75,35.99,28.144635416666667,21.39236111111111,3.93046875,60769.4681,4.56,16.240000000000002,2,C02,cluster_02_hot_dry_normal_wind
2022-06-09,19.53,34.32,27.172291666666663,19.69618055555556,2.849635416666666,73335.6892,4.56,14.79,2,C02,cluster_02_hot_dry_normal_wind
2022-06-10,16.1775,31.52,25.056631944444447,30.87152777777778,3.51046875,66183.4471,4.56,15.3425,2,C02,cluster_02_hot_dry_normal_wind
2022-06-11,15.27,30.64,22.56177083333333,43.779513888888886,2.5507465277777777,67241.3464,4.56,15.37,2,C02,cluster_02_hot_dry_normal_wind
2022-06-12,15.82,30.8,24.367204861111112,35.83506944444444,1.6168923611111112,70477.5591,4.56,14.98,10,C10,cluster_10_hot_dry_normal_wind
2022-06-13,21.27,33.63,27.806475694444444,24.04340277777778,2.740486111111111,59394.2577,4.56,12.360000000000005,2,C02,cluster_02_hot_dry_normal_wind
2022-06-14,19.7833,33.19,27.748072916666665,15.90625,1.4058506944444444,73335.6892,4.56,13.406699999999995,10,C10,cluster_10_hot_dry_normal_wind
2022-06-15,18.1375,33.7,26.370954861111112,22.63888888888889,2.6941840277777778,73335.6892,4.56,15.562500000000004,2,C02,cluster_02_hot_dry_normal_wind
2022-06-16,16.2925,32.39,24.49190972222222,36.59548611111112,3.080104166666666,73335.6892,4.56,16.0975,2,C02,cluster_02_hot_dry_normal_wind
2022-06-17,16.28,32.99,25.683680555555554,33.12152777777778,1.1971875,73335.6892,4.56,16.71,10,C10,cluster_10_hot_dry_normal_wind
2022-06-18,17.98,34.64,26.966388888888886,30.444444444444443,2.436892361111111,73258.8523,4.56,16.66,2,C02,cluster_02_hot_dry_normal_wind
2022-06-19,18.45,34.87,26.523125,36.07291666666666,1.9513888888888888,71289.5029,4.56,16.419999999999998,10,C10,cluster_10_hot_dry_normal_wind
2022-06-20,18.76,33.49,26.96137152777778,36.435763888888886,1.7948958333333331,72200.2803,4.56,14.73,10,C10,cluster_10_hot_dry_normal_wind
2022-06-21,21.71,33.2,27.720434027777777,29.81423611111111,4.068888888888889,73103.8713,4.56,11.490000000000002,2,C02,cluster_02_hot_dry_normal_wind
2022-06-22,21.675,36.01,28.994322916666665,21.11111111111111,3.469427083333333,73294.5128,4.56,14.334999999999996,2,C02,cluster_02_hot_dry_normal_wind
2022-06-23,20.94,32.08,26.94861111111111,20.80902777777778,1.8712152777777775,73335.6892,4.56,11.139999999999995,10,C10,cluster_10_hot_dry_normal_wind
2022-06-24,20.52,32.02,27.06701388888889,27.91145833333333,1.7429340277777776,72518.3992,4.56,11.500000000000004,10,C10,cluster_10_hot_dry_normal_wind
2022-06-25,22.43,34.38,28.475625,20.359375,1.401857638888889,73335.6892,4.56,11.950000000000005,10,C10,cluster_10_hot_dry_normal_wind
2022-06-26,21.7442,36.16,29.229444444444443,23.35763888888889,2.5002256944444445,53523.2061,4.56,14.415799999999996,2,C02,cluster_02_hot_dry_normal_wind
2022-06-27,21.07,36.3,28.956128472222225,22.04513888888889,2.058854166666667,73335.6892,4.56,15.229999999999997,10,C10,cluster_10_hot_dry_normal_wind
2022-06-28,21.35,37.86,29.73612847222222,20.041666666666668,1.6221180555555557,73335.6892,4.56,16.509999999999998,10,C10,cluster_10_hot_dry_normal_wind
2022-06-29,17.47,37.63,27.817569444444445,32.46006944444444,2.617951388888889,71829.5699,4.56,20.160000000000004,2,C02,cluster_02_hot_dry_normal_wind
2022-06-30,17.04,36.1,26.200625,35.607638888888886,2.476736111111111,73335.6892,4.56,19.06,2,C02,cluster_02_hot_dry_normal_wind
2022-07-01,18.05,37.92,27.294513888888886,32.32465277777778,2.340590277777778,73335.6892,4.56,19.87,10,C10,cluster_10_hot_dry_normal_wind
2022-07-02,18.33,36.48,26.465885416666666,36.29340277777778,2.636788194444444,73311.6464,4.56,18.15,2,C02,cluster_02_hot_dry_normal_wind
2022-07-03,15.3642,30.06,22.345121527777778,44.39930555555556,3.690746527777778,73228.6443,4.56,14.695799999999998,2,C02,cluster_02_hot_dry_normal_wind
2022-07-04,14.1067,28.94,20.78862847222222,49.05381944444444,3.140815972222222,72020.007,4.56,14.8333,2,C02,cluster_02_hot_dry_normal_wind
2022-07-05,14.1,29.28,22.14496527777778,48.46180555555556,2.033142361111111,68263.2026,4.56,15.18,5,C05,cluster_05_warm_normal_humidity_normal_wind
2022-07-06,16.68,31.05,23.86578125,41.97222222222222,1.9461631944444444,73194.454,4.56,14.37,10,C10,cluster_10_hot_dry_normal_wind
2022-07-07,17.72,33.62,25.974618055555556,32.807291666666664,3.172430555555556,73335.6892,4.56,15.9,2,C02,cluster_02_hot_dry_normal_wind
2022-07-08,17.6433,35.02,26.166666666666668,36.52256944444444,2.1048784722222225,73335.6892,4.56,17.376700000000003,10,C10,cluster_10_hot_dry_normal_wind
2022-07-09,17.41,34.52,25.88663194444445,36.57291666666666,2.149270833333333,73335.6892,4.56,17.110000000000003,10,C10,cluster_10_hot_dry_normal_wind
2022-07-10,18.42,35.98,28.055104166666663,26.37326388888889,2.0540625,73335.6892,4.56,17.559999999999995,10,C10,cluster_10_hot_dry_normal_wind
2022-07-11,23.92,37.88,31.382517361111116,20.479166666666668,3.069861111111111,73335.6892,4.56,13.96,2,C02,cluster_02_hot_dry_normal_wind
2022-07-12,22.8117,38.67,31.340086805555558,19.38888888888889,2.071822916666666,73033.5781,4.56,15.858300000000003,10,C10,cluster_10_hot_dry_normal_wind
2022-07-13,21.75,36.84,29.512430555555557,25.0,1.735017361111111,72854.9015,4.56,15.090000000000003,10,C10,cluster_10_hot_dry_normal_wind
2022-07-14,21.0133,35.56,28.56291666666667,28.34375,1.3081423611111112,73335.6892,4.56,14.5467,10,C10,cluster_10_hot_dry_normal_wind
2022-07-15,20.37,34.26,27.409652777777776,35.427083333333336,1.732326388888889,73311.6464,4.56,13.889999999999995,10,C10,cluster_10_hot_dry_normal_wind
2022-07-16,20.63,35.33,28.721927083333338,28.390625,1.5823958333333334,73227.0252,4.56,14.7,10,C10,cluster_10_hot_dry_normal_wind
2022-07-17,21.8567,36.5,29.743975694444444,21.75868055555556,1.0714409722222222,73097.0291,4.56,14.6433,10,C10,cluster_10_hot_dry_normal_wind
2022-07-18,21.21,36.58,29.374184027777776,22.56076388888889,1.5803819444444445,72837.335,4.56,15.369999999999996,10,C10,cluster_10_hot_dry_normal_wind
2022-07-19,22.5117,36.95,29.93171875,23.932291666666668,1.2820312500000002,72363.3487,4.56,14.438300000000002,10,C10,cluster_10_hot_dry_normal_wind
2022-07-20,21.37,36.92,29.46642361111111,26.24652777777778,1.4303472222222222,73279.4406,4.56,15.55,10,C10,cluster_10_hot_dry_normal_wind
2022-07-21,22.09,38.26,30.47458333333333,27.413194444444443,1.7011805555555557,73266.7989,4.56,16.169999999999998,10,C10,cluster_10_hot_dry_normal_wind
2022-07-22,20.3392,37.21,29.41027777777778,29.890625,1.838611111111111,73335.6892,4.56,16.8708,10,C10,cluster_10_hot_dry_normal_wind
2022-07-23,18.61,35.65,26.714010416666667,39.21875,2.50640625,73332.2346,4.56,17.04,2,C02,cluster_02_hot_dry_normal_wind
2022-07-24,18.6467,33.24,25.02598958333333,46.223958333333336,2.9103819444444445,72828.1483,4.56,14.593300000000005,2,C02,cluster_02_hot_dry_normal_wind
2022-07-25,17.29,31.92,24.01149305555556,52.42881944444444,3.289270833333333,66099.1956,4.56,14.630000000000004,2,C02,cluster_02_hot_dry_normal_wind
2022-07-26,17.51,34.25,25.844305555555557,44.30902777777778,2.4665625,73090.4857,4.56,16.74,2,C02,cluster_02_hot_dry_normal_wind
2022-07-27,18.87,35.95,27.801024305555558,42.99652777777778,1.8917881944444448,67109.6706,4.56,17.080000000000002,10,C10,cluster_10_hot_dry_normal_wind
2022-07-28,20.4408,35.31,27.54921875,49.52777777777778,2.290746527777778,55936.6675,4.545416666666666,14.869200000000005,2,C02,cluster_02_hot_dry_normal_wind
2022-07-29,19.8925,33.15,25.93298611111111,55.560763888888886,2.3334375,67325.2553,6.726249999999999,13.2575,2,C02,cluster_02_hot_dry_normal_wind
2022-07-30,18.97,33.91,26.505572916666665,49.14930555555556,2.058715277777777,69459.1599,9.36,14.939999999999998,10,C10,cluster_10_hot_dry_normal_wind
2022-07-31,20.615,32.47,26.601770833333333,46.373263888888886,1.5366145833333331,57291.5281,5.226249999999999,11.855,10,C10,cluster_10_hot_dry_normal_wind
2022-08-01,20.58,32.6,26.886701388888888,46.520833333333336,1.8782638888888887,56548.0287,4.735,12.020000000000003,10,C10,cluster_10_hot_dry_normal_wind
2022-08-02,21.46,34.83,28.686597222222225,34.689236111111114,1.1233854166666668,63633.0834,5.76,13.369999999999996,10,C10,cluster_10_hot_dry_normal_wind
2022-08-03,23.32,35.46,29.871388888888887,28.34722222222222,1.6963194444444445,63107.068,5.76,12.14,10,C10,cluster_10_hot_dry_normal_wind
2022-08-04,20.66,37.04,29.891406250000003,28.66493055555556,2.0424652777777776,69384.3027,5.76,16.38,10,C10,cluster_10_hot_dry_normal_wind
2022-08-05,20.76,35.91,28.840225694444445,33.25694444444444,2.032013888888889,73074.9705,5.76,15.149999999999997,10,C10,cluster_10_hot_dry_normal_wind
2022-08-06,22.04,36.51,29.692621527777774,29.26388888888889,3.016215277777777,71230.6671,5.76,14.47,2,C02,cluster_02_hot_dry_normal_wind
2022-08-07,21.87,36.83,29.456875,33.43402777777778,1.836892361111111,68060.1063,5.76,14.959999999999996,10,C10,cluster_10_hot_dry_normal_wind
2022-08-08,20.3875,37.92,28.823697916666667,37.515625,1.8717361111111115,64622.2519,5.76,17.532500000000002,10,C10,cluster_10_hot_dry_normal_wind
2022-08-09,18.8158,32.97,25.317100694444445,51.24652777777778,2.8949131944444444,73252.9805,5.76,14.1542,2,C02,cluster_02_hot_dry_normal_wind
2022-08-10,18.18,33.83,26.249375,49.53298611111112,1.6480208333333333,72971.8131,5.76,15.65,10,C10,cluster_10_hot_dry_normal_wind
2022-08-11,21.08,35.49,28.713038194444444,38.11979166666666,2.6255208333333333,72937.9349,5.76,14.410000000000004,2,C02,cluster_02_hot_dry_normal_wind
2022-08-12,21.9842,35.98,29.45086805555556,22.93402777777778,2.27484375,72938.5936,5.76,13.995799999999996,10,C10,cluster_10_hot_dry_normal_wind
2022-08-13,21.33,35.29,28.280572916666667,27.729166666666668,1.6090625,72488.41100000001,5.76,13.96,10,C10,cluster_10_hot_dry_normal_wind
2022-08-14,20.92,36.53,29.33355902777778,24.40451388888889,1.9261458333333332,73110.4146,5.76,15.61,10,C10,cluster_10_hot_dry_normal_wind
2022-08-15,23.78,37.85,30.562864583333333,19.55208333333333,1.7883506944444445,72943.3736,5.76,14.07,10,C10,cluster_10_hot_dry_normal_wind
2022-08-16,23.3558,38.33,30.82989583333333,26.932291666666668,1.3436458333333334,72304.3633,5.76,14.9742,10,C10,cluster_10_hot_dry_normal_wind
2022-08-17,20.3342,36.22,28.117604166666663,34.375,1.727777777777778,72811.0145,5.76,15.8858,10,C10,cluster_10_hot_dry_normal_wind
2022-08-18,18.2917,34.06,26.229253472222226,32.875,2.1730034722222222,73335.6892,5.76,15.768300000000004,10,C10,cluster_10_hot_dry_normal_wind
2022-08-19,17.25,32.96,25.24484375,31.23090277777778,1.482621527777778,73335.6892,5.76,15.71,10,C10,cluster_10_hot_dry_normal_wind
2022-08-20,18.0275,32.6,25.14803819444445,32.81944444444444,1.8068923611111112,68805.2884,5.76,14.572500000000002,10,C10,cluster_10_hot_dry_normal_wind
2022-08-21,17.26,31.56,24.496579861111112,36.65972222222222,1.3647743055555557,69305.8984,5.76,14.299999999999995,10,C10,cluster_10_hot_dry_normal_wind
2022-08-22,18.12,32.43,25.16234375,36.71527777777778,1.33375,72501.1965,5.76,14.31,10,C10,cluster_10_hot_dry_normal_wind
2022-08-23,16.8275,30.78,23.909635416666667,46.03298611111112,1.6392361111111111,69173.257,5.76,13.9525,10,C10,cluster_10_hot_dry_normal_wind
2022-08-24,16.73,30.29,23.298194444444444,41.92534722222222,1.2696875,73136.7361,5.76,13.56,5,C05,cluster_05_warm_normal_humidity_normal_wind
2022-08-25,15.94,30.52,23.19451388888889,31.78125,1.3198611111111112,72822.3489,5.76,14.58,10,C10,cluster_10_hot_dry_normal_wind
2022-08-26,16.72,30.9,23.88996527777778,27.66145833333333,1.537864583333333,73335.6892,5.76,14.18,10,C10,cluster_10_hot_dry_normal_wind
2022-08-27,17.51,31.68,24.485173611111108,22.99305555555556,1.0132291666666666,72950.5763,5.76,14.169999999999998,10,C10,cluster_10_hot_dry_normal_wind
2022-08-28,16.3408,31.86,23.963611111111117,30.78298611111111,1.613923611111111,73335.6892,5.76,15.519199999999998,10,C10,cluster_10_hot_dry_normal_wind
2022-08-29,15.44,31.66,23.852465277777775,26.322916666666668,0.9493576388888888,73335.6892,5.76,16.22,10,C10,cluster_10_hot_dry_normal_wind
2022-08-30,16.12,32.14,24.333506944444444,26.30034722222222,1.485138888888889,73279.4406,5.76,16.02,10,C10,cluster_10_hot_dry_normal_wind
2022-08-31,15.45,32.75,24.634184027777778,23.00520833333333,1.0323090277777778,72977.3296,5.76,17.3,10,C10,cluster_10_hot_dry_normal_wind
2022-09-01,17.32,33.35,25.249895833333333,16.821180555555557,1.00578125,73335.6892,5.76,16.03,10,C10,cluster_10_hot_dry_normal_wind
2022-09-02,16.5317,33.25,25.1934375,16.710069444444443,0.8657118055555555,73335.6892,5.76,16.7183,10,C10,cluster_10_hot_dry_normal_wind
2022-09-03,13.5392,33.52,23.81880208333333,22.600694444444443,1.8642534722222224,73291.0581,5.76,19.9808,10,C10,cluster_10_hot_dry_normal_wind
2022-09-04,12.43,33.67,23.743732638888886,24.119791666666668,1.894670138888889,73335.6892,5.76,21.24,10,C10,cluster_10_hot_dry_normal_wind
2022-09-05,16.41,34.88,26.53795138888889,17.744791666666668,1.404670138888889,73335.6892,5.76,18.47,10,C10,cluster_10_hot_dry_normal_wind
2022-09-06,19.02,33.86,26.214878472222225,23.36284722222222,2.176041666666667,73335.6892,5.76,14.84,10,C10,cluster_10_hot_dry_normal_wind
2022-09-07,18.28,32.48,25.56595486111111,28.390625,2.531996527777778,67475.737,5.76,14.199999999999996,2,C02,cluster_02_hot_dry_normal_wind
2022-09-08,18.05,32.74,25.40911458333333,30.68055555555556,2.085190972222222,69375.5796,5.76,14.69,10,C10,cluster_10_hot_dry_normal_wind
2022-09-09,16.3383,32.79,24.701736111111117,33.875,1.488923611111111,69958.9987,5.76,16.4517,10,C10,cluster_10_hot_dry_normal_wind
2022-09-10,14.7,29.86,21.448003472222226,49.54340277777778,2.8744097222222225,73246.4268,5.76,15.16,2,C02,cluster_02_hot_dry_normal_wind
2022-09-11,13.83,28.91,21.37434027777778,48.779513888888886,1.368177083333333,67270.1768,5.76,15.08,5,C05,cluster_05_warm_normal_humidity_normal_wind
2022-09-12,15.43,28.71,22.573385416666667,43.670138888888886,2.5523437500000004,72422.8439,5.76,13.28,2,C02,cluster_02_hot_dry_normal_wind
2022-09-13,18.64,30.43,24.54133680555556,27.05555555555556,2.746111111111111,73335.6892,5.76,11.79,2,C02,cluster_02_hot_dry_normal_wind
2022-09-14,19.32,32.26,26.09701388888889,24.088541666666668,2.0834895833333333,58763.1337,5.76,12.939999999999998,10,C10,cluster_10_hot_dry_normal_wind
2022-09-15,14.655,30.75,22.551180555555558,42.90625,2.807864583333333,65665.3718,5.76,16.095,2,C02,cluster_02_hot_dry_normal_wind
2022-09-16,13.45,30.72,21.666215277777777,42.08506944444444,1.9548958333333333,73335.6892,5.76,17.27,10,C10,cluster_10_hot_dry_normal_wind
2022-09-17,13.93,31.08,22.0325,36.5625,1.3112152777777777,73195.0357,5.76,17.15,10,C10,cluster_10_hot_dry_normal_wind
2022-09-18,13.5,31.52,22.91368055555556,29.22048611111111,1.0397395833333334,73102.468,5.76,18.02,10,C10,cluster_10_hot_dry_normal_wind
2022-09-19,17.18,32.27,24.816753472222224,23.86284722222222,1.305,72810.667,5.76,15.090000000000003,10,C10,cluster_10_hot_dry_normal_wind
2022-09-20,19.52,32.31,26.134479166666665,21.21701388888889,1.7413541666666663,51715.8521,5.76,12.790000000000004,10,C10,cluster_10_hot_dry_normal_wind
2022-09-21,19.68,31.56,25.428350694444443,21.68402777777778,1.094965277777778,60814.0433,5.76,11.88,10,C10,cluster_10_hot_dry_normal_wind
2022-09-22,18.5633,30.65,24.72470486111111,25.57465277777778,1.7438368055555555,56259.7793,5.76,12.086699999999995,10,C10,cluster_10_hot_dry_normal_wind
2022-09-23,18.04,30.22,24.254201388888887,28.68402777777778,0.9061631944444444,67697.8573,5.76,12.18,10,C10,cluster_10_hot_dry_normal_wind
2022-09-24,19.05,32.37,25.645364583333333,23.29513888888889,1.3690972222222222,73335.6892,5.76,13.319999999999997,10,C10,cluster_10_hot_dry_normal_wind
2022-09-25,13.7375,31.44,22.36236111111111,37.08680555555556,2.1713715277777776,72246.9309,5.76,17.7025,10,C10,cluster_10_hot_dry_normal_wind
2022-09-26,13.24,28.51,20.572881944444443,45.28125,1.9061111111111115,71818.5371,5.76,15.27,5,C05,cluster_05_warm_normal_humidity_normal_wind
2022-09-27,14.4,30.05,22.77831597222222,33.723958333333336,2.4276215277777777,73227.0252,5.76,15.65,2,C02,cluster_02_hot_dry_normal_wind
2022-09-28,17.36,30.86,23.82595486111111,23.25347222222222,2.2086111111111117,73335.6892,5.76,13.5,10,C10,cluster_10_hot_dry_normal_wind
2022-09-29,15.99,31.81,24.073194444444443,19.50173611111111,1.1963194444444445,73335.6892,5.76,15.82,10,C10,cluster_10_hot_dry_normal_wind
2022-09-30,14.87,32.48,22.87491319444445,31.776041666666668,1.6190798611111112,73304.7374,5.76,17.61,10,C10,cluster_10_hot_dry_normal_wind
2022-10-01,12.81,29.34,20.17727430555556,44.27256944444444,2.008784722222222,73311.6462,5.76,16.53,5,C05,cluster_05_warm_normal_humidity_normal_wind
2022-10-02,12.88,26.63,19.70017361111111,48.05902777777778,2.2381597222222225,70550.6189,5.76,13.749999999999998,5,C05,cluster_05_warm_normal_humidity_normal_wind
2022-10-03,15.89,27.04,21.27576388888889,35.46006944444444,2.3598090277777777,72906.3106,5.76,11.15,2,C02,cluster_02_hot_dry_normal_wind
2022-10-04,16.04,28.6,21.553854166666667,25.819444444444443,0.9303819444444444,73335.6892,5.76,12.560000000000002,5,C05,cluster_05_warm_normal_humidity_normal_wind
2022-10-05,14.01,29.87,21.44147569444445,22.02777777777778,1.0127604166666666,73335.6892,5.76,15.86,10,C10,cluster_10_hot_dry_normal_wind
2022-10-06,13.56,29.01,20.88767361111111,28.00347222222222,1.2672222222222222,73291.0581,5.76,15.45,5,C05,cluster_05_warm_normal_humidity_normal_wind
2022-10-07,12.91,26.51,19.13822916666667,47.921875,1.5459722222222223,71824.1606,5.76,13.6,5,C05,cluster_05_warm_normal_humidity_normal_wind
2022-10-08,12.03,25.1,18.654756944444443,42.27777777777778,1.6857986111111112,73335.6892,5.76,13.070000000000002,5,C05,cluster_05_warm_normal_humidity_normal_wind
2022-10-09,12.63,25.41,19.323854166666667,34.911458333333336,2.4703298611111117,73335.6892,5.76,12.78,2,C02,cluster_02_hot_dry_normal_wind
2022-10-10,14.2667,26.42,20.02453125,26.010416666666668,2.16265625,72342.8043,5.76,12.153300000000002,5,C05,cluster_05_warm_normal_humidity_normal_wind
2022-10-11,12.2767,26.92,19.618663194444444,32.526041666666664,1.1030208333333331,70943.7163,5.76,14.643300000000002,5,C05,cluster_05_warm_normal_humidity_normal_wind
2022-10-12,11.52,25.04,17.43434027777778,42.78993055555556,1.4725868055555555,73335.6892,5.76,13.52,5,C05,cluster_05_warm_normal_humidity_normal_wind
2022-10-13,9.48,24.37,17.45777777777778,38.692708333333336,1.500607638888889,33475.8832,5.76,14.89,6,C06,cluster_06_warm_normal_humidity_normal_wind
2022-10-14,12.2,24.42,18.7490625,31.828125,1.1581944444444443,68493.1412,5.76,12.220000000000002,5,C05,cluster_05_warm_normal_humidity_normal_wind
2022-10-15,14.62,25.85,20.025104166666665,26.928819444444443,1.2973090277777777,54889.8018,5.76,11.230000000000002,5,C05,cluster_05_warm_normal_humidity_normal_wind
2022-10-16,14.59,26.86,20.466753472222223,25.975694444444443,1.381597222222222,69366.6257,5.76,12.27,5,C05,cluster_05_warm_normal_humidity_normal_wind
2022-10-17,13.16,27.19,19.78234375,28.73090277777778,1.2999305555555556,42439.7284,5.76,14.03,5,C05,cluster_05_warm_normal_humidity_normal_wind
2022-10-18,10.9,25.18,16.967881944444443,50.34548611111112,2.2259895833333334,72439.3643,5.76,14.28,5,C05,cluster_05_warm_normal_humidity_normal_wind
2022-10-19,9.14,22.18,16.068090277777777,55.614583333333336,2.476302083333333,73261.5088,5.76,13.04,5,C05,cluster_05_warm_normal_humidity_normal_wind
2022-10-20,12.13,22.4,17.578177083333333,44.12673611111112,2.814045138888889,15406.8192,5.76,10.269999999999998,6,C06,cluster_06_warm_normal_humidity_normal_wind
2022-10-21,13.37,24.62,19.55640625,28.697916666666668,2.3682986111111117,58752.8654,5.76,11.250000000000002,5,C05,cluster_05_warm_normal_humidity_normal_wind
2022-10-22,11.4525,20.25,16.222152777777776,49.63541666666666,1.9106770833333333,45428.8343,2.7558333333333334,8.7975,6,C06,cluster_06_warm_normal_humidity_normal_wind
2022-10-23,10.3,21.07,15.598663194444445,54.80555555555556,1.270295138888889,48463.2075,2.4,10.77,6,C06,cluster_06_warm_normal_humidity_normal_wind
2022-10-24,11.21,21.04,15.1471875,56.98090277777778,1.4506076388888889,18254.5153,4.7475,9.829999999999998,6,C06,cluster_06_warm_normal_humidity_normal_wind
2022-10-25,8.43,21.18,14.41421875,49.76215277777778,2.009583333333333,73311.6462,3.84,12.75,5,C05,cluster_05_warm_normal_humidity_normal_wind
2022-10-26,8.51,20.7,14.628663194444446,51.13541666666666,1.5451388888888888,72353.9449,3.84,12.19,5,C05,cluster_05_warm_normal_humidity_normal_wind
2022-10-27,11.59,20.99,15.767222222222223,46.59027777777778,1.0242708333333337,53811.9329,3.84,9.4,5,C05,cluster_05_warm_normal_humidity_normal_wind
2022-10-28,11.78,21.97,17.09359375,45.31423611111112,0.7163888888888889,57422.667,3.84,10.19,5,C05,cluster_05_warm_normal_humidity_normal_wind
2022-10-29,7.37,19.14,13.4759375,58.58680555555556,2.055885416666667,21709.1905,3.84,11.77,6,C06,cluster_06_warm_normal_humidity_normal_wind
2022-10-30,6.06,18.86,12.541302083333331,54.91840277777778,1.1259201388888889,62527.1194,3.84,12.8,0,C00,cluster_00_mild_normal_humidity_normal_wind
2022-10-31,9.36,18.52,13.701458333333331,57.73611111111112,1.0601041666666666,35750.9857,4.485833333333334,9.16,11,C11,cluster_11_mild_normal_humidity_normal_wind
2022-11-01,8.6375,21.22,14.4665625,52.07291666666666,2.3472222222222223,62835.6953,5.860416666666667,12.5825,5,C05,cluster_05_warm_normal_humidity_normal_wind
2022-11-02,7.94,16.62,11.990138888888888,45.78472222222222,1.6965798611111111,71322.3176,3.12,8.68,0,C00,cluster_00_mild_normal_humidity_normal_wind
2022-11-03,5.67,16.58,10.95296875,51.63194444444444,0.9796527777777776,71049.1876,3.12,10.909999999999998,0,C00,cluster_00_mild_normal_humidity_normal_wind
2022-11-04,4.52,16.84,10.840451388888887,42.390625,1.09734375,72680.3704,3.12,12.32,0,C00,cluster_00_mild_normal_humidity_normal_wind
2022-11-05,6.63,16.7,10.790520833333334,43.59722222222222,0.85171875,73223.1922,3.12,10.07,0,C00,cluster_00_mild_normal_humidity_normal_wind
2022-11-06,4.26,15.98,9.762465277777778,52.70659722222222,1.9088020833333332,73049.3089,3.12,11.72,0,C00,cluster_00_mild_normal_humidity_normal_wind
2022-11-07,3.07,14.67,8.116875,64.4375,2.4774652777777777,65631.3593,3.12,11.6,7,C07,cluster_07_mild_normal_humidity_normal_wind
2022-11-08,2.71,11.96,7.54720486111111,60.43055555555556,2.4036631944444444,15536.4927,3.12,9.25,11,C11,cluster_11_mild_normal_humidity_normal_wind
2022-11-09,4.25,14.09,9.007829861111112,48.64930555555556,2.0803819444444445,72904.9847,3.12,9.84,7,C07,cluster_07_mild_normal_humidity_normal_wind
2022-11-10,5.41,11.13,8.332274305555556,57.59027777777778,1.803142361111111,50184.5022,4.179166666666666,5.720000000000001,11,C11,cluster_11_mild_normal_humidity_normal_wind
2022-11-11,5.12,14.54,9.735520833333332,60.609375,1.2328993055555555,61062.0383,3.6,9.419999999999998,0,C00,cluster_00_mild_normal_humidity_normal_wind
2022-11-12,2.7683,14.72,8.797118055555556,66.75694444444444,1.520138888888889,59450.6225,3.6,11.9517,0,C00,cluster_00_mild_normal_humidity_normal_wind
2022-11-13,1.91,14.55,7.642760416666666,61.567708333333336,1.41265625,73308.1917,3.6,12.64,0,C00,cluster_00_mild_normal_humidity_normal_wind
2022-11-14,3.16,14.86,8.318958333333335,40.89930555555556,0.6839583333333333,73335.6892,3.6,11.7,0,C00,cluster_00_mild_normal_humidity_normal_wind
2022-11-15,3.09,15.3,8.482951388888889,44.01215277777778,1.1982986111111111,72772.8595,3.6,12.21,0,C00,cluster_00_mild_normal_humidity_normal_wind
2022-11-16,2.96,13.74,8.953402777777777,49.36284722222222,2.506545138888889,14133.2492,6.331250000000001,10.78,6,C06,cluster_06_warm_normal_humidity_normal_wind
2022-11-17,5.64,11.91,8.826041666666667,74.05208333333333,2.252690972222222,15369.7437,4.923333333333333,6.2700000000000005,3,C03,cluster_03_mild_humid_normal_wind
2022-11-18,4.01,13.81,8.289375,68.45486111111111,1.0689062500000002,71772.0042,3.84,9.8,0,C00,cluster_00_mild_normal_humidity_normal_wind
2022-11-19,3.67,15.87,8.911111111111111,55.16319444444444,0.8124652777777778,73335.6892,3.84,12.2,0,C00,cluster_00_mild_normal_humidity_normal_wind
2022-11-20,3.28,17.3,8.610399305555555,59.35069444444444,0.8831597222222222,72850.60369999999,3.84,14.02,0,C00,cluster_00_mild_normal_humidity_normal_wind
2022-11-21,3.95,16.01,9.760104166666666,52.28819444444444,1.3447222222222222,73335.6892,3.84,12.060000000000002,0,C00,cluster_00_mild_normal_humidity_normal_wind
2022-11-22,4.41,15.83,9.931666666666668,42.50347222222222,1.6559895833333331,34836.5951,3.84,11.42,6,C06,cluster_06_warm_normal_humidity_normal_wind
2022-11-23,5.09,15.38,9.973940972222222,34.82118055555556,0.5590104166666667,17611.2715,3.84,10.29,6,C06,cluster_06_warm_normal_humidity_normal_wind
2022-11-24,3.79,16.18,9.374253472222222,53.30902777777778,1.1119791666666667,73219.0786,3.84,12.39,0,C00,cluster_00_mild_normal_humidity_normal_wind
2022-11-25,5.18,15.65,10.758263888888887,53.81423611111112,2.821649305555556,53164.9854,4.14,10.47,7,C07,cluster_07_mild_normal_humidity_normal_wind
2022-11-26,9.755,15.78,12.0521875,60.708333333333336,2.990451388888889,55469.1614,4.309166666666667,6.024999999999999,7,C07,cluster_07_mild_normal_humidity_normal_wind
2022-11-27,2.11,13.67,8.916267361111112,56.26909722222222,1.222986111111111,51945.7579,4.32,11.56,0,C00,cluster_00_mild_normal_humidity_normal_wind
2022-11-28,1.96,13.52,7.444253472222223,53.90798611111112,0.7148090277777778,35548.3571,4.32,11.56,11,C11,cluster_11_mild_normal_humidity_normal_wind
2022-11-29,1.96,13.94,8.682309027777778,47.27430555555556,1.0954513888888888,50120.3993,4.32,11.98,0,C00,cluster_00_mild_normal_humidity_normal_wind
2022-11-30,5.69,14.05,9.645538194444445,52.36979166666666,1.3490798611111112,31899.6898,4.32,8.36,11,C11,cluster_11_mild_normal_humidity_normal_wind
2022-12-01,3.4,10.78,6.925208333333334,76.29166666666667,1.6188541666666667,22824.819,5.64125,7.379999999999999,11,C11,cluster_11_mild_normal_humidity_normal_wind
2022-12-02,3.89,9.66,6.954618055555556,77.73263888888889,1.2090277777777778,37048.2957,6.48,5.77,11,C11,cluster_11_mild_normal_humidity_normal_wind
2022-12-03,2.2825,11.0,7.045590277777778,69.39930555555556,1.5005381944444445,41485.2078,7.409583333333334,8.7175,11,C11,cluster_11_mild_normal_humidity_normal_wind
2022-12-04,-1.63,5.19,2.1003993055555554,71.04340277777777,1.904704861111111,21177.2145,7.279999999999999,6.82,3,C03,cluster_03_mild_humid_normal_wind
2022-12-05,-1.25,2.32,0.7969444444444445,80.3125,0.8244965277777778,19300.382,3.84,3.57,11,C11,cluster_11_mild_normal_humidity_normal_wind
2022-12-06,-1.73,4.46,1.688107638888889,77.48784722222223,1.3922222222222222,25382.8456,3.84,6.19,11,C11,cluster_11_mild_normal_humidity_normal_wind
2022-12-07,-1.46,6.16,2.56484375,72.75868055555556,1.394201388888889,59049.7818,3.99375,7.62,11,C11,cluster_11_mild_normal_humidity_normal_wind
2022-12-08,-3.68,6.62,0.9660763888888888,76.57465277777777,0.5937673611111111,35714.7809,4.56,10.3,11,C11,cluster_11_mild_normal_humidity_normal_wind
2022-12-09,-2.97,5.96,1.2178993055555556,73.87152777777777,0.8211979166666666,58054.7266,4.56,8.93,0,C00,cluster_00_mild_normal_humidity_normal_wind
2022-12-10,-2.43,5.64,1.4473784722222225,74.40451388888889,0.7635416666666667,44110.5788,4.56,8.07,11,C11,cluster_11_mild_normal_humidity_normal_wind
2022-12-11,-3.27,5.95,1.052013888888889,72.93229166666667,0.5807291666666666,65016.6576,4.56,9.22,0,C00,cluster_00_mild_normal_humidity_normal_wind
2022-12-12,-2.87,6.04,2.9049131944444446,60.859375,1.4414756944444445,43136.4112,4.56,8.91,11,C11,cluster_11_mild_normal_humidity_normal_wind
2022-12-13,4.22,6.4,5.324184027777778,71.73958333333333,1.7797569444444443,18234.0826,4.84125,2.1800000000000006,3,C03,cluster_03_mild_humid_normal_wind
2022-12-14,2.18,8.85,5.429635416666667,79.68402777777777,1.4508854166666667,51810.2249,9.136666666666668,6.67,11,C11,cluster_11_mild_normal_humidity_normal_wind
2022-12-15,1.91,9.89,5.474965277777778,81.08159722222223,0.6185069444444444,15469.6269,8.64,7.98,11,C11,cluster_11_mild_normal_humidity_normal_wind
2022-12-16,3.13,10.36,5.97390625,73.484375,0.4538715277777778,41030.7027,8.64,7.229999999999999,11,C11,cluster_11_mild_normal_humidity_normal_wind
2022-12-17,1.86,11.52,5.577534722222222,76.77777777777777,1.3219791666666667,58797.9955,8.64,9.66,11,C11,cluster_11_mild_normal_humidity_normal_wind
2022-12-18,-0.36,10.45,4.503767361111112,74.91145833333333,0.73296875,70043.3087,8.64,10.81,0,C00,cluster_00_mild_normal_humidity_normal_wind
2022-12-19,-0.18,11.26,4.797743055555555,57.060763888888886,0.4921180555555555,73335.6892,8.64,11.44,0,C00,cluster_00_mild_normal_humidity_normal_wind
2022-12-20,0.52,10.46,4.233246527777777,60.44618055555556,1.0098958333333334,53344.1262,8.64,9.94,0,C00,cluster_00_mild_normal_humidity_normal_wind
2022-12-21,-0.8,7.45,3.10734375,69.01215277777777,1.7969618055555554,19476.9624,8.64,8.25,11,C11,cluster_11_mild_normal_humidity_normal_wind
2022-12-22,-0.99,7.53,3.2689583333333334,68.41840277777777,1.5369444444444444,17480.5796,8.64,8.52,11,C11,cluster_11_mild_normal_humidity_normal_wind
2022-12-23,0.91,7.97,4.3933333333333335,60.46180555555556,2.343506944444444,35375.3766,8.06,7.06,3,C03,cluster_03_mild_humid_normal_wind
2022-12-24,0.81,2.82,1.66703125,87.16666666666667,2.5335763888888887,13206.6125,2.88,2.01,3,C03,cluster_03_mild_humid_normal_wind
2022-12-25,-0.95,3.94,2.02390625,83.96527777777777,0.5669965277777778,26697.2421,2.88,4.89,11,C11,cluster_11_mild_normal_humidity_normal_wind
2022-12-26,-3.8033,6.21,1.9275868055555556,78.56423611111111,0.7519270833333334,37742.3646,2.88,10.0133,11,C11,cluster_11_mild_normal_humidity_normal_wind
2022-12-27,-4.44,5.36,0.3864583333333333,77.42708333333333,0.7703993055555556,25387.1047,2.88,9.8,11,C11,cluster_11_mild_normal_humidity_normal_wind
2022-12-28,-3.5,4.67,0.1452777777777777,71.26736111111111,0.6856423611111111,65004.1081,2.88,8.17,0,C00,cluster_00_mild_normal_humidity_normal_wind
2022-12-29,-3.74,7.09,1.3748090277777778,54.859375,0.6190277777777777,73335.6892,2.88,10.83,0,C00,cluster_00_mild_normal_humidity_normal_wind
2022-12-30,-2.69,6.39,1.2064409722222222,59.810763888888886,0.5007986111111111,73335.6892,2.88,9.08,0,C00,cluster_00_mild_normal_humidity_normal_wind
2022-12-31,-2.73,6.81,0.9855208333333332,61.60243055555556,0.7766319444444444,73335.6892,2.88,9.54,0,C00,cluster_00_mild_normal_humidity_normal_wind
2023-01-01,-4.3,7.54,0.5587673611111111,58.953125,0.7744965277777778,71877.502,2.88,11.84,0,C00,cluster_00_mild_normal_humidity_normal_wind
2023-01-02,-4.1,7.62,0.6208159722222222,46.19097222222222,0.4476909722222222,73232.099,2.88,11.72,0,C00,cluster_00_mild_normal_humidity_normal_wind
2023-01-03,-3.16,8.01,1.458263888888889,42.44097222222222,0.8215972222222222,73335.6892,2.88,11.17,0,C00,cluster_00_mild_normal_humidity_normal_wind
2023-01-04,-3.01,5.13,2.253628472222222,45.864583333333336,2.2127430555555554,21440.4524,3.4591666666666665,8.14,11,C11,cluster_11_mild_normal_humidity_normal_wind
2023-01-05,1.17,4.34,2.630208333333333,75.31076388888889,1.2691840277777775,14854.8315,5.531666666666667,3.17,11,C11,cluster_11_mild_normal_humidity_normal_wind
2023-01-06,-0.41,4.03,1.735486111111111,84.22048611111111,1.0661631944444443,39887.2723,8.16,4.44,11,C11,cluster_11_mild_normal_humidity_normal_wind
2023-01-07,-0.94,7.61,3.555381944444445,67.52777777777777,0.93,50094.0278,8.16,8.55,11,C11,cluster_11_mild_normal_humidity_normal_wind
2023-01-08,0.7,6.71,3.606059027777778,70.73958333333333,0.8663368055555556,39261.9935,5.849166666666666,6.01,11,C11,cluster_11_mild_normal_humidity_normal_wind
2023-01-09,-3.6283,5.84,1.1385590277777775,73.22569444444444,1.3350347222222223,34678.9338,5.599166666666666,9.4683,11,C11,cluster_11_mild_normal_humidity_normal_wind
2023-01-10,-6.41,2.49,-2.6487847222222225,63.46527777777778,1.6699131944444443,51219.3091,9.12,8.9,4,C04,cluster_04_cold_normal_humidity_normal_wind
2023-01-11,-7.04,1.68,-1.9676909722222224,69.39756944444444,1.2734895833333333,26957.5874,9.12,8.72,11,C11,cluster_11_mild_normal_humidity_normal_wind
2023-01-12,-4.6442,1.68,-1.59140625,62.29861111111112,1.991336805555556,53412.5955,9.12,6.324199999999999,4,C04,cluster_04_cold_normal_humidity_normal_wind
2023-01-13,-5.67,0.56,-2.9771875,59.55729166666666,2.637916666666667,72357.3813,9.12,6.23,7,C07,cluster_07_mild_normal_humidity_normal_wind
2023-01-14,-5.05,2.13,-1.4790104166666669,57.40972222222222,1.904461805555556,28954.5638,9.12,7.18,11,C11,cluster_11_mild_normal_humidity_normal_wind
2023-01-15,-8.3367,-1.3,-3.4611631944444445,80.69270833333333,1.351597222222222,29738.5472,9.12,7.036700000000001,11,C11,cluster_11_mild_normal_humidity_normal_wind
2023-01-16,-8.37,1.73,-4.467048611111111,78.5625,0.4385416666666666,58542.9857,9.12,10.1,4,C04,cluster_04_cold_normal_humidity_normal_wind
2023-01-17,-7.68,2.68,-3.2501041666666666,66.46701388888889,0.7536979166666666,19839.6415,9.12,10.36,11,C11,cluster_11_mild_normal_humidity_normal_wind
2023-01-18,-6.6083,2.55,-2.903107638888889,56.46875,0.9391319444444446,72629.0453,9.12,9.1583,4,C04,cluster_04_cold_normal_humidity_normal_wind
2023-01-19,-8.98,3.16,-4.013628472222222,62.036458333333336,0.91828125,73118.1993,9.12,12.14,4,C04,cluster_04_cold_normal_humidity_normal_wind
2023-01-20,-9.93,3.64,-4.173611111111111,56.89236111111112,0.5243923611111111,72732.7308,9.12,13.57,4,C04,cluster_04_cold_normal_humidity_normal_wind
2023-01-21,-9.0,3.52,-3.66828125,57.013888888888886,0.7041840277777778,71397.4338,9.12,12.52,4,C04,cluster_04_cold_normal_humidity_normal_wind
2023-01-22,-7.83,3.4,-3.506840277777778,59.217013888888886,0.7556597222222222,69471.3117,9.12,11.23,4,C04,cluster_04_cold_normal_humidity_normal_wind
2023-01-23,-7.1358,3.44,-2.561180555555556,57.76909722222222,0.8663194444444444,58671.2696,9.12,10.5758,4,C04,cluster_04_cold_normal_humidity_normal_wind
2023-01-24,-8.7067,2.82,-3.653836805555556,58.020833333333336,1.062638888888889,71299.7345,9.12,11.5267,4,C04,cluster_04_cold_normal_humidity_normal_wind
2023-01-25,-8.8,2.56,-3.1143402777777776,58.53298611111112,0.9663194444444444,71433.7776,9.12,11.36,4,C04,cluster_04_cold_normal_humidity_normal_wind
2023-01-26,-3.84,2.71,-1.1117534722222222,59.83854166666666,1.2125,66301.86779999999,9.12,6.55,4,C04,cluster_04_cold_normal_humidity_normal_wind
2023-01-27,-5.48,2.63,-1.6746527777777778,65.73090277777777,0.7242534722222222,50487.812,9.12,8.11,4,C04,cluster_04_cold_normal_humidity_normal_wind
2023-01-28,-7.1,2.85,-0.8519444444444444,53.33506944444444,0.5583854166666666,31574.9861,9.12,9.95,4,C04,cluster_04_cold_normal_humidity_normal_wind
2023-01-29,-0.11,5.88,2.838524305555556,69.38194444444444,1.0411631944444446,48274.3549,8.153749999999999,5.99,11,C11,cluster_11_mild_normal_humidity_normal_wind
2023-01-30,1.89,6.38,4.08578125,78.63020833333333,1.8004166666666666,31299.099,9.03125,4.49,3,C03,cluster_03_mild_humid_normal_wind
2023-01-31,3.0333,4.54,3.7969097222222223,89.80381944444444,3.670555555555555,15291.5008,15.497916666666663,1.5067,3,C03,cluster_03_mild_humid_normal_wind
2023-02-01,-0.87,6.85,3.00734375,75.98611111111111,1.1009895833333332,60749.676,4.56,7.72,11,C11,cluster_11_mild_normal_humidity_normal_wind
2023-02-02,-0.63,7.07,3.346111111111111,67.93576388888889,1.5321527777777777,52967.627,4.044583333333333,7.7,11,C11,cluster_11_mild_normal_humidity_normal_wind
2023-02-03,-3.21,4.36,0.5839930555555556,65.87326388888889,1.5389756944444446,47727.2118,4.8,7.57,11,C11,cluster_11_mild_normal_humidity_normal_wind
2023-02-04,-5.72,4.68,0.43859375,50.18402777777778,1.3138888888888889,24986.7912,4.8,10.4,11,C11,cluster_11_mild_normal_humidity_normal_wind
2023-02-05,-1.61,5.14,2.314739583333333,59.46354166666666,1.9629166666666669,50115.1486,4.8,6.75,11,C11,cluster_11_mild_normal_humidity_normal_wind
2023-02-06,1.02,9.29,5.208645833333333,60.11805555555556,3.246892361111111,25690.6013,4.63625,8.27,7,C07,cluster_07_mild_normal_humidity_normal_wind
2023-02-07,1.0525,7.7,4.693593750000001,70.52083333333333,2.7169097222222223,47769.0333,7.142916666666666,6.6475,7,C07,cluster_07_mild_normal_humidity_normal_wind
2023-02-08,-2.12,4.89,1.1269965277777778,73.17361111111111,0.7378645833333333,34314.0963,7.895,7.01,11,C11,cluster_11_mild_normal_humidity_normal_wind
2023-02-09,-7.5758,-0.16,-2.3777777777777778,76.50694444444444,2.154982638888889,21902.6357,8.16,7.4158,3,C03,cluster_03_mild_humid_normal_wind
2023-02-10,-9.12,1.29,-4.162135416666667,64.0625,1.3377083333333333,66213.9161,8.16,10.41,4,C04,cluster_04_cold_normal_humidity_normal_wind
2023-02-11,-9.03,1.56,-2.389149305555556,63.671875,2.558576388888889,33196.5172,8.16,10.59,7,C07,cluster_07_mild_normal_humidity_normal_wind
2023-02-12,-3.3,-0.25,-1.516267361111111,87.28645833333333,1.9784895833333327,12293.3399,8.16,3.05,3,C03,cluster_03_mild_humid_normal_wind
2023-02-13,-6.08,2.72,-1.88078125,75.63194444444444,0.8760416666666667,58181.0702,8.16,8.8,4,C04,cluster_04_cold_normal_humidity_normal_wind
2023-02-14,-7.43,2.42,-0.6941666666666667,78.23958333333333,1.2346006944444443,26729.1881,8.16,9.85,11,C11,cluster_11_mild_normal_humidity_normal_wind
2023-02-15,-4.55,3.07,0.5282465277777777,85.55381944444444,1.1605555555555556,37278.9264,8.16,7.619999999999999,11,C11,cluster_11_mild_normal_humidity_normal_wind
2023-02-16,-5.3933,3.48,-0.1438368055555555,59.520833333333336,1.7975,49272.4669,4.9245833333333335,8.8733,11,C11,cluster_11_mild_normal_humidity_normal_wind
2023-02-17,-8.64,4.23,-1.953715277777777,43.46354166666666,0.9102430555555556,73335.6892,2.64,12.87,0,C00,cluster_00_mild_normal_humidity_normal_wind
2023-02-18,-5.76,6.94,0.4209027777777778,42.748263888888886,0.8307638888888889,73335.6892,2.64,12.7,0,C00,cluster_00_mild_normal_humidity_normal_wind
2023-02-19,-3.47,8.46,2.8623958333333333,41.98784722222222,0.9743923611111112,73258.8523,2.64,11.93,0,C00,cluster_00_mild_normal_humidity_normal_wind
2023-02-20,-1.56,11.12,4.65515625,48.748263888888886,0.9852256944444444,73335.6892,2.64,12.68,0,C00,cluster_00_mild_normal_humidity_normal_wind
2023-02-21,0.3092,9.79,4.961128472222223,46.607638888888886,1.640590277777778,56964.1573,2.64,9.4808,0,C00,cluster_00_mild_normal_humidity_normal_wind
2023-02-22,-0.35,10.95,5.346145833333334,48.22048611111112,1.482152777777778,73335.6892,2.64,11.3,0,C00,cluster_00_mild_normal_humidity_normal_wind
2023-02-23,1.32,12.21,6.521753472222223,49.21180555555556,0.8398784722222222,73335.6892,2.64,10.89,0,C00,cluster_00_mild_normal_humidity_normal_wind
2023-02-24,-3.86,9.85,3.173784722222222,60.73090277777778,1.8297048611111115,64034.6185,2.64,13.71,0,C00,cluster_00_mild_normal_humidity_normal_wind
2023-02-25,-3.68,11.11,4.816736111111111,64.49305555555556,2.0104166666666665,71263.0763,2.64,14.79,0,C00,cluster_00_mild_normal_humidity_normal_wind
2023-02-26,3.01,11.87,6.798472222222222,64.65798611111111,1.0147743055555556,70791.7928,2.64,8.86,0,C00,cluster_00_mild_normal_humidity_normal_wind
2023-02-27,1.65,14.01,6.762274305555556,52.28993055555556,0.7161111111111111,73335.6892,2.64,12.36,0,C00,cluster_00_mild_normal_humidity_normal_wind
2023-02-28,1.35,13.99,6.610850694444444,46.65625,0.7950694444444444,73311.6464,2.64,12.64,0,C00,cluster_00_mild_normal_humidity_normal_wind
2023-03-01,1.3,13.78,7.299965277777777,44.77430555555556,0.9309722222222222,73311.50690000001,2.64,12.48,0,C00,cluster_00_mild_normal_humidity_normal_wind
2023-03-02,3.36,15.29,8.821041666666666,43.57465277777778,0.7224131944444445,69033.4351,2.64,11.93,0,C00,cluster_00_mild_normal_humidity_normal_wind
2023-03-03,5.75,16.37,10.38796875,43.270833333333336,1.0338541666666667,50894.7751,2.64,10.62,0,C00,cluster_00_mild_normal_humidity_normal_wind
2023-03-04,7.56,14.81,11.018871527777778,58.28472222222222,2.259479166666667,52450.209,3.1100000000000003,7.250000000000001,7,C07,cluster_07_mild_normal_humidity_normal_wind
2023-03-05,6.91,17.6,11.993194444444445,45.78298611111112,1.1539409722222222,54030.2221,2.64,10.69,0,C00,cluster_00_mild_normal_humidity_normal_wind
2023-03-06,7.34,21.86,15.1384375,41.83159722222222,2.8983159722222225,61593.4369,2.728333333333333,14.52,5,C05,cluster_05_warm_normal_humidity_normal_wind
2023-03-07,5.61,14.43,11.074670138888887,75.6875,2.0296354166666664,31200.4842,10.677083333333334,8.82,3,C03,cluster_03_mild_humid_normal_wind
2023-03-08,6.02,12.67,9.723784722222222,79.16666666666667,2.186475694444445,15320.1369,11.418333333333331,6.65,3,C03,cluster_03_mild_humid_normal_wind
2023-03-09,8.87,12.46,10.885520833333334,79.79513888888889,3.465642361111111,14018.2131,16.866249999999997,3.5900000000000016,3,C03,cluster_03_mild_humid_normal_wind
2023-03-10,6.02,12.88,9.731059027777778,74.33854166666667,0.7449131944444445,49769.9551,11.75125,6.860000000000001,11,C11,cluster_11_mild_normal_humidity_normal_wind
2023-03-11,5.48,14.86,9.88623263888889,57.739583333333336,1.4444965277777777,73335.6892,4.8,9.38,0,C00,cluster_00_mild_normal_humidity_normal_wind
2023-03-12,6.2,18.21,12.57793402777778,49.80902777777778,1.7842708333333333,56653.6495,4.8,12.010000000000002,5,C05,cluster_05_warm_normal_humidity_normal_wind
2023-03-13,8.22,15.65,11.899392361111111,61.71875,2.259965277777778,13600.8918,3.767916666666667,7.43,3,C03,cluster_03_mild_humid_normal_wind
2023-03-14,8.47,19.17,13.552569444444444,68.70138888888889,0.8328298611111111,61745.5536,3.12,10.7,0,C00,cluster_00_mild_normal_humidity_normal_wind
2023-03-15,11.49,18.06,14.599652777777775,66.22916666666667,2.4927604166666666,58624.9093,3.12,6.569999999999999,7,C07,cluster_07_mild_normal_humidity_normal_wind
2023-03-16,6.9875,14.31,10.426805555555555,67.77604166666667,1.5464236111111112,44409.4302,13.2025,7.322500000000001,8,C08,cluster_08_warm_normal_humidity_normal_wind
2023-03-17,5.2258,11.07,8.239114583333333,70.60416666666667,1.1656770833333332,22455.359,4.19375,5.844200000000001,11,C11,cluster_11_mild_normal_humidity_normal_wind
2023-03-18,5.17,17.27,11.055659722222224,54.85590277777778,1.2519270833333334,64621.4503,2.4,12.1,0,C00,cluster_00_mild_normal_humidity_normal_wind
2023-03-19,6.73,17.38,12.5309375,45.935763888888886,1.6224305555555556,20110.3228,2.4,10.65,6,C06,cluster_06_warm_normal_humidity_normal_wind
2023-03-20,9.52,17.07,13.202777777777778,47.92534722222222,1.5178819444444445,61066.1878,2.4,7.550000000000001,0,C00,cluster_00_mild_normal_humidity_normal_wind
2023-03-21,4.78,13.58,9.597552083333332,68.07986111111111,1.604826388888889,18721.3588,6.730416666666667,8.8,11,C11,cluster_11_mild_normal_humidity_normal_wind
2023-03-22,3.64,6.6,5.043611111111111,81.00347222222223,3.163107638888889,12226.0691,5.6925,2.9599999999999995,3,C03,cluster_03_mild_humid_normal_wind
2023-03-23,3.92,13.46,7.974322916666667,71.08159722222223,1.9323090277777777,53933.6843,3.6,9.54,7,C07,cluster_07_mild_normal_humidity_normal_wind
2023-03-24,3.84,16.19,10.457274305555556,66.24652777777777,1.091388888888889,51992.1981,3.6,12.35,0,C00,cluster_00_mild_normal_humidity_normal_wind
2023-03-25,8.1,18.12,13.247899305555556,59.734375,1.647708333333333,52752.9584,5.633333333333334,10.02,7,C07,cluster_07_mild_normal_humidity_normal_wind
2023-03-26,9.5117,17.29,13.458975694444444,59.380208333333336,3.4698090277777776,12411.6429,6.565833333333334,7.7783,3,C03,cluster_03_mild_humid_normal_wind
2023-03-27,7.89,14.99,11.3021875,75.15972222222223,1.11578125,28249.9086,10.15375,7.1000000000000005,11,C11,cluster_11_mild_normal_humidity_normal_wind
2023-03-28,7.71,18.04,13.266631944444445,62.38715277777778,1.8294791666666663,54669.4174,9.8825,10.329999999999998,8,C08,cluster_08_warm_normal_humidity_normal_wind
2023-03-29,7.1,20.12,14.284704861111113,45.60243055555556,1.1832118055555556,73335.6892,9.12,13.02,5,C05,cluster_05_warm_normal_humidity_normal_wind
2023-03-30,7.92,19.95,14.626510416666669,34.583333333333336,1.0386111111111112,57091.1324,9.12,12.03,5,C05,cluster_05_warm_normal_humidity_normal_wind
2023-03-31,4.8,17.27,11.35373263888889,56.94097222222222,2.2317881944444444,15561.5231,8.292499999999999,12.47,6,C06,cluster_06_warm_normal_humidity_normal_wind
2023-04-01,0.74,6.68,4.340572916666667,54.19097222222222,2.699045138888889,30830.9276,6.939166666666667,5.94,3,C03,cluster_03_mild_humid_normal_wind
2023-04-02,0.66,12.32,6.569809027777778,46.545138888888886,3.1299652777777776,49721.3851,2.4,11.66,7,C07,cluster_07_mild_normal_humidity_normal_wind
2023-04-03,2.97,15.35,9.478611111111112,51.32291666666666,2.720434027777778,53008.6726,2.4,12.38,7,C07,cluster_07_mild_normal_humidity_normal_wind
2023-04-04,4.79,17.56,11.178506944444443,55.623263888888886,1.95203125,63653.5259,2.4,12.77,7,C07,cluster_07_mild_normal_humidity_normal_wind
2023-04-05,7.91,20.43,14.433680555555554,44.78298611111112,0.975798611111111,72407.9571,2.4,12.52,5,C05,cluster_05_warm_normal_humidity_normal_wind
2023-04-06,10.65,21.58,16.164843750000003,35.61805555555556,1.4613541666666667,51635.8941,4.669583333333333,10.929999999999998,5,C05,cluster_05_warm_normal_humidity_normal_wind
2023-04-07,10.2,22.39,15.45595486111111,32.467013888888886,1.9241319444444445,69310.4036,5.52,12.19,5,C05,cluster_05_warm_normal_humidity_normal_wind
2023-04-08,8.16,21.08,15.288229166666667,31.25520833333333,2.23171875,33644.2654,5.52,12.919999999999998,6,C06,cluster_06_warm_normal_humidity_normal_wind
2023-04-09,11.65,22.27,16.54123263888889,34.33680555555556,2.5678819444444443,47664.0515,5.52,10.62,6,C06,cluster_06_warm_normal_humidity_normal_wind
2023-04-10,11.93,22.85,17.42503472222222,32.786458333333336,1.91875,27653.8754,5.52,10.920000000000002,6,C06,cluster_06_warm_normal_humidity_normal_wind
2023-04-11,14.04,23.82,18.55310763888889,30.057291666666668,3.5696180555555554,27704.9192,5.52,9.78,6,C06,cluster_06_warm_normal_humidity_normal_wind
2023-04-12,12.81,22.18,16.35420138888889,54.72916666666666,3.277465277777777,17751.064,14.472083333333334,9.37,6,C06,cluster_06_warm_normal_humidity_normal_wind
2023-04-13,5.47,15.93,11.541336805555556,73.15972222222223,2.862517361111111,31134.9573,26.13208333333333,10.46,9,C09,cluster_09_cold_normal_humidity_normal_wind
2023-04-14,5.2042,13.4,9.414930555555555,57.45659722222222,2.159913194444444,55693.2754,3.85,8.1958,7,C07,cluster_07_mild_normal_humidity_normal_wind
2023-04-15,4.5,17.36,11.273420138888888,51.24652777777778,1.5148437499999998,73332.2346,3.12,12.86,0,C00,cluster_00_mild_normal_humidity_normal_wind
2023-04-16,5.2267,17.78,11.49859375,59.013888888888886,1.8724826388888889,36648.1121,4.869583333333334,12.5533,6,C06,cluster_06_warm_normal_humidity_normal_wind
2023-04-17,5.03,18.23,11.717517361111112,62.46006944444444,1.7866145833333331,65094.2204,6.24,13.2,0,C00,cluster_00_mild_normal_humidity_normal_wind
2023-04-18,8.15,19.45,14.140972222222222,51.880208333333336,1.5228993055555555,67823.6445,6.24,11.3,5,C05,cluster_05_warm_normal_humidity_normal_wind
2023-04-19,10.47,21.75,16.172135416666666,44.88194444444444,1.033940972222222,70454.664,6.24,11.28,5,C05,cluster_05_warm_normal_humidity_normal_wind
2023-04-20,11.72,23.69,17.33328125,41.80555555555556,0.9123263888888888,65483.8806,6.24,11.97,5,C05,cluster_05_warm_normal_humidity_normal_wind
2023-04-21,12.58,22.31,17.553385416666668,43.32986111111112,1.3569444444444445,26542.1928,4.880416666666666,9.73,6,C06,cluster_06_warm_normal_humidity_normal_wind
2023-04-22,12.1042,23.84,17.728645833333335,43.19444444444444,1.4642708333333332,26082.4016,6.446666666666667,11.7358,6,C06,cluster_06_warm_normal_humidity_normal_wind
2023-04-23,10.86,24.04,17.633836805555557,39.50694444444444,2.3336458333333336,28844.9451,10.8,13.18,6,C06,cluster_06_warm_normal_humidity_normal_wind
2023-04-24,13.23,25.17,19.350034722222222,36.73090277777778,1.551545138888889,33233.58,10.8,11.94,6,C06,cluster_06_warm_normal_humidity_normal_wind
2023-04-25,11.96,21.21,16.785052083333333,54.04861111111112,1.401701388888889,13227.0835,6.5075,9.25,6,C06,cluster_06_warm_normal_humidity_normal_wind
2023-04-26,10.1792,22.22,16.619375,48.53993055555556,1.023315972222222,48387.4282,5.741666666666666,12.0408,5,C05,cluster_05_warm_normal_humidity_normal_wind
2023-04-27,10.16,23.98,17.352777777777778,37.94791666666666,1.0986979166666666,57214.5928,5.52,13.82,5,C05,cluster_05_warm_normal_humidity_normal_wind
2023-04-28,11.78,24.97,18.742916666666662,33.11284722222222,1.4652604166666667,58516.4369,5.52,13.19,5,C05,cluster_05_warm_normal_humidity_normal_wind
2023-04-29,14.16,26.3,20.60472222222222,33.89930555555556,2.0221354166666665,49738.6733,4.474166666666666,12.14,6,C06,cluster_06_warm_normal_humidity_normal_wind
2023-04-30,13.73,25.32,19.532864583333332,36.263888888888886,2.210746527777778,29189.2143,7.265416666666667,11.59,6,C06,cluster_06_warm_normal_humidity_normal_wind
2023-05-01,10.7133,20.14,15.84684027777778,45.286458333333336,2.0725868055555554,33016.3036,7.944166666666667,9.4267,6,C06,cluster_06_warm_normal_humidity_normal_wind
2023-05-02,8.67,19.87,14.227152777777778,44.482638888888886,2.5653645833333334,62717.2655,6.24,11.2,7,C07,cluster_07_mild_normal_humidity_normal_wind
2023-05-03,7.11,20.98,13.882743055555556,45.06944444444444,2.6140625,65215.2679,6.24,13.87,5,C05,cluster_05_warm_normal_humidity_normal_wind
2023-05-04,4.84,16.1,10.534166666666668,54.578125,3.5912152777777777,53996.4176,6.300000000000001,11.260000000000002,7,C07,cluster_07_mild_normal_humidity_normal_wind
2023-05-05,5.47,21.26,14.398194444444446,34.64409722222222,2.083107638888889,72728.321,6.24,15.790000000000004,5,C05,cluster_05_warm_normal_humidity_normal_wind
2023-05-06,11.29,25.36,18.306128472222223,28.84375,1.16234375,71907.2475,6.24,14.07,5,C05,cluster_05_warm_normal_humidity_normal_wind
2023-05-07,12.7,28.42,21.8265625,21.994791666666668,2.548541666666667,59641.764,6.24,15.720000000000002,2,C02,cluster_02_hot_dry_normal_wind
2023-05-08,16.9458,30.44,23.555920138888887,19.515625,3.305920138888889,33834.3638,4.355833333333333,13.494200000000005,2,C02,cluster_02_hot_dry_normal_wind
2023-05-09,13.7067,25.41,18.70828125,40.32465277777778,1.9419618055555556,16172.8629,2.8854166666666665,11.7033,6,C06,cluster_06_warm_normal_humidity_normal_wind
2023-05-10,10.85,21.79,16.33052083333333,59.87152777777778,1.122083333333333,36860.1529,13.810833333333331,10.94,8,C08,cluster_08_warm_normal_humidity_normal_wind
2023-05-11,11.24,25.72,19.132274305555555,44.77430555555556,1.0433159722222225,42384.2853,13.68,14.48,8,C08,cluster_08_warm_normal_humidity_normal_wind
2023-05-12,14.4,27.45,21.557881944444446,34.560763888888886,1.5463194444444444,45160.8357,13.68,13.05,8,C08,cluster_08_warm_normal_humidity_normal_wind
2023-05-13,16.82,30.06,22.919791666666665,31.010416666666668,2.7657291666666666,37809.1989,10.222083333333334,13.239999999999998,2,C02,cluster_02_hot_dry_normal_wind
2023-05-14,10.09,24.78,17.814739583333335,46.435763888888886,3.299826388888889,32083.8798,6.109999999999999,14.69,6,C06,cluster_06_warm_normal_humidity_normal_wind
2023-05-15,6.2483,19.05,12.820277777777775,58.35590277777778,3.193090277777778,44979.6942,8.235833333333334,12.8017,7,C07,cluster_07_mild_normal_humidity_normal_wind
2023-05-16,6.01,18.66,12.208159722222222,50.69097222222222,3.456076388888889,69066.9204,6.24,12.65,7,C07,cluster_07_mild_normal_humidity_normal_wind
2023-05-17,6.56,23.05,16.38737847222222,29.41145833333333,1.3474305555555557,72920.756,6.24,16.490000000000002,5,C05,cluster_05_warm_normal_humidity_normal_wind
2023-05-18,14.19,27.38,21.039097222222225,27.850694444444443,1.4996527777777775,63763.2237,6.24,13.19,5,C05,cluster_05_warm_normal_humidity_normal_wind
2023-05-19,16.46,27.97,21.963246527777777,32.26909722222222,0.9028993055555556,22098.7975,6.24,11.509999999999998,6,C06,cluster_06_warm_normal_humidity_normal_wind
2023-05-20,14.8875,29.08,22.1759375,36.83680555555556,2.479253472222222,46524.1426,6.24,14.1925,2,C02,cluster_02_hot_dry_normal_wind
2023-05-21,14.1842,25.35,18.79092013888889,52.59548611111112,1.738159722222222,35707.7239,5.01125,11.1658,6,C06,cluster_06_warm_normal_humidity_normal_wind
2023-05-22,13.95,25.87,20.25027777777778,49.57291666666666,0.935642361111111,28747.3846,4.11875,11.920000000000002,6,C06,cluster_06_warm_normal_humidity_normal_wind
2023-05-23,15.6633,29.54,22.65196180555556,34.420138888888886,1.7398090277777778,67417.6649,6.24,13.8767,10,C10,cluster_10_hot_dry_normal_wind
2023-05-24,15.64,31.59,24.2915625,29.52951388888889,1.1033680555555554,54262.5001,6.24,15.95,10,C10,cluster_10_hot_dry_normal_wind
2023-05-25,17.54,30.95,23.94131944444445,38.953125,2.667986111111111,22193.0726,6.24,13.41,6,C06,cluster_06_warm_normal_humidity_normal_wind
2023-05-26,16.35,26.87,20.922135416666663,51.19097222222222,2.380798611111111,31197.4916,7.13625,10.52,6,C06,cluster_06_warm_normal_humidity_normal_wind
2023-05-27,16.41,29.21,22.609340277777772,39.63368055555556,2.7270659722222224,54561.2588,4.647083333333334,12.8,2,C02,cluster_02_hot_dry_normal_wind
2023-05-28,16.85,29.77,23.75958333333333,30.73263888888889,1.3177777777777775,33059.4174,4.32,12.919999999999998,6,C06,cluster_06_warm_normal_humidity_normal_wind
2023-05-29,18.29,31.42,25.703802083333333,29.31423611111111,1.8508159722222224,33181.1139,4.32,13.130000000000004,6,C06,cluster_06_warm_normal_humidity_normal_wind
2023-05-30,20.9,31.97,25.99789930555556,33.607638888888886,1.6838715277777778,27491.6683,4.32,11.07,6,C06,cluster_06_warm_normal_humidity_normal_wind
2023-05-31,17.4417,27.08,23.001944444444447,43.56597222222222,1.6910243055555556,22115.3703,7.143333333333334,9.638299999999996,6,C06,cluster_06_warm_normal_humidity_normal_wind
2023-06-01,16.1667,29.44,23.237760416666667,40.99305555555556,1.9633333333333336,53243.3586,6.94875,13.273300000000004,10,C10,cluster_10_hot_dry_normal_wind
2023-06-02,16.07,30.21,23.70779513888889,38.23784722222222,2.5947569444444443,66439.6832,6.0,14.14,2,C02,cluster_02_hot_dry_normal_wind
2023-06-03,17.63,31.18,24.1459375,42.05034722222222,2.429618055555556,50731.6849,6.0,13.55,2,C02,cluster_02_hot_dry_normal_wind
2023-06-04,17.54,32.32,25.46609375,33.130208333333336,1.4653993055555556,54993.4263,6.0,14.78,10,C10,cluster_10_hot_dry_normal_wind
2023-06-05,19.71,33.67,26.5403125,33.03819444444444,2.4635069444444446,33451.0509,6.0,13.96,2,C02,cluster_02_hot_dry_normal_wind
2023-06-06,16.01,31.09,23.983125,46.92534722222222,1.804427083333333,28042.3885,5.183333333333334,15.079999999999998,6,C06,cluster_06_warm_normal_humidity_normal_wind
2023-06-07,16.2008,29.89,22.68359375,51.75173611111112,2.155520833333333,14627.5785,4.69,13.6892,6,C06,cluster_06_warm_normal_humidity_normal_wind
2023-06-08,13.52,25.72,19.19375,62.96875,2.6768923611111117,26398.6782,5.5945833333333335,12.2,6,C06,cluster_06_warm_normal_humidity_normal_wind
2023-06-09,13.53,26.67,19.97668402777778,59.31597222222222,2.047239583333333,61668.288,3.3925,13.140000000000002,5,C05,cluster_05_warm_normal_humidity_normal_wind
2023-06-10,15.33,29.75,23.615225694444447,40.39930555555556,1.3659027777777777,68505.2878,2.88,14.42,5,C05,cluster_05_warm_normal_humidity_normal_wind
2023-06-11,18.2175,27.8,23.77602430555556,36.77430555555556,1.1464583333333334,47019.2502,2.88,9.5825,6,C06,cluster_06_warm_normal_humidity_normal_wind
2023-06-12,17.94,32.23,26.19967013888889,30.67013888888889,1.0482465277777775,65968.3125,2.88,14.289999999999996,10,C10,cluster_10_hot_dry_normal_wind
2023-06-13,21.27,33.0,27.583645833333332,28.4375,1.4341493055555556,41493.038,2.88,11.73,10,C10,cluster_10_hot_dry_normal_wind
2023-06-14,18.1267,34.63,27.426822916666666,30.850694444444443,1.8367881944444444,42351.6749,2.88,16.503300000000003,10,C10,cluster_10_hot_dry_normal_wind
2023-06-15,18.12,33.41,25.80105902777778,40.671875,1.976232638888889,62128.5798,2.88,15.289999999999996,10,C10,cluster_10_hot_dry_normal_wind
2023-06-16,16.74,31.72,24.04732638888889,42.770833333333336,3.1064583333333333,66959.0164,2.88,14.98,2,C02,cluster_02_hot_dry_normal_wind
2023-06-17,16.71,32.22,25.19112847222222,34.451388888888886,2.7979166666666666,70220.0972,2.88,15.509999999999998,2,C02,cluster_02_hot_dry_normal_wind
2023-06-18,19.12,33.63,27.37036458333333,21.916666666666668,1.9395659722222225,73335.6892,2.88,14.510000000000002,10,C10,cluster_10_hot_dry_normal_wind
2023-06-19,18.0292,32.75,25.75487847222222,26.39409722222222,2.851857638888889,73335.6892,2.88,14.7208,2,C02,cluster_02_hot_dry_normal_wind
2023-06-20,17.7383,33.92,26.2009375,30.43576388888889,1.5181250000000002,73335.6892,2.88,16.181700000000003,10,C10,cluster_10_hot_dry_normal_wind
2023-06-21,16.1075,31.11,23.901631944444446,37.37847222222222,3.3035416666666664,73294.5128,2.88,15.002499999999998,2,C02,cluster_02_hot_dry_normal_wind
2023-06-22,15.7433,33.51,24.27869791666667,36.14930555555556,2.0967708333333333,73335.6892,2.88,17.7667,10,C10,cluster_10_hot_dry_normal_wind
2023-06-23,15.73,31.5,22.687291666666667,42.19444444444444,3.121753472222222,73255.3978,2.88,15.77,2,C02,cluster_02_hot_dry_normal_wind
2023-06-24,15.39,31.9,23.004097222222224,45.5,3.1863541666666664,70312.3195,2.88,16.509999999999998,2,C02,cluster_02_hot_dry_normal_wind
2023-06-25,15.53,31.15,22.8659375,42.22222222222222,2.701875,69256.5884,2.88,15.62,2,C02,cluster_02_hot_dry_normal_wind
2023-06-26,16.79,33.57,26.243125,33.08680555555556,1.671388888888889,73335.6892,2.88,16.78,10,C10,cluster_10_hot_dry_normal_wind
2023-06-27,21.7125,36.2,29.26003472222222,25.46875,2.405017361111111,73335.6892,2.88,14.487500000000004,10,C10,cluster_10_hot_dry_normal_wind
2023-06-28,17.7608,35.45,26.68232638888889,36.78993055555556,2.537743055555556,72798.3727,2.88,17.689200000000003,2,C02,cluster_02_hot_dry_normal_wind
2023-06-29,17.71,36.26,27.652482638888888,32.114583333333336,1.5866145833333334,73328.7802,2.88,18.55,10,C10,cluster_10_hot_dry_normal_wind
2023-06-30,19.51,34.83,27.447413194444444,28.807291666666668,2.600815972222222,73335.6892,2.88,15.319999999999997,2,C02,cluster_02_hot_dry_normal_wind
2023-07-01,17.3142,33.15,25.400798611111117,35.923611111111114,2.9751909722222223,73328.7802,2.88,15.8358,2,C02,cluster_02_hot_dry_normal_wind
2023-07-02,17.31,32.99,24.901510416666667,42.25173611111112,2.7088888888888887,70604.7096,2.88,15.680000000000003,2,C02,cluster_02_hot_dry_normal_wind
2023-07-03,19.09,34.72,26.65637152777778,40.75173611111112,2.1665104166666667,71796.2817,2.88,15.63,10,C10,cluster_10_hot_dry_normal_wind
2023-07-04,20.26,35.27,27.70911458333333,38.05034722222222,1.7677604166666667,73146.7344,2.88,15.010000000000002,10,C10,cluster_10_hot_dry_normal_wind
2023-07-05,18.7942,34.34,26.363576388888887,37.0625,2.049513888888889,73095.5589,2.88,15.545800000000003,10,C10,cluster_10_hot_dry_normal_wind
2023-07-06,18.74,33.75,26.577934027777776,33.611111111111114,2.263125,73256.142,2.88,15.010000000000002,10,C10,cluster_10_hot_dry_normal_wind
2023-07-07,21.05,34.71,28.56786458333333,29.14236111111111,3.011423611111111,72574.5021,2.88,13.66,2,C02,cluster_02_hot_dry_normal_wind
2023-07-08,23.33,35.7,29.88338541666667,25.006944444444443,4.0656944444444445,73335.6892,2.88,12.370000000000005,2,C02,cluster_02_hot_dry_normal_wind
2023-07-09,23.73,37.0,30.68670138888889,21.23784722222222,3.6325,73028.3419,2.88,13.27,2,C02,cluster_02_hot_dry_normal_wind
2023-07-10,23.7,36.68,30.482725694444444,17.901041666666668,1.5297569444444443,73335.6892,2.88,12.98,10,C10,cluster_10_hot_dry_normal_wind
2023-07-11,20.52,37.45,29.73670138888889,24.210069444444443,2.095972222222222,73335.6892,2.88,16.930000000000003,10,C10,cluster_10_hot_dry_normal_wind
2023-07-12,18.91,35.44,26.66927083333333,39.88715277777778,2.8222569444444443,73021.5956,2.88,16.529999999999998,2,C02,cluster_02_hot_dry_normal_wind
2023-07-13,18.72,36.97,27.037673611111117,34.876736111111114,2.3216666666666668,73151.8073,2.88,18.25,10,C10,cluster_10_hot_dry_normal_wind
2023-07-14,19.4,37.25,29.03947916666667,29.5625,2.9163541666666664,69998.38709999999,2.88,17.85,2,C02,cluster_02_hot_dry_normal_wind
2023-07-15,20.5192,38.93,29.86319444444445,28.48784722222222,2.961527777777777,70412.7663,2.88,18.4108,2,C02,cluster_02_hot_dry_normal_wind
2023-07-16,19.3733,36.26,26.765572916666667,41.1875,2.861927083333333,71877.2022,2.88,16.886699999999998,2,C02,cluster_02_hot_dry_normal_wind
2023-07-17,16.8883,32.06,24.204565972222223,48.973958333333336,3.3256944444444443,68956.9996,3.458333333333333,15.1717,2,C02,cluster_02_hot_dry_normal_wind
2023-07-18,16.82,30.89,23.55258680555556,50.23090277777778,2.8598784722222224,68650.6109,6.081250000000001,14.07,2,C02,cluster_02_hot_dry_normal_wind
2023-07-19,17.61,32.63,25.562986111111112,46.638888888888886,1.9030902777777776,61461.489,8.584166666666667,15.020000000000003,10,C10,cluster_10_hot_dry_normal_wind
2023-07-20,20.79,34.67,27.556649305555556,41.11284722222222,1.5855208333333333,57237.8585,9.36,13.880000000000004,10,C10,cluster_10_hot_dry_normal_wind
2023-07-21,21.3,37.26,29.42609375,31.604166666666668,2.5630034722222224,68595.1691,9.36,15.959999999999996,2,C02,cluster_02_hot_dry_normal_wind
2023-07-22,21.57,37.45,29.516909722222223,30.928819444444443,1.842899305555556,69860.1743,9.36,15.880000000000004,10,C10,cluster_10_hot_dry_normal_wind
2023-07-23,21.77,36.81,30.159930555555555,26.06076388888889,3.473611111111111,63024.8412,9.36,15.040000000000004,2,C02,cluster_02_hot_dry_normal_wind
2023-07-24,24.3633,37.15,31.607916666666668,18.71527777777778,4.453038194444444,61120.5863,9.36,12.7867,2,C02,cluster_02_hot_dry_normal_wind
2023-07-25,19.9825,37.41,29.51529513888889,22.87152777777778,3.4685243055555555,72253.7062,9.36,17.427499999999995,2,C02,cluster_02_hot_dry_normal_wind
2023-07-26,19.5208,33.88,25.850694444444443,42.18055555555556,2.828107638888889,65086.1207,9.36,14.3592,2,C02,cluster_02_hot_dry_normal_wind
2023-07-27,19.19,36.0,27.565694444444446,39.3125,2.3047395833333333,73006.7398,9.36,16.81,10,C10,cluster_10_hot_dry_normal_wind
2023-07-28,21.34,37.83,29.84486111111111,30.23784722222222,1.5564236111111112,68699.4888,9.36,16.49,10,C10,cluster_10_hot_dry_normal_wind
2023-07-29,23.18,36.32,29.42404513888889,37.10243055555556,1.5372743055555556,54527.5483,9.36,13.14,10,C10,cluster_10_hot_dry_normal_wind
2023-07-30,23.07,35.65,29.448385416666667,29.00868055555556,2.759149305555556,69277.9563,9.36,12.579999999999998,2,C02,cluster_02_hot_dry_normal_wind
2023-07-31,24.0192,36.43,29.8321875,26.140625,2.985451388888889,68865.6896,9.36,12.410799999999998,2,C02,cluster_02_hot_dry_normal_wind
2023-08-01,23.01,37.0,30.37211805555556,23.225694444444443,1.9950694444444448,71345.0378,9.36,13.989999999999998,10,C10,cluster_10_hot_dry_normal_wind
2023-08-02,23.56,38.3,31.64618055555556,21.109375,2.6986284722222225,65649.359,9.36,14.739999999999998,2,C02,cluster_02_hot_dry_normal_wind
2023-08-03,23.32,39.33,31.647725694444446,21.34375,2.686024305555556,71746.2464,9.36,16.009999999999998,2,C02,cluster_02_hot_dry_normal_wind
2023-08-04,21.0817,38.09,29.66175347222222,24.890625,3.1312326388888887,71648.1719,9.36,17.008300000000002,2,C02,cluster_02_hot_dry_normal_wind
2023-08-05,20.73,36.91,29.147048611111117,26.100694444444443,3.061180555555556,57767.79,9.36,16.179999999999996,2,C02,cluster_02_hot_dry_normal_wind
2023-08-06,21.73,36.86,30.13921875,23.24826388888889,2.586579861111111,54374.2226,5.65,15.13,2,C02,cluster_02_hot_dry_normal_wind
2023-08-07,22.95,36.64,29.59470486111111,25.23784722222222,1.550642361111111,47169.5963,3.6,13.69,10,C10,cluster_10_hot_dry_normal_wind
2023-08-08,20.0092,34.05,26.974444444444444,36.873263888888886,1.5421180555555556,43787.7753,3.6,14.040799999999996,10,C10,cluster_10_hot_dry_normal_wind
2023-08-09,19.98,34.37,27.65597222222222,38.01041666666666,1.1113368055555557,65386.9974,3.6,14.389999999999995,10,C10,cluster_10_hot_dry_normal_wind
2023-08-10,22.19,35.43,28.504357638888887,34.60243055555556,1.585607638888889,72698.5173,3.6,13.239999999999998,10,C10,cluster_10_hot_dry_normal_wind
2023-08-11,21.79,35.9,28.648142361111116,30.078125,1.1624479166666668,72044.0503,3.6,14.11,10,C10,cluster_10_hot_dry_normal_wind
2023-08-12,21.12,36.3,28.495746527777776,33.20659722222222,1.7515104166666666,71718.0048,3.6,15.179999999999996,10,C10,cluster_10_hot_dry_normal_wind
2023-08-13,20.03,33.92,26.85098958333333,33.80902777777778,2.1465625,70922.4288,3.6,13.89,10,C10,cluster_10_hot_dry_normal_wind
2023-08-14,18.3192,33.57,26.08095486111111,33.473958333333336,1.8721875,73335.6892,3.6,15.250800000000002,10,C10,cluster_10_hot_dry_normal_wind
2023-08-15,18.23,33.39,25.236284722222223,32.845486111111114,1.878368055555556,73335.6892,3.6,15.16,10,C10,cluster_10_hot_dry_normal_wind
2023-08-16,17.95,33.28,25.35125,29.71701388888889,1.2118055555555556,73199.8935,3.6,15.330000000000002,10,C10,cluster_10_hot_dry_normal_wind
2023-08-17,18.6,33.87,26.415815972222223,21.421875,1.594982638888889,73206.437,3.6,15.269999999999996,10,C10,cluster_10_hot_dry_normal_wind
2023-08-18,21.375,34.56,28.078159722222225,20.32986111111111,1.6647569444444443,48883.0225,3.6,13.185000000000002,10,C10,cluster_10_hot_dry_normal_wind
2023-08-19,21.23,33.36,27.50203125,31.26215277777778,1.7254340277777778,37587.0139,3.6,12.13,10,C10,cluster_10_hot_dry_normal_wind
2023-08-20,20.84,32.19,26.09501736111111,37.88368055555556,1.7572569444444444,48626.8045,3.6,11.349999999999998,10,C10,cluster_10_hot_dry_normal_wind
2023-08-21,20.33,32.95,26.660364583333333,35.114583333333336,1.260763888888889,58295.3298,3.6,12.620000000000005,10,C10,cluster_10_hot_dry_normal_wind
2023-08-22,20.87,35.81,28.90578125,25.210069444444443,1.5888368055555555,71344.5321,3.6,14.94,10,C10,cluster_10_hot_dry_normal_wind
2023-08-23,21.62,36.28,28.891753472222224,28.572916666666668,1.8142013888888888,65446.7918,3.6,14.66,10,C10,cluster_10_hot_dry_normal_wind
2023-08-24,20.88,36.2,28.58194444444445,29.88715277777778,1.4155729166666666,66123.8268,3.6,15.320000000000004,10,C10,cluster_10_hot_dry_normal_wind
2023-08-25,20.4083,35.69,28.03470486111111,30.75,2.660746527777777,72235.5393,3.6,15.281699999999995,2,C02,cluster_02_hot_dry_normal_wind
2023-08-26,17.5133,31.87,23.878211805555555,49.46354166666666,3.150121527777778,72618.0091,3.6,14.3567,2,C02,cluster_02_hot_dry_normal_wind
2023-08-27,16.87,30.7,24.121614583333333,48.17361111111112,1.583715277777778,69485.7217,3.6,13.829999999999998,5,C05,cluster_05_warm_normal_humidity_normal_wind
2023-08-28,19.16,31.92,25.644895833333337,37.31423611111112,3.2608506944444446,72964.6879,3.6,12.760000000000002,2,C02,cluster_02_hot_dry_normal_wind
2023-08-29,19.2667,33.71,27.29524305555556,28.77083333333333,2.084149305555556,58232.3521,3.6,14.4433,10,C10,cluster_10_hot_dry_normal_wind
2023-08-30,16.9717,30.68,23.368802083333332,44.80555555555556,2.882413194444444,64077.7493,3.6,13.7083,2,C02,cluster_02_hot_dry_normal_wind
2023-08-31,16.91,30.95,23.778628472222223,46.80902777777778,1.7016145833333334,61132.519,3.4854166666666666,14.04,10,C10,cluster_10_hot_dry_normal_wind
2023-09-01,18.44,33.36,25.76090277777778,37.703125,1.43625,69317.6644,3.36,14.919999999999998,10,C10,cluster_10_hot_dry_normal_wind
2023-09-02,19.13,34.6,27.037569444444443,33.939236111111114,1.2803298611111111,70417.6902,3.36,15.470000000000002,10,C10,cluster_10_hot_dry_normal_wind
2023-09-03,21.4,34.76,27.97362847222222,30.85763888888889,2.007013888888889,70973.1949,3.36,13.36,10,C10,cluster_10_hot_dry_normal_wind
2023-09-04,22.52,34.57,28.53907986111111,24.71875,2.74703125,72254.7297,3.36,12.05,2,C02,cluster_02_hot_dry_normal_wind
2023-09-05,21.94,36.54,29.21993055555556,22.354166666666668,1.3338368055555554,71357.3396,3.36,14.599999999999998,10,C10,cluster_10_hot_dry_normal_wind
2023-09-06,20.41,36.69,28.53901041666667,24.635416666666668,1.3750173611111112,71671.0258,3.36,16.279999999999998,10,C10,cluster_10_hot_dry_normal_wind
2023-09-07,19.59,35.22,27.33005208333333,27.32118055555556,1.432638888888889,72484.1345,3.36,15.63,10,C10,cluster_10_hot_dry_normal_wind
2023-09-08,19.77,33.93,25.841875,38.77256944444444,1.5810069444444443,72873.7395,3.36,14.16,10,C10,cluster_10_hot_dry_normal_wind
2023-09-09,18.39,33.5,25.99482638888889,27.66493055555556,1.32984375,73335.6892,3.36,15.11,10,C10,cluster_10_hot_dry_normal_wind
2023-09-10,15.945,33.13,24.68645833333333,36.217013888888886,2.77484375,73176.5945,3.36,17.185000000000002,2,C02,cluster_02_hot_dry_normal_wind
2023-09-11,14.81,30.29,21.87878472222222,51.02604166666666,1.57984375,72940.6632,3.36,15.48,5,C05,cluster_05_warm_normal_humidity_normal_wind
2023-09-12,15.8,31.76,24.04003472222222,37.03125,1.1460069444444445,73332.2346,3.36,15.96,10,C10,cluster_10_hot_dry_normal_wind
2023-09-13,17.515,31.82,24.006510416666668,35.28125,1.563923611111111,65744.6829,3.36,14.305,10,C10,cluster_10_hot_dry_normal_wind
2023-09-14,14.76,31.35,21.92697916666667,46.04340277777778,2.6147743055555552,67051.8665,3.36,16.590000000000003,2,C02,cluster_02_hot_dry_normal_wind
2023-09-15,13.3558,28.43,19.96296875,53.265625,2.9077083333333333,73075.5755,3.36,15.0742,2,C02,cluster_02_hot_dry_normal_wind
2023-09-16,12.69,29.6,20.679548611111112,45.65277777777778,2.1044791666666667,73328.7802,3.36,16.910000000000004,5,C05,cluster_05_warm_normal_humidity_normal_wind
2023-09-17,14.58,29.8,22.3675,40.546875,1.1816666666666666,72105.7463,3.36,15.22,5,C05,cluster_05_warm_normal_humidity_normal_wind
2023-09-18,14.27,28.19,20.40256944444444,51.17534722222222,2.0897916666666667,67631.4518,3.36,13.920000000000002,5,C05,cluster_05_warm_normal_humidity_normal_wind
2023-09-19,12.78,26.73,18.81970486111111,53.484375,2.1684375,73301.2823,3.36,13.95,5,C05,cluster_05_warm_normal_humidity_normal_wind
2023-09-20,12.95,27.85,20.66536458333333,46.08854166666666,1.7534375,73332.2346,3.36,14.900000000000002,5,C05,cluster_05_warm_normal_humidity_normal_wind
2023-09-21,15.67,29.04,21.95833333333333,39.732638888888886,1.557013888888889,73176.5945,3.36,13.37,5,C05,cluster_05_warm_normal_humidity_normal_wind
2023-09-22,14.45,30.13,21.905902777777776,37.66840277777778,1.201076388888889,71541.2136,3.36,15.68,5,C05,cluster_05_warm_normal_humidity_normal_wind
2023-09-23,15.37,28.93,22.033715277777777,33.43055555555556,1.4663368055555557,73335.6892,3.36,13.56,5,C05,cluster_05_warm_normal_humidity_normal_wind
2023-09-24,15.97,28.63,21.95230902777778,31.84027777777778,2.6030555555555552,73335.6892,3.36,12.659999999999998,2,C02,cluster_02_hot_dry_normal_wind
2023-09-25,15.63,28.19,22.207604166666663,24.93923611111111,2.0477256944444444,52528.625,3.36,12.56,10,C10,cluster_10_hot_dry_normal_wind
2023-09-26,14.26,26.85,20.12390625,32.04340277777778,2.069565972222222,64563.6496,2.4216666666666664,12.590000000000002,5,C05,cluster_05_warm_normal_humidity_normal_wind
2023-09-27,12.94,25.9,18.708472222222223,42.97569444444444,1.3037673611111111,73179.3051,2.4,12.96,5,C05,cluster_05_warm_normal_humidity_normal_wind
2023-09-28,12.37,25.99,18.661684027777778,48.067708333333336,1.323229166666667,71629.12240000001,2.4,13.62,5,C05,cluster_05_warm_normal_humidity_normal_wind
2023-09-29,12.57,25.94,18.994878472222226,40.451388888888886,1.44265625,73189.9622,2.4,13.37,5,C05,cluster_05_warm_normal_humidity_normal_wind
2023-09-30,13.66,26.41,20.316388888888888,28.71875,2.8160416666666666,51383.9708,2.4,12.75,2,C02,cluster_02_hot_dry_normal_wind
2023-10-01,14.34,26.29,20.314947916666668,24.991319444444443,1.7118402777777777,65324.8289,2.4,11.95,5,C05,cluster_05_warm_normal_humidity_normal_wind
2023-10-02,16.3525,23.94,20.168697916666662,33.439236111111114,1.4158333333333333,21067.2189,2.4,7.587500000000002,6,C06,cluster_06_warm_normal_humidity_normal_wind
2023-10-03,14.92,25.6,20.636822916666667,39.50694444444444,1.5818402777777778,37346.6805,2.4,10.68,6,C06,cluster_06_warm_normal_humidity_normal_wind
2023-10-04,13.67,23.53,18.6890625,45.80555555555556,1.6131944444444446,13612.4031,2.4,9.86,6,C06,cluster_06_warm_normal_humidity_normal_wind
2023-10-05,8.48,21.06,15.364930555555556,56.732638888888886,3.026059027777778,61443.9055,6.137083333333333,12.579999999999998,7,C07,cluster_07_mild_normal_humidity_normal_wind
2023-10-06,8.18,23.16,15.964461805555556,42.32986111111112,1.9336111111111112,73335.6892,6.96,14.98,5,C05,cluster_05_warm_normal_humidity_normal_wind
2023-10-07,11.0,24.92,17.868836805555556,33.75,1.33578125,70875.8447,6.96,13.920000000000002,5,C05,cluster_05_warm_normal_humidity_normal_wind
2023-10-08,11.46,24.46,18.37352430555556,41.0,1.9392881944444444,63150.9443,6.96,13.0,5,C05,cluster_05_warm_normal_humidity_normal_wind
2023-10-09,13.57,27.22,20.743506944444444,30.88368055555556,1.6439930555555555,73249.6028,6.96,13.65,5,C05,cluster_05_warm_normal_humidity_normal_wind
2023-10-10,16.3192,26.75,20.99279513888889,35.244791666666664,1.6654861111111112,28895.9045,6.96,10.4308,6,C06,cluster_06_warm_normal_humidity_normal_wind
2023-10-11,15.07,24.37,19.326319444444444,43.94444444444444,1.8071006944444443,53985.8109,6.2370833333333335,9.3,6,C06,cluster_06_warm_normal_humidity_normal_wind
2023-10-12,9.45,18.35,13.741631944444444,71.69444444444444,2.167777777777778,43250.2962,8.223333333333334,8.900000000000002,7,C07,cluster_07_mild_normal_humidity_normal_wind
2023-10-13,9.98,18.36,13.87298611111111,76.84375,2.492378472222222,67496.5529,5.699999999999999,8.379999999999999,7,C07,cluster_07_mild_normal_humidity_normal_wind
2023-10-14,8.78,21.11,14.639305555555556,64.46875,1.7983506944444445,66230.2849,3.84,12.33,5,C05,cluster_05_warm_normal_humidity_normal_wind
2023-10-15,8.47,22.9,16.57753472222222,46.765625,1.504236111111111,69791.2326,3.84,14.429999999999998,5,C05,cluster_05_warm_normal_humidity_normal_wind
2023-10-16,12.27,22.76,16.683923611111112,55.692708333333336,3.662118055555556,45815.4891,4.206250000000001,10.490000000000002,7,C07,cluster_07_mild_normal_humidity_normal_wind
2023-10-17,10.61,21.49,15.382065972222222,57.34548611111112,1.7820486111111111,71030.9841,3.12,10.88,5,C05,cluster_05_warm_normal_humidity_normal_wind
2023-10-18,9.58,20.81,15.37734375,55.01215277777778,2.487517361111111,68358.6161,3.12,11.23,7,C07,cluster_07_mild_normal_humidity_normal_wind
2023-10-19,12.39,20.75,16.34060763888889,47.796875,1.0257465277777778,62500.001,3.12,8.36,5,C05,cluster_05_warm_normal_humidity_normal_wind
2023-10-20,11.22,21.51,15.894357638888888,51.802083333333336,1.8608159722222224,55332.8216,2.9954166666666664,10.29,5,C05,cluster_05_warm_normal_humidity_normal_wind
2023-10-21,11.37,22.53,16.646909722222222,48.317708333333336,1.856875,69365.3014,2.88,11.160000000000002,5,C05,cluster_05_warm_normal_humidity_normal_wind
2023-10-22,9.34,23.26,16.154930555555556,47.37673611111112,1.5868055555555556,71761.0466,2.88,13.920000000000002,5,C05,cluster_05_warm_normal_humidity_normal_wind
2023-10-23,8.91,22.55,16.135659722222222,44.82986111111112,2.062048611111111,65843.7405,2.88,13.64,5,C05,cluster_05_warm_normal_humidity_normal_wind
2023-10-24,11.26,21.98,16.675260416666667,36.888888888888886,1.326927083333333,33899.5545,2.88,10.72,6,C06,cluster_06_warm_normal_humidity_normal_wind
2023-10-25,11.6,21.45,16.251527777777778,38.56944444444444,1.3961631944444444,66236.5268,3.498333333333333,9.85,5,C05,cluster_05_warm_normal_humidity_normal_wind
2023-10-26,11.0642,21.62,15.389027777777777,40.34375,0.8322569444444444,47628.3488,3.84,10.5558,5,C05,cluster_05_warm_normal_humidity_normal_wind
2023-10-27,10.88,22.26,15.774288194444445,36.458333333333336,0.7255555555555556,33047.3692,3.84,11.38,6,C06,cluster_06_warm_normal_humidity_normal_wind
2023-10-28,10.0967,23.15,15.78234375,37.03472222222222,1.088628472222222,47318.1306,3.84,13.053299999999998,5,C05,cluster_05_warm_normal_humidity_normal_wind
2023-10-29,9.59,24.81,16.37043402777778,32.232638888888886,0.8859375,66697.5344,3.84,15.22,5,C05,cluster_05_warm_normal_humidity_normal_wind
2023-10-30,10.2,24.37,16.168315972222224,43.32465277777778,1.7493229166666666,15575.3996,3.84,14.170000000000002,6,C06,cluster_06_warm_normal_humidity_normal_wind
2023-10-31,10.05,20.42,15.649895833333334,51.72048611111112,1.2122569444444444,14961.6317,3.84,10.37,6,C06,cluster_06_warm_normal_humidity_normal_wind
2023-11-01,12.7317,19.26,15.570520833333337,53.40625,2.646041666666666,31340.9206,4.791666666666667,6.5283000000000015,6,C06,cluster_06_warm_normal_humidity_normal_wind
2023-11-02,9.85,17.62,13.631371527777778,61.359375,2.281875,20663.473,2.88,7.770000000000001,6,C06,cluster_06_warm_normal_humidity_normal_wind
2023-11-03,9.49,18.74,13.581302083333334,70.29513888888889,1.1640104166666667,48976.3817,2.88,9.249999999999998,11,C11,cluster_11_mild_normal_humidity_normal_wind
2023-11-04,8.92,14.95,12.219166666666666,75.57291666666667,1.01359375,29626.2002,3.870416666666667,6.029999999999999,11,C11,cluster_11_mild_normal_humidity_normal_wind
2023-11-05,8.19,17.47,12.394131944444446,76.14756944444444,1.2249305555555554,53935.8382,3.643333333333333,9.28,11,C11,cluster_11_mild_normal_humidity_normal_wind
2023-11-06,6.21,18.52,12.186076388888887,62.076388888888886,0.9589930555555556,72609.6516,3.6,12.31,0,C00,cluster_00_mild_normal_humidity_normal_wind
2023-11-07,7.97,20.65,13.811458333333333,53.73784722222222,1.433715277777778,64722.141,3.6,12.68,5,C05,cluster_05_warm_normal_humidity_normal_wind
2023-11-08,7.24,19.22,12.953715277777778,63.052083333333336,1.1672569444444445,66596.0259,3.6,11.98,0,C00,cluster_00_mild_normal_humidity_normal_wind
2023-11-09,7.01,18.37,12.63439236111111,55.765625,2.165347222222222,73335.6892,3.6,11.36,7,C07,cluster_07_mild_normal_humidity_normal_wind
2023-11-10,8.73,20.06,14.769184027777776,38.770833333333336,0.9861631944444444,14659.5911,3.6,11.329999999999998,6,C06,cluster_06_warm_normal_humidity_normal_wind
2023-11-11,9.16,19.74,14.18546875,46.32465277777778,1.523559027777778,37830.1205,3.6,10.579999999999998,6,C06,cluster_06_warm_normal_humidity_normal_wind
2023-11-12,9.0,19.25,13.408732638888887,50.83680555555556,1.5031944444444445,21211.4219,3.6,10.25,6,C06,cluster_06_warm_normal_humidity_normal_wind
2023-11-13,8.24,19.43,13.194583333333334,43.95659722222222,0.8646180555555555,16766.006,3.6,11.19,6,C06,cluster_06_warm_normal_humidity_normal_wind
2023-11-14,8.2,19.98,13.8134375,41.98090277777778,1.7925347222222223,72102.2066,3.6,11.78,5,C05,cluster_05_warm_normal_humidity_normal_wind
2023-11-15,10.5,17.93,13.621631944444443,44.76215277777778,1.19828125,13130.9793,5.57375,7.43,6,C06,cluster_06_warm_normal_humidity_normal_wind
2023-11-16,8.635,17.44,12.862534722222222,55.24131944444444,0.8249652777777778,59813.8005,10.08,8.805000000000001,8,C08,cluster_08_warm_normal_humidity_normal_wind
2023-11-17,7.47,17.44,12.74859375,54.3125,1.9226736111111111,58869.6018,10.08,9.970000000000002,8,C08,cluster_08_warm_normal_humidity_normal_wind
2023-11-18,7.62,16.96,12.060642361111112,55.71006944444444,1.0313020833333333,64354.2785,10.08,9.34,8,C08,cluster_08_warm_normal_humidity_normal_wind
2023-11-19,5.51,18.32,12.491770833333334,45.234375,2.6495138888888885,72374.8899,10.08,12.81,7,C07,cluster_07_mild_normal_humidity_normal_wind
2023-11-20,6.72,14.84,9.909947916666669,66.66493055555556,3.5508854166666666,13520.9242,21.015416666666667,8.120000000000001,3,C03,cluster_03_mild_humid_normal_wind
2023-11-21,-0.3942,9.48,5.885920138888888,66.48263888888889,2.5930555555555554,53583.9451,14.804166666666667,9.8742,7,C07,cluster_07_mild_normal_humidity_normal_wind
2023-11-22,-0.73,11.11,3.823576388888889,60.625,1.321996527777778,73335.6892,7.440000000000001,11.84,0,C00,cluster_00_mild_normal_humidity_normal_wind
2023-11-23,0.16,10.9,6.392222222222222,57.638888888888886,1.6189756944444444,21275.0854,7.440000000000001,10.74,11,C11,cluster_11_mild_normal_humidity_normal_wind
2023-11-24,1.5775,13.45,6.725190972222222,50.90625,1.0412673611111112,73256.14170000001,7.440000000000001,11.8725,0,C00,cluster_00_mild_normal_humidity_normal_wind
2023-11-25,0.64,14.2,8.220833333333333,54.020833333333336,1.8046354166666667,43716.5449,7.440000000000001,13.56,7,C07,cluster_07_mild_normal_humidity_normal_wind
2023-11-26,6.9833,16.14,10.411614583333334,46.59722222222222,2.070868055555556,64477.7804,7.440000000000001,9.1567,7,C07,cluster_07_mild_normal_humidity_normal_wind
2023-11-27,6.65,16.1,12.33435763888889,51.83680555555556,1.9187152777777776,50080.154,7.4125,9.45,7,C07,cluster_07_mild_normal_humidity_normal_wind
2023-11-28,2.69,13.27,8.925347222222221,67.53645833333333,0.9855208333333332,60373.6051,3.4458333333333333,10.58,0,C00,cluster_00_mild_normal_humidity_normal_wind
2023-11-29,2.74,12.86,7.175711805555555,64.07118055555556,1.1037673611111112,62660.2105,2.64,10.12,0,C00,cluster_00_mild_normal_humidity_normal_wind
2023-11-30,3.1,14.45,8.592048611111112,56.01215277777778,0.9424131944444444,67635.6851,2.64,11.35,0,C00,cluster_00_mild_normal_humidity_normal_wind
2023-12-01,3.36,15.83,9.137256944444443,46.12152777777778,0.7111805555555555,45703.6336,2.64,12.47,0,C00,cluster_00_mild_normal_humidity_normal_wind
2023-12-02,3.43,16.22,8.693802083333333,45.89930555555556,0.78984375,73335.6892,2.64,12.79,0,C00,cluster_00_mild_normal_humidity_normal_wind
2023-12-03,4.3,16.85,9.16217013888889,37.3125,0.7611458333333334,73335.6892,2.64,12.55,0,C00,cluster_00_mild_normal_humidity_normal_wind
2023-12-04,4.36,17.1,9.316753472222222,31.890625,0.5812326388888889,73311.50690000001,2.64,12.740000000000002,0,C00,cluster_00_mild_normal_humidity_normal_wind
2023-12-05,3.66,17.35,8.855833333333333,38.520833333333336,0.6753472222222222,72800.5129,2.64,13.69,0,C00,cluster_00_mild_normal_humidity_normal_wind
2023-12-06,3.39,14.34,8.451354166666667,36.453125,1.6984374999999998,25459.9003,2.64,10.95,6,C06,cluster_06_warm_normal_humidity_normal_wind
2023-12-07,5.69,13.03,8.857951388888889,48.12847222222222,0.9030208333333332,56453.1702,2.9691666666666667,7.339999999999999,0,C00,cluster_00_mild_normal_humidity_normal_wind
2023-12-08,4.4,14.44,9.102274305555556,53.79166666666666,0.8305555555555555,71984.6917,3.12,10.04,0,C00,cluster_00_mild_normal_humidity_normal_wind
2023-12-09,4.2,13.83,9.056927083333331,51.51909722222222,2.7077083333333336,32311.5592,3.744166666666666,9.63,7,C07,cluster_07_mild_normal_humidity_normal_wind
2023-12-10,5.74,14.99,10.380399305555557,45.52430555555556,1.0547743055555554,50812.0823,6.48,9.25,0,C00,cluster_00_mild_normal_humidity_normal_wind
2023-12-11,4.79,16.06,10.050225694444444,41.96180555555556,1.4656944444444444,25915.0,6.48,11.27,6,C06,cluster_06_warm_normal_humidity_normal_wind
2023-12-12,5.87,12.35,9.240572916666666,47.123263888888886,1.8484375,13283.9454,6.48,6.48,11,C11,cluster_11_mild_normal_humidity_normal_wind
2023-12-13,5.87,10.42,7.903628472222222,58.46006944444444,2.3242534722222223,13343.5639,5.666666666666667,4.55,3,C03,cluster_03_mild_humid_normal_wind
2023-12-14,2.055,7.95,5.313211805555556,81.86979166666667,2.4796006944444446,40979.8303,3.5929166666666665,5.895,3,C03,cluster_03_mild_humid_normal_wind
2023-12-15,1.57,11.78,5.245086805555555,60.770833333333336,1.5410416666666666,73328.7802,3.84,10.21,0,C00,cluster_00_mild_normal_humidity_normal_wind
2023-12-16,1.48,15.19,8.070694444444445,46.69444444444444,1.0918576388888888,72200.7363,3.84,13.71,0,C00,cluster_00_mild_normal_humidity_normal_wind
2023-12-17,3.94,15.51,9.211284722222222,44.21006944444444,1.3971701388888889,72916.0379,3.84,11.57,0,C00,cluster_00_mild_normal_humidity_normal_wind
2023-12-18,0.22,9.8,4.815763888888889,57.92534722222222,1.7403125,71569.879,3.84,9.58,0,C00,cluster_00_mild_normal_humidity_normal_wind
2023-12-19,0.69,8.96,4.170972222222222,67.10243055555556,0.6735416666666666,49797.1774,3.84,8.270000000000001,11,C11,cluster_11_mild_normal_humidity_normal_wind
2023-12-20,-1.23,9.55,4.087291666666667,64.45833333333333,1.1729166666666666,62436.7258,3.84,10.78,0,C00,cluster_00_mild_normal_humidity_normal_wind
2023-12-21,0.5,9.57,4.5344444444444445,60.00694444444444,1.0858854166666667,72839.7651,3.84,9.07,0,C00,cluster_00_mild_normal_humidity_normal_wind
2023-12-22,1.11,9.77,5.764635416666667,58.0625,2.1312152777777778,31137.9384,4.729166666666667,8.66,11,C11,cluster_11_mild_normal_humidity_normal_wind
2023-12-23,4.49,10.19,7.337777777777778,65.13020833333333,3.2477083333333336,34294.9874,4.710833333333333,5.699999999999999,3,C03,cluster_03_mild_humid_normal_wind
2023-12-24,6.55,10.82,8.563940972222222,64.65625,3.262326388888889,35653.2928,12.115416666666668,4.2700000000000005,3,C03,cluster_03_mild_humid_normal_wind
2023-12-25,3.445,12.19,7.943368055555556,57.27777777777778,2.216527777777778,61607.7366,4.34,8.745,7,C07,cluster_07_mild_normal_humidity_normal_wind
2023-12-26,2.64,12.25,6.717534722222222,52.98784722222222,1.472048611111111,73335.6892,3.6,9.61,0,C00,cluster_00_mild_normal_humidity_normal_wind
2023-12-27,2.75,13.68,7.678055555555556,51.75868055555556,2.120850694444444,73335.6892,3.6,10.93,7,C07,cluster_07_mild_normal_humidity_normal_wind
2023-12-28,1.1958,11.22,6.918749999999999,57.654513888888886,1.1822916666666667,21867.1241,3.6,10.0242,11,C11,cluster_11_mild_normal_humidity_normal_wind
2023-12-29,-0.0442,12.05,5.331927083333333,63.029513888888886,1.1774479166666667,71886.4479,3.6,12.0942,0,C00,cluster_00_mild_normal_humidity_normal_wind
2023-12-30,-0.06,11.83,5.197777777777778,65.109375,0.9949131944444444,73199.5279,3.6,11.89,0,C00,cluster_00_mild_normal_humidity_normal_wind
2023-12-31,1.91,11.77,6.278854166666666,60.59027777777778,0.8450000000000001,70842.1334,3.6,9.86,0,C00,cluster_00_mild_normal_humidity_normal_wind
2024-01-01,2.12,12.85,5.8634375,61.32465277777778,0.8448784722222222,42150.1088,3.6,10.73,11,C11,cluster_11_mild_normal_humidity_normal_wind
2024-01-02,0.51,11.95,5.92782986111111,62.921875,1.577395833333333,41331.2615,3.6,11.44,11,C11,cluster_11_mild_normal_humidity_normal_wind
2024-01-03,1.0617,10.04,5.635486111111111,59.802083333333336,1.1413194444444443,32284.867,3.6,8.978299999999999,11,C11,cluster_11_mild_normal_humidity_normal_wind
2024-01-04,0.77,10.66,5.742881944444445,54.21527777777778,0.8087326388888889,70799.5685,3.6,9.89,0,C00,cluster_00_mild_normal_humidity_normal_wind
2024-01-05,2.71,10.1,7.105503472222222,58.69791666666666,0.9173090277777778,25536.0345,3.6,7.39,11,C11,cluster_11_mild_normal_humidity_normal_wind
2024-01-06,-1.87,6.93,3.856666666666667,69.37152777777777,2.571284722222222,60614.3172,17.729583333333334,8.8,4,C04,cluster_04_cold_normal_humidity_normal_wind
2024-01-07,-3.0,9.74,3.2227083333333333,47.390625,1.072638888888889,73335.6892,24.0,12.74,9,C09,cluster_09_cold_normal_humidity_normal_wind
2024-01-08,0.32,11.24,5.936319444444445,38.513888888888886,0.901579861111111,19009.0905,24.0,10.92,9,C09,cluster_09_cold_normal_humidity_normal_wind
2024-01-09,2.08,13.55,8.255572916666667,36.42881944444444,1.0527951388888888,18048.2396,24.0,11.47,9,C09,cluster_09_cold_normal_humidity_normal_wind
2024-01-10,3.89,9.22,6.210815972222222,55.076388888888886,1.4109895833333337,14695.0848,15.14875,5.33,3,C03,cluster_03_mild_humid_normal_wind
2024-01-11,3.72,7.24,5.333298611111111,75.37673611111111,1.771388888888889,14980.4135,6.952916666666667,3.52,3,C03,cluster_03_mild_humid_normal_wind
2024-01-12,3.47,5.94,4.406284722222222,80.22222222222223,2.398802083333333,29372.0877,6.2004166666666665,2.47,3,C03,cluster_03_mild_humid_normal_wind
2024-01-13,3.95,8.14,6.029809027777778,67.703125,2.72625,30087.4906,4.8325,4.19,3,C03,cluster_03_mild_humid_normal_wind
2024-01-14,4.99,9.24,7.195260416666667,71.00868055555556,1.8501041666666669,35493.22,9.329583333333334,4.25,3,C03,cluster_03_mild_humid_normal_wind
2024-01-15,1.65,10.21,6.305625,67.49131944444444,1.0031076388888889,61760.5353,5.695,8.56,0,C00,cluster_00_mild_normal_humidity_normal_wind
2024-01-16,-0.72,10.03,4.21671875,52.739583333333336,0.9468576388888889,70878.9622,7.199999999999999,10.75,0,C00,cluster_00_mild_normal_humidity_normal_wind
2024-01-17,1.25,12.48,5.8775,44.967013888888886,0.9582986111111113,66540.7718,7.199999999999999,11.23,0,C00,cluster_00_mild_normal_humidity_normal_wind
2024-01-18,0.47,11.08,4.918784722222222,57.638888888888886,0.605625,51335.3963,7.199999999999999,10.61,0,C00,cluster_00_mild_normal_humidity_normal_wind
2024-01-19,0.08,10.95,5.199826388888889,58.732638888888886,1.4349826388888889,69727.6028,7.199999999999999,10.87,0,C00,cluster_00_mild_normal_humidity_normal_wind
2024-01-20,1.52,11.4,5.907031249999999,51.045138888888886,1.5136111111111112,27868.8905,7.199999999999999,9.88,11,C11,cluster_11_mild_normal_humidity_normal_wind
2024-01-21,1.18,11.84,6.506736111111112,52.265625,0.6753819444444444,60835.3356,7.199999999999999,10.66,0,C00,cluster_00_mild_normal_humidity_normal_wind
2024-01-22,3.37,12.3,7.511197916666666,58.67534722222222,0.6106770833333334,39823.8499,9.248333333333331,8.93,11,C11,cluster_11_mild_normal_humidity_normal_wind
2024-01-23,4.4,7.21,5.546180555555555,89.515625,1.8581944444444445,31528.7213,9.032916666666669,2.81,3,C03,cluster_03_mild_humid_normal_wind
2024-01-24,-1.7842,6.2,3.1624826388888887,88.42361111111111,1.8036284722222224,23300.6811,9.8175,7.9842,3,C03,cluster_03_mild_humid_normal_wind
2024-01-25,-3.72,4.14,1.465451388888889,78.84722222222223,0.8428993055555556,42917.7236,11.375833333333333,7.859999999999999,11,C11,cluster_11_mild_normal_humidity_normal_wind
2024-01-26,-0.39,7.31,3.703836805555556,70.02256944444444,1.4562499999999998,30304.9465,11.667083333333332,7.699999999999999,11,C11,cluster_11_mild_normal_humidity_normal_wind
2024-01-27,2.0,5.54,3.376232638888889,84.61805555555556,2.9094444444444445,26324.2581,13.02625,3.54,3,C03,cluster_03_mild_humid_normal_wind
2024-01-28,-0.6133,5.71,2.8290625,61.78819444444444,1.5638888888888889,45482.2824,5.180833333333333,6.3233,11,C11,cluster_11_mild_normal_humidity_normal_wind
2024-01-29,-3.26,5.81,0.5208159722222222,56.74652777777778,0.8284375,54354.2055,5.04,9.07,0,C00,cluster_00_mild_normal_humidity_normal_wind
2024-01-30,-3.2,5.78,0.2361111111111111,63.25868055555556,0.8591493055555556,50250.7092,5.04,8.98,11,C11,cluster_11_mild_normal_humidity_normal_wind
2024-01-31,-2.48,3.87,0.7631770833333333,74.20486111111111,2.2437847222222222,27356.1831,5.44375,6.35,3,C03,cluster_03_mild_humid_normal_wind
2024-02-01,-0.53,2.22,0.7627777777777778,80.81597222222223,2.112621527777778,16570.6954,5.76,2.75,3,C03,cluster_03_mild_humid_normal_wind
2024-02-02,-4.4158,2.27,-0.6293576388888888,80.32118055555556,1.8291840277777776,14843.2237,4.335,6.6858,11,C11,cluster_11_mild_normal_humidity_normal_wind
2024-02-03,-4.79,4.63,-0.0427951388888888,64.47916666666667,2.011458333333333,70753.313,2.88,9.42,0,C00,cluster_00_mild_normal_humidity_normal_wind
2024-02-04,-3.46,4.64,1.6064756944444445,59.107638888888886,1.2487326388888889,55819.5539,2.88,8.1,0,C00,cluster_00_mild_normal_humidity_normal_wind
2024-02-05,1.33,6.0,3.826215277777778,65.11284722222223,1.6523958333333333,31128.7726,4.262083333333333,4.67,11,C11,cluster_11_mild_normal_humidity_normal_wind
2024-02-06,1.5058,8.66,5.183697916666667,62.734375,2.9283506944444446,55225.9197,3.583333333333333,7.1542,7,C07,cluster_07_mild_normal_humidity_normal_wind
2024-02-07,0.44,9.46,4.521493055555556,57.763888888888886,1.3735069444444443,73311.6464,2.64,9.02,0,C00,cluster_00_mild_normal_humidity_normal_wind
2024-02-08,0.64,12.25,6.121840277777777,51.69618055555556,0.6778993055555556,73236.2125,2.64,11.61,0,C00,cluster_00_mild_normal_humidity_normal_wind
2024-02-09,1.95,13.11,7.280069444444444,45.427083333333336,0.9022916666666668,31664.9674,2.64,11.16,11,C11,cluster_11_mild_normal_humidity_normal_wind
2024-02-10,1.88,13.67,7.3621875,40.35416666666666,0.5869444444444444,65698.7783,2.64,11.79,0,C00,cluster_00_mild_normal_humidity_normal_wind
2024-02-11,1.84,15.08,7.606944444444445,56.55381944444444,0.6150520833333333,73239.6671,2.64,13.24,0,C00,cluster_00_mild_normal_humidity_normal_wind
2024-02-12,2.44,15.39,8.36640625,53.22743055555556,1.0499652777777777,72298.7771,2.64,12.95,0,C00,cluster_00_mild_normal_humidity_normal_wind
2024-02-13,3.53,16.49,9.822430555555556,46.56597222222222,1.1061284722222222,40984.9259,2.64,12.96,0,C00,cluster_00_mild_normal_humidity_normal_wind
2024-02-14,5.54,16.8,12.241597222222222,42.161458333333336,2.458003472222222,38883.4005,2.71375,11.260000000000002,7,C07,cluster_07_mild_normal_humidity_normal_wind
2024-02-15,8.49,15.55,11.75404513888889,58.623263888888886,2.8056076388888886,23026.2544,5.360833333333334,7.0600000000000005,3,C03,cluster_03_mild_humid_normal_wind
2024-02-16,5.59,9.71,7.776302083333332,90.83506944444444,1.4954340277777778,12229.5236,18.19458333333333,4.120000000000001,3,C03,cluster_03_mild_humid_normal_wind
2024-02-17,2.46,9.46,5.722447916666667,83.859375,1.72640625,39763.5961,10.03375,7.000000000000001,3,C03,cluster_03_mild_humid_normal_wind
2024-02-18,-0.2125,8.35,3.6661979166666665,72.77951388888889,2.793090277777777,39806.0165,3.12625,8.5625,7,C07,cluster_07_mild_normal_humidity_normal_wind
2024-02-19,-1.08,8.17,2.717222222222222,68.01041666666667,1.3168229166666667,58565.266,3.12,9.25,0,C00,cluster_00_mild_normal_humidity_normal_wind
2024-02-20,-1.07,7.78,3.6036284722222223,70.90972222222223,0.6345659722222222,58367.2412,2.730833333333333,8.85,0,C00,cluster_00_mild_normal_humidity_normal_wind
2024-02-21,0.19,10.08,5.4524131944444445,66.66145833333333,0.8943229166666666,63238.6457,2.64,9.89,0,C00,cluster_00_mild_normal_humidity_normal_wind
2024-02-22,2.75,9.86,6.203194444444445,63.93229166666666,0.967673611111111,54105.0509,3.9175,7.109999999999999,11,C11,cluster_11_mild_normal_humidity_normal_wind
2024-02-23,2.51,11.22,7.422864583333332,56.22222222222222,0.7758333333333334,48261.0495,4.08,8.71,11,C11,cluster_11_mild_normal_humidity_normal_wind
2024-02-24,0.6075,9.27,4.608454861111111,63.60590277777778,2.164184027777777,14285.9139,4.08,8.6625,11,C11,cluster_11_mild_normal_humidity_normal_wind
2024-02-25,-3.7108,1.18,-0.9341666666666668,68.16319444444444,2.508454861111111,12524.5095,4.08,4.8908,3,C03,cluster_03_mild_humid_normal_wind
2024-02-26,-4.8058,2.14,-1.9073263888888887,60.435763888888886,1.8124826388888888,14648.9121,4.08,6.9458,11,C11,cluster_11_mild_normal_humidity_normal_wind
2024-02-27,-4.84,1.93,-1.5404861111111112,70.96180555555556,1.1981770833333334,14458.1768,3.067916666666666,6.77,11,C11,cluster_11_mild_normal_humidity_normal_wind
2024-02-28,-4.79,1.35,-1.75828125,63.654513888888886,1.6578472222222222,19936.7544,2.4,6.140000000000001,11,C11,cluster_11_mild_normal_humidity_normal_wind
2024-02-29,-5.67,2.81,-1.860920138888889,48.55902777777778,2.422569444444445,70695.3659,2.4,8.48,7,C07,cluster_07_mild_normal_humidity_normal_wind
2024-03-01,-5.67,6.72,-0.172361111111111,40.41840277777778,1.276736111111111,73335.6892,2.4,12.39,0,C00,cluster_00_mild_normal_humidity_normal_wind
2024-03-02,-4.6,8.23,2.496545138888889,38.37673611111112,0.9222916666666668,65907.1401,2.4,12.83,0,C00,cluster_00_mild_normal_humidity_normal_wind
2024-03-03,-1.68,10.5,4.909340277777778,47.29340277777778,1.6434027777777778,39022.8103,2.6625,12.18,0,C00,cluster_00_mild_normal_humidity_normal_wind
2024-03-04,1.82,8.28,4.604947916666666,66.72222222222223,1.4039930555555555,21329.8889,4.13125,6.459999999999999,11,C11,cluster_11_mild_normal_humidity_normal_wind
2024-03-05,0.58,7.83,3.851944444444444,70.71701388888889,0.9421354166666666,44103.1126,4.122083333333333,7.25,11,C11,cluster_11_mild_normal_humidity_normal_wind
2024-03-06,-0.55,11.92,6.58015625,57.84027777777778,0.8567187500000001,69813.7071,4.8,12.47,0,C00,cluster_00_mild_normal_humidity_normal_wind
2024-03-07,4.16,11.19,7.729184027777778,62.23090277777778,1.513472222222222,36476.7689,6.005,7.029999999999999,11,C11,cluster_11_mild_normal_humidity_normal_wind
2024-03-08,4.77,12.04,8.13923611111111,56.498263888888886,1.1007812499999998,54140.7369,6.911666666666666,7.27,11,C11,cluster_11_mild_normal_humidity_normal_wind
2024-03-09,3.3,12.24,7.54532986111111,45.842013888888886,1.392170138888889,69906.0823,6.72,8.940000000000001,0,C00,cluster_00_mild_normal_humidity_normal_wind
2024-03-10,3.94,11.01,7.292152777777777,59.015625,1.552465277777778,30877.196,5.0275,7.07,11,C11,cluster_11_mild_normal_humidity_normal_wind
2024-03-11,-1.25,8.72,4.993784722222222,78.45659722222223,1.1206770833333333,32510.6613,4.702916666666667,9.97,11,C11,cluster_11_mild_normal_humidity_normal_wind
2024-03-12,-0.7,11.64,5.565416666666667,57.66493055555556,2.034392361111111,72947.1216,3.6,12.34,0,C00,cluster_00_mild_normal_humidity_normal_wind
2024-03-13,1.27,14.76,8.949895833333334,46.654513888888886,1.7682291666666667,70350.8714,3.6,13.49,0,C00,cluster_00_mild_normal_humidity_normal_wind
2024-03-14,5.65,16.49,11.955069444444444,42.04166666666666,2.913420138888889,72394.0599,3.7075,10.839999999999998,7,C07,cluster_07_mild_normal_humidity_normal_wind
2024-03-15,9.16,16.84,12.69763888888889,59.40104166666666,3.631388888888889,49984.9903,9.047916666666667,7.68,7,C07,cluster_07_mild_normal_humidity_normal_wind
2024-03-16,5.56,11.59,9.416909722222222,71.859375,1.2186979166666667,49522.8592,11.28125,6.03,11,C11,cluster_11_mild_normal_humidity_normal_wind
2024-03-17,4.85,15.79,10.496666666666666,50.26736111111112,0.9690798611111112,61676.3559,5.52,10.94,0,C00,cluster_00_mild_normal_humidity_normal_wind
2024-03-18,6.62,15.08,10.773559027777775,63.64930555555556,1.497777777777778,12226.0691,6.878333333333334,8.46,11,C11,cluster_11_mild_normal_humidity_normal_wind
2024-03-19,7.15,12.32,10.265833333333331,78.13888888888889,2.328107638888889,15245.4656,13.853333333333332,5.17,3,C03,cluster_03_mild_humid_normal_wind
2024-03-20,4.83,10.7,7.943038194444444,71.78993055555556,1.684826388888889,50978.2307,7.027916666666666,5.869999999999999,11,C11,cluster_11_mild_normal_humidity_normal_wind
2024-03-21,3.28,14.56,9.466302083333334,57.73611111111112,1.813680555555556,56977.5089,2.88,11.28,7,C07,cluster_07_mild_normal_humidity_normal_wind
2024-03-22,5.03,15.99,11.62920138888889,48.458333333333336,2.2713194444444444,49745.7147,2.88,10.96,7,C07,cluster_07_mild_normal_humidity_normal_wind
2024-03-23,5.99,15.32,11.233194444444443,55.22743055555556,1.0968749999999998,39622.1877,2.7954166666666667,9.33,11,C11,cluster_11_mild_normal_humidity_normal_wind
2024-03-24,7.02,18.07,14.168350694444444,38.677083333333336,2.59234375,26945.0299,2.7258333333333336,11.05,6,C06,cluster_06_warm_normal_humidity_normal_wind
2024-03-25,3.015,12.36,8.47298611111111,78.31076388888889,2.1441666666666666,24142.8131,23.879166666666663,9.345,9,C09,cluster_09_cold_normal_humidity_normal_wind
2024-03-26,2.25,13.45,8.211649305555556,55.55381944444444,2.417638888888889,49708.6979,11.28,11.2,7,C07,cluster_07_mild_normal_humidity_normal_wind
2024-03-27,5.34,13.48,8.93560763888889,56.56423611111112,2.05859375,46025.3615,7.310833333333333,8.14,7,C07,cluster_07_mild_normal_humidity_normal_wind
2024-03-28,1.9533,14.79,8.421440972222221,50.317708333333336,2.558107638888889,64005.1743,5.04,12.8367,7,C07,cluster_07_mild_normal_humidity_normal_wind
2024-03-29,0.54,17.05,9.3959375,39.42881944444444,1.2128993055555557,73335.6892,5.04,16.51,5,C05,cluster_05_warm_normal_humidity_normal_wind
2024-03-30,3.17,17.33,11.124635416666669,39.62152777777778,1.7646180555555555,46087.0217,5.04,14.159999999999998,5,C05,cluster_05_warm_normal_humidity_normal_wind
2024-03-31,5.1608,16.77,11.123003472222225,44.20486111111112,2.490486111111111,63210.0573,5.04,11.6092,7,C07,cluster_07_mild_normal_humidity_normal_wind
2024-04-01,4.42,17.96,11.35137152777778,49.10590277777778,2.2625694444444444,63716.025,5.812916666666667,13.54,7,C07,cluster_07_mild_normal_humidity_normal_wind
2024-04-02,4.6,17.67,11.030538194444444,44.09722222222222,0.9400868055555556,41004.5479,6.24,13.070000000000002,5,C05,cluster_05_warm_normal_humidity_normal_wind
2024-04-03,6.87,18.99,12.950329861111111,44.87152777777778,1.1825347222222222,72637.3089,6.24,12.119999999999996,5,C05,cluster_05_warm_normal_humidity_normal_wind
2024-04-04,7.84,22.17,15.746545138888887,35.52777777777778,1.2280729166666666,67010.1749,6.24,14.330000000000002,5,C05,cluster_05_warm_normal_humidity_normal_wind
2024-04-05,10.07,23.56,17.934756944444445,35.045138888888886,1.2444444444444445,65743.1786,6.24,13.489999999999998,5,C05,cluster_05_warm_normal_humidity_normal_wind
2024-04-06,11.38,23.05,17.596180555555556,36.092013888888886,1.1008506944444445,46435.1153,6.24,11.67,5,C05,cluster_05_warm_normal_humidity_normal_wind
2024-04-07,9.4783,22.84,16.006493055555556,42.58680555555556,2.163854166666667,36432.0131,6.329166666666667,13.3617,6,C06,cluster_06_warm_normal_humidity_normal_wind
2024-04-08,7.695,21.03,13.531840277777778,56.13368055555556,2.971684027777778,62903.8635,3.995833333333333,13.335,7,C07,cluster_07_mild_normal_humidity_normal_wind
2024-04-09,7.55,23.29,17.403402777777778,40.47569444444444,1.871805555555556,68262.7106,3.36,15.739999999999998,5,C05,cluster_05_warm_normal_humidity_normal_wind
2024-04-10,7.86,20.93,15.808576388888888,50.708333333333336,2.7922743055555554,15639.5252,11.54375,13.07,6,C06,cluster_06_warm_normal_humidity_normal_wind
2024-04-11,5.4608,15.82,10.25171875,72.68055555555556,3.2347569444444444,45786.7669,3.507083333333333,10.3592,7,C07,cluster_07_mild_normal_humidity_normal_wind
2024-04-12,3.67,14.17,8.695989583333334,61.38368055555556,3.948836805555556,59869.384,3.3191666666666664,10.5,7,C07,cluster_07_mild_normal_humidity_normal_wind
2024-04-13,3.41,15.94,9.819913194444446,46.30555555555556,2.1181770833333333,63202.4981,3.36,12.53,7,C07,cluster_07_mild_normal_humidity_normal_wind
2024-04-14,4.13,18.37,11.365086805555556,46.00173611111112,1.5691666666666668,66734.324,3.36,14.240000000000002,5,C05,cluster_05_warm_normal_humidity_normal_wind
2024-04-15,5.86,19.59,13.295173611111112,41.84375,1.0909722222222222,32441.0065,3.36,13.73,6,C06,cluster_06_warm_normal_humidity_normal_wind
2024-04-16,8.0475,21.11,14.314583333333337,46.796875,1.1901388888888889,36339.7036,3.36,13.0625,6,C06,cluster_06_warm_normal_humidity_normal_wind
2024-04-17,7.78,22.08,15.117743055555556,42.21354166666666,1.5057118055555554,53929.0139,5.185,14.299999999999995,5,C05,cluster_05_warm_normal_humidity_normal_wind
2024-04-18,9.31,23.57,16.603975694444443,31.52083333333333,1.2791319444444444,73335.6892,6.24,14.26,5,C05,cluster_05_warm_normal_humidity_normal_wind
2024-04-19,10.4,25.28,18.07151041666667,37.55555555555556,2.28734375,44681.4865,6.24,14.88,6,C06,cluster_06_warm_normal_humidity_normal_wind
2024-04-20,10.71,24.55,17.868055555555557,39.00173611111112,2.243420138888889,45545.0772,6.24,13.84,6,C06,cluster_06_warm_normal_humidity_normal_wind
2024-04-21,12.79,23.44,17.588194444444444,42.24131944444444,2.4263194444444443,29840.858,6.24,10.650000000000002,6,C06,cluster_06_warm_normal_humidity_normal_wind
2024-04-22,11.3042,20.87,15.697517361111112,58.57465277777778,2.2240451388888887,16540.8733,6.7091666666666665,9.5658,6,C06,cluster_06_warm_normal_humidity_normal_wind
2024-04-23,8.65,15.44,11.888715277777775,74.56770833333333,2.463142361111111,13666.6228,7.090416666666666,6.789999999999999,3,C03,cluster_03_mild_humid_normal_wind
2024-04-24,7.53,21.43,14.37779513888889,50.41319444444444,2.074583333333333,61882.2382,3.6,13.9,5,C05,cluster_05_warm_normal_humidity_normal_wind
2024-04-25,7.09,23.75,16.100781249999997,35.73090277777778,1.78,69639.2498,3.6,16.66,5,C05,cluster_05_warm_normal_humidity_normal_wind
2024-04-26,8.84,25.64,17.71425347222222,32.232638888888886,1.8577777777777775,72425.4692,3.6,16.8,5,C05,cluster_05_warm_normal_humidity_normal_wind
2024-04-27,10.28,25.26,17.96559027777778,30.83159722222222,1.385625,70749.4468,3.6,14.980000000000002,5,C05,cluster_05_warm_normal_humidity_normal_wind
2024-04-28,11.95,25.7,18.906666666666663,33.67881944444444,1.2643055555555556,71275.157,3.6,13.75,5,C05,cluster_05_warm_normal_humidity_normal_wind
2024-04-29,12.25,27.11,19.94774305555556,32.807291666666664,1.3757118055555555,62596.4198,3.6,14.86,5,C05,cluster_05_warm_normal_humidity_normal_wind
2024-04-30,13.99,25.95,20.90222222222222,20.53472222222222,2.6752083333333334,14134.7097,3.6,11.96,6,C06,cluster_06_warm_normal_humidity_normal_wind
2024-05-01,16.27,25.72,20.41135416666667,24.33159722222222,2.9086979166666667,14666.5558,3.6,9.45,6,C06,cluster_06_warm_normal_humidity_normal_wind
2024-05-02,12.935,18.22,16.034374999999997,55.154513888888886,1.409826388888889,13050.346,5.082916666666667,5.284999999999998,6,C06,cluster_06_warm_normal_humidity_normal_wind
2024-05-03,10.7775,19.03,14.524583333333332,71.57291666666667,1.40734375,16053.9341,10.408333333333331,8.252500000000001,3,C03,cluster_03_mild_humid_normal_wind
2024-05-04,10.34,19.23,15.141371527777778,55.68229166666666,2.93703125,48038.7613,4.363333333333333,8.89,7,C07,cluster_07_mild_normal_humidity_normal_wind
2024-05-05,11.18,22.17,16.928645833333334,43.85590277777778,1.320815972222222,42104.6017,3.84,10.990000000000002,6,C06,cluster_06_warm_normal_humidity_normal_wind
2024-05-06,11.1167,19.69,15.341440972222223,63.32291666666666,2.6006597222222223,27279.961,6.601666666666667,8.573300000000001,6,C06,cluster_06_warm_normal_humidity_normal_wind
2024-05-07,11.11,18.18,14.382743055555554,70.02256944444444,2.8264930555555554,46224.337,15.009166666666667,7.07,3,C03,cluster_03_mild_humid_normal_wind
2024-05-08,8.4117,19.21,14.588298611111112,48.90277777777778,1.1541840277777775,51214.1872,5.663749999999999,10.7983,5,C05,cluster_05_warm_normal_humidity_normal_wind
2024-05-09,7.62,18.45,13.388020833333334,58.84548611111112,2.5449131944444443,53337.7204,3.147083333333333,10.829999999999998,7,C07,cluster_07_mild_normal_humidity_normal_wind
2024-05-10,7.81,22.52,16.099756944444444,44.37847222222222,0.9706944444444444,60018.6295,2.88,14.71,5,C05,cluster_05_warm_normal_humidity_normal_wind
2024-05-11,12.27,24.47,19.81421875,37.661458333333336,2.2176388888888887,72527.819,2.88,12.2,5,C05,cluster_05_warm_normal_humidity_normal_wind
2024-05-12,16.49,26.92,22.23769097222222,35.0,3.871579861111112,29568.0389,3.77125,10.430000000000003,2,C02,cluster_02_hot_dry_normal_wind
2024-05-13,12.7,23.34,18.04953125,60.16666666666666,2.163315972222222,19693.0819,17.84,10.64,8,C08,cluster_08_warm_normal_humidity_normal_wind
2024-05-14,12.1258,21.86,17.504097222222224,61.63194444444444,1.0569618055555554,48218.4683,10.995833333333334,9.7342,8,C08,cluster_08_warm_normal_humidity_normal_wind
2024-05-15,12.06,23.71,18.274479166666666,44.279513888888886,1.1553819444444444,66649.3585,7.440000000000001,11.65,5,C05,cluster_05_warm_normal_humidity_normal_wind
2024-05-16,12.52,23.28,18.10508680555556,47.37847222222222,1.6414236111111111,55267.214,7.440000000000001,10.760000000000002,5,C05,cluster_05_warm_normal_humidity_normal_wind
2024-05-17,12.0017,20.64,16.71019097222222,54.703125,1.1288368055555555,53653.6578,5.65125,8.638300000000001,6,C06,cluster_06_warm_normal_humidity_normal_wind
2024-05-18,8.9008,21.13,15.389774305555555,54.66840277777778,3.0188541666666664,62243.2014,3.84,12.2292,7,C07,cluster_07_mild_normal_humidity_normal_wind
2024-05-19,8.54,22.73,17.130885416666665,48.65277777777778,1.5092881944444445,54721.2314,3.765416666666667,14.19,5,C05,cluster_05_warm_normal_humidity_normal_wind
2024-05-20,13.28,23.71,17.729791666666667,56.90798611111112,1.405607638888889,19060.8229,7.572500000000001,10.43,6,C06,cluster_06_warm_normal_humidity_normal_wind
2024-05-21,11.1175,23.25,16.7565625,65.80034722222223,2.1225,25626.4692,11.065416666666668,12.1325,6,C06,cluster_06_warm_normal_humidity_normal_wind
2024-05-22,10.65,22.16,16.067569444444445,71.86805555555556,1.9485243055555557,25416.6123,13.19375,11.51,8,C08,cluster_08_warm_normal_humidity_normal_wind
2024-05-23,10.9208,23.58,16.961041666666667,63.48611111111112,2.3807118055555554,57130.7417,7.963333333333334,12.659199999999998,8,C08,cluster_08_warm_normal_humidity_normal_wind
2024-05-24,10.9,26.17,19.127847222222226,49.79861111111112,1.7738194444444444,43118.9572,4.806666666666668,15.27,5,C05,cluster_05_warm_normal_humidity_normal_wind
2024-05-25,13.14,26.95,19.703020833333333,53.85590277777778,1.6876736111111112,45572.3122,3.28125,13.81,6,C06,cluster_06_warm_normal_humidity_normal_wind
2024-05-26,15.2,28.08,22.525104166666665,43.93923611111112,4.194288194444444,49560.9502,4.00875,12.88,2,C02,cluster_02_hot_dry_normal_wind
2024-05-27,14.8892,30.25,22.8321875,39.0,2.113038194444444,72961.7295,2.64,15.3608,10,C10,cluster_10_hot_dry_normal_wind
2024-05-28,14.84,30.98,22.79560763888889,40.71875,2.289184027777777,60381.4594,3.7166666666666655,16.14,2,C02,cluster_02_hot_dry_normal_wind
2024-05-29,15.57,31.77,24.668107638888888,30.19097222222222,1.9094444444444445,70052.8747,4.56,16.2,10,C10,cluster_10_hot_dry_normal_wind
2024-05-30,17.67,32.27,25.585590277777776,30.428819444444443,1.5685243055555556,60561.4227,4.56,14.6,10,C10,cluster_10_hot_dry_normal_wind
2024-05-31,18.19,34.4,27.75045138888889,25.81423611111111,1.9763194444444443,71950.3692,4.56,16.209999999999997,10,C10,cluster_10_hot_dry_normal_wind
2024-06-01,18.32,35.6,28.58319444444444,21.828125,2.411128472222222,65247.6442,4.56,17.28,10,C10,cluster_10_hot_dry_normal_wind
2024-06-02,14.2633,29.06,21.50638888888889,43.11631944444444,3.862291666666666,72728.5944,4.56,14.7967,2,C02,cluster_02_hot_dry_normal_wind
2024-06-03,14.2058,29.83,21.70453125,42.23611111111112,2.846840277777778,73232.0989,4.56,15.624199999999998,2,C02,cluster_02_hot_dry_normal_wind
2024-06-04,14.1,29.98,22.149722222222223,41.359375,1.9274826388888888,62375.4496,4.56,15.88,10,C10,cluster_10_hot_dry_normal_wind
2024-06-05,15.53,29.56,22.88659722222222,39.69444444444444,1.4747222222222225,51137.2784,4.56,14.03,5,C05,cluster_05_warm_normal_humidity_normal_wind
2024-06-06,16.84,30.52,24.23595486111111,30.350694444444443,1.8492708333333332,59678.9311,4.56,13.68,10,C10,cluster_10_hot_dry_normal_wind
2024-06-07,17.53,32.03,25.411319444444445,25.31076388888889,1.3372743055555556,60078.1336,4.56,14.5,10,C10,cluster_10_hot_dry_normal_wind
2024-06-08,17.96,33.3,27.01661458333333,18.95138888888889,2.388020833333333,59869.1141,4.56,15.339999999999996,10,C10,cluster_10_hot_dry_normal_wind
2024-06-09,20.99,34.17,28.26236111111111,19.06076388888889,2.423298611111111,60587.3604,4.56,13.180000000000003,10,C10,cluster_10_hot_dry_normal_wind
2024-06-10,20.4375,31.45,26.408871527777777,27.260416666666668,1.716059027777778,18356.7886,4.56,11.0125,6,C06,cluster_06_warm_normal_humidity_normal_wind
2024-06-11,19.4083,32.29,25.637222222222224,34.576388888888886,1.1714409722222223,24589.7493,6.842083333333333,12.8817,6,C06,cluster_06_warm_normal_humidity_normal_wind
2024-06-12,18.72,33.83,26.311111111111117,32.861111111111114,1.835642361111111,51852.9609,6.24,15.11,10,C10,cluster_10_hot_dry_normal_wind
2024-06-13,18.72,32.86,25.210034722222225,40.58854166666666,2.3604166666666666,27839.6073,5.1433333333333335,14.14,6,C06,cluster_06_warm_normal_humidity_normal_wind
2024-06-14,16.7367,29.18,22.820555555555558,48.53125,1.7857986111111108,31112.7118,4.369166666666667,12.4433,6,C06,cluster_06_warm_normal_humidity_normal_wind
2024-06-15,16.62,29.79,24.02494791666667,45.380208333333336,1.3993055555555556,51674.9528,5.372916666666666,13.169999999999998,5,C05,cluster_05_warm_normal_humidity_normal_wind
2024-06-16,19.42,32.74,25.962881944444447,41.80034722222222,2.143177083333333,45208.8841,5.895416666666666,13.32,10,C10,cluster_10_hot_dry_normal_wind
2024-06-17,19.51,32.74,25.97954861111111,40.302083333333336,2.183142361111111,60994.9906,6.13375,13.23,10,C10,cluster_10_hot_dry_normal_wind
2024-06-18,19.01,33.45,26.328611111111112,37.09548611111112,2.053159722222222,65783.2019,6.48,14.44,10,C10,cluster_10_hot_dry_normal_wind
2024-06-19,19.31,32.08,25.519270833333334,41.505208333333336,2.19890625,59954.4789,6.48,12.77,10,C10,cluster_10_hot_dry_normal_wind
2024-06-20,18.24,30.81,24.731527777777774,46.69618055555556,2.035642361111111,66222.5185,6.48,12.57,10,C10,cluster_10_hot_dry_normal_wind
2024-06-21,18.34,32.32,25.457934027777775,40.0,2.1041319444444446,69109.7884,6.48,13.98,10,C10,cluster_10_hot_dry_normal_wind
2024-06-22,20.0,32.29,26.350399305555555,37.61979166666666,1.44703125,57792.9733,7.352083333333334,12.29,10,C10,cluster_10_hot_dry_normal_wind
2024-06-23,21.05,32.26,26.001944444444447,39.62152777777778,1.721458333333333,47320.6494,9.076666666666666,11.209999999999996,10,C10,cluster_10_hot_dry_normal_wind
2024-06-24,20.09,32.38,26.023645833333333,41.09027777777778,3.4413715277777777,29740.6676,10.52375,12.290000000000004,2,C02,cluster_02_hot_dry_normal_wind
2024-06-25,19.7833,32.51,26.049913194444443,40.43055555555556,3.170677083333333,38350.2903,10.086666666666666,12.726699999999996,2,C02,cluster_02_hot_dry_normal_wind
2024-06-26,18.44,31.6,24.697916666666668,46.326388888888886,2.005190972222222,55488.4249,5.164166666666667,13.16,10,C10,cluster_10_hot_dry_normal_wind
2024-06-27,16.135,30.55,23.03102430555556,51.18229166666666,3.057170138888889,67202.2396,5.716666666666667,14.415,2,C02,cluster_02_hot_dry_normal_wind
2024-06-28,16.13,32.78,24.56826388888889,45.65798611111112,2.2160243055555555,58127.7928,5.403333333333333,16.650000000000002,10,C10,cluster_10_hot_dry_normal_wind
2024-06-29,16.85,31.88,23.977256944444445,48.66666666666666,2.498454861111111,65203.7782,7.217083333333333,15.029999999999998,2,C02,cluster_02_hot_dry_normal_wind
2024-06-30,16.29,31.16,23.06048611111111,49.47743055555556,2.8934722222222224,68273.2298,9.12,14.87,2,C02,cluster_02_hot_dry_normal_wind
2024-07-01,16.36,32.03,24.133697916666662,46.26736111111112,2.198871527777777,54841.3935,9.12,15.670000000000002,10,C10,cluster_10_hot_dry_normal_wind
2024-07-02,17.8558,32.91,24.918975694444445,41.37847222222222,2.344305555555556,60878.7997,9.12,15.054199999999998,2,C02,cluster_02_hot_dry_normal_wind
2024-07-03,17.3,32.81,25.13546875,41.62152777777778,2.2221354166666667,64009.5936,7.419583333333334,15.510000000000002,10,C10,cluster_10_hot_dry_normal_wind
2024-07-04,17.54,36.36,27.500086805555554,33.94618055555556,2.2811979166666667,73034.6159,6.48,18.82,10,C10,cluster_10_hot_dry_normal_wind
2024-07-05,20.37,37.3,29.195763888888887,32.94965277777778,2.308524305555556,73321.8707,6.48,16.929999999999996,10,C10,cluster_10_hot_dry_normal_wind
2024-07-06,22.17,36.74,29.79477430555556,26.27777777777778,2.4641493055555554,48760.2689,6.48,14.57,2,C02,cluster_02_hot_dry_normal_wind
2024-07-07,21.3117,35.84,29.37626736111111,25.93576388888889,3.3675347222222225,68531.6849,6.48,14.528300000000003,2,C02,cluster_02_hot_dry_normal_wind
2024-07-08,20.12,36.12,28.20248263888889,33.6875,2.948263888888889,69622.4868,6.48,15.999999999999996,2,C02,cluster_02_hot_dry_normal_wind
2024-07-09,19.99,36.23,28.523472222222225,34.96875,1.951909722222222,57862.192,6.48,16.24,10,C10,cluster_10_hot_dry_normal_wind
2024-07-10,21.0,36.49,29.064861111111117,33.25868055555556,1.9566840277777775,59516.3072,6.48,15.490000000000002,10,C10,cluster_10_hot_dry_normal_wind
2024-07-11,21.34,36.63,28.57944444444444,37.41840277777778,2.413298611111111,54232.6976,6.48,15.290000000000004,2,C02,cluster_02_hot_dry_normal_wind
2024-07-12,20.34,35.46,27.66953125,40.395833333333336,2.5206076388888885,71438.3966,6.48,15.12,2,C02,cluster_02_hot_dry_normal_wind
2024-07-13,20.2942,35.34,27.46069444444445,41.623263888888886,1.6146527777777775,72534.1868,6.48,15.045800000000003,10,C10,cluster_10_hot_dry_normal_wind
2024-07-14,18.025,34.14,25.93145833333333,42.842013888888886,2.1152083333333334,72356.4311,6.48,16.115000000000002,10,C10,cluster_10_hot_dry_normal_wind
2024-07-15,17.91,34.72,26.37564236111111,42.279513888888886,2.0424652777777776,73335.6892,6.48,16.81,10,C10,cluster_10_hot_dry_normal_wind
2024-07-16,19.24,35.91,27.59185763888889,36.692708333333336,1.928472222222222,73335.6892,6.48,16.669999999999998,10,C10,cluster_10_hot_dry_normal_wind
2024-07-17,20.65,36.16,28.088697916666668,34.767361111111114,1.7303819444444446,73335.6892,6.48,15.509999999999998,10,C10,cluster_10_hot_dry_normal_wind
2024-07-18,19.7367,36.17,27.73498263888889,36.31944444444444,2.072743055555556,73332.2346,6.48,16.433300000000003,10,C10,cluster_10_hot_dry_normal_wind
2024-07-19,19.21,34.27,26.750486111111112,41.11805555555556,2.265173611111111,64784.2591,6.48,15.060000000000002,10,C10,cluster_10_hot_dry_normal_wind
2024-07-20,19.36,35.04,28.493420138888887,35.376736111111114,2.499791666666667,69158.0318,6.48,15.68,2,C02,cluster_02_hot_dry_normal_wind
2024-07-21,20.5725,35.92,28.32640625,40.64409722222222,2.2391666666666667,62449.7554,6.48,15.3475,10,C10,cluster_10_hot_dry_normal_wind
2024-07-22,20.19,34.87,27.33140625,46.28993055555556,2.4165972222222223,64082.9871,6.48,14.679999999999996,2,C02,cluster_02_hot_dry_normal_wind
2024-07-23,20.93,35.99,28.69364583333333,40.26736111111112,2.0093750000000004,68834.0415,6.48,15.060000000000002,10,C10,cluster_10_hot_dry_normal_wind
2024-07-24,23.02,36.79,30.211302083333333,33.435763888888886,1.2635416666666666,55124.7138,6.48,13.77,10,C10,cluster_10_hot_dry_normal_wind
2024-07-25,20.75,36.5,28.457552083333333,39.07986111111112,2.26015625,62161.1273,6.48,15.75,10,C10,cluster_10_hot_dry_normal_wind
2024-07-26,20.18,37.44,29.080694444444443,36.640625,2.2823437500000003,72949.8321,6.48,17.259999999999998,10,C10,cluster_10_hot_dry_normal_wind
2024-07-27,20.7583,38.24,28.970625,41.36979166666666,2.210017361111112,73321.8708,6.48,17.481700000000004,10,C10,cluster_10_hot_dry_normal_wind
2024-07-28,19.5,35.04,26.10359375,49.670138888888886,3.145017361111111,73223.7869,6.48,15.54,2,C02,cluster_02_hot_dry_normal_wind
2024-07-29,17.1108,30.33,23.141510416666662,51.87152777777778,3.584670138888889,67613.0059,6.107916666666667,13.219199999999995,2,C02,cluster_02_hot_dry_normal_wind
2024-07-30,16.32,34.42,26.870833333333334,41.078125,2.6553125,73332.2346,4.8,18.1,2,C02,cluster_02_hot_dry_normal_wind
2024-07-31,21.4458,38.18,30.51576388888889,31.276041666666668,2.331770833333333,53759.6005,4.8,16.7342,10,C10,cluster_10_hot_dry_normal_wind
2024-08-01,19.5333,35.06,26.46560763888889,44.89930555555556,3.146267361111111,69246.2825,4.8,15.526700000000002,2,C02,cluster_02_hot_dry_normal_wind
2024-08-02,18.8,34.59,26.23902777777778,42.880208333333336,2.0697395833333334,70882.1955,4.8,15.790000000000004,10,C10,cluster_10_hot_dry_normal_wind
2024-08-03,19.45,35.35,26.700607638888886,40.30034722222222,2.494357638888889,72964.2555,4.8,15.900000000000002,2,C02,cluster_02_hot_dry_normal_wind
2024-08-04,19.4,36.61,27.692187500000003,38.65104166666666,2.3232291666666667,73304.737,4.8,17.21,10,C10,cluster_10_hot_dry_normal_wind
2024-08-05,20.2,38.89,30.573090277777776,28.56423611111111,1.588125,73003.7402,4.8,18.69,10,C10,cluster_10_hot_dry_normal_wind
2024-08-06,25.27,40.03,33.28604166666666,22.57465277777778,2.945798611111111,67824.62730000001,4.8,14.760000000000002,2,C02,cluster_02_hot_dry_normal_wind
2024-08-07,23.54,41.88,32.86861111111111,22.31770833333333,2.6894270833333334,71316.0524,4.8,18.340000000000003,2,C02,cluster_02_hot_dry_normal_wind
2024-08-08,20.3617,37.37,28.203177083333333,42.02604166666666,2.805920138888889,70437.8061,4.8,17.0083,2,C02,cluster_02_hot_dry_normal_wind
2024-08-09,19.53,36.15,27.46967013888889,42.520833333333336,2.1860069444444448,73291.0581,4.8,16.619999999999997,10,C10,cluster_10_hot_dry_normal_wind
2024-08-10,20.79,38.27,29.98088541666667,36.295138888888886,1.504045138888889,69473.4204,4.8,17.480000000000004,10,C10,cluster_10_hot_dry_normal_wind
2024-08-11,21.74,37.58,29.163385416666667,41.32118055555556,2.038524305555556,58484.257,9.534166666666668,15.84,10,C10,cluster_10_hot_dry_normal_wind
2024-08-12,20.79,35.73,27.935572916666665,42.03993055555556,2.128559027777777,62263.9083,13.92,14.939999999999998,10,C10,cluster_10_hot_dry_normal_wind
2024-08-13,19.42,35.49,26.62673611111111,44.98090277777778,2.8922743055555555,66002.2567,13.92,16.07,2,C02,cluster_02_hot_dry_normal_wind
2024-08-14,18.74,36.04,26.99802083333333,42.265625,2.7265104166666667,69645.9794,13.92,17.3,2,C02,cluster_02_hot_dry_normal_wind
2024-08-15,19.05,35.11,26.51060763888889,44.576388888888886,3.2569270833333333,73304.737,13.92,16.06,2,C02,cluster_02_hot_dry_normal_wind
2024-08-16,18.33,34.0,25.58404513888889,49.14756944444444,2.117083333333333,54464.7559,13.92,15.670000000000002,10,C10,cluster_10_hot_dry_normal_wind
2024-08-17,17.89,31.71,23.696163194444445,51.65625,2.9863020833333334,69015.4606,13.92,13.82,2,C02,cluster_02_hot_dry_normal_wind
2024-08-18,17.07,33.54,25.60982638888889,47.88194444444444,1.7834375,61715.6161,8.74875,16.47,10,C10,cluster_10_hot_dry_normal_wind
2024-08-19,19.38,35.21,27.16736111111111,40.145833333333336,1.7961631944444445,69651.5184,6.0,15.830000000000002,10,C10,cluster_10_hot_dry_normal_wind
2024-08-20,19.94,33.59,26.30342013888889,44.15972222222222,2.109670138888889,62260.5791,6.0,13.650000000000002,10,C10,cluster_10_hot_dry_normal_wind
2024-08-21,19.62,33.88,26.80921875,38.46875,1.623142361111111,72791.8291,6.0,14.260000000000002,10,C10,cluster_10_hot_dry_normal_wind
2024-08-22,22.17,35.54,28.969947916666666,21.71180555555556,2.022482638888889,73335.6892,6.0,13.369999999999996,10,C10,cluster_10_hot_dry_normal_wind
2024-08-23,22.76,37.14,29.99456597222222,25.444444444444443,1.7072569444444443,69022.1016,6.0,14.38,10,C10,cluster_10_hot_dry_normal_wind
2024-08-24,21.55,36.73,29.655173611111117,29.53298611111111,2.67875,70969.8924,6.0,15.179999999999996,2,C02,cluster_02_hot_dry_normal_wind
2024-08-25,24.37,34.89,29.56107638888889,23.11458333333333,3.372361111111111,60862.1136,6.0,10.52,2,C02,cluster_02_hot_dry_normal_wind
2024-08-26,22.99,36.42,30.116354166666667,22.609375,1.6713020833333332,64639.4547,6.0,13.430000000000003,10,C10,cluster_10_hot_dry_normal_wind
2024-08-27,19.4075,38.02,28.403229166666662,30.960069444444443,2.4153819444444444,72905.2787,6.0,18.612500000000004,10,C10,cluster_10_hot_dry_normal_wind
2024-08-28,19.03,34.51,26.754756944444445,39.86979166666666,1.8191666666666664,52442.5882,4.255833333333333,15.479999999999997,10,C10,cluster_10_hot_dry_normal_wind
2024-08-29,19.41,32.07,25.582725694444445,41.32986111111112,1.724722222222222,69668.9275,4.010416666666667,12.66,10,C10,cluster_10_hot_dry_normal_wind
2024-08-30,18.69,32.63,25.53913194444445,35.348958333333336,2.3472222222222223,73335.6892,5.28,13.94,2,C02,cluster_02_hot_dry_normal_wind
2024-08-31,20.47,33.72,26.43741319444445,22.8125,2.658802083333333,73335.6892,5.28,13.25,2,C02,cluster_02_hot_dry_normal_wind
2024-09-01,19.82,34.31,27.33267361111111,19.11284722222222,2.856197916666667,73335.6892,5.28,14.490000000000002,2,C02,cluster_02_hot_dry_normal_wind
2024-09-02,21.17,34.59,27.77958333333333,17.45138888888889,2.5263541666666667,73335.6892,5.28,13.420000000000002,2,C02,cluster_02_hot_dry_normal_wind
2024-09-03,20.2283,35.23,27.50133680555556,18.75347222222222,1.95796875,73335.6892,5.28,15.001699999999996,10,C10,cluster_10_hot_dry_normal_wind
2024-09-04,19.24,36.03,27.960104166666667,16.881944444444443,2.182934027777778,73335.6892,5.28,16.790000000000003,10,C10,cluster_10_hot_dry_normal_wind
2024-09-05,17.3783,36.52,27.220746527777777,16.73784722222222,1.3058159722222222,73335.6892,5.28,19.141700000000004,10,C10,cluster_10_hot_dry_normal_wind
2024-09-06,15.5283,32.56,22.871145833333333,36.52777777777778,2.420121527777778,73335.6892,5.28,17.0317,2,C02,cluster_02_hot_dry_normal_wind
2024-09-07,14.94,30.16,22.115850694444443,45.796875,1.8371527777777776,73259.8899,5.28,15.22,5,C05,cluster_05_warm_normal_humidity_normal_wind
2024-09-08,15.61,30.75,23.6071875,41.817708333333336,1.6094270833333333,73279.4406,5.28,15.14,10,C10,cluster_10_hot_dry_normal_wind
2024-09-09,17.6,33.06,25.56383680555556,34.357638888888886,1.2175,73335.6892,5.28,15.46,10,C10,cluster_10_hot_dry_normal_wind
2024-09-10,19.62,33.66,26.636666666666667,29.94965277777778,1.4210937499999998,73189.9622,5.28,14.039999999999996,10,C10,cluster_10_hot_dry_normal_wind
2024-09-11,19.9892,34.27,27.49354166666667,23.60590277777778,2.164149305555556,72580.3193,5.28,14.280800000000005,10,C10,cluster_10_hot_dry_normal_wind
2024-09-12,19.82,34.57,26.78638888888889,24.39236111111111,1.347795138888889,71750.7568,5.28,14.75,10,C10,cluster_10_hot_dry_normal_wind
2024-09-13,18.1692,33.02,25.01864583333333,32.576388888888886,1.7122048611111111,54492.5838,5.28,14.850800000000005,10,C10,cluster_10_hot_dry_normal_wind
2024-09-14,15.7633,29.42,21.79409722222222,46.91666666666666,1.59828125,56395.8724,5.420833333333333,13.656700000000004,5,C05,cluster_05_warm_normal_humidity_normal_wind
2024-09-15,14.76,25.42,19.70821180555556,55.359375,1.598871527777778,64286.7738,7.087916666666668,10.660000000000002,5,C05,cluster_05_warm_normal_humidity_normal_wind
2024-09-16,14.64,26.9,21.07069444444444,50.66840277777778,2.143680555555556,44618.7455,8.88,12.259999999999998,6,C06,cluster_06_warm_normal_humidity_normal_wind
2024-09-17,16.5617,28.77,22.779965277777777,41.94791666666666,2.005121527777778,70574.3559,8.88,12.2083,10,C10,cluster_10_hot_dry_normal_wind
2024-09-18,13.8492,25.96,19.619340277777777,56.232638888888886,2.3947569444444445,59558.7567,7.733750000000001,12.1108,5,C05,cluster_05_warm_normal_humidity_normal_wind
2024-09-19,13.24,25.66,19.43914930555556,52.68923611111112,1.8336805555555555,34202.0029,3.84,12.42,6,C06,cluster_06_warm_normal_humidity_normal_wind
2024-09-20,13.82,27.65,20.78236111111111,47.552083333333336,2.010711805555556,46518.0791,3.84,13.829999999999998,6,C06,cluster_06_warm_normal_humidity_normal_wind
2024-09-21,14.61,27.68,21.362916666666667,41.71875,1.6111458333333333,72991.0938,3.84,13.07,5,C05,cluster_05_warm_normal_humidity_normal_wind
2024-09-22,15.72,30.18,23.562430555555554,35.947916666666664,2.0468402777777777,72004.0914,3.84,14.46,10,C10,cluster_10_hot_dry_normal_wind
2024-09-23,18.52,32.3,25.960920138888888,29.76388888888889,2.049756944444445,70841.5965,3.84,13.779999999999998,10,C10,cluster_10_hot_dry_normal_wind
2024-09-24,17.4317,32.74,25.734461805555554,28.81770833333333,1.661875,61003.8309,3.84,15.308300000000004,10,C10,cluster_10_hot_dry_normal_wind
2024-09-25,14.9908,30.57,21.77173611111111,48.38541666666666,2.7876041666666667,73117.4009,3.84,15.5792,2,C02,cluster_02_hot_dry_normal_wind
2024-09-26,13.5983,26.21,19.314965277777777,58.826388888888886,2.27046875,58521.4356,3.84,12.6117,5,C05,cluster_05_warm_normal_humidity_normal_wind
2024-09-27,13.07,25.18,19.04258680555556,57.11805555555556,1.723611111111111,41598.8032,6.706666666666667,12.11,6,C06,cluster_06_warm_normal_humidity_normal_wind
2024-09-28,7.3117,14.35,11.38517361111111,84.19791666666667,1.902638888888889,13116.9352,22.040000000000003,7.0383,3,C03,cluster_03_mild_humid_normal_wind
2024-09-29,7.1,19.16,13.055763888888889,67.13194444444444,1.0109374999999998,45281.8275,5.76,12.06,11,C11,cluster_11_mild_normal_humidity_normal_wind
2024-09-30,8.78,17.44,13.494722222222222,71.78819444444444,2.431371527777778,44065.2129,10.187916666666666,8.660000000000002,7,C07,cluster_07_mild_normal_humidity_normal_wind
2024-10-01,10.78,23.99,18.52052083333333,53.41666666666666,2.207673611111111,67914.5796,9.84,13.21,5,C05,cluster_05_warm_normal_humidity_normal_wind
2024-10-02,15.84,26.98,21.78708333333333,42.62673611111112,2.924496527777778,71972.7891,9.84,11.14,2,C02,cluster_02_hot_dry_normal_wind
2024-10-03,13.14,25.81,19.84772569444445,45.99652777777778,1.667847222222222,72489.5556,9.84,12.669999999999998,5,C05,cluster_05_warm_normal_humidity_normal_wind
2024-10-04,11.85,23.79,17.299930555555555,60.19791666666666,2.614618055555556,72670.68519999999,9.84,11.94,8,C08,cluster_08_warm_normal_humidity_normal_wind
2024-10-05,9.585,22.53,15.8546875,58.65104166666666,2.06453125,62722.4061,9.84,12.945,8,C08,cluster_08_warm_normal_humidity_normal_wind
2024-10-06,9.1,23.28,16.244479166666665,54.505208333333336,1.1468229166666668,69099.2356,9.84,14.18,5,C05,cluster_05_warm_normal_humidity_normal_wind
2024-10-07,10.96,24.54,17.914791666666666,46.208333333333336,1.823680555555556,72406.2445,9.84,13.579999999999998,5,C05,cluster_05_warm_normal_humidity_normal_wind
2024-10-08,12.55,26.73,18.836840277777775,39.810763888888886,0.7577604166666667,73335.6892,9.84,14.18,5,C05,cluster_05_warm_normal_humidity_normal_wind
2024-10-09,12.58,27.05,19.803836805555555,32.307291666666664,0.9918402777777776,72320.1119,9.84,14.47,5,C05,cluster_05_warm_normal_humidity_normal_wind
2024-10-10,13.66,27.25,19.82279513888889,32.08680555555556,0.7615625,73335.6892,9.84,13.59,5,C05,cluster_05_warm_normal_humidity_normal_wind
2024-10-11,12.63,27.16,20.108888888888888,22.57465277777778,0.9181770833333334,51484.1844,9.84,14.53,5,C05,cluster_05_warm_normal_humidity_normal_wind
2024-10-12,13.44,26.41,19.28451388888889,30.52777777777778,1.6239409722222222,63137.3461,9.84,12.97,5,C05,cluster_05_warm_normal_humidity_normal_wind
2024-10-13,12.39,26.06,19.38895833333333,40.51041666666666,1.3486979166666666,68024.0637,9.84,13.669999999999998,5,C05,cluster_05_warm_normal_humidity_normal_wind
2024-10-14,13.31,25.61,18.884340277777778,43.83854166666666,1.1842708333333334,68084.0103,9.84,12.3,5,C05,cluster_05_warm_normal_humidity_normal_wind
2024-10-15,12.31,25.52,18.956875,44.69791666666666,0.8022569444444445,70402.0474,9.84,13.21,5,C05,cluster_05_warm_normal_humidity_normal_wind
2024-10-16,14.32,25.39,19.367743055555557,37.81423611111112,1.4860763888888888,71263.0964,9.84,11.07,5,C05,cluster_05_warm_normal_humidity_normal_wind
2024-10-17,14.9,26.04,19.923402777777778,37.83680555555556,2.2846006944444444,69582.0043,9.84,11.14,5,C05,cluster_05_warm_normal_humidity_normal_wind
2024-10-18,15.23,26.45,21.24548611111111,32.463541666666664,4.099010416666667,55439.9567,9.84,11.22,2,C02,cluster_02_hot_dry_normal_wind
2024-10-19,15.3067,25.55,20.26105902777778,30.37673611111111,2.8053993055555555,55307.3996,9.84,10.2433,2,C02,cluster_02_hot_dry_normal_wind
2024-10-20,11.09,22.66,17.28666666666667,32.326388888888886,0.8324131944444445,73113.5041,9.84,11.57,5,C05,cluster_05_warm_normal_humidity_normal_wind
2024-10-21,5.15,17.36,12.222916666666666,37.286458333333336,1.88546875,37239.1687,9.84,12.21,6,C06,cluster_06_warm_normal_humidity_normal_wind
2024-10-22,4.06,15.71,8.814409722222223,52.16493055555556,2.501666666666667,72997.1864,9.84,11.650000000000002,7,C07,cluster_07_mild_normal_humidity_normal_wind
2024-10-23,3.025,12.91,7.338993055555556,62.670138888888886,1.747204861111111,51172.979,10.265,9.885,11,C11,cluster_11_mild_normal_humidity_normal_wind
2024-10-24,2.75,14.49,7.856684027777778,66.64930555555556,1.9570486111111112,47029.6857,11.895,11.74,8,C08,cluster_08_warm_normal_humidity_normal_wind
2024-10-25,3.19,15.03,8.036163194444445,60.86805555555556,2.4883159722222223,73220.3322,15.6,11.84,8,C08,cluster_08_warm_normal_humidity_normal_wind
2024-10-26,3.72,16.47,10.103385416666669,48.578125,1.8747916666666669,24303.0107,15.6,12.749999999999998,8,C08,cluster_08_warm_normal_humidity_normal_wind
2024-10-27,3.79,15.58,9.325260416666667,56.85416666666666,2.051996527777778,72235.3175,15.6,11.79,8,C08,cluster_08_warm_normal_humidity_normal_wind
2024-10-28,3.16,15.98,9.623854166666668,55.24652777777778,1.3796875000000002,73206.437,15.6,12.82,8,C08,cluster_08_warm_normal_humidity_normal_wind
2024-10-29,4.74,17.09,10.549253472222222,51.30902777777778,1.53859375,73335.6892,15.6,12.35,8,C08,cluster_08_warm_normal_humidity_normal_wind
2024-10-30,5.81,17.65,11.572065972222225,48.12152777777778,2.1193229166666665,18571.3806,15.6,11.84,8,C08,cluster_08_warm_normal_humidity_normal_wind
2024-10-31,7.05,17.25,11.637274305555556,48.515625,1.9009027777777776,63671.8434,15.6,10.2,8,C08,cluster_08_warm_normal_humidity_normal_wind
2024-11-01,8.09,20.06,13.76703125,50.97569444444444,0.9644965277777776,43568.5125,15.6,11.97,8,C08,cluster_08_warm_normal_humidity_normal_wind
2024-11-02,10.29,19.38,14.117256944444444,59.26909722222222,0.8790972222222222,61929.436,15.6,9.09,8,C08,cluster_08_warm_normal_humidity_normal_wind
2024-11-03,10.35,15.65,12.66048611111111,72.45486111111111,1.64453125,19633.5486,9.187916666666666,5.300000000000001,3,C03,cluster_03_mild_humid_normal_wind
2024-11-04,10.05,16.49,12.935,72.52083333333333,1.25046875,44452.2123,9.344583333333333,6.439999999999998,11,C11,cluster_11_mild_normal_humidity_normal_wind
2024-11-05,7.1217,16.79,12.829427083333334,54.21875,1.4689409722222222,66851.7525,2.64,9.6683,0,C00,cluster_00_mild_normal_humidity_normal_wind
2024-11-06,5.15,16.1,9.89810763888889,57.32291666666666,1.920868055555556,71718.3092,2.64,10.95,0,C00,cluster_00_mild_normal_humidity_normal_wind
2024-11-07,5.12,15.96,9.275850694444443,63.50173611111112,1.2971354166666669,19553.0016,2.64,10.84,11,C11,cluster_11_mild_normal_humidity_normal_wind
2024-11-08,5.49,14.91,9.836805555555555,67.20486111111111,1.1384548611111112,51564.8168,3.0383333333333336,9.42,11,C11,cluster_11_mild_normal_humidity_normal_wind
2024-11-09,4.9717,15.83,9.863784722222222,65.16666666666667,0.8832118055555556,48282.3128,3.6,10.8583,0,C00,cluster_00_mild_normal_humidity_normal_wind
2024-11-10,4.28,16.63,10.475920138888888,61.232638888888886,0.7046701388888889,71723.1784,3.73125,12.349999999999998,0,C00,cluster_00_mild_normal_humidity_normal_wind
2024-11-11,8.57,14.95,11.72888888888889,70.484375,1.0374652777777778,13135.3188,7.610833333333334,6.379999999999999,11,C11,cluster_11_mild_normal_humidity_normal_wind
2024-11-12,6.5867,15.67,11.243819444444444,81.43923611111111,1.4467534722222224,14686.9169,7.583333333333333,9.0833,11,C11,cluster_11_mild_normal_humidity_normal_wind
2024-11-13,5.74,12.52,8.31673611111111,77.640625,1.550625,34684.6627,6.68375,6.779999999999999,11,C11,cluster_11_mild_normal_humidity_normal_wind
2024-11-14,4.3817,9.33,7.009913194444445,89.71180555555556,1.5465972222222222,26594.0147,8.139166666666666,4.9483,3,C03,cluster_03_mild_humid_normal_wind
2024-11-15,2.66,12.03,7.515451388888888,73.30555555555556,1.2286631944444446,42216.2904,10.32,9.37,11,C11,cluster_11_mild_normal_humidity_normal_wind
2024-11-16,4.5,14.61,9.233767361111113,59.69097222222222,0.6678472222222223,73102.468,10.32,10.11,0,C00,cluster_00_mild_normal_humidity_normal_wind
2024-11-17,4.78,15.28,10.246493055555554,59.59548611111112,0.8112673611111112,52543.7506,10.32,10.5,8,C08,cluster_08_warm_normal_humidity_normal_wind
2024-11-18,5.89,15.61,10.9234375,63.873263888888886,1.711875,22392.9984,8.492083333333333,9.72,11,C11,cluster_11_mild_normal_humidity_normal_wind
2024-11-19,8.46,13.03,9.927916666666668,79.02604166666667,1.192135416666667,38574.0519,7.850416666666667,4.569999999999999,11,C11,cluster_11_mild_normal_humidity_normal_wind
2024-11-20,7.9808,15.06,10.849114583333334,67.61979166666667,0.7940277777777778,64368.2868,4.996666666666666,7.0792,0,C00,cluster_00_mild_normal_humidity_normal_wind
2024-11-21,5.3067,13.64,9.489166666666668,64.45486111111111,0.6108159722222222,68613.3232,5.04,8.333300000000001,0,C00,cluster_00_mild_normal_humidity_normal_wind
2024-11-22,2.7992,14.7,8.317552083333332,60.81597222222222,0.9839930555555556,73335.6892,5.04,11.9008,0,C00,cluster_00_mild_normal_humidity_normal_wind
2024-11-23,1.84,14.49,8.233368055555555,63.770833333333336,1.23953125,46426.9532,5.04,12.65,0,C00,cluster_00_mild_normal_humidity_normal_wind
2024-11-24,4.09,14.25,8.654427083333333,53.15104166666666,0.8082118055555555,43441.439,5.04,10.16,11,C11,cluster_11_mild_normal_humidity_normal_wind
2024-11-25,5.86,16.15,11.387986111111111,59.73090277777778,2.6705381944444446,59307.8125,4.69375,10.29,7,C07,cluster_07_mild_normal_humidity_normal_wind
2024-11-26,9.53,16.05,12.616111111111111,57.99479166666666,3.7444618055555554,50423.495,3.009583333333333,6.520000000000001,7,C07,cluster_07_mild_normal_humidity_normal_wind
2024-11-27,4.2425,15.77,11.181927083333331,63.77777777777778,3.454392361111111,43152.7221,7.421250000000001,11.5275,7,C07,cluster_07_mild_normal_humidity_normal_wind
2024-11-28,0.72,9.2,4.76921875,48.880208333333336,1.87265625,73335.6892,5.28,8.479999999999999,0,C00,cluster_00_mild_normal_humidity_normal_wind
2024-11-29,-0.18,10.21,4.146927083333334,54.25,1.8648958333333332,73275.986,5.28,10.39,0,C00,cluster_00_mild_normal_humidity_normal_wind
2024-11-30,-0.86,9.33,3.828715277777778,65.70138888888889,0.8405034722222222,60544.6705,5.28,10.19,0,C00,cluster_00_mild_normal_humidity_normal_wind
2024-12-01,-1.27,8.71,3.3844270833333336,68.05555555555556,0.8710069444444444,66176.5709,5.28,9.98,0,C00,cluster_00_mild_normal_humidity_normal_wind
2024-12-02,-1.65,7.68,2.993003472222222,64.33680555555556,1.5073958333333333,69042.725,5.28,9.33,0,C00,cluster_00_mild_normal_humidity_normal_wind
2024-12-03,-0.69,7.7,2.6600347222222225,56.66840277777778,2.1336631944444444,70536.6696,5.28,8.39,7,C07,cluster_07_mild_normal_humidity_normal_wind
2024-12-04,-1.68,9.28,3.0691840277777778,48.77256944444444,1.051875,73335.6892,5.28,10.96,0,C00,cluster_00_mild_normal_humidity_normal_wind
2024-12-05,-1.01,10.77,3.953246527777778,44.39236111111112,0.6187499999999999,68573.951,5.28,11.78,0,C00,cluster_00_mild_normal_humidity_normal_wind
2024-12-06,-0.45,10.95,3.905,46.11111111111112,0.5143923611111112,73335.6892,5.28,11.4,0,C00,cluster_00_mild_normal_humidity_normal_wind
2024-12-07,-0.42,11.52,4.262777777777778,52.982638888888886,1.097326388888889,68866.7748,5.28,11.94,0,C00,cluster_00_mild_normal_humidity_normal_wind
2024-12-08,1.35,8.77,4.665486111111111,53.49131944444444,2.299774305555556,12801.6071,5.294583333333334,7.42,3,C03,cluster_03_mild_humid_normal_wind
2024-12-09,1.5775,7.11,3.822135416666667,77.82638888888889,1.1950520833333331,58054.6242,5.461666666666667,5.532500000000001,11,C11,cluster_11_mild_normal_humidity_normal_wind
2024-12-10,-1.54,10.66,3.686041666666666,73.19791666666667,1.4693402777777778,58504.8752,4.56,12.2,0,C00,cluster_00_mild_normal_humidity_normal_wind
2024-12-11,-0.75,7.98,2.9852951388888886,62.029513888888886,2.0970833333333334,58070.3731,4.56,8.73,7,C07,cluster_07_mild_normal_humidity_normal_wind
2024-12-12,-0.06,8.53,5.251354166666667,56.890625,2.03078125,17857.5034,4.598749999999999,8.59,11,C11,cluster_11_mild_normal_humidity_normal_wind
2024-12-13,4.14,9.33,6.442534722222223,67.1875,2.24734375,39672.6815,6.057083333333334,5.19,3,C03,cluster_03_mild_humid_normal_wind
2024-12-14,-8.4058,4.31,-1.1384375,67.16840277777777,2.5033159722222225,52414.1276,6.240833333333334,12.715799999999998,7,C07,cluster_07_mild_normal_humidity_normal_wind
2024-12-15,-8.78,1.32,-3.6003125,51.55555555555556,1.948958333333333,73335.6892,6.48,10.1,4,C04,cluster_04_cold_normal_humidity_normal_wind
2024-12-16,-6.02,3.22,-0.8352777777777778,43.50868055555556,1.9149826388888889,24435.1802,6.48,9.24,11,C11,cluster_11_mild_normal_humidity_normal_wind
2024-12-17,-2.305,6.51,1.3215972222222223,40.71527777777778,0.8403472222222222,57190.3535,6.48,8.815,0,C00,cluster_00_mild_normal_humidity_normal_wind
2024-12-18,-3.17,8.24,2.3661458333333334,49.067708333333336,1.5211805555555555,72397.3848,6.48,11.41,0,C00,cluster_00_mild_normal_humidity_normal_wind
2024-12-19,0.0,11.54,4.685277777777777,47.123263888888886,1.5303472222222223,73332.2346,6.48,11.54,0,C00,cluster_00_mild_normal_humidity_normal_wind
2024-12-20,-0.54,8.13,3.29375,54.171875,2.3555729166666666,42392.4888,6.48,8.670000000000002,7,C07,cluster_07_mild_normal_humidity_normal_wind
2024-12-21,-1.65,6.13,2.4675,67.140625,0.8652777777777777,47994.6492,6.48,7.779999999999999,11,C11,cluster_11_mild_normal_humidity_normal_wind
2024-12-22,-1.47,8.41,2.594010416666667,67.61979166666667,0.6073090277777777,73335.6892,6.48,9.88,0,C00,cluster_00_mild_normal_humidity_normal_wind
2024-12-23,-1.15,10.93,4.357673611111111,56.73784722222222,1.1296006944444443,24373.3134,6.48,12.08,11,C11,cluster_11_mild_normal_humidity_normal_wind
2024-12-24,-0.06,9.8,4.038038194444444,59.93923611111112,1.096423611111111,44537.8848,6.48,9.86,11,C11,cluster_11_mild_normal_humidity_normal_wind
2024-12-25,-0.4,12.31,5.203333333333333,56.64756944444444,0.9441666666666668,73335.6892,6.48,12.71,0,C00,cluster_00_mild_normal_humidity_normal_wind
2024-12-26,0.59,11.29,5.2782638888888895,54.95659722222222,1.7252604166666667,73335.6892,6.48,10.7,0,C00,cluster_00_mild_normal_humidity_normal_wind
2024-12-27,1.82,10.25,6.254357638888889,53.203125,2.2588020833333333,16653.9101,8.14375,8.43,3,C03,cluster_03_mild_humid_normal_wind
2024-12-28,0.5,5.73,3.743611111111112,81.57118055555556,1.9661631944444444,20047.537,8.090416666666666,5.23,3,C03,cluster_03_mild_humid_normal_wind
2024-12-29,-0.2267,6.25,2.4965104166666667,71.56597222222223,0.755,59460.8018,4.08,6.4767,11,C11,cluster_11_mild_normal_humidity_normal_wind
2024-12-30,-1.34,8.09,2.7435763888888887,63.78819444444444,0.3503472222222222,57472.0305,4.08,9.43,0,C00,cluster_00_mild_normal_humidity_normal_wind
2024-12-31,-1.39,6.37,1.9111631944444445,75.46701388888889,0.612204861111111,48882.6991,4.862916666666667,7.76,11,C11,cluster_11_mild_normal_humidity_normal_wind
2025-01-01,-4.3708,6.15,0.8793402777777778,70.80208333333333,1.367152777777778,61949.0357,5.28,10.5208,0,C00,cluster_00_mild_normal_humidity_normal_wind
2025-01-02,-4.7783,6.88,-0.1939236111111111,59.28993055555556,1.1160590277777778,72729.8711,5.28,11.6583,0,C00,cluster_00_mild_normal_humidity_normal_wind
2025-01-03,-4.8,6.94,0.5783506944444444,50.217013888888886,0.5033680555555555,68384.6076,5.28,11.74,0,C00,cluster_00_mild_normal_humidity_normal_wind
2025-01-04,-3.56,9.18,2.159878472222222,41.388888888888886,1.0743923611111112,73335.6892,5.28,12.74,0,C00,cluster_00_mild_normal_humidity_normal_wind
2025-01-05,-1.77,10.5,3.999878472222222,37.24479166666666,1.2888194444444443,73321.8707,5.28,12.27,0,C00,cluster_00_mild_normal_humidity_normal_wind
2025-01-06,0.9575,6.46,3.560451388888889,72.23784722222223,0.8816840277777778,25104.3296,5.00625,5.5025,11,C11,cluster_11_mild_normal_humidity_normal_wind
2025-01-07,0.05,8.28,3.785711805555556,71.24652777777777,0.8275694444444445,24471.8789,4.56,8.229999999999999,11,C11,cluster_11_mild_normal_humidity_normal_wind
2025-01-08,-0.2533,8.85,3.820989583333333,74.65625,0.6003298611111112,31666.9384,4.56,9.1033,11,C11,cluster_11_mild_normal_humidity_normal_wind
2025-01-09,-0.99,9.71,3.50203125,74.93923611111111,0.3445833333333333,73139.9013,4.56,10.7,0,C00,cluster_00_mild_normal_humidity_normal_wind
2025-01-10,-0.84,10.94,4.086440972222222,65.57465277777777,0.7558333333333334,73332.2346,4.56,11.78,0,C00,cluster_00_mild_normal_humidity_normal_wind
2025-01-11,-1.56,10.82,4.919635416666667,60.75173611111112,1.8919965277777775,73236.2125,4.582916666666666,12.38,0,C00,cluster_00_mild_normal_humidity_normal_wind
2025-01-12,0.0242,10.11,5.604809027777778,68.52256944444444,1.0933333333333333,47384.0611,6.048750000000001,10.0858,11,C11,cluster_11_mild_normal_humidity_normal_wind
2025-01-13,-1.6783,8.96,2.8901909722222223,72.80729166666667,1.473645833333333,60224.9912,3.6,10.6383,0,C00,cluster_00_mild_normal_humidity_normal_wind
2025-01-14,-2.42,8.82,2.875798611111111,66.00347222222223,0.7442708333333333,71860.1113,3.6,11.24,0,C00,cluster_00_mild_normal_humidity_normal_wind
2025-01-15,-1.53,10.17,4.268923611111111,55.083333333333336,0.5036631944444445,41659.8814,3.6,11.7,0,C00,cluster_00_mild_normal_humidity_normal_wind
2025-01-16,-0.61,11.14,4.849895833333333,53.78125,1.3682118055555557,55775.6331,3.6,11.75,0,C00,cluster_00_mild_normal_humidity_normal_wind
2025-01-17,-1.7658,8.89,2.916961805555556,62.53125,1.727638888888889,59583.9097,3.6,10.6558,0,C00,cluster_00_mild_normal_humidity_normal_wind
2025-01-18,-1.87,6.69,2.472673611111111,64.65972222222223,1.8267881944444444,59885.1182,3.58,8.56,0,C00,cluster_00_mild_normal_humidity_normal_wind
2025-01-19,-0.1,6.14,2.256736111111111,76.90451388888889,1.4735069444444444,42713.8835,3.6,6.239999999999999,11,C11,cluster_11_mild_normal_humidity_normal_wind
2025-01-20,-4.01,3.15,0.7072743055555555,74.51909722222223,0.9873090277777778,22751.7268,3.5854166666666663,7.16,11,C11,cluster_11_mild_normal_humidity_normal_wind
2025-01-21,-5.47,6.05,-0.7078819444444444,57.56597222222222,1.5996354166666666,73195.0357,3.36,11.52,0,C00,cluster_00_mild_normal_humidity_normal_wind
2025-01-22,-5.95,7.48,0.8212152777777777,48.83680555555556,1.6052777777777778,73335.6892,3.36,13.43,0,C00,cluster_00_mild_normal_humidity_normal_wind
2025-01-23,-1.97,6.71,2.0874131944444443,45.661458333333336,2.953940972222222,13369.9206,3.36,8.68,7,C07,cluster_07_mild_normal_humidity_normal_wind
2025-01-24,-1.68,8.42,3.838350694444444,43.70659722222222,1.442638888888889,14509.2005,3.64375,10.1,11,C11,cluster_11_mild_normal_humidity_normal_wind
2025-01-25,1.4567,9.63,4.886388888888889,59.62673611111112,0.598576388888889,47315.7829,3.0479166666666666,8.173300000000001,11,C11,cluster_11_mild_normal_humidity_normal_wind
2025-01-26,0.99,9.14,4.217534722222222,64.75347222222223,0.63671875,57393.7804,2.4,8.15,0,C00,cluster_00_mild_normal_humidity_normal_wind
2025-01-27,-0.22,4.41,2.3373958333333333,76.921875,1.5247743055555556,12226.0691,5.954583333333334,4.63,3,C03,cluster_03_mild_humid_normal_wind
2025-01-28,-2.6792,7.3,1.6788888888888889,70.55208333333333,1.830625,58251.8668,2.64,9.9792,0,C00,cluster_00_mild_normal_humidity_normal_wind
2025-01-29,-3.75,7.28,1.874739583333333,65.34375,0.7650694444444445,70932.7462,2.64,11.03,0,C00,cluster_00_mild_normal_humidity_normal_wind
2025-01-30,-3.5,9.83,2.2076041666666666,51.92534722222222,1.2254166666666668,73270.47,2.64,13.33,0,C00,cluster_00_mild_normal_humidity_normal_wind
2025-01-31,-2.49,9.92,3.3784895833333333,49.19097222222222,0.9371875,73311.6464,2.64,12.41,0,C00,cluster_00_mild_normal_humidity_normal_wind
2025-02-01,-1.82,9.37,3.038784722222222,51.08680555555556,0.8735243055555555,46709.9299,2.64,11.19,0,C00,cluster_00_mild_normal_humidity_normal_wind
2025-02-02,-3.1,10.39,2.308142361111111,47.59722222222222,1.2267881944444443,73197.6919,2.64,13.49,0,C00,cluster_00_mild_normal_humidity_normal_wind
2025-02-03,-2.76,10.76,3.4046527777777778,36.33680555555556,1.1073090277777775,72705.9497,2.64,13.52,0,C00,cluster_00_mild_normal_humidity_normal_wind
2025-02-04,-3.11,10.99,3.985017361111111,39.87152777777778,0.7237152777777778,72192.9428,2.64,14.1,0,C00,cluster_00_mild_normal_humidity_normal_wind
2025-02-05,-0.56,9.99,5.805468749999999,46.77430555555556,1.5689930555555556,19056.3969,4.5216666666666665,10.55,11,C11,cluster_11_mild_normal_humidity_normal_wind
2025-02-06,0.42,9.88,5.232274305555555,57.94444444444444,2.932239583333333,16993.3573,7.669583333333334,9.46,3,C03,cluster_03_mild_humid_normal_wind
2025-02-07,-5.57,2.67,-0.3255034722222222,78.140625,2.7259895833333334,37457.875,8.158750000000001,8.24,3,C03,cluster_03_mild_humid_normal_wind
2025-02-08,-6.2,2.82,-1.4956770833333333,66.39236111111111,1.7472395833333332,46739.961,2.64,9.02,11,C11,cluster_11_mild_normal_humidity_normal_wind
2025-02-09,-9.1167,1.61,-3.40546875,69.68402777777777,2.1026909722222222,37246.4943,2.64,10.7267,11,C11,cluster_11_mild_normal_humidity_normal_wind
2025-02-10,-9.82,1.2,-4.06359375,67.10590277777777,1.0038888888888888,52285.4135,2.64,11.02,0,C00,cluster_00_mild_normal_humidity_normal_wind
2025-02-11,-7.12,4.57,-1.128871527777778,68.859375,0.7419965277777778,58177.9377,2.64,11.69,0,C00,cluster_00_mild_normal_humidity_normal_wind
2025-02-12,-7.2,5.55,0.3161979166666666,60.57986111111112,1.4703819444444446,72090.4979,2.64,12.75,0,C00,cluster_00_mild_normal_humidity_normal_wind
2025-02-13,-2.08,5.13,1.4606423611111112,77.55381944444444,1.4114236111111111,44015.429,14.084166666666668,7.21,4,C04,cluster_04_cold_normal_humidity_normal_wind
2025-02-14,-2.0908,6.54,1.4136284722222223,79.61805555555556,1.9329340277777776,37138.0152,23.904166666666665,8.6308,9,C09,cluster_09_cold_normal_humidity_normal_wind
2025-02-15,-5.48,7.13,1.3222916666666666,59.22048611111112,0.6634722222222222,73271.8729,38.16,12.61,9,C09,cluster_09_cold_normal_humidity_normal_wind
2025-02-16,-3.63,10.26,4.320277777777778,42.04340277777778,1.5214409722222222,35796.9487,38.16,13.89,9,C09,cluster_09_cold_normal_humidity_normal_wind
2025-02-17,-3.28,5.35,1.966302083333333,71.78472222222223,1.5275347222222222,39215.9197,6.58625,8.629999999999999,11,C11,cluster_11_mild_normal_humidity_normal_wind
2025-02-18,-4.18,10.54,2.992847222222222,56.75,1.394392361111111,71967.9,2.88,14.72,0,C00,cluster_00_mild_normal_humidity_normal_wind
2025-02-19,-0.22,10.53,5.034565972222222,38.779513888888886,0.9456597222222224,33965.2584,2.88,10.75,11,C11,cluster_11_mild_normal_humidity_normal_wind
2025-02-20,0.26,11.39,7.021145833333333,41.90625,2.6349131944444446,17276.525,2.88,11.13,7,C07,cluster_07_mild_normal_humidity_normal_wind
2025-02-21,1.0925,8.64,5.885121527777778,68.44270833333333,2.182777777777778,30849.9353,10.839166666666666,7.5475,3,C03,cluster_03_mild_humid_normal_wind
2025-02-22,-0.2,6.01,2.6128125,79.78645833333333,1.534166666666667,23536.648,13.202083333333334,6.21,3,C03,cluster_03_mild_humid_normal_wind
2025-02-23,-2.65,4.71,0.7915798611111111,76.50868055555556,1.1439409722222222,43701.2471,13.292083333333332,7.359999999999999,4,C04,cluster_04_cold_normal_humidity_normal_wind
2025-02-24,-8.78,0.49,-3.532465277777778,56.786458333333336,2.8494965277777777,28633.044,6.72,9.27,7,C07,cluster_07_mild_normal_humidity_normal_wind
2025-02-25,-10.04,-0.56,-4.818524305555555,42.295138888888886,3.0615972222222223,73332.2346,6.72,9.48,7,C07,cluster_07_mild_normal_humidity_normal_wind
2025-02-26,-6.06,4.2,-1.5727604166666669,36.96354166666666,1.283298611111111,50445.9528,6.72,10.26,4,C04,cluster_04_cold_normal_humidity_normal_wind
2025-02-27,-5.93,5.18,-1.3458506944444446,41.43923611111112,2.3890104166666664,58088.0671,6.72,11.11,7,C07,cluster_07_mild_normal_humidity_normal_wind
2025-02-28,-5.69,5.06,0.1616493055555555,36.692708333333336,1.0918576388888888,70821.4318,6.72,10.75,0,C00,cluster_00_mild_normal_humidity_normal_wind
2025-03-01,-3.82,5.83,0.4121180555555555,48.01041666666666,2.164791666666667,42322.1744,6.72,9.65,7,C07,cluster_07_mild_normal_humidity_normal_wind
2025-03-02,-5.33,2.6,-1.8331423611111115,46.12152777777778,2.9017534722222225,72924.8297,6.72,7.93,7,C07,cluster_07_mild_normal_humidity_normal_wind
2025-03-03,-5.21,6.33,1.99,36.30729166666666,2.333263888888889,26065.4089,6.72,11.54,7,C07,cluster_07_mild_normal_humidity_normal_wind
2025-03-04,1.01,11.15,5.863472222222223,34.810763888888886,2.148246527777778,12485.2989,6.72,10.14,6,C06,cluster_06_warm_normal_humidity_normal_wind
2025-03-05,2.86,11.53,7.050659722222222,39.76736111111112,1.5945833333333337,14035.0461,5.7375,8.67,11,C11,cluster_11_mild_normal_humidity_normal_wind
2025-03-06,2.9842,13.86,8.485520833333332,53.47222222222222,0.8812500000000001,65864.5348,2.4,10.8758,0,C00,cluster_00_mild_normal_humidity_normal_wind
2025-03-07,1.76,15.95,9.305052083333331,51.30034722222222,1.838090277777778,24830.3356,2.4,14.19,6,C06,cluster_06_warm_normal_humidity_normal_wind
2025-03-08,5.64,10.94,8.035069444444444,78.88020833333333,1.6917534722222225,13837.0103,8.745416666666666,5.3,3,C03,cluster_03_mild_humid_normal_wind
2025-03-09,5.06,11.55,7.68109375,83.5,0.6798611111111111,21022.3661,6.69875,6.490000000000001,11,C11,cluster_11_mild_normal_humidity_normal_wind
2025-03-10,6.0592,13.19,9.24078125,79.54513888888889,0.8044270833333333,34961.632,8.765833333333333,7.1308,11,C11,cluster_11_mild_normal_humidity_normal_wind
2025-03-11,3.2333,14.12,8.933003472222222,71.109375,0.8445659722222223,45913.6312,2.564583333333333,10.8867,11,C11,cluster_11_mild_normal_humidity_normal_wind
2025-03-12,2.09,16.42,9.072274305555556,67.15972222222223,0.9143923611111112,58665.064,4.20875,14.330000000000002,0,C00,cluster_00_mild_normal_humidity_normal_wind
2025-03-13,3.33,19.26,10.93779513888889,46.036458333333336,0.9040798611111112,73335.6892,6.24,15.93,5,C05,cluster_05_warm_normal_humidity_normal_wind
2025-03-14,4.69,19.57,12.410434027777775,44.15798611111112,1.1501388888888888,73335.6892,6.24,14.88,5,C05,cluster_05_warm_normal_humidity_normal_wind
2025-03-15,5.14,20.24,12.571319444444445,48.717013888888886,0.8271527777777777,35989.9811,6.24,15.099999999999998,5,C05,cluster_05_warm_normal_humidity_normal_wind
2025-03-16,5.26,21.03,13.096163194444443,37.11979166666666,0.9746701388888888,53755.1951,6.24,15.77,5,C05,cluster_05_warm_normal_humidity_normal_wind
2025-03-17,6.23,21.61,14.457725694444443,36.93402777777778,0.8976215277777777,73318.416,6.24,15.38,5,C05,cluster_05_warm_normal_humidity_normal_wind
2025-03-18,10.34,22.77,16.114513888888887,29.03125,1.139670138888889,48754.0818,6.24,12.43,5,C05,cluster_05_warm_normal_humidity_normal_wind
2025-03-19,10.62,22.28,16.775538194444444,37.79861111111112,1.8822395833333332,60370.4709,4.635833333333334,11.660000000000002,5,C05,cluster_05_warm_normal_humidity_normal_wind
2025-03-20,11.64,20.12,14.88534722222222,58.078125,3.178246527777778,15434.3132,10.35,8.48,3,C03,cluster_03_mild_humid_normal_wind
2025-03-21,11.01,13.63,12.52564236111111,79.875,2.99046875,14197.7358,16.033333333333335,2.620000000000001,3,C03,cluster_03_mild_humid_normal_wind
2025-03-22,5.5967,15.26,11.579565972222222,73.296875,3.6441145833333337,40476.7809,7.377916666666668,9.6633,7,C07,cluster_07_mild_normal_humidity_normal_wind
2025-03-23,3.1292,13.39,8.176128472222222,52.342013888888886,2.1124131944444446,70510.5948,6.557500000000001,10.2608,7,C07,cluster_07_mild_normal_humidity_normal_wind
2025-03-24,1.85,11.6,6.277534722222223,57.63715277777778,3.1725868055555555,47507.7563,3.86125,9.75,7,C07,cluster_07_mild_normal_humidity_normal_wind
2025-03-25,0.7617,10.54,5.2353125,52.39930555555556,3.3296527777777776,57293.6657,2.88,9.7783,7,C07,cluster_07_mild_normal_humidity_normal_wind
2025-03-26,-0.36,13.05,6.4110763888888895,41.22048611111112,2.658402777777778,73335.6892,2.88,13.41,7,C07,cluster_07_mild_normal_humidity_normal_wind
2025-03-27,1.56,16.98,11.319201388888889,39.748263888888886,1.573003472222222,61714.3276,2.88,15.42,5,C05,cluster_05_warm_normal_humidity_normal_wind
2025-03-28,8.6,18.38,13.330104166666668,45.973958333333336,1.494861111111111,35873.8008,2.88,9.78,6,C06,cluster_06_warm_normal_humidity_normal_wind
2025-03-29,8.83,21.12,14.887708333333332,43.86631944444444,0.9582291666666668,70139.6714,2.88,12.29,5,C05,cluster_05_warm_normal_humidity_normal_wind
2025-03-30,9.74,23.46,17.20423611111111,34.838541666666664,2.5765104166666664,62463.9921,2.88,13.72,5,C05,cluster_05_warm_normal_humidity_normal_wind
2025-03-31,12.54,19.08,16.321145833333333,45.43229166666666,2.214236111111111,29701.5524,4.002083333333333,6.539999999999999,6,C06,cluster_06_warm_normal_humidity_normal_wind
2025-04-01,11.19,22.62,17.355798611111112,44.55729166666666,1.0536805555555555,45587.8274,6.158333333333333,11.43,6,C06,cluster_06_warm_normal_humidity_normal_wind
2025-04-02,13.6517,23.4,17.941475694444446,46.82986111111112,2.3108680555555554,16060.1027,5.52,9.7483,6,C06,cluster_06_warm_normal_humidity_normal_wind
2025-04-03,13.45,24.91,18.27303819444445,44.701388888888886,1.7169444444444446,26048.0786,5.52,11.46,6,C06,cluster_06_warm_normal_humidity_normal_wind
2025-04-04,11.3092,18.47,14.897309027777778,59.123263888888886,1.9869791666666667,12363.9266,5.512916666666666,7.160799999999998,6,C06,cluster_06_warm_normal_humidity_normal_wind
2025-04-05,10.37,14.61,12.444322916666668,81.27951388888889,3.679027777777778,15618.7745,15.2375,4.24,3,C03,cluster_03_mild_humid_normal_wind
2025-04-06,11.05,21.48,16.578211805555554,54.87847222222222,1.2990625,30999.9249,4.1970833333333335,10.43,6,C06,cluster_06_warm_normal_humidity_normal_wind
2025-04-07,11.12,23.07,17.146597222222223,37.880208333333336,1.2327604166666668,13704.7435,6.96,11.95,6,C06,cluster_06_warm_normal_humidity_normal_wind
2025-04-08,11.68,23.18,17.608472222222222,37.21354166666666,1.2345833333333334,65005.6213,6.96,11.5,5,C05,cluster_05_warm_normal_humidity_normal_wind
2025-04-09,11.96,24.8,19.05890625,40.12847222222222,1.8205208333333327,47792.0855,6.96,12.84,6,C06,cluster_06_warm_normal_humidity_normal_wind
2025-04-10,15.0233,23.28,19.600572916666668,41.57118055555556,3.651111111111111,33258.3466,5.6433333333333335,8.2567,6,C06,cluster_06_warm_normal_humidity_normal_wind
2025-04-11,12.48,22.5,17.321302083333332,46.97569444444444,1.4153125,56488.3344,6.577083333333333,10.02,5,C05,cluster_05_warm_normal_humidity_normal_wind
2025-04-12,8.5808,17.83,14.209253472222224,49.14409722222222,1.9519618055555557,50253.7855,12.245416666666666,9.249199999999998,8,C08,cluster_08_warm_normal_humidity_normal_wind
2025-04-13,6.57,21.23,15.118072916666668,38.33159722222222,1.832222222222222,53393.6247,10.89375,14.66,8,C08,cluster_08_warm_normal_humidity_normal_wind
2025-04-14,10.01,23.54,16.635503472222222,37.26041666666666,2.8887847222222223,36344.7187,4.3275,13.53,6,C06,cluster_06_warm_normal_humidity_normal_wind
2025-04-15,8.1108,25.4,17.332326388888887,36.14409722222222,3.601475694444444,47022.8146,6.285833333333334,17.2892,2,C02,cluster_02_hot_dry_normal_wind
2025-04-16,4.15,14.2,9.298072916666666,47.08680555555556,3.33328125,51432.6576,4.07125,10.05,7,C07,cluster_07_mild_normal_humidity_normal_wind
2025-04-17,2.405,12.9,7.099861111111111,54.48611111111112,3.684756944444445,45097.5723,4.56,10.495,7,C07,cluster_07_mild_normal_humidity_normal_wind
2025-04-18,2.38,15.59,8.31269097222222,52.64409722222222,2.189409722222222,70020.9309,4.56,13.21,7,C07,cluster_07_mild_normal_humidity_normal_wind
2025-04-19,2.78,17.7,11.162465277777777,41.84027777777778,1.4949652777777778,60247.4402,4.56,14.92,5,C05,cluster_05_warm_normal_humidity_normal_wind
2025-04-20,8.23,20.49,14.469652777777778,34.845486111111114,2.604548611111112,72560.7774,4.56,12.259999999999998,5,C05,cluster_05_warm_normal_humidity_normal_wind
2025-04-21,9.01,23.02,16.71987847222222,31.85243055555556,2.390642361111111,68724.262,4.56,14.01,5,C05,cluster_05_warm_normal_humidity_normal_wind
2025-04-22,10.72,24.9,19.09796875,29.84027777777778,1.5451736111111112,39131.3557,4.56,14.179999999999998,6,C06,cluster_06_warm_normal_humidity_normal_wind
2025-04-23,13.54,26.92,20.225850694444446,35.57118055555556,1.1606944444444445,52811.9151,4.56,13.380000000000004,5,C05,cluster_05_warm_normal_humidity_normal_wind
2025-04-24,15.7633,26.02,20.58704861111111,35.682291666666664,2.062708333333333,25252.5432,3.563333333333333,10.2567,6,C06,cluster_06_warm_normal_humidity_normal_wind
2025-04-25,14.42,28.46,21.44085069444445,35.197916666666664,1.5272569444444446,16011.4221,2.64,14.04,6,C06,cluster_06_warm_normal_humidity_normal_wind
2025-04-26,15.45,26.71,20.236597222222223,40.85243055555556,1.738923611111111,16593.0131,2.64,11.260000000000002,6,C06,cluster_06_warm_normal_humidity_normal_wind
2025-04-27,16.67,26.58,20.86130208333333,44.109375,0.9388541666666668,22789.9591,3.079166666666667,9.909999999999997,6,C06,cluster_06_warm_normal_humidity_normal_wind
2025-04-28,10.7267,26.63,19.20019097222222,49.05381944444444,2.4776041666666666,26320.4863,3.734583333333333,15.9033,6,C06,cluster_06_warm_normal_humidity_normal_wind
2025-04-29,8.11,19.75,12.715,70.92708333333333,2.668611111111111,16659.1951,7.334583333333334,11.64,6,C06,cluster_06_warm_normal_humidity_normal_wind
2025-04-30,7.5,23.99,17.30189236111111,59.80381944444444,1.157204861111111,39521.0686,15.337083333333332,16.49,8,C08,cluster_08_warm_normal_humidity_normal_wind
2025-05-01,14.3,28.1,21.467847222222225,40.48784722222222,1.3115625,50766.1808,19.68,13.8,8,C08,cluster_08_warm_normal_humidity_normal_wind
2025-05-02,14.94,28.62,22.731631944444445,35.420138888888886,1.6407118055555554,39973.1941,19.68,13.68,8,C08,cluster_08_warm_normal_humidity_normal_wind
2025-05-03,16.38,29.29,21.985920138888886,47.07465277777778,1.7859548611111111,21254.8281,13.232083333333334,12.91,6,C06,cluster_06_warm_normal_humidity_normal_wind
2025-05-04,16.47,26.67,21.71576388888889,44.14236111111112,2.0760763888888887,14092.0688,4.08,10.200000000000005,6,C06,cluster_06_warm_normal_humidity_normal_wind
2025-05-05,17.37,27.54,21.34185763888889,46.17881944444444,2.43484375,21483.5603,3.730833333333333,10.169999999999998,6,C06,cluster_06_warm_normal_humidity_normal_wind
2025-05-06,11.775,23.22,18.55815972222222,38.076388888888886,3.4261979166666667,62563.9114,3.6,11.445,2,C02,cluster_02_hot_dry_normal_wind
2025-05-07,9.6108,21.98,16.0978125,51.380208333333336,3.7339409722222223,52863.9961,3.6,12.3692,7,C07,cluster_07_mild_normal_humidity_normal_wind
2025-05-08,9.55,25.37,18.599045138888886,33.333333333333336,1.7598784722222225,72783.3009,3.6,15.82,5,C05,cluster_05_warm_normal_humidity_normal_wind
2025-05-09,12.67,28.26,20.79951388888889,30.06597222222222,1.2866493055555557,55613.6074,3.6,15.590000000000002,5,C05,cluster_05_warm_normal_humidity_normal_wind
2025-05-10,13.67,29.18,22.38736111111111,27.546875,1.7728645833333332,47948.7363,3.6,15.51,10,C10,cluster_10_hot_dry_normal_wind
2025-05-11,15.91,29.7,23.596475694444443,26.16493055555556,1.3129166666666667,67779.759,3.6,13.79,10,C10,cluster_10_hot_dry_normal_wind
2025-05-12,18.15,30.17,24.81,21.74652777777778,1.369045138888889,22365.4636,3.6,12.020000000000003,6,C06,cluster_06_warm_normal_humidity_normal_wind
2025-05-13,20.02,29.84,25.349045138888886,22.11284722222222,2.461128472222222,36895.963,4.472083333333334,9.82,6,C06,cluster_06_warm_normal_humidity_normal_wind
2025-05-14,16.3458,27.92,23.252569444444443,31.82118055555556,1.9744444444444444,48898.112,16.223750000000003,11.5742,8,C08,cluster_08_warm_normal_humidity_normal_wind
2025-05-15,14.9858,24.66,18.45399305555556,47.93402777777778,1.8825347222222224,32058.6187,16.875416666666666,9.6742,8,C08,cluster_08_warm_normal_humidity_normal_wind
2025-05-16,11.1725,24.93,18.664774305555557,40.76041666666666,3.191006944444444,73308.1917,11.52,13.7575,2,C02,cluster_02_hot_dry_normal_wind
2025-05-17,10.7,27.87,19.930416666666662,35.55555555555556,2.136736111111111,73335.6892,11.52,17.17,5,C05,cluster_05_warm_normal_humidity_normal_wind
2025-05-18,13.02,31.01,23.523993055555557,25.703125,1.5394270833333334,73335.6892,11.52,17.990000000000002,10,C10,cluster_10_hot_dry_normal_wind
2025-05-19,18.46,33.92,26.977083333333333,24.09722222222222,2.0215798611111118,59265.7029,11.52,15.46,10,C10,cluster_10_hot_dry_normal_wind
2025-05-20,19.89,33.25,26.668906250000003,21.6875,1.5147222222222223,72797.6468,11.52,13.36,10,C10,cluster_10_hot_dry_normal_wind
2025-05-21,18.19,34.76,27.136736111111112,19.74652777777778,2.7991319444444445,59082.8192,11.52,16.569999999999997,2,C02,cluster_02_hot_dry_normal_wind
2025-05-22,14.23,31.76,22.140364583333334,39.08680555555556,3.538454861111111,70683.271,11.52,17.53,2,C02,cluster_02_hot_dry_normal_wind
2025-05-23,13.62,31.76,22.46657986111111,37.732638888888886,2.020295138888889,71759.682,11.52,18.14,10,C10,cluster_10_hot_dry_normal_wind
2025-05-24,15.48,29.91,21.40972222222222,46.34722222222222,2.2481423611111118,36686.8657,6.487916666666667,14.43,6,C06,cluster_06_warm_normal_humidity_normal_wind
2025-05-25,12.8067,27.22,19.567135416666662,49.39756944444444,2.862951388888889,46900.6129,9.395833333333334,14.4133,2,C02,cluster_02_hot_dry_normal_wind
2025-05-26,12.05,27.38,19.534444444444446,43.81423611111112,2.876267361111111,67056.4626,12.24,15.329999999999998,2,C02,cluster_02_hot_dry_normal_wind
2025-05-27,12.77,28.37,21.40795138888889,33.307291666666664,1.3682118055555557,57891.84,12.24,15.6,5,C05,cluster_05_warm_normal_humidity_normal_wind
2025-05-28,16.3,29.93,23.442465277777774,32.545138888888886,1.4312847222222222,51629.0987,8.45875,13.63,10,C10,cluster_10_hot_dry_normal_wind
2025-05-29,19.9058,31.97,26.073350694444443,26.890625,2.5366145833333333,55372.2746,3.1979166666666665,12.0642,2,C02,cluster_02_hot_dry_normal_wind
2025-05-30,16.9525,31.1,24.861684027777777,23.553819444444443,1.851753472222222,69935.6595,2.64,14.1475,10,C10,cluster_10_hot_dry_normal_wind
2025-05-31,15.74,32.82,24.86270833333333,16.265625,1.5408506944444444,73335.6892,2.64,17.08,10,C10,cluster_10_hot_dry_normal_wind
2025-06-01,16.76,35.27,27.89692708333333,14.37673611111111,3.038836805555556,73335.6892,2.64,18.51,2,C02,cluster_02_hot_dry_normal_wind
2025-06-02,21.05,35.02,28.730850694444445,10.541666666666666,4.320607638888889,73335.6892,2.64,13.970000000000002,2,C02,cluster_02_hot_dry_normal_wind
2025-06-03,14.84,34.01,23.932256944444443,27.17708333333333,3.082864583333333,73172.3959,2.64,19.17,2,C02,cluster_02_hot_dry_normal_wind
2025-06-04,10.9367,24.5,17.880711805555556,46.38715277777778,4.243715277777778,68237.5569,2.64,13.5633,2,C02,cluster_02_hot_dry_normal_wind
2025-06-05,10.93,23.6,16.87612847222222,43.161458333333336,3.8775347222222223,63638.2628,2.64,12.670000000000002,2,C02,cluster_02_hot_dry_normal_wind
2025-06-06,11.02,26.41,19.15888888888889,36.26909722222222,2.3599131944444443,71078.6957,2.64,15.39,5,C05,cluster_05_warm_normal_humidity_normal_wind
2025-06-07,11.9925,25.47,18.637118055555558,43.71527777777778,2.1571006944444444,41264.1881,6.802499999999999,13.4775,6,C06,cluster_06_warm_normal_humidity_normal_wind
2025-06-08,11.44,25.49,18.294131944444445,44.607638888888886,2.702586805555556,69758.7569,6.96,14.05,2,C02,cluster_02_hot_dry_normal_wind
2025-06-09,12.4,26.93,20.163194444444443,38.42534722222222,1.1897743055555554,53240.5684,6.94,14.53,5,C05,cluster_05_warm_normal_humidity_normal_wind
2025-06-10,14.35,27.02,20.643298611111117,41.01041666666666,1.5196180555555554,43775.6535,5.364166666666666,12.67,6,C06,cluster_06_warm_normal_humidity_normal_wind
2025-06-11,14.21,28.83,22.248472222222222,39.64930555555556,1.4163541666666668,52998.1983,4.56,14.619999999999996,5,C05,cluster_05_warm_normal_humidity_normal_wind
2025-06-12,16.23,31.18,24.73961805555556,30.33159722222222,1.4705208333333333,50033.7927,4.56,14.95,10,C10,cluster_10_hot_dry_normal_wind
2025-06-13,19.09,33.13,26.38123263888889,30.15798611111111,1.941597222222222,59990.7716,6.480416666666667,14.040000000000004,10,C10,cluster_10_hot_dry_normal_wind
2025-06-14,19.09,34.05,27.82375,28.20833333333333,2.6768750000000003,72600.9078,7.199999999999999,14.959999999999996,2,C02,cluster_02_hot_dry_normal_wind
2025-06-15,22.61,36.79,30.173420138888886,18.41145833333333,1.9586805555555555,73335.6892,7.199999999999999,14.18,10,C10,cluster_10_hot_dry_normal_wind
2025-06-16,19.2808,37.46,29.4928125,22.22743055555556,3.192708333333333,68568.9758,7.199999999999999,18.1792,2,C02,cluster_02_hot_dry_normal_wind
2025-06-17,16.9942,33.8,25.648732638888887,27.31423611111111,2.536319444444445,73335.6892,7.199999999999999,16.805799999999998,2,C02,cluster_02_hot_dry_normal_wind
2025-06-18,12.5583,29.96,22.035208333333333,38.33680555555556,3.7677777777777774,73304.737,7.199999999999999,17.4017,2,C02,cluster_02_hot_dry_normal_wind
2025-06-19,12.12,31.04,21.859357638888888,38.96180555555556,2.759809027777778,73332.2346,7.199999999999999,18.92,2,C02,cluster_02_hot_dry_normal_wind
2025-06-20,12.93,32.23,24.51626736111111,34.68055555555556,2.368402777777778,73018.1412,7.199999999999999,19.3,2,C02,cluster_02_hot_dry_normal_wind
2025-06-21,19.9417,35.93,28.58277777777778,24.88888888888889,2.811180555555556,72615.0018,7.199999999999999,15.9883,2,C02,cluster_02_hot_dry_normal_wind
2025-06-22,15.6383,34.45,25.606024305555557,37.54340277777778,2.354809027777778,73328.78,7.199999999999999,18.8117,2,C02,cluster_02_hot_dry_normal_wind
2025-06-23,14.6583,34.39,24.59586805555556,33.673611111111114,1.8972569444444445,73311.6464,7.199999999999999,19.7317,10,C10,cluster_10_hot_dry_normal_wind
2025-06-24,13.76,32.7,23.436493055555555,38.80034722222222,3.4930729166666667,73294.5128,7.199999999999999,18.940000000000005,2,C02,cluster_02_hot_dry_normal_wind
2025-06-25,15.2,30.79,22.64157986111111,44.708333333333336,2.862482638888889,73332.2346,7.199999999999999,15.59,2,C02,cluster_02_hot_dry_normal_wind
2025-06-26,16.13,32.95,25.192690972222223,38.37673611111112,1.7276041666666666,73332.2346,7.199999999999999,16.820000000000004,10,C10,cluster_10_hot_dry_normal_wind
2025-06-27,18.9292,35.1,26.722638888888888,38.171875,1.979149305555556,72265.267,7.199999999999999,16.1708,10,C10,cluster_10_hot_dry_normal_wind
2025-06-28,18.39,34.73,27.29251736111111,35.05034722222222,2.445069444444444,73182.0156,7.199999999999999,16.339999999999996,2,C02,cluster_02_hot_dry_normal_wind
2025-06-29,20.12,35.79,28.87881944444445,24.94097222222222,2.7522743055555554,73087.9909,7.199999999999999,15.669999999999998,2,C02,cluster_02_hot_dry_normal_wind
2025-06-30,20.345,37.51,29.77614583333333,23.87326388888889,1.932829861111111,73335.6892,7.199999999999999,17.165,10,C10,cluster_10_hot_dry_normal_wind
2025-07-01,18.55,37.4,27.173090277777774,33.369791666666664,2.3734375,73335.6892,7.199999999999999,18.85,10,C10,cluster_10_hot_dry_normal_wind
2025-07-02,17.88,35.61,25.87223958333333,38.36111111111112,2.851458333333333,73311.6464,7.199999999999999,17.73,2,C02,cluster_02_hot_dry_normal_wind
2025-07-03,17.2967,34.98,25.56385416666667,41.076388888888886,2.969305555555556,73301.2827,7.199999999999999,17.683299999999996,2,C02,cluster_02_hot_dry_normal_wind
2025-07-04,16.9,32.81,23.583940972222223,45.5625,3.1445833333333333,73187.4678,7.199999999999999,15.910000000000004,2,C02,cluster_02_hot_dry_normal_wind
2025-07-05,16.3,35.38,25.372934027777777,36.82986111111112,2.507899305555556,73332.2346,7.199999999999999,19.08,2,C02,cluster_02_hot_dry_normal_wind
2025-07-06,18.17,31.19,23.428315972222222,44.86111111111112,3.8614409722222223,73181.9613,7.199999999999999,13.02,2,C02,cluster_02_hot_dry_normal_wind
2025-07-07,18.05,29.75,23.06842013888889,48.77256944444444,3.4522395833333333,66661.4171,7.199999999999999,11.7,2,C02,cluster_02_hot_dry_normal_wind
2025-07-08,17.6,30.38,23.39480902777778,48.90104166666666,2.8430555555555554,71330.2028,7.199999999999999,12.779999999999998,2,C02,cluster_02_hot_dry_normal_wind
2025-07-09,18.03,31.4,24.06098958333333,45.42361111111112,2.4636631944444445,61984.5294,7.199999999999999,13.369999999999996,2,C02,cluster_02_hot_dry_normal_wind
2025-07-10,18.73,32.49,24.89630208333333,44.16319444444444,2.2605902777777778,55795.552,5.587916666666667,13.760000000000002,2,C02,cluster_02_hot_dry_normal_wind
2025-07-11,18.42,34.54,27.19421875,38.302083333333336,1.659548611111111,62037.659,5.52,16.119999999999997,10,C10,cluster_10_hot_dry_normal_wind
2025-07-12,20.72,34.93,28.04001736111111,40.435763888888886,1.78140625,55526.5514,5.52,14.21,10,C10,cluster_10_hot_dry_normal_wind
2025-07-13,21.63,32.22,26.77232638888889,46.94791666666666,1.6347916666666666,57021.6232,5.52,10.59,10,C10,cluster_10_hot_dry_normal_wind
2025-07-14,20.145,31.51,25.769548611111112,44.48784722222222,1.4840972222222222,57327.4003,5.52,11.365000000000002,10,C10,cluster_10_hot_dry_normal_wind
2025-07-15,19.84,33.99,27.551336805555557,32.17881944444444,1.2188020833333333,70623.8767,5.52,14.150000000000002,10,C10,cluster_10_hot_dry_normal_wind
2025-07-16,22.6,35.51,29.926597222222224,26.21180555555556,1.930642361111111,59254.9963,5.52,12.909999999999997,10,C10,cluster_10_hot_dry_normal_wind
2025-07-17,24.5133,37.19,30.999930555555554,24.0,1.389861111111111,56599.0859,5.52,12.676699999999997,10,C10,cluster_10_hot_dry_normal_wind
2025-07-18,21.9942,37.95,29.568940972222222,28.350694444444443,2.319565972222222,65973.0847,5.52,15.955800000000004,10,C10,cluster_10_hot_dry_normal_wind
2025-07-19,21.46,39.05,30.64013888888889,24.807291666666668,3.2524479166666667,69902.6781,5.52,17.589999999999996,2,C02,cluster_02_hot_dry_normal_wind
2025-07-20,24.5,38.18,32.050243055555555,22.58680555555556,3.9571875,64375.0125,5.52,13.68,2,C02,cluster_02_hot_dry_normal_wind
2025-07-21,26.6733,39.35,33.44451388888889,17.78125,1.8084722222222225,72861.026,5.52,12.6767,10,C10,cluster_10_hot_dry_normal_wind
2025-07-22,23.0567,39.37,31.51015625,29.100694444444443,1.8077777777777777,73335.6892,5.52,16.313299999999998,10,C10,cluster_10_hot_dry_normal_wind
2025-07-23,21.81,37.59,29.681232638888886,28.328125,1.8563541666666667,73335.6892,5.52,15.780000000000005,10,C10,cluster_10_hot_dry_normal_wind
2025-07-24,21.48,36.49,29.568975694444443,24.541666666666668,1.2977430555555556,71518.8382,5.52,15.010000000000002,10,C10,cluster_10_hot_dry_normal_wind
2025-07-25,22.69,36.66,29.716284722222227,24.359375,1.482534722222222,68238.1432,5.52,13.969999999999995,10,C10,cluster_10_hot_dry_normal_wind
2025-07-26,20.63,36.33,28.412100694444447,30.14409722222222,1.836649305555556,64997.227,5.52,15.7,10,C10,cluster_10_hot_dry_normal_wind
2025-07-27,20.43,35.08,28.543576388888887,34.64409722222222,1.3711805555555554,56664.4802,5.23625,14.65,10,C10,cluster_10_hot_dry_normal_wind
2025-07-28,23.77,37.28,31.19751736111111,26.010416666666668,1.2435937499999998,58001.6913,4.8,13.510000000000002,10,C10,cluster_10_hot_dry_normal_wind
2025-07-29,26.32,36.92,31.820868055555557,27.119791666666668,1.6322743055555555,49885.1033,4.8,10.6,10,C10,cluster_10_hot_dry_normal_wind
2025-07-30,23.43,37.4,30.53894097222222,36.22916666666666,2.2762152777777778,46817.9613,4.8,13.97,10,C10,cluster_10_hot_dry_normal_wind
2025-07-31,23.38,37.05,30.039826388888887,33.29340277777778,1.2541840277777778,61010.5521,4.8,13.669999999999998,10,C10,cluster_10_hot_dry_normal_wind
2025-08-01,23.0,36.63,30.46348958333333,23.666666666666668,2.682864583333333,73332.2346,4.8,13.630000000000004,2,C02,cluster_02_hot_dry_normal_wind
2025-08-02,25.28,37.88,31.77809027777778,17.765625,2.9489930555555555,73227.0252,4.8,12.6,2,C02,cluster_02_hot_dry_normal_wind
2025-08-03,25.29,38.82,31.80336805555556,17.114583333333332,1.782673611111111,73335.6892,4.8,13.53,10,C10,cluster_10_hot_dry_normal_wind
2025-08-04,24.33,39.28,31.92319444444444,21.835069444444443,1.2781770833333337,70163.8516,4.8,14.950000000000005,10,C10,cluster_10_hot_dry_normal_wind
2025-08-05,24.59,38.34,31.493732638888886,29.319444444444443,1.421371527777778,64947.8302,4.8,13.750000000000004,10,C10,cluster_10_hot_dry_normal_wind
2025-08-06,23.75,37.7,31.11706597222222,28.725694444444443,1.3173090277777777,66082.7823,4.8,13.950000000000005,10,C10,cluster_10_hot_dry_normal_wind
2025-08-07,24.14,37.54,30.742534722222224,25.32465277777778,1.1508159722222222,66111.4878,4.8,13.4,10,C10,cluster_10_hot_dry_normal_wind
2025-08-08,24.63,37.18,30.674722222222226,24.74652777777778,1.3608854166666666,62441.2947,4.8,12.55,10,C10,cluster_10_hot_dry_normal_wind
2025-08-09,23.87,37.93,30.953472222222224,22.625,1.43171875,71721.5785,4.8,14.06,10,C10,cluster_10_hot_dry_normal_wind
2025-08-10,22.94,36.65,29.51519097222222,23.381944444444443,2.146302083333333,56791.7796,4.8,13.709999999999996,10,C10,cluster_10_hot_dry_normal_wind
2025-08-11,21.95,34.95,28.53689236111111,27.69618055555556,2.009704861111111,64559.7262,4.8,13.000000000000004,10,C10,cluster_10_hot_dry_normal_wind
2025-08-12,21.17,35.25,28.772291666666668,31.572916666666668,2.1160416666666664,64400.5473,4.8,14.079999999999998,10,C10,cluster_10_hot_dry_normal_wind
2025-08-13,19.9358,34.62,26.51451388888889,41.77430555555556,2.140434027777778,62597.9894,4.8,14.684199999999995,10,C10,cluster_10_hot_dry_normal_wind
2025-08-14,19.76,32.58,25.39428819444445,47.27256944444444,1.742222222222222,64371.4452,6.5441666666666665,12.819999999999997,10,C10,cluster_10_hot_dry_normal_wind
2025-08-15,20.17,33.23,27.017690972222223,41.47569444444444,2.386545138888889,65454.5195,8.16,13.059999999999995,2,C02,cluster_02_hot_dry_normal_wind
2025-08-16,19.83,34.26,26.73789930555556,39.32291666666666,2.310486111111111,62274.7486,6.275833333333334,14.43,10,C10,cluster_10_hot_dry_normal_wind
2025-08-17,18.4,33.11,25.36578125,42.583333333333336,1.955711805555556,71634.0684,4.8,14.71,10,C10,cluster_10_hot_dry_normal_wind
2025-08-18,18.96,35.71,28.107100694444444,37.076388888888886,2.125763888888889,73332.2346,4.8,16.75,10,C10,cluster_10_hot_dry_normal_wind
2025-08-19,24.08,39.2,31.52208333333333,23.88715277777778,1.9726041666666667,73335.6892,4.8,15.120000000000005,10,C10,cluster_10_hot_dry_normal_wind
2025-08-20,25.01,37.74,31.06645833333333,17.76909722222222,3.26984375,73335.6892,4.8,12.73,2,C02,cluster_02_hot_dry_normal_wind
2025-08-21,21.6867,37.89,30.725329861111117,12.677083333333334,3.033680555555556,73335.6892,4.8,16.203300000000002,2,C02,cluster_02_hot_dry_normal_wind
2025-08-22,18.1,35.65,26.426684027777775,35.098958333333336,2.167326388888889,73335.6892,4.8,17.549999999999997,10,C10,cluster_10_hot_dry_normal_wind
2025-08-23,18.17,34.79,26.611631944444444,34.076388888888886,1.5460243055555556,73335.6892,4.8,16.619999999999997,10,C10,cluster_10_hot_dry_normal_wind
2025-08-24,21.1,36.53,28.313194444444445,33.560763888888886,1.7699131944444444,73335.6892,4.8,15.43,10,C10,cluster_10_hot_dry_normal_wind
2025-08-25,20.28,37.04,28.74604166666667,32.58159722222222,1.3943402777777778,73271.8729,4.8,16.759999999999998,10,C10,cluster_10_hot_dry_normal_wind
2025-08-26,20.24,35.99,28.71637152777778,28.87673611111111,2.1475,73335.6892,4.8,15.750000000000004,10,C10,cluster_10_hot_dry_normal_wind
2025-08-27,19.855,34.8,27.522951388888888,23.95833333333333,1.360607638888889,73328.7802,4.8,14.944999999999997,10,C10,cluster_10_hot_dry_normal_wind
2025-08-28,19.13,34.97,26.7959375,34.47569444444444,1.3135069444444445,73335.6892,4.8,15.84,10,C10,cluster_10_hot_dry_normal_wind
2025-08-29,19.12,33.24,25.88378472222222,47.78472222222222,1.8384548611111111,72861.7569,4.8,14.12,10,C10,cluster_10_hot_dry_normal_wind
2025-08-30,19.35,33.49,26.713402777777777,35.73090277777778,1.2835590277777778,73335.6892,4.8,14.14,10,C10,cluster_10_hot_dry_normal_wind
2025-08-31,20.66,34.51,27.540451388888886,22.06597222222222,1.5927256944444443,73335.6892,4.8,13.849999999999998,10,C10,cluster_10_hot_dry_normal_wind
2025-09-01,17.705,34.55,25.952447916666667,32.536458333333336,2.2275520833333333,73258.8523,4.8,16.845,10,C10,cluster_10_hot_dry_normal_wind
2025-09-02,17.21,32.29,24.447777777777777,31.44618055555556,1.3798784722222222,73335.6892,4.8,15.079999999999998,10,C10,cluster_10_hot_dry_normal_wind
2025-09-03,17.02,32.81,25.346475694444443,25.41493055555556,1.5811805555555556,73335.6892,4.8,15.790000000000004,10,C10,cluster_10_hot_dry_normal_wind
2025-09-04,20.83,34.88,27.73649305555556,18.08680555555556,2.298402777777778,67245.662,4.8,14.050000000000004,10,C10,cluster_10_hot_dry_normal_wind
2025-09-05,19.69,34.43,26.81920138888889,24.39409722222222,1.4003819444444443,73007.7535,4.8,14.739999999999998,10,C10,cluster_10_hot_dry_normal_wind
2025-09-06,18.62,34.59,26.461979166666666,29.29861111111111,1.355329861111111,73332.2346,4.8,15.970000000000002,10,C10,cluster_10_hot_dry_normal_wind
2025-09-07,19.17,34.9,26.94864583333333,25.22743055555556,1.4689409722222222,73335.6892,4.8,15.729999999999997,10,C10,cluster_10_hot_dry_normal_wind
2025-09-08,18.22,34.37,25.894479166666667,31.61458333333333,1.7790798611111112,72444.5236,4.8,16.15,10,C10,cluster_10_hot_dry_normal_wind
2025-09-09,18.32,34.68,26.834652777777777,27.67361111111111,1.8566319444444448,72905.7292,4.8,16.36,10,C10,cluster_10_hot_dry_normal_wind
2025-09-10,20.7017,35.35,27.938385416666662,21.491319444444443,1.7430208333333337,71635.7836,4.8,14.648300000000004,10,C10,cluster_10_hot_dry_normal_wind
2025-09-11,17.38,32.6,24.162465277777777,37.49131944444444,1.8853472222222225,71414.2153,4.8,15.220000000000002,10,C10,cluster_10_hot_dry_normal_wind
2025-09-12,15.5392,28.58,21.644826388888887,43.30902777777778,3.210625,73074.6052,4.8,13.0408,2,C02,cluster_02_hot_dry_normal_wind
2025-09-13,14.29,29.44,21.581041666666668,46.0,1.6982986111111111,73332.2346,4.8,15.150000000000002,5,C05,cluster_05_warm_normal_humidity_normal_wind
2025-09-14,14.4858,28.54,20.36272569444445,52.02256944444444,2.0746875,68369.9196,4.8,14.0542,5,C05,cluster_05_warm_normal_humidity_normal_wind
2025-09-15,13.37,27.45,20.19848958333333,49.192708333333336,1.743125,73328.7802,4.8,14.08,5,C05,cluster_05_warm_normal_humidity_normal_wind
2025-09-16,14.73,29.03,22.235694444444444,44.380208333333336,1.9252256944444448,73335.6892,4.8,14.3,5,C05,cluster_05_warm_normal_humidity_normal_wind
2025-09-17,15.1533,29.57,22.086336805555558,41.71006944444444,1.4908680555555556,72087.4538,4.8,14.4167,5,C05,cluster_05_warm_normal_humidity_normal_wind
2025-09-18,14.54,29.22,22.5734375,36.38194444444444,2.4625694444444446,72880.1978,4.8,14.68,2,C02,cluster_02_hot_dry_normal_wind
2025-09-19,18.9342,32.11,25.63416666666667,24.65972222222222,3.986024305555555,73335.6892,4.8,13.1758,2,C02,cluster_02_hot_dry_normal_wind
2025-09-20,12.5533,26.54,20.50145833333333,34.41319444444444,3.224635416666666,73332.2346,4.8,13.9867,2,C02,cluster_02_hot_dry_normal_wind
2025-09-21,11.52,26.15,17.98003472222222,45.92881944444444,1.9822395833333333,72822.1135,4.8,14.63,5,C05,cluster_05_warm_normal_humidity_normal_wind
2025-09-22,10.1358,23.12,15.722083333333334,53.95486111111112,2.674756944444445,70749.2519,11.849166666666669,12.9842,8,C08,cluster_08_warm_normal_humidity_normal_wind
2025-09-23,9.7,23.14,16.030225694444443,54.53472222222222,1.8825868055555557,65455.3187,14.695416666666668,13.44,8,C08,cluster_08_warm_normal_humidity_normal_wind
2025-09-24,9.0817,22.89,15.69074652777778,56.833333333333336,2.0186458333333333,66787.182,5.04,13.8083,5,C05,cluster_05_warm_normal_humidity_normal_wind
2025-09-25,8.57,25.46,16.90045138888889,38.09722222222222,1.6615624999999998,73335.6892,5.04,16.89,5,C05,cluster_05_warm_normal_humidity_normal_wind
2025-09-26,9.85,26.48,19.07524305555556,30.682291666666668,2.3817013888888887,59786.5921,5.04,16.630000000000003,2,C02,cluster_02_hot_dry_normal_wind
2025-09-27,14.47,26.75,20.13567708333333,38.39236111111112,1.9496527777777777,64011.9917,5.04,12.28,5,C05,cluster_05_warm_normal_humidity_normal_wind
2025-09-28,12.37,27.0,20.08498263888889,34.192708333333336,0.95640625,73184.013,5.04,14.63,5,C05,cluster_05_warm_normal_humidity_normal_wind
2025-09-29,14.05,28.93,21.36845486111111,20.43402777777778,1.0516666666666667,73332.2346,5.04,14.88,10,C10,cluster_10_hot_dry_normal_wind
2025-09-30,15.0083,29.04,21.8196875,21.47743055555556,1.34171875,73335.6892,5.04,14.0317,10,C10,cluster_10_hot_dry_normal_wind
2025-10-01,10.0933,26.12,17.450208333333332,48.03819444444444,2.4471006944444444,72958.36,5.04,16.0267,5,C05,cluster_05_warm_normal_humidity_normal_wind
2025-10-02,10.02,25.05,16.820277777777775,49.47222222222222,1.8924305555555556,73284.1486,5.04,15.03,5,C05,cluster_05_warm_normal_humidity_normal_wind
2025-10-03,10.92,26.14,18.778975694444444,43.56423611111112,1.8921527777777776,73291.0581,5.04,15.22,5,C05,cluster_05_warm_normal_humidity_normal_wind
2025-10-04,12.9,28.52,19.560746527777777,41.78819444444444,1.6180902777777777,73161.3734,5.04,15.62,5,C05,cluster_05_warm_normal_humidity_normal_wind
2025-10-05,12.61,26.56,19.256527777777777,43.717013888888886,2.078940972222222,73332.2346,5.04,13.95,5,C05,cluster_05_warm_normal_humidity_normal_wind
2025-10-06,13.03,27.25,19.88958333333333,33.104166666666664,2.115277777777778,73335.6892,5.04,14.22,5,C05,cluster_05_warm_normal_humidity_normal_wind
2025-10-07,13.4,28.46,20.57602430555556,26.760416666666668,1.260486111111111,73335.6892,5.04,15.06,5,C05,cluster_05_warm_normal_humidity_normal_wind
2025-10-08,13.64,29.26,20.768368055555555,23.04513888888889,0.9850694444444444,73335.6892,5.04,15.62,10,C10,cluster_10_hot_dry_normal_wind
2025-10-09,13.98,28.74,20.460572916666667,22.12847222222222,0.9188368055555556,73335.6892,5.04,14.759999999999998,5,C05,cluster_05_warm_normal_humidity_normal_wind
2025-10-10,13.84,27.11,20.51203125,21.82638888888889,1.4875868055555557,73335.6892,5.04,13.27,5,C05,cluster_05_warm_normal_humidity_normal_wind
2025-10-11,12.08,24.63,18.400572916666665,25.55555555555556,0.7744270833333333,73335.6892,5.04,12.55,5,C05,cluster_05_warm_normal_humidity_normal_wind
2025-10-12,13.18,26.55,19.310416666666665,19.51215277777778,0.8963715277777777,73335.6892,5.04,13.37,5,C05,cluster_05_warm_normal_humidity_normal_wind
2025-10-13,12.5,28.16,21.07243055555556,20.92013888888889,2.212899305555556,57799.7491,5.04,15.66,10,C10,cluster_10_hot_dry_normal_wind
2025-10-14,13.97,25.86,19.56118055555556,22.32638888888889,1.11359375,73335.6892,5.04,11.89,5,C05,cluster_05_warm_normal_humidity_normal_wind
2025-10-15,12.17,26.54,19.52670138888889,23.609375,1.8445486111111111,73335.6892,5.04,14.37,5,C05,cluster_05_warm_normal_humidity_normal_wind
2025-10-16,13.54,25.98,19.174774305555555,23.99652777777778,0.7640104166666667,73335.6892,5.04,12.44,5,C05,cluster_05_warm_normal_humidity_normal_wind
2025-10-17,11.6017,25.13,17.933628472222225,28.34027777777778,1.1094618055555554,23377.1792,5.04,13.5283,6,C06,cluster_06_warm_normal_humidity_normal_wind
2025-10-18,9.52,24.35,16.90543402777778,34.427083333333336,1.1108159722222224,55802.637,5.04,14.830000000000002,5,C05,cluster_05_warm_normal_humidity_normal_wind
2025-10-19,10.79,22.86,16.826006944444444,36.45486111111112,1.7363541666666666,66965.2733,5.04,12.07,5,C05,cluster_05_warm_normal_humidity_normal_wind
2025-10-20,12.16,23.34,17.604913194444446,32.953125,1.9577083333333336,55636.3982,5.04,11.18,5,C05,cluster_05_warm_normal_humidity_normal_wind
2025-10-21,12.05,22.45,17.19842013888889,30.109375,0.8606250000000001,56240.2028,5.04,10.4,5,C05,cluster_05_warm_normal_humidity_normal_wind
2025-10-22,12.1675,23.48,17.44717013888889,33.697916666666664,1.045121527777778,68072.3316,5.04,11.3125,5,C05,cluster_05_warm_normal_humidity_normal_wind
2025-10-23,10.38,22.73,16.631145833333335,34.53819444444444,1.0253645833333334,61675.6216,5.04,12.35,5,C05,cluster_05_warm_normal_humidity_normal_wind
2025-10-24,11.15,23.37,16.90482638888889,33.00347222222222,0.5910937500000001,72536.0685,5.04,12.22,5,C05,cluster_05_warm_normal_humidity_normal_wind
2025-10-25,11.38,23.49,17.086961805555557,33.78472222222222,1.5659895833333333,62880.3383,5.04,12.109999999999998,5,C05,cluster_05_warm_normal_humidity_normal_wind
2025-10-26,11.75,23.81,17.328454861111112,29.8125,1.3032812500000002,56383.5532,5.04,12.06,5,C05,cluster_05_warm_normal_humidity_normal_wind
2025-10-27,10.06,23.06,16.464496527777776,33.44097222222222,1.4824479166666666,72703.2441,5.04,12.999999999999998,5,C05,cluster_05_warm_normal_humidity_normal_wind
2025-10-28,11.16,23.83,16.378663194444446,35.810763888888886,1.00375,73335.6892,5.04,12.669999999999998,5,C05,cluster_05_warm_normal_humidity_normal_wind
2025-10-29,11.32,24.21,16.737743055555555,28.725694444444443,0.99703125,73335.6892,5.04,12.89,5,C05,cluster_05_warm_normal_humidity_normal_wind
2025-10-30,7.5125,23.16,15.278524305555557,40.19618055555556,1.6928819444444445,71224.4842,5.04,15.6475,5,C05,cluster_05_warm_normal_humidity_normal_wind
2025-10-31,6.08,21.37,13.57609375,49.90625,1.7011979166666666,73264.9635,5.04,15.29,5,C05,cluster_05_warm_normal_humidity_normal_wind
2025-11-01,8.8125,21.28,14.274947916666669,45.109375,1.8984375,73335.6892,5.04,12.4675,5,C05,cluster_05_warm_normal_humidity_normal_wind
2025-11-02,6.9675,21.53,13.750381944444444,35.58680555555556,1.0240277777777778,73332.2346,5.04,14.5625,5,C05,cluster_05_warm_normal_humidity_normal_wind
2025-11-03,6.4,18.9,11.56847222222222,52.22569444444444,2.0708854166666666,72328.5632,5.04,12.499999999999998,5,C05,cluster_05_warm_normal_humidity_normal_wind
2025-11-04,6.32,17.7,11.005069444444445,51.07465277777778,2.306458333333333,72752.6683,5.04,11.38,7,C07,cluster_07_mild_normal_humidity_normal_wind
2025-11-05,5.22,17.74,11.02314236111111,45.32118055555556,1.8063888888888888,62947.9225,5.04,12.52,5,C05,cluster_05_warm_normal_humidity_normal_wind
2025-11-06,4.58,19.32,11.6253125,40.49479166666666,0.9418402777777778,73335.6892,5.04,14.74,5,C05,cluster_05_warm_normal_humidity_normal_wind
2025-11-07,5.08,19.12,11.542100694444445,38.60590277777778,0.6748784722222223,73335.6892,5.04,14.04,5,C05,cluster_05_warm_normal_humidity_normal_wind
2025-11-08,5.86,20.9,12.679131944444444,36.03472222222222,1.0559895833333333,73311.6464,5.04,15.04,5,C05,cluster_05_warm_normal_humidity_normal_wind
2025-11-09,6.62,20.95,12.541510416666666,37.98090277777778,0.8528819444444444,71859.2364,5.04,14.329999999999998,5,C05,cluster_05_warm_normal_humidity_normal_wind
2025-11-10,5.79,20.25,12.39220486111111,38.10243055555556,1.2541666666666669,72858.154,5.04,14.46,5,C05,cluster_05_warm_normal_humidity_normal_wind
2025-11-11,5.36,18.8,11.632586805555556,36.92361111111112,1.6230555555555557,73335.6892,5.04,13.44,5,C05,cluster_05_warm_normal_humidity_normal_wind
2025-11-12,6.51,18.55,11.611423611111112,34.34027777777778,1.4171527777777777,45945.3813,5.04,12.04,5,C05,cluster_05_warm_normal_humidity_normal_wind
2025-11-13,6.11,19.22,11.474652777777775,30.526041666666668,1.1089930555555556,53798.9194,5.04,13.11,5,C05,cluster_05_warm_normal_humidity_normal_wind
2025-11-14,7.52,18.84,12.655850694444446,28.67708333333333,2.316736111111111,56646.2378,5.04,11.32,5,C05,cluster_05_warm_normal_humidity_normal_wind
2025-11-15,9.07,16.3,11.999270833333334,34.529513888888886,2.654357638888889,13392.1643,6.005416666666666,7.23,6,C06,cluster_06_warm_normal_humidity_normal_wind
2025-11-16,8.98,17.3,12.75434027777778,49.50173611111112,1.8600347222222224,58989.3145,4.8,8.32,7,C07,cluster_07_mild_normal_humidity_normal_wind
2025-11-17,3.065,16.59,10.590763888888889,54.614583333333336,1.5767881944444444,46495.2959,3.42875,13.525,0,C00,cluster_00_mild_normal_humidity_normal_wind
2025-11-18,2.3,17.34,8.854809027777778,48.31597222222222,1.0469791666666666,73335.6892,2.64,15.04,0,C00,cluster_00_mild_normal_humidity_normal_wind
2025-11-19,2.07,17.58,9.08623263888889,47.598958333333336,0.8842881944444445,65478.8303,2.64,15.509999999999998,0,C00,cluster_00_mild_normal_humidity_normal_wind
2025-11-20,2.43,17.31,9.104930555555557,46.973958333333336,0.733454861111111,73335.6892,2.64,14.88,0,C00,cluster_00_mild_normal_humidity_normal_wind
2025-11-21,2.26,17.17,8.774340277777778,42.99652777777778,0.6050173611111112,73021.31940000001,2.64,14.910000000000002,0,C00,cluster_00_mild_normal_humidity_normal_wind
2025-11-22,3.28,19.24,9.854965277777778,31.682291666666668,0.6016319444444445,73335.6892,2.64,15.96,5,C05,cluster_05_warm_normal_humidity_normal_wind
2025-11-23,3.77,19.16,10.33232638888889,32.19444444444444,0.7968402777777778,73335.6892,2.64,15.39,5,C05,cluster_05_warm_normal_humidity_normal_wind
2025-11-24,2.56,18.09,9.16984375,31.86805555555556,1.5928125,73335.6892,2.64,15.53,5,C05,cluster_05_warm_normal_humidity_normal_wind
2025-11-25,3.26,17.98,9.32046875,22.29861111111111,0.7652256944444444,73335.6892,2.64,14.72,5,C05,cluster_05_warm_normal_humidity_normal_wind
2025-11-26,3.78,15.35,9.002083333333333,20.63715277777778,0.4014409722222222,18139.6058,2.64,11.57,6,C06,cluster_06_warm_normal_humidity_normal_wind
2025-11-27,3.06,15.26,8.749583333333334,47.54861111111112,0.9871354166666668,69377.5979,4.855,12.2,0,C00,cluster_00_mild_normal_humidity_normal_wind
2025-11-28,2.48,15.17,7.536163194444445,61.34027777777778,0.9802256944444444,71828.6659,5.52,12.69,0,C00,cluster_00_mild_normal_humidity_normal_wind
2025-11-29,2.4,13.67,7.225451388888889,56.01736111111112,0.8671527777777778,41641.3573,5.52,11.27,11,C11,cluster_11_mild_normal_humidity_normal_wind
2025-11-30,2.2,14.57,7.5686631944444445,45.65798611111112,0.9696527777777776,73335.6892,5.52,12.37,0,C00,cluster_00_mild_normal_humidity_normal_wind
2025-12-01,3.36,13.42,9.02690972222222,57.67361111111112,1.6028125,54427.1607,3.785,10.06,0,C00,cluster_00_mild_normal_humidity_normal_wind
2025-12-02,5.8642,13.93,9.529583333333331,60.93402777777778,0.8340798611111111,29254.2657,2.64,8.0658,11,C11,cluster_11_mild_normal_humidity_normal_wind
2025-12-03,2.0392,12.47,6.721475694444445,63.18055555555556,1.8307291666666667,70933.8571,2.64,10.4308,0,C00,cluster_00_mild_normal_humidity_normal_wind
2025-12-04,0.45,11.85,5.3742881944444445,61.71006944444444,1.0939930555555557,70532.4026,2.64,11.4,0,C00,cluster_00_mild_normal_humidity_normal_wind
2025-12-05,0.86,11.71,6.10453125,59.62847222222222,1.9690277777777776,50318.9689,2.64,10.85,7,C07,cluster_07_mild_normal_humidity_normal_wind
2025-12-06,2.94,12.75,7.275815972222222,63.22916666666666,0.9836631944444444,67790.1418,2.64,9.81,0,C00,cluster_00_mild_normal_humidity_normal_wind
2025-12-07,4.26,15.12,10.125364583333331,54.848958333333336,1.9012847222222224,30935.7518,2.9720833333333334,10.86,6,C06,cluster_06_warm_normal_humidity_normal_wind
2025-12-08,6.9833,11.19,9.334635416666666,65.76909722222223,2.371753472222222,12320.0396,8.631250000000001,4.2067,3,C03,cluster_03_mild_humid_normal_wind
2025-12-09,5.87,12.39,9.190225694444443,67.76041666666667,2.223489583333333,17585.7397,6.78125,6.5200000000000005,3,C03,cluster_03_mild_humid_normal_wind
2025-12-10,4.36,10.17,7.060052083333334,79.25868055555556,2.6649131944444444,24991.3867,12.327916666666669,5.81,3,C03,cluster_03_mild_humid_normal_wind
2025-12-11,3.64,9.79,6.250416666666666,76.61111111111111,0.55078125,15844.6328,8.655416666666666,6.149999999999999,11,C11,cluster_11_mild_normal_humidity_normal_wind
2025-12-12,1.6558,8.79,4.607829861111111,83.26736111111111,1.3102256944444446,23040.8955,6.72,7.134199999999999,11,C11,cluster_11_mild_normal_humidity_normal_wind
2025-12-13,1.52,8.77,5.2971875,73.45486111111111,1.022482638888889,45870.5146,5.395833333333333,7.25,11,C11,cluster_11_mild_normal_humidity_normal_wind
2025-12-14,-0.55,8.44,4.030173611111112,71.53472222222223,1.5532812500000002,56009.1723,3.36,8.99,11,C11,cluster_11_mild_normal_humidity_normal_wind
2025-12-15,-0.64,7.25,3.247065972222222,73.19444444444444,1.9215972222222224,22860.7378,3.36,7.89,11,C11,cluster_11_mild_normal_humidity_normal_wind
2025-12-16,1.51,8.71,4.237482638888888,66.88020833333333,1.3494444444444444,38945.2377,3.36,7.200000000000001,11,C11,cluster_11_mild_normal_humidity_normal_wind
2025-12-17,-0.48,18.21,3.486076388888889,67.51909722222223,1.974878472222222,32878.5721,3.36,18.69,7,C07,cluster_07_mild_normal_humidity_normal_wind
2025-12-18,-1.07,5.84,1.8729166666666663,74.0,1.0110243055555557,35754.3428,3.36,6.91,11,C11,cluster_11_mild_normal_humidity_normal_wind
2025-12-19,-2.72,6.21,1.2619270833333334,71.26388888888889,2.025920138888889,12305.323,3.36,8.93,11,C11,cluster_11_mild_normal_humidity_normal_wind
2025-12-20,-3.7,7.93,0.6953819444444443,57.98611111111112,1.2428645833333334,73043.4367,3.36,11.63,0,C00,cluster_00_mild_normal_humidity_normal_wind
2025-12-21,-3.35,8.75,2.556805555555556,48.27256944444444,0.8470138888888888,73239.6671,3.36,12.1,0,C00,cluster_00_mild_normal_humidity_normal_wind
2025-12-22,-1.8,7.82,2.5464409722222223,50.15625,0.8223958333333333,57282.6932,3.36,9.62,0,C00,cluster_00_mild_normal_humidity_normal_wind
2025-12-23,-0.9,8.36,3.041302083333333,52.208333333333336,1.5963715277777777,15041.0404,3.36,9.26,11,C11,cluster_11_mild_normal_humidity_normal_wind
2025-12-24,-0.2,5.16,2.198732638888889,68.75347222222223,0.7078819444444444,55817.5863,5.160416666666666,5.36,11,C11,cluster_11_mild_normal_humidity_normal_wind
2025-12-25,-1.64,9.01,3.281388888888889,67.56597222222223,0.9454513888888888,67434.6163,6.0,10.65,0,C00,cluster_00_mild_normal_humidity_normal_wind
2025-12-26,-0.28,5.97,2.5115972222222225,71.15277777777777,2.1436284722222223,37490.3872,6.0,6.25,3,C03,cluster_03_mild_humid_normal_wind
2025-12-27,1.15,6.23,3.853177083333333,66.51041666666667,2.55171875,45269.1256,5.32875,5.08,3,C03,cluster_03_mild_humid_normal_wind
2025-12-28,1.8667,7.03,4.976493055555555,71.63541666666667,3.941145833333333,32172.4915,7.199999999999999,5.1633,3,C03,cluster_03_mild_humid_normal_wind
2025-12-29,-0.39,7.8,3.959756944444445,56.451388888888886,2.392326388888889,68278.3496,4.06125,8.19,7,C07,cluster_07_mild_normal_humidity_normal_wind
2025-12-30,-8.75,2.14,-2.4398958333333334,56.72048611111112,2.6548784722222223,66710.2431,11.994583333333331,10.89,4,C04,cluster_04_cold_normal_humidity_normal_wind
2025-12-31,-9.12,3.93,-0.7714259927797834,41.2346570397112,2.3231227436823105,51321.7313,12.0,13.05,4,C04,cluster_04_cold_normal_humidity_normal_wind
