fattening_day,doy,rad,mint,maxt,vpr,wind,rain,aha,okta,growth_start_date,growth_date,tbw_kg,genetic_potential_tbw_kg,feed_intake_kg_dm_day,feed1_available_kg_dm_day,feed2_available_kg_dm_day,feed3_available_kg_dm_day,feed4_available_kg_dm_day,beef_production_kg,beef_event_kg,me_uptake_mj_day,heat_production,genotype,heat_stress,cold_stress,digestion_cap,energy,protein,scale,breed,diet,sex_animal,housing,case_id
1,1,0,10.866900000000001,11.56026,0.933,0.85,2.2,0.920257639,6.16523966,1998-01-01,1998-01-01,43.0,43.0,0.0,0.0,0.0,0.0,0.0,16.125,0.0,0.0,9.0,0.0,4.5,3.5,0.0,0.0,0.0,1,6,5,0,0,5
2,2,0,9.39351,13.987020000000001,0.858,2.5,5.0,0.915413096,5.935020311,1998-01-01,1998-01-02,43.447498458377645,46.736070979478086,0.0,0.0,0.0,0.0,0.0,16.527748612539888,0.0,0.0,5.5658164179172935,0.0,0.0,3.5,0.0,0.0,0.5,1,6,5,0,0,5
3,3,0,9.22017,16.58712,0.893,2.5,2.2,0.910269181,5.829516618,1998-01-01,1998-01-03,44.431179930165,47.90159255241451,0.0,0.0,0.0,0.0,0.0,16.837241840532897,0.0,0.0,5.731370733446534,0.0,0.0,3.5,0.0,0.0,0.5,1,6,5,0,0,5
4,4,0,7.833449999999999,15.980430000000002,0.753,2.5,1.2,0.904840361,4.037483894,1998-01-01,1998-01-04,45.439853023470185,49.06909675724984,0.0,0.0,0.0,0.0,0.0,17.158191127692984,0.0,0.0,5.752336560314509,0.0,0.0,3.5,0.0,0.0,0.5,1,6,5,0,0,5
5,5,0,8.61348,15.027059999999999,0.743,2.5,5.0,0.89914155,2.120449931,1998-01-01,1998-01-05,46.46540513545238,50.23857159271273,0.0,0.0,0.0,0.0,0.0,17.488115972007424,0.0,0.0,5.7702612804287154,0.0,0.0,3.5,0.0,0.0,0.5,1,6,5,0,0,5
6,6,0,11.47359,14.593710000000002,0.943,1.65,4.0,0.893188024,6.051566937,1998-01-01,1998-01-06,47.503281342121504,51.41000502965602,0.0,0.0,0.0,0.0,0.0,17.825601697611305,0.0,0.0,5.792933927901635,0.0,0.0,3.5,0.0,0.0,0.5,1,6,5,0,0,5
7,7,0,9.91353,16.84713,0.918,1.45,0.0,0.886995327,3.203149524,1998-01-01,1998-01-07,48.55054566635005,52.58338501157954,0.0,0.0,0.0,0.0,0.0,18.16971702074563,0.0,0.0,5.814303784763653,0.0,0.0,3.5,0.0,0.0,0.5,1,6,5,0,0,5
8,8,0,8.18013,17.54049,0.813,0.9,0.0,0.880579186,0.0,1998-01-01,1998-01-08,49.60514032940342,53.75869945515052,0.0,0.0,0.0,0.0,0.0,18.51979290037262,0.0,0.0,5.834626004364228,0.0,0.0,3.5,0.0,0.0,0.5,1,6,5,0,0,5
9,9,0,4.8,15.72042,0.713,0.6,0.0,0.873955426,0.0,1998-01-01,1998-01-09,50.665539164936696,54.93593625072424,0.0,0.0,0.0,0.0,0.0,18.875319585411845,0.0,0.0,5.854299726864418,0.0,0.0,3.5,0.0,0.0,0.5,1,6,5,0,0,5
10,10,0,5.49336,15.72042,0.768,1.1,0.0,0.867139891,0.0,1998-01-01,1998-01-10,51.73056311719235,56.11508326286332,0.0,0.0,0.0,0.0,0.0,19.235891999876543,0.0,0.0,5.8736159024737455,0.0,0.0,3.5,0.0,0.0,0.5,1,6,5,0,0,5
11,11,0,8.18013,17.71383,0.768,1.45,0.0,0.860148369,1.664654373,1998-01-01,1998-01-11,52.799272730940444,57.296128330855595,0.0,0.0,0.0,0.0,0.0,19.60117797198946,0.0,0.0,5.892791191117128,0.0,0.0,3.5,0.0,0.0,0.5,1,6,5,0,0,5
12,12,0,7.6601099999999995,15.72042,0.808,1.35,0.0,0.852996519,5.938656774,1998-01-01,1998-01-12,53.870901150511365,58.479059269231584,0.0,0.0,0.0,0.0,0.0,19.97089842857445,0.0,0.0,5.911989385879364,0.0,0.0,3.5,0.0,0.0,0.5,1,6,5,0,0,5
13,13,0,12.42696,17.88717,0.903,2.5,2.4,0.845699807,4.582023328,1998-01-01,1998-01-13,54.94481013287207,59.66386386828077,0.0,0.0,0.0,0.0,0.0,20.34481436224079,0.0,0.0,5.9313356210026225,0.0,0.0,3.5,0.0,0.0,0.5,1,6,5,0,0,5
14,14,0,10.43355,13.20699,0.828,1.7,0.0,0.87732203,6.063786278,1998-01-01,1998-01-14,56.0204599431844,60.85052989456642,0.0,0.0,0.0,0.0,0.0,20.722717873296332,0.0,0.0,5.950926155327005,0.0,0.0,3.5,0.0,0.0,0.5,1,6,5,0,0,5
15,15,0,4.36665,10.60689,0.728,1.55,7.8,0.868981344,5.659010055,1998-01-01,1998-01-15,57.09738803820484,62.0390450914399,0.0,0.0,0.0,0.0,0.0,21.10442578736565,0.0,0.0,5.970835313678983,0.0,0.0,3.5,0.0,0.0,0.5,1,6,5,0,0,5
16,16,0,9.91353,13.20699,0.903,2.5,9.0,0.860539152,6.26130705,1998-01-01,1998-01-16,58.17519353770942,63.229397179553075,0.0,0.0,0.0,0.0,0.0,21.489774969319647,0.0,0.0,5.991120532872474,0.0,0.0,3.5,0.0,0.0,0.5,1,6,5,0,0,5
17,17,0,8.61348,11.906939999999999,0.713,1.2,0.0,0.852011406,1.911606813,1998-01-01,1998-01-17,59.253525637059504,64.42157385737073,0.0,0.0,0.0,0.0,0.0,21.878618793768716,0.0,0.0,6.011826103961628,0.0,0.0,3.5,0.0,0.0,0.5,1,6,5,0,0,5
18,18,0,3.3266099999999996,12.77364,0.708,2.0,14.0,0.843413505,6.371350225,1998-01-01,1998-01-18,60.33207478035586,65.6155628016802,0.0,0.0,0.0,0.0,0.0,22.270824427906994,0.0,0.0,6.03298599432423,0.0,0.0,3.5,0.0,0.0,0.5,1,6,5,0,0,5
19,19,0,10.08687,13.29366,0.828,2.5,4.0,0.83476026,6.069294969,1998-01-01,1998-01-19,61.41056581497341,66.81135166810117,0.0,0.0,0.0,0.0,0.0,22.666270699845786,0.0,0.0,6.054626005969055,0.0,0.0,3.5,0.0,0.0,0.5,1,6,5,0,0,5
20,20,0,6.273389999999999,8.006789999999999,0.638,2.5,0.0,0.826065862,6.266167152,1998-01-01,1998-01-20,62.488752598718776,68.00892809159382,0.0,0.0,0.0,0.0,0.0,23.064846398567873,0.0,0.0,6.076765446067581,0.0,0.0,3.5,0.0,0.0,0.5,1,6,5,0,0,5
21,21,0,7.48677,9.30684,0.598,2.5,0.0,0.817343865,5.476302909,1998-01-01,1998-01-21,63.56641369201194,69.20827968696511,0.0,0.0,0.0,0.0,0.0,23.46644889847469,0.0,0.0,6.0994184332691574,0.0,0.0,3.5,0.0,0.0,0.5,1,6,5,0,0,5
22,22,0,3.4132799999999994,7.05342,0.478,2.05,0.0,0.808607167,2.582911943,1998-01-01,1998-01-22,64.64334887402228,70.40939404937455,0.0,0.0,0.0,0.0,0.0,23.870983032393184,0.0,0.0,6.1225949282494,0.0,0.0,3.5,0.0,0.0,0.5,1,6,5,0,0,5
23,23,0,3.5866199999999995,8.96016,0.508,0.8,0.0,0.799868001,0.0,1998-01-01,1998-01-23,65.71937629379991,71.6122587548382,0.0,0.0,0.0,0.0,0.0,24.27836015778982,0.0,0.0,6.14630155293243,0.0,0.0,3.5,0.0,0.0,0.5,1,6,5,0,0,5
24,24,0,1.6798799999999998,5.753369999999999,0.508,1.25,0.4,0.791137932,6.521872881,1998-01-01,1998-01-24,66.79433011729877,72.8168613607317,0.0,0.0,0.0,0.0,0.0,24.688497375364083,0.0,0.0,6.10524438588075,0.0,0.0,3.5,0.0,0.0,0.5,1,6,5,0,0,5
25,25,0,4.88667,6.1000499999999995,0.523,1.4,0.4,0.782427851,6.518498835,1998-01-01,1998-01-25,67.86919428167134,74.02318940629118,0.21501274158157918,0.013470568374440493,0.2015421732071387,0.0,0.0,25.07485768665968,0.0,2.127275839022955,6.229469027970326,0.0,0.0,3.5,2.5,0.0,0.0,1,6,5,0,0,5
26,26,0,-0.6602100000000002,4.713329999999999,0.458,0.65,0.0,0.773747984,6.350396196,1998-01-01,1998-01-26,69.0592454240043,75.23123041311374,0.23734095088016396,0.014590485538293728,0.22275046534187024,0.0,0.0,25.449330586336373,0.0,2.3474681502291337,6.269959277802067,0.0,0.0,3.5,2.5,0.0,0.0,1,6,5,0,0,5
27,27,0,3.4999499999999997,6.1000499999999995,0.508,0.8,0.0,0.765107895,6.538547831,1998-01-01,1998-01-27,70.25681258723515,76.44097188565559,0.26018094729836383,0.01573513142312377,0.24444581587524006,0.0,0.0,25.829338353147264,0.0,2.5727050935620515,6.310581702809487,0.0,0.0,3.5,2.5,0.0,0.0,1,6,5,0,0,5
28,28,0,3.4132799999999994,6.1000499999999995,0.543,0.8,0.0,0.790308266,6.523233387,1998-01-01,1998-01-28,71.46192269419649,77.65240131172942,0.28353434845404024,0.016904584340392236,0.266629764113648,0.0,0.0,26.214856718673843,0.0,2.8030026140993027,6.35140526650868,0.0,0.0,3.5,2.5,0.0,0.0,1,6,5,0,0,5
29,29,0,2.7199199999999997,4.01997,0.503,0.85,0.0,0.780890464,6.553608275,1998-01-01,1998-01-29,72.67461763574016,78.86550616299996,0.30646453332029916,0.017160610192685357,0.2893039231276138,0.0,0.0,26.605869778335133,0.0,3.02683408537737,6.389780712038622,0.0,0.0,3.5,2.5,0.0,0.0,1,6,5,0,0,5
30,30,0,3.4999499999999997,7.313429999999999,0.498,1.05,0.0,0.771555899,5.127385017,1998-01-01,1998-01-30,73.89505320231056,80.08027389547806,0.32985018500169555,0.017379878587498638,0.31247030641419693,0.0,0.0,27.002424333081585,0.0,3.2550040527920943,6.427991067154636,0.0,0.0,3.5,2.5,0.0,0.0,1,6,5,0,0,5
31,31,0,4.193309999999999,8.44014,0.518,1.0,0.0,0.762312065,5.701619419,1998-01-01,1998-01-31,75.12348888055723,81.29669195001316,0.3522303552432775,0.017611517762163877,0.33461883748111365,0.0,0.0,27.40490181444117,0.0,3.4734197122653696,6.463350501668793,0.0,0.0,3.5,2.5,0.0,0.5,1,6,5,0,0,5
32,32,0,4.01997,8.35347,0.582,1.05,0.0,0.753165771,5.667673868,1998-01-01,1998-02-01,76.35936335548352,82.51474775278467,0.3571200438618653,0.01785600219309327,0.33926404166877205,0.0,0.0,27.813072492939323,0.0,3.5216379892588794,6.4613027115629045,0.0,0.0,3.5,0.0,0.0,0.5,1,6,5,0,0,5
33,33,0,4.713329999999999,5.3200199999999995,0.553,0.8,0.0,0.744123172,6.549267829,1998-01-01,1998-02-02,77.59579728135327,83.73442871579107,0.3624339694650349,0.018121698473251745,0.3443122709917832,0.0,0.0,28.22460686290617,0.0,3.5740397589099167,6.4594843280644945,0.0,0.0,3.5,0.0,0.0,0.5,1,6,5,0,0,5
34,34,0,2.8932599999999993,5.14668,0.478,1.1,0.0,0.735189799,4.833717214,1998-01-01,1998-02-03,78.83280768768554,84.95572223733785,0.3681504918728544,0.018407524593642723,0.3497429672792117,0.0,0.0,28.639406161758103,0.0,3.630411622723905,6.4578950930408805,0.0,0.0,3.5,0.0,0.0,0.5,1,6,5,0,0,5
35,35,0,0.3798300000000001,6.533399999999999,0.423,0.65,0.0,0.726370585,1.590158362,1998-01-01,1998-02-04,80.07041271166909,86.17861570252404,0.37424859614115524,0.018712429807057764,0.35553616633409746,0.0,0.0,29.057379778902007,0.0,3.7457543030372022,6.468560732735975,0.0,0.0,3.5,0.0,0.0,0.5,1,6,5,0,0,5
36,36,0,-1.09356,6.01338,0.428,0.5,0.0,0.717669902,3.725734732,1998-01-01,1998-02-05,81.30862864586466,87.40309648372642,0.38070787925921024,0.019035393962960515,0.36167248529624973,0.0,0.0,29.47844029378839,0.0,3.8104035436314536,6.467644873716825,0.0,0.0,3.5,0.0,0.0,0.5,1,6,5,0,0,5
37,37,0,-0.14019000000000048,6.533399999999999,0.448,0.55,0.0,0.709091585,3.446316541,1998-01-01,1998-02-06,82.54747631881546,88.62915194108263,0.38750911667495574,0.019375455833747793,0.36813366084120797,0.0,0.0,29.902514293699905,0.0,3.878475313515654,6.466953839425605,0.0,0.0,3.5,0.0,0.0,0.5,1,6,5,0,0,5
38,38,0,0.466499999999999,7.833449999999999,0.548,0.7,2.2,0.700638963,6.551003571,1998-01-01,1998-02-07,83.78697439469673,89.85676942297243,0.39463384834136445,0.019731692417068222,0.3749021559242962,0.0,0.0,30.32953071373715,0.0,3.949784851006532,6.466478984654939,0.0,0.0,3.5,0.0,0.0,0.5,1,6,5,0,0,5
39,39,0,4.45332,9.82686,0.628,0.65,0.0,0.692314894,2.730337936,1998-01-01,1998-02-08,85.02714114437498,91.0859362664973,0.4020645378614103,0.020103226893070515,0.38196131096833974,0.0,0.0,30.759423705463007,0.0,4.024156638987127,6.466210953724069,0.0,0.0,3.5,0.0,0.0,0.5,1,6,5,0,0,5
40,40,0,2.0265599999999995,14.767050000000001,0.573,0.65,0.0,0.712938557,0.0,1998-01-01,1998-02-09,86.2679942814921,92.31663979795815,0.4097845653558865,0.020489228267794327,0.38929533708809216,0.0,0.0,31.19213212350754,0.0,4.1014243335226945,6.466139952318972,0.0,0.0,3.5,0.0,0.0,0.5,1,6,5,0,0,5
41,41,0,3.3266099999999996,16.84713,0.603,0.6,0.0,0.704071371,0.0,1998-01-01,1998-02-10,87.5095508459798,93.54886733333126,0.41777820639364394,0.020888910319682197,0.39688929607396173,0.0,0.0,31.62759907437817,0.0,4.181430552979081,6.4662559535276465,0.0,0.0,3.5,0.0,0.0,0.5,1,6,5,0,0,5
42,42,0,3.0665999999999993,18.06051,0.578,0.55,0.0,0.695363207,0.0,1998-01-01,1998-02-11,88.7518271239937,94.78260617874298,0.42603060184019953,0.021301530092009982,0.40472907174818956,0.0,0.0,32.06577151851698,0.0,4.364088532746052,6.477956968221645,0.0,0.0,3.5,0.0,0.0,0.5,1,6,5,0,0,5
43,43,0,3.5866199999999995,19.5339,0.613,0.5,0.0,0.686814892,0.0,1998-01-01,1998-02-12,89.9948345349725,96.01784363094185,0.43452745970221174,0.021726372985110588,0.41280108671710114,0.0,0.0,32.50659307621376,0.0,4.451126975054687,6.477471363814423,0.0,0.0,3.5,0.0,0.0,0.5,1,6,5,0,0,5
44,44,0,3.3266099999999996,19.18722,0.648,0.6,0.0,0.678426888,0.0,1998-01-01,1998-02-13,91.23859187844506,97.25456697776946,0.3299739137786247,0.016498695688931236,0.3134752180896934,0.0,0.0,32.950024526507725,0.0,3.380121913793357,6.408898324723658,0.0,4.5,3.5,0.0,0.0,0.0,1,6,5,0,0,5
45,45,0,4.279979999999999,18.32052,0.728,0.55,0.0,0.670199317,0.0,1998-01-01,1998-02-14,92.19656786154363,98.49276349862924,0.4694773876980861,0.023473869384904308,0.4460035183131818,0.0,0.0,33.698397431772534,0.0,4.809140177224391,6.510540257869284,0.0,0.0,3.5,0.0,0.0,0.5,1,6,5,0,0,5
46,46,0,4.193309999999999,17.19381,0.748,0.55,0.0,0.66213199,0.481203344,1998-01-01,1998-02-15,93.44545821182439,99.73242046495363,0.4780846184972966,0.023904230924864836,0.4541803875724318,0.0,0.0,34.14135830878196,0.0,4.897309236130686,6.509685206591619,0.0,0.0,3.5,0.0,0.0,0.5,1,6,5,0,0,5
47,47,0,4.279979999999999,18.84054,0.853,1.25,0.0,0.654224435,3.984286222,1998-01-01,1998-02-16,94.69502991277622,100.97352514066893,0.48691072147558223,0.024345536073779116,0.46256518540180314,0.0,0.0,34.58698037658628,0.0,4.987720334840492,6.509007079258502,0.0,0.0,3.5,0.0,0.0,0.5,1,6,5,0,0,5
48,48,0,10.69356,14.3337,0.793,1.45,0.0,0.646475927,4.664641264,1998-01-01,1998-02-17,95.94529808517876,102.21606478265892,0.4959440306609533,0.024797201533047666,0.4711468291279056,0.0,0.0,35.03521883590345,0.0,5.08025397176316,6.508492979138163,0.0,0.0,3.5,0.0,0.0,0.5,1,6,5,0,0,5
49,49,0,4.279979999999999,14.94039,0.703,0.8,0.0,0.638885506,2.416219655,1998-01-01,1998-02-18,97.19627689389642,103.46002664122614,0.5051735437360652,0.02525867718680326,0.47991486654926185,0.0,0.0,35.48603154118185,0.0,5.174797443523043,6.508130711483771,0.0,0.0,3.5,0.0,0.0,0.5,1,6,5,0,0,5
50,50,0,4.01997,17.36715,0.753,0.65,0.0,0.656811025,1.263885363,1998-01-01,1998-02-19,98.44797957510552,104.70539796055101,0.5145888817540205,0.025729444087701028,0.48885943766631945,0.0,0.0,35.93937878852582,0.0,5.271244432304145,6.50790874314364,0.0,0.0,3.5,0.0,0.0,0.5,1,6,5,0,0,5
51,51,0,4.279979999999999,20.660610000000002,0.768,1.0,0.0,0.648818374,0.878821727,1998-01-01,1998-02-20,99.70041846669132,105.95216597914958,0.524571455906336,0.026228572795316804,0.4983428831110192,0.0,0.0,36.39522312426376,0.0,5.373501963094735,6.786310147638201,5.5,0.0,3.5,0.0,0.0,0.0,1,6,5,0,0,5
52,52,0,8.87349,20.22726,0.848,1.75,16.0,0.641004231,2.784273175,1998-01-01,1998-02-21,100.72132251835399,107.20031793032922,0.5492072121867213,0.027460360609336067,0.5217468515773852,0.0,0.0,37.19571618562172,0.0,5.625860880539547,6.536516074670869,0.0,0.0,3.5,0.0,0.0,0.5,1,6,5,0,0,5
53,53,0,12.08028,14.420369999999998,0.883,1.4,2.2,0.633366193,5.651862205,1998-01-01,1998-02-22,101.97836464407334,108.44984104264182,0.5586734206160718,0.027933671030803593,0.5307397495852683,0.0,0.0,37.65115981258511,0.0,5.722828965641118,6.535949361607857,0.0,0.0,3.5,0.0,0.0,0.5,1,6,5,0,0,5
54,54,0,7.48677,11.38692,0.683,2.5,0.0,0.62590173,6.775057976,1998-01-01,1998-02-23,103.2360870263054,109.70072254033568,0.5683069563133688,0.028415347815668443,0.5398916084977003,0.0,0.0,38.10914883143363,0.0,5.821511084917946,6.535506037856983,0.0,0.0,3.5,0.0,0.0,0.5,1,6,5,0,0,5
55,55,0,5.14668,15.72042,0.758,2.3,0.0,0.618608203,0.0,1998-01-01,1998-02-24,104.49450173711169,110.95294964380486,0.5780991538719743,0.028904957693598715,0.5491941961783756,0.0,0.0,38.5696464366294,0.0,5.921818473380906,6.535176432650925,0.0,0.0,3.5,0.0,0.0,0.5,1,6,5,0,0,5
56,56,0,8.70015,16.153769999999998,0.923,1.3,0.0,0.611482882,6.046160658,1998-01-01,1998-02-25,105.75362000340306,112.20650957003676,0.5880418240836139,0.0294020912041807,0.5586397328794332,0.0,0.0,39.032617771709376,0.0,6.023667244028062,6.534951370073108,0.0,0.0,3.5,0.0,0.0,0.5,1,6,5,0,0,5
57,57,0,9.74019,15.200399999999998,0.948,0.4,0.0,0.604522961,6.239013798,1998-01-01,1998-02-26,107.01345224504396,113.46138953305785,0.5981272241206131,0.029906361206030664,0.5682208629145825,0.0,0.0,39.498029789196785,0.0,6.126978082403317,6.534822141775689,0.0,0.0,3.5,0.0,0.0,0.5,1,6,5,0,0,5
58,58,0,10.866900000000001,15.807089999999999,0.943,0.9,0.0,0.59772557,6.530326842,1998-01-01,1998-02-27,108.2740081122617,114.71757674437652,0.6083480296967835,0.030417401484839176,0.5779306282119443,0.0,0.0,39.96585112274521,0.0,6.231675961423571,6.5347804811302455,0.0,0.0,3.5,0.0,0.0,0.5,1,6,5,0,0,5
59,59,0,11.646930000000001,15.373739999999998,0.853,1.95,1.4,0.613844997,6.268345158,1998-01-01,1998-02-28,109.5352965221629,115.97505841342536,0.6196507967705953,0.030982539838529773,0.5886682569320656,0.0,0.0,40.43605197026614,0.0,6.347457024948262,6.763496223825868,5.5,0.0,3.5,0.0,0.0,0.0,1,6,5,0,0,5
60,60,0,9.74019,14.50704,0.738,1.35,0.0,0.606735159,4.109828693,1998-01-01,1998-03-01,110.5606109154631,117.23382174799934,0.6428360820560067,0.03214180410280034,0.6106942779532064,0.0,0.0,41.24311898772208,0.0,6.584957892739121,6.5615153121441505,0.0,0.0,3.5,0.0,0.0,0.5,1,6,5,0,0,5
61,61,0,9.22017,15.807089999999999,0.723,0.8,0.0,0.599801648,6.515299754,1998-01-01,1998-03-02,111.82616242331181,118.49385395469415,0.6530463356630931,0.03265231678315466,0.6203940188799385,0.0,0.0,41.71318774436595,0.0,6.689547681572714,6.561092465443512,0.0,0.0,3.5,0.0,0.0,0.5,1,6,5,0,0,5
62,62,0,6.79341,19.01388,0.733,1.8,0.0,0.593040663,6.595485948,1998-01-01,1998-03-03,113.09239399161028,119.75514223934044,0.6633799635759722,0.03316899817879861,0.6302109653971736,0.0,0.0,42.18567631981757,0.0,6.795401267867849,6.5607465053457865,0.0,0.0,3.5,0.0,0.0,0.5,1,6,5,0,0,5
63,63,0,14.420369999999998,19.79391,0.903,2.5,2.0,0.586448418,6.968414769,1998-01-01,1998-03-04,114.35931437726771,121.01767380743667,0.6738307482868082,0.03369153741434042,0.6401392108724678,0.0,0.0,42.660555180623234,0.0,6.90245496193996,6.560470359077787,0.0,0.0,3.5,0.0,0.0,0.5,1,6,5,0,0,5
64,64,0,11.646930000000001,16.32711,0.703,2.25,0.0,0.580021147,2.668048227,1998-01-01,1998-03-05,115.6269316757083,122.28143586458077,0.6843927944317989,0.034219639721589944,0.650173154710209,0.0,0.0,43.13779618444561,0.0,7.010648374020197,6.560257293095022,0.0,0.0,3.5,0.0,0.0,0.5,1,6,5,0,0,5
65,65,0,7.313429999999999,19.70724,0.658,1.35,0.0,0.573755117,3.163268988,1998-01-01,1998-03-06,116.89525335403358,123.546415616898,0.6950605093670994,0.03475302546835497,0.6603074838987444,0.0,0.0,43.61737249001965,0.0,7.119924215282912,6.560100895368949,0.0,0.0,3.5,0.0,0.0,0.5,1,6,5,0,0,5
66,66,0,7.833449999999999,17.97384,0.863,1.9,1.6,0.567646628,7.030556335,1998-01-01,1998-03-07,118.16428628279908,124.8126002714676,0.7153908747347341,0.03576954373673671,0.6796213309979974,0.0,0.0,44.0992584741768,0.0,7.328180415622041,6.575627717024026,0.0,0.0,3.5,0.0,0.0,0.5,1,6,5,0,0,5
67,67,0,12.686969999999999,13.38033,0.893,2.05,12.6,0.561692025,7.095125677,1998-01-01,1998-03-08,119.43825020148383,126.07997703674727,0.7367311490916698,0.036836557454583495,0.6998945916370863,0.0,0.0,44.58371941481548,0.0,7.546781723144289,6.592639443302282,0.0,0.0,3.5,0.0,0.0,0.5,1,6,5,0,0,5
68,68,0,10.0002,10.866900000000001,0.608,2.25,0.0,0.576272815,6.167487555,1998-01-01,1998-03-09,120.71758128516633,127.34853312299492,0.7596085146795862,0.03798042573397931,0.7216280889456069,0.0,0.0,45.07079205566785,0.0,7.781128383666845,6.787443532357052,5.5,0.0,3.5,0.0,0.0,0.0,1,6,5,0,0,5
69,69,0,1.7665499999999996,13.38033,0.393,1.1,6.0,0.570074303,1.73240136,1998-01-01,1998-03-10,121.74793552284542,128.6182557426888,0.7919283614099106,0.039596418070495534,0.7523319433394151,0.0,0.0,45.884940306397475,0.0,8.112200076373144,6.65154310102874,0.0,0.0,3.5,0.0,0.0,0.5,1,6,5,0,0,5
70,70,0,6.273389999999999,10.520219999999998,0.723,1.55,7.0,0.564038867,7.129547868,1998-01-01,1998-03-11,123.04049409840864,129.88913211094507,0.8129143313873112,0.04064571656936556,0.7722686148179456,0.0,0.0,46.372750906750234,0.0,8.327172030339211,6.667421145753703,0.0,0.0,3.5,0.0,0.0,0.5,1,6,5,0,0,5
71,71,0,7.6601099999999995,9.22017,0.673,2.5,0.8,0.558162305,7.140501434,1998-01-01,1998-03-12,124.33830960644087,131.16114944593312,0.8338832178893469,0.041694160894467355,0.7921890569948796,0.0,0.0,46.863275294358274,0.0,8.541968987958496,6.683113007306186,0.0,0.0,3.5,0.0,0.0,0.5,1,6,5,0,0,5
72,72,0,4.279979999999999,12.42696,0.578,1.45,0.0,0.5524405,4.571153358,1998-01-01,1998-03-13,125.64136783207474,132.434294969289,0.8548353996508268,0.042741769982541346,0.8120936296682855,0.0,0.0,47.35651979045808,0.0,8.756594828840187,6.698622635473708,0.0,0.0,3.5,0.0,0.0,0.5,1,6,5,0,0,5
73,73,0,5.840039999999999,12.42696,0.713,1.35,0.0,0.546869425,7.140884869,1998-01-01,1998-03-14,126.9496550634607,133.70855590652582,0.8757712495224909,0.04378856247612455,0.8319826870463664,0.0,0.0,47.852490753093896,0.0,8.971053372319398,6.7139538076411975,0.0,0.0,3.5,0.0,0.0,0.5,1,6,5,0,0,5
74,74,0,10.866900000000001,13.72701,0.803,2.1,0.0,0.541445145,7.131405437,1998-01-01,1998-03-15,128.26315807584166,134.98391948744325,0.8966911337212007,0.04483455668606004,0.8518565770351406,0.0,0.0,48.35119457931841,0.0,9.185348369776433,6.729110137431437,0.0,0.0,3.5,0.0,0.0,0.5,1,6,5,0,0,5
75,75,0,10.520219999999998,15.373739999999998,0.903,1.55,0.0,0.536163816,7.100914195,1998-01-01,1998-03-16,129.58186411608733,136.26037294653287,0.9183728453870756,0.045918642269353785,0.8724542031177218,0.0,0.0,48.852637707226734,0.0,9.40744722568642,6.887002787232847,5.5,0.0,3.5,0.0,0.0,0.0,1,6,5,0,0,5
76,76,0,11.21358,16.0671,0.838,1.85,0.0,0.531021683,5.879666075,1998-01-01,1998-03-17,130.6156358156202,137.53790352338297,0.9509591859026854,0.04754795929513428,0.9034112266075511,0.0,0.0,49.67165292796438,0.0,9.741248775044776,6.785032493333316,0.0,0.0,3.5,0.0,0.0,0.5,1,6,5,0,0,5
77,77,0,8.70015,17.97384,0.793,1.45,0.0,0.544330752,2.306724336,1998-01-01,1998-03-18,131.94722474467218,138.8164984630801,0.971561610376729,0.04857808051883645,0.9229835298578924,0.0,0.0,50.17408465244248,0.0,9.952291840978486,6.799187625979857,0.0,0.0,3.5,0.0,0.0,0.5,1,6,5,0,0,5
78,78,0,7.313429999999999,16.50045,0.638,1.95,0.0,0.538996489,2.512889068,1998-01-01,1998-03-19,133.28392420092123,140.09614501660838,0.9921562920864259,0.049607814604321294,0.9425484774821046,0.0,0.0,50.67935230037953,0.0,10.163255593104811,6.813192592828154,0.0,0.0,3.5,0.0,0.0,0.5,1,6,5,0,0,5
79,79,0,4.88667,14.94039,0.548,1.95,0.0,0.533807621,0.701260975,1998-01-01,1998-03-20,134.6257246733209,141.37683044124697,1.0127433581110887,0.05063716790555444,0.9621061902055342,0.0,0.0,51.18746068798268,0.0,10.374141333173819,6.827049974466618,0.0,0.0,3.5,0.0,0.0,0.5,1,6,5,0,0,5
80,80,0,7.92012,15.89376,0.663,2.05,0.0,0.528760099,5.729797375,1998-01-01,1998-03-21,135.9726170055354,142.65854200096453,1.0333229330796354,0.051666146653981775,0.9816567864256536,0.0,0.0,51.69841473214316,0.0,10.58495033783473,6.840762241196008,0.0,0.0,3.5,0.0,0.0,0.5,1,6,5,0,0,5
81,81,0,3.8466299999999993,15.027059999999999,0.423,1.45,0.0,0.523849989,0.745298742,1998-01-01,1998-03-22,137.3245923846704,143.94126696681207,1.0539679717704058,0.052698398588520295,1.0012695731818855,0.0,0.0,52.21221944986016,0.0,10.796429926904919,6.9666524310588684,5.5,0.0,3.5,0.0,0.0,0.0,1,6,5,0,0,5
82,82,0,3.5866199999999995,11.7336,0.598,1.5,0.0,0.51907347,6.500410956,1998-01-01,1998-03-23,138.36102873284366,145.22499261731258,1.0867938952597744,0.05433969476298872,1.0324542004967856,0.0,0.0,53.035087423398366,0.0,11.132685669234167,6.894264012868392,0.0,0.0,3.5,0.0,0.0,0.5,1,6,5,0,0,5
83,83,0,4.36665,11.126909999999999,0.533,2.05,0.0,0.514426832,5.852594426,1998-01-01,1998-03-24,139.72562207674565,146.5097062388494,1.1070861412654818,0.05535430706327409,1.0517318342022077,0.0,0.0,53.55009574274239,0.0,11.340551389946848,6.907069936233301,0.0,0.0,3.5,0.0,0.0,0.5,1,6,5,0,0,5
84,84,0,1.8532199999999994,14.420369999999998,0.423,1.25,0.0,0.509906477,2.007373394,1998-01-01,1998-03-25,141.09521901128377,147.795395126051,1.1273779595511668,0.05636889797755834,1.0710090615736085,0.0,0.0,54.06804675717278,0.0,11.54841272926524,6.919750547929956,0.0,0.0,3.5,0.0,0.0,0.5,1,6,5,0,0,5
85,85,0,1.7665499999999996,17.62716,0.458,0.6,0.0,0.505508909,1.818799918,1998-01-01,1998-03-26,142.46981339689466,149.08204658217466,1.4090287718778038,0.0704514385938902,1.3385773332839137,0.0,0.0,54.588944047612024,0.0,12.80651808991208,6.932307554824063,0.0,0.0,3.5,0.0,0.0,0.5,1,6,5,0,0,5
86,86,0,10.78023,19.10055,0.778,0.65,0.0,0.517790752,5.180961115,1998-01-01,1998-03-27,143.8201046600437,150.36964791948662,1.4345778012894776,0.07172889006447389,1.3628489112250037,0.0,0.0,55.10166776269605,0.0,13.03873059960004,6.945955975309515,0.0,0.0,0.0,0.0,0.0,0.5,1,6,5,0,0,5
87,87,0,7.746779999999999,22.65402,0.828,1.25,0.0,0.513240555,4.573575298,1998-01-01,1998-03-28,145.17386337406228,151.6581864596405,1.3331002573751087,0.06665501286875544,1.2664452445063532,0.0,0.0,55.61667200587931,0.0,12.116411603851446,6.9034636446813,0.0,4.5,0.0,0.0,0.0,0.0,1,6,5,0,0,5
88,88,0,9.30684,25.16745,0.788,1.55,0.0,0.508817472,1.186250908,1998-01-01,1998-03-29,146.19235395804785,152.9476495340532,1.5002833757623872,0.07501416878811937,1.4252692069742678,0.0,0.0,56.42692125013541,0.0,13.635921831524975,6.999054162527909,0.0,0.0,0.0,0.0,0.0,0.5,1,6,5,0,0,5
89,89,0,10.0002,22.740689999999997,0.768,0.95,0.0,0.504517862,1.386015755,1998-01-01,1998-03-30,147.5548190893748,154.2380244842784,1.5255581310260202,0.07627790655130101,1.4492802244747192,0.0,0.0,56.94198177171003,0.0,13.865641491592989,7.012015679100143,0.0,0.0,0.0,0.0,0.0,0.5,1,6,5,0,0,5
90,90,0,10.26021,24.647429999999996,0.893,1.5,0.8,0.500338201,3.266961049,1998-01-01,1998-03-31,148.9206984433631,155.52929866237736,1.5508437226074547,0.07754218613037275,1.473301536477082,0.0,0.0,57.45939967499252,0.0,14.095459641842831,7.0248998572979175,0.0,0.0,0.0,0.0,0.0,0.5,1,6,5,0,0,5
91,91,0,14.50704,17.71383,1.123,0.8,2.0,0.496275078,6.890706239,1998-01-01,1998-04-01,150.28998647053479,156.82145943128802,1.5761391871278745,0.07880695935639373,1.4973322277714807,0.0,0.0,57.97917253899874,0.0,14.325367526223195,7.037706610374711,0.0,0.0,0.0,0.0,0.0,0.5,1,6,5,0,0,5
92,92,0,11.47359,17.62716,1.123,1.5,4.0,0.492325194,6.736107212,1998-01-01,1998-04-02,151.66267772816602,158.11449416519065,1.6014435944080814,0.08007217972040408,1.5213714146876773,0.0,0.0,58.501298169864,0.0,14.55535669043068,7.050435843435983,0.0,0.0,3.5,0.0,0.0,0.5,1,6,5,0,0,5
93,93,0,15.200399999999998,23.43405,1.113,2.5,12.0,0.488485354,5.653923564,1998-01-01,1998-04-03,153.03876687792385,159.40839024987196,1.6278921642203195,0.08139460821101598,1.5464975560093035,0.0,0.0,59.02577459427396,0.0,14.795745030621442,7.11721419549243,5.5,0.0,0.0,0.0,0.0,0.0,1,6,5,0,0,5
94,94,0,10.26021,17.36715,0.863,2.2,0.0,0.48475247,6.059142182,1998-01-01,1998-04-04,154.08083280117395,160.70313508308658,1.6662926240502656,0.08331463120251328,1.5829779928477523,0.0,0.0,59.85632829518345,0.0,15.144762874180277,7.10101398933565,0.0,0.0,3.5,0.0,0.0,0.5,1,6,5,0,0,5
95,95,0,10.0002,17.62716,0.833,1.75,1.0,0.496223403,6.113504911,1998-01-01,1998-04-05,155.46543609016732,161.99871607491542,1.6913408223120747,0.08456704111560376,1.606773781196471,0.0,0.0,60.38102248881556,0.0,15.372423380879553,7.11310615124203,0.0,0.0,3.5,0.0,0.0,0.5,1,6,5,0,0,5
96,96,0,8.70015,17.8005,0.853,1.7,7.2,0.492368759,5.923700504,1998-01-01,1998-04-06,156.85339032599953,163.29512064812286,1.716400941423917,0.08582004707119585,1.6305808943527211,0.0,0.0,60.908139720163845,0.0,15.600192234962961,7.125128261512912,0.0,0.0,3.5,0.0,0.0,0.5,1,6,5,0,0,5
97,97,0,12.42696,17.54049,0.908,1.9,3.0,0.488624255,6.2026256,1998-01-01,1998-04-07,158.24469125236314,164.59233623850974,1.741472016589589,0.08707360082947946,1.6543984157601095,0.0,0.0,61.437676916979264,0.0,15.828060667496693,7.1370800222832145,0.0,0.0,3.5,0.0,0.0,0.5,1,6,5,0,0,5
98,98,0,10.43355,17.36715,0.823,1.3,3.0,0.484986738,5.928152737,1998-01-01,1998-04-08,159.6393346876868,165.89035029526616,1.7665531148222413,0.08832765574111207,1.6782254590811292,0.0,0.0,61.96963126082913,0.0,16.0560201986589,7.148961135752883,0.0,0.0,3.5,0.0,0.0,0.5,1,6,5,0,0,5
99,99,0,8.35347,17.8005,0.803,1.85,2.4,0.48145316,5.675381619,1998-01-01,1998-04-09,161.03731652365167,167.18915028131931,1.794462462932803,0.08972312314664016,1.7047393397861628,0.0,0.0,62.50400017918244,0.0,16.309685403081392,7.187272929915814,5.5,0.0,3.5,0.0,0.0,0.0,1,6,5,0,0,5
100,100,0,8.61348,14.3337,0.778,1.1,1.0,0.478020575,5.625611076,1998-01-01,1998-04-10,162.08203885864498,168.48872367368102,1.8306178795894958,0.0915308939794748,1.739086985610021,0.0,0.0,63.33816308127531,0.0,16.63829827934309,7.197709499012525,0.0,0.0,3.5,0.0,0.0,0.5,1,6,5,0,0,5
101,101,0,8.2668,13.20699,0.693,1.4,1.0,0.474686139,7.308617172,1998-01-01,1998-04-11,163.48838658720294,169.78905796379138,1.8554568918019996,0.09277284459009999,1.7626840472118996,0.0,0.0,63.87294968421285,0.0,16.864057515480646,7.208987898854966,0.0,0.0,3.5,0.0,0.0,0.5,1,6,5,0,0,5
102,102,0,7.746779999999999,12.686969999999999,0.723,1.55,5.4,0.471447102,6.795731706,1998-01-01,1998-04-12,164.89803054118607,171.09014065786073,1.8802194786736155,0.0940109739336808,1.7862085047399348,0.0,0.0,64.41021823941959,0.0,17.08912212952805,7.2202018095876035,0.0,0.0,3.5,0.0,0.0,0.5,1,6,5,0,0,5
103,103,0,5.753369999999999,10.78023,0.638,1.1,1.0,0.468300807,6.721760266,1998-01-01,1998-04-13,166.31094495266564,172.39195927720812,1.9045467004278667,0.09522733502139336,1.8093193654064734,0.0,0.0,64.94995664886818,0.0,17.31022975464626,7.231351595320316,0.0,0.0,3.5,0.0,0.0,0.5,1,6,5,0,0,5
104,104,0,3.1532699999999996,14.94039,0.528,1.8,0.4,0.465244685,2.709544787,1998-01-01,1998-04-14,167.72701317273768,173.69450135859898,1.9311637578385457,0.09655818789192729,1.8346055699466184,0.0,0.0,65.49211815747793,0.0,17.552149461350197,7.24357916262354,5.5,0.0,3.5,0.0,0.0,0.0,1,6,5,0,0,5
105,105,0,10.78023,15.28707,0.798,2.5,4.0,0.475908629,7.163162827,1998-01-01,1998-04-15,168.77401637187947,174.99775445457874,1.9667919203062958,0.09833959601531479,1.868452324290981,0.0,0.0,66.32927068622169,0.0,17.875970178329233,7.277657928330321,0.0,0.0,3.5,0.0,0.0,0.5,1,6,5,0,0,5
106,106,0,6.79341,15.807089999999999,0.658,2.3,2.0,0.472760827,4.311905485,1998-01-01,1998-04-16,170.19833273097598,176.30170613380477,1.9908990982926138,0.0995449549146307,1.891354143377983,0.0,0.0,66.87242261179063,0.0,18.095077848193963,7.288390449621259,5.5,0.0,3.5,0.0,0.0,0.0,1,6,5,0,0,5
107,107,0,11.30025,15.980430000000002,0.748,2.5,9.0,0.4697056,6.117003109,1998-01-01,1998-04-17,171.6241377582042,177.60634398137523,2.015032021330131,0.10075160106650656,1.9142804202636245,0.0,0.0,67.41737936692803,0.0,18.31441951219033,7.299111677329648,5.5,0.0,3.5,0.0,0.0,0.0,1,6,5,0,0,5
108,108,0,8.18013,13.38033,0.738,2.5,3.4,0.466740365,6.829557295,1998-01-01,1998-04-18,173.04787226698778,178.91165559915618,2.039223760802622,0.1019611880401311,1.9372625727624908,0.0,0.0,67.96277135158024,0.0,18.5342957527358,7.30994367232255,5.5,0.0,3.5,0.0,0.0,0.0,1,6,5,0,0,5
109,109,0,8.786819999999999,15.980430000000002,0.803,0.8,2.0,0.463862624,5.305533838,1998-01-01,1998-04-19,174.46961030911677,180.2176286061058,2.0656648784736364,0.10328324392368182,1.9623816345499545,0.0,0.0,68.50860590191436,0.0,18.77461636117878,7.297429124345631,5.5,0.0,0.0,0.0,0.0,0.0,1,6,5,0,0,5
110,110,0,8.44014,18.23385,0.968,1.2,1.0,0.461069968,5.472348433,1998-01-01,1998-04-20,175.51858676104126,181.52425063859556,2.100872187428172,0.10504360937140861,1.9958285780567633,0.0,0.0,69.3484991185482,0.0,19.094611983711378,7.354451520036196,5.5,0.0,0.0,0.0,0.0,0.0,1,6,5,0,0,5
111,111,0,11.04024,22.914029999999997,1.078,0.8,0.0,0.458360066,2.832679165,1998-01-01,1998-04-21,176.9460321492975,182.8315093507303,1.8906439440179996,0.0945321972009,1.7961117468170997,0.0,0.0,69.89486997252767,0.0,17.183869026592905,7.079403134094644,0.0,4.5,0.0,0.0,0.0,0.0,1,6,5,0,0,5
112,112,0,10.69356,24.99411,0.993,1.15,0.0,0.455730671,1.554370411,1998-01-01,1998-04-22,178.31614819334166,184.13939241466426,2.1495641639599152,0.10747820819799576,2.0420859557619195,0.0,0.0,70.42049960526118,0.0,19.53716836774909,7.377587033518013,5.5,0.0,0.0,0.0,0.0,0.0,1,6,5,0,0,5
113,113,0,12.86031,22.567349999999998,1.133,1.4,0.0,0.453179608,3.245883707,1998-01-01,1998-04-23,179.74021571857023,185.44788752091557,2.173709753185359,0.10868548765926796,2.065024265526091,0.0,0.0,70.96791797808253,0.0,19.7566251534293,7.388316901292398,5.5,0.0,0.0,0.0,0.0,0.0,1,6,5,0,0,5
114,114,0,13.29366,19.70724,1.043,1.3,0.0,0.463429149,6.371676005,1998-01-01,1998-04-24,181.1623523686256,186.75698237867778,2.04153498406115,0.1020767492030575,1.9394582348580922,0.0,0.0,71.5158112503635,0.0,18.55530222404491,7.288857725415854,0.0,4.5,0.0,0.0,0.0,0.0,1,6,5,0,0,5
115,115,0,12.77364,22.30734,1.243,1.05,6.0,0.460806845,5.183341196,1998-01-01,1998-04-25,182.20439318918477,188.06666471612908,2.2346967954637105,0.11173483977318553,2.122961955690525,0.0,0.0,72.3513141762641,0.0,20.310930129861443,7.431891791897405,5.5,0.0,0.0,0.0,0.0,0.0,1,6,5,0,0,5
116,116,0,15.63375,19.62057,1.323,1.4,52.0,0.458264942,7.064860062,1998-01-01,1998-04-26,183.63201578512474,189.37692228073917,2.258819420331696,0.1129409710165848,2.145878449315111,0.0,0.0,72.89981973864505,0.0,20.530178194850436,7.442562983145972,5.5,0.0,0.0,0.0,0.0,0.0,1,6,5,0,0,5
117,117,0,10.43355,15.200399999999998,0.938,1.7,6.0,0.455801274,6.749712215,1998-01-01,1998-04-27,185.0576914144438,190.68774283957316,2.2828729319002865,0.11414364659501433,2.168729285305272,0.0,0.0,73.44883411801047,0.0,20.748798096144952,7.453107342249384,5.5,0.0,3.5,0.0,0.0,0.0,1,6,5,0,0,5
118,118,0,10.43355,18.40719,0.863,0.85,0.4,0.453413747,4.604289098,1998-01-01,1998-04-28,186.48144257418025,191.99911417959328,2.3069672139606054,0.1153483606980303,2.1916188532625753,0.0,0.0,73.9983460617528,0.0,20.967788556260047,7.463727214688169,5.5,0.0,0.0,0.0,0.0,0.0,1,6,5,0,0,5
119,119,0,6.79341,19.273889999999998,0.928,0.9,4.2,0.45110034,5.53548901,1998-01-01,1998-04-29,187.90332898344738,193.31102410795785,2.3321634466075296,0.11660817233037649,2.215555274277153,0.0,0.0,74.54835947278914,0.0,21.19679453231292,7.401594814821301,5.5,0.0,0.0,0.0,0.0,0.0,1,6,5,0,0,5
120,120,0,13.20699,19.5339,1.178,0.9,10.0,0.4488591,6.614564721,1998-01-01,1998-04-30,188.955971906159,194.6234604523184,2.3618924574847813,0.11809462287423907,2.2437978346105423,0.0,0.0,75.39349613096664,0.0,21.466998465116465,7.496021153655336,5.5,0.0,0.0,0.0,0.0,0.0,1,6,5,0,0,5
121,121,0,12.08028,19.62057,1.153,1.0,0.0,0.446688144,6.014283485,1998-01-01,1998-05-01,190.3811250342875,195.936411061113,2.3864324316484726,0.11932162158242364,2.267110810066049,0.0,0.0,75.94341021395458,0.0,21.690039775078116,7.507468704365765,5.5,0.0,0.0,0.0,0.0,0.0,1,6,5,0,0,5
122,122,0,13.29366,18.6672,1.173,1.05,1.0,0.444585649,6.249076216,1998-01-01,1998-05-02,191.8045810292157,197.24986380385866,2.4109776482025502,0.12054888241012751,2.2904287657924227,0.0,0.0,76.49392096569686,0.0,21.913128732588678,7.518923253249115,5.5,0.0,0.0,0.0,0.0,0.0,1,6,5,0,0,5
123,123,0,11.906939999999999,17.88717,1.128,2.1,0.0,0.442549859,6.734313359,1998-01-01,1998-05-03,193.22638258345845,198.56380657143956,2.435526072920474,0.12177630364602372,2.3137497692744504,0.0,0.0,77.04502692053012,0.0,22.136246848771613,7.530381249045385,5.5,0.0,0.0,0.0,0.0,0.0,1,6,5,0,0,5
124,124,0,13.38033,16.50045,0.943,2.5,0.0,0.440579076,6.496661773,1998-01-01,1998-05-04,194.64657029628262,199.87822727639406,2.4605652234758,0.12302826117379002,2.33753696230201,0.0,0.0,77.59672658459485,0.0,22.36382512179401,7.44501166761995,5.5,0.0,0.0,0.0,0.0,0.0,1,6,5,0,0,5
125,125,0,8.2668,18.75387,0.918,1.6,0.0,0.450340943,4.798882615,1998-01-01,1998-05-05,195.70014574082083,201.19311385319907,2.488444451848607,0.12442222259243035,2.3640222292561766,0.0,0.0,78.44369905591445,0.0,22.61721657100716,7.559064301784683,5.5,0.0,0.0,0.0,0.0,0.0,1,6,5,0,0,5
126,126,0,13.72701,19.18722,0.983,1.5,0.0,0.448324705,5.989509948,1998-01-01,1998-05-06,197.12289741221107,202.5084542585505,2.5128920002038138,0.1256446000101907,2.387247400193623,0.0,0.0,78.99516066601836,0.0,22.839417832268634,7.570345781740412,5.5,0.0,0.0,0.0,0.0,0.0,1,6,5,0,0,5
127,127,0,9.91353,23.78073,0.998,0.8,0.0,0.446375327,1.122297363,1998-01-01,1998-05-07,198.54401367631937,203.8242364716436,2.3320464935932574,0.11660232467966287,2.2154441689135944,0.0,0.0,79.54723435185568,0.0,21.195731558353245,7.446294896634278,0.0,4.5,0.0,0.0,0.0,0.0,1,6,5,0,0,5
128,128,0,12.25362,26.814179999999997,0.983,2.15,0.0,0.444491132,2.619643994,1998-01-01,1998-05-08,199.9381943968644,205.1404484944481,2.5620406822506347,0.12810203411253177,2.433938648138103,0.0,0.0,80.09005268182095,0.0,23.286125165923092,7.593778141936781,5.5,0.0,0.0,0.0,0.0,0.0,1,6,5,0,0,5
129,129,0,13.72701,28.11423,1.068,1.05,0.0,0.442670499,2.097595034,1998-01-01,1998-05-09,201.3564336058321,206.4570783519834,2.0460072896613757,0.10230036448306878,1.9437069251783068,0.0,0.0,80.64339374530687,0.0,19.044953857963236,6.90293076151962,0.0,4.5,0.0,0.0,0.0,0.0,1,6,5,0,0,5
130,130,0,12.25362,29.58762,1.163,0.9,0.0,0.440911866,1.043964497,1998-01-01,1998-05-10,202.64234909496105,207.77411409258917,1.849588415839992,0.09247942079199961,1.7571089950479923,0.0,0.0,81.1461992025274,0.0,17.216618051114537,6.203930232755987,0.0,4.5,0.0,0.0,0.0,0.0,1,6,5,0,0,5
131,131,0,14.68038,30.36765,1.238,0.95,0.0,0.439213724,1.328963142,1998-01-01,1998-05-11,203.51553708738922,209.09154378819466,1.83922318821991,0.09196115941099552,1.7472620288089145,0.0,0.0,81.8491620611231,0.0,17.120134874955173,6.255727095752966,0.0,4.5,0.0,0.0,0.0,0.0,1,6,5,0,0,5
132,132,0,15.027059999999999,29.58762,1.278,0.9,0.0,0.437574618,1.800990513,1998-01-01,1998-05-12,204.6793806562077,210.40935553458525,1.8521405467783816,0.0926070273389191,1.7595335194394626,0.0,0.0,82.30310452158822,0.0,17.240374181508948,6.2473353186199,0.0,4.5,0.0,0.0,0.0,0.0,1,6,5,0,0,5
133,133,0,15.547080000000001,28.72092,1.413,0.8,0.0,0.435993145,4.102718949,1998-01-01,1998-05-13,205.8396468341698,211.7275374516663,1.8300081113365174,0.09150040556682588,1.7385077057696916,0.0,0.0,82.75616640152955,0.0,17.034357705475568,6.155684910084811,0.0,4.5,0.0,0.0,0.0,0.0,1,6,5,0,0,5
134,134,0,15.89376,30.10764,1.558,1.2,0.0,0.434467955,3.001220608,1998-01-01,1998-05-14,206.9809277129398,213.04607768372432,1.9034070155887997,0.09517035077944,1.8082366648093597,0.0,0.0,83.20231464899159,0.0,17.71758046414967,6.291310090502314,0.0,4.5,0.0,0.0,0.0,0.0,1,6,5,0,0,5
135,135,0,17.45382,26.90085,1.273,1.7,0.0,0.432997745,1.599347096,1998-01-01,1998-05-15,208.14542632113088,214.36496439968636,2.2659405180100753,0.11329702590050378,2.1526434921095716,0.0,0.0,83.65801312374083,0.0,21.092169528649876,7.174023511522577,0.0,4.5,0.0,0.0,0.0,0.0,1,6,5,0,0,5
136,136,0,13.55367,23.43405,1.003,2.0,0.0,0.442558373,0.821201517,1998-01-01,1998-05-16,209.47102656320024,215.68418579337634,2.7741562786406693,0.13870781393203346,2.635448464708636,0.0,0.0,84.17734565433295,0.0,25.214022080832255,7.737590211657842,5.5,0.0,0.0,0.0,0.0,0.0,1,6,5,0,0,5
137,137,0,11.38692,23.60739,0.938,1.95,0.0,0.441066499,2.975116231,1998-01-01,1998-05-17,210.89759100676713,217.00373008376874,2.798145986993621,0.13990729934968105,2.65823868764394,0.0,0.0,84.73724266299254,0.0,25.432062081239316,7.747785566293901,5.5,0.0,0.0,0.0,0.0,0.0,1,6,5,0,0,5
138,138,0,11.126909999999999,23.69406,0.953,1.85,0.0,0.439631499,0.834834436,1998-01-01,1998-05-18,212.32244254551102,218.32358551524044,2.8221292262427413,0.14110646131213708,2.681022764930604,0.0,0.0,85.29770294847916,0.0,25.650043284624694,7.757969936021567,5.5,0.0,0.0,0.0,0.0,0.0,1,6,5,0,0,5
139,139,0,11.126909999999999,25.34079,1.013,1.25,0.0,0.438252101,0.966583969,1998-01-01,1998-05-19,213.74561440558313,219.64374035781918,2.8461044714823363,0.14230522357411682,2.7037992479082193,0.0,0.0,85.85872430492998,0.0,25.867951831276834,7.768140636180631,5.5,0.0,0.0,0.0,0.0,0.0,1,6,5,0,0,5
140,140,0,11.7336,25.77414,1.113,1.15,0.0,0.436927082,1.104349649,1998-01-01,1998-05-20,215.16713827917278,220.9641829074311,2.3684494454850373,0.11842247227425187,2.2500269732107854,0.0,0.0,86.42030451851713,0.0,22.04635859906764,6.981657314012292,0.0,4.5,0.0,0.0,0.0,0.0,1,6,5,0,0,5
141,141,0,14.16036,25.25412,1.198,1.55,0.0,0.435655264,2.430275681,1998-01-01,1998-05-21,216.1427174846983,222.28490148614316,2.888927714843563,0.14444638574217816,2.7444813291013848,0.0,0.0,87.20726047215129,0.0,26.257167901040546,7.796882261072872,5.5,0.0,0.0,0.0,0.0,0.0,1,6,5,0,0,5
142,142,0,15.63375,21.78732,0.998,1.9,0.0,0.434435517,4.168405153,1998-01-01,1998-05-22,217.5668385157783,223.60588444240602,2.9219775382816824,0.14609887691408413,2.775878661367598,0.0,0.0,87.76898355901938,0.0,26.557554358844804,7.80681385909468,5.5,0.0,0.0,0.0,0.0,0.0,1,6,5,0,0,5
143,143,0,8.96016,21.44064,0.823,1.45,0.0,0.433266755,1.582307953,1998-01-01,1998-05-23,218.9892770127469,224.92712015129285,2.945814847160743,0.14729074235803716,2.7985241048027056,0.0,0.0,88.33127362852629,0.0,26.77420921605378,7.816726619768744,5.5,0.0,0.0,0.0,0.0,0.0,1,6,5,0,0,5
144,144,0,9.91353,22.04733,0.943,1.55,0.0,0.432147936,3.900790743,1998-01-01,1998-05-24,220.41006274186725,226.24859701473503,2.9696400952786908,0.14848200476393456,2.821158090514756,0.0,0.0,88.89412796235172,0.0,26.990754454241152,7.826618176481537,5.5,0.0,0.0,0.0,0.0,0.0,1,6,5,0,0,5
145,145,0,10.866900000000001,23.347379999999998,1.093,1.0,0.0,0.431078065,5.083238649,1998-01-01,1998-05-25,221.82922411022017,227.5703034617573,2.993451974580708,0.1496725987290354,2.8437793758516725,0.0,0.0,89.45754384826253,0.0,27.207178184630763,7.836486249646861,5.5,0.0,0.0,0.0,0.0,0.0,1,6,5,0,0,5
146,146,0,13.987020000000001,22.134,1.213,1.15,1.0,0.430056185,6.545803182,1998-01-01,1998-05-26,223.24678822579838,228.8922279487091,2.6296952658310477,0.1314847632915524,2.498210502539495,0.0,0.0,90.0215185779605,0.0,24.4781263739024,7.277195348939712,0.0,4.5,0.0,0.0,0.0,0.0,1,6,5,0,0,5
147,147,0,15.46041,22.39401,1.278,1.05,4.0,0.429081385,6.821575524,1998-01-01,1998-05-27,224.25870802863002,230.21435895949338,2.739791142865223,0.13698955714326116,2.602801585721962,0.0,0.0,90.83884240446432,0.0,25.502937433307213,7.7289571192468,0.0,4.5,0.0,0.0,0.0,0.0,1,6,5,0,0,5
148,148,0,15.547080000000001,18.58053,1.368,0.9,6.0,0.428152795,7.142850564,1998-01-01,1998-05-28,225.65418878913414,231.5366850057939,3.0684649773145667,0.15342324886572833,2.915041728448838,0.0,0.0,91.39327018141346,0.0,27.888963678059348,7.873218017636493,5.5,0.0,0.0,0.0,0.0,0.0,1,6,5,0,0,5
149,149,0,14.767050000000001,22.134,1.243,0.75,0.0,0.427269586,5.020419764,1998-01-01,1998-05-29,227.07244644791626,232.8591946272989,2.6393628895893513,0.13196814447946756,2.5073947451098837,0.0,0.0,91.95790768349619,0.0,24.56811600850605,7.313475271678541,0.0,4.5,0.0,0.0,0.0,0.0,1,6,5,0,0,5
150,150,0,12.42696,24.82077,1.298,1.8,9.0,0.426430969,4.400072314,1998-01-01,1998-05-30,228.3867789018251,234.18187639192348,3.1166506855609986,0.15583253427804994,2.9608181512829486,0.0,0.0,92.48228596545466,0.0,28.326918641541592,7.89561311215513,5.5,0.0,0.0,0.0,0.0,0.0,1,6,5,0,0,5
151,151,0,16.153769999999998,19.36056,1.298,1.0,15.0,0.425636195,6.605147082,1998-01-01,1998-05-31,229.8028352978356,235.50471889602875,3.1402630219187047,0.15701315109593525,2.9832498708227693,0.0,0.0,93.04822014215453,0.0,28.541528746562406,7.905100979368035,5.5,0.0,0.0,0.0,0.0,0.0,1,6,5,0,0,5
152,152,0,10.520219999999998,25.68747,1.218,1.65,0.0,0.424884555,5.364415097,1998-01-01,1998-06-01,231.2173138326942,236.82771076463882,3.1651485376236232,0.15825742688118116,3.006891110742442,0.0,0.0,93.6147084335143,0.0,28.767710648176166,7.697279953006609,5.5,0.0,0.0,0.0,0.0,0.0,1,6,5,0,0,5
153,153,0,18.49386,25.34079,1.423,1.55,7.0,0.434340454,6.330560393,1998-01-01,1998-06-02,232.28277520752448,238.15084065165524,2.864058596176495,0.14320292980882476,2.72085566636767,0.0,0.0,94.47632517560554,0.0,26.659662497933674,7.761059170643751,0.0,4.5,0.0,0.0,0.0,0.0,1,6,5,0,0,5
154,154,0,15.63375,25.514129999999998,1.493,0.5,0.2,0.433609877,3.269536198,1998-01-01,1998-06-03,233.66880772396004,239.47409724006906,2.363404567233049,0.11817022836165246,2.2452343388713967,0.0,0.0,95.03076961497194,0.0,21.999399101897886,6.337428133414248,0.0,4.5,0.0,0.0,0.0,0.0,1,6,5,0,0,5
155,155,0,16.760460000000002,28.634249999999998,1.723,0.7,0.0,0.432924714,3.024472115,1998-01-01,1998-06-04,234.79808912864772,240.7974692421709,2.288749231986205,0.11443746159931026,2.1743117703868946,0.0,0.0,95.48341704316346,0.0,21.304481042606792,6.081856774344457,0.0,4.5,0.0,0.0,0.0,0.0,1,6,5,0,0,5
156,156,0,18.75387,32.10105,1.888,0.8,0.0,0.432284312,4.368820375,1998-01-01,1998-06-05,235.88020586289403,242.1209453997575,2.1253199348163325,0.10626599674081663,2.019053938075516,0.0,0.0,95.9176106706839,0.0,19.783223792269855,5.5867519815937925,0.0,4.5,0.0,0.0,0.0,0.0,1,6,5,0,0,5
157,157,0,19.01388,27.76755,1.878,0.9,5.0,0.43168806,5.63145226,1998-01-01,1998-06-06,236.87287233148993,243.44451448433733,2.385010158431151,0.11925050792155756,2.2657596505095934,0.0,0.0,96.31625809881972,0.0,22.200511526824762,6.354740461707607,0.0,4.5,0.0,0.0,0.0,0.0,1,6,5,0,0,5
158,158,0,18.58053,23.26071,1.463,1.75,1.0,0.431135388,5.815534153,1998-01-01,1998-06-07,238.00072922230748,244.76816529733236,2.9900441586377817,0.1495022079318891,2.8405419507058927,0.0,0.0,96.76944156282266,0.0,27.83238032546491,7.884281147834774,0.0,4.5,0.0,0.0,0.0,0.0,1,6,5,0,0,5
159,159,0,14.07369,23.43405,1.203,1.05,0.0,0.430625765,4.99348355,1998-01-01,1998-06-08,239.3979691785213,246.09188667027854,2.9166172801325243,0.14583086400662623,2.770786416125898,0.0,0.0,97.3314532349147,0.0,27.1488971726271,7.657815608539708,0.0,4.5,0.0,0.0,0.0,0.0,1,6,5,0,0,5
160,160,0,14.94039,27.3342,1.478,0.9,16.0,0.430158703,4.76009245,1998-01-01,1998-06-09,240.75207742125548,247.41566746502338,3.0979018475366447,0.15489509237683224,2.9430067551598125,0.0,0.0,97.8772251376623,0.0,28.15651237439082,7.872556176680139,0.0,4.5,0.0,0.0,0.0,0.0,1,6,5,0,0,5
161,161,0,19.79391,23.52072,1.518,1.45,3.2,0.429733751,6.356066514,1998-01-01,1998-06-10,242.1412618752505,248.73949657392103,2.886467623820018,0.1443233811910009,2.742144242629017,0.0,0.0,98.43817944252751,0.0,26.86825359124467,7.499648132660459,0.0,4.5,0.0,0.0,0.0,0.0,1,6,5,0,0,5
162,162,0,15.89376,20.660610000000002,1.063,2.15,5.0,0.4293505,5.074457592,1998-01-01,1998-06-11,243.46178384341542,250.06336292002499,3.4126166769680424,0.17063083384840216,3.2419858431196404,0.0,0.0,98.97246505035848,0.0,31.016923202556878,8.0557968977066,5.5,0.0,0.0,0.0,0.0,0.0,1,6,5,0,0,5
163,163,0,12.6003,18.927210000000002,1.008,1.9,0.4,0.42900858,6.153788805,1998-01-01,1998-06-12,244.87744043662403,251.38725545727925,3.435676043948976,0.17178380219744882,3.263892241751527,0.0,0.0,99.5462304137952,0.0,31.226507425588533,8.064104832292035,5.5,0.0,0.0,0.0,0.0,0.0,1,6,5,0,0,5
164,164,0,10.26021,21.44064,1.068,0.95,0.2,0.428707659,4.440301695,1998-01-01,1998-06-13,246.2914326604544,252.71116317070613,3.4587140384277806,0.17293570192138907,3.2857783365063917,0.0,0.0,100.12049935349732,0.0,31.435897396138888,7.806528041490379,5.5,0.0,0.0,0.0,0.0,0.0,1,6,5,0,0,5
165,165,0,15.46041,21.613979999999998,1.293,1.45,11.8,0.428447449,6.369446969,1998-01-01,1998-06-14,247.36396580074876,254.03507507659134,3.4843273239614208,0.17421636619807107,3.31011095776335,0.0,0.0,100.98962643066284,0.0,31.668693923133507,8.084488905605449,5.5,0.0,0.0,0.0,0.0,0.0,1,6,5,0,0,5
166,166,0,14.94039,21.87399,1.243,1.2,3.6,0.428227696,5.687621277,1998-01-01,1998-06-15,248.77881860918959,255.35898022266838,3.5072594774078683,0.17536297387039343,3.331896503537475,0.0,0.0,101.56378154344034,0.0,31.877121915388905,8.092579823040758,5.5,0.0,0.0,0.0,0.0,0.0,1,6,5,0,0,5
167,167,0,13.640339999999998,21.96066,1.053,1.5,0.2,0.428048187,3.841007812,1998-01-01,1998-06-16,250.1919875295536,256.6828676882994,3.5301677823571658,0.1765083891178583,3.3536593932393073,0.0,0.0,102.13844580713973,0.0,32.08533315109803,8.10063149725819,5.5,0.0,0.0,0.0,0.0,0.0,1,6,5,0,0,5
168,168,0,11.04024,22.914029999999997,1.063,0.75,0.0,0.427908749,3.02412154,1998-01-01,1998-06-17,251.60349223171394,258.00672658465317,3.269399274663418,0.1634699637331709,3.105929310930247,0.0,0.0,102.71361589091664,0.0,29.71523491200475,7.932001865548162,0.0,4.5,0.0,0.0,0.0,0.0,1,6,5,0,0,5
169,169,0,12.16695,25.77414,1.163,0.7,0.0,0.427809248,1.784947148,1998-01-01,1998-06-18,252.98263883823387,259.3305460548827,2.94259150811328,0.14712957540566401,2.795461932707616,0.0,0.0,103.27674789121686,0.0,27.3906744018136,7.388033390266877,0.0,4.5,0.0,0.0,0.0,0.0,1,6,5,0,0,5
170,170,0,14.3337,28.37424,1.328,0.8,0.0,0.427749585,1.003838567,1998-01-01,1998-06-19,254.26456134797687,260.65431527429774,2.7118106158505757,0.1355905307925288,2.576220085058047,0.0,0.0,103.80118530307895,0.0,25.242484868642283,6.715515205439787,0.0,4.5,0.0,0.0,0.0,0.0,1,6,5,0,0,5
171,171,0,15.547080000000001,32.5344,1.473,1.15,0.0,0.427729704,0.638845603,1998-01-01,1998-06-20,255.42769050764957,261.9780234505382,2.599516946641891,0.12997584733209455,2.4695410993097964,0.0,0.0,104.27777353312854,0.0,24.19721598840543,6.407828178404621,0.0,4.5,0.0,0.0,0.0,0.0,1,6,5,0,0,5
172,172,0,17.62716,32.79441,1.483,1.3,0.0,0.427749585,2.498790988,1998-01-01,1998-06-21,256.5358604960078,263.30165982374217,2.556702876474119,0.12783514382370595,2.428867732650413,0.0,0.0,104.73237202131835,0.0,23.798687598532602,6.266957703685861,0.0,4.5,0.0,0.0,0.0,0.0,1,6,5,0,0,5
173,173,0,20.487270000000002,26.814179999999997,1.678,1.3,0.0,0.427809248,6.153004125,1998-01-01,1998-06-22,257.61819039232705,264.62521366671376,2.702479598917916,0.13512397994589584,2.5673556189720204,0.0,0.0,105.1768060423727,0.0,25.155628488497232,6.5774703873206875,0.0,4.5,0.0,0.0,0.0,0.0,1,6,5,0,0,5
174,174,0,17.45382,27.16086,1.333,1.3,0.4,0.427908749,3.742458009,1998-01-01,1998-06-23,258.75267226721354,265.9486742850879,2.9358124092875606,0.14679062046437805,2.7890217888231827,0.0,0.0,105.6430733511427,0.0,27.327572170953147,7.191416588059461,0.0,4.5,0.0,0.0,0.0,0.0,1,6,5,0,0,5
175,175,0,15.807089999999999,28.72092,1.463,0.95,0.0,0.428048187,0.721444024,1998-01-01,1998-06-24,259.9912809485817,267.2720310174923,2.7898197112421173,0.13949098556210587,2.650328725680011,0.0,0.0,106.15268480027356,0.0,25.968620904296017,6.836950030478308,0.0,4.5,0.0,0.0,0.0,0.0,1,6,5,0,0,5
176,176,0,18.06051,25.34079,1.583,1.25,0.8,0.428227696,5.521177162,1998-01-01,1998-06-25,261.166867199379,268.5952732357083,3.006257516305809,0.15031287581529046,2.8559446404905184,0.0,0.0,106.6370568707264,0.0,27.983299948396134,7.275124059811192,0.0,4.5,0.0,0.0,0.0,0.0,1,6,5,0,0,5
177,177,0,18.84054,24.30075,1.663,0.65,0.0,0.428447449,6.622905413,1998-01-01,1998-06-26,262.41589936324596,269.9183903448286,2.754715516610657,0.13773577583053284,2.616979740780124,0.0,0.0,107.15231654858094,0.0,25.641858741543523,6.68981267620578,0.0,4.5,0.0,0.0,0.0,0.0,1,6,5,0,0,5
178,178,0,18.58053,28.807589999999998,1.788,1.3,0.0,0.428707659,4.729480595,1998-01-01,1998-06-27,263.56250348522445,271.24137178341243,2.80814347792614,0.14040717389630702,2.667736304029833,0.0,0.0,107.62601234079287,0.0,26.139184954954445,6.772276640793473,0.0,4.5,0.0,0.0,0.0,0.0,1,6,5,0,0,5
179,179,0,18.6672,25.34079,1.388,1.3,0.0,0.42900858,4.772820504,1998-01-01,1998-06-28,264.72157288939724,272.56420702364017,3.053561273127736,0.15267806365638684,2.9008832094713495,0.0,0.0,108.10539476438538,0.0,28.423619917212587,7.274119600213167,0.0,4.5,0.0,0.0,0.0,0.0,1,6,5,0,0,5
180,180,0,13.20699,27.68088,1.238,0.7,0.0,0.4293505,0.895178365,1998-01-01,1998-06-29,265.96470962233565,273.88688557146315,2.977808918136563,0.14889044590682815,2.8289184722297347,0.0,0.0,108.62014524633447,0.0,27.718490413163888,7.0729052696591195,0.0,4.5,0.0,0.0,0.0,0.0,1,6,5,0,0,5
181,181,0,15.63375,26.90085,1.433,1.0,0.0,0.429733751,6.033843765,1998-01-01,1998-06-30,267.171454146934,275.2093969667535,3.037010902083423,0.15185054510417118,2.885160356979252,0.0,0.0,109.12054560085392,0.0,28.269563255506714,7.16714758076751,0.0,4.5,0.0,0.0,0.0,0.0,1,6,5,0,0,5
182,182,0,16.84713,27.42087,1.588,1.25,17.0,0.430158703,4.960587227,1998-01-01,1998-07-01,268.39236116444056,276.5317307834505,3.8891826933137312,0.19445913466568657,3.6947235586480445,0.0,0.0,109.62748663718267,0.0,35.348382879732085,8.294386018204044,5.5,0.0,0.0,0.0,0.0,0.0,1,6,5,0,0,5
183,183,0,18.927210000000002,26.4675,1.818,1.05,10.0,0.430625765,5.936593643,1998-01-01,1998-07-02,269.80303625099435,277.8538766297049,3.1050749719490103,0.15525374859745056,2.94982122335156,0.0,0.0,110.21402182018643,0.0,28.90312750355484,7.3599809320639,5.5,0.0,0.0,0.0,0.0,0.0,1,6,5,0,0,5
184,184,0,18.927210000000002,25.6008,1.653,1.45,0.0,0.431135388,5.572785188,1998-01-01,1998-07-03,271.0522512275278,279.17582414802155,3.1031286446843698,0.1551564322342185,2.9479722124501513,0.0,0.0,110.73444788542307,0.0,28.8850104063505,7.3232982201062535,5.5,0.0,0.0,0.0,0.0,0.0,1,6,5,0,0,5
185,185,0,15.547080000000001,24.99411,1.353,1.2,0.0,0.43168806,3.129972337,1998-01-01,1998-07-04,272.29319304407596,280.497563015399,3.5171756805227727,0.17585878402613866,3.341316896496634,0.0,0.0,111.2521760870638,0.0,31.96724926914408,7.7695095936038,0.0,4.5,0.0,0.0,0.0,0.0,1,6,5,0,0,5
186,186,0,16.50045,26.814179999999997,1.408,1.25,0.0,0.432284312,1.215000865,1998-01-01,1998-07-05,273.60761062195724,281.81908294346704,3.1541867973632445,0.15770933986816227,2.9964774574950823,0.0,0.0,111.80133773119236,0.0,29.360277609334386,7.361682172285446,5.5,0.0,0.0,0.0,0.0,0.0,1,6,5,0,0,5
187,187,0,15.547080000000001,28.46091,1.458,0.95,0.0,0.432924714,0.622191686,1998-01-01,1998-07-06,274.85081279871304,283.1403736786234,3.060040976463699,0.15300204882318497,2.907038927640514,0.0,0.0,112.32160245939694,0.0,28.483935269787466,6.999986690310527,0.0,4.5,0.0,0.0,0.0,0.0,1,6,5,0,0,5
188,188,0,18.06051,25.86081,1.423,1.8,0.0,0.433609877,5.660633161,1998-01-01,1998-07-07,276.03102542544474,284.4614250021664,3.6119623222686696,0.18059811611343352,3.4313642061552363,0.0,0.0,112.8162096541634,0.0,32.828755340864035,7.896258842909742,0.0,4.5,0.0,0.0,0.0,0.0,1,6,5,0,0,5
189,189,0,15.373739999999998,24.30075,1.183,1.1,0.0,0.434340454,4.504071556,1998-01-01,1998-07-08,277.3603980772732,285.7822267304257,3.572976280247997,0.17864881401239985,3.394327466235597,0.0,0.0,113.3740104695291,0.0,32.47441520079264,7.391547323525902,0.0,4.5,0.0,0.0,0.0,0.0,1,6,5,0,0,5
190,190,0,14.767050000000001,25.94748,1.313,1.25,0.0,0.424884555,3.05403969,1998-01-01,1998-07-09,278.3620880414251,287.1027687148928,3.6363824686048956,0.1818191234302448,3.454563345174651,0.0,0.0,114.18882249548467,0.0,33.050707547983556,7.855495636988011,0.0,4.5,0.0,0.0,0.0,0.0,1,6,5,0,0,5
191,191,0,18.49386,25.514129999999998,1.468,1.3,0.0,0.425636195,6.137624097,1998-01-01,1998-07-10,279.6824705602562,288.4230408423466,3.2291111981511107,0.16145555990755556,3.067655638243555,0.0,0.0,114.742599015476,0.0,30.057700225104554,7.349494786855848,5.5,0.0,0.0,0.0,0.0,0.0,1,6,5,0,0,5
192,192,0,19.10055,27.074189999999998,1.493,1.6,0.2,0.426430969,4.266284555,1998-01-01,1998-07-11,280.91560580548725,289.7430330349787,3.2428599089278345,0.16214299544639174,3.0807169134814427,0.0,0.0,115.26065809529825,0.0,30.18567804985244,7.345163370012622,5.5,0.0,0.0,0.0,0.0,0.0,1,6,5,0,0,5
193,193,0,17.62716,30.801,1.483,1.0,0.0,0.427269586,0.642336677,1998-01-01,1998-07-12,282.1460702001084,291.0627352505163,2.9855146229959577,0.1492757311497979,2.83623889184616,0.0,0.0,115.77832825061239,0.0,27.790217818159864,6.620290941367554,0.0,4.5,0.0,0.0,0.0,0.0,1,6,5,0,0,5
194,194,0,17.28048,26.4675,1.603,1.0,1.0,0.428152795,6.017054031,1998-01-01,1998-07-13,283.2533667045807,292.3821374823424,3.158740713782579,0.15793703568912898,3.00080367809345,0.0,0.0,116.24483663017,0.0,29.40266706147246,7.1093029957412766,5.5,0.0,0.0,0.0,0.0,0.0,1,6,5,0,0,5
195,195,0,14.50704,24.30075,1.093,1.5,0.0,0.429081385,1.482450823,1998-01-01,1998-07-14,284.4409182093211,293.7012297596134,4.187368314842005,0.20936841574210027,3.977999899099905,0.0,0.0,116.7456738582578,0.0,38.05856143141937,8.425897338177815,5.5,0.0,0.0,0.0,0.0,0.0,1,6,5,0,0,5
196,196,0,13.987020000000001,24.82077,1.118,1.15,0.0,0.430056185,3.831563061,1998-01-01,1998-07-15,285.8463350305159,295.0200021473772,3.814897041193237,0.19074485205966185,3.624152189133575,0.0,0.0,117.33915196429992,0.0,34.67320820147892,8.076506142279735,0.0,4.5,0.0,0.0,0.0,0.0,1,6,5,0,0,5
197,197,0,15.89376,27.16086,1.358,1.05,0.0,0.431078065,6.720015756,1998-01-01,1998-07-16,287.1908728816617,296.33844474668547,3.2980257574539977,0.1649012878726999,3.133124469581298,0.0,0.0,117.90802135429864,0.0,30.699181127297514,7.293699385415618,5.5,0.0,0.0,0.0,0.0,0.0,1,6,5,0,0,5
198,198,0,17.97384,28.72092,1.523,1.15,0.0,0.432147936,4.804625978,1998-01-01,1998-07-17,288.4029194169502,297.65654769470666,3.103219286551923,0.15516096432759618,2.948058322224327,0.0,0.0,118.42172938476224,0.0,28.885854132662654,6.861131787028047,5.5,0.0,0.0,0.0,0.0,0.0,1,6,5,0,0,5
199,199,0,18.84054,30.974339999999998,1.598,1.05,0.0,0.433266755,3.010928169,1998-01-01,1998-07-18,289.54137401322856,298.97430116483577,3.036508323305133,0.15182541616525666,2.8846829071398763,0.0,0.0,118.90489642116842,0.0,28.26488507586831,6.518162833095782,0.0,4.5,0.0,0.0,0.0,0.0,1,6,5,0,0,5
200,200,0,18.32052,34.96116,1.733,1.4,5.0,0.434435517,1.415624508,1998-01-01,1998-07-19,290.62147313605766,300.2916953668023,3.067050648328379,0.153352532416419,2.91369811591196,0.0,0.0,119.3638146183473,0.0,28.54918375540962,6.551584318253841,0.0,4.5,0.0,0.0,0.0,0.0,1,6,5,0,0,5
201,201,0,21.44064,35.654520000000005,1.368,2.4,0.0,0.435655264,1.174004108,1998-01-01,1998-07-20,291.70579450472235,301.6087205467753,3.110640439389887,0.1555320219694944,2.955108417420393,0.0,0.0,119.82496888611794,0.0,28.954932827585253,6.613486360341086,0.0,4.5,0.0,0.0,0.0,0.0,1,6,5,0,0,5
202,202,0,19.70724,27.42087,1.628,1.3,0.2,0.436927082,5.169569614,1998-01-01,1998-07-21,292.7990260799386,302.9253669874688,3.2077761945043273,0.16038880972521638,3.047387384779111,0.0,0.0,120.29036639202602,0.0,29.859106524062703,6.953352527375976,5.5,0.0,0.0,0.0,0.0,0.0,1,6,5,0,0,5
203,203,0,18.06051,30.020970000000002,1.533,0.75,0.0,0.438252101,2.160384447,1998-01-01,1998-07-22,293.94701717283107,304.2416250082417,3.0926681768618223,0.15463340884309115,2.9380347680187313,0.0,0.0,120.77956706208599,0.0,28.787640700963923,6.506213788738531,0.0,4.5,0.0,0.0,0.0,0.0,1,6,5,0,0,5
204,204,0,17.97384,32.274390000000004,1.598,1.05,0.0,0.439631499,2.002948341,1998-01-01,1998-07-23,295.0197368652507,305.55748496519834,3.108178809576227,0.15540894047881137,2.952769869097416,0.0,0.0,121.23722614292654,0.0,28.9320191134194,6.506864598404329,0.0,4.5,0.0,0.0,0.0,0.0,1,6,5,0,0,5
205,205,0,17.97384,31.06101,1.498,1.05,0.0,0.441066499,2.46184887,1998-01-01,1998-07-24,296.0912872430408,306.87293725128586,3.047726026411242,0.1523863013205621,2.89533972509068,0.0,0.0,121.69482189461888,0.0,28.36930339301102,6.532253139925682,5.5,0.0,0.0,0.0,0.0,0.0,1,6,5,0,0,5
206,206,0,18.40719,29.84763,1.368,1.1,0.0,0.442558373,1.333324,1998-01-01,1998-07-25,297.16574255887326,308.18797229638994,3.1653815003585133,0.15826907501792567,3.0071124253405874,0.0,0.0,122.1540956336815,0.0,29.464481833373974,6.743786192997377,5.5,0.0,0.0,0.0,0.0,0.0,1,6,5,0,0,5
207,207,0,16.67379,31.84104,1.348,0.95,0.0,0.432997745,2.458297444,1998-01-01,1998-07-26,298.2736708398779,309.50258056742837,3.107793069293528,0.1553896534646764,2.9524034158288512,0.0,0.0,122.62813472331382,0.0,28.92842850750012,6.594469222331323,5.5,0.0,0.0,0.0,0.0,0.0,1,6,5,0,0,5
208,208,0,18.40719,25.94748,1.668,1.3,10.0,0.434467955,6.054541546,1998-01-01,1998-07-27,299.3557050162019,310.81675256844267,4.0361815475947695,0.2018090773797385,3.834372470215031,0.0,0.0,123.09158808645637,0.0,36.68444039971983,8.110771692880919,0.0,4.5,0.0,0.0,0.0,0.0,1,6,5,0,0,5
209,209,0,19.36056,24.38742,1.518,1.4,0.0,0.435993145,6.767359835,1998-01-01,1998-07-28,300.6849361057192,312.1304788406875,3.8057992932890077,0.1902899646644504,3.615509328624557,0.0,0.0,123.66148638954141,0.0,34.59051970324642,7.47222508938804,0.0,4.5,0.0,0.0,0.0,0.0,1,6,5,0,0,5
210,210,0,19.44723,28.287570000000002,1.518,1.35,0.0,0.437574618,4.186116841,1998-01-01,1998-07-29,301.90743327454953,313.44374996271836,3.3526789993301938,0.1676339499665097,3.185045049363684,0.0,0.0,124.1865145660513,0.0,31.207912682155527,7.000535071638536,5.5,0.0,0.0,0.0,0.0,0.0,1,6,5,0,0,5
211,211,0,19.273889999999998,28.37424,1.643,1.55,0.0,0.439213724,5.513288191,1998-01-01,1998-07-30,303.05106371157547,314.75655655047717,7.6849101178591495,0.3030510637115755,7.381859054147574,0.0,0.0,124.67835681137755,0.0,64.85436079109438,7.0358539257516615,0.0,4.5,0.0,0.0,0.0,0.0,1,6,5,0,0,5
212,212,0,18.6672,26.55417,1.323,1.2,1.0,0.440911866,3.068158412,1998-01-01,1998-07-31,304.1989497200842,316.0688892573762,7.867338470840515,0.3041989497200842,7.563139521120431,0.0,0.0,125.17260825906273,0.0,66.36959208880603,7.399110777528129,0.0,4.5,0.0,0.0,0.0,0.0,1,6,5,0,0,5
213,213,0,18.6672,20.22726,1.448,0.65,15.0,0.442670499,6.955476115,1998-01-01,1998-08-01,305.4045033209427,317.38073877437955,8.017656349749796,0.3054045033209427,7.7122518464288525,0.0,0.0,125.69230594203137,0.0,67.61916152969567,7.750426184097811,0.0,0.0,0.0,2.5,0.0,0.0,1,6,5,0,0,5
214,214,0,15.980430000000002,20.92062,1.458,0.55,0.0,0.444491132,6.71142645,1998-01-01,1998-08-02,306.66548583443006,318.69209583008296,7.9240475728209425,0.30666548583443004,7.617382086986512,0.0,0.0,126.2366316303785,0.0,66.84909648370092,7.489235791136698,0.0,4.5,0.0,0.0,0.0,0.0,1,6,5,0,0,5
215,215,0,14.85372,25.77414,1.428,1.5,0.0,0.446375327,3.944829009,1998-01-01,1998-08-03,307.8820966536739,320.0029511907916,8.06760095068293,0.3078820966536739,7.759718854029256,0.0,0.0,126.76259269583741,0.0,68.04269631103169,7.802117632838544,0.0,0.0,0.0,2.5,0.0,0.0,1,6,5,0,0,5
216,216,0,15.980430000000002,28.02756,1.548,1.65,0.0,0.448324705,2.743419054,1998-01-01,1998-08-04,309.1477004221315,321.3132956605964,8.093078598061313,0.30914770042213147,7.7839308976391814,0.0,0.0,127.31048860911312,0.0,68.25875608101026,7.8069550847136835,0.0,4.5,0.0,2.5,0.0,0.0,1,6,5,0,0,5
217,217,0,18.58053,27.50754,1.433,1.95,0.0,0.450340943,0.434570213,1998-01-01,1998-08-05,310.41214073037054,322.6231200814474,8.118509318833956,0.31041214073037054,7.808097178103585,0.0,0.0,127.85870901452756,0.0,68.47442259190012,7.83095034949107,0.0,4.5,0.0,2.5,0.0,0.0,1,6,5,0,0,5
218,218,0,15.46041,29.9343,1.303,1.2,0.0,0.440579076,0.406198703,1998-01-01,1998-08-06,311.67852634611006,323.93241533322646,7.856137427267002,0.3116785263461101,7.544458900920891,0.0,0.0,128.40860082482413,0.0,66.30692058134477,7.206104779161258,0.0,4.5,0.0,0.0,0.0,0.0,1,6,5,0,0,5
219,219,0,16.32711,31.84104,1.388,0.95,0.0,0.442549859,0.357944787,1998-01-01,1998-08-07,312.84208352896337,325.24117233381753,7.571127862811795,0.31284208352896337,7.258285779282832,0.0,0.0,128.9146060336935,0.0,63.951551677778134,6.4996231817453065,0.0,4.5,0.0,0.0,0.0,0.0,1,6,5,0,0,5
220,220,0,16.24044,33.834450000000004,1.683,0.7,0.0,0.444585649,0.2702812,1998-01-01,1998-08-08,313.8901757705584,326.549382039174,7.459703727128665,0.31389017577055844,7.145813551358106,0.0,0.0,129.37095969164943,0.0,63.033108736833064,6.126967757748,0.0,4.5,0.0,0.0,0.0,0.0,1,6,5,0,0,5
221,221,0,19.273889999999998,35.654520000000005,1.773,0.5,0.0,0.446688144,0.359753482,1998-01-01,1998-08-09,314.8770884775368,327.8570354433866,7.3295647640261885,0.3148770884775368,7.014687675548652,0.0,0.0,129.80107151463713,0.0,61.959449884974156,5.700889005623516,0.0,4.5,0.0,0.0,0.0,0.0,1,6,5,0,0,5
222,222,0,19.273889999999998,36.694559999999996,1.718,0.75,0.0,0.4488591,1.718835585,1998-01-01,1998-08-10,315.79446750492644,329.1641235787471,7.367040676085198,0.31579446750492646,7.051246208580271,0.0,0.0,130.20118454295226,0.0,62.27346198693815,5.7761258095126795,0.0,4.5,0.0,0.0,0.0,0.0,1,6,5,0,0,5
223,223,0,19.70724,37.38792,1.798,0.7,0.0,0.45110034,1.166712494,1998-01-01,1998-08-11,316.7231633795599,330.4706375158112,7.344503842733536,0.3167231633795599,7.027780679353976,0.0,0.0,130.60646933561117,0.0,62.09057847112838,5.6723895738948436,0.0,4.5,0.0,0.0,0.0,0.0,1,6,5,0,0,5
224,224,0,21.70065,36.43455,1.888,1.25,0.4,0.453413747,2.867901133,1998-01-01,1998-08-12,317.63438454395293,331.77656836345955,7.396092493953506,0.31763438454395293,7.078458109409553,0.0,0.0,131.00437441720607,0.0,62.521427660141725,5.789863463663183,0.0,4.5,0.0,0.0,0.0,0.0,1,6,5,0,0,5
225,225,0,20.14059,28.46091,1.598,1.15,0.0,0.455801274,4.021507716,1998-01-01,1998-08-13,318.5636953427525,333.08190726895725,7.67299206944215,0.31856369534275253,7.354428374099397,0.0,0.0,131.41041379443874,0.0,64.81805769776403,6.57688762732141,0.0,4.5,0.0,0.0,0.0,0.0,1,6,5,0,0,5
226,226,0,15.373739999999998,28.72092,1.103,1.15,0.0,0.458264942,1.174947355,1998-01-01,1998-08-14,319.6184044970902,334.3866454180104,8.03029996425528,0.31961840449709017,7.71068155975819,0.0,0.0,131.87153498562787,0.0,67.78102061536318,7.421448473779542,0.0,4.5,0.0,0.0,0.0,0.0,1,6,5,0,0,5
227,227,0,14.593710000000002,33.4011,1.278,0.75,0.0,0.460806845,0.946387682,1998-01-01,1998-08-15,320.8072289799006,335.69077403482197,7.677571367558182,0.32080722897990055,7.356764138578281,0.0,0.0,132.39179695882063,0.0,64.86499957093558,6.502778137799492,0.0,4.5,0.0,0.0,0.0,0.0,1,6,5,0,0,5
228,228,0,18.06051,33.22776,1.503,0.75,0.0,0.463429149,1.891179469,1998-01-01,1998-08-16,321.8474752605704,336.99428438214545,7.588651405978114,0.3218474752605704,7.266803930717543,0.0,0.0,132.84764232259926,0.0,64.13287298703295,6.197458870433428,0.0,4.5,0.0,0.0,0.0,0.0,1,6,5,0,0,5
229,229,0,17.8005,33.57444,1.678,1.2,3.0,0.453179608,2.16287761,1998-01-01,1998-08-17,322.8378079728554,338.29716776133694,7.698080299245504,0.3228378079728554,7.375242491272648,0.0,0.0,133.28202295876875,0.0,65.0429918430893,6.484057972596247,0.0,4.5,0.0,0.0,0.0,0.0,1,6,5,0,0,5
230,230,0,19.79391,29.32761,1.913,1.05,4.2,0.455730671,3.169485016,1998-01-01,1998-08-18,323.87291528080016,339.5994155124049,7.756474189605238,0.3238729152808002,7.432601274324438,0.0,0.0,133.73641184049913,0.0,65.53069066786898,6.617170474882657,0.0,4.5,0.0,0.0,0.0,0.0,1,6,5,0,0,5
231,231,0,18.84054,29.67429,1.568,0.95,0.0,0.458360066,1.575386521,1998-01-01,1998-08-19,324.92814237957646,340.90101901405853,7.739792119086391,0.32492814237957646,7.4148639767068145,0.0,0.0,134.20006591325506,0.0,65.39679691763953,6.526229197223051,0.0,4.5,0.0,0.0,0.0,0.0,1,6,5,0,0,5
232,232,0,16.9338,30.62766,1.373,1.15,0.0,0.461069968,1.563699042,1998-01-01,1998-08-20,325.96771635648105,342.2019696837549,7.848282163729462,0.32596771635648103,7.522314447372981,0.0,0.0,134.65729493380326,0.0,66.29933957828489,6.808203747557864,0.0,4.5,0.0,0.0,0.0,0.0,1,6,5,0,0,5
233,233,0,19.273889999999998,26.120820000000002,1.478,1.9,2.6,0.463862624,6.802153433,1998-01-01,1998-08-21,327.05103994513524,343.50225897774317,8.451020795264807,0.3270510399451353,8.12396975531967,0.0,0.0,135.13422065662607,0.0,71.29472965239279,8.168595124094342,0.0,4.5,0.0,2.5,0.0,0.0,1,6,5,0,0,5
234,234,0,18.75387,22.39401,1.848,1.4,2.8,0.466740365,7.040454201,1998-01-01,1998-08-22,328.34932880995706,344.80187839110806,8.476803090684914,0.3283493288099571,8.148453761874958,0.0,0.0,135.70639542473234,0.0,71.51344353486265,8.217220096949447,0.0,0.0,0.0,2.5,0.0,0.0,1,6,5,0,0,5
235,235,0,17.8005,26.55417,1.538,1.2,0.0,0.4697056,3.278286327,1998-01-01,1998-08-23,329.65332986839104,346.10081945781087,8.188951730734289,0.3296533298683911,7.859298400865898,0.0,0.0,136.28202244840708,0.0,69.13510768637808,7.474422134080392,0.0,4.5,0.0,0.0,0.0,0.0,1,6,5,0,0,5
236,236,0,17.19381,22.30734,1.508,1.25,5.2,0.472760827,6.099479344,1998-01-01,1998-08-24,330.83761960950295,347.39907375073017,8.526153137725224,0.330837619609503,8.195315518115722,0.0,0.0,136.8056616360389,0.0,71.93209807810409,8.267638998633878,0.0,0.0,0.0,2.5,0.0,0.0,1,6,5,0,0,5
237,237,0,13.466999999999999,25.42746,1.273,0.9,0.0,0.475908629,3.260862452,1998-01-01,1998-08-25,332.1458540719642,348.6966328816982,8.428719926331683,0.33214585407196423,8.096574072259719,0.0,0.0,137.38487327663876,0.0,71.1305544741025,7.982493821494987,0.0,4.5,0.0,0.0,0.0,0.0,1,6,5,0,0,5
238,238,0,12.51363,29.15427,1.243,0.9,0.0,0.465244685,0.404770073,1998-01-01,1998-08-26,333.40701817273583,349.99348850153854,8.271119616847848,0.3334070181727358,7.9377125986751125,0.0,0.0,137.94416340416865,0.0,69.83060231127047,7.578574232546355,0.0,4.5,0.0,0.0,0.0,0.0,1,6,5,0,0,5
239,239,0,14.94039,22.740689999999997,1.113,1.9,0.0,0.468300807,4.967838524,1998-01-01,1998-08-27,334.60262577300796,351.2896323001005,8.600665489909073,0.334602625773008,8.266062864136064,0.0,0.0,138.4751888230711,0.0,72.56424585683133,8.343694711182042,0.0,0.0,0.0,2.5,0.0,0.0,1,6,5,0,0,5
240,240,0,11.82027,22.30734,0.883,2.3,0.0,0.471447102,2.659273317,1998-01-01,1998-08-28,335.9171860737301,352.5850560062912,8.62663706582679,0.3359171860737301,8.290719879753059,0.0,0.0,139.05983917259996,0.0,72.78459253111123,8.37028888332329,0.0,0.0,0.0,2.5,0.0,0.0,1,6,5,0,0,5
241,241,0,10.60689,22.39401,0.838,1.35,0.0,0.474686139,1.077169798,1998-01-01,1998-08-29,337.23390817595487,353.8797513881078,8.652628405758438,0.3372339081759549,8.315394497582483,0.0,0.0,139.6464197944659,0.0,73.0051115570253,8.396888704809083,0.0,0.0,0.0,2.5,0.0,0.0,1,6,5,0,0,5
242,242,0,9.48018,24.56076,0.908,0.8,0.0,0.478020575,0.570083179,1998-01-01,1998-08-30,338.5527867587244,355.1737102526671,8.678639404002007,0.3385527867587244,8.340086617243283,0.0,0.0,140.23493440220614,0.0,73.22580203789947,8.423493968933425,0.0,0.0,0.0,2.5,0.0,0.0,1,6,5,0,0,5
243,243,0,10.60689,30.28098,1.113,0.55,0.0,0.48145316,1.569592987,1998-01-01,1998-08-31,339.87381655418716,356.46692444623284,8.128993741167086,0.33987381655418714,7.7891199246128995,0.0,0.0,140.82538671058808,0.0,68.67972255682693,7.104912263510073,0.0,4.5,0.0,0.0,0.0,0.0,1,6,5,0,0,5
244,244,0,17.97384,28.46091,1.658,0.7,0.0,0.484986738,6.212648058,1998-01-01,1998-09-01,340.98635284913667,357.75938585424285,7.9902209727717555,0.3409863528491367,7.649234619922619,0.0,0.0,141.32347587111138,0.0,67.53507588221424,6.6487744597253435,0.0,4.5,0.0,0.0,0.0,0.0,1,6,5,0,0,5
245,245,0,18.6672,29.50095,1.713,0.95,3.0,0.488624255,6.197017297,1998-01-01,1998-09-02,342.02625182770333,359.0510864013331,8.047466133791383,0.34202625182770335,7.70543988196368,0.0,0.0,141.7895792703235,0.0,68.01328181679774,6.778561019151053,0.0,4.5,0.0,0.0,0.0,0.0,1,6,5,0,0,5
246,246,0,20.487270000000002,25.77414,1.558,1.75,0.2,0.492368759,4.27142761,1998-01-01,1998-09-03,343.08535043512074,360.3420180513617,8.465049092768075,0.34308535043512073,8.121963742332953,0.0,0.0,142.26475014109946,0.0,71.47537567131565,7.782690522903138,0.0,4.5,0.0,0.0,0.0,0.0,1,6,5,0,0,5
247,247,0,13.987020000000001,20.74728,1.543,0.8,10.0,0.496223403,6.958224741,1998-01-01,1998-09-04,344.300037093654,361.63217280743015,8.791722089112467,0.34430003709365403,8.447422052018812,0.0,0.0,142.810283967192,0.0,74.18530682168694,8.537202008200204,0.0,0.0,0.0,2.5,0.0,0.0,1,6,5,0,0,5
248,248,0,17.45382,24.21408,1.443,1.45,1.0,0.48475247,4.621896191,1998-01-01,1998-09-05,345.63070957118396,362.9215427119028,8.70102861187633,0.34563070957118397,8.355397902305146,0.0,0.0,143.40874691367435,0.0,73.43966245074206,8.287658658942995,0.0,4.5,0.0,0.0,0.0,0.0,1,6,5,0,0,5
249,249,0,15.373739999999998,25.34079,1.318,0.65,0.0,0.488485354,1.654167231,1998-01-01,1998-09-06,346.9205175444478,364.21011984642587,8.258249812720411,0.34692051754444786,7.911329295175963,0.0,0.0,143.9898066662268,0.0,69.77837842932512,7.216624507889584,0.0,4.5,0.0,0.0,0.0,0.0,1,6,5,0,0,5
250,250,0,16.50045,24.734099999999998,1.518,0.7,2.0,0.492325194,4.785145915,1998-01-01,1998-09-07,348.04201338400884,365.4978963319443,8.292941751529051,0.34804201338400886,7.944899738145042,0.0,0.0,144.4958399918445,0.0,70.07015845519128,7.276354687073464,0.0,4.5,0.0,0.0,0.0,0.0,1,6,5,0,0,5
251,251,0,16.760460000000002,25.080779999999997,1.398,1.2,0.0,0.496275078,5.599767449,1998-01-01,1998-09-08,349.171478508917,366.78486432871694,8.590903071970988,0.349171478508917,8.241731593462072,0.0,0.0,145.0060687436408,0.0,72.54199717240537,7.926279925035214,0.0,4.5,0.0,0.0,0.0,0.0,1,6,5,0,0,5
252,252,0,16.84713,31.06101,1.553,1.2,0.0,0.500338201,3.121194679,1998-01-01,1998-09-09,350.4003857945267,368.0710160363302,8.22081309341364,0.3504003857945267,7.870412707619113,0.0,0.0,145.56188445305196,0.0,69.4823747845354,6.970655524657475,0.0,4.5,0.0,0.0,0.0,0.0,1,6,5,0,0,5
253,253,0,19.44723,21.2673,1.638,0.85,22.0,0.504517862,6.967790233,1998-01-01,1998-09-10,351.47968897423766,369.3563436937105,8.93239360523148,0.35147968897423765,8.580913916257243,0.0,0.0,146.05073655741785,0.0,75.37902402017066,8.678699424568478,0.0,0.0,0.0,2.5,0.0,0.0,1,6,5,0,0,5
254,254,0,17.54049,22.220670000000002,1.453,1.2,16.0,0.508817472,6.157062926,1998-01-01,1998-09-11,352.8220027595732,370.64083957913465,8.956787750337577,0.3528220027595732,8.603965747578004,0.0,0.0,146.6593719170134,0.0,75.58642024474055,8.70202437662202,0.0,0.0,0.0,2.5,0.0,0.0,1,6,5,0,0,5
255,255,0,14.767050000000001,19.88058,1.063,2.3,3.0,0.513240555,6.097720611,1998-01-01,1998-09-12,354.1658871458944,371.92449601023975,8.969910950957646,0.35416588714589436,8.615745063811751,0.0,0.0,147.26975576040053,0.0,75.70049267974436,8.704855732107688,0.0,0.0,0.0,2.5,0.0,0.0,1,6,5,0,0,5
256,256,0,10.78023,16.32711,0.948,2.05,10.0,0.517790752,6.664679488,1998-01-01,1998-09-13,355.5081797059064,373.2073053440305,8.983000809523434,0.3555081797059064,8.627492629817528,0.0,0.0,147.88045351640244,0.0,75.81428262109142,8.707644990709305,0.0,0.0,0.0,2.5,0.0,0.0,1,6,5,0,0,5
257,257,0,13.03365,19.79391,0.993,1.95,1.4,0.505508909,5.059721282,1998-01-01,1998-09-14,356.84888811156094,374.489259976885,8.996057058305505,0.3568488881115609,8.639208170193944,0.0,0.0,148.4914635326113,0.0,75.92778788267664,8.710391636913148,0.0,0.0,0.0,2.5,0.0,0.0,1,6,5,0,0,5
258,258,0,14.07369,20.31393,1.123,2.05,4.0,0.509906477,5.559990182,1998-01-01,1998-09-15,358.18801980083384,375.7703523445606,9.009079437759237,0.35818801980083387,8.650891417958404,0.0,0.0,149.10278413309896,0.0,76.041006345229,8.71309517298068,0.0,0.0,0.0,2.5,0.0,0.0,1,6,5,0,0,5
259,259,0,15.027059999999999,21.44064,1.303,1.9,1.4,0.514426832,5.661789679,1998-01-01,1998-09-16,359.5255819846788,377.0505749221959,9.022067696290062,0.3595255819846788,8.662542114305383,0.0,0.0,149.7144136188749,0.0,76.1539359543958,8.715755118483852,0.0,0.0,0.0,2.5,0.0,0.0,1,6,5,0,0,5
260,260,0,14.3337,21.2673,1.118,1.35,0.0,0.51907347,3.972382019,1998-01-01,1998-09-17,360.86158165376014,378.32992022431404,9.034498078422637,0.36086158165376014,8.673636496768877,0.0,0.0,150.32635026833708,0.0,76.26223973228119,8.717420157640351,0.0,0.0,0.0,2.5,0.0,0.0,1,6,5,0,0,5
261,261,0,10.60689,22.220670000000002,1.053,1.0,0.0,0.523849989,1.331478969,1998-01-01,1998-09-18,362.1958800464344,379.608380804822,9.046836556301388,0.36219588004643444,8.684640676254954,0.0,0.0,150.93852556472297,0.0,76.36977564659739,8.718938574299015,0.0,0.0,0.0,2.5,0.0,0.0,1,6,5,0,0,5
262,262,0,9.82686,22.65402,1.038,0.9,0.0,0.528760099,0.0,1998-01-01,1998-09-19,363.528468854648,380.8859492570101,9.05913351359898,0.363528468854648,8.695605044744331,0.0,0.0,151.55093048241991,0.0,76.47696087062816,8.72040207412681,0.0,0.0,0.0,2.5,0.0,0.0,1,6,5,0,0,5
263,263,0,10.17354,21.96066,1.058,0.8,0.0,0.533807621,0.59842254,1998-01-01,1998-09-20,364.859353718221,382.1626182135492,9.071388819088922,0.36485935371822104,8.7065294653707,0.0,0.0,152.16356243706247,0.0,76.58379434042152,8.721810425146055,0.0,0.0,0.0,2.5,0.0,0.0,1,6,5,0,0,5
264,264,0,10.26021,23.0007,1.128,0.65,0.0,0.538996489,0.770152378,1998-01-01,1998-09-21,366.1885401053186,383.4383803464875,9.083602346666087,0.36618854010531865,8.717413806560769,0.0,0.0,152.77641883577814,0.0,76.69027503374288,8.689498890812708,0.0,4.5,0.0,0.0,0.0,0.0,1,6,5,0,0,5
265,265,0,11.47359,24.38742,1.253,0.7,0.0,0.544330752,1.885589988,1998-01-01,1998-09-22,367.51091024295704,384.7132283672447,8.97795654667951,0.367510910242957,8.610445636436552,0.0,0.0,153.38713107988934,0.0,75.82078317263411,8.411081584369947,0.0,4.5,0.0,0.0,0.0,0.0,1,6,5,0,0,5
266,266,0,12.77364,24.907439999999998,1.293,0.7,0.0,0.531021683,0.673723492,1998-01-01,1998-09-23,368.7891031512663,385.9871550266055,8.82560464723959,0.36878910315126634,8.456815544088323,0.0,0.0,153.97839712453117,0.0,74.5643594409921,8.036253214375389,0.0,4.5,0.0,0.0,0.0,0.0,1,6,5,0,0,5
267,267,0,15.200399999999998,22.04733,1.368,0.8,0.0,0.536163816,6.84749338,1998-01-01,1998-09-24,370.0087006111049,387.2601531147121,8.86775012092127,0.37000870061110497,8.497741420310165,0.0,0.0,154.54341540783832,0.0,74.91825368110709,8.14526805895964,0.0,4.5,0.0,0.0,0.0,0.0,1,6,5,0,0,5
268,268,0,12.77364,25.514129999999998,1.353,1.75,0.2,0.541445145,3.026655431,1998-01-01,1998-09-25,371.2433049262026,388.53221546105397,9.132719688969463,0.3712433049262026,8.76147638404326,0.0,0.0,155.11618061585685,0.0,77.11732394547178,8.732558060142386,5.5,0.0,0.0,0.0,0.0,0.0,1,6,5,0,0,5
269,269,0,19.18722,21.78732,1.418,2.35,21.0,0.546869425,7.248745239,1998-01-01,1998-09-26,372.56525546947273,389.80333493445767,9.144710270858235,0.3725652554694727,8.772145015388762,0.0,0.0,155.73033983364743,0.0,77.22192941666516,8.733593325205023,5.5,0.0,0.0,0.0,0.0,0.0,1,6,5,0,0,5
270,270,0,15.027059999999999,23.0007,1.253,2.25,3.4,0.5524405,5.155150892,1998-01-01,1998-09-27,373.88552410936325,391.0735044430752,9.1566586098249,0.37388552410936327,8.782773085715537,0.0,0.0,156.34470599471493,0.0,77.32617832748362,8.734572618423723,5.5,0.0,0.0,0.0,0.0,0.0,1,6,5,0,0,5
271,271,0,15.807089999999999,20.31393,1.473,1.1,4.8,0.558162305,6.743552157,1998-01-01,1998-09-28,375.2041154471354,392.3427169343695,9.168564608067392,0.3752041154471354,8.793360492620257,0.0,0.0,156.95927646979112,0.0,77.43006988657238,8.73549578460554,5.5,0.0,0.0,0.0,0.0,0.0,1,6,5,0,0,5
272,272,0,16.67379,21.00729,1.458,0.7,5.0,0.564038867,6.57082668,1998-01-01,1998-09-29,376.52103394488853,393.6109653951005,9.071762239325908,0.37652103394488856,8.69524120538102,0.0,0.0,157.574048622123,0.0,76.63378495753796,8.454970358492854,0.0,4.5,0.0,0.0,0.0,0.0,1,6,5,0,0,5
273,273,0,17.62716,21.35397,1.378,1.1,1.0,0.570074303,5.930569738,1998-01-01,1998-09-30,377.7939206191965,394.8782428513092,9.091789458950544,0.37779392061919653,8.713995538331346,0.0,0.0,158.1692120026131,0.0,76.80474124155985,8.49891742695427,0.0,4.5,0.0,0.0,0.0,0.0,1,6,5,0,0,5
274,274,0,11.99361,20.660610000000002,1.178,0.75,1.8,0.576272815,5.039425805,1998-01-01,1998-10-01,379.07176621617367,396.1445423683,9.204229066163288,0.37907176621617367,8.825157299947115,0.0,0.0,158.76758792319166,0.0,77.74094685337033,8.739341995401011,5.5,0.0,0.0,0.0,0.0,0.0,1,6,5,0,0,5
275,275,0,15.027059999999999,19.44723,1.328,1.0,3.0,0.561692025,6.782649458,1998-01-01,1998-10-02,380.38405533267456,397.4098570506218,9.215961105460147,0.38038405533267455,8.835577050127473,0.0,0.0,159.3830176367994,0.0,77.84337258426392,8.740027745887215,5.5,0.0,0.0,0.0,0.0,0.0,1,6,5,0,0,5
276,276,0,14.593710000000002,16.58712,1.198,1.4,2.6,0.567646628,6.623770978,1998-01-01,1998-10-03,381.6946842691929,398.674180042049,9.227650432578614,0.38169468426919295,8.84595574830942,0.0,0.0,159.99863786430217,0.0,77.94543795642475,8.740656880597008,5.5,0.0,0.0,0.0,0.0,0.0,1,6,5,0,0,5
277,277,0,13.29366,16.153769999999998,1.238,0.95,3.2,0.573755117,6.947198368,1998-01-01,1998-10-04,383.0036569095291,399.93750452555935,9.239296972618668,0.38300365690952914,8.856293315709138,0.0,0.0,160.61444593963859,0.0,78.04714236525528,8.74122929711822,5.5,0.0,0.0,0.0,0.0,0.0,1,6,5,0,0,5
278,278,0,13.03365,17.28048,1.153,0.65,0.4,0.580021147,6.205272854,1998-01-01,1998-10-05,384.31097701994474,401.1998237233122,9.250900654382022,0.38431097701994477,8.866589677362077,0.0,0.0,161.23043919015817,0.0,78.14848523633779,8.741744901572323,5.5,0.0,0.0,0.0,0.0,0.0,1,6,5,0,0,5
279,279,0,11.906939999999999,14.3337,1.128,1.1,9.4,0.586448418,6.950829762,1998-01-01,1998-10-06,385.61664825261073,402.46113089662447,9.262461410283636,0.38561664825261077,8.876844762031025,0.0,0.0,161.84661493678212,0.0,78.24946602471559,8.742203608415556,5.5,0.0,0.0,0.0,0.0,0.0,1,6,5,0,0,5
280,280,0,13.03365,15.547080000000001,1.063,1.65,0.8,0.593040663,6.906930474,1998-01-01,1998-10-07,386.9206741489557,403.72141934594606,9.273979176263154,0.38692067414895576,8.887058502114199,0.0,0.0,162.4629704941643,0.0,78.35008421417314,8.742605340239606,5.5,0.0,0.0,0.0,0.0,0.0,1,6,5,0,0,5
281,281,0,11.646930000000001,15.807089999999999,1.093,0.9,2.4,0.599801648,6.896567374,1998-01-01,1998-10-08,388.22305814291616,404.9806824108333,9.285453891706895,0.3882230581429162,8.89723083356398,0.0,0.0,163.07950317085073,0.0,78.45033931660302,8.742950027590307,5.5,0.0,0.0,0.0,0.0,0.0,1,6,5,0,0,5
282,282,0,10.346879999999999,18.06051,1.093,0.5,0.0,0.606735159,3.648003513,1998-01-01,1998-10-09,389.52380356409395,406.2389134699217,9.296885499365336,0.389523803564094,8.907361695801242,0.0,0.0,163.69621026943918,0.0,78.55023087133556,8.743237608779811,5.5,0.0,0.0,0.0,0.0,0.0,1,6,5,0,0,5
283,283,0,11.21358,18.40719,1.153,1.2,4.0,0.613844997,6.9257059,1998-01-01,1998-10-10,390.8229136408218,407.4961059408978,9.308273945276076,0.39082291364082183,8.917451031635254,0.0,0.0,164.31308908673762,0.0,78.64975844451307,8.743468029707762,5.5,0.0,0.0,0.0,0.0,0.0,1,6,5,0,0,5
284,284,0,14.50704,19.273889999999998,1.238,1.35,7.0,0.59772557,6.448660055,1998-01-01,1998-10-11,392.1203915031418,408.75225328046884,9.319619178687075,0.3921203915031418,8.927498787183934,0.0,0.0,164.93013691392218,0.0,78.74892162846632,8.743641243684253,5.5,0.0,0.0,0.0,0.0,0.0,1,6,5,0,0,5
285,285,0,14.16036,17.54049,1.138,1.35,0.0,0.604522961,6.126598769,1998-01-01,1998-10-12,393.4162401856969,410.0073489843321,9.330921151986484,0.3934162401856969,8.937504911800787,0.0,0.0,165.54735103669407,0.0,78.84772004114501,8.74375721126357,5.5,0.0,0.0,0.0,0.0,0.0,1,6,5,0,0,5
286,286,0,9.65352,18.32052,0.983,0.8,0.8,0.611482882,4.20546662,1998-01-01,1998-10-13,394.7104626305426,411.2613865871431,9.342179820627784,0.3947104626305426,8.947469357997242,0.0,0.0,166.16472873543572,0.0,78.94615332550933,8.743815900070693,5.5,0.0,0.0,0.0,0.0,0.0,1,6,5,0,0,5
287,287,0,12.51363,19.70724,1.308,0.8,0.2,0.618608203,6.784063212,1998-01-01,1998-10-14,396.0030616898757,412.5143596624813,9.353395143067244,0.3960030616898757,8.95739208137737,0.0,0.0,166.78226728536595,0.0,79.04422114902285,8.743817284649982,5.5,0.0,0.0,0.0,0.0,0.0,1,6,5,0,0,5
288,288,0,15.980430000000002,20.22726,1.423,0.45,0.0,0.62590173,6.840715922,1998-01-01,1998-10-15,397.29404012868804,413.7662618228171,9.107395771407456,0.3972940401286881,8.710101731278767,0.0,0.0,167.39996395669462,0.0,77.01239221711617,8.08417495805158,0.0,4.5,0.0,0.0,0.0,0.0,1,6,5,0,0,5
289,289,0,15.807089999999999,22.65402,1.358,0.95,0.0,0.633366193,3.639605407,1998-01-01,1998-10-16,398.48613760737203,415.0170867194752,9.284445084967972,0.39848613760737206,8.8859589473606,0.0,0.0,167.97120829170086,0.0,78.48325967809265,8.511475600817695,0.0,4.5,0.0,0.0,0.0,0.0,1,6,5,0,0,5
290,290,0,14.85372,24.38742,1.318,2.05,9.0,0.641004231,3.537559504,1998-01-01,1998-10-17,399.73985557667015,416.26682804259804,9.387049093025638,0.3997398555766702,8.987309237448969,0.0,0.0,168.57276654001737,0.0,79.33792366338007,8.745719067559854,5.5,0.0,0.0,0.0,0.0,0.0,1,6,5,0,0,5
291,291,0,13.466999999999999,17.62716,1.038,0.85,0.0,0.648818374,4.720071426,1998-01-01,1998-10-18,401.02654720738116,417.5154795211082,9.39808536310565,0.4010265472073812,8.997058815898269,0.0,0.0,169.19102925166285,0.0,79.43448506990426,8.745473926470538,5.5,0.0,0.0,0.0,0.0,0.0,1,6,5,0,0,5
292,292,0,8.70015,16.84713,0.883,1.2,0.0,0.656811025,3.717085906,1998-01-01,1998-10-19,402.3116228784483,418.7630349226697,9.409078195718001,0.4023116228784483,9.006766572839553,0.0,0.0,169.80943828846455,0.0,79.5306802897063,8.745171652713253,5.5,0.0,0.0,0.0,0.0,0.0,1,6,5,0,0,5
293,293,0,8.96016,16.58712,0.873,0.7,0.0,0.638885506,3.211398386,1998-01-01,1998-10-20,403.59508503414276,420.0094880536474,9.420027564590496,0.40359508503414276,9.016432479556354,0.0,0.0,170.4279909062057,0.0,79.62650911506672,8.744812255858717,5.5,0.0,0.0,0.0,0.0,0.0,1,6,5,0,0,5
294,294,0,6.44673,17.8005,0.858,0.6,0.0,0.646475927,5.483893665,1998-01-01,1998-10-21,404.87693604450493,421.25483275906595,9.430933446059255,0.404876936044505,9.02605651001475,0.0,0.0,171.04668435645883,0.0,79.72197135956586,8.744395751431913,5.5,0.0,0.0,0.0,0.0,0.0,1,6,5,0,0,5
295,295,0,7.05342,21.613979999999998,1.003,0.45,0.0,0.654224435,1.245742516,1998-01-01,1998-10-22,406.15717820755333,422.4990629225682,9.441795819010155,0.40615717820755337,9.0356386408026,0.0,0.0,171.66551588673465,0.0,79.81706685760795,8.743922160769706,5.5,0.0,0.0,0.0,0.0,0.0,1,6,5,0,0,5
296,296,0,11.82027,21.87399,1.238,1.15,7.0,0.66213199,5.90671855,1998-01-01,1998-10-23,407.43581375143043,423.742172466371,9.452614664828184,0.40743581375143045,9.045178851076754,0.0,0.0,172.2844827406289,0.0,79.91179546401037,8.743391510894618,5.5,0.0,0.0,0.0,0.0,0.0,1,6,5,0,0,5
297,297,0,14.85372,19.5339,1.243,1.85,10.0,0.670199317,5.795807579,1998-01-01,1998-10-24,408.71284483649026,424.9841553512216,9.463389967344966,0.4087128448364903,9.054677122508476,0.0,0.0,172.9035821579688,0.0,80.00615705357733,8.742803834383286,5.5,0.0,0.0,0.0,0.0,0.0,1,6,5,0,0,5
298,298,0,14.85372,19.18722,1.118,2.3,1.0,0.678426888,5.512574925,1998-01-01,1998-10-25,409.9882735573284,426.2250055763518,9.474121712788595,0.4099882735573284,9.064133439231266,0.0,0.0,173.52281137495794,0.0,80.10015152069295,8.74215916924194,5.5,0.0,0.0,0.0,0.0,0.0,1,6,5,0,0,5
299,299,0,12.08028,16.9338,0.993,1.45,1.0,0.686814892,5.114547493,1998-01-01,1998-10-26,411.2621019447551,427.4647171794318,9.48480988973284,0.4112621019447551,9.073547787788085,0.0,0.0,174.1421676243201,0.0,80.19377877890832,8.741457558779505,5.5,0.0,0.0,0.0,0.0,0.0,1,6,5,0,0,5
300,300,0,10.520219999999998,18.06051,0.948,1.4,0.2,0.695363207,2.445449313,1998-01-01,1998-10-27,412.5343319677153,428.7032842365222,9.495454489054495,0.41253433196771533,9.08292015708678,0.0,0.0,174.761648135442,0.0,80.28703876059619,8.740699051496017,5.5,0.0,0.0,0.0,0.0,0.0,1,6,5,0,0,5
301,301,0,13.03365,22.65402,1.153,2.45,0.0,0.704071371,6.480986575,1998-01-01,1998-10-28,413.804965535156,429.94070086202646,9.506055503882013,0.413804965535156,9.092250538346857,0.0,0.0,175.3812501345148,0.0,80.37993141653303,8.739883700956199,5.5,0.0,0.0,0.0,0.0,0.0,1,6,5,0,0,5
302,302,0,18.40719,19.10055,1.043,2.3,9.0,0.712938557,5.214432223,1998-01-01,1998-10-29,415.07400449784217,431.1769612086406,9.516612929552489,0.4150740044978422,9.101538925054646,0.0,0.0,176.00097084467444,0.0,80.4724567155503,8.739011565677668,5.5,0.0,0.0,0.0,0.0,0.0,1,6,5,0,0,5
303,303,0,8.61348,15.28707,0.918,1.55,8.0,0.692314894,6.594782785,1998-01-01,1998-10-30,416.3414506501228,432.4120594673026,9.527126763571317,0.41634145065012285,9.110785312921195,0.0,0.0,176.6208074861405,0.0,80.56461464420725,8.738082709025292,5.5,0.0,0.0,0.0,0.0,0.0,1,6,5,0,0,5
304,304,0,11.906939999999999,16.41378,1.078,1.25,2.0,0.700638963,6.765880975,1998-01-01,1998-10-31,417.60730573165074,433.6459898671418,9.537597005563445,0.4176073057316508,9.119989699831795,0.0,0.0,177.24075727635477,0.0,80.65640520639442,8.73709719908972,5.5,0.0,0.0,0.0,0.0,0.0,1,6,5,0,0,5
305,305,0,13.38033,16.41378,1.093,1.6,7.0,0.709091585,6.816338821,1998-01-01,1998-11-01,418.8715714290532,434.87874667542553,9.548023657237538,0.41887157142905324,9.129152085808485,0.0,0.0,177.86081743011732,0.0,80.74782842304349,8.736055108590746,5.5,0.0,0.0,0.0,0.0,0.0,1,6,5,0,0,5
306,306,0,8.2668,16.58712,0.968,1.3,0.8,0.717669902,1.766788852,1998-01-01,1998-11-02,420.13424937755934,436.1103241975062,9.558406722341694,0.42013424937755933,9.138272472964134,0.0,0.0,178.48098515972254,0.0,80.83888433176716,8.73495651476461,5.5,0.0,0.0,0.0,0.0,0.0,1,6,5,0,0,5
307,307,0,13.466999999999999,16.50045,1.068,1.5,4.6,0.726370585,6.723039063,1998-01-01,1998-11-03,421.39534116258244,437.3407167767665,9.568746206627713,0.4213953411625825,9.14735086546513,0.0,0.0,179.10125767509325,0.0,80.92957298656962,8.73380149926789,5.5,0.0,0.0,0.0,0.0,0.0,1,6,5,0,0,5
308,308,0,11.82027,16.760460000000002,0.923,1.25,1.8,0.735189799,5.214868165,1998-01-01,1998-11-04,422.65484832126003,438.56991879456416,9.579042117812838,0.42265484832126005,9.156387269491578,0.0,0.0,179.721632183914,0.0,81.01989445753597,8.732590148077053,5.5,0.0,0.0,0.0,0.0,0.0,1,6,5,0,0,5
309,309,0,9.30684,13.640339999999998,0.778,1.0,0.0,0.744123172,3.112614303,1998-01-01,1998-11-05,423.91277234395284,439.79792467017626,9.58929446553846,0.4239127723439529,9.165381693194506,0.0,0.0,180.34210589176337,0.0,81.10984883049623,8.731322551382727,5.5,0.0,0.0,0.0,0.0,0.0,1,6,5,0,0,5
310,310,0,3.0665999999999993,14.94039,0.718,0.5,0.0,0.753165771,4.232296594,1998-01-01,1998-11-06,425.16911467570253,441.0247288607411,9.599503261337365,0.4251691146757025,9.174334146661662,0.0,0.0,180.9626760022442,0.0,81.1994362067601,8.729998803500049,5.5,0.0,0.0,0.0,0.0,0.0,1,6,5,0,0,5
311,311,0,6.44673,13.987020000000001,0.788,0.75,0.0,0.762312065,2.939708725,1998-01-01,1998-11-07,426.4238767176505,442.25032586120017,9.609668518600502,0.4264238767176505,9.183244641882851,0.0,0.0,181.58333971711357,0.0,81.28865670284738,8.728619002778526,5.5,0.0,0.0,0.0,0.0,0.0,1,6,5,0,0,5
312,312,0,3.3266099999999996,17.54049,0.738,0.75,0.0,0.771555899,0.0,1998-01-01,1998-11-08,427.67705982842017,443.47471020423995,9.619790252536848,0.4276770598284202,9.192113192708428,0.0,0.0,182.2040942364116,0.0,81.3775104501613,8.727183251499193,5.5,0.0,0.0,0.0,0.0,0.0,1,6,5,0,0,5
313,313,0,7.57344,18.23385,0.978,0.85,8.0,0.780890464,2.813249061,1998-01-01,1998-11-09,428.92866532546043,444.69787646023076,9.62986848014751,0.4289286653254604,9.20093981482205,0.0,0.0,182.82493675858802,0.0,81.46599759477922,8.725691655798668,5.5,0.0,0.0,0.0,0.0,0.0,1,6,5,0,0,5
314,314,0,14.16036,16.67379,1.123,1.3,5.0,0.790308266,6.739357484,1998-01-01,1998-11-10,430.1786944863545,445.9198192371671,9.63990322018449,0.43017869448635454,9.209724525698135,0.0,0.0,183.44586448062918,0.0,81.55411829711684,8.724144325565948,5.5,0.0,0.0,0.0,0.0,0.0,1,6,5,0,0,5
315,315,0,6.79341,11.99361,0.733,1.2,0.0,0.765107895,3.109495871,1998-01-01,1998-11-11,431.42714855009274,447.14053318060485,9.649894493125158,0.43142714855009273,9.218467344575066,0.0,0.0,184.06687459818232,0.0,81.64187273172168,8.722541374366868,5.5,0.0,0.0,0.0,0.0,0.0,1,6,5,0,0,5
316,316,0,5.753369999999999,9.82686,0.748,0.95,3.0,0.773747984,6.82383528,1998-01-01,1998-11-12,432.67402871831285,448.36001297359905,9.659842321141909,0.43267402871831284,9.227168292423595,0.0,0.0,184.68796430567966,0.0,81.7292610870267,8.720882919361422,5.5,0.0,0.0,0.0,0.0,0.0,1,6,5,0,0,5
317,317,0,7.48677,12.86031,0.788,0.8,0.4,0.782427851,6.270759466,1998-01-01,1998-11-13,433.91933615650686,449.57825333664096,9.66974672806586,0.43391933615650685,9.235827391909353,0.0,0.0,185.30913079646135,0.0,81.8162835650549,8.719169081210241,5.5,0.0,0.0,0.0,0.0,0.0,1,6,5,0,0,5
318,318,0,8.70015,14.16036,0.808,2.2,1.8,0.791137932,5.770800344,1998-01-01,1998-11-14,435.16307199519525,450.79524902759283,9.679607739362769,0.4351630719951953,9.244444667367574,0.0,0.0,185.93037126289667,0.0,81.90294038122433,8.717399984003436,5.5,0.0,0.0,0.0,0.0,0.0,1,6,5,0,0,5
319,319,0,8.786819999999999,12.6003,0.783,1.45,0.8,0.799868001,6.683112981,1998-01-01,1998-11-15,436.40523733107074,452.0109948416232,9.689425382103098,0.43640523733107073,9.253020144772027,0.0,0.0,186.5516828965046,0.0,81.98923176410494,8.715575755179474,5.5,0.0,0.0,0.0,0.0,0.0,1,6,5,0,0,5
320,320,0,7.92012,11.56026,0.693,1.55,0.6,0.808607167,4.091079628,1998-01-01,1998-11-16,437.6458332281121,453.22548561114104,9.699199684931461,0.4376458332281121,9.261553851703349,0.0,0.0,187.17306288807313,0.0,82.07515795516994,8.713696525442957,5.5,0.0,0.0,0.0,0.0,0.0,1,6,5,0,0,5
321,321,0,4.973339999999999,10.0002,0.548,1.4,0.0,0.817343865,0.310631517,1998-01-01,1998-11-17,438.8848607186674,454.43871620572827,9.708930678044085,0.43888486071866745,9.270045817325418,0.0,0.0,187.79450842777737,0.0,82.16071920861377,8.711762428697885,5.5,0.0,0.0,0.0,0.0,0.0,1,6,5,0,0,5
322,322,0,1.3331999999999997,6.186719999999999,0.443,0.9,0.0,0.826065862,6.458843324,1998-01-01,1998-11-18,440.1223208045102,455.6506815320731,9.718618393155708,0.4401223208045102,9.278496072351198,0.0,0.0,188.4160167052969,0.0,82.24591579108191,8.709773601961587,5.5,0.0,0.0,0.0,0.0,0.0,1,6,5,0,0,5
323,323,0,-0.05352000000000068,8.44014,0.463,0.9,0.0,0.83476026,0.07314774,1998-01-01,1998-11-19,441.3582144578662,456.8613765339006,9.72826286348004,0.44135821445786627,9.286904649022174,0.0,0.0,189.03758490993135,0.0,82.33074798151355,8.707730185303692,5.5,0.0,0.0,0.0,0.0,0.0,1,6,5,0,0,5
324,324,0,4.279979999999999,7.22676,0.463,1.85,0.0,0.843413505,4.218485161,1998-01-01,1998-11-20,442.5925426224145,458.07079619190404,9.737864123699353,0.44259254262241454,9.295271581076939,0.0,0.0,189.6592102307156,0.0,82.4152160708935,8.705632321766306,5.5,0.0,0.0,0.0,0.0,0.0,1,6,5,0,0,5
325,325,0,1.5065399999999993,6.70674,0.343,2.5,0.0,0.852011406,0.0,1998-01-01,1998-11-21,443.82530621426184,459.2789355236747,9.74742220993873,0.44382530621426186,9.303596903724468,0.0,0.0,190.28088985653352,0.0,82.49932036204311,8.703480157292148,5.5,0.0,3.5,0.0,0.0,0.0,1,6,5,0,0,5
326,326,0,-1.6135800000000007,5.840039999999999,0.333,0.7,0.0,0.860539152,0.613183727,1998-01-01,1998-11-22,445.0565061228898,460.4857895836303,9.756937159751114,0.44505650612288983,9.311880653628224,0.0,0.0,190.9026209762304,0.0,82.58306116950013,8.701273840673602,5.5,0.0,0.0,0.0,0.0,0.0,1,6,5,0,0,5
327,327,0,-2.1336000000000004,7.313429999999999,0.363,0.5,0.0,0.868981344,0.676529487,1998-01-01,1998-11-23,446.28614321208136,461.69135346294536,9.766409012079395,0.4462861432120814,9.320122868867314,0.0,0.0,191.52440077872535,0.0,82.66643881920855,8.699013523459051,5.5,0.0,0.0,0.0,0.0,0.0,1,6,5,0,0,5
328,328,0,-1.4402400000000002,7.746779999999999,0.408,0.4,0.0,0.87732203,2.841697097,1998-01-01,1998-11-24,447.51421832081695,462.89562228947636,9.775837807243102,0.44751421832081695,9.328323588922284,0.0,0.0,192.1462264531211,0.0,82.7494536484121,8.696699359906841,5.5,0.0,0.0,0.0,0.0,0.0,1,6,5,0,0,5
329,329,0,0.2931599999999994,5.406689999999999,0.528,0.65,4.0,0.845699807,6.832545172,1998-01-01,1998-11-25,448.7407322641531,464.09859122769046,9.785223586914146,0.4487407322641531,9.336482854649994,0.0,0.0,192.76809518881407,0.0,82.8321060054567,8.694331506915669,5.5,0.0,0.0,0.0,0.0,0.0,1,6,5,0,0,5
330,330,0,5.3200199999999995,7.833449999999999,0.698,1.3,3.2,0.852996519,6.797497522,1998-01-01,1998-11-26,449.96568583407424,465.30025547859077,9.794566394090744,0.44996568583407426,9.344600708256669,0.0,0.0,193.39000417560274,0.0,82.9143962495781,8.691910123956728,5.5,0.0,0.0,0.0,0.0,0.0,1,6,5,0,0,5
331,331,0,6.62007,10.69356,0.783,0.9,6.0,0.860148369,6.78097112,1998-01-01,1998-11-27,451.1890798003233,466.50061027964205,9.803866273080057,0.4511890798003233,9.352677193279733,0.0,0.0,194.01195060379519,0.0,82.99632475076152,8.68943537301824,5.5,0.0,0.0,0.0,0.0,0.0,1,6,5,0,0,5
332,332,0,4.713329999999999,6.44673,0.658,0.85,4.0,0.867139891,7.826526268,1998-01-01,1998-11-28,452.4109149112116,467.69965090469555,9.813123269473362,0.4524109149112116,9.36071235456215,0.0,0.0,194.63393166431564,0.0,83.0778918895391,8.686907418538489,5.5,0.0,0.0,0.0,0.0,0.0,1,6,5,0,0,5
333,333,0,6.44673,10.17354,0.793,2.5,7.0,0.873955426,6.775862543,1998-01-01,1998-11-29,453.6311918944053,468.8973726639124,9.822337430127638,0.4536311918944053,9.368706238233232,0.0,0.0,195.25594454880968,0.0,83.15909805684085,8.684326427351277,5.5,0.0,0.0,0.0,0.0,0.0,1,6,5,0,0,5
334,334,0,8.2668,8.35347,0.643,2.2,0.0,0.880579186,6.803704811,1998-01-01,1998-11-30,454.8499114576939,470.0937709036874,9.831508803143159,0.45484991145769393,9.376658891685464,0.0,0.0,195.8779864497491,0.0,83.239943653812,8.681692568623056,5.5,0.0,0.0,0.0,0.0,0.0,1,6,5,0,0,5
335,335,0,5.753369999999999,7.92012,0.563,1.8,0.0,0.886995327,6.819673276,1998-01-01,1998-12-01,456.06707428973687,471.2888410065714,9.84063743784641,0.4560670742897369,9.384570363556675,0.0,0.0,196.50005456053503,0.0,83.32042909167464,8.679006013801187,5.5,0.0,0.0,0.0,0.0,0.0,1,6,5,0,0,5
336,336,0,5.49336,6.186719999999999,0.553,0.85,0.0,0.893188024,6.821399981,1998-01-01,1998-12-02,457.2826810607916,472.4825783911932,9.849723384767598,0.4572826810607916,9.392440703706807,0.0,0.0,197.1221460756007,0.0,83.40055479154427,8.676266936552228,5.5,0.0,0.0,0.0,0.0,0.0,1,6,5,0,0,5
337,337,0,3.6732899999999997,8.006789999999999,0.538,0.65,0.0,0.89914155,2.642797902,1998-01-01,1998-12-03,458.4967324234222,473.6749785121808,9.858766695620682,0.4584967324234222,9.40026996319726,0.0,0.0,197.74425819051288,0.0,83.48032118426758,8.67347551270564,5.5,0.0,0.0,0.0,0.0,0.0,1,6,5,0,0,5
338,338,0,2.1132299999999997,5.14668,0.538,1.5,0.2,0.904840361,6.823847847,1998-01-01,1998-12-04,459.70922901318914,474.8660368600815,9.86776742329131,0.45970922901318917,9.408058194278121,0.0,0.0,198.36638810207216,0.0,83.55972871032499,8.670631920211292,5.5,0.0,0.0,0.0,0.0,0.0,1,6,5,0,0,5
339,339,0,4.88667,8.2668,0.568,1.7,3.0,0.910269181,4.824805829,1998-01-01,1998-12-05,460.92017144932305,476.0557489612827,9.876725621806452,0.46092017144932307,9.415805450357128,0.0,0.0,198.98853300841319,0.0,83.6387778195822,8.667736339065204,5.5,0.0,0.0,0.0,0.0,0.0,1,6,5,0,0,5
340,340,0,4.45332,8.18013,0.568,1.45,0.6,0.915413096,3.056425356,1998-01-01,1998-12-06,462.1295603353772,477.2441103779295,9.885641346330889,0.4621295603353772,9.423511785995512,0.0,0.0,199.61069010910245,0.0,83.71746897126357,8.664788951283542,5.5,0.0,0.0,0.0,0.0,0.0,1,6,5,0,0,5
341,341,0,2.6332499999999994,7.4001,0.528,0.85,0.0,0.920257639,5.342455474,1998-01-01,1998-12-07,463.3373962598681,478.43111670784515,9.89451465313767,0.46333739625986814,9.4311772568778,0.0,0.0,200.23285660523686,0.0,83.79580263371003,8.660355102346099,5.5,0.0,0.0,0.0,0.0,0.0,1,6,5,0,0,5
342,342,0,2.5465799999999996,6.533399999999999,0.518,0.4,0.0,0.924788888,5.095098711,1998-01-01,1998-12-08,464.5434799742184,479.6167635844479,9.903345722289924,0.46454347997421847,9.438802242315706,0.0,0.0,200.85492663563457,0.0,83.87377949665543,8.655114651432315,5.5,0.0,0.0,0.0,0.0,0.0,1,6,5,0,0,5
343,343,0,3.8466299999999993,7.4001,0.563,0.6,0.0,0.928993555,6.820063143,1998-01-01,1998-12-09,465.7477075986364,480.8010466766675,9.912134659535093,0.4657477075986364,9.446386951936457,0.0,0.0,201.47684299846526,0.0,83.95140001798954,8.649826995422671,5.5,0.0,0.0,0.0,0.0,0.0,1,6,5,0,0,5
344,344,0,5.92671,12.42696,0.758,1.0,10.6,0.93285908,6.395999868,1998-01-01,1998-12-10,466.9500811922243,481.98396168886416,9.920881501871564,0.4669500811922243,9.45393142067934,0.0,0.0,202.09860297143797,0.0,84.02866451236179,8.644492266681437,5.5,0.0,0.0,0.0,0.0,0.0,1,6,5,0,0,5
345,345,0,10.26021,13.72701,0.943,1.5,1.0,0.936373714,6.07493304,1998-01-01,1998-12-11,468.1506027776522,483.16550436074215,8.047771097886846,0.40238855489434233,7.645382542992503,0.0,0.0,202.72020383061704,0.0,80.54799277963974,8.639110600490147,5.5,0.0,0.0,0.0,0.0,0.0,1,6,5,0,0,5
346,346,0,9.48018,12.77364,0.973,1.5,3.4,0.93952661,6.746953371,1998-01-01,1998-12-12,469.34927434216684,484.3456704672666,8.054253845086693,0.4027126922543347,7.651541152832358,0.0,0.0,203.3416428505799,0.0,80.61287686596555,8.63368213497165,5.5,0.0,0.0,0.0,0.0,0.0,1,6,5,0,0,5
347,347,0,12.34029,17.28048,0.998,1.2,0.0,0.942307902,3.551891844,1998-01-01,1998-12-13,470.54609783857586,485.5244558185783,8.060702201712312,0.4030351100856156,7.657667091626696,0.0,0.0,203.9629173045725,0.0,80.67741674621352,8.628207011010677,5.5,0.0,0.0,0.0,0.0,0.0,1,6,5,0,0,5
348,348,0,4.193309999999999,13.12032,0.683,0.35,0.0,0.944708778,0.940851974,1998-01-01,1998-12-14,471.7410751862044,486.7018562599076,8.067116202085328,0.40335581010426647,7.663760391981062,0.0,0.0,204.58402446466212,0.0,80.74161276389974,8.622685372196887,5.5,0.0,0.0,0.0,0.0,0.0,1,6,5,0,0,5
349,349,0,3.3266099999999996,10.520219999999998,0.623,0.3,0.0,0.94672155,3.553462829,1998-01-01,1998-12-15,472.93420827183235,487.8778676714878,8.073495881669363,0.4036747940834682,7.669821087585894,0.0,0.0,205.20496160188887,0.0,80.80546527397001,8.617117364750014,5.5,0.0,0.0,0.0,0.0,0.0,1,6,5,0,0,5
350,350,0,4.01997,13.38033,0.748,0.65,0.0,0.948339715,4.361768147,1998-01-01,1998-12-16,474.12549895060664,489.05248596846934,8.079841277052981,0.4039920638526491,7.675849213200332,0.0,0.0,205.82572598641545,0.0,80.86897464262961,8.611503137458431,5.5,0.0,0.0,0.0,0.0,0.0,1,6,5,0,0,5
351,351,0,6.8800799999999995,11.646930000000001,0.773,1.0,0.0,0.949558004,3.768481753,1998-01-01,1998-12-17,475.3149490469317,490.2257071008313,8.086152425925476,0.40430762129627384,7.681844804629202,0.0,0.0,206.44631488767456,0.0,80.93214124710055,8.605842841604659,5.5,0.0,0.0,0.0,0.0,0.0,1,6,5,0,0,5
352,352,0,3.9332999999999996,10.520219999999998,0.648,0.65,0.8,0.95037243,3.82429102,1998-01-01,1998-12-18,476.50256035533766,491.3975270532935,8.0924293670643,0.404621468353215,7.6878078987110845,0.0,0.0,207.06672557451463,0.0,80.99496547549603,8.600136630915047,5.5,0.0,0.0,0.0,0.0,0.0,1,6,5,0,0,5
353,353,0,5.14668,14.50704,0.748,1.35,0.2,0.950780316,4.82579104,1998-01-01,1998-12-19,477.68833464132825,492.56794184522835,8.098672140314711,0.4049336070157356,7.693738533298975,0.0,0.0,207.686955315344,0.0,81.05744772661657,8.594384661494223,5.5,0.0,0.0,0.0,0.0,0.0,1,6,5,0,0,5
354,354,0,5.49336,7.57344,0.648,2.15,11.4,0.950780316,6.819555035,1998-01-01,1998-12-20,478.8722736422092,493.7369475305719,8.104880786567954,0.4052440393283977,7.6996367472395555,0.0,0.0,208.3070013782734,0.0,81.11958840973179,8.588587091755281,5.5,0.0,3.5,0.0,0.0,0.0,1,6,5,0,0,5
355,355,0,4.626659999999999,7.48677,0.548,2.4,0.0,0.95037243,5.71414458,1998-01-01,1998-12-21,480.0543790678935,494.9045401977339,8.111055347745205,0.4055527673872603,7.705502580357945,0.0,0.0,208.92686103125624,0.0,81.18138794441955,8.58274408236428,5.5,0.0,3.5,0.0,0.0,0.0,1,6,5,0,0,5
356,356,0,2.9799299999999995,5.753369999999999,0.493,1.15,0.0,0.949558004,4.030255313,1998-01-01,1998-12-22,481.23465260168894,496.0707159695071,8.117195866784735,0.4058597933392368,7.711336073445498,0.0,0.0,209.54653154222694,0.0,81.24284676043744,8.576855796191662,5.5,0.0,0.0,0.0,0.0,0.0,1,6,5,0,0,5
357,357,0,-0.4002000000000008,6.36006,0.468,0.6,0.0,0.948339715,3.276307366,1998-01-01,1998-12-23,482.4130959010682,497.23547100297765,8.123302387618153,0.4061651193809077,7.717137268237245,0.0,0.0,210.1660101792388,0.0,81.30396529748528,8.570922398240372,5.5,0.0,0.0,0.0,0.0,0.0,1,6,5,0,0,5
358,358,0,3.4999499999999997,7.833449999999999,0.633,1.2,3.0,0.94672155,6.831708049,1998-01-01,1998-12-24,483.58971059841724,498.39880148943325,8.12937495515941,0.4064687477579705,7.722906207401439,0.0,0.0,210.78529421059906,0.0,81.36474400509483,8.564944055601492,5.5,0.0,0.0,0.0,0.0,0.0,1,6,5,0,0,5
359,359,0,4.01997,8.006789999999999,0.608,1.25,0.0,0.944708778,6.838680547,1998-01-01,1998-12-25,484.76449830176836,499.56070365427183,8.135413615282136,0.40677068076410683,7.728642934518029,0.0,0.0,211.40438090500265,0.0,81.42518334240302,8.558920937386315,5.5,0.0,0.0,0.0,0.0,0.0,1,6,5,0,0,5
360,360,0,5.3200199999999995,11.38692,0.668,1.25,0.0,0.942307902,6.159926799,1998-01-01,1998-12-26,485.93746059551336,500.7211737569089,8.141418414810222,0.4070709207405111,7.73434749406971,0.0,0.0,212.02326753166432,0.0,81.48528377805759,8.552853214686644,5.5,0.0,0.0,0.0,0.0,0.0,1,6,5,0,0,5
361,361,0,9.04683,14.593710000000002,0.738,1.95,0.2,0.93952661,6.717748875,1998-01-01,1998-12-27,487.1085990411017,501.88020809068564,8.147389401497508,0.4073694700748754,7.740019931422632,0.0,0.0,212.6419513604494,0.0,81.54504579001404,8.546741060511094,5.5,0.0,0.0,0.0,0.0,0.0,1,6,5,0,0,5
362,362,0,9.65352,17.36715,0.848,1.85,0.4,0.936373713,2.939739016,1998-01-01,1998-12-28,488.27791517772005,503.0378029827749,8.15332662401413,0.40766633120070656,7.745660292813424,0.0,0.0,213.26042966200248,0.0,81.60446986539883,8.540584649738403,5.5,0.0,0.0,0.0,0.0,0.0,1,6,5,0,0,5
363,363,0,7.746779999999999,16.153769999999998,0.773,2.5,0.0,0.932859079,0.0,1998-01-01,1998-12-29,489.445410522957,504.1939547940883,8.159230131931073,0.40796150659655367,7.751268625334519,0.0,0.0,213.87869970787509,0.0,81.66355650035457,8.534384159064944,5.5,0.0,0.0,0.0,0.0,0.0,1,6,5,0,0,5
364,364,0,11.99361,16.9338,0.728,2.5,0.0,0.928993555,0.361572033,1998-01-01,1998-12-30,490.61108657345096,505.34865991918196,8.165099975704823,0.4082549987852412,7.756844976919582,0.0,0.0,214.4967587706514,0.0,81.7223061998869,8.528139766954435,5.5,0.0,0.0,0.0,0.0,0.0,1,6,5,0,0,5
365,365,0,12.25362,15.547080000000001,0.713,2.4,0.0,0.924788887,6.702604893,1998-01-01,1998-12-31,491.7749448055229,506.5019147861618,8.170936206665418,0.40854681033327095,7.762389396332147,0.0,0.0,215.11460412407274,0.0,81.78071947774438,8.521851653594606,5.5,0.0,0.0,0.0,0.0,0.0,1,6,5,0,0,5
366,366,0,9.91353,14.593710000000002,0.793,1.0,0.0,0.920257639,6.518944376,1998-01-01,1999-01-01,492.93698667579457,507.65371585658943,8.176738876994657,0.40883694384973285,7.767901933144923,0.0,0.0,215.73223304316065,0.0,81.83879685620073,8.51552000083242,5.5,0.0,0.0,0.0,0.0,0.0,1,6,5,0,0,5
367,367,0,5.92671,12.94698,0.813,1.5,2.0,0.915413096,6.413679548,1998-01-01,1999-01-02,494.0972136217896,508.804059625385,8.182508039722453,0.4091254019861227,7.77338263773633,0.0,0.0,216.34964280433758,0.0,81.8965388660182,8.509144992150926,5.5,0.0,0.0,0.0,0.0,0.0,1,6,5,0,0,5
368,368,0,10.0002,14.420369999999998,0.878,1.8,3.0,0.910269181,6.81699479,1998-01-01,1999-01-03,495.25562706252396,509.9529426207332,8.188243748706043,0.40941218743530217,7.77883156127074,0.0,0.0,216.96683068554768,0.0,81.95394604623957,8.502726812607026,5.5,0.0,0.0,0.0,0.0,0.0,1,6,5,0,0,5
369,369,0,11.21358,16.0671,1.088,1.15,0.4,0.904840361,6.787435703,1998-01-01,1999-01-04,496.41222839907954,511.1003614039864,8.193946058616186,0.4096973029308093,7.784248755685376,0.0,0.0,217.58379396637503,0.0,82.01101894404971,8.496265648786009,5.5,0.0,0.0,0.0,0.0,0.0,1,6,5,0,0,5
370,370,0,8.09346,18.32052,0.948,0.55,0.0,0.89914155,1.10040853,1998-01-01,1999-01-05,497.567019015165,512.2463125695674,8.199615024928704,0.40998075124643524,7.789634273682268,0.0,0.0,218.20052992816065,0.0,82.06775811469149,8.489761688767672,5.5,0.0,0.0,0.0,0.0,0.0,1,6,5,0,0,5
371,371,0,5.753369999999999,17.10714,0.788,0.9,0.0,0.893188024,0.0,1998-01-01,1999-01-06,498.72000027766313,513.390792744873,8.205250703907321,0.4102625351953661,7.794988168711955,0.0,0.0,218.8170358541183,0.0,82.12416412129339,8.483215122074531,5.5,0.0,0.0,0.0,0.0,0.0,1,6,5,0,0,5
372,372,0,5.753369999999999,16.84713,0.838,1.55,0.2,0.886995327,3.973966991,1998-01-01,1999-01-07,499.8711735371661,514.5337985901768,8.210853152591795,0.4105426576295898,7.800310494962205,0.0,0.0,219.4333090294491,0.0,82.18023753475116,8.47662613963022,5.5,0.0,0.0,0.0,0.0,0.0,1,6,5,0,0,5
373,373,0,12.25362,13.466999999999999,0.888,1.65,7.0,0.880579186,6.834427283,1998-01-01,1999-01-08,501.0205401284961,515.6753267985307,8.216422428783195,0.4108211214391598,7.805601307344035,0.0,0.0,220.04934674145426,0.0,82.23597893358027,8.46999493371424,5.5,0.0,0.0,0.0,0.0,0.0,1,6,5,0,0,5
374,374,0,7.833449999999999,11.7336,0.703,1.4,2.0,0.873955426,6.017158826,1998-01-01,1999-01-09,502.1681013712156,516.8153740956664,8.221958591038808,0.4110979295519404,7.810860661486867,0.0,0.0,220.66514627964656,0.0,82.29138890386498,8.46332169793606,5.5,0.0,0.0,0.0,0.0,0.0,1,6,5,0,0,5
375,375,0,5.6667,6.533399999999999,0.598,1.45,13.0,0.867139891,6.896224827,1998-01-01,1999-01-10,503.3138585701247,517.9539372398979,8.227461698648995,0.41137308493244973,7.816088613716545,0.0,0.0,221.2807049358613,0.0,82.34646803902665,8.45660662717151,5.5,0.0,0.0,0.0,0.0,0.0,1,6,5,0,0,5
376,376,0,5.06001,5.49336,0.578,0.55,9.0,0.860148369,6.90224519,1998-01-01,1999-01-11,504.4578130157462,519.0910130220213,8.232931811635577,0.4116465905817789,7.821285221053798,0.0,0.0,221.8960200043648,0.0,82.40121693980778,8.449849917545551,5.5,0.0,0.0,0.0,0.0,0.0,1,6,5,0,0,5
377,377,0,-1.5269100000000009,3.4999499999999997,0.418,0.6,3.0,0.852996519,5.274990604,1998-01-01,1999-01-12,505.5999659848003,520.2265982652165,8.238368990731903,0.4119184495365952,7.826450541195308,0.0,0.0,222.51108878196257,0.0,82.45563621407209,8.44305176637616,5.5,0.0,0.0,0.0,0.0,0.0,1,6,5,0,0,5
378,378,0,1.6798799999999998,7.4001,0.628,1.3,6.0,0.845699807,6.899784202,1998-01-01,1999-01-13,506.74031874066736,521.3606898249463,8.24377329737763,0.4121886648688815,7.831584632508747,0.0,0.0,223.1259085681055,0.0,82.50972647675277,8.436212372149889,5.5,0.0,0.0,0.0,0.0,0.0,1,6,5,0,0,5
379,379,0,6.186719999999999,8.96016,0.698,1.3,0.8,0.87732203,7.167984624,1998-01-01,1999-01-14,507.8788725338398,522.4932845888577,8.249144793701698,0.4124572396850849,7.8366875540166125,0.0,0.0,223.74047666499533,0.0,82.56348834968188,8.429331934472557,5.5,0.0,0.0,0.0,0.0,0.0,1,6,5,0,0,5
380,380,0,4.01997,8.18013,0.593,0.85,0.0,0.868981344,4.084711537,1998-01-01,1999-01-15,509.0156286023633,523.6243794766801,8.254483542515233,0.4127241771257617,7.841759365389471,0.0,0.0,224.35479037768854,0.0,82.61692246151912,8.422410654041743,5.5,0.0,0.0,0.0,0.0,0.0,1,6,5,0,0,5
381,381,0,4.36665,12.86031,0.658,2.1,0.0,0.860539152,5.426033078,1998-01-01,1999-01-16,510.1505881722677,524.7539714401256,8.259789607298329,0.41298948036491645,7.846800126933411,0.0,0.0,224.9688470141992,0.0,82.67002944761981,8.415448732605704,5.5,0.0,0.0,0.0,0.0,0.0,1,6,5,0,0,5
382,382,0,11.126909999999999,15.373739999999998,0.883,2.05,13.0,0.852011406,6.714156731,1998-01-01,1999-01-17,511.28375245798827,525.8820574627871,8.26506305218941,0.4132531526094705,7.851809899579939,0.0,0.0,225.5826438856006,0.0,82.72280994992833,8.408446372929077,5.5,0.0,0.0,0.0,0.0,0.0,1,6,5,0,0,5
383,383,0,9.91353,11.126909999999999,0.883,1.0,0.0,0.843413505,6.874957645,1998-01-01,1999-01-18,512.4151226627756,527.0086345600373,8.270303941977902,0.4135151970988951,7.856788744879006,0.0,0.0,226.1961783061253,0.0,82.7752646169048,8.401403778765797,5.5,0.0,0.0,0.0,0.0,0.0,1,6,5,0,0,5
384,384,0,7.4001,11.47359,0.773,0.9,0.0,0.83476026,5.400299028,1998-01-01,1999-01-19,513.544699979098,528.1336997789275,8.275512342084394,0.41377561710421973,7.861736724980173,0.0,0.0,226.8094475932652,0.0,82.82739410332637,8.394321154804327,5.5,0.0,0.0,0.0,0.0,0.0,1,6,5,0,0,5
385,385,0,6.1000499999999995,15.373739999999998,0.778,1.15,0.0,0.826065862,3.433630427,1998-01-01,1999-01-20,514.6724855890317,529.2572501980841,8.280688318563326,0.41403441592816637,7.86665390263516,0.0,0.0,227.42244906786857,0.0,82.87919907031433,8.387198706663252,5.5,0.0,0.0,0.0,0.0,0.0,1,6,5,0,0,5
386,386,0,5.6667,15.027059999999999,0.743,0.65,0.0,0.817343865,2.232776044,1998-01-01,1999-01-21,515.7984806646443,530.3792829276077,8.285831938081165,0.41429159690405826,7.871540341177106,0.0,0.0,228.03518005423768,0.0,82.93068018511552,8.380036640833065,5.5,0.0,0.0,0.0,0.0,0.0,1,6,5,0,0,5
387,387,0,4.5399899999999995,12.686969999999999,0.693,0.35,0.0,0.808607167,3.26778043,1998-01-01,1999-01-22,516.9226863683683,531.4997951089698,8.290943267911816,0.41454716339559083,7.876396104516225,0.0,0.0,228.64763788022438,0.0,82.98183812105653,8.372835164656601,5.5,0.0,0.0,0.0,0.0,0.0,1,6,5,0,0,5
388,388,0,3.9332999999999996,11.30025,0.648,0.15,0.0,0.799868001,4.776987411,1998-01-01,1999-01-23,518.045103853365,532.6187839149095,8.296022375928146,0.41480111879640735,7.881221257131738,0.0,0.0,229.25981987732453,0.0,83.03267355745876,8.365594486299605,5.5,0.0,0.0,0.0,0.0,0.0,1,6,5,0,0,5
389,389,0,2.1132299999999997,14.3337,0.628,0.45,0.0,0.791137932,1.596996505,1998-01-01,1999-01-24,519.1657342638813,533.7362465493311,8.301069330587048,0.4150534665293524,7.886015864057695,0.0,0.0,229.87172338077198,0.0,83.08318717948896,8.358314814709612,5.5,0.0,0.0,0.0,0.0,0.0,1,6,5,0,0,5
390,390,0,5.49336,12.6003,0.768,1.4,0.0,0.782427851,6.926681463,1998-01-01,1999-01-25,520.2845787355969,534.8521802471998,8.306084200926161,0.4153042100463081,7.890779990879853,0.0,0.0,230.48334572963068,0.0,83.13337967812652,8.350996359599161,5.5,0.0,0.0,0.0,0.0,0.0,1,6,5,0,0,5
391,391,0,10.95357,12.77364,0.838,1.85,13.0,0.773747984,6.919216987,1998-01-01,1999-01-26,521.4016383959648,535.9665822744391,8.311067056546442,0.4155533528273221,7.89551370371912,0.0,0.0,231.09468426688653,0.0,83.18325174998871,8.343639331398245,5.5,0.0,0.0,0.0,0.0,0.0,1,6,5,0,0,5
392,392,0,8.09346,11.04024,0.688,2.2,6.0,0.765107895,6.317779476,1998-01-01,1999-01-27,522.5169143645417,537.0794499278252,8.316017967610636,0.4158008983805318,7.900217069230103,0.0,0.0,231.7057363395371,0.0,83.23280409731575,8.336243941242483,5.5,0.0,0.0,0.0,0.0,0.0,1,6,5,0,0,5
393,393,0,7.48677,14.50704,0.863,2.5,7.0,0.790308266,6.894959807,1998-01-01,1999-01-28,523.6304077533117,538.1907805348835,8.320937004828206,0.4160468502414103,7.904890154586796,0.0,0.0,232.31649929868118,0.0,83.2820374278199,8.328810400932008,5.5,0.0,0.0,0.0,0.0,0.0,1,6,5,0,0,5
394,394,0,7.833449999999999,11.126909999999999,0.588,2.5,0.0,0.780890464,4.849604549,1998-01-01,1999-01-29,524.7421196670036,539.3005714537841,8.32582423945183,0.4162912119725915,7.909533027479238,0.0,0.0,232.92697049960702,0.0,83.33095245465005,8.321338922915107,5.5,0.0,0.0,0.0,0.0,0.0,1,6,5,0,0,5
395,395,0,2.3732399999999996,5.753369999999999,0.328,2.5,0.0,0.771555899,0.0,1998-01-01,1999-01-30,525.8520512033988,540.4088200732372,8.330679743262015,0.4165339871631008,7.914145756098915,0.0,0.0,233.53714730187977,0.0,83.37954989623819,8.313829720246314,5.5,0.0,3.5,0.0,0.0,0.0,1,6,5,0,0,5
396,396,0,1.5065399999999993,5.753369999999999,0.328,2.5,0.0,0.762312065,0.903336814,1998-01-01,1999-01-31,526.9602034536327,541.5155238123873,8.335503588562466,0.4167751794281233,7.918728409134342,0.0,0.0,234.14702706942708,0.0,83.42783047625281,8.306283006568963,5.5,0.0,3.5,0.0,0.0,0.0,1,6,5,0,0,5
397,397,0,-0.05352000000000068,8.44014,0.378,2.5,0.0,0.753165771,1.822561019,1998-01-01,1999-02-01,528.0665775024889,542.6206801207085,8.340295848171317,0.41701479240856587,7.923281055762751,0.0,0.0,234.75660717062465,0.0,83.47579492351116,8.298698996088294,5.5,0.0,3.5,0.0,0.0,0.0,1,6,5,0,0,5
398,398,0,5.23335,8.35347,0.643,1.9,0.0,0.744123172,6.98445689,1998-01-01,1999-02-02,529.1711744286874,543.7242864778989,8.345056595410819,0.41725282977054096,7.927803765640277,0.0,0.0,235.36588497838036,0.0,83.52344397187609,8.291077903541316,5.5,0.0,0.0,0.0,0.0,0.0,1,6,5,0,0,5
399,399,0,5.58003,9.39351,0.678,1.45,0.0,0.735189799,6.983172312,1998-01-01,1999-02-03,530.2739953051645,544.8263403937748,8.34978590409919,0.4174892952049596,7.932296608894231,0.0,0.0,235.97485787021748,0.0,83.57077836017444,8.283419944172385,5.5,0.0,0.0,0.0,0.0,0.0,1,6,5,0,0,5
400,400,0,6.8800799999999995,11.646930000000001,0.818,1.35,0.5,0.726370585,6.965614615,1998-01-01,1999-02-04,531.3750411993472,545.9268394081649,8.354483848542074,0.41772419242710374,7.93675965611497,0.0,0.0,236.5835232283568,0.0,83.61779883211153,8.275725333706635,5.5,0.0,0.0,0.0,0.0,0.0,1,6,5,0,0,5
401,401,0,10.0002,12.25362,0.848,2.25,0.2,0.717669902,6.964664627,1998-01-01,1999-02-05,532.4743131734195,547.0257810908037,8.359150503527559,0.41795752517637796,7.9411929783511805,0.0,0.0,237.19187843979756,0.0,83.66450613622145,8.267994288333982,5.5,0.0,0.0,0.0,0.0,0.0,1,6,5,0,0,5
402,402,0,9.04683,12.08028,0.768,2.5,0.8,0.709091585,6.847003372,1998-01-01,1999-02-06,533.5718122845868,548.1231630412258,8.36378594431203,0.4181892972156015,7.945596647096427,0.0,0.0,237.7999208963986,0.0,83.71090102572522,8.26022702466989,5.5,0.0,0.0,0.0,0.0,0.0,1,6,5,0,0,5
403,403,0,9.04683,10.866900000000001,0.708,2.25,4.0,0.700638963,6.862838408,1998-01-01,1999-02-07,534.6675395853274,549.2189828886588,8.36839024661585,0.4184195123307925,7.949970734285056,0.0,0.0,238.4076479949569,0.0,83.75698425848772,8.252423759741166,5.5,0.0,0.0,0.0,0.0,0.0,1,6,5,0,0,5
404,404,0,3.3266099999999996,6.44673,0.583,1.9,22.0,0.692314894,6.996046952,1998-01-01,1999-02-08,535.7614961236434,550.3132382919168,8.372963486615715,0.41864817433078577,7.954315312284929,0.0,0.0,239.0150571372861,0.0,83.80275659694122,8.244584710962515,5.5,0.0,3.5,0.0,0.0,0.0,1,6,5,0,0,5
405,405,0,5.14668,8.09346,0.648,1.9,6.0,0.712938557,7.015032727,1998-01-01,1999-02-09,536.8536829433036,551.4059269392933,8.37750574093559,0.4188752870467795,7.9586304538888095,0.0,0.0,239.6221457302943,0.0,83.8482188079945,8.23671009611072,5.5,0.0,0.0,0.0,0.0,0.0,1,6,5,0,0,5
406,406,0,2.7199199999999997,5.92671,0.493,1.9,0.6,0.704071371,5.760614805,1998-01-01,1999-02-10,537.9441010840815,552.497046548454,8.382017086641172,0.4191008543320586,7.962916232309113,0.0,0.0,240.22891118606043,0.0,83.89337166297756,8.228800133307567,5.5,0.0,0.0,0.0,0.0,0.0,1,6,5,0,0,5
407,407,0,2.4599099999999994,6.36006,0.458,2.15,1.0,0.695363207,5.284064291,1998-01-01,1999-02-11,539.0327515819862,553.5865948663304,8.386497601225232,0.4193248800612616,7.96717272116397,0.0,0.0,240.8353509219101,0.0,83.93821593749482,8.220855040981746,5.5,0.0,3.5,0.0,0.0,0.0,1,6,5,0,0,5
408,408,0,-1.1802300000000008,4.973339999999999,0.333,1.95,0.0,0.686814892,0.3118536,1998-01-01,1999-02-12,540.1196354694891,554.6745696690108,8.390947362611284,0.4195473681305642,7.971399994480719,0.0,0.0,241.44146236049005,0.0,83.982752411462,8.212875037871836,5.5,0.0,3.5,0.0,0.0,0.0,1,6,5,0,0,5
409,409,0,-1.4402400000000002,5.06001,0.288,2.4,0.0,0.678426888,0.993374714,1998-01-01,1999-02-13,541.2047537757454,555.7609687616341,8.395366449132728,0.4197683224566364,7.975598126676092,0.0,0.0,242.0472429298424,0.0,84.02698186889718,8.204860342975573,5.5,0.0,3.5,0.0,0.0,0.0,1,6,5,0,0,5
410,410,0,-1.0068900000000003,6.273389999999999,0.413,1.5,0.2,0.670199317,5.361400121,1998-01-01,1999-02-14,542.2881075268083,556.8457899782804,8.399754939542662,0.41998774697713315,7.979767192565529,0.0,0.0,242.65269006347705,0.0,84.07090509801904,8.196811175567149,5.5,0.0,0.0,0.0,0.0,0.0,1,6,5,0,0,5
411,411,0,3.4132799999999994,6.186719999999999,0.548,1.15,2.2,0.66213199,7.060830438,1998-01-01,1999-02-15,543.3696977458422,557.9290311818656,8.40411291298524,0.42020564564926205,7.9839072673359786,0.0,0.0,243.257801200445,0.0,84.11452289096037,8.18872775512829,5.5,0.0,0.0,0.0,0.0,0.0,1,6,5,0,0,5
412,412,0,5.58003,9.04683,0.688,1.45,0.2,0.654224435,8.0,1998-01-01,1999-02-16,544.4495254533257,559.0106902640302,8.408440449009506,0.42042202245047533,7.98801842655903,0.0,0.0,243.8625737854079,0.0,84.15783604390622,8.1806103013761,5.5,0.0,0.0,0.0,0.0,0.0,1,6,5,0,0,5
413,413,0,5.753369999999999,9.1335,0.691,1.7,5.0,0.646475927,6.745990904,1998-01-01,1999-02-17,545.527591667254,560.0907651450337,8.41273762754587,0.4206368813772935,7.992100746168576,0.0,0.0,244.46700526871032,0.0,84.2008453568588,8.1724590342057,5.5,0.0,0.0,0.0,0.0,0.0,1,6,5,0,0,5
414,414,0,7.57344,13.38033,0.923,2.1,3.0,0.638885506,6.940718239,1998-01-01,1999-02-18,546.6038974033341,561.1692537736446,8.41700452890859,0.4208502264454295,7.99615430246316,0.0,0.0,245.071093106448,0.0,84.2435516336621,8.164274173692192,5.5,0.0,0.0,0.0,0.0,0.0,1,6,5,0,0,5
415,415,0,10.60689,13.38033,1.008,1.5,11.0,0.656811025,7.007622997,1998-01-01,1999-02-19,547.6784436751765,562.2461541270325,8.421241233787015,0.4210620616893508,8.000179172097663,0.0,0.0,245.67483476053695,0.0,84.28595568191425,8.156055940067512,5.5,0.0,0.0,0.0,0.0,0.0,1,6,5,0,0,5
416,416,0,11.906939999999999,14.16036,1.098,1.65,6.0,0.648818374,6.226644507,1998-01-01,1999-02-20,548.7512314944812,563.3214642106594,8.425447823235459,0.42127239116177295,8.004175432073685,0.0,0.0,246.27822769878188,0.0,84.3280583128662,8.147804553694817,5.5,0.0,0.0,0.0,0.0,0.0,1,6,5,0,0,5
417,417,0,9.30684,14.767050000000001,1.053,2.5,4.0,0.641004231,7.011472623,1998-01-01,1999-02-21,549.8222618712214,564.3951820581714,8.4296243786697,0.42148121893348506,8.008143159736216,0.0,0.0,246.88126939494256,0.0,84.36986034138678,8.139520235056333,5.5,0.0,0.0,0.0,0.0,0.0,1,6,5,0,0,5
418,418,0,10.26021,13.03365,0.773,2.5,0.2,0.633366193,5.961121097,1998-01-01,1999-02-22,550.8915358138197,565.4673057312888,8.433770981858085,0.4216885490929043,8.012082432765181,0.0,0.0,247.48395732880056,0.0,84.41136258587353,8.131203204731602,5.5,0.0,0.0,0.0,0.0,0.0,1,6,5,0,0,5
419,419,0,6.8800799999999995,11.906939999999999,0.543,2.5,0.2,0.62590173,3.606102089,1998-01-01,1999-02-23,551.9590543293226,566.5378333196979,8.437887714919576,0.4218943857459788,8.015993329173597,0.0,0.0,248.08628898622447,0.0,84.45256586823326,8.12285368338914,5.5,0.0,0.0,0.0,0.0,0.0,1,6,5,0,0,5
420,420,0,5.6667,10.69356,0.723,1.7,1.6,0.618608203,7.071392631,1998-01-01,1999-02-24,553.0248184235707,567.6067629409424,8.441974660307134,0.4220987330153567,8.019875927291777,0.0,0.0,248.68826185923518,0.0,84.49347101371562,8.114471891746977,5.5,0.0,0.0,0.0,0.0,0.0,1,6,5,0,0,5
421,421,0,8.786819999999999,11.47359,0.728,0.9,0.0,0.611482882,6.646972142,1998-01-01,1999-02-25,554.0888291013617,568.6740927403123,8.446031900814406,0.4223015950407204,8.023730305773686,0.0,0.0,249.28987344606858,0.0,84.53407885098015,8.106058050585567,5.5,0.0,0.0,0.0,0.0,0.0,1,6,5,0,0,5
422,422,0,3.0665999999999993,15.28707,0.648,0.6,0.0,0.604522961,2.924302293,1998-01-01,1999-02-26,555.1510873666149,569.7398208907372,8.45005951955764,0.42250297597788206,8.027556543579758,0.0,0.0,249.89112125124015,0.0,84.57439021191514,8.097612380703332,5.5,0.0,0.0,0.0,0.0,0.0,1,6,5,0,0,5
423,423,0,5.6667,18.6672,0.778,1.4,4.0,0.59772557,2.347180799,1998-01-01,1999-02-27,556.2115942225261,570.8039455926746,8.454057599977133,0.4227028799988567,8.031354719978276,0.0,0.0,250.4920027856061,0.0,84.61440593165229,8.089135102919153,5.5,0.0,0.0,0.0,0.0,0.0,1,6,5,0,0,5
424,424,0,10.60689,14.420369999999998,0.823,1.2,0.4,0.613844997,4.709180211,1998-01-01,1999-02-28,557.270350671723,571.8664650740021,8.458026225826584,0.42290131129132924,8.035124914535254,0.0,0.0,251.09251556642562,0.0,84.65412684846001,8.080626438045586,5.5,0.0,0.0,0.0,0.0,0.0,1,6,5,0,0,5
425,425,0,4.713329999999999,15.373739999999998,0.728,1.45,0.0,0.606735159,4.546724882,1998-01-01,1999-03-01,558.327357716414,572.9273775899072,8.46196548116938,0.423098274058469,8.03886720711091,0.0,0.0,251.69265711742145,0.0,84.69355380370625,8.072086606878688,5.5,0.0,0.0,0.0,0.0,0.0,1,6,5,0,0,5
426,426,0,12.16695,16.84713,0.983,1.7,0.0,0.599801648,6.965314313,1998-01-01,1999-03-02,559.382616358536,573.9866814227777,8.465875450369044,0.42329377251845224,8.042581677850592,0.0,0.0,252.2924249688401,0.0,84.73268764176312,8.063515830174849,5.5,0.0,0.0,0.0,0.0,0.0,1,6,5,0,0,5
427,427,0,11.7336,15.28707,0.958,1.65,11.0,0.593040663,7.067809793,1998-01-01,1999-03-03,560.436127599895,575.0443748820917,8.469756218089085,0.42348781090445425,8.04626840718463,0.0,0.0,252.89181665751073,0.0,84.77152921000494,8.054914328648449,5.5,0.0,0.0,0.0,0.0,0.0,1,6,5,0,0,5
428,428,0,8.61348,13.640339999999998,0.773,2.05,2.2,0.586448418,5.858739722,1998-01-01,1999-03-04,561.4878924423076,576.1004563043086,8.473607869279268,0.4236803934639635,8.049927475815306,0.0,0.0,253.49082972690434,0.0,84.81007935867136,8.04628232294031,5.5,0.0,0.0,0.0,0.0,0.0,1,6,5,0,0,5
429,429,0,8.006789999999999,12.25362,0.683,1.75,1.0,0.580021147,6.667201229,1998-01-01,1999-03-05,562.5379118877353,577.1549240527589,8.477430489178769,0.42387152445893844,8.05355896471983,0.0,0.0,254.089461727191,0.0,84.84833894089843,8.037620033622133,5.5,0.0,0.0,0.0,0.0,0.0,1,6,5,0,0,5
430,430,0,6.966749999999999,9.22017,0.653,1.0,2.4,0.573755117,6.725566974,1998-01-01,1999-03-06,563.5861869384186,578.2077765175346,8.481224163299952,0.42406120816499765,8.057162955134954,0.0,0.0,254.68771021529773,0.0,84.88630881255663,8.028927681159931,5.5,0.0,0.0,0.0,0.0,0.0,1,6,5,0,0,5
431,431,0,4.973339999999999,11.56026,0.603,1.7,0.6,0.567646628,6.113107073,1998-01-01,1999-03-07,564.6327185970043,579.2590121153786,8.484988977431543,0.4242494488715772,8.060739528559965,0.0,0.0,255.28557275496385,0.0,84.9239898322824,8.020205485919174,5.5,0.0,0.0,0.0,0.0,0.0,1,6,5,0,0,5
432,432,0,7.05342,14.247029999999999,0.747,1.7,0.0,0.561692025,7.072746869,1998-01-01,1999-03-08,565.677507866674,580.3086292895755,8.488725017626258,0.42443625088131304,8.064288766744946,0.0,0.0,255.88304691679758,0.0,84.96138286135442,8.011453668137069,5.5,0.0,0.0,0.0,0.0,0.0,1,6,5,0,0,5
433,433,0,13.29366,18.927210000000002,0.848,2.5,0.0,0.576272815,5.336886386,1998-01-01,1999-03-09,566.7205557512644,581.3566265098412,8.36726403605869,0.41836320180293457,7.948900834255756,0.0,0.0,256.4801302783303,0.0,85.7109345490605,8.002672447923327,5.5,0.0,0.0,0.0,0.0,0.0,1,6,5,0,0,5
434,434,0,10.60689,19.01388,0.888,1.4,0.0,0.570074303,6.524801149,1998-01-01,1999-03-10,567.76186325539,582.4030022722133,8.370888567169215,0.4185444283584608,7.952344138810754,0.0,0.0,257.07682042407157,0.0,85.74806280836323,7.993862045224592,5.5,0.0,0.0,0.0,0.0,0.0,1,6,5,0,0,5
435,435,0,9.91353,21.613979999999998,1.013,0.95,0.0,0.564038867,3.646080475,1998-01-01,1999-03-11,568.8014313845581,583.4477550989401,8.49976135902398,0.42498806795119903,8.07477329107278,0.0,0.0,257.67311494556174,0.0,87.06818458057175,7.985022679838645,5.5,0.0,0.0,0.0,0.0,0.0,1,6,5,0,0,5
436,436,0,12.94698,23.43405,0.818,1.85,0.0,0.558162305,4.794367953,1998-01-01,1999-03-12,569.8392611452838,584.4908835383717,8.503383169157482,0.4251691584578741,8.078214010699607,0.0,0.0,258.2690114414256,0.0,87.10528496726492,7.976154571378803,5.5,0.0,0.0,0.0,0.0,0.0,1,6,5,0,0,5
437,437,0,11.30025,21.44064,0.878,0.9,0.0,0.5524405,4.050028725,1998-01-01,1999-03-13,570.8753535452012,585.5323861648492,8.50697663943086,0.42534883197154305,8.081627807459316,0.0,0.0,258.8645075174243,0.0,87.14209505166986,7.967257939270868,5.5,0.0,0.0,0.0,0.0,0.0,1,6,5,0,0,5
438,438,0,12.34029,21.2673,1.008,0.75,0.0,0.546869425,6.057971712,1998-01-01,1999-03-14,571.909709593171,586.5722615785945,8.510541857381604,0.4255270928690802,8.085014764512524,0.0,0.0,259.4596007865066,0.0,87.17861573048582,7.958333002740515,5.5,0.0,0.0,0.0,0.0,0.0,1,6,5,0,0,5
439,439,0,9.22017,21.70065,0.988,1.15,0.0,0.541445145,1.355452382,1998-01-01,1999-03-15,572.9423302993877,587.6105084056003,8.514078910776016,0.4257039455388008,8.088374965237215,0.0,0.0,260.05428886886,0.0,87.21484790275603,7.949379980802801,5.5,0.0,0.0,0.0,0.0,0.0,1,6,5,0,0,5
440,440,0,9.39351,19.273889999999998,0.853,1.75,0.0,0.536163816,2.537511274,1998-01-01,1999-03-16,573.9732166754816,588.6471252975206,8.51758788760015,0.42587939438000755,8.091708493220143,0.0,0.0,260.648569391961,0.0,87.25079246977475,7.940399092239455,5.5,0.0,0.0,0.0,0.0,0.0,1,6,5,0,0,5
441,441,0,7.48677,17.54049,0.593,2.2,0.0,0.531021683,0.830903014,1998-01-01,1999-03-17,575.0023697346188,589.6821109315586,8.521068876061817,0.42605344380309085,8.095015432258725,0.0,0.0,261.2424399906239,0.0,87.2864503351078,7.931390555606175,5.5,0.0,0.0,0.0,0.0,0.0,1,6,5,0,0,5
442,442,0,5.49336,17.8005,0.538,1.75,0.0,0.544330752,2.573379873,1998-01-01,1999-03-18,576.0297904916009,590.7154640103594,8.524521964575065,0.4262260982287533,8.098295866346312,0.0,0.0,261.8358983070507,0.0,87.32182240443368,7.922354589195605,5.5,0.0,0.0,0.0,0.0,0.0,1,6,5,0,0,5
443,443,0,11.30025,13.12032,0.668,2.15,0.0,0.538996489,6.367247418,1998-01-01,1999-03-19,577.055479962958,591.7471832618968,8.527947241768294,0.4263973620884148,8.10154987967988,0.0,0.0,262.428941990878,0.0,87.35690958562648,7.913291411056883,5.5,0.0,0.0,0.0,0.0,0.0,1,6,5,0,0,5
444,444,0,5.753369999999999,14.16036,0.588,1.75,0.0,0.533807621,3.333271536,1998-01-01,1999-03-20,578.0794391670439,592.7772674393657,8.531344796464403,0.42656723982322026,8.104777556641183,0.0,0.0,263.0215686992258,0.0,87.39171278855281,7.904201238951774,5.5,0.0,0.0,0.0,0.0,0.0,1,6,5,0,0,5
445,445,0,4.01997,16.41378,0.653,1.45,5.0,0.528760099,3.26571362,1998-01-01,1999-03-21,579.101669124125,593.8057153210701,8.53471471768795,0.4267357358843975,8.107978981803551,0.0,0.0,263.6137760967434,0.0,87.4262329251449,7.895084290370124,5.5,0.0,0.0,0.0,0.0,0.0,1,6,5,0,0,5
446,446,0,10.26021,12.34029,0.808,2.05,3.2,0.523849989,7.054584814,1998-01-01,1999-03-22,580.1221708564694,594.8325257103141,8.5380570946548,0.42690285473274003,8.11115423992206,0.0,0.0,264.205561855656,0.0,87.46047090929471,7.885940782508276,5.5,0.0,0.0,0.0,0.0,0.0,1,6,5,0,0,5
447,447,0,7.313429999999999,12.34029,0.858,0.95,1.2,0.51907347,7.147907141,1998-01-01,1999-03-23,581.1409453884328,595.8576974352917,8.541372016763262,0.4270686008381631,8.114303415925098,0.0,0.0,264.7969236558107,0.0,87.4944276567631,7.876770932249412,5.5,0.0,0.0,0.0,0.0,0.0,1,6,5,0,0,5
448,448,0,7.833449999999999,21.00729,0.843,1.45,0.0,0.514426832,2.815587195,1998-01-01,1999-03-24,582.1579937465415,596.8812293489755,8.544659573598874,0.42723297867994375,8.11742659491893,0.0,0.0,265.3878591847205,0.0,87.52810408522873,7.8675749561744475,5.5,0.0,0.0,0.0,0.0,0.0,1,6,5,0,0,5
449,449,0,13.12032,17.62716,0.833,2.5,2.0,0.509906477,6.729805482,1998-01-01,1999-03-25,583.1733169595747,597.9031203290081,8.547919854922883,0.42739599274614415,8.12052386217674,0.0,0.0,265.9783661376095,0.0,87.56150111417027,7.858353070538202,5.5,0.0,0.0,0.0,0.0,0.0,1,6,5,0,0,5
450,450,0,12.16695,13.72701,0.978,1.3,12.0,0.505508909,7.140373362,1998-01-01,1999-03-26,584.1869160586435,598.9233692775916,10.525756224011282,0.5262878112005641,9.999468412810717,0.0,0.0,266.5684422174566,0.0,91.74120692651805,7.849879914194537,5.5,0.0,0.0,0.0,0.0,0.0,1,6,5,0,0,5
451,451,0,8.61348,11.906939999999999,0.793,1.35,1.0,0.517790752,7.165602592,1998-01-01,1999-03-27,585.1988919128489,599.9419751213774,10.530365535870166,0.5265182767935083,10.003847259076657,0.0,0.0,267.1581433114764,0.0,91.78138112626536,7.841813010963312,5.5,0.0,0.0,0.0,0.0,0.0,1,6,5,0,0,5
452,452,0,8.35347,11.47359,0.813,1.45,0.6,0.513240555,7.165680943,1998-01-01,1999-03-28,586.2093010131647,600.958936811356,10.53494104205108,0.526747052102554,10.008193989948527,0.0,0.0,267.7474996673403,0.0,91.82126067984835,7.833717137186062,5.5,0.0,0.0,0.0,0.0,0.0,1,6,5,0,0,5
453,453,0,7.22676,16.24044,0.793,0.9,0.0,0.508817472,3.851770082,1998-01-01,1999-03-29,587.2181436537263,601.9742533227477,10.53948284218152,0.5269741421090761,10.012508700072445,0.0,0.0,268.3365088604767,0.0,91.86084645560808,7.825592499957542,5.5,0.0,0.0,0.0,0.0,0.0,1,6,5,0,0,5
454,454,0,5.06001,18.6672,0.818,0.75,0.0,0.504517862,1.524792358,1998-01-01,1999-03-30,588.2254201346743,602.9879236548923,10.543991036116356,0.5271995518058178,10.016791484310538,0.0,0.0,268.92516847304955,0.0,91.90013932386748,7.817439306061386,5.5,0.0,0.0,0.0,0.0,0.0,1,6,5,0,0,5
455,455,0,6.36006,21.35397,0.868,0.65,0.0,0.500338201,1.048524097,1998-01-01,1999-03-31,589.2311307621786,603.9999468311398,10.548465723916271,0.5274232861958136,10.021042437720457,0.0,0.0,269.5134760940003,0.0,91.93914015674322,7.8092577619333605,5.5,0.0,0.0,0.0,0.0,0.0,1,6,5,0,0,5
456,456,0,8.87349,23.8674,0.808,1.6,3.0,0.496275078,1.029879531,1998-01-01,1999-04-01,590.235275848459,605.0103218987397,10.552907005863865,0.5276453502931933,10.025261655570672,0.0,0.0,270.1014293190883,0.0,91.97784982828625,7.801048073691011,5.5,0.0,0.0,0.0,0.0,0.0,1,6,5,0,0,5
457,457,0,13.640339999999998,18.32052,1.058,0.8,3.0,0.492325194,6.069481055,1998-01-01,1999-04-02,591.2378557118087,606.0190479287321,10.55731498244208,0.527865749122104,10.029449233319976,0.0,0.0,270.68902575093273,0.0,92.0162692142936,7.792810447096736,5.5,0.0,0.0,0.0,0.0,0.0,1,6,5,0,0,5
458,458,0,9.566849999999999,16.67379,1.198,0.8,7.0,0.488485354,6.964808063,1998-01-01,1999-04-03,592.238870676613,607.0261240158379,10.561689754338841,0.528084487716942,10.0336052666219,0.0,0.0,271.2762629990518,0.0,92.05439919234888,7.784545087567475,5.5,0.0,0.0,0.0,0.0,0.0,1,6,5,0,0,5
459,459,0,14.593710000000002,20.487270000000002,1.248,1.35,0.0,0.48475247,5.320985202,1998-01-01,1999-04-04,593.2383210733699,608.0315492783487,10.566031422438249,0.5283015711219124,10.037729851316335,0.0,0.0,271.8631386799033,0.0,92.09224064174568,7.776252200160549,5.5,0.0,0.0,0.0,0.0,0.0,1,6,5,0,0,5
460,460,0,9.74019,19.70724,1.083,0.7,0.0,0.496223403,5.1518457,1998-01-01,1999-04-05,594.2362072387081,609.0353228580179,10.570340087822778,0.5285170043911389,10.04182308343164,0.0,0.0,272.44965041692353,0.0,92.12979444350651,7.767931989578644,5.5,0.0,0.0,0.0,0.0,0.0,1,6,5,0,0,5
461,461,0,9.30684,25.16745,1.198,1.05,1.4,0.492368759,2.475586455,1998-01-01,1999-04-06,595.2325295154056,610.0374439199512,10.574615851757821,0.5287307925878911,10.04588505916993,0.0,0.0,273.0357958405671,0.0,92.16706148024814,7.759584660144769,5.5,0.0,0.0,0.0,0.0,0.0,1,6,5,0,0,5
462,462,0,14.50704,16.67379,1.093,2.15,0.2,0.488624255,6.701816419,1998-01-01,1999-04-07,596.2272882524064,611.0379116524967,10.578858815695735,0.5289429407847868,10.049915874910948,0.0,0.0,273.6215725883447,0.0,92.20404263621694,7.75121041581034,5.5,0.0,0.0,0.0,0.0,0.0,1,6,5,0,0,5
463,463,0,10.95357,16.32711,0.868,2.5,0.8,0.484986738,6.004197002,1998-01-01,1999-04-08,597.2204838048356,612.0367252671363,10.583069081270537,0.5291534540635269,10.05391562720701,0.0,0.0,274.2069783048612,0.0,92.24073879724264,7.742809460148005,5.5,0.0,0.0,0.0,0.0,0.0,1,6,5,0,0,5
464,464,0,8.70015,18.58053,0.883,1.55,0.8,0.48145316,2.506205707,1998-01-01,1999-04-09,598.2121165340162,613.0338839983757,10.58724675029245,0.5293623375146226,10.057884412777828,0.0,0.0,274.7920106418542,0.0,92.2771508506907,7.734381996343153,5.5,0.0,0.0,0.0,0.0,0.0,1,6,5,0,0,5
465,465,0,8.44014,20.14059,0.983,1.75,0.8,0.478020575,4.102697522,1998-01-01,1999-04-10,599.2021868074831,614.0293871036364,10.59139192473855,0.5295695962369277,10.061822328501624,0.0,0.0,275.37666725823055,0.0,92.31327968538086,7.725928227179838,5.5,0.0,0.0,0.0,0.0,0.0,1,6,5,0,0,5
466,466,0,12.08028,15.28707,0.893,2.15,0.6,0.474686139,6.651037136,1998-01-01,1999-04-11,600.1906949989962,615.0232338631452,10.595504706761012,0.5297752353380507,10.065729471422962,0.0,0.0,275.9609458201031,0.0,92.34912619165901,7.717448355056768,5.5,0.0,0.0,0.0,0.0,0.0,1,6,5,0,0,5
467,467,0,7.833449999999999,13.55367,0.853,1.7,4.0,0.471447102,6.885656302,1998-01-01,1999-04-12,601.1776414885541,616.0154235798267,10.599585198667505,0.5299792599333752,10.06960593873413,0.0,0.0,276.544844000828,0.0,92.38469126122632,7.708942581954821,5.5,0.0,0.0,0.0,0.0,0.0,1,6,5,0,0,5
468,468,0,10.26021,15.373739999999998,0.848,2.5,4.6,0.468300807,5.767251093,1998-01-01,1999-04-13,602.1630266624064,617.0059555791934,10.603633502929409,0.5301816751464704,10.073451827782938,0.0,0.0,277.1283594810395,0.0,92.41997578721083,7.700411109453251,5.5,0.0,0.0,0.0,0.0,0.0,1,6,5,0,0,5
469,469,0,7.57344,16.58712,0.758,2.5,1.0,0.465244685,6.236877457,1998-01-01,1999-04-14,603.146850913065,617.9948292092375,10.607649722172871,0.5303824861086436,10.077267236064227,0.0,0.0,277.7114899486866,0.0,92.45498066408952,7.691854138716362,5.5,0.0,0.0,0.0,0.0,0.0,1,6,5,0,0,5
470,470,0,8.09346,12.16695,0.678,1.7,0.4,0.475908629,6.534147834,1998-01-01,1999-04-15,604.1291146393152,618.9820438403226,10.61163395916909,0.5305816979584546,10.081052261210635,0.0,0.0,278.29423309906775,0.0,92.48970678760367,7.683271870477878,5.5,0.0,0.0,0.0,0.0,0.0,1,6,5,0,0,5
471,471,0,6.01338,16.24044,0.623,0.8,0.0,0.472760827,3.890978275,1998-01-01,1999-04-16,605.1098182462246,619.9675988650736,10.615586316842608,0.5307793158421305,10.084807001000478,0.0,0.0,278.87658663486513,0.0,92.5241550548309,7.674664505058142,5.5,0.0,0.0,0.0,0.0,0.0,1,6,5,0,0,5
472,472,0,4.973339999999999,17.19381,0.623,1.15,4.2,0.4697056,1.784601527,1998-01-01,1999-04-17,606.0889621451546,620.9514936982702,10.61950689825704,0.530975344912852,10.088531553344188,0.0,0.0,279.45854826618,0.0,92.55832636406123,7.666032242341071,5.5,0.0,0.0,0.0,0.0,0.0,1,6,5,0,0,5
473,473,0,8.35347,15.11373,0.758,1.95,2.0,0.466740365,5.873836544,1998-01-01,1999-04-18,607.0665467537684,621.9337277767376,10.623395806611835,0.5311697903305918,10.092226016281243,0.0,0.0,280.0401157105659,0.0,92.59222161476839,7.65737528177031,5.5,0.0,0.0,0.0,0.0,0.0,1,6,5,0,0,5
474,474,0,9.65352,16.24044,0.783,0.8,0.2,0.463862624,5.554911929,1998-01-01,1999-04-19,608.042572496038,622.914300559238,10.627253145246085,0.5313626572623042,10.09589048798378,0.0,0.0,280.621286693062,0.0,92.62584170764337,7.64869382235875,5.5,0.0,0.0,0.0,0.0,0.0,1,6,5,0,0,5
475,475,0,11.38692,18.49386,1.108,1.8,5.0,0.461069968,7.149860735,1998-01-01,1999-04-20,609.017039802254,623.8932115263636,10.631079017623954,0.5315539508811977,10.099525066742755,0.0,0.0,281.2020589462272,0.0,92.65918754446713,7.639988062664626,5.5,0.0,0.0,0.0,0.0,0.0,1,6,5,0,0,5
476,476,0,14.3337,20.74728,1.128,1.9,1.0,0.458360066,5.940915572,1998-01-01,1999-04-21,609.9899491090301,624.8704601804276,10.634875935939556,0.5317437967969779,10.103132139142579,0.0,0.0,281.7824302101716,0.0,92.69228102121707,7.646444552063497,5.5,0.0,0.0,0.0,0.0,0.0,1,6,5,0,0,5
477,477,0,10.0002,20.83395,0.968,1.2,0.2,0.455730671,3.908024552,1998-01-01,1999-04-22,610.9627861698176,625.8460460453565,10.638761402804523,0.5319380701402262,10.106823332664296,0.0,0.0,282.36373484384984,0.0,92.72614627631883,7.622673758305036,5.5,0.0,0.0,0.0,0.0,0.0,1,6,5,0,0,5
478,478,0,9.39351,17.28048,0.978,1.3,2.4,0.453179608,6.715558437,1998-01-01,1999-04-23,611.9326032680231,626.8199686665831,10.64249301095612,0.5321246505478061,10.110368360408314,0.0,0.0,282.94331044174794,0.0,92.75867051764824,7.6138952460700295,5.5,0.0,0.0,0.0,0.0,0.0,1,6,5,0,0,5
479,479,0,11.30025,17.45382,0.848,1.3,0.8,0.463429149,5.665322352,1998-01-01,1999-04-24,612.900863551508,627.7922276109382,10.646193571637287,0.5323096785818644,10.113883893055423,0.0,0.0,283.522478252184,0.0,92.79092415301372,7.605093231479255,5.5,0.0,0.0,0.0,0.0,0.0,1,6,5,0,0,5
480,480,0,6.186719999999999,20.660610000000002,0.913,0.7,0.0,0.460806845,2.139552727,1998-01-01,1999-04-25,613.86756748379,628.7628224665435,10.649863188866101,0.5324931594433051,10.117370029422796,0.0,0.0,284.10123604626943,0.0,92.82290808902408,7.59626791071238,5.5,0.0,0.0,0.0,0.0,0.0,1,6,5,0,0,5
481,481,0,14.593710000000002,15.63375,1.153,0.7,4.0,0.458264942,7.165631616,1998-01-01,1999-04-26,614.83271553472,629.7317528427039,10.653501966772524,0.5326750983386263,10.120826868433898,0.0,0.0,284.67958160282,0.0,92.85462323326344,7.587419479487096,5.5,0.0,0.0,0.0,0.0,0.0,1,6,5,0,0,5
482,482,0,12.42696,21.613979999999998,1.238,0.9,3.0,0.455801274,4.929674005,1998-01-01,1999-04-27,615.7963081804849,630.6990183698013,10.65711000958446,0.532855500479223,10.124254509105237,0.0,0.0,285.2575127083869,0.0,92.88607049416945,7.578548133035694,5.5,0.0,0.0,0.0,0.0,0.0,1,6,5,0,0,5
483,483,0,11.906939999999999,21.87399,1.248,1.45,0.0,0.453413747,6.18096463,1998-01-01,1999-04-28,616.7583459036107,631.664618699186,10.660687421632534,0.5330343710816268,10.127653050550908,0.0,0.0,285.8350271572853,0.0,92.91725078107513,7.569654066117997,5.5,0.0,0.0,0.0,0.0,0.0,1,6,5,0,0,5
484,484,0,13.90035,25.34079,1.213,1.25,0.0,0.45110034,4.264224538,1998-01-01,1999-04-29,617.7188291929664,632.6285535030712,10.664234307340791,0.5332117153670396,10.131022591973752,0.0,0.0,286.41212275162536,0.0,92.94816500412766,7.560737473005897,5.5,0.0,0.0,0.0,0.0,0.0,1,6,5,0,0,5
485,485,0,15.373739999999998,22.567349999999998,1.248,0.9,0.0,0.4488591,3.890878966,1998-01-01,1999-04-30,618.6777585437651,633.5908224744256,10.667750771225892,0.5333875385612946,10.134363232664597,0.0,0.0,286.9887973013402,0.0,92.97881407428159,7.551798547486342,5.5,0.0,0.0,0.0,0.0,0.0,1,6,5,0,0,5
486,486,0,11.04024,26.120820000000002,1.163,0.75,0.0,0.446688144,2.873838237,1998-01-01,1999-05-01,619.6351344575663,634.551425326867,10.671236917892902,0.5335618458946451,10.137675071998256,0.0,0.0,287.5650486242156,0.0,93.0091989032618,7.5428374828552816,5.5,0.0,0.0,0.0,0.0,0.0,1,6,5,0,0,5
487,487,0,12.686969999999999,25.16745,1.253,0.5,0.0,0.444585649,4.745156276,1998-01-01,1999-05-02,620.590957442278,635.510361794556,10.674692852027373,0.5337346426013687,10.140958209426005,0.0,0.0,288.140874545918,0.0,93.03932040349493,7.533854471907603,5.5,0.0,0.0,0.0,0.0,0.0,1,6,5,0,0,5
488,488,0,13.466999999999999,25.25412,1.403,0.9,4.0,0.442549859,5.240898397,1998-01-01,1999-05-03,621.545228012155,636.4676316320891,10.678118678401269,0.5339059339200635,10.144212744481205,0.0,0.0,288.7162729000221,0.0,93.06917948816047,7.524849706949629,5.5,0.0,0.0,0.0,0.0,0.0,1,6,5,0,0,5
489,489,0,17.28048,21.35397,1.518,1.45,0.6,0.440579076,7.133712701,1998-01-01,1999-05-04,622.4979466878025,637.4232346143936,10.681514501857045,0.5340757250928523,10.147438776764192,0.0,0.0,289.2912415280394,0.0,93.0987770710526,7.515823379774483,5.5,0.0,0.0,0.0,0.0,0.0,1,6,5,0,0,5
490,490,0,16.50045,21.52731,1.583,0.6,0.6,0.450340943,7.128165088,1998-01-01,1999-05-05,623.4491139961732,638.3771705366203,10.684880427312116,0.5342440213656058,10.15063640594651,0.0,0.0,289.86577827944456,0.0,93.12811406661861,7.506775681672908,5.5,0.0,0.0,0.0,0.0,0.0,1,6,5,0,0,5
491,491,0,13.466999999999999,25.080779999999997,1.318,0.7,0.4,0.448324705,3.412676712,1998-01-01,1999-05-06,624.3987304705685,639.3294392140388,10.688216559756823,0.5344108279878411,10.153805731768982,0.0,0.0,290.43988101170237,0.0,93.15719138994157,7.4977068034320435,5.5,0.0,0.0,0.0,0.0,0.0,1,6,5,0,0,5
492,492,0,13.813680000000002,25.34079,1.408,1.5,28.0,0.446375327,5.268954522,1998-01-01,1999-05-07,625.3467966506372,640.2800404819316,10.69152300424247,0.5345761502121236,10.156946854030346,0.0,0.0,291.0135475902951,0.0,93.1860099566358,7.48861693531817,5.5,0.0,0.0,0.0,0.0,0.0,1,6,5,0,0,5
493,493,0,15.807089999999999,21.35397,1.268,0.95,0.8,0.444491132,5.392551349,1998-01-01,1999-05-08,626.293313082374,641.2289741954885,10.694799865885194,0.5347399932942597,10.160059872590935,0.0,0.0,291.5867758887474,0.0,93.2145706828807,7.4795062670858705,5.5,0.0,0.0,0.0,0.0,0.0,1,6,5,0,0,5
494,494,0,9.65352,24.56076,1.158,1.0,0.0,0.442670499,1.142850544,1998-01-01,1999-05-09,627.238280318117,642.1762402297012,10.698047249857924,0.5349023624928962,10.163144887365027,0.0,0.0,292.1595637886527,0.0,93.24287448535077,7.4703749879673325,5.5,0.0,0.0,0.0,0.0,0.0,1,6,5,0,0,5
495,495,0,15.200399999999998,24.56076,1.418,1.05,4.0,0.440911866,6.405193308,1998-01-01,1999-05-10,628.1816989165467,643.1218384792583,10.701265261391377,0.5350632630695689,10.166201998321808,0.0,0.0,292.73190917969833,0.0,93.27092228122396,7.461223286676722,5.5,0.0,0.0,0.0,0.0,0.0,1,6,5,0,0,5
496,496,0,16.9338,23.69406,1.683,0.55,0.9,0.439213724,7.022247413,1998-01-01,1999-05-11,629.1235694426831,644.0657688584404,10.704454005765605,0.5352227002882802,10.169231305477325,0.0,0.0,293.30380995969057,0.0,93.2987149881085,7.45205135139921,5.5,0.0,0.0,0.0,0.0,0.0,1,6,5,0,0,5
497,497,0,18.75387,24.38742,1.713,0.9,7.8,0.437574618,6.886357345,1998-01-01,1999-05-12,630.0638924678823,645.0080313010152,10.707613588310275,0.5353806794155138,10.172232908894761,0.0,0.0,293.8752640345793,0.0,93.32625352404482,7.442859369793755,5.5,0.0,0.0,0.0,0.0,0.0,1,6,5,0,0,5
498,498,0,16.32711,24.38742,1.608,0.8,8.2,0.435993145,6.219559544,1998-01-01,1999-05-13,631.0026685698338,645.9486257601333,10.710744114393961,0.5355372057196981,10.175206908674262,0.0,0.0,294.44626931848205,0.0,93.3535388074126,7.433647528977913,5.5,0.0,0.0,0.0,0.0,0.0,1,6,5,0,0,5
499,499,0,16.153769999999998,20.14059,1.463,1.0,2.0,0.434467955,7.075001895,1998-01-01,1999-05-14,631.939898332555,646.8875522082225,10.71384568943897,0.5356922844719486,10.178153404967022,0.0,0.0,295.0168237337075,0.0,93.38057175705978,7.424416015556821,5.5,0.0,0.0,0.0,0.0,0.0,1,6,5,0,0,5
500,500,0,14.94039,21.52731,1.173,1.3,0.0,0.432997745,6.232676895,1998-01-01,1999-05-15,632.8755823463908,647.8248106368858,10.716918418892224,0.5358459209446113,10.181072497947612,0.0,0.0,295.58692521078024,0.0,93.40735329204891,7.4151650155754645,5.5,0.0,0.0,0.0,0.0,0.0,1,6,5,0,0,5
501,501,0,11.38692,22.04733,1.038,1.25,3.0,0.442558373,1.649705859,1998-01-01,1999-05-16,633.8097212080058,648.7604010567952,10.71996240824267,0.5359981204121337,10.183964287830538,0.0,0.0,296.15657168846235,0.0,93.43388433180873,7.405894714552442,5.5,0.0,0.0,0.0,0.0,0.0,1,6,5,0,0,5
502,502,0,13.29366,17.36715,1.263,1.05,33.0,0.441066499,7.156323457,1998-01-01,1999-05-17,634.7423155203807,649.6943234975893,10.722977763006837,0.5361488881503419,10.186828874856495,0.0,0.0,296.72576111377725,0.0,93.46016579600843,7.396605297457429,5.5,0.0,0.0,0.0,0.0,0.0,1,6,5,0,0,5
503,503,0,14.16036,25.34079,1.318,1.6,0.0,0.439631499,3.64290985,1998-01-01,1999-05-18,635.673365892807,650.6265780077684,10.725964588731305,0.5362982294365652,10.189666359294739,0.0,0.0,297.2944914420312,0.0,93.48619860457914,7.387296948719623,5.5,0.0,0.0,0.0,0.0,0.0,1,6,5,0,0,5
504,504,0,14.16036,21.613979999999998,1.273,1.15,0.2,0.438252101,5.510921892,1998-01-01,1999-05-19,636.6028729408832,651.5571646545925,10.72892299098509,0.5364461495492545,10.192476841435836,0.0,0.0,297.86276063683624,0.0,93.51198367764756,7.377969852216836,5.5,0.0,0.0,0.0,0.0,0.0,1,6,5,0,0,5
505,505,0,13.38033,18.40719,1.273,1.2,11.0,0.436927082,6.981903151,1998-01-01,1999-05-20,637.5308372865062,652.4860835239765,10.731853075357492,0.5365926537678747,10.195260421589618,0.0,0.0,298.43056667013116,0.0,93.5375219355171,7.368624191275562,5.5,0.0,0.0,0.0,0.0,0.0,1,6,5,0,0,5
506,506,0,14.767050000000001,19.62057,1.353,2.45,1.0,0.435655264,6.521298506,1998-01-01,1999-05-21,638.4572595578674,653.4133347203882,10.734754947462317,0.5367377473731159,10.1980172000892,0.0,0.0,298.997907522203,0.0,93.5628142987048,7.3592601486812015,5.5,0.0,0.0,0.0,0.0,0.0,1,6,5,0,0,5
507,507,0,15.72042,19.96725,1.408,1.4,0.2,0.434435517,7.094615875,1998-01-01,1999-05-22,639.382140389446,654.3389183667454,10.737628712915466,0.5368814356457733,10.200747277269693,0.0,0.0,299.56478118170844,0.0,93.58786168774601,7.349877906643016,5.5,0.0,0.0,0.0,0.0,0.0,1,6,5,0,0,5
508,508,0,14.85372,20.22726,1.228,0.85,0.0,0.433266755,6.874707337,1998-01-01,1999-05-23,640.3054804220019,655.2628346043119,10.740474477356829,0.5370237238678415,10.203450753488987,0.0,0.0,300.13118564569345,0.0,93.61266502338508,7.340477646834502,5.5,0.0,0.0,0.0,0.0,0.0,1,6,5,0,0,5
509,509,0,11.906939999999999,25.42746,1.298,0.7,0.2,0.432147936,1.538247826,1998-01-01,1999-05-24,641.2272803025688,656.1850835925973,10.743294947228033,0.5371647473614017,10.206130199866632,0.0,0.0,300.6971189196145,0.0,93.63724789463701,7.345795315889877,5.5,0.0,0.0,0.0,0.0,0.0,1,6,5,0,0,5
510,510,0,15.28707,25.77414,1.443,0.9,0.0,0.431078065,3.545670405,1998-01-01,1999-05-25,642.1489819300092,657.1056655092526,10.746194074590182,0.5373097037295091,10.208884370860673,0.0,0.0,301.2638759707377,0.0,93.66251633498246,7.321773476158591,5.5,0.0,0.0,0.0,0.0,0.0,1,6,5,0,0,5
511,511,0,14.420369999999998,26.98752,1.468,0.8,0.0,0.430056185,1.022840064,1998-01-01,1999-05-26,643.0677230147509,658.0245805499691,10.748956065463503,0.5374478032731752,10.211508262190328,0.0,0.0,301.82887270132846,0.0,93.68658951042428,7.312319383002827,5.5,0.0,0.0,0.0,0.0,0.0,1,6,5,0,0,5
512,512,0,14.85372,29.84763,1.313,1.8,0.0,0.429081385,2.533946708,1998-01-01,1999-05-27,643.98492579474,658.9418289283767,10.751690480789824,0.5375845240394912,10.214105956750332,0.0,0.0,302.39339225466006,0.0,93.71042234076315,7.302847999550936,5.5,0.0,0.0,0.0,0.0,0.0,1,6,5,0,0,5
513,513,0,17.88717,29.67429,1.523,0.8,0.0,0.428152795,1.831227504,1998-01-01,1999-05-28,644.9005909431936,659.8574108759422,10.7543974261852,0.53771987130926,10.21667755487594,0.0,0.0,302.95743267039586,0.0,93.73401574653569,7.293359504587729,5.5,0.0,0.0,0.0,0.0,0.0,1,6,5,0,0,5
514,514,0,18.49386,31.06101,1.383,1.8,0.0,0.427269586,2.604766417,1998-01-01,1999-05-29,645.8147191395514,660.7713266418671,10.757077007260133,0.5378538503630067,10.219223156897126,0.0,0.0,303.52099199670187,0.0,93.7573706482302,7.283854076332124,5.5,0.0,0.0,0.0,0.0,0.0,1,6,5,0,0,5
515,515,0,19.36056,31.58103,1.453,0.9,0.0,0.426430969,3.676875085,1998-01-01,1999-05-30,646.7273110694667,661.6835764929874,10.75972932961324,0.5379864664806621,10.221742863132578,0.0,0.0,304.0840682902647,0.0,93.78048796623123,7.274331892428977,5.5,0.0,0.0,0.0,0.0,0.0,1,6,5,0,0,5
516,516,0,18.14718,28.37424,1.778,0.8,0.2,0.425636195,5.061730188,1998-01-01,1999-05-31,647.6383674247987,662.5941607136721,10.762354498831575,0.5381177249415788,10.224236773889997,0.0,0.0,304.6466596163097,0.0,93.80336862082281,7.264793129954226,5.5,0.0,0.0,0.0,0.0,0.0,1,6,5,0,0,5
517,517,0,17.54049,31.92771,1.913,0.7,10.6,0.424884555,2.844835186,1998-01-01,1999-06-01,648.5478889036033,663.5030796057225,10.76495262048202,0.5382476310241011,10.22670498945792,0.0,0.0,305.20876404861843,0.0,93.82601353211288,7.255237965401798,5.5,0.0,0.0,0.0,0.0,0.0,1,6,5,0,0,5
518,518,0,19.70724,26.640839999999997,1.663,1.2,6.0,0.434340454,5.560799153,1998-01-01,1999-06-02,649.4558762101229,664.4103334882718,10.767523800118246,0.5383761900059123,10.229147610112333,0.0,0.0,305.7703796695453,0.0,93.8484236200944,7.2456665747006355,5.5,0.0,0.0,0.0,0.0,0.0,1,6,5,0,0,5
519,519,0,14.07369,27.50754,1.428,1.4,1.6,0.433609877,3.488047231,1998-01-01,1999-06-03,650.3623300547792,665.3159226976846,10.770068143263689,0.5385034071631845,10.231564736100504,0.0,0.0,306.33150457003546,0.0,93.87059980449679,7.2360791331879994,5.5,0.0,0.0,0.0,0.0,0.0,1,6,5,0,0,5
520,520,0,15.980430000000002,22.134,1.223,1.3,3.0,0.432924714,6.447064881,1998-01-01,1999-06-04,651.2672511541609,666.2198475874568,10.772585755421451,0.5386292877710726,10.233956467650378,0.0,0.0,306.89213684963994,0.0,93.89254300487218,7.226475815629957,5.5,0.0,0.0,0.0,0.0,0.0,1,6,5,0,0,5
521,521,0,15.547080000000001,17.10714,1.278,1.4,16.0,0.432284312,7.147128762,1998-01-01,1999-06-05,652.1706402310158,667.1221085281157,10.775076742066581,0.5387538371033291,10.236322904963252,0.0,0.0,307.4522746165327,0.0,93.91425414052824,7.216856796211777,5.5,0.0,0.0,0.0,0.0,0.0,1,6,5,0,0,5
522,522,0,14.07369,21.70065,1.243,1.45,0.0,0.43168806,5.75877272,1998-01-01,1999-06-06,653.0724980142403,668.0227059071206,10.777541208638176,0.5388770604319089,10.238664148206267,0.0,0.0,308.0119159875263,0.0,93.93573413045927,7.207222248527879,5.5,0.0,0.0,0.0,0.0,0.0,1,6,5,0,0,5
523,523,0,14.50704,23.26071,1.288,0.8,1.4,0.431135388,5.280076374,1998-01-01,1999-06-07,653.9728252388678,668.9216401287626,10.779979260548673,0.5389989630274338,10.24098029752124,0.0,0.0,308.57105908808694,0.0,93.9569838934272,7.19757234560104,5.5,0.0,0.0,0.0,0.0,0.0,1,6,5,0,0,5
524,524,0,14.3337,20.83395,1.063,1.6,0.0,0.430625765,3.868759902,1998-01-01,1999-06-08,654.8716226460606,669.8189116140671,10.782391003164996,0.5391195501582499,10.243271453006747,0.0,0.0,309.1297020523503,0.0,93.97800434779727,7.187907259853714,5.5,0.0,0.0,0.0,0.0,0.0,1,6,5,0,0,5
525,525,0,10.60689,22.82736,1.018,1.05,0.0,0.430158703,1.144268967,1998-01-01,1999-06-09,655.7688909830969,670.7145208006929,10.784776541819943,0.5392388270909971,10.245537714728945,0.0,0.0,309.6878430231356,0.0,93.99879641163733,7.178227163130911,5.5,0.0,0.0,0.0,0.0,0.0,1,6,5,0,0,5
526,526,0,12.86031,23.60739,1.248,1.1,0.0,0.429733751,4.021878161,1998-01-01,1999-06-10,656.6646310033608,671.6084681428342,10.787135981802372,0.5393567990901186,10.247779182712254,0.0,0.0,310.24548015196046,0.0,94.01936100263222,7.168532226687075,5.5,0.0,0.0,0.0,0.0,0.0,1,6,5,0,0,5
527,527,0,13.466999999999999,23.52072,1.303,1.1,0.0,0.4293505,4.611509296,1998-01-01,1999-06-11,657.5588434663316,672.500754111123,10.789469428352634,0.5394734714176318,10.249995956935003,0.0,0.0,310.8026115990552,0.0,94.03969903804403,7.158822621181347,5.5,0.0,0.0,0.0,0.0,0.0,1,6,5,0,0,5
528,528,0,14.68038,25.34079,1.213,0.9,0.0,0.42900858,3.180093554,1998-01-01,1999-06-12,658.4515291375714,673.391379192529,10.791776986666983,0.5395888493333493,10.252188137333635,0.0,0.0,311.359235533376,0.0,94.05981143475036,7.14909851668935,5.5,0.0,0.0,0.0,0.0,0.0,1,6,5,0,0,5
529,529,0,14.767050000000001,25.25412,1.308,1.5,0.0,0.428707659,4.655894872,1998-01-01,1999-06-13,659.3426887887142,674.2803438902638,10.794058761890327,0.5397029380945163,10.25435582379581,0.0,0.0,311.9153501326194,0.0,94.07969910918149,7.1393600826933445,5.5,0.0,0.0,0.0,0.0,0.0,1,6,5,0,0,5
530,530,0,14.68038,20.92062,1.378,1.65,8.0,0.428447449,6.528506516,1998-01-01,1999-06-14,660.2323231974547,675.1676487236813,10.796314859107698,0.5398157429553849,10.256499116152312,0.0,0.0,312.47095358323463,0.0,94.09936297724573,7.129607488072162,5.5,0.0,0.0,0.0,0.0,0.0,1,6,5,0,0,5
531,531,0,16.58712,26.38083,1.413,1.8,0.0,0.428227696,4.048516472,1998-01-01,1999-06-15,661.1204331475349,676.0532942281809,10.798545383355382,0.5399272691677691,10.258618114187612,0.0,0.0,313.0260440804366,0.0,94.1188039544265,7.119840901122627,5.5,0.0,0.0,0.0,0.0,0.0,1,6,5,0,0,5
532,532,0,14.85372,27.16086,1.293,1.2,0.0,0.428048187,1.528085596,1998-01-01,1999-06-16,662.0070194287333,676.9372809551103,10.800750439605185,0.5400375219802592,10.260712917624925,0.0,0.0,313.5806198282187,0.0,94.13802295564527,7.110060489537642,5.5,0.0,0.0,0.0,0.0,0.0,1,6,5,0,0,5
533,533,0,15.547080000000001,27.59421,1.408,1.45,0.0,0.427908749,1.858036094,1998-01-01,1999-06-17,662.8920828368523,677.8196094716682,10.802930132770097,0.5401465066385048,10.262783626131592,0.0,0.0,314.1346790393647,0.0,94.15702089531086,7.1002664204177846,5.5,0.0,0.0,0.0,0.0,0.0,1,6,5,0,0,5
534,534,0,17.19381,24.734099999999998,1.298,1.65,0.0,0.427809248,3.663786522,1998-01-01,1999-06-18,663.7756241737055,678.7002803608077,10.805084567695504,0.5402542283847752,10.264830339310729,0.0,0.0,314.68821993546106,0.0,94.17579868724285,7.09045886026132,5.5,0.0,0.0,0.0,0.0,0.0,1,6,5,0,0,5
535,535,0,13.29366,24.99411,1.078,1.5,0.0,0.427749585,1.389051982,1998-01-01,1999-06-19,664.6576442471056,679.5792942211398,10.80721384916179,0.5403606924580896,10.266853156703702,0.0,0.0,315.241240746908,0.0,94.19435724469434,7.080637974970987,5.5,0.0,0.0,0.0,0.0,0.0,1,6,5,0,0,5
536,536,0,13.640339999999998,24.47409,1.268,1.35,0.4,0.427729704,6.142769774,1998-01-01,1999-06-20,665.5381438708506,680.4566516668367,10.809318081878454,0.5404659040939227,10.268852177784531,0.0,0.0,315.7937397129309,0.0,94.21269748030045,7.070803929848051,5.5,0.0,0.0,0.0,0.0,0.0,1,6,5,0,0,5
537,537,0,16.153769999999998,21.613979999999998,1.068,2.3,0.0,0.427749585,5.154804362,1998-01-01,1999-06-21,666.4171238647119,681.332353327536,10.811397370483734,0.5405698685241868,10.270827501959547,0.0,0.0,316.3457150815915,0.0,94.23082030607537,7.060956889595665,5.5,0.0,0.0,0.0,0.0,0.0,1,6,5,0,0,5
538,538,0,10.08687,21.78732,0.863,1.35,0.0,0.427809248,2.278043787,1998-01-01,1999-06-22,667.2945850544207,682.2063998482454,10.813453035537755,0.5406726517768877,10.272780383760868,0.0,0.0,316.89716510979815,0.0,94.24873723185999,7.06538081894431,5.5,0.0,0.0,0.0,0.0,0.0,1,6,5,0,0,5
539,539,0,10.346879999999999,25.16745,0.928,1.05,0.0,0.427908749,1.520861257,1998-01-01,1999-06-23,668.1719252440936,683.0787918892457,10.81558250631215,0.5407791253156076,10.274803380996543,0.0,0.0,317.44934526532757,0.0,94.26729743929783,7.041358232356337,5.5,0.0,0.0,0.0,0.0,0.0,1,6,5,0,0,5
540,540,0,13.03365,27.68088,1.063,1.0,0.0,0.428048187,0.792729055,1998-01-01,1999-06-24,669.0463685869033,683.9495301259974,10.817587246358176,0.5408793623179088,10.276707884040267,0.0,0.0,317.9997501392601,0.0,94.28477050892644,7.031472453658283,5.5,0.0,0.0,0.0,0.0,0.0,1,6,5,0,0,5
541,541,0,14.16036,31.23435,1.288,1.0,0.0,0.428227696,1.151377049,1998-01-01,1999-06-25,669.9192955294118,684.8186152490442,10.819567462387166,0.5409783731193584,10.278589089267808,0.0,0.0,318.5496244498456,0.0,94.30202983021498,7.021574337814082,5.5,0.0,0.0,0.0,0.0,0.0,1,6,5,0,0,5
542,542,0,19.36056,26.03415,1.558,0.85,22.0,0.428447449,5.719412395,1998-01-01,1999-06-26,670.7907069219633,685.6860479639191,10.821523258614661,0.5410761629307331,10.280447095683929,0.0,0.0,319.0989664897801,0.0,94.3190763114933,7.01166404646168,5.5,0.0,0.0,0.0,0.0,0.0,1,6,5,0,0,5
543,543,0,18.06051,24.734099999999998,1.598,1.2,14.0,0.428707659,5.901264293,1998-01-01,1999-06-27,671.6606036207847,686.5518289910489,10.823454739172291,0.5411727369586146,10.282282002213677,0.0,0.0,319.64777456065144,0.0,94.33591086035999,7.001741740641256,5.5,0.0,0.0,0.0,0.0,0.0,1,6,5,0,0,5
544,544,0,14.767050000000001,23.69406,1.223,1.15,0.0,0.42900858,5.248537939,1998-01-01,1999-06-28,672.5289864879724,687.4159590656614,10.825362008095444,0.5412681004047722,10.284093907690671,0.0,0.0,320.19604697295,0.0,94.35253438357482,6.991807580775791,5.5,0.0,0.0,0.0,0.0,0.0,1,6,5,0,0,5
545,545,0,14.68038,26.20749,1.548,0.95,0.2,0.4293505,5.887287825,1998-01-01,1999-06-29,673.3958563914762,688.2784389376894,10.827245169334223,0.5413622584667113,10.285882910867512,0.0,0.0,320.743782046075,0.0,94.36894778715421,6.981861726694834,5.5,0.0,0.0,0.0,0.0,0.0,1,6,5,0,0,5
546,546,0,18.58053,25.86081,1.543,1.45,0.0,0.429733751,5.379746263,1998-01-01,1999-06-30,674.2612142050879,689.139269371679,10.829104326741328,0.5414552163370664,10.287649110404262,0.0,0.0,321.2909781083445,0.0,94.38515197626558,6.971904337616909,5.5,0.0,0.0,0.0,0.0,0.0,1,6,5,0,0,5
547,547,0,15.547080000000001,28.2009,1.448,0.7,0.0,0.430158703,0.711439189,1998-01-01,1999-07-01,675.1250608084245,689.9984511466951,10.830939584069373,0.5415469792034687,10.289392604865904,0.0,0.0,321.83763349700246,0.0,94.4011478552041,6.961935572147918,5.5,0.0,0.0,0.0,0.0,0.0,1,6,5,0,0,5
548,548,0,16.50045,32.01438,1.738,0.6,0.0,0.430625765,0.683345986,1998-01-01,1999-07-02,675.9873970869149,690.8559850562275,10.832751044978002,0.5416375522489001,10.291113492729101,0.0,0.0,322.3837465582261,0.0,94.41693632745454,6.951955588297807,5.5,0.0,0.0,0.0,0.0,0.0,1,6,5,0,0,5
549,549,0,20.4006,31.49436,1.893,0.8,0.0,0.431135388,1.940432244,1998-01-01,1999-07-03,676.8482239317859,691.7118719080996,10.834538813017735,0.5417269406508868,10.292811872366848,0.0,0.0,322.92931564713405,0.0,94.43251829555065,6.941964543455827,5.5,0.0,0.0,0.0,0.0,0.0,1,6,5,0,0,5
550,550,0,20.57394,34.18113,1.633,1.25,4.0,0.43168806,2.593588025,1998-01-01,1999-07-04,677.7075422400458,692.5661125243743,10.836302991639608,0.5418151495819804,10.294487842057627,0.0,0.0,323.4743391277924,0.0,94.44789466115895,6.931962594411018,5.5,0.0,0.0,0.0,0.0,0.0,1,6,5,0,0,5
551,551,0,20.31393,25.25412,1.798,1.2,14.0,0.432284312,6.266193867,1998-01-01,1999-07-05,678.5653529144706,693.4187077412619,10.838043684187944,0.5419021842093973,10.296141499978548,0.0,0.0,324.01881537322214,0.0,94.46306632501604,6.9219498973430795,5.5,0.0,0.0,0.0,0.0,0.0,1,6,5,0,0,5
552,552,0,17.45382,24.12741,1.603,1.15,2.0,0.432924714,4.825900362,1998-01-01,1999-07-06,679.4216568635899,694.2696584090286,10.839760993897361,0.541988049694868,10.297772944202492,0.0,0.0,324.56274276540523,0.0,94.47803418690222,6.9119266078210995,5.5,0.0,0.0,0.0,0.0,0.0,1,6,5,0,0,5
553,553,0,18.06051,25.080779999999997,1.688,1.55,0.8,0.433609877,6.019565287,1998-01-01,1999-07-07,680.2764550016695,695.1189653919039,10.841455023889822,0.542072751194491,10.29938227269533,0.0,0.0,325.10611969529083,0.0,94.49279914561595,6.901892880801782,5.5,0.0,0.0,0.0,0.0,0.0,1,6,5,0,0,5
554,554,0,17.10714,26.640839999999997,1.603,2.15,0.0,0.434340454,3.760397852,1998-01-01,1999-07-08,681.1297482486983,695.966629567989,10.843125877177776,0.5421562938588889,10.300969583318887,0.0,0.0,325.64894456280103,0.0,94.50736209900114,6.891848870638328,5.5,0.0,0.0,0.0,0.0,0.0,1,6,5,0,0,5
555,555,0,17.62716,26.640839999999997,1.473,2.5,0.0,0.424884555,2.177848416,1998-01-01,1999-07-09,681.9815375303715,696.8126518291656,10.844773656654132,0.5422386828327066,10.302534973821425,0.0,0.0,326.1912157768365,0.0,94.52172394385983,6.8817947310677985,5.5,0.0,0.0,0.0,0.0,0.0,1,6,5,0,0,5
556,556,0,17.8005,24.907439999999998,1.763,1.35,8.0,0.425636195,6.699861687,1998-01-01,1999-07-10,682.8318237780767,697.6570330810051,10.84639846509775,0.5423199232548875,10.304078541842863,0.0,0.0,326.7329317552816,0.0,94.53588557600001,6.871730615222358,5.5,0.0,0.0,0.0,0.0,0.0,1,6,5,0,0,5
557,557,0,20.92062,27.3342,2.068,0.65,1.0,0.426430969,6.0542896,1998-01-01,1999-07-11,683.6806079288765,698.4997742426774,10.848000405166392,0.5424000202583196,10.305600384908072,0.0,0.0,327.27409092500966,0.0,94.54984789017426,6.861656675622212,5.5,0.0,0.0,0.0,0.0,0.0,1,6,5,0,0,5
558,558,0,18.84054,29.58762,2.023,0.7,0.0,0.427269586,4.909864541,1998-01-01,1999-07-12,684.5278909254946,699.3408762468604,10.849579579393604,0.5424789789696803,10.307100600423924,0.0,0.0,327.81469172188747,0.0,94.56361178005243,6.851573064173244,5.5,0.0,0.0,0.0,0.0,0.0,1,6,5,0,0,5
559,559,0,20.4006,29.67429,1.998,1.1,5.0,0.428152795,2.761326015,1998-01-01,1999-07-13,685.3736737162986,700.1803400396496,10.8511360901918,0.54255680450959,10.308579285682208,0.0,0.0,328.35473259077935,0.0,94.5771781382486,6.841479932175984,5.5,0.0,0.0,0.0,0.0,0.0,1,6,5,0,0,5
560,560,0,20.31393,26.120820000000002,1.643,1.75,0.0,0.429081385,4.064251808,1998-01-01,1999-07-14,686.2179572552849,701.0181665804689,10.8526700398455,0.542633501992275,10.310036537853223,0.0,0.0,328.89421198555203,0.0,94.59054785626219,6.831377430316991,5.5,0.0,0.0,0.0,0.0,0.0,1,6,5,0,0,5
