fattening_day,doy,rad,mint,maxt,vpr,wind,rain,aha,okta,growth_start_date,growth_date,tbw_kg,genetic_potential_tbw_kg,feed_intake_kg_dm_day,feed1_available_kg_dm_day,feed2_available_kg_dm_day,feed3_available_kg_dm_day,feed4_available_kg_dm_day,beef_production_kg,beef_event_kg,me_uptake_mj_day,heat_production,genotype,heat_stress,cold_stress,digestion_cap,energy,protein,scale,breed,diet,sex_animal,housing,case_id
1,1,0.0,6.8714129999999995,15.261068999999999,0.6175678242271376,0.3018402777777778,2.64,1.3,1.0,2015-01-01,2015-01-01,43.0,43.0,0.0,0.0,0.0,0.0,0.0,16.125,0.0,0.0,9.0,0.0,4.5,3.5,0.0,0.0,0.0,1,6,1,0,0,1
2,2,0.0,8.786819999999999,15.850425000000001,0.6820145906830116,0.37164930555555553,2.64,1.3,1.0,2015-01-01,2015-01-02,43.41788637866393,46.736070979478086,0.0,0.0,0.0,0.0,0.0,16.501097740797533,0.0,0.0,5.444553389175917,0.0,4.5,3.5,0.0,0.0,0.5,1,6,1,0,0,1
3,3,0.0,8.483475,14.429037000000001,0.6370365638516057,0.3863454861111111,2.64,1.3,2.0,2015-01-01,2015-01-03,44.397444830920385,47.90159255241451,0.0,0.0,0.0,0.0,0.0,16.80928930678048,0.0,0.0,5.612673742387015,0.0,4.5,3.5,0.0,0.0,0.5,1,6,1,0,0,1
4,4,0.0,5.8032052499999995,13.267658999999998,0.5461247194441231,0.4787413194444444,2.962916666666666,1.3,4.0,2015-01-01,2015-01-04,45.402068714971385,49.06909675724984,0.0,0.0,0.0,0.0,0.0,17.128943408416433,0.0,0.0,5.754822789869088,0.0,0.0,3.5,0.0,0.0,0.5,1,6,1,0,0,1
5,5,0.0,5.155347,13.137654,0.5291780697313748,0.5562847222222222,3.84,1.3,0.0,2015-01-01,2015-01-05,46.427656387120926,50.23857159271273,0.0,0.0,0.0,0.0,0.0,17.458871113293174,0.0,0.0,5.775783778362493,0.0,0.0,3.5,0.0,0.0,0.5,1,6,1,0,0,1
6,6,0.0,5.831372999999999,16.925133,0.6331001256325715,1.227230902777778,3.84,1.3,1.0,2015-01-01,2015-01-06,47.465567933600866,51.41000502965602,0.0,0.0,0.0,0.0,0.0,17.796359953589683,0.0,0.0,5.798650524739202,0.0,0.0,3.5,0.0,0.0,0.5,1,6,1,0,0,1
7,7,0.0,10.57005525,16.881798,0.761434474608906,1.937769097222222,3.4058333333333333,1.3,2.0,2015-01-01,2015-01-07,48.51286738890145,52.58338501157954,0.0,0.0,0.0,0.0,0.0,18.14047863761124,0.0,0.0,5.819907591102243,0.0,0.0,3.5,0.0,0.0,0.5,1,6,1,0,0,1
8,8,0.0,1.2985319999999998,10.546221,0.4056250611098692,0.8699565972222222,11.243333333333332,1.3,3.0,2015-01-01,2015-01-08,49.567496983828974,53.75869945515052,0.0,0.0,0.0,0.0,0.0,18.490558109558304,0.0,0.0,5.840120138188486,0.0,0.0,3.5,0.0,0.0,0.5,1,6,1,0,0,1
9,9,0.0,-1.5615780000000008,7.608108,0.3170712351359722,0.6678819444444444,10.08,1.3,4.0,2015-01-01,2015-01-09,50.62793056027825,54.93593625072424,0.0,0.0,0.0,0.0,0.0,18.846088600977456,0.0,0.0,5.8596876771742785,0.0,0.0,3.5,0.0,0.0,0.5,1,6,1,0,0,1
10,10,0.0,0.9865199999999996,7.729445999999999,0.3554517500098806,0.44681423611111115,10.08,1.3,5.0,2015-01-01,2015-01-10,51.69298906982917,56.11508326286332,0.0,0.0,0.0,0.0,0.0,19.20666501797964,0.0,0.0,5.878901349713048,0.0,0.0,3.5,0.0,0.0,0.5,1,6,1,0,0,1
11,11,0.0,0.8536259999999993,7.876785,0.3556701520856344,0.42745659722222223,10.08,1.3,4.0,2015-01-01,2015-01-11,52.76173306391295,57.296128330855595,0.0,0.0,0.0,0.0,0.0,19.571955171418047,0.0,0.0,5.897977891089338,0.0,0.0,3.5,0.0,0.0,0.5,1,6,1,0,0,1
12,12,0.0,-1.0328910000000011,11.256915,0.378904187554298,0.6266493055555555,10.08,1.3,0.0,2015-01-01,2015-01-12,53.833395692983416,58.479059269231584,0.0,0.0,0.0,0.0,0.0,19.941679971813034,0.0,0.0,5.91708109334378,0.0,0.0,3.5,0.0,0.0,0.5,1,6,1,0,0,1
13,13,0.0,2.9192609999999997,15.096396000000002,0.5232489955055005,0.21719618055555556,10.08,1.3,0.0,2015-01-01,2015-01-13,54.907338719684006,59.66386386828077,0.0,0.0,0.0,0.0,0.0,20.315600396781416,0.0,0.0,5.936336039079563,0.0,0.0,3.5,0.0,0.0,0.5,1,6,1,0,0,1
14,14,0.0,5.155347,14.819052,0.5664087089579074,0.6238107638888889,10.08,1.3,3.0,2015-01-01,2015-01-14,55.9830224144691,60.85052989456642,0.0,0.0,0.0,0.0,0.0,20.693508533032972,0.0,0.0,5.955838902183479,0.0,0.0,3.5,0.0,0.0,0.5,1,6,1,0,0,1
15,15,0.0,6.810744,13.475667,0.573565964064009,1.354392361111111,9.3425,1.3,4.0,2015-01-01,2015-01-15,57.05998423904996,62.0390450914399,0.0,0.0,0.0,0.0,0.0,21.075221193980862,0.0,0.0,5.975663901030281,0.0,0.0,3.5,0.0,0.0,0.5,1,6,1,0,0,1
16,16,0.0,7.22676,14.186361000000002,0.6000799996975077,0.7060416666666667,5.574999999999999,1.3,2.0,2015-01-01,2015-01-16,58.13782331785499,63.229397179553075,0.0,0.0,0.0,0.0,0.0,21.46057523361302,0.0,0.0,5.995868352683633,0.0,0.0,3.5,0.0,0.0,0.5,1,6,1,0,0,1
17,17,0.0,5.2983525,13.276326,0.5352603759542941,0.5018663194444444,4.324999999999999,1.3,4.0,2015-01-01,2015-01-17,59.21618885062367,64.42157385737073,0.0,0.0,0.0,0.0,0.0,21.849424016900645,0.0,0.0,6.016496420894235,0.0,0.0,3.5,0.0,0.0,0.5,1,6,1,0,0,1
18,18,0.0,2.43463125,10.858233,0.4308952561804913,0.806484375,3.249166666666667,1.3,2.0,2015-01-01,2015-01-18,60.29477128558394,65.6155628016802,0.0,0.0,0.0,0.0,0.0,22.241634702545632,0.0,0.0,6.037581942228414,0.0,0.0,3.5,0.0,0.0,0.5,1,6,1,0,0,1
19,19,0.0,1.6538789999999999,10.624224,0.413046128528579,0.8988975694444444,3.3600000000000003,1.3,1.0,2015-01-01,2015-01-19,61.373295474006596,66.81135166810117,0.0,0.0,0.0,0.0,0.0,22.637086111213815,0.0,0.0,6.05915058722398,0.0,0.0,3.5,0.0,0.0,0.5,1,6,1,0,0,1
20,20,0.0,1.8792209999999994,11.274249,0.4284036901817853,0.25059895833333334,3.3600000000000003,1.3,2.0,2015-01-01,2015-01-20,62.451515277379976,68.00892809159382,0.0,0.0,0.0,0.0,0.0,23.03566702539063,0.0,0.0,6.081221532917526,0.0,0.0,3.5,0.0,0.0,0.5,1,6,1,0,0,1
21,21,0.0,2.5899149999999995,14.264364,0.4990527161007499,0.53375,3.3600000000000003,1.3,1.0,2015-01-01,2015-01-21,63.52920925960667,69.20827968696511,0.0,0.0,0.0,0.0,0.0,23.43727481383425,0.0,0.0,6.103808770541269,0.0,0.0,3.5,0.0,0.0,0.5,1,6,1,0,0,1
22,22,0.0,5.7187019999999995,13.423665,0.5477062496291808,0.5998350694444444,3.3600000000000003,1.3,5.0,2015-01-01,2015-01-22,64.60617720315295,70.40939404937455,0.0,0.0,0.0,0.0,0.0,23.841814304494477,0.0,0.0,6.126922137008192,0.0,0.0,3.5,0.0,0.0,0.5,1,6,1,0,0,1
23,23,0.0,3.3872789999999995,11.976276,0.4694452143451774,0.9987673611111112,3.3600000000000003,1.3,1.0,2015-01-01,2015-01-23,65.68223726019252,71.6122587548382,0.0,0.0,0.0,0.0,0.0,24.24919685064567,0.0,0.0,6.150568134747012,0.0,0.0,3.5,0.0,0.0,0.5,1,6,1,0,0,1
24,24,0.0,2.9279279999999996,10.390215,0.4313484635933993,0.5646354166666667,3.3600000000000003,1.3,2.0,2015-01-01,2015-01-24,66.75722359964048,72.8168613607317,0.0,0.0,0.0,0.0,0.0,24.659339549406102,0.0,0.0,6.109413754905301,0.0,0.0,3.5,0.0,0.0,0.5,1,6,1,0,0,1
25,25,0.0,3.1272689999999996,12.452961,0.4736498847871605,0.33623263888888894,3.3600000000000003,1.3,2.0,2015-01-01,2015-01-25,67.83211998164572,74.02318940629118,0.2661863608604895,0.1730211345593182,0.09316522630117133,0.0,0.0,25.045704431535658,0.0,3.175935360448546,6.500836412351452,0.0,0.0,3.5,0.0,0.0,0.5,1,6,1,0,0,1
26,26,0.0,5.224683,13.753011,0.5440699821682798,0.7782899305555556,3.3600000000000003,1.3,4.0,2015-01-01,2015-01-26,68.96137005616312,75.23123041311374,0.2728652536789297,0.17736241489130433,0.09550283878762539,0.0,0.0,25.400999985641914,0.0,3.255622883889491,6.5137892433304785,0.0,0.0,3.5,0.0,0.0,0.5,1,6,1,0,0,1
27,27,0.0,6.238721999999999,14.905722,0.5936612379565486,0.5299565972222222,3.3600000000000003,1.3,4.0,2015-01-01,2015-01-27,70.0919892315282,76.44097188565559,0.2787843154959312,0.1812098050723553,0.0975745104235759,0.0,0.0,25.759391237676347,0.0,3.326244675571553,6.5237329441341405,0.0,0.0,3.5,0.0,0.0,0.5,1,6,1,0,0,1
28,28,0.0,6.1347179999999994,14.264364,0.5761700559730059,0.95,6.108333333333333,1.3,7.0,2015-01-01,2015-01-28,71.22358634106509,77.65240131172942,0.2824461512677584,0.18358999832404296,0.09885615294371544,0.0,0.0,26.12067990435953,0.0,3.3978938981736246,6.526618146178661,0.0,0.0,3.5,0.0,0.0,0.5,1,6,1,0,0,1
29,29,0.0,8.630813999999999,15.347739,0.6645174699512197,0.999227430555556,4.32,1.3,7.0,2015-01-01,2015-01-29,72.35530710807416,78.86550616299996,0.2864756434116686,0.1862091682175846,0.10026647519408399,0.0,0.0,26.48451943247344,0.0,3.446369640211799,6.529514439326468,0.0,0.0,3.5,0.0,0.0,0.5,1,6,1,0,0,1
30,30,0.0,10.338213,14.281697999999999,0.6815489942402565,1.0554600694444443,6.418333333333333,1.3,4.0,2015-01-01,2015-01-30,73.48727735980793,80.08027389547806,0.29085530745590354,0.1890559498463373,0.10179935760956624,0.0,0.0,26.85106675907029,0.0,3.4990580329024414,6.532462121607971,0.0,0.0,3.5,0.0,0.0,0.5,1,6,1,0,0,1
31,31,0.0,6.4987319999999995,14.758382999999998,0.5963455711133926,1.107734375,28.85375,1.3,2.0,2015-01-01,2015-01-31,74.61958261106318,81.29669195001316,0.29556708864238473,0.1921186076175501,0.10344848102483464,0.0,0.0,27.220413153300658,0.0,3.5557418732423156,6.535608320953033,0.0,0.0,3.5,0.0,0.0,0.5,1,6,1,0,0,1
32,32,0.0,6.9147479999999995,15.278403,0.6190630288836136,0.5241840277777778,29.040000000000003,1.3,1.0,2015-01-01,2015-02-01,75.75219232767684,82.51474775278467,0.3005882730572615,0.19538237748721998,0.10520589557004151,0.0,0.0,27.59246251687517,0.0,3.616147907484008,6.538940585641645,0.0,0.0,3.5,0.0,0.0,0.5,1,6,1,0,0,1
33,33,0.0,7.365432,16.491783,0.6613377961911532,0.6120225694444444,29.040000000000003,1.3,3.0,2015-01-01,2015-02-02,76.8850778568208,83.73442871579107,0.3058980629661913,0.19883374092802436,0.10706432203816696,0.0,0.0,27.96712543681939,0.0,3.680025933972082,6.542446977432949,0.0,0.0,3.5,0.0,0.0,0.5,1,6,1,0,0,1
34,34,0.0,9.176835,18.034509,0.7543437884444673,0.6677430555555556,29.040000000000003,1.3,3.0,2015-01-01,2015-02-03,78.01821220778208,84.95572223733785,0.31147737083793475,0.2024602910446576,0.10901707979327716,0.0,0.0,28.34431854543821,0.0,3.7471463251982926,6.5461160702828725,0.0,0.0,3.5,0.0,0.0,0.5,1,6,1,0,0,1
35,35,0.0,11.523425249999999,18.84054,0.852059682819204,1.1004600694444444,29.040000000000003,1.3,5.0,2015-01-01,2015-02-04,79.15156986532668,86.17861570252404,0.31730864052571833,0.20625061634171693,0.1110580241840014,0.0,0.0,28.72396395746275,0.0,3.8355606859350844,6.549936943129684,0.0,0.0,3.5,0.0,0.0,0.5,1,6,1,0,0,1
36,36,0.0,4.279979999999999,14.732382000000001,0.5448337376064113,1.135720486111111,7.721250000000001,1.3,2.0,2015-01-01,2015-02-05,80.2851266301313,87.40309648372642,0.32337569135961547,0.21019419938375006,0.11318149197586541,0.0,0.0,29.105988773177785,0.0,3.9088979313990295,6.553899168444439,0.0,0.0,3.5,0.0,0.0,0.5,1,6,1,0,0,1
37,37,0.0,4.522656,15.261068999999999,0.5620737041028031,0.7391059027777778,2.4000000000000004,1.3,0.0,2015-01-01,2015-02-06,81.41885948180872,88.62915194108263,0.32966358166104137,0.2142813280796769,0.11538225358136447,0.0,0.0,29.49032463822496,0.0,3.984904638300121,6.557992797807561,0.0,0.0,3.5,0.0,0.0,0.5,1,6,1,0,0,1
38,38,0.0,4.8,15.703085999999999,0.5785830791155798,0.9317274305555555,2.4000000000000004,1.3,6.0,2015-01-01,2015-02-07,82.55274646087382,89.85676942297243,0.33615848881389643,0.2185030177290327,0.11765547108486374,0.0,0.0,29.876907352307718,0.0,4.063413721737041,6.562208345493495,0.0,0.0,3.5,0.0,0.0,0.5,1,6,1,0,0,1
39,39,0.0,11.04024,16.743126,0.7713042031782075,1.594626736111111,4.187916666666667,1.3,7.0,2015-01-01,2015-02-08,83.68676656665485,91.0859362664973,0.34284760350723154,0.2228509422797005,0.11999666122753103,0.0,0.0,30.265676520267743,0.0,4.144270345429856,6.566536770786534,0.0,0.0,3.5,0.0,0.0,0.5,1,6,1,0,0,1
40,40,0.0,11.802935999999999,16.465782,0.7859569542673281,1.5727604166666667,5.870833333333334,1.3,6.0,2015-01-01,2015-02-09,84.82089966868126,92.31663979795815,0.3497190361695179,0.22731737351018663,0.12240166265933125,0.0,0.0,30.65657524001953,0.0,4.227330790716973,6.570969459593254,0.0,0.0,3.5,0.0,0.0,0.5,1,6,1,0,0,1
41,41,0.0,11.568926999999999,15.495078,0.750028695896142,1.6433854166666668,12.339166666666666,1.3,7.0,2015-01-01,2015-02-10,85.95512642950366,93.54886733333126,0.35676173392893995,0.23189512705381096,0.12486660687512897,0.0,0.0,31.049549822666098,0.0,4.312461452788476,6.575498205764131,0.0,0.0,3.5,0.0,0.0,0.5,1,6,1,0,0,1
42,42,0.0,12.140948999999999,15.001058999999998,0.752310443752916,1.3565017361111111,12.6225,1.3,7.0,2015-01-01,2015-02-11,87.08942823724757,94.78260617874298,0.3639654066971411,0.23657751435314173,0.1273878923439994,0.0,0.0,31.444549540810605,0.0,4.39953794720185,6.580115192429876,0.0,0.0,3.5,0.0,0.0,0.5,1,6,1,0,0,1
43,43,0.0,8.02195725,15.278403,0.6469165689241436,1.130980902777778,14.504583333333333,1.3,5.0,2015-01-01,2015-02-12,88.22378714648089,96.01784363094185,0.3713204611947552,0.2413582997765909,0.1299621614181643,0.0,0.0,31.841526401653507,0.0,4.488444312396378,6.584812973593053,0.0,0.0,3.5,0.0,0.0,0.5,1,6,1,0,0,1
44,44,0.0,7.460768999999999,15.174399000000001,0.6300532827773128,0.4865711805555556,16.799999999999997,1.3,0.0,2015-01-01,2015-02-13,89.3581858262073,97.25456697776946,0.37881794190830936,0.2462316622404011,0.13258627966790826,0.0,0.0,32.24043494194554,0.0,4.579072295992476,6.589584456133146,0.0,0.0,3.5,0.0,0.0,0.5,1,6,1,0,0,1
45,45,0.0,5.365521749999999,14.732382000000001,0.5692323167753089,0.6110850694444445,16.799999999999997,1.3,2.0,2015-01-01,2015-02-14,90.49260751398535,98.49276349862924,0.38644947811926544,0.25119216077752254,0.1352573173417429,0.0,0.0,32.6412320422701,0.0,4.6713207144898,6.594422882345372,0.0,0.0,3.5,0.0,0.0,0.5,1,6,1,0,0,1
46,46,0.0,4.982006999999999,13.423665,0.5316036357509248,0.663810763888889,16.799999999999997,1.3,2.0,2015-01-01,2015-02-15,91.62703597532925,99.73242046495363,0.3942072362687989,0.2562347035747193,0.1379725326940796,0.0,0.0,33.04387675846853,0.0,4.765094877462619,6.599321813094209,0.0,0.0,3.5,0.0,0.0,0.5,1,6,1,0,0,1
47,47,0.0,7.062087,11.421588,0.5332886142939034,0.4917708333333333,13.88583333333333,1.3,7.0,2015-01-01,2015-02-16,92.7614554676768,100.97352514066893,0.40208387702525283,0.26135452006641435,0.14072935695883848,0.0,0.0,33.4483301683098,0.0,4.860306068600164,6.604275111636124,0.0,0.0,3.5,0.0,0.0,0.5,1,6,1,0,0,1
48,48,0.0,7.330763999999999,14.099691,0.6004962057778098,0.6381684027777778,7.84375,1.3,4.0,2015-01-01,2015-02-17,93.89585070831785,102.21606478265892,0.4100725165058039,0.26654713572877253,0.14352538077703136,0.0,0.0,33.8545552317508,0.0,4.956871076962195,6.609276928135742,0.0,0.0,3.5,0.0,0.0,0.5,1,6,1,0,0,1
49,49,0.0,6.92124825,14.94039,0.6109315455200022,0.7489149305555556,4.347916666666666,1.3,4.0,2015-01-01,2015-02-18,95.0302068457655,103.46002664122614,0.41816669117994154,0.271808349266962,0.14635834191297953,0.0,0.0,34.26251666334201,0.0,5.054711772739584,6.614321684893376,0.0,0.0,3.5,0.0,0.0,0.5,1,6,1,0,0,1
50,50,0.0,6.4900649999999995,11.863605,0.530482927673452,0.7565711805555555,8.301666666666668,1.3,6.0,2015-01-01,2015-02-19,96.1645094341284,104.70539796055101,0.4263603260446096,0.27713421192899623,0.14922611411561335,0.0,0.0,34.67218081551234,0.0,5.153754722562064,6.619404062287288,0.0,0.0,3.5,0.0,0.0,0.5,1,6,1,0,0,1
51,51,0.0,6.7450192499999995,11.707598999999998,0.5326171795500185,1.2383680555555554,8.0,1.3,6.0,2015-01-01,2015-02-20,97.29874441010594,105.95216597914958,0.43464770571129785,0.2825210087123436,0.15212669699895423,0.0,0.0,35.083515571620374,0.0,5.253930840005015,6.624518985418377,0.0,0.0,3.5,0.0,0.0,0.5,1,6,1,0,0,1
52,52,0.0,-1.1217277499999998,7.547439,0.3222889400477366,0.740407986111111,10.895,1.3,4.0,2015-01-01,2015-02-21,98.43289807228055,107.20031793032922,0.4430234480901131,0.28796524125857353,0.1550582068315396,0.0,0.0,35.49649024779173,0.0,5.355175067488005,6.629661611438214,0.0,0.0,3.5,0.0,0.0,0.5,1,6,1,0,0,1
53,53,0.0,-1.4481847500000002,6.403395,0.3024692413901447,1.455078125,2.88,1.3,5.0,2015-01-01,2015-02-22,99.56695706242695,108.44984104264182,0.4514824804017435,0.29346361226113327,0.15801886814061022,0.0,0.0,35.91107550267629,0.0,5.457426086312416,6.63482731755368,0.0,0.0,3.5,0.0,0.0,0.5,1,6,1,0,0,1
54,54,0.0,-1.570245,7.868117999999999,0.3205213947628482,1.389765625,2.88,1.3,2.0,2015-01-01,2015-02-23,100.70090834859658,109.70072254033568,0.4600200172707143,0.2990130112259643,0.16100700604475,0.0,0.0,36.32724325435892,0.0,5.560626051857294,6.640011689670002,0.0,0.0,3.5,0.0,0.0,0.5,1,6,1,0,0,1
55,55,0.0,0.024483000000000033,10.381548,0.3818252112626945,0.8916319444444445,2.88,1.3,0.0,2015-01-01,2015-02-24,101.83473920976824,110.95294964380486,0.46863154069056273,0.3046105014488658,0.16402103924169692,0.0,0.0,36.74496660374311,0.0,5.6647203514025435,6.645210511655106,0.0,0.0,3.5,0.0,0.0,0.5,1,6,1,0,0,1
56,56,0.0,0.81318,10.26021,0.3927067660858445,0.4376736111111111,2.88,1.3,5.0,2015-01-01,2015-02-25,102.96843722188208,112.20650957003676,0.47731278167421765,0.3102533080882415,0.16705947358597617,0.0,0.0,37.16421976380229,0.0,5.769657382322557,6.65041975519876,0.0,0.0,3.5,0.0,0.0,0.5,1,6,1,0,0,1
57,57,0.0,2.351572499999999,10.936236000000001,0.4308046652068463,0.9190538194444444,2.88,1.3,1.0,2015-01-01,2015-02-26,104.10199024510082,113.46138953305785,0.486059703419107,0.31593880722241957,0.1701208961966874,0.0,0.0,37.58497799415969,0.0,5.875388348589545,6.655635570227667,0.0,0.0,3.5,0.0,0.0,0.5,1,6,1,0,0,1
58,58,0.0,1.4718719999999994,12.955646999999999,0.4516573672501419,0.7386718750000001,2.88,1.3,0.0,2015-01-01,2015-02-27,105.23538641215835,114.71757674437652,0.49486848584909277,0.3216645158019103,0.17320397004718247,0.0,0.0,38.00721754051439,0.0,5.981867073919657,6.660854275872705,0.0,0.0,3.5,0.0,0.0,0.5,1,6,1,0,0,1
59,59,0.0,4.357982999999999,15.226401,0.5575729608953012,0.59984375,2.88,1.3,0.0,2015-01-01,2015-02-28,106.36861411767836,115.97505841342536,0.5037355113880277,0.32742808240221805,0.1763074289858097,0.0,0.0,38.43091557848336,0.0,6.0890498298067115,6.666072351921651,0.0,0.0,3.5,0.0,0.0,0.5,1,6,1,0,0,1
60,60,0.0,8.275466999999999,17.8005,0.7216490824250477,0.6559809027777778,2.88,1.3,0.0,2015-01-01,2015-03-01,107.50166200835446,117.23382174799934,0.5126573518672279,0.33322727871369817,0.17943007315352977,0.0,0.0,38.856050161471714,0.0,6.196895177262451,6.671286430781441,0.0,0.0,3.5,0.0,0.0,0.5,1,6,1,0,0,1
61,61,0.0,7.001417999999999,15.590415,0.6289682595856247,0.4431684027777778,2.88,1.3,2.0,2015-01-01,2015-03-02,108.63451897390338,118.49385395469415,0.5216307564435704,0.33905999168832074,0.1825707647552496,0.0,0.0,39.28260017222531,0.0,6.3053638207730245,6.6764932898700895,0.0,0.0,3.5,0.0,0.0,0.5,1,6,1,0,0,1
62,62,0.0,6.8800799999999995,14.654378999999999,0.602998789358753,0.9071961805555555,3.330833333333333,1.3,3.0,2015-01-01,2015-03-03,109.76717413870685,119.75514223934044,0.5306526404497124,0.34492421629231307,0.18572842415739932,0.0,0.0,39.710545277751976,0.0,6.414418473522766,6.681689844452931,0.0,0.0,3.5,0.0,0.0,0.5,1,6,1,0,0,1
63,63,0.0,7.7532802499999995,13.510335000000001,0.5965007623666945,0.7053211805555555,2.4000000000000004,1.3,3.0,2015-01-01,2015-03-04,110.89961685407279,121.01767380743667,0.5397200750895808,0.3508180488082275,0.18890202628135325,0.0,0.0,40.13986588733048,0.0,6.524023732835414,6.686873140888206,0.0,0.0,3.5,0.0,0.0,0.5,1,6,1,0,0,1
64,64,0.0,4.422263249999999,13.72701,0.5260980930813068,0.9900086805555556,3.998333333333333,1.3,4.0,2015-01-01,2015-03-05,112.0318366910537,122.28143586458077,0.5488302778967271,0.35673968063287265,0.19209059726385447,0.0,0.0,40.57054311335311,0.0,6.6341459648367005,6.692040350237034,0.0,0.0,3.5,0.0,0.0,0.5,1,6,1,0,0,1
65,65,0.0,3.3959459999999995,12.088947000000001,0.4717957505070064,1.388203125,3.3600000000000003,1.3,0.0,2015-01-01,2015-03-06,113.16382343376411,123.546415616898,0.5579806039008135,0.3626873925355288,0.1952932113652847,0.0,0.0,41.0025587347712,0.0,6.744753197676673,6.69718876225029,0.0,0.0,3.5,0.0,0.0,0.5,1,6,1,0,0,1
66,66,0.0,3.7079579999999996,16.84713,0.5797929283047699,0.5369618055555556,3.3600000000000003,1.3,1.0,2015-01-01,2015-03-07,114.29556707315044,124.8126002714676,0.5747823400139959,0.3736085210090973,0.20117381900489853,0.0,0.0,41.435895162936035,0.0,6.947849080550856,6.718170055926051,0.0,0.0,3.5,0.0,0.0,0.5,1,6,1,0,0,1
67,67,0.0,8.327469,18.736536,0.750028695896142,0.37805555555555553,3.3600000000000003,1.3,7.0,2015-01-01,2015-03-08,115.43014304067718,126.07997703674727,0.5923602778496191,0.3850341806022524,0.20732609724736667,0.0,0.0,41.87052257403416,0.0,7.160327528003231,6.740633975826047,0.0,0.0,3.5,0.0,0.0,0.5,1,6,1,0,0,1
68,68,0.0,6.299391,16.344444,0.6302704851908877,1.2407118055555555,3.230833333333333,1.3,3.0,2015-01-01,2015-03-09,116.5678601090971,127.34853312299492,0.6098909977927638,0.3964291485652965,0.2134618492274673,0.0,0.0,42.30644371658516,0.0,7.3722352154165325,6.762862724088441,0.0,0.0,3.5,0.0,0.0,0.5,1,6,1,0,0,1
69,69,0.0,2.5436909999999995,12.184284,0.4573010318029994,1.1030815972222223,2.88,1.3,2.0,2015-01-01,2015-03-10,117.70869535356016,128.6182557426888,0.6273752939321253,0.40779394105588146,0.21958135287624383,0.0,0.0,42.743664446977,0.0,7.583581741569344,6.784861178254186,0.0,0.0,3.5,0.0,0.0,0.5,1,6,1,0,0,1
70,70,0.0,1.7665499999999996,15.919761000000001,0.5162844080676127,0.6993836805555556,2.88,1.3,0.0,2015-01-01,2015-03-11,118.85262647710262,129.88913211094507,0.6448139364703055,0.4191290587056986,0.22568487776460688,0.0,0.0,43.18219054019017,0.0,7.794376416510125,6.806634001965256,0.0,0.0,3.5,0.0,0.0,0.5,1,6,1,0,0,1
71,71,0.0,6.351393,16.977135,0.6476393398195057,0.872734375,2.88,1.3,2.0,2015-01-01,2015-03-12,119.99963178766856,131.16114944593312,0.6622076721159167,0.43043498687534587,0.23177268524057082,0.0,0.0,43.62202769253868,0.0,8.004628266296882,6.828185655799437,0.0,0.0,3.5,0.0,0.0,0.5,1,6,1,0,0,1
72,72,0.0,9.462845999999999,14.784384,0.671606128584187,0.7374565972222222,2.88,1.3,7.0,2015-01-01,2015-03-13,121.14969017617122,132.434294969289,0.6795572245177552,0.44171219593654093,0.2378450285812143,0.0,0.0,44.063181524452105,0.0,8.214346038245386,6.8495204074821565,0.0,0.0,3.5,0.0,0.0,0.5,1,6,1,0,0,1
73,73,0.0,8.318802,20.088588,0.790188164410532,0.40512152777777777,2.88,1.3,1.0,2015-01-01,2015-03-14,122.30278109553545,133.70855590652582,0.6968632947381029,0.4529611415797669,0.24390215315833602,0.0,0.0,44.50565758327706,0.0,8.423538206650322,6.870642341531983,0.0,0.0,3.5,0.0,0.0,0.5,1,6,1,0,0,1
74,74,0.0,9.974198999999999,19.897914,0.8361185615405324,0.5864496527777778,5.47625,1.3,5.0,2015-01-01,2015-03-15,123.45888454066888,134.98391948744325,0.7141265617470156,0.46418226513556016,0.24994429661145545,0.0,0.0,44.949461346080646,0.0,8.632212978760156,6.8915553683460375,0.0,0.0,3.5,0.0,0.0,0.5,1,6,1,0,0,1
75,75,0.0,11.178912,18.251184,0.8220168854363613,0.4928645833333334,6.219166666666667,1.3,3.0,2015-01-01,2015-03-16,124.61798102930932,136.26037294653287,0.7313476829461205,0.47537599391497837,0.25597168903114215,0.0,0.0,45.39459822243929,0.0,8.840378301108688,6.91226323280129,0.0,0.0,3.5,0.0,0.0,0.5,1,6,1,0,0,1
76,76,0.0,10.866900000000001,18.069177,0.8065039934756427,1.039201388888889,10.8925,1.3,4.0,2015-01-01,2015-03-17,125.78005158370374,137.53790352338297,0.7485272947016501,0.4865427415560726,0.26198455314557756,0.0,0.0,45.84107355720105,0.0,9.048041865958242,6.932769522363005,0.0,0.0,3.5,0.0,0.0,0.5,1,6,1,0,0,1
77,77,0.0,9.901974,18.199182,0.7808708356431103,0.7625434027777778,12.544583333333334,1.3,3.0,2015-01-01,2015-03-18,126.94507771307315,138.8164984630801,0.7656660128903995,0.49768290837875967,0.2679831045116398,0.0,0.0,46.288892633209464,0.0,9.255211117899115,6.953077674752883,0.0,0.0,3.5,0.0,0.0,0.5,1,6,1,0,0,1
78,78,0.0,9.532181999999999,18.129846,0.7676787757257568,0.9046354166666664,3.8341666666666665,1.3,4.0,2015-01-01,2015-03-19,128.11304139682275,140.09614501660838,0.7827644334550234,0.5087968817457652,0.2739675517092582,0.0,0.0,46.738060673980144,0.0,9.461893260561851,6.973190985205869,0.0,0.0,3.5,0.0,0.0,0.5,1,6,1,0,0,1
79,79,0.0,12.582965999999999,15.685752,0.7859569542673281,2.2368229166666667,8.57125,1.3,5.0,2015-01-01,2015-03-20,129.2839250684599,141.37683044124697,0.7998231329581162,0.5198850364227756,0.27993809653534063,0.0,0.0,47.18858284632256,0.0,9.66809526331488,6.993112613322072,0.0,0.0,3.5,0.0,0.0,0.5,1,6,1,0,0,1
80,80,0.0,12.643635,19.299891,0.9050749137410654,1.0351822916666666,5.38125,1.3,4.0,2015-01-01,2015-03-21,130.45771160018185,142.65854200096453,0.816842669140751,0.5309477349414882,0.2858949341992628,0.0,0.0,47.6404642629007,0.0,9.873823868015991,7.012845589561428,0.0,0.0,3.5,0.0,0.0,0.5,1,6,1,0,0,1
81,81,0.0,8.081904,17.54049,0.7089406117877947,1.7464496527777778,16.868333333333332,1.3,5.0,2015-01-01,2015-03-22,131.6343842881018,143.94126696681207,0.8338235814760807,0.5419853279594525,0.2918382535166282,0.0,0.0,48.093709984727795,0.0,10.079085595704187,7.032392821384067,0.0,0.0,3.5,0.0,0.0,0.5,1,6,1,0,0,1
82,82,0.0,7.088087999999999,12.296955,0.5531040296689078,0.8810590277777778,3.8833333333333337,1.3,3.0,2015-01-01,2015-03-23,132.81392683807917,145.22499261731258,0.8507663917208129,0.5529981546185284,0.2977682371022845,0.0,0.0,48.54832502359119,0.0,10.28388675326575,7.051757099071811,0.0,0.0,3.5,0.0,0.0,0.5,1,6,1,0,0,1
83,83,0.0,6.966749999999999,15.477744000000001,0.6252914841858919,0.6175347222222222,2.4000000000000004,1.3,8.0,2015-01-01,2015-03-24,133.99632335212644,146.5097062388494,0.8676716044587212,0.5639865428981687,0.30368506156055236,0.0,0.0,49.00431434440461,0.0,10.488233440004127,7.070941101237565,0.0,0.0,3.5,0.0,0.0,0.5,1,6,1,0,0,1
84,84,0.0,9.532181999999999,15.625083,0.6961133425704069,0.7075173611111111,4.993333333333333,1.3,7.0,2015-01-01,2015-03-25,135.1815583153629,147.795395126051,0.8845397076380609,0.5749508099647396,0.3095888976733213,0.0,0.0,49.46168286748555,0.0,10.692131554136093,7.089947400051707,0.0,0.0,3.5,0.0,0.0,0.5,1,6,1,0,0,1
85,85,0.0,7.73450175,14.290364999999998,0.6149234428936368,0.7983854166666666,7.485833333333334,1.3,7.0,2015-01-01,2015-03-26,136.36961658349017,149.08204658217466,0.9013711730995185,0.585891262514687,0.3154799105848315,0.0,0.0,49.92043547075654,0.0,10.895586799173484,7.108778466194748,0.0,0.0,3.5,0.0,0.0,0.5,1,6,1,0,0,1
86,86,0.0,7.313429999999999,17.757165,0.6937458836541361,0.7658854166666667,2.88,1.3,1.0,2015-01-01,2015-03-27,137.5604833707635,150.36964791948662,0.9181664570935177,0.5968081971107866,0.3213582599827312,0.0,0.0,50.380576991869475,0.0,11.098604690176288,7.127436673553534,0.0,0.0,3.5,0.0,0.0,0.5,1,6,1,0,0,1
87,87,0.0,8.769486,19.958582999999997,0.8000496450074712,0.43171006944444446,2.88,1.3,3.0,2015-01-01,2015-03-28,138.75414423843662,151.6581864596405,0.9349260007895737,0.6077019005132229,0.32722410027635074,0.0,0.0,50.84211223025265,0.0,11.301190559909617,7.145924303683344,0.0,0.0,3.5,0.0,0.0,0.5,1,6,1,0,0,1
88,88,0.0,11.854938,21.336636,0.948990858464783,0.4645052083333334,3.21125,1.3,6.0,2015-01-01,2015-03-29,139.9505850836572,152.9476495340532,0.9516502307712168,0.6185726500012909,0.3330775807699259,0.0,0.0,51.30504594908101,0.0,11.503349564826248,7.164243550035858,0.0,0.0,0.0,0.0,0.0,0.5,1,6,1,0,0,1
89,89,0.0,12.873310499999999,18.502527,0.8856971051001753,1.2117621527777778,18.2675,1.3,7.0,2015-01-01,2015-03-30,141.14979212879274,154.2380244842784,0.9683395595210436,0.6294207136886784,0.3389188458323652,0.0,0.0,51.76938287716975,0.0,11.705086690929793,7.182396521977583,0.0,0.0,3.5,0.0,0.0,0.5,1,6,1,0,0,1
90,90,0.0,10.927569,17.592492,0.7936407589971772,1.340720486111111,10.759166666666664,1.3,1.0,2015-01-01,2015-03-31,142.35175191116673,155.52929866237736,0.9849943858939074,0.6402463508310399,0.3447480350628676,0.0,0.0,52.23512771079245,0.0,11.906406759494564,7.200385248609031,0.0,0.0,3.5,0.0,0.0,0.5,1,6,1,0,0,1
91,91,0.0,10.008866999999999,18.207849,0.7843753949993675,0.476640625,18.48,1.3,3.0,2015-01-01,2015-04-01,143.556451273187,156.82145943128802,1.001615095576187,0.6510498121245216,0.3505652834516655,0.0,0.0,52.70228511542497,0.0,12.107314432617088,7.218211682387739,0.0,0.0,3.5,0.0,0.0,0.5,1,6,1,0,0,1
92,92,0.0,10.944903,19.767909,0.8635272486423664,0.5868836805555556,18.48,1.3,0.0,2015-01-01,2015-04-02,144.7638773528483,158.11449416519065,1.0182020615335734,0.6618313399968228,0.35637072153675065,0.0,0.0,53.17085972741609,0.0,12.307814218628861,7.235877702577103,0.0,0.0,3.5,0.0,0.0,0.5,1,6,1,0,0,1
93,93,0.0,11.282916,21.2673,0.9261947422256398,0.8253559027777777,18.48,1.3,6.0,2015-01-01,2015-04-03,145.97401757459264,159.40839024987196,1.034755644447441,0.6725911688908367,0.36216447555660436,0.0,0.0,53.64085615558677,0.0,12.507910477371146,7.2533851185269365,0.0,0.0,3.5,0.0,0.0,0.5,1,6,1,0,0,1
94,94,0.0,13.198322999999998,21.067959,0.988295387152221,0.4622222222222222,18.48,1.3,2.0,2015-01-01,2015-04-04,147.18685964051187,160.70313508308658,1.0512761931348684,0.6833295255376645,0.3679466675972039,0.0,0.0,54.112278982759904,0.0,12.707607425272055,7.270735672785449,0.0,0.0,3.5,0.0,0.0,0.5,1,6,1,0,0,1
95,95,0.0,12.825641999999998,22.784025,1.0394303616078835,0.9647916666666664,18.48,1.3,1.0,2015-01-01,2015-04-05,148.4023915218772,161.99871607491542,1.0677640449610861,0.6940466292247061,0.37371741573638007,0.0,0.0,54.58513276722164,0.0,12.906909140332152,7.287931044073215,0.0,0.0,3.5,0.0,0.0,0.5,1,6,1,0,0,1
96,96,0.0,12.236286,22.420011,1.0029084476196362,1.108446180555556,18.48,1.3,1.0,2015-01-01,2015-04-06,149.62060145098215,163.29512064812286,1.084219526234402,0.7047426920523614,0.3794768341820407,0.0,0.0,55.059422044117134,0.0,13.105819566898226,7.304972850099716,0.0,0.0,3.5,0.0,0.0,0.5,1,6,1,0,0,1
97,97,0.0,15.053061,24.612762,1.2081836184778427,1.259262152777778,18.48,1.3,4.0,2015-01-01,2015-04-07,150.84147791328436,164.59233623850974,1.1006429525941064,0.7154179191861691,0.38522503340793723,0.0,0.0,55.53515132678186,0.0,13.304342520352206,7.321862650261205,0.0,0.0,3.5,0.0,0.0,0.5,1,6,1,0,0,1
98,98,0.0,14.6933805,23.711394,1.1533182839370284,0.6428732638888889,18.48,1.3,1.0,2015-01-01,2015-04-08,152.06500963983527,165.89035029526616,1.1170346293797822,0.7260725090968584,0.3909621202829237,0.0,0.0,56.01232510801114,0.0,13.5024816915753,7.338601948190819,0.0,0.0,3.5,0.0,0.0,0.5,1,6,1,0,0,1
99,99,0.0,13.310994,26.666840999999998,1.222106375124246,1.0178385416666667,18.48,1.3,1.0,2015-01-01,2015-04-09,153.2911855999837,167.18915028131931,1.1333948519957393,0.7367066537972305,0.39668819819850876,0.0,0.0,56.490947861269355,0.0,13.700240651353218,7.355192194208944,0.0,0.0,3.5,0.0,0.0,0.5,1,6,1,0,0,1
100,100,0.0,17.375817,26.20749,1.393485353243293,1.600251736111111,11.375833333333334,1.3,3.0,2015-01-01,2015-04-10,154.51999499434376,168.48872367368102,1.149723906257678,0.7473205390674907,0.4024033671901873,0.0,0.0,56.97102404184145,0.0,13.897622854566551,7.3716347876413755,0.0,0.0,0.0,0.0,0.0,0.5,1,6,1,0,0,1
101,101,0.0,19.10055,22.48068,1.2958941967503124,1.9394270833333336,8.375416666666666,1.3,7.0,2015-01-01,2015-04-11,155.75142724801427,169.78905796379138,1.1661307968476837,0.7579850179509945,0.40814577889668924,0.0,0.0,57.45255808792824,0.0,14.095945927084216,7.401243071242147,5.5,0.0,0.0,0.0,0.0,0.0,1,6,1,0,0,1
102,102,0.0,17.5910475,20.946621,1.158995339420398,2.263532986111111,8.004583333333333,1.3,6.0,2015-01-01,2015-04-12,156.8349424740869,171.09014065786073,1.1900222566072958,0.7735144667947422,0.4165077898125535,0.0,0.0,58.316876758135855,0.0,14.38474091114687,7.4229882169559165,0.0,0.0,3.5,0.0,0.0,0.5,1,6,1,0,0,1
103,103,0.0,10.355547,18.771204,0.8124606518261327,1.4231163194444445,5.258333333333334,1.3,2.0,2015-01-01,2015-04-13,158.07251738869473,172.39195927720812,1.2061378841310637,0.7839896246851914,0.42214825944587225,0.0,0.0,58.79774014096938,0.0,14.579543256449938,7.438719242646451,0.0,0.0,3.5,0.0,0.0,0.5,1,6,1,0,0,1
104,104,0.0,9.592851,17.055138,0.7379618997368121,0.8658680555555556,4.5600000000000005,1.3,2.0,2015-01-01,2015-04-14,159.31267107447206,173.69450135859898,1.2222257691688556,0.7944467499597562,0.42777901920909944,0.0,0.0,59.280125308041725,0.0,14.774010256367001,7.454312816980757,0.0,0.0,3.5,0.0,0.0,0.5,1,6,1,0,0,1
105,105,0.0,10.069536,19.299891,0.8200977726533998,0.755251736111111,4.5600000000000005,1.3,0.0,2015-01-01,2015-04-15,160.5553940639501,174.99775445457874,1.2382860976758405,0.8048859634892964,0.4334001341865441,0.0,0.0,59.764035673406994,0.0,14.968144158685368,7.469769997675844,0.0,0.0,3.5,0.0,0.0,0.5,1,6,1,0,0,1
106,106,0.0,14.221028999999998,21.362637,1.0384190405814706,1.4548177083333333,4.361666666666667,1.3,3.0,2015-01-01,2015-04-16,161.80067707594796,176.30170613380477,1.2543190494571848,0.8153073821471701,0.4390116673100146,0.0,0.0,60.2494746605489,0.0,15.1619471368524,7.485091806682323,0.0,0.0,3.5,0.0,0.0,0.5,1,6,1,0,0,1
107,107,0.0,13.172322000000001,22.896696,1.0574400787909977,1.3310416666666667,4.887499999999999,1.3,2.0,2015-01-01,2015-04-17,163.04851101038764,177.60634398137523,1.270324798395102,0.8257111189568164,0.44461367943828567,0.0,0.0,60.73644570265934,0.0,15.355421292720044,7.500279231747781,0.0,0.0,3.5,0.0,0.0,0.5,1,6,1,0,0,1
108,108,0.0,12.262287,20.617275,0.9378400550225544,1.073810763888889,5.04,1.3,1.0,2015-01-01,2015-04-18,164.29888694328594,178.91165559915618,1.2863035126673423,0.8360972832337725,0.4502062294335698,0.0,0.0,61.224952242885685,0.0,15.548568659185872,7.515333227906821,0.0,0.0,3.5,0.0,0.0,0.5,1,6,1,0,0,1
109,109,0.0,12.730305000000001,23.798064,1.0757229512614008,1.0260503472222222,5.04,1.3,0.0,2015-01-01,2015-04-19,165.55179612191736,180.2176286061058,1.3022553549560913,0.8464659807214594,0.45578937423463195,0.0,0.0,61.71499773454844,0.0,15.74139120271823,7.5302547188998314,0.0,0.0,0.0,0.0,0.0,0.5,1,6,1,0,0,1
110,110,0.0,14.463705000000001,24.049407,1.1579444771909315,0.985824652777778,5.04,1.3,0.0,2015-01-01,2015-04-20,166.80722996013955,181.52425063859556,1.3181804826532892,0.856817313724638,0.4613631689286512,0.0,0.0,62.20658564133062,0.0,15.933890825838064,7.545044598539599,0.0,0.0,0.0,0.0,0.0,0.5,1,6,1,0,0,1
111,111,0.0,15.46041,26.840180999999998,1.330247320383398,0.8424565972222222,5.04,1.3,0.0,2015-01-01,2015-04-21,168.06518003387743,182.8315093507303,1.3340790480546783,0.8671513812355409,0.46692766681913733,0.0,0.0,62.69971943744103,0.0,16.12606936946456,7.559703732005259,0.0,0.0,0.0,0.0,0.0,0.5,1,6,1,0,0,1
112,112,0.0,18.346521,28.287570000000002,1.5545650097754844,1.81671875,5.04,1.3,2.0,2015-01-01,2015-04-22,169.32563807675805,184.13939241466426,1.3499511985483776,0.8774682790564455,0.4724829194919321,0.0,0.0,63.194402607752544,0.0,16.317928615194567,7.57423295708468,0.0,0.0,0.0,0.0,0.0,0.5,1,6,1,0,0,1
113,113,0.0,18.259851,25.990814999999998,1.427414829167162,1.3415451388888888,4.2925,1.3,2.0,2015-01-01,2015-04-23,170.58859597589193,185.44788752091557,1.365797076797266,0.8877680999182229,0.47802897687904305,0.0,0.0,63.69063864791681,0.0,16.509470287507217,7.588633085362809,0.0,0.0,0.0,0.0,0.0,0.5,1,6,1,0,0,1
114,114,0.0,12.966480749999999,25.574799,1.1591499484669658,2.168046875,14.441666666666666,1.3,2.0,2015-01-01,2015-04-24,171.85404576779408,186.75698237867778,1.3816168209132975,0.8980509335936434,0.4835658873196541,0.0,0.0,64.18843106445723,0.0,16.700696055871013,7.602904903354792,0.0,0.0,3.5,0.0,0.0,0.5,1,6,1,0,0,1
115,115,0.0,8.616368999999999,17.904504,0.7343090565859625,2.110130208333333,19.92,1.3,1.0,2015-01-01,2015-04-25,173.12197963444083,188.06666471612908,1.397410564627334,0.9083168670077671,0.4890936976195669,0.0,0.0,64.68778337484099,0.0,16.89160753679674,7.617049173594417,0.0,0.0,3.5,0.0,0.0,0.5,1,6,1,0,0,1
116,116,0.0,8.604813,22.532682,0.8776706501065007,1.2997395833333334,19.92,1.3,0.0,2015-01-01,2015-04-26,174.39238989945667,189.37692228073917,1.4137105213227217,0.9189118388597691,0.49479868246295255,0.0,0.0,65.18869910753182,0.0,17.088638014692613,7.571826829005813,5.5,0.0,3.5,0.0,0.0,0.0,1,6,1,0,0,1
117,117,0.0,14.342367,24.578094,1.175484849071729,1.7516579861111112,19.92,1.3,0.0,2015-01-01,2015-04-27,175.48323502220657,190.68774283957316,1.4362832085913708,0.9335840855843911,0.5026991230069797,0.0,0.0,66.06226915608221,0.0,17.36149195185643,7.663830761098196,0.0,0.0,3.5,0.0,0.0,0.5,1,6,1,0,0,1
118,118,0.0,14.50487325,25.037445,1.2027110420051073,0.990668402777778,11.572916666666664,1.3,3.0,2015-01-01,2015-04-28,176.759483978532,191.99911417959328,1.4518894985329873,0.9437281740464418,0.5081613244865455,0.0,0.0,66.56291403715454,0.0,17.550137530666362,7.6773397527718075,0.0,0.0,0.0,0.0,0.0,0.5,1,6,1,0,0,1
119,119,0.0,14.489705999999998,27.16086,1.2991711599868014,1.0909288194444444,3.84,1.3,0.0,2015-01-01,2015-04-29,178.03817462586156,193.31102410795785,1.4674722996168355,0.9538569947509431,0.5136153048658924,0.0,0.0,67.06517798552247,0.0,17.73849918106116,7.690728345943478,0.0,0.0,0.0,0.0,0.0,0.5,1,6,1,0,0,1
120,120,0.0,18.346521,29.726292,1.636017852951866,0.7263020833333332,3.84,1.3,2.0,2015-01-01,2015-04-30,179.31930003581513,194.6234604523184,1.4830316802178287,0.9639705921415886,0.5190610880762401,0.0,0.0,67.56906374562531,0.0,17.926577729542526,7.703997107262976,0.0,0.0,0.0,0.0,0.0,0.5,1,6,1,0,0,1
121,121,0.0,19.741908,32.222388,1.8753016732670285,0.819704861111111,3.84,1.3,4.0,2015-01-01,2015-05-01,180.60285339904348,195.936411061113,1.498567706446834,0.974069009190442,0.5244986972563919,0.0,0.0,68.07457409168677,0.0,18.114373975244817,7.717146587307435,0.0,0.0,0.0,0.0,0.0,0.5,1,6,1,0,0,1
122,122,0.0,19.863246,30.905004,1.7987029704306996,0.8348784722222222,3.84,1.3,4.0,2015-01-01,2015-05-02,181.88882802227275,197.24986380385866,1.514080442241489,0.9841522874569679,0.5299281547845212,0.0,0.0,68.58171182718583,0.0,18.301888691032875,7.730177321306016,0.0,0.0,0.0,0.0,0.0,0.5,1,6,1,0,0,1
123,123,0.0,18.121178999999998,30.298314,1.6561937193790888,1.5458072916666665,3.84,1.3,0.0,2015-01-01,2015-05-03,183.17721732544257,198.56380657143956,1.5295699494564041,0.9942204671466627,0.5353494823097414,0.0,0.0,69.09047978432896,0.0,18.48912262459234,7.743089829842967,0.0,0.0,0.0,0.0,0.0,0.5,1,6,1,0,0,1
124,124,0.0,18.23385,29.526951,1.6180435466352407,0.7428211805555556,3.84,1.3,2.0,2015-01-01,2015-05-04,184.46801483893498,199.87822727639406,1.5450362879504216,1.0042735871677742,0.5407627007826474,0.0,0.0,69.60088082352435,0.0,18.676076499484413,7.7558846195307485,0.0,0.0,0.0,0.0,0.0,0.5,1,6,1,0,0,1
125,125,0.0,18.84054,27.68088,1.5483385692306475,0.6354947916666666,7.1625000000000005,1.3,5.0,2015-01-01,2015-05-05,185.76121420089072,201.19311385319907,1.5604795156647375,1.0143116851820795,0.546167830482658,0.0,0.0,70.11291783285854,0.0,18.86275101609019,7.768562183638744,0.0,0.0,0.0,0.0,0.0,0.5,1,6,1,0,0,1
126,126,0.0,17.994785250000003,26.276826,1.4284913116040885,0.8272743055555556,6.847083333333333,1.3,4.0,2015-01-01,2015-05-06,187.05680915460903,202.5084542585505,1.5758996887080088,1.0243347976602057,0.551564891047803,0.0,0.0,70.62659372757537,0.0,19.04914685263941,7.781123002723619,0.0,0.0,0.0,0.0,0.0,0.5,1,6,1,0,0,1
127,127,0.0,14.49909525,22.914029999999997,1.111720341180562,0.8185763888888888,6.047916666666667,1.3,5.0,2015-01-01,2015-05-07,188.35479354603055,203.8242364716436,1.5915738923852563,1.0345230300504167,0.5570508623348396,0.0,0.0,71.14191144955856,0.0,19.23861335852524,7.681750175557394,5.5,0.0,0.0,0.0,0.0,0.0,1,6,1,0,0,1
128,128,0.0,14.16036,27.490206,1.2991711599868014,0.6566753472222222,5.28,1.3,3.0,2015-01-01,2015-05-08,189.44984306808982,205.1404484944481,1.6137545223209555,1.048940439508621,0.5648140828123344,0.0,0.0,72.02113258617364,0.0,19.506728188394625,7.824626063713176,0.0,0.0,0.0,0.0,0.0,0.5,1,6,1,0,0,1
129,129,0.0,17.939172,27.871554,1.509564230597708,0.750859375,5.28,1.3,4.0,2015-01-01,2015-05-09,190.75347686806037,206.4570783519834,1.6290029799974466,1.0588519369983402,0.5701510429991062,0.0,0.0,72.53645691225667,0.0,19.691048365393886,7.836596307896974,0.0,0.0,0.0,0.0,0.0,0.5,1,6,1,0,0,1
130,130,0.0,16.8427965,25.314789,1.3233552902195522,0.662126736111111,4.669583333333334,1.3,5.0,2015-01-01,2015-05-10,192.059470423769,207.77411409258917,1.6442303912360865,1.0687497543034563,0.5754806369326303,0.0,0.0,73.05347348366979,0.0,19.875114137440708,7.848455460301657,0.0,0.0,0.0,0.0,0.0,0.5,1,6,1,0,0,1
131,131,0.0,16.387779,26.710176,1.369254712161699,0.7540017361111111,4.345416666666667,1.3,2.0,2015-01-01,2015-05-11,193.36781815549904,209.09154378819466,1.6594367647704604,1.0786338971007994,0.580802867669661,0.0,0.0,73.57218460056527,0.0,20.058925610104847,7.860203871259442,0.0,0.0,0.0,0.0,0.0,0.5,1,6,1,0,0,1
132,132,0.0,20.443935,30.549657,1.8129221022495456,0.940746527777778,8.16,1.3,1.0,2015-01-01,2015-05-12,194.67851457053496,210.40935553458525,1.674622108936929,1.0885043708090039,0.5861177381279251,0.0,0.0,74.09259260393567,0.0,20.242482884154494,7.871841883302498,0.0,0.0,0.0,0.0,0.0,0.5,1,6,1,0,0,1
133,133,0.0,21.070125750000003,31.598364,1.9217193462580808,0.4903559027777778,8.16,1.3,2.0,2015-01-01,2015-05-13,195.99155426119734,211.7275374516663,1.6897864317045628,1.0983611806079658,0.5914252510965969,0.0,0.0,74.61469987467369,0.0,20.425786055918117,7.883369831571303,0.0,0.0,0.0,0.0,0.0,0.5,1,6,1,0,0,1
134,134,0.0,21.041957999999997,30.835668,1.869656922869186,0.8897916666666666,5.890000000000001,1.3,7.0,2015-01-01,2015-05-14,197.3069319029384,213.04607768372432,1.7049297407047401,1.1082043314580812,0.596725409246659,0.0,0.0,75.13850883265025,0.0,20.60883521764222,7.894788044208804,0.0,0.0,0.0,0.0,0.0,0.5,1,6,1,0,0,1
135,135,0.0,17.133141000000002,28.096895999999997,1.4785158193783414,1.9312239583333333,2.4000000000000004,1.3,3.0,2015-01-01,2015-05-15,198.62464225249443,214.36496439968636,1.720052043258167,1.1180338281178086,0.6020182151403584,0.0,0.0,75.66402193581061,0.0,20.791630457817973,7.906096842732836,0.0,0.0,0.0,0.0,0.0,0.5,1,6,1,0,0,1
136,136,0.0,14.82410775,26.138154,1.2669597055815884,1.626171875,2.4000000000000004,1.3,0.0,2015-01-01,2015-05-16,199.9446801460941,215.68418579337634,1.7351533464004352,1.127849675160283,0.6073036712401523,0.0,0.0,76.19124167928811,0.0,20.97417186149013,7.917296542392213,0.0,0.0,0.0,0.0,0.0,0.5,1,6,1,0,0,1
137,137,0.0,14.489705999999998,28.694919,1.3735543682278937,0.6540190972222223,2.4000000000000004,1.3,0.0,2015-01-01,2015-05-17,201.26704049772042,217.00373008376874,1.7506561438520127,1.1379264935038083,0.6127296503482044,0.0,0.0,76.72017059453518,0.0,21.161566444659282,7.771389394535797,5.5,0.0,0.0,0.0,0.0,0.0,1,6,1,0,0,1
138,138,0.0,17.289147,30.116307,1.5977832227183912,0.8304079861111111,2.4000000000000004,1.3,1.0,2015-01-01,2015-05-18,202.36505048342522,218.32358551524044,1.7721127963819807,1.1518733176482876,0.6202394787336931,0.0,0.0,77.60372296030604,0.0,21.4209299866018,7.9579051903146745,0.0,0.0,0.0,0.0,0.0,0.5,1,6,1,0,0,1
139,139,0.0,18.372522,31.659032999999997,1.752894551512402,0.8893315972222222,2.4000000000000004,1.3,2.0,2015-01-01,2015-05-19,203.69290758647227,219.64374035781918,1.7870544315830177,1.1615853805289615,0.6254690510540561,0.0,0.0,78.13289716680002,0.0,21.60154135749208,7.968548248423872,0.0,0.0,0.0,0.0,0.0,0.5,1,6,1,0,0,1
140,140,0.0,20.152868249999997,32.222388,1.9022701503542367,1.1250520833333333,2.4000000000000004,1.3,2.0,2015-01-01,2015-05-20,205.02306105147287,220.9641829074311,1.8019767208285622,1.1712848685385655,0.6306918522899967,0.0,0.0,78.6638268160862,0.0,21.781918878506115,7.979086891604302,0.0,0.0,0.0,0.0,0.0,0.5,1,6,1,0,0,1
141,141,0.0,17.97384,29.76096,1.6165535082268423,1.3387152777777778,3.158333333333333,1.3,2.0,2015-01-01,2015-05-21,206.35550625334696,222.28490148614316,1.8168796358181662,1.1809717632818082,0.635907872536358,0.0,0.0,79.19651390399243,0.0,21.962062207553984,7.989521345052038,0.0,0.0,0.0,0.0,0.0,0.5,1,6,1,0,0,1
142,142,0.0,18.337854,31.468359,1.739087603766044,0.9653298611111112,3.3600000000000003,1.3,3.0,2015-01-01,2015-05-22,207.6902386334216,223.60588444240602,1.8317631489684003,1.1906460468294602,0.64111710213894,0.0,0.0,79.73096047351078,0.0,22.141971011212952,7.999851830911773,0.0,0.0,0.0,0.0,0.0,0.5,1,6,1,0,0,1
143,143,0.0,19.61118075,31.815039000000002,1.8404962817533808,1.1151822916666665,7.532083333333334,1.3,2.0,2015-01-01,2015-05-23,209.02725369807018,224.92712015129285,1.8466272334053295,1.2003077017134642,0.6463195316918653,0.0,0.0,80.26716861362567,0.0,22.321644964636498,8.010078568503694,0.0,0.0,0.0,0.0,0.0,0.5,1,6,1,0,0,1
144,144,0.0,18.961878,32.031714,1.8129221022495456,1.3068229166666665,8.910833333333334,1.3,1.0,2015-01-01,2015-05-24,210.36654701739081,226.24859701473503,1.8614718629621636,1.2099567109254064,0.6515151520367573,0.0,0.0,80.80514045816946,0.0,22.501083751525908,8.020201774555424,0.0,0.0,0.0,0.0,0.0,0.5,1,6,1,0,0,1
145,145,0.0,20.331264,31.043676,1.837208880738795,0.7849739583333333,4.5600000000000005,1.3,1.0,2015-01-01,2015-05-25,211.70811422392384,227.5703034617573,1.876297012171082,1.2195930579112033,0.6567039542598787,0.0,0.0,81.34487818470566,0.0,22.680287064031475,8.030221663405895,0.0,0.0,0.0,0.0,0.0,0.5,1,6,1,0,0,1
146,146,0.0,20.981289,30.584325,1.849458419468448,1.110824652777778,4.5600000000000005,1.3,0.0,2015-01-01,2015-05-26,213.05195101140623,228.8922279487091,1.8916516169021547,1.2295735509864005,0.6620780659157541,0.0,0.0,81.8863840134379,0.0,22.865890324494227,7.844242946836303,5.5,0.0,0.0,0.0,0.0,0.0,1,6,1,0,0,1
147,147,0.0,20.279262,29.136936,1.7154153229904847,0.9994444444444444,3.9970833333333338,1.3,2.0,2015-01-01,2015-05-27,214.15197772507986,230.21435895949338,1.9124672166555505,1.243103690826108,0.6693635258294426,0.0,0.0,82.77322547539858,0.0,23.117504954136862,8.068268896625849,0.0,0.0,0.0,0.0,0.0,0.5,1,6,1,0,0,1
148,148,0.0,20.391932999999998,31.442358,1.866840112861808,1.0688020833333334,3.3600000000000003,1.3,1.0,2015-01-01,2015-05-28,215.50118509344745,231.5366850057939,1.9271421840950793,1.2526424196618016,0.6744997644332777,0.0,0.0,83.3151816823036,0.0,23.294892900727838,8.077759152468603,0.0,0.0,0.0,0.0,0.0,0.5,1,6,1,0,0,1
149,149,0.0,21.96066,30.827001,1.9296730246259683,1.2058767361111111,3.3600000000000003,1.3,5.0,2015-01-01,2015-05-29,216.85263860593483,232.8591946272989,1.9417990662703808,1.2621693930757476,0.6796296731946333,0.0,0.0,83.85894893010442,0.0,23.472062236415738,8.08715011614224,0.0,0.0,0.0,0.0,0.0,0.5,1,6,1,0,0,1
150,150,0.0,21.917324999999998,32.196387,2.0201327056607608,0.9764149305555555,2.861666666666667,1.3,5.0,2015-01-01,2015-05-30,218.2063343399767,234.18187639192348,1.9564378107115128,1.2716845769624834,0.6847532337490294,0.0,0.0,84.40452898351568,0.0,23.649012326954804,8.096441937766823,0.0,0.0,0.0,0.0,0.0,0.5,1,6,1,0,0,1
151,151,0.0,22.229336999999997,34.553811,2.213512564929405,0.8151215277777778,2.4000000000000004,1.3,6.0,2015-01-01,2015-05-31,219.56226842562234,235.50471889602875,1.9710583663606829,1.281187938134444,0.6898704282262389,0.0,0.0,84.95192365828075,0.0,23.82574255516912,8.10563476725485,0.0,0.0,0.0,0.0,0.0,0.5,1,6,1,0,0,1
152,152,0.0,22.220670000000002,33.548439,2.138233505375469,0.938012152777778,3.4691666666666667,1.3,4.0,2015-01-01,2015-06-01,220.92043704455855,236.82771076463882,1.9856606835442232,1.290679444303745,0.694981239240478,0.0,0.0,85.50113481986408,0.0,24.002252320613724,8.114728754437458,0.0,0.0,0.0,0.0,0.0,0.5,1,6,1,0,0,1
153,153,0.0,22.766690999999998,36.642558,2.419297968399253,1.1952690972222222,2.944583333333333,1.3,4.0,2015-01-01,2015-06-02,222.28083642915948,238.15084065165524,2.0002447139478092,1.300159064066076,0.7000856498817332,0.0,0.0,86.05216438217683,0.0,24.17854103927515,8.12372404918996,0.0,0.0,0.0,0.0,0.0,0.5,1,6,1,0,0,1
154,154,0.0,24.742767,36.330546000000005,2.558148818792852,1.259140625,3.110833333333334,1.3,4.0,2015-01-01,2015-06-03,223.64346286156376,239.47409724006906,1.8378176567452824,1.1945814768844336,0.6432361798608488,0.0,0.0,86.60501430633448,0.0,22.215156638819007,7.320323130312311,0.0,4.5,0.0,0.0,0.0,0.0,1,6,1,0,0,1
155,155,0.0,24.257414999999998,36.616557,2.5411582337363128,1.2794791666666665,2.64,1.3,3.0,2015-01-01,2015-06-04,224.6631646123784,240.7974692421709,1.946187993953012,1.2650221960694579,0.6811657978835541,0.0,0.0,87.42849623453772,0.0,23.525114679125846,7.9087816130507544,0.0,4.5,0.0,0.0,0.0,0.5,1,6,1,0,0,1
156,156,0.0,25.488129,36.070536,2.599931164493043,1.3718315972222221,2.64,1.3,5.0,2015-01-01,2015-06-05,225.99947434974524,242.1209453997575,1.9546026682829547,1.2704917343839206,0.6841109338990341,0.0,0.0,87.9694405727959,0.0,23.626829507916522,7.889770216485736,0.0,4.5,0.0,0.0,0.0,0.5,1,6,1,0,0,1
157,157,0.0,26.320161,36.243876,2.688373107701448,1.1764322916666665,2.64,1.3,2.0,2015-01-01,2015-06-06,227.33591986991863,243.44451448433733,1.8952903675723183,1.231938738922007,0.6633516286503114,0.0,0.0,88.51134783804258,0.0,22.909874783893997,7.615751681935901,0.0,4.5,0.0,0.0,0.0,0.5,1,6,1,0,0,1
158,158,0.0,20.695278,36.763896,2.2649722651299777,1.2375694444444445,2.64,1.3,1.0,2015-01-01,2015-06-07,228.64954464957322,244.76816529733236,2.0794404700072446,1.3516363055047091,0.7278041645025355,0.0,0.0,89.04508253157454,0.0,25.135842825735182,8.189578562252034,0.0,0.0,0.0,0.0,0.0,0.5,1,6,1,0,0,1
159,159,0.0,19.265223,31.771704,1.8156677722801973,1.2391666666666665,2.64,1.3,2.0,2015-01-01,2015-06-08,230.0241738458308,246.09188667027854,2.0938176271177387,1.3609814576265302,0.7328361694912084,0.0,0.0,89.60404342201133,0.0,25.30963090316402,8.197735712536508,0.0,0.0,0.0,0.0,0.0,0.5,1,6,1,0,0,1
160,160,0.0,19.733241,33.57444,1.9647170792523985,1.643133680555556,2.64,1.3,2.0,2015-01-01,2015-06-09,231.40099577603127,247.41566746502338,2.1081776799757375,1.3703154919842293,0.737862187991508,0.0,0.0,90.1648698464274,0.0,25.483212227955033,8.205798656911536,0.0,0.0,0.0,0.0,0.0,0.5,1,6,1,0,0,1
161,161,0.0,23.84356575,34.510476000000004,2.334691490687883,0.6207378472222222,2.64,1.3,1.0,2015-01-01,2015-06-10,232.7800072149749,248.73949657392103,2.0583510876511726,1.3379282069732623,0.7204228806779103,0.0,0.0,90.72756351995282,0.0,24.880918769076708,8.064051886569695,0.0,4.5,0.0,0.0,0.0,0.5,1,6,1,0,0,1
162,162,0.0,23.728728,34.536477000000005,2.32768764999029,0.889748263888889,2.64,1.3,2.0,2015-01-01,2015-06-11,234.1381092735131,250.06336292002499,2.136934288725354,1.38900728767148,0.7479270010538739,0.0,0.0,91.28279057359774,0.0,25.830816118596356,8.222262318515503,0.0,0.0,0.0,0.0,0.0,0.5,1,6,1,0,0,1
163,163,0.0,21.847989000000002,36.443217,2.329735657825758,0.9857899305555554,2.64,1.3,0.0,2015-01-01,2015-06-12,235.52150871149536,251.38725545727925,2.0870486595582327,1.3565816287128514,0.7304670308453813,0.0,0.0,91.84919120353771,0.0,25.227809034674735,7.819232221984242,0.0,4.5,0.0,0.0,0.0,0.0,1,6,1,0,0,1
164,164,0.0,18.9662115,35.03049600000001,2.012004882537044,1.6024479166666665,2.64,1.3,0.0,2015-01-01,2015-06-13,236.6039086352401,252.71116317070613,2.171630662776583,1.411559930804779,0.7600707319718039,0.0,0.0,92.72470909486697,0.0,26.250218653727142,8.255891766337635,0.0,0.0,0.0,0.0,0.0,0.5,1,6,1,0,0,1
165,165,0.0,18.84054,34.328469,1.95531813939608,0.9644878472222222,2.64,1.3,0.0,2015-01-01,2015-06-14,237.9924657525881,254.03507507659134,2.1858188613159557,1.4207822598553712,0.7650366014605845,0.0,0.0,93.29193780083588,0.0,26.42172263934726,8.26327322394593,0.0,0.0,0.0,0.0,0.0,0.5,1,6,1,0,0,1
166,166,0.0,20.530604999999998,35.576517,2.163074652956617,1.2676649305555554,2.64,1.3,0.0,2015-01-01,2015-06-15,239.38318604130762,255.35898022266838,2.1999908820001903,1.4299940733001237,0.7699968087000666,0.0,0.0,93.86107488162116,0.0,26.593031070427642,8.270563936548198,0.0,0.0,0.0,0.0,0.0,0.5,1,6,1,0,0,1
167,167,0.0,21.657315,34.137795000000004,2.14013549425808,0.8803298611111111,2.64,1.3,1.0,2015-01-01,2015-06-16,240.7760666438827,256.6828676882994,2.2141466427205434,1.4391953177683532,0.7749513249521901,0.0,0.0,94.4321218108745,0.0,26.764142954454915,8.277763968406774,0.0,0.0,0.0,0.0,0.0,0.5,1,6,1,0,0,1
168,168,0.0,21.19435275,34.198464,2.110872000356285,1.3345833333333335,2.64,1.3,0.0,2015-01-01,2015-06-17,242.1711047370675,258.00672658465317,2.2282860635797967,1.448385941326868,0.7799001222529287,0.0,0.0,95.00508011588659,0.0,26.935057325648177,8.284873386808092,0.0,0.0,0.0,0.0,0.0,0.5,1,6,1,0,0,1
169,169,0.0,20.825283,32.950416000000004,1.9967301179150008,1.3107899305555555,2.64,1.3,2.0,2015-01-01,2015-06-18,243.56829753137902,259.3305460548827,2.2424090668388224,1.4575658934452347,0.7848431733935877,0.0,0.0,95.57995137618602,0.0,27.10577324431306,8.291892262061946,0.0,0.0,0.0,0.0,0.0,0.5,1,6,1,0,0,1
170,170,0.0,21.09396,33.626442,2.0627378334705,0.9791927083333332,2.64,1.3,0.0,2015-01-01,2015-06-19,244.96764227060137,260.65431527429774,2.257196391403742,1.4671776544124322,0.7900187369913096,0.0,0.0,96.15673722217448,0.0,27.28451934040863,8.008388500968275,5.5,0.0,0.0,0.0,0.0,0.0,1,6,1,0,0,1
171,171,0.0,22.576017,35.888529,2.3434291953861743,0.5218229166666667,2.64,1.3,0.0,2015-01-01,2015-06-20,246.0708459693819,261.9780234505382,2.182270103895084,1.4184755675318046,0.7637945363632793,0.0,0.0,97.05019330822024,0.0,26.378825999580798,8.068449725934158,0.0,4.5,0.0,0.0,0.0,0.5,1,6,1,0,0,1
172,172,0.0,23.910735,38.202618,2.6484083317576546,1.0794444444444444,2.64,1.3,1.0,2015-01-01,2015-06-21,247.44180983085772,263.30165982374217,2.1766587624145672,1.4148281955694688,0.7618305668450984,0.0,0.0,97.61430742338803,0.0,26.310997273762403,7.982071340471853,0.0,4.5,0.0,0.0,0.0,0.5,1,6,1,0,0,1
173,173,0.0,22.591906499999997,37.59592800000001,2.483424579984334,1.0406684027777777,2.64,1.3,0.0,2015-01-01,2015-06-22,248.80818100397002,264.62521366671376,2.2407788180520987,1.4565062317338642,0.7842725863182345,0.0,0.0,98.17756930066297,0.0,27.086067136895714,8.208707421650757,0.0,4.5,0.0,0.0,0.0,0.5,1,6,1,0,0,1
174,174,0.0,22.376676,36.997905,2.416476453327246,0.8982638888888888,2.64,1.3,0.0,2015-01-01,2015-06-23,250.19379315473802,265.9486742850879,2.270042881804333,1.4755278731728163,0.7945150086315165,0.0,0.0,98.74962919213705,0.0,27.439805037801285,8.286159470632018,0.0,4.5,0.0,0.0,0.0,0.5,1,6,1,0,0,1
175,175,0.0,23.737395,35.819193,2.431321432054535,1.567204861111111,2.64,1.3,0.0,2015-01-01,2015-06-24,251.5867507139798,267.2720310174923,2.3327784933561504,1.5163060206814978,0.8164724726746526,0.0,0.0,99.32570661061877,0.0,28.198140029491316,8.3517488612733,0.0,0.0,0.0,0.0,0.0,0.5,1,6,1,0,0,1
176,176,0.0,25.141448999999998,36.304545000000005,2.590179140640145,1.8431336805555556,2.64,1.3,2.0,2015-01-01,2015-06-25,252.9997605197772,268.5952732357083,2.346701051499705,1.5253556834748083,0.8213453680248965,0.0,0.0,99.91109197011157,0.0,28.36643300939438,8.357923559415541,0.0,0.0,0.0,0.0,0.0,0.5,1,6,1,0,0,1
177,177,0.0,23.748950999999998,35.056497,2.3705644380994952,1.0856597222222222,2.64,1.3,2.0,2015-01-01,2015-06-26,254.4148927340584,269.9183903448286,2.360838666765932,1.534545133397856,0.8262935333680761,0.0,0.0,100.49843432617854,0.0,28.53732555495562,8.047912793824565,5.5,0.0,0.0,0.0,0.0,0.0,1,6,1,0,0,1
178,178,0.0,21.639981,33.791115000000005,2.1136413988434364,1.4498524305555556,2.64,1.3,1.0,2015-01-01,2015-06-27,255.5183457581522,271.24137178341243,2.3802396412008826,1.5471557667805738,0.8330838744203088,0.0,0.0,101.3931764789883,0.0,28.77184048870668,8.387359535967462,0.0,0.0,0.0,0.0,0.0,0.5,1,6,1,0,0,1
179,179,0.0,21.596646,35.065164,2.2043848651724973,0.7233854166666666,2.64,1.3,0.0,2015-01-01,2015-06-28,256.9384643032122,272.56420702364017,2.394037891534801,1.5561246294976208,0.8379132620371803,0.0,0.0,101.98160690463595,0.0,28.938630861725777,8.39308345735024,0.0,0.0,0.0,0.0,0.0,0.5,1,6,1,0,0,1
180,180,0.0,22.758024,38.644634999999994,2.5864368456489784,0.97859375,2.64,1.3,0.0,2015-01-01,2015-06-29,258.36068843479086,273.88688557146315,2.3032074232793343,1.4970848251315674,0.8061225981477669,0.0,0.0,102.5720281146378,0.0,27.84069110014685,8.105209956157324,0.0,4.5,0.0,0.0,0.0,0.5,1,6,1,0,0,1
181,181,0.0,25.436127,39.996687,2.9552791555012843,1.392309027777778,2.64,1.3,0.0,2015-01-01,2015-06-30,259.74788622097316,275.2093969667535,2.2084606441454047,1.4354994186945131,0.7729612254508915,0.0,0.0,103.14912877855141,0.0,26.695411789243177,7.679847084792174,0.0,4.5,0.0,0.0,0.0,0.0,1,6,1,0,0,1
182,182,0.0,25.644135,39.840681,2.9603224078041803,1.2073958333333334,2.64,1.3,1.0,2015-01-01,2015-07-01,261.0599089951818,276.5317307834505,2.211386190541133,1.4374010238517365,0.7739851666893965,0.0,0.0,103.69612447261329,0.0,26.730775184080912,7.641166720393514,0.0,4.5,0.0,0.0,0.0,0.0,1,6,1,0,0,1
183,183,0.0,24.907439999999998,37.370586,2.662950511655121,0.9924479166666667,2.64,1.3,0.0,2015-01-01,2015-07-02,262.3629219631878,277.8538766297049,2.333255925777823,1.516616351755585,0.8166395740222381,0.0,0.0,104.24023459981386,0.0,28.203911133057,8.073769970151917,0.0,4.5,0.0,0.0,0.0,0.0,1,6,1,0,0,1
184,184,0.0,27.299532,37.12791,2.8592329875132774,1.3973784722222222,2.64,1.3,1.0,2015-01-01,2015-07-03,263.73756212535733,279.17582414802155,2.2791103884514503,1.4814217524934428,0.7976886359580075,0.0,0.0,104.814929029324,0.0,27.549411167522546,7.828462684183316,0.0,4.5,0.0,0.0,0.0,0.0,1,6,1,0,0,1
185,185,0.0,22.67063175,37.56992700000001,2.4878200945080926,1.360017361111111,2.64,1.3,2.0,2015-01-01,2015-07-04,265.06769432839445,280.497563015399,2.477694517412058,1.6105014363178378,0.8671930810942203,0.0,0.0,105.37208856978019,0.0,29.94985471242575,8.435702826620894,5.5,0.0,0.0,0.0,0.0,0.0,1,6,1,0,0,1
186,186,0.0,22.142667,37.526592,2.440550915000093,0.7050520833333334,2.64,1.3,2.0,2015-01-01,2015-07-05,266.4988172346433,281.81908294346704,2.3876917259443404,1.5519996218638212,0.8356921040805191,0.0,0.0,105.97222747500633,0.0,28.86191973528158,7.822724887371336,0.0,4.5,0.0,0.0,0.0,0.0,1,6,1,0,0,1
187,187,0.0,25.297455,37.474590000000006,2.7069946098340725,0.9734635416666664,2.64,1.3,1.0,2015-01-01,2015-07-06,267.5651847064131,283.1403736786234,2.3853377773270767,1.5504695552626,0.8348682220644768,0.0,0.0,106.83821476562385,0.0,28.833465695208396,8.079767039593138,0.0,4.5,0.0,0.0,0.0,0.0,1,6,1,0,0,1
188,188,0.0,26.450166,38.245953,2.8846309708621005,0.856328125,2.64,1.3,2.0,2015-01-01,2015-07-07,268.9338973399799,284.4614250021664,2.298612136644731,1.4940978888190752,0.8045142478256557,0.0,0.0,107.41157964771429,0.0,27.785144233452368,7.698990380157845,0.0,4.5,0.0,0.0,0.0,0.0,1,6,1,0,0,1
189,189,0.0,24.881439,37.032573,2.6308971080024666,1.52609375,2.64,1.3,0.0,2015-01-01,2015-07-08,270.23540896136177,285.7822267304257,2.4857581851999972,1.6157428203799982,0.870015364819999,0.0,0.0,107.95788522065763,0.0,30.047326647323636,8.421763328400328,0.0,4.5,0.0,0.0,0.0,0.0,1,6,1,0,0,1
190,190,0.0,26.597504999999998,36.8679,2.7698789206408434,1.2853298611111112,2.64,1.3,1.0,2015-01-01,2015-07-09,271.6570337266503,287.1027687148928,2.4314860306992805,1.5804659199545323,0.8510201107447481,0.0,0.0,108.55525226951656,0.0,29.391296159786144,8.125989428935572,0.0,4.5,0.0,0.0,0.0,0.0,1,6,1,0,0,1
191,191,0.0,28.16406525,37.275249,2.9559091534659303,1.0289496527777777,2.64,1.3,1.0,2015-01-01,2015-07-10,273.0258452291686,288.4230408423466,2.335515022437747,1.5180847645845355,0.8174302578532113,0.0,0.0,109.13160655839707,0.0,28.231218622447056,7.702373092978593,0.0,4.5,0.0,0.0,0.0,0.0,1,6,1,0,0,1
192,192,0.0,27.923555999999998,38.861309999999996,3.0888579677137256,0.7616493055555555,2.64,1.3,1.0,2015-01-01,2015-07-11,274.3206424380142,289.7430330349787,2.3046585281876606,1.4980280433219795,0.8066304848656811,0.0,0.0,109.67788644118022,0.0,27.85823175371469,7.519205454759947,0.0,4.5,0.0,0.0,0.0,0.0,1,6,1,0,0,1
193,193,0.0,25.474406249999998,38.644634999999994,2.830319738368283,1.1983159722222223,2.64,1.3,2.0,2015-01-01,2015-07-12,275.5823790037793,291.0627352505163,2.4077950822415333,1.5650668034569968,0.8427282787845365,0.0,0.0,110.21109553034677,0.0,29.104924914532635,7.911338152969762,0.0,4.5,0.0,0.0,0.0,0.0,1,6,1,0,0,1
194,194,0.0,25.158783,37.630596000000004,2.708551453001512,1.392204861111111,2.64,1.3,0.0,2015-01-01,2015-07-13,276.9079668495695,292.3821374823424,2.5049747453538274,1.6282335844799878,0.8767411608738395,0.0,0.0,110.77193598202149,0.0,30.279612419695987,8.247944105806416,0.0,4.5,0.0,0.0,0.0,0.0,1,6,1,0,0,1
195,195,0.0,24.794769,37.231914,2.640782337630118,0.8788107638888889,2.64,1.3,0.0,2015-01-01,2015-07-14,278.2877112655222,293.7012297596134,2.505647926754507,1.6286711523904296,0.8769767743640774,0.0,0.0,111.35649362511839,0.0,30.28774969610507,8.192341614208402,0.0,4.5,0.0,0.0,0.0,0.0,1,6,1,0,0,1
196,196,0.0,26.484834,37.743266999999996,2.840515145278218,0.9576822916666666,2.64,1.3,1.0,2015-01-01,2015-07-15,279.65558582839174,295.0200021473772,2.42169474595321,1.5741015848695865,0.8475931610836234,0.0,0.0,111.93704054411329,0.0,29.27294115131678,7.47103841823635,0.0,4.5,0.0,0.0,0.0,0.0,1,6,1,0,0,1
197,197,0.0,25.106780999999998,37.179912,2.663717809770753,0.8727690972222222,2.64,1.3,2.0,2015-01-01,2015-07-16,280.668005444691,296.33844474668547,2.5323318298261817,1.6460156893870181,0.8863161404391635,0.0,0.0,112.76051241378748,0.0,30.61029915268289,8.196894423024425,0.0,4.5,0.0,0.0,0.0,0.0,1,6,1,0,0,1
198,198,0.0,23.702727,37.405254,2.5611137719402306,1.2288975694444444,2.64,1.3,2.0,2015-01-01,2015-07-17,282.0350247875615,297.65654769470666,2.66602720135771,1.7329176808825117,0.9331095204751985,0.0,0.0,113.34003769364443,0.0,32.22638092747545,8.550188322276538,5.5,0.0,0.0,0.0,0.0,0.0,1,6,1,0,0,1
199,199,0.0,22.4301225,34.744485,2.243185171522232,1.2104947916666666,2.782083333333333,1.3,3.0,2015-01-01,2015-07-18,283.4585095965115,298.97430116483577,2.679381505961798,1.7415979788751688,0.9377835270866293,0.0,0.0,113.94443980279834,0.0,32.387804977077685,8.55447458965158,5.5,0.0,0.0,0.0,0.0,0.0,1,6,1,0,0,1
200,200,0.0,20.42154525,31.624364999999997,1.8806307383050933,1.1698611111111112,7.441666666666666,1.3,5.0,2015-01-01,2015-07-19,284.87997065975026,300.2916953668023,2.692726967817378,1.750272529081296,0.9424544387360823,0.0,0.0,114.54910409430838,0.0,32.54912213737972,8.55875806995636,5.5,0.0,0.0,0.0,0.0,0.0,1,6,1,0,0,1
201,201,0.0,19.917414750000002,30.696996,1.7890516961605676,1.349496527777778,8.600000000000001,1.3,2.0,2015-01-01,2015-07-20,286.2994325824569,301.6087205467753,2.7060629050662945,1.7589408882930915,0.9471220167732031,0.0,0.0,115.15403108566805,0.0,32.71032416622236,8.563036589139692,5.5,0.0,0.0,0.0,0.0,0.0,1,6,1,0,0,1
202,202,0.0,19.897914,31.416357,1.8333261814471884,0.984418402777778,9.12,1.3,1.0,2015-01-01,2015-07-21,287.71691907769474,302.9253669874688,2.719388658456081,1.7676026279964527,0.9517860304596283,0.0,0.0,115.75922120219266,0.0,32.871403094699204,8.56730804761038,5.5,0.0,0.0,0.0,0.0,0.0,1,6,1,0,0,1
203,203,0.0,21.48614175,33.297096,2.067194960170056,0.7927951388888888,9.12,1.3,2.0,2015-01-01,2015-07-22,289.1324529996282,304.2416250082417,2.7327035904183226,1.7762573337719096,0.9564462566464128,0.0,0.0,116.36467477953865,0.0,33.03235121601623,8.571570417431985,5.5,0.0,0.0,0.0,0.0,0.0,1,6,1,0,0,1
204,204,0.0,21.09396,32.499732,1.9842269473578005,1.2166666666666666,9.12,1.3,4.0,2015-01-01,2015-07-23,290.54605637531745,305.55748496519834,2.7466422013711647,1.7853174308912572,0.9613247704799075,0.0,0.0,116.97039206614843,0.0,33.20083823893086,8.17821535889345,5.5,0.0,0.0,0.0,0.0,0.0,1,6,1,0,0,1
205,205,0.0,21.891323999999997,32.959083,2.0719687591252134,0.91671875,9.12,1.3,0.0,2015-01-01,2015-07-24,291.6494107977279,306.87293725128586,2.7641895788781126,1.7967232262707733,0.9674663526073393,0.0,0.0,117.86887557865164,0.0,33.41294727950221,8.595120442781054,5.5,0.0,0.0,0.0,0.0,0.0,1,6,1,0,0,1
206,206,0.0,22.131110999999997,33.981789000000006,2.163501465269498,0.7927951388888888,9.12,1.3,0.0,2015-01-01,2015-07-25,293.06505733782893,308.18797229638994,2.7773985818176357,1.8053090781814631,0.9720895036361724,0.0,0.0,118.47494093703733,0.0,33.57261495287946,8.599086554380932,5.5,0.0,0.0,0.0,0.0,0.0,1,6,1,0,0,1
207,207,0.0,22.107999,34.987161,2.237135182443449,0.9445399305555555,9.12,1.3,0.0,2015-01-01,2015-07-26,294.4787302649945,309.50258056742837,2.790596039900676,1.8138874259354394,0.9767086139652366,0.0,0.0,119.08126898503093,0.0,33.732143074438696,8.603041606110986,5.5,0.0,0.0,0.0,0.0,0.0,1,6,1,0,0,1
208,208,0.0,22.272672,35.602518,2.2971551570706565,0.6803385416666666,9.12,1.3,0.0,2015-01-01,2015-07-27,295.8904510715614,310.81675256844267,2.8037813620504197,1.8224578853327729,0.9813234767176469,0.0,0.0,119.68785967732063,0.0,33.89152449936667,8.606983740056187,5.5,0.0,0.0,0.0,0.0,0.0,1,6,1,0,0,1
209,209,0.0,24.617095499999998,36.642558,2.574120629839225,0.9225,9.12,1.3,0.0,2015-01-01,2015-07-28,297.3002404863115,312.1304788406875,2.8169539760818685,1.8310200844532145,0.9859338916286539,0.0,0.0,120.29471289278699,0.0,34.05075231121039,8.61091116073906,5.5,0.0,0.0,0.0,0.0,0.0,1,6,1,0,0,1
210,210,0.0,24.084075,36.495219,2.5162216195190816,1.0448350694444446,9.12,1.3,1.0,2015-01-01,2015-07-29,298.7081185020358,313.44374996271836,2.830113327963156,1.8395736631760515,0.9905396647871045,0.0,0.0,120.90182843646753,0.0,34.209819812948226,8.614822132863566,5.5,0.0,0.0,0.0,0.0,0.0,1,6,1,0,0,1
211,211,0.0,23.902068,35.273171999999995,2.4003082741899977,0.7832378472222222,9.12,1.3,0.0,2015-01-01,2015-07-30,300.1141044019594,314.75655655047717,5.255045730676671,3.4157797249398363,1.8392660057368349,0.0,0.0,121.50920604146744,0.0,63.52189708411287,8.202117672549893,5.5,0.0,0.0,0.0,0.0,0.0,1,6,1,0,0,1
212,212,0.0,23.902068,35.472513,2.416476453327246,0.684453125,9.12,1.3,0.0,2015-01-01,2015-07-31,301.21643241833414,316.0688892573762,5.2688038235175805,3.4247224852864275,1.844081338231153,0.0,0.0,122.40776839597042,0.0,63.688202041729554,8.636984671517192,5.5,0.0,0.0,0.0,0.0,0.0,1,6,1,0,0,1
213,213,0.0,24.86627175,36.694559999999996,2.600119016051356,0.8071006944444444,9.12,1.3,0.0,2015-01-01,2015-08-01,302.62422467266543,317.38073877437955,5.277857829367189,3.430607589088673,1.847250240278516,0.0,0.0,123.01549833956128,0.0,63.79764497662553,8.640598335297886,5.5,0.0,0.0,0.0,0.0,0.0,1,6,1,0,0,1
214,214,0.0,24.144744,37.188579,2.580458958788612,0.9708420138888888,9.12,1.3,0.0,2015-01-01,2015-08-02,304.0300829713035,318.69209583008296,5.286896321171583,3.436482608761529,1.850413712410054,0.0,0.0,123.62348805613483,0.0,63.90690038097771,8.644194047697257,5.5,0.0,0.0,0.0,0.0,0.0,1,6,1,0,0,1
215,215,0.0,23.616057,35.637186,2.406623699945719,0.971137152777778,9.12,1.3,0.0,2015-01-01,2015-08-03,305.4340261943509,320.0029511907916,5.295918860382408,3.4423472592485655,1.8535716011338428,0.0,0.0,124.23173703488067,0.0,64.01596295370504,8.647770215000701,5.5,0.0,0.0,0.0,0.0,0.0,1,6,1,0,0,1
216,216,0.0,23.191374,34.727151,2.300530337075799,0.7329513888888889,9.12,1.3,0.0,2015-01-01,2015-08-04,306.83607256423153,321.3132956605964,5.304925023515814,3.448201265285279,1.8567237582305347,0.0,0.0,124.84024470215368,0.0,64.12482757582306,8.651325296300804,5.5,0.0,0.0,0.0,0.0,0.0,1,6,1,0,0,1
217,217,0.0,22.844694,35.073831,2.300530337075799,0.5232465277777778,9.12,1.3,0.0,2015-01-01,2015-08-05,308.2362396687502,322.6231200814474,5.313914401572899,3.4540443610223845,1.8598700405505144,0.0,0.0,125.4490104230224,0.0,64.23348930343829,8.654857801681436,5.5,0.0,0.0,0.0,0.0,0.0,1,6,1,0,0,1
218,218,0.0,23.590056,36.911235,2.509656508741738,0.755546875,9.12,1.3,1.0,2015-01-01,2015-08-06,309.6345444832363,323.93241533322646,5.322886599478023,3.4598762896607154,1.8630103098173079,0.0,0.0,126.05803350277871,0.0,64.34194336095878,8.658366290453001,5.5,0.0,0.0,0.0,0.0,0.0,1,6,1,0,0,1
219,219,0.0,23.618945999999998,36.529887,2.480177454677827,1.021111111111111,9.12,1.3,2.0,2015-01-01,2015-08-07,311.03100339180867,325.24117233381753,5.331841235546784,3.4656968031054096,1.866144432441374,0.0,0.0,126.6673131884088,0.0,64.45018513466304,8.661849369470964,5.5,0.0,0.0,0.0,0.0,0.0,1,6,1,0,0,1
220,220,0.0,22.650408749999997,36.859233,2.4274847918863056,1.196189236111111,9.12,1.3,1.0,2015-01-01,2015-08-08,312.4256322078045,326.549382039174,5.341226498694507,3.4717972241514294,1.8694292745430772,0.0,0.0,127.27684867002598,0.0,64.5636322387095,8.22867926251081,5.5,0.0,0.0,0.0,0.0,0.0,1,6,1,0,0,1
221,221,0.0,20.934342750000003,33.782448,2.06248193159866,1.228671875,9.12,1.3,0.0,2015-01-01,2015-08-09,313.5262601515438,327.8570354433866,5.354110877609801,3.480172070446371,1.8739388071634302,0.0,0.0,128.1751695041337,0.0,64.7193759245679,8.68182574906061,5.5,0.0,0.0,0.0,0.0,0.0,1,6,1,0,0,1
222,222,0.0,20.582607,33.513771000000006,2.0189267797721366,0.9594704861111112,9.12,1.3,0.0,2015-01-01,2015-08-10,314.9221232622849,329.1641235787471,5.362957077939986,3.485922100660991,1.8770349772789947,0.0,0.0,128.78508924837487,0.0,64.82630694967376,8.684885046135118,5.5,0.0,0.0,0.0,0.0,0.0,1,6,1,0,0,1
223,223,0.0,25.089447,34.328469,2.420003795180633,1.4720225694444444,9.12,1.3,0.0,2015-01-01,2015-08-11,316.3160335628977,330.4706375158112,5.371786462420503,3.491661200573327,1.880125261847176,0.0,0.0,129.39527041337743,0.0,64.93303470829507,8.68791927069843,5.5,0.0,0.0,0.0,0.0,0.0,1,6,1,0,0,1
224,224,0.0,25.366791,36.139872,2.5954262681358067,0.6242881944444444,9.12,1.3,0.0,2015-01-01,2015-08-12,317.70800686016753,331.77656836345955,5.38059866571901,3.4973891327173563,1.8832095330016532,0.0,0.0,130.00571232859681,0.0,65.03955478437058,8.690927153759105,5.5,0.0,0.0,0.0,0.0,0.0,1,6,1,0,0,1
225,225,0.0,23.295378,36.157206,2.422828895507528,0.6484461805555556,9.12,1.3,0.0,2015-01-01,2015-08-13,319.0980584464773,333.08190726895725,5.389393334317969,3.50310566730668,1.886287667011289,0.0,0.0,130.61641426967492,0.0,65.14586290465407,8.693907467261926,5.5,0.0,0.0,0.0,0.0,0.0,1,6,1,0,0,1
226,226,0.0,25.280120999999998,36.694559999999996,2.636215916303839,0.8418923611111111,9.12,1.3,0.0,2015-01-01,2015-08-14,320.4862031167997,334.3866454180104,5.398170126090345,3.5088105819587243,1.8893595441316204,0.0,0.0,131.22737545963722,0.0,65.25195493358521,8.696859022775524,5.5,0.0,0.0,0.0,0.0,0.0,1,6,1,0,0,1
227,227,0.0,26.03415,36.980571000000005,2.728861390292244,0.8947482638888888,9.12,1.3,0.0,2015-01-01,2015-08-15,321.87245518505546,335.69077403482197,5.4069287098908925,3.5145036614290803,1.8924250484618121,0.0,0.0,131.83859507006295,0.0,65.35782686834939,8.69978067022343,5.5,0.0,0.0,0.0,0.0,0.0,1,6,1,0,0,1
228,228,0.0,25.808808,37.318584,2.739065930556231,1.2570225694444443,9.12,1.3,0.0,2015-01-01,2015-08-16,323.25682849986237,336.99428438214545,5.415668765164825,3.5201846973571365,1.8954840678076885,0.0,0.0,132.45007222222847,0.0,65.46347483414715,8.70267129666391,5.5,0.0,0.0,0.0,0.0,0.0,1,6,1,0,0,1
229,229,0.0,26.840180999999998,39.060651,3.000938373936983,0.9561458333333334,9.12,1.3,0.0,2015-01-01,2015-08-17,324.63933645970343,338.29716776133694,5.266448276072378,3.423191379447046,1.843256896625332,0.0,0.0,133.06180598822442,0.0,63.65972867535762,7.977239202931154,0.0,4.5,0.0,0.0,0.0,0.0,1,6,1,0,0,1
230,230,0.0,25.089447,38.046611999999996,2.739852267860833,0.8826736111111111,9.12,1.3,0.0,2015-01-01,2015-08-18,325.70113659143277,339.5994155124049,5.437172498680496,3.534162124142323,1.9030103745381735,0.0,0.0,133.92957844583412,0.0,65.72340748122821,8.720335053675923,5.5,0.0,0.0,0.0,0.0,0.0,1,6,1,0,0,1
231,231,0.0,25.046111999999997,38.211285,2.7508816204358406,1.0313802083333334,9.12,1.3,0.0,2015-01-01,2015-08-19,327.0840780836841,340.90101901405853,5.445811926808732,3.539777752425676,1.906034174383056,0.0,0.0,134.5418063163516,0.0,65.82783908707015,8.722970197417446,5.5,0.0,0.0,0.0,0.0,0.0,1,6,1,0,0,1
232,232,0.0,25.306122,38.965314,2.844575154763773,0.9407118055555556,9.12,1.3,0.0,2015-01-01,2015-08-20,328.46513235155044,342.2019696837549,5.333819962206738,3.46698297543438,1.8668369867723582,0.0,0.0,135.15428773061166,0.0,64.4741035699523,8.598974602042519,0.0,4.5,0.0,0.0,0.0,0.0,1,6,1,0,0,1
233,233,0.0,23.538054,37.275249,2.5360067173909417,1.0069444444444444,9.12,1.3,0.0,2015-01-01,2015-08-21,329.8243019569549,343.50225897774317,5.291903892125142,3.4397375298813424,1.8521663622437996,0.0,0.0,135.7581314805228,0.0,63.967430854556,8.509443803257572,5.5,0.0,0.0,0.0,0.0,0.0,1,6,1,0,0,1
234,234,0.0,21.691260749999994,35.264505,2.226554552269656,1.1170138888888885,9.12,1.3,0.0,2015-01-01,2015-08-22,331.16715691801625,344.80187839110806,5.301468329774467,3.4459544143534035,1.8555139154210634,0.0,0.0,136.35574854479296,0.0,64.08304378261889,8.515946467056692,5.5,0.0,0.0,0.0,0.0,0.0,1,6,1,0,0,1
235,235,0.0,21.388638,34.458474,2.1439438966975177,0.8227430555555555,9.12,1.3,0.0,2015-01-01,2015-08-23,332.5089250765729,346.10081945781087,5.311010488119826,3.452156817277887,1.8588536708419388,0.0,0.0,136.953877752757,0.0,64.19838740310075,8.522394790562913,5.5,0.0,0.0,0.0,0.0,0.0,1,6,1,0,0,1
236,236,0.0,22.591184249999998,34.623146999999996,2.2462155081929485,0.7216579861111111,9.12,1.3,0.0,2015-01-01,2015-08-24,333.84960966322967,347.39907375073017,5.320530224288845,3.4583446457877494,1.8621855785010957,0.0,0.0,137.5525170004583,0.0,64.31345998899023,8.52878829677179,5.5,0.0,0.0,0.0,0.0,0.0,1,6,1,0,0,1
237,237,0.0,19.850967750000002,31.104345000000002,1.810499776252609,1.6617100694444444,9.12,1.3,0.0,2015-01-01,2015-08-25,335.1892137285944,348.6966328816982,5.3300273993296745,3.4645178095642883,1.865509589765386,0.0,0.0,138.15166416361484,0.0,64.42825986066626,8.535126524272004,5.5,0.0,0.0,0.0,0.0,0.0,1,6,1,0,0,1
238,238,0.0,19.646570999999998,31.693701,1.834989317447596,0.7680295138888888,8.297083333333333,1.3,1.0,2015-01-01,2015-08-26,336.5277401490533,349.99348850153854,5.339501878092468,3.4706762207601045,1.8688256573323638,0.0,0.0,138.75131709796764,0.0,64.54278538446573,8.541409026834327,5.5,0.0,0.0,0.0,0.0,0.0,1,6,1,0,0,1
239,239,0.0,19.143885,31.355688,1.7818767279274963,1.2937500000000002,7.92,1.3,0.0,2015-01-01,2015-08-27,337.8651916323565,351.2896323001005,5.348953529120386,3.4768197939282506,1.8721337351921348,0.0,0.0,139.35147363962315,0.0,64.65703497136569,8.54763537302776,5.5,0.0,0.0,0.0,0.0,0.0,1,6,1,0,0,1
240,240,0.0,18.571863,31.416357,1.750231959473815,0.7634201388888888,17.140416666666667,1.3,0.0,2015-01-01,2015-08-28,339.2015707230228,352.5850560062912,5.358382224546905,3.4829484459554885,1.8754337785914168,0.0,0.0,139.95213160538947,0.0,64.77100707574238,8.553805145856568,5.5,0.0,0.0,0.0,0.0,0.0,1,6,1,0,0,1
241,241,0.0,19.516566,31.780371,1.8322181552764705,0.7097916666666666,15.278333333333332,1.3,1.0,2015-01-01,2015-08-29,340.5368798075733,353.8797513881078,5.367787839993042,3.4890620959954775,1.8787257439975646,0.0,0.0,140.55328879310784,0.0,64.88470019412847,8.559917942395147,5.5,0.0,0.0,0.0,0.0,0.0,1,6,1,0,0,1
242,242,0.0,21.067959,32.335059,1.9712016908232195,1.0506336805555554,9.495833333333334,1.3,1.0,2015-01-01,2015-08-30,341.8711211195952,355.1737102526671,5.377170254468716,3.4951606654046654,1.8820095890640505,0.0,0.0,141.15494298197808,0.0,64.99811286402117,8.565973373436751,5.5,0.0,0.0,0.0,0.0,0.0,1,6,1,0,0,1
243,243,0.0,22.325396249999997,32.681739,2.083145022171687,0.7921614583333334,8.16,1.3,3.0,2015-01-01,2015-08-31,343.2042967446456,356.46692444623284,5.386567739658455,3.501269030777996,1.885298708880459,0.0,0.0,141.75709193287864,0.0,65.11170770556313,8.104003375717664,5.5,0.0,0.0,0.0,0.0,0.0,1,6,1,0,0,1
244,244,0.0,19.776576000000002,28.764255,1.6633064536189703,1.11703125,6.255833333333333,1.3,3.0,2015-01-01,2015-09-01,344.27524618382324,357.75938585424285,5.39924819258667,3.509511325181336,1.8897368674053343,0.0,0.0,142.63406662497758,0.0,65.26498637660951,8.587424739929691,5.5,0.0,0.0,0.0,0.0,0.0,1,6,1,0,0,1
245,245,0.0,18.771204,30.445653,1.7034252141708095,1.1581597222222222,4.800000000000001,1.3,1.0,2015-01-01,2015-09-02,345.6096411810687,359.0510864013331,5.40853151544297,3.5155454850379306,1.8929860304050394,0.0,0.0,143.23713021460543,0.0,65.37720124766841,8.593193394939638,5.5,0.0,0.0,0.0,0.0,0.0,1,6,1,0,0,1
246,246,0.0,19.915248000000002,30.020970000000002,1.7470415118259874,0.8217274305555555,4.800000000000001,1.3,1.0,2015-01-01,2015-09-03,346.9429331765563,360.3420180513617,5.41772116546838,3.521518757554447,1.8962024079139326,0.0,0.0,143.84068217975195,0.0,65.48828382107885,8.598690275764596,5.5,0.0,0.0,0.0,0.0,0.0,1,6,1,0,0,1
247,247,0.0,21.145962,32.170386,1.9653058193970907,0.9964583333333334,4.800000000000001,1.3,0.0,2015-01-01,2015-09-04,348.27509118125516,361.63217280743015,5.426616861141563,3.527300959742016,1.8993159013995466,0.0,0.0,144.44470512376134,0.0,65.59581313557081,8.60330582991426,5.5,0.0,0.0,0.0,0.0,0.0,1,6,1,0,0,1
248,248,0.0,22.142667,34.241799,2.183644624161156,0.7198524305555556,4.800000000000001,1.3,0.0,2015-01-01,2015-09-05,349.60599004528285,362.9215427119028,5.435484195209895,3.533064726886432,1.9024194683234632,0.0,0.0,145.04913881358033,0.0,65.70299962089689,8.607850851506504,5.5,0.0,0.0,0.0,0.0,0.0,1,6,1,0,0,1
249,249,0.0,23.67600375,33.739113,2.261587122673299,0.8202777777777778,4.800000000000001,1.3,4.0,2015-01-01,2015-09-06,350.935630615914,364.21011984642587,5.444323109149595,3.5388100209472366,1.905513088202358,0.0,0.0,145.65397991710884,0.0,65.8098425696338,8.612325186196472,5.5,0.0,0.0,0.0,0.0,0.0,1,6,1,0,0,1
250,250,0.0,22.948698,31.49436,2.043164964734383,0.75296875,4.577083333333333,1.3,4.0,2015-01-01,2015-09-07,352.26401363407024,365.4978963319443,5.453133546591734,3.5445368052846273,1.9085967413071065,0.0,0.0,146.2592250981853,0.0,65.91634130040576,8.616728688857567,5.5,0.0,0.0,0.0,0.0,0.0,1,6,1,0,0,1
251,251,0.0,21.581478750000002,30.705663,1.896459475582268,0.4259548611111111,4.745833333333334,1.3,2.0,2015-01-01,2015-09-08,353.59113973791636,366.78486432871694,5.4619154532714855,3.5502450446264655,1.9116704086450198,0.0,0.0,146.86487101663275,0.0,66.02249515727078,8.62106122338386,5.5,0.0,0.0,0.0,0.0,0.0,1,6,1,0,0,1
252,252,0.0,20.684444250000002,31.823705999999998,1.9110631762330303,0.9074565972222222,4.952500000000001,1.3,2.0,2015-01-01,2015-09-09,354.91700946634575,368.0710160363302,5.4706687769796085,3.5559347050367456,1.914734071942863,0.0,0.0,147.47091432830783,0.0,66.12830350913448,8.625322662499288,5.5,0.0,0.0,0.0,0.0,0.0,1,6,1,0,0,1
253,253,0.0,20.669276999999997,31.971045,1.91984357101862,0.9497569444444444,4.5600000000000005,1.3,1.0,2015-01-01,2015-09-10,356.24162326236086,369.3563436937105,5.479393467514705,3.5616057538845585,1.9177877136301467,0.0,0.0,148.07735168515327,0.0,66.23376574917285,8.629512887568351,5.5,0.0,0.0,0.0,0.0,0.0,1,6,1,0,0,1
254,254,0.0,20.4006,32.066382000000004,1.9083354658926208,0.7223003472222222,4.5600000000000005,1.3,1.0,2015-01-01,2015-09-11,357.5649814763493,370.64083957913465,5.488089476638983,3.567258159815339,1.920831316823644,0.0,0.0,148.6841797352524,0.0,66.33888129429747,8.633631788418809,5.5,0.0,0.0,0.0,0.0,0.0,1,6,1,0,0,1
255,255,0.0,21.284634,32.031714,1.9653058193970907,0.9162847222222222,4.5600000000000005,1.3,0.0,2015-01-01,2015-09-12,358.8870843692633,371.92449601023975,5.49675675803029,3.572891892719688,1.9238648653106012,0.0,0.0,149.29139512288685,0.0,66.44364958457582,8.637679263152174,5.5,0.0,0.0,0.0,0.0,0.0,1,6,1,0,0,1
256,256,0.0,21.163296,32.057715,1.9588381347309365,0.8852517361111111,4.5600000000000005,1.3,1.0,2015-01-01,2015-09-13,360.20793211570054,373.2073053440305,5.505395267241803,3.578506923707172,1.926888343534631,0.0,0.0,149.89899448859614,0.0,66.54807008274405,8.641655217976966,5.5,0.0,0.0,0.0,0.0,0.0,1,6,1,0,0,1
257,257,0.0,23.598723,33.184425000000005,2.213512564929405,0.6070833333333333,4.5600000000000005,1.3,1.0,2015-01-01,2015-09-14,361.5275248068934,374.489259976885,5.514004961661352,3.584103225079879,1.9299017365814732,0.0,0.0,150.50697446923922,0.0,66.65214227371503,8.645559567042378,5.5,0.0,0.0,0.0,0.0,0.0,1,6,1,0,0,1
258,258,0.0,22.506681,32.79441,2.1042487629098146,0.5944097222222222,4.5600000000000005,1.3,1.0,2015-01-01,2015-09-15,362.845862453609,375.7703523445606,5.522585800468429,3.589680770304479,1.9329050301639499,0.0,0.0,151.11533169805915,0.0,66.755865664059,8.649392232263347,5.5,0.0,0.0,0.0,0.0,0.0,1,6,1,0,0,1
259,259,0.0,20.383266,30.88767,1.830557212113687,0.786328125,8.547916666666667,1.3,3.0,2015-01-01,2015-09-16,364.1629449889619,377.0505749221959,5.53113774459935,3.5952395339895777,1.9358982106097724,0.0,0.0,151.72406280474837,0.0,66.85923978158236,8.653153143171954,5.5,0.0,0.0,0.0,0.0,0.0,1,6,1,0,0,1
260,260,0.0,17.904504,27.663546,1.496520108228225,0.946328125,4.484166666666667,1.3,4.0,2015-01-01,2015-09-17,365.4787722711434,378.32992022431404,5.539660756706144,3.600779491858994,1.9388812648471503,0.0,0.0,152.33316441551707,0.0,66.96226417483054,8.656842236748279,5.5,0.0,0.0,0.0,0.0,0.0,1,6,1,0,0,1
261,261,0.0,16.899132,27.290865,1.424300746405729,1.0692795138888889,4.52125,1.3,3.0,2015-01-01,2015-09-18,366.79334408606917,379.608380804822,5.5481548011225845,3.60630062072968,1.9418541803929044,0.0,0.0,152.94263315316203,0.0,67.06493841267765,8.660459457274833,5.5,0.0,0.0,0.0,0.0,0.0,1,6,1,0,0,1
262,262,0.0,17.427819,26.450166,1.4083791728995512,0.6537413194444445,2.64,1.3,3.0,2015-01-01,2015-09-19,368.1066601499488,380.8859492570101,5.556619843827921,3.6118028984881487,1.9448169453397721,0.0,0.0,153.55246563713797,0.0,67.16726208388798,8.664004756182525,5.5,0.0,0.0,0.0,0.0,0.0,1,6,1,0,0,1
263,263,0.0,17.219811,27.750215999999998,1.4647955685128038,0.7734809027777777,2.64,1.3,2.0,2015-01-01,2015-09-20,369.41872011177855,382.1626182135492,5.565055852414892,3.6172863040696797,1.947769548345212,0.0,0.0,154.16265848362966,0.0,67.2692347967293,8.667478091911313,5.5,0.0,0.0,0.0,0.0,0.0,1,6,1,0,0,1
264,264,0.0,16.855797,29.717624999999998,1.5512095964367183,0.9126736111111112,2.64,1.3,0.0,2015-01-01,2015-09-21,370.72952355576234,383.4383803464875,5.573462796054211,3.622750817435237,1.9507119786189737,0.0,0.0,154.77320830562616,0.0,67.37085617854359,8.670879429758553,5.5,0.0,0.0,0.0,0.0,0.0,1,6,1,0,0,1
265,265,0.0,17.263146,31.295019,1.664324734057869,0.718203125,2.64,1.3,0.0,2015-01-01,2015-09-22,372.0390700036592,384.7132283672447,5.581840645464162,3.6281964195517054,1.9536442259124565,0.0,0.0,155.38411171299538,0.0,67.47212587537962,8.674208741745312,5.5,0.0,0.0,0.0,0.0,0.0,1,6,1,0,0,1
266,266,0.0,20.192592,32.681739,1.9354755440641167,0.455685763888889,2.64,1.3,0.0,2015-01-01,2015-09-23,373.3473589170634,385.9871550266055,5.590189372881444,3.6336230923729382,1.9565662805085051,0.0,0.0,155.99536531256052,0.0,67.57304355164038,8.677466006484234,5.5,0.0,0.0,0.0,0.0,0.0,1,6,1,0,0,1
267,267,0.0,20.019251999999998,31.815039000000002,1.866840112861808,0.7020225694444444,2.64,1.3,1.0,2015-01-01,2015-09-24,374.6543896996179,387.2601531147121,5.598508952027091,3.6390308188176093,1.9594781332094815,0.0,0.0,156.60696570817768,0.0,67.6736088896712,8.680651209034519,5.5,0.0,0.0,0.0,0.0,0.0,1,6,1,0,0,1
268,268,0.0,18.675867,30.870335999999998,1.723274615595125,0.7387934027777778,2.64,1.3,2.0,2015-01-01,2015-09-25,375.96016169916135,388.53221546105397,5.606799358081963,3.644419582753276,1.962379775328687,0.0,0.0,157.21890950081345,0.0,67.7738215894635,8.683764340785658,5.5,0.0,0.0,0.0,0.0,0.0,1,6,1,0,0,1
269,269,0.0,17.982507000000002,29.812962,1.6200321315487538,1.2823784722222222,2.64,1.3,3.0,2015-01-01,2015-09-26,377.2646742098146,389.80333493445767,5.615060567657605,3.6497893689774434,1.9652711986801616,0.0,0.0,157.83119328862472,0.0,67.87368136830251,8.686805399326886,5.5,0.0,0.0,0.0,0.0,0.0,1,6,1,0,0,1
270,270,0.0,19.10416125,28.89426,1.631716546575209,1.0489583333333334,2.64,1.3,2.0,2015-01-01,2015-09-27,378.56792647400556,391.0735044430752,5.623292558765593,3.6551401631976357,1.9681523955679574,0.0,0.0,158.44381366703874,0.0,67.97318796039674,8.689774388313008,5.5,0.0,0.0,0.0,0.0,0.0,1,6,1,0,0,1
271,271,0.0,17.202477000000002,28.538913,1.5058272319311494,0.810234375,2.64,1.3,3.0,2015-01-01,2015-09-28,379.86991768443494,392.3427169343695,5.63149531079705,3.6604719520180824,1.9710233587789672,0.0,0.0,159.05676722883356,0.0,68.07234111663037,8.692671317360553,5.5,0.0,0.0,0.0,0.0,0.0,1,6,1,0,0,1
272,272,0.0,18.615198,28.400241,1.5758018462404153,1.1517100694444444,2.64,1.3,2.0,2015-01-01,2015-09-29,381.17064698598546,393.6109653951005,5.6396688044927865,3.6657847229203115,1.973884081572475,0.0,0.0,159.6700505642201,0.0,68.17114060420235,8.6954962019171,5.5,0.0,0.0,0.0,0.0,0.0,1,6,1,0,0,1
273,273,0.0,20.027919,28.772922,1.6786379578899144,1.1249739583333334,2.64,1.3,5.0,2015-01-01,2015-09-30,382.4701134775759,394.8782428513092,5.647813021920517,3.6710784642483363,1.9767345576721809,0.0,0.0,160.28366026092428,0.0,68.269586206351,8.69824906315048,5.5,0.0,0.0,0.0,0.0,0.0,1,6,1,0,0,1
274,274,0.0,19.499232,27.152192999999997,1.5555248640224442,0.656484375,4.233333333333333,1.3,4.0,2015-01-01,2015-10-01,383.76831621396167,396.1445423683,5.655927946449362,3.676353165192085,1.9795747812572764,0.0,0.0,160.89759290426974,0.0,68.36767772204558,8.70092992783173,5.5,0.0,0.0,0.0,0.0,0.0,1,6,1,0,0,1
275,275,0.0,18.589197,30.688329,1.7070666036860334,0.9223003472222222,6.48,1.3,0.0,2015-01-01,2015-10-02,385.0652542074822,397.4098570506218,5.664013562728632,3.681608815773611,1.9824047469550212,0.0,0.0,161.51184507726134,0.0,68.4654149657303,8.703538828230887,5.5,0.0,0.0,0.0,0.0,0.0,1,6,1,0,0,1
276,276,0.0,20.825283,30.957006,1.8634648306157848,0.7106684027777778,6.48,1.3,3.0,2015-01-01,2015-10-03,386.3609264297606,398.674180042049,5.672069856663331,3.686845406831165,1.9852244498321656,0.0,0.0,162.1264133606693,0.0,68.5627977670277,8.706075802001825,5.5,0.0,0.0,0.0,0.0,0.0,1,6,1,0,0,1
277,277,0.0,20.1333675,31.035009,1.8240185243878573,0.8035243055555555,6.48,1.3,2.0,2015-01-01,2015-10-04,387.65533181335144,399.93750452555935,5.680096815392995,3.692062930005447,1.9880338853875479,0.0,0.0,162.74129433311313,0.0,68.65982597048323,8.708540892080197,5.5,0.0,0.0,0.0,0.0,0.0,1,6,1,0,0,1
278,278,0.0,18.944544,28.573581,1.604183084574922,1.423689236111111,6.48,1.3,0.0,2015-01-01,2015-10-05,388.9484692533441,401.1998237233122,5.6880944272707765,3.697261377726005,1.9908330495447717,0.0,0.0,163.35648457114695,0.0,68.7564994353122,8.710934146579449,5.5,0.0,0.0,0.0,0.0,0.0,1,6,1,0,0,1
279,279,0.0,18.918543,30.124973999999998,1.6930586053667167,0.7069878472222223,6.48,1.3,2.0,2015-01-01,2015-10-06,390.2403376089179,402.46113089662447,5.696062681842609,3.7024407431976964,1.993621938644913,0.0,0.0,163.97198064934418,0.0,68.852818035148,8.713255618689587,5.5,0.0,0.0,0.0,0.0,0.0,1,6,1,0,0,1
280,280,0.0,21.44064,28.417575,1.7422653636490877,1.548498263888889,4.4558333333333335,1.3,4.0,2015-01-01,2015-10-07,391.53093570485413,403.72141934594606,5.7040015698251185,3.707601020386327,1.9964005494387913,0.0,0.0,164.5877791403834,0.0,68.94878165777517,8.715505366572046,5.5,0.0,0.0,0.0,0.0,0.0,1,6,1,0,0,1
281,281,0.0,21.11490525,28.495578,1.727172205529716,1.055998263888889,3.12,1.3,2.0,2015-01-01,2015-10-08,392.82026233300405,404.9806824108333,5.711911083089075,3.712742204007899,1.999168879081176,0.0,0.0,165.20387661513377,0.0,69.04439020492931,8.717683453270578,5.5,0.0,0.0,0.0,0.0,0.0,1,6,1,0,0,1
282,282,0.0,17.725386,22.905363,1.251696641961061,0.444453125,13.79125,1.3,3.0,2015-01-01,2015-10-09,394.10831625371543,406.2389134699217,5.71979121463889,3.7178642895152785,2.001926925123611,0.0,0.0,165.82026964274135,0.0,69.13964359204914,8.719789946611872,5.5,0.0,0.0,0.0,0.0,0.0,1,6,1,0,0,1
283,283,0.0,15.389629499999998,25.522797,1.2646548991533637,0.6858333333333334,11.04,1.3,1.0,2015-01-01,2015-10-10,395.3950961972182,407.4961059408978,5.727641958594551,3.722967273086458,2.0046746855080926,0.0,0.0,166.43695479071513,0.0,69.23454174805835,8.721824919112956,5.5,0.0,0.0,0.0,0.0,0.0,1,6,1,0,0,1
284,284,0.0,14.498373,24.881439,1.1955433831618931,0.6887847222222222,11.04,1.3,1.0,2015-01-01,2015-10-11,396.6806008649712,408.75225328046884,5.735463310172686,3.728051151612246,2.00741215856044,0.0,0.0,167.0539286250136,0.0,69.3290846151365,8.723788447887314,5.5,0.0,0.0,0.0,0.0,0.0,1,6,1,0,0,1
285,285,0.0,14.845053,26.779512,1.297941449438229,1.0270920138888888,11.04,1.3,1.0,2015-01-01,2015-10-12,397.96482893096885,410.0073489843321,5.743255265670836,3.7331159226860433,2.0101393429847927,0.0,0.0,167.67118771013125,0.0,69.42327214852904,8.72568061455986,5.5,0.0,0.0,0.0,0.0,0.0,1,6,1,0,0,1
286,286,0.0,16.423891500000003,27.68088,1.4199362421307258,0.5408072916666666,11.04,1.3,3.0,2015-01-01,2015-10-13,399.24777904301334,411.2613865871431,5.751017822447791,3.7381615845910643,2.0128562378567265,0.0,0.0,168.28872860918543,0.0,69.51710431630961,8.72750150517123,5.5,0.0,0.0,0.0,0.0,0.0,1,6,1,0,0,1
287,287,0.0,16.049766,26.476167,1.341171266323167,0.7136458333333333,11.04,1.3,4.0,2015-01-01,2015-10-14,400.52944982394797,412.5143596624813,5.7587509789109,3.743188136292085,2.015562842618815,0.0,0.0,168.90654788400272,0.0,69.61058109922651,8.729251210103367,5.5,0.0,0.0,0.0,0.0,0.0,1,6,1,0,0,1
288,288,0.0,15.54057975,24.803435999999998,1.2386254021376624,0.9603472222222222,11.04,1.3,1.0,2015-01-01,2015-10-15,401.8098398728573,413.7662618228171,5.766454734496764,3.748195577422897,2.0182591570738673,0.0,0.0,169.5246420952065,0.0,69.70370249046955,8.730929823984887,5.5,0.0,0.0,0.0,0.0,0.0,1,6,1,0,0,1
289,289,0.0,15.001058999999998,25.072112999999998,1.226388493220333,0.7131857638888889,11.04,1.3,2.0,2015-01-01,2015-10-16,403.0889477662324,415.0170867194752,5.774129089655525,3.7531839082760916,2.0209451813794335,0.0,0.0,170.14300780230332,0.0,69.79646849547993,8.732537445609072,5.5,0.0,0.0,0.0,0.0,0.0,1,6,1,0,0,1
290,290,0.0,10.008866999999999,17.557824,0.7648407495116272,1.2103993055555557,12.725833333333334,1.3,5.0,2015-01-01,2015-10-17,404.3667720591028,416.26682804259804,5.781774045838439,3.7581531297949855,2.0236209160434537,0.0,0.0,170.76164156377004,0.0,69.88887913180017,8.734074177860073,5.5,0.0,0.0,0.0,0.0,0.0,1,6,1,0,0,1
291,291,0.0,9.662187,20.244594,0.8372335142973018,0.7269531250000001,7.680000000000001,1.3,0.0,2015-01-01,2015-10-18,405.64331128613736,417.5154795211082,5.789389605480403,3.763103243562262,2.0262863619181406,0.0,0.0,171.38053993714084,0.0,69.9809344288627,8.735540127626464,5.5,0.0,0.0,0.0,0.0,0.0,1,6,1,0,0,1
292,292,0.0,11.196245999999999,22.922697,0.982823732775262,0.6359809027777777,7.680000000000001,1.3,0.0,2015-01-01,2015-10-19,406.91856396271277,418.7630349226697,5.796975771986588,3.7680342517912826,2.0289415201953056,0.0,0.0,171.99969947909415,0.0,70.07263442782863,8.736935405725735,5.5,0.0,0.0,0.0,0.0,0.0,1,6,1,0,0,1
293,293,0.0,13.328327999999999,24.699432,1.1373451744791392,0.44631944444444444,7.680000000000001,1.3,3.0,2015-01-01,2015-10-20,408.19252858595263,420.0094880536474,5.804532549717227,3.772946157316198,2.0315863924010293,0.0,0.0,172.61911674553966,0.0,70.16397918140345,8.738260126824777,5.5,0.0,0.0,0.0,0.0,0.0,1,6,1,0,0,1
294,294,0.0,14.936778749999998,23.971404,1.1749527655956205,0.8449565972222222,7.680000000000001,1.3,2.0,2015-01-01,2015-10-21,409.465203635736,421.25483275906595,5.812059943975912,3.777838963584343,2.034220980391569,0.0,0.0,173.23878829170485,0.0,70.25496875369596,8.739514409371019,5.5,0.0,0.0,0.0,0.0,0.0,1,6,1,0,0,1
295,295,0.0,14.905722,21.605313,1.0750280305364484,0.8058159722222222,7.680000000000001,1.3,8.0,2015-01-01,2015-10-22,410.73658757567875,422.4990629225682,5.819557960993762,3.782712674645946,2.0368452863478166,0.0,0.0,173.8587106722223,0.0,70.34560322002656,8.740698375510702,5.5,0.0,0.0,0.0,0.0,0.0,1,6,1,0,0,1
296,296,0.0,14.177693999999999,22.957365,1.10029473852419,0.6720486111111112,5.4375,1.3,1.0,2015-01-01,2015-10-23,412.0066788540861,423.742172466371,5.827026607918017,3.787567295146711,2.039459312771306,0.0,0.0,174.47888044121586,0.0,70.43588266678962,8.741812151022698,5.5,0.0,0.0,0.0,0.0,0.0,1,6,1,0,0,1
297,297,0.0,14.637045,23.720060999999998,1.1512878968292952,0.9081423611111112,3.3600000000000003,1.3,2.0,2015-01-01,2015-10-24,413.27547590487796,424.9841553512216,5.834465892798756,3.7924028303191912,2.0420630624795644,0.0,0.0,175.09929415238778,0.0,70.52580719129283,8.742855865244476,5.5,0.0,0.0,0.0,0.0,0.0,1,6,1,0,0,1
298,298,0.0,15.269735999999998,25.644135,1.2647216534214651,0.7930642361111111,3.3600000000000003,1.3,1.0,2015-01-01,2015-10-25,414.5429771484891,426.2250055763518,5.841875824576457,3.797219285974697,2.04465653860176,0.0,0.0,175.7199483591048,0.0,70.6153769016068,8.743829651003583,5.5,0.0,0.0,0.0,0.0,0.0,1,6,1,0,0,1
299,299,0.0,16.275108,26.328827999999998,1.344970886044328,0.8922048611111111,3.6779166666666665,1.3,3.0,2015-01-01,2015-10-26,415.8091809927427,427.4647171794318,5.849256413068602,3.8020166684945913,2.0472397445740107,0.0,0.0,176.34083961448474,0.0,70.70459191640323,8.74228049955801,5.5,0.0,0.0,0.0,0.0,0.0,1,6,1,0,0,1
300,300,0.0,17.401818,24.361418999999998,1.304511702480614,1.248090277777778,10.063333333333333,1.3,6.0,2015-01-01,2015-10-27,417.07373099213464,428.7032842365222,5.85660790973382,3.806795141326983,2.049812768406837,0.0,0.0,176.9617902284019,0.0,70.79345527526158,8.739805482826071,5.5,0.0,0.0,0.0,0.0,0.0,1,6,1,0,0,1
301,301,0.0,16.907799,21.882657,1.1698617292828069,1.1752690972222224,9.905416666666667,1.3,8.0,2015-01-01,2015-10-28,418.33650318338033,429.94070086202646,5.863930388834129,3.8115547527421842,2.052375636091945,0.0,0.0,177.58273569422835,0.0,70.88196787584565,8.737273268934208,5.5,0.0,0.0,0.0,0.0,0.0,1,6,1,0,0,1
302,302,0.0,15.201122250000001,18.693201,0.9745333092178384,0.32618055555555553,14.349583333333335,1.3,8.0,2015-01-01,2015-10-29,419.5974995316811,431.1769612086406,5.8712238361954014,3.816295493527011,2.0549283426683904,0.0,0.0,178.20367313320418,0.0,70.97012954682151,8.734683909701321,5.5,0.0,0.0,0.0,0.0,0.0,1,6,1,0,0,1
303,303,0.0,15.044394,17.36715,0.9213295709178893,0.4624826388888888,20.14,1.3,7.0,2015-01-01,2015-10-30,420.85672194342146,432.4120594673026,5.878488239017777,3.821017355361555,2.057470883656222,0.0,0.0,178.82459966148534,0.0,71.05794013346718,8.732037462184165,5.5,0.0,0.0,0.0,0.0,0.0,1,6,1,0,0,1
304,304,0.0,10.121538,19.169886,0.8176361302477689,1.145321180555556,3.3912500000000003,1.3,3.0,2015-01-01,2015-10-31,422.11417226792673,433.6459898671418,5.885723585847336,3.825720330800768,2.0600032550465674,0.0,0.0,179.44551239033285,0.0,71.14539949732999,8.729333988544102,5.5,0.0,0.0,0.0,0.0,0.0,1,6,1,0,0,1
305,305,0.0,8.35997025,13.935018,0.6215800084691174,1.0158940972222221,5.824166666666667,1.3,7.0,2015-01-01,2015-11-01,423.3698522991702,434.87874667542553,5.892929866555938,3.8304044132613595,2.0625254532945783,0.0,0.0,180.0664084262983,0.0,71.23250751598317,8.726573555940595,5.5,0.0,0.0,0.0,0.0,0.0,1,6,1,0,0,1
306,306,0.0,7.218093,9.974198999999999,0.5059908822920313,0.24290798611111106,7.379166666666666,1.3,7.0,2015-01-01,2015-11-02,424.62376377743755,436.1103241975062,5.900107072315601,3.8350695970051407,2.06503747531046,0.0,0.0,180.6872848714082,0.0,71.31926408271589,8.72375623640768,5.5,0.0,0.0,0.0,0.0,0.0,1,6,1,0,0,1
307,307,0.0,6.290724,12.94698,0.5498212396044286,0.4662326388888889,2.88,1.3,3.0,2015-01-01,2015-11-03,425.8759083909439,437.3407167767665,5.907255195578236,3.8397158771258537,2.0675393184523827,0.0,0.0,181.30813882334525,0.0,71.40566910628839,8.720882106748224,5.5,0.0,0.0,0.0,0.0,0.0,1,6,1,0,0,1
308,308,0.0,6.44673,16.907799,0.6483071441655651,0.39981770833333335,2.88,1.3,0.0,2015-01-01,2015-11-04,427.12628777740986,438.56991879456416,5.91437423005368,3.8443432495348917,2.070030980518788,0.0,0.0,181.9289673756279,0.0,71.49172251066649,8.717951248423724,5.5,0.0,0.0,0.0,0.0,0.0,1,6,1,0,0,1
309,309,0.0,8.682815999999999,17.479821,0.7241001364105472,0.7605902777777778,2.88,1.3,6.0,2015-01-01,2015-11-05,428.3749035255944,439.79792467017626,5.9214641706857245,3.848951710945721,2.0725124597400035,0.0,0.0,182.54976761778784,0.0,71.57742423473181,8.714963747438567,5.5,0.0,0.0,0.0,0.0,0.0,1,6,1,0,0,1
310,310,0.0,13.414998,20.062587,0.9593145198147428,0.3476388888888889,4.445416666666667,1.3,4.0,2015-01-01,2015-11-06,429.62175717678633,441.0247288607411,5.928525013633536,3.853541258861798,2.0749837547717376,0.0,0.0,183.17053663554447,0.0,71.66277423205722,8.711919694241553,5.5,0.0,0.0,0.0,0.0,0.0,1,6,1,0,0,1
311,311,0.0,12.617633999999999,16.162437,0.8016589593043119,0.35855902777777776,5.479166666666667,1.3,7.0,2015-01-01,2015-11-07,430.86685022625653,442.25032586120017,5.9355567562526605,3.8581118915642296,2.077444864688431,0.0,0.0,183.79127151097802,0.0,71.747772470677,8.708819183627012,5.5,0.0,0.0,0.0,0.0,0.0,1,6,1,0,0,1
312,312,0.0,12.305622,17.055138,0.8198239354722411,0.8784027777777778,3.504166666666667,1.3,4.0,2015-01-01,2015-11-08,432.11018412467286,443.47471020423995,5.942559397071584,3.8626636080965295,2.0798957889750542,0.0,0.0,184.4119693227007,0.0,71.83241893280386,8.705662314622533,5.5,0.0,0.0,0.0,0.0,0.0,1,6,1,0,0,1
313,313,0.0,12.010944,15.599082,0.7661296152963848,1.1901041666666665,8.812916666666666,1.3,6.0,2015-01-01,2015-11-09,433.3517602794749,444.69787646023076,5.949532935777297,3.8671964082552432,2.082336527522054,0.0,0.0,185.03262714602494,0.0,71.91671361465421,8.702449190405467,5.5,0.0,0.0,0.0,0.0,0.0,1,6,1,0,0,1
314,314,0.0,11.152911,15.148398,0.7280370625713961,1.1821180555555555,10.824166666666668,1.3,6.0,2015-01-01,2015-11-10,434.5915800562154,445.9198192371671,5.956477373190995,3.871710292574147,2.084767080616848,0.0,0.0,185.6532420531305,0.0,72.00065652615444,8.699179918190305,5.5,0.0,0.0,0.0,0.0,0.0,1,6,1,0,0,1
315,315,0.0,8.63153625,14.741049,0.6487712539579416,0.9388888888888886,4.067083333333333,1.3,2.0,2015-01-01,2015-11-11,435.8296447798631,447.14053318060485,5.963392711253775,3.876205262314954,2.087187448938821,0.0,0.0,186.27381111322885,0.0,72.08424769076821,8.695854609145933,5.5,0.0,0.0,0.0,0.0,0.0,1,6,1,0,0,1
316,316,0.0,8.240798999999999,17.913171000000002,0.7238547017812138,1.151883680555556,4.08,1.3,0.0,2015-01-01,2015-11-12,437.0659557360738,448.36001297359905,5.970278953009138,3.8806813194559395,2.0895976335531983,0.0,0.0,186.89433139272592,0.0,72.16748714528467,8.692473378305191,5.5,0.0,0.0,0.0,0.0,0.0,1,6,1,0,0,1
317,317,0.0,8.752151999999999,18.909876,0.7676787757257568,0.9420399305555556,4.08,1.3,0.0,2015-01-01,2015-11-13,438.30051417242703,449.57825333664096,5.977136102581694,3.885138466678101,2.091997635903593,0.0,0.0,187.5147999553832,0.0,72.25037493956123,8.689036344462952,5.5,0.0,0.0,0.0,0.0,0.0,1,6,1,0,0,1
318,318,0.0,5.770703999999999,15.11373,0.5875072320740767,1.0794010416666664,3.017916666666667,1.3,0.0,2015-01-01,2015-11-14,439.5333212996294,450.79524902759283,5.9839641651635604,3.8895767073563143,2.094387457807246,0.0,0.0,188.1352138624763,0.0,72.33291113635916,8.68554363009823,5.5,0.0,0.0,0.0,0.0,0.0,1,6,1,0,0,1
319,319,0.0,6.1260509999999995,15.755088,0.611407249334178,1.2370746527777776,2.4000000000000004,1.3,1.0,2015-01-01,2015-11-15,440.76437829268764,452.0109948416232,5.990763146996979,3.8939960455480365,2.096767101448943,0.0,0.0,188.7555701729517,0.0,72.41509581113334,8.681995361285669,5.5,0.0,0.0,0.0,0.0,0.0,1,6,1,0,0,1
320,320,0.0,8.552811,18.069177,0.7372134292813612,0.9448003472222224,2.4000000000000004,1.3,4.0,2015-01-01,2015-11-16,441.9936862920504,453.22548561114104,5.997533055356485,3.8983964859817157,2.0991365693747697,0.0,0.0,189.3758659435825,0.0,72.49692905181686,8.678391667606064,5.5,0.0,0.0,0.0,0.0,0.0,1,6,1,0,0,1
321,321,0.0,12.608967,16.9338,0.8255914284868839,1.1348524305555554,5.487083333333334,1.3,8.0,2015-01-01,2015-11-17,443.22124640471935,454.43871620572827,6.004273898536162,3.902778034048506,2.1014958644876565,0.0,0.0,189.99609822912092,0.0,72.57841095866685,8.674732682073246,5.5,0.0,0.0,0.0,0.0,0.0,1,6,1,0,0,1
322,322,0.0,8.61709125,14.039022,0.6305783015335611,0.830625,7.585416666666666,1.3,7.0,2015-01-01,2015-11-18,444.4470597053331,455.6506815320731,6.010985685830053,3.9071406957895345,2.1038449900405185,0.0,0.0,190.6162640824504,0.0,72.65954164402784,8.67101854104071,5.5,0.0,0.0,0.0,0.0,0.0,1,6,1,0,0,1
323,323,0.0,7.712111999999999,15.746421000000002,0.6509844307349686,0.33789930555555553,9.855833333333331,1.3,5.0,2015-01-01,2015-11-19,445.67112723722096,456.8613765339006,6.017668427521225,3.9114844778887963,2.106183949632429,0.0,0.0,191.23636055473483,0.0,72.74032123219932,8.667249384134802,5.5,0.0,0.0,0.0,0.0,0.0,1,6,1,0,0,1
324,324,0.0,7.157424,14.039022,0.5948988346341834,0.6659895833333334,3.3600000000000003,1.3,3.0,2015-01-01,2015-11-20,446.89345001343037,458.07079619190404,6.024322134863828,3.9158093876614886,2.1085127472023397,0.0,0.0,191.8563846955667,0.0,72.82074985921912,8.66342535416806,5.5,0.0,0.0,0.0,0.0,0.0,1,6,1,0,0,1
325,325,0.0,5.822705999999999,15.46041,0.5969665497272197,0.5764583333333334,3.3600000000000003,1.3,0.0,2015-01-01,2015-11-21,448.1140290177269,459.2789355236747,6.030946820068055,3.920115433044236,2.1108313870238193,0.0,0.0,192.47633355311334,0.0,72.90082767268153,8.659546597061029,5.5,0.0,0.0,0.0,0.0,0.0,1,6,1,0,0,1
326,326,0.0,6.403395,17.315148,0.6577202967297516,0.25592881944444446,3.3600000000000003,1.3,0.0,2015-01-01,2015-11-22,449.3328652055684,460.4857895836303,6.037542496292026,3.924402622589817,2.113139873702209,0.0,0.0,193.09620417426092,0.0,72.98055483163917,8.655613261786552,5.5,0.0,0.0,0.0,0.0,0.0,1,6,1,0,0,1
327,327,0.0,7.200759,18.467859,0.7102266646626483,0.29651041666666667,3.3600000000000003,1.3,0.0,2015-01-01,2015-11-23,450.54995950505537,461.69135346294536,6.044109177618874,3.9286709654522682,2.1154382121666058,0.0,0.0,193.7159936047582,0.0,73.05993150632595,8.651625500268498,5.5,0.0,0.0,0.0,0.0,0.0,1,6,1,0,0,1
328,328,0.0,7.365432,18.424524,0.7136123281108147,0.3053645833333334,3.3600000000000003,1.3,0.0,2015-01-01,2015-11-24,451.7653128178532,462.89562228947636,6.050646879049543,3.9329204713822032,2.1177264076673397,0.0,0.0,194.33569888935682,0.0,73.1389578780702,8.647583467331227,5.5,0.0,0.0,0.0,0.0,0.0,1,6,1,0,0,1
329,329,0.0,7.547439,16.994469,0.679457271644087,0.3695746527777778,3.3600000000000003,1.3,0.0,2015-01-01,2015-11-25,452.9789260200943,464.09859122769046,6.0571556164885845,3.9371511507175803,2.120004465771004,0.0,0.0,194.95531707195116,0.0,73.2176341391229,8.643487320624377,5.5,0.0,0.0,0.0,0.0,0.0,1,6,1,0,0,1
330,330,0.0,7.634109,16.526450999999998,0.6693122241239149,0.260234375,3.3600000000000003,1.3,4.0,2015-01-01,2015-11-26,454.19079996325445,465.30025547859077,6.063635406728687,3.9413630143736467,2.12227239235504,0.0,0.0,195.5748451957164,0.0,73.29596049247041,8.639337220549061,5.5,0.0,0.0,0.0,0.0,0.0,1,6,1,0,0,1
331,331,0.0,9.228837,17.523156,0.7409624720517258,0.36160590277777777,3.3600000000000003,1.3,1.0,2015-01-01,2015-11-27,455.4009354750075,466.50061027964205,6.070086267440784,3.9455560738365096,2.1245301936042744,0.0,0.0,196.19428030324468,0.0,73.37393715171541,8.635133330197737,5.5,0.0,0.0,0.0,0.0,0.0,1,6,1,0,0,1
332,332,0.0,9.090164999999999,17.88717,0.7475005632334357,0.6064583333333333,3.3600000000000003,1.3,0.0,2015-01-01,2015-11-28,456.6093333600574,467.69965090469555,6.076508217159317,3.9497303411535563,2.1267778760057605,0.0,0.0,196.8136194366801,0.0,73.4515643408983,8.630875815281655,5.5,0.0,0.0,0.0,0.0,0.0,1,6,1,0,0,1
333,333,0.0,8.405472,16.656456,0.6935095280649731,1.0506163194444444,3.3600000000000003,1.3,0.0,2015-01-01,2015-11-29,457.8159944009496,468.8973726639124,6.082901275271577,3.953885828926525,2.129015446345052,0.0,0.0,197.4328596378518,0.0,73.52884229436862,8.626564844071646,5.5,0.0,0.0,0.0,0.0,0.0,1,6,1,0,0,1
334,334,0.0,10.242875999999999,16.188438,0.7317450251240786,0.525078125,3.3600000000000003,1.3,0.0,2015-01-01,2015-11-30,459.0209193588603,470.0937709036874,6.089265462004459,3.9580225503028985,2.1312429117015603,0.0,0.0,198.05199794840584,0.0,73.60577125662489,8.622200587330184,5.5,0.0,0.0,0.0,0.0,0.0,1,6,1,0,0,1
335,335,0.0,10.286211,15.599082,0.7162824490804166,1.5368663194444445,6.617083333333333,1.3,7.0,2015-01-01,2015-12-01,460.2241089743663,471.2888410065714,6.095600798414604,3.9621405189694925,2.1334602794451114,0.0,0.0,198.6710314099352,0.0,73.6823514821954,8.617783218255271,5.5,0.0,0.0,0.0,0.0,0.0,1,6,1,0,0,1
336,336,0.0,9.774858,14.550374999999999,0.6736765586264866,1.5236631944444445,5.562916666666667,1.3,7.0,2015-01-01,2015-12-02,461.4255639681954,472.4825783911932,6.101907306374988,3.9662397491437424,2.135667557231246,0.0,0.0,199.28995706410916,0.0,73.75858323547611,8.613312912413711,5.5,0.0,0.0,0.0,0.0,0.0,1,6,1,0,0,1
337,337,0.0,9.974198999999999,15.443075999999998,0.7032584472467543,1.282092013888889,5.697916666666667,1.3,6.0,2015-01-01,2015-12-03,462.62528504195564,473.6749785121808,6.108185008563137,3.970320255566039,2.1378647529970976,0.0,0.0,199.90877195280007,0.0,73.83446679058817,8.608789847680256,5.5,0.0,0.0,0.0,0.0,0.0,1,6,1,0,0,1
338,338,0.0,2.2952369999999993,10.988237999999999,0.4307270291963035,1.458055555555556,36.24,1.3,1.0,2015-01-01,2015-12-04,463.82327287884766,474.8660368600815,6.114433928454403,3.974382053495362,2.140051874959041,0.0,0.0,200.5274731182095,0.0,73.91000243129679,8.604214204191646,5.5,0.0,3.5,0.0,0.0,0.0,1,6,1,0,0,1
339,339,0.0,1.601876999999999,9.714189,0.3967311534027103,0.6112152777777778,36.24,1.3,0.0,2015-01-01,2015-12-05,465.0195281443583,476.0557489612827,6.120654090303354,3.9784251586971804,2.142228931606174,0.0,0.0,201.14605760299298,0.0,73.98519045078615,8.599586164266386,5.5,0.0,3.5,0.0,0.0,0.0,1,6,1,0,0,1
340,340,0.0,3.7166249999999996,7.6774439999999995,0.3980324279611549,0.6585763888888888,15.062083333333334,1.3,6.0,2015-01-01,2015-12-06,466.2140514869351,477.2441103779295,6.126845519142548,3.982449587442656,2.1443959316998917,0.0,0.0,201.76452245038246,0.0,74.06003115164457,8.594905912376692,5.5,0.0,3.5,0.0,0.0,0.0,1,6,1,0,0,1
341,341,0.0,1.2284737499999991,6.975417,0.3477856666955913,1.3929947916666665,3.3600000000000003,1.3,6.0,2015-01-01,2015-12-07,467.40684353864583,478.43111670784515,6.133008240764363,3.9864553564968364,2.146552884267527,0.0,0.0,202.38286470430916,0.0,74.13452484564493,8.590173635069693,5.5,0.0,3.5,0.0,0.0,0.0,1,6,1,0,0,1
342,342,0.0,0.9605189999999997,10.338213,0.3964424926319932,0.7380034722222222,3.3600000000000003,1.3,0.0,2015-01-01,2015-12-08,468.5979049158187,479.6167635844479,6.139142281712531,3.9904424831131453,2.148699798599386,0.0,0.0,203.00108140952298,0.0,74.20867185364237,8.585389520919485,5.5,0.0,0.0,0.0,0.0,0.0,1,6,1,0,0,1
343,343,0.0,1.6502677499999994,10.138872,0.4046812770078007,0.6854600694444444,3.3600000000000003,1.3,1.0,2015-01-01,2015-12-09,469.787236219667,480.8010466766675,6.145247669277376,3.9944109850302945,2.1508366842470816,0.0,0.0,203.61916961171192,0.0,74.28247250551658,8.580553760489403,5.5,0.0,0.0,0.0,0.0,0.0,1,6,1,0,0,1
344,344,0.0,1.1858609999999992,8.596146,0.3718924054904508,0.8039670138888888,3.3600000000000003,1.3,2.0,2015-01-01,2015-12-10,470.9748380368993,481.98396168886416,6.151324431477191,3.998360880460174,2.1529635510170166,0.0,0.0,204.2371263576203,0.0,74.35592713994686,8.57566654625402,5.5,0.0,3.5,0.0,0.0,0.0,1,6,1,0,0,1
345,345,0.0,2.5032449999999997,7.868117999999999,0.3812672951952839,0.7270138888888888,3.3600000000000003,1.3,1.0,2015-01-01,2015-12-11,472.16071094031093,483.16550436074215,6.157374264437133,4.002293271884137,2.155080992552996,0.0,0.0,204.85494869516467,0.0,74.42905625934044,8.586952811078767,5.5,0.0,0.0,0.0,0.0,0.0,1,6,1,0,0,1
346,346,0.0,1.6639904999999997,9.575517,0.3954576356848894,0.29790798611111113,3.3600000000000003,1.3,0.0,2015-01-01,2015-12-12,473.3464424241188,484.3456704672666,6.163392226550079,4.006204947257552,2.1571872792925273,0.0,0.0,205.47406165377495,0.0,74.50180013058085,8.56565281050417,5.5,0.0,0.0,0.0,0.0,0.0,1,6,1,0,0,1
347,347,0.0,0.5618369999999997,10.043534999999999,0.3850472638024042,0.3381336805555556,3.3600000000000003,1.3,0.0,2015-01-01,2015-12-13,474.5288493478394,485.5244558185783,6.169383309070079,4.0100991508955515,2.1592841581745272,0.0,0.0,206.09159993185875,0.0,74.57421908690623,8.560613060617275,5.5,0.0,0.0,0.0,0.0,0.0,1,6,1,0,0,1
348,348,0.0,4.089306,8.362137,0.4160479952763969,0.7949479166666666,3.3600000000000003,1.3,6.0,2015-01-01,2015-12-14,475.70952908500124,486.7018562599076,6.175345885084923,4.0139748253052,2.1613710597797224,0.0,0.0,206.70899500159365,0.0,74.64629346254111,8.555522638405463,5.5,0.0,0.0,0.0,0.0,0.0,1,6,1,0,0,1
349,349,0.0,2.2287899999999996,7.720779,0.3745368398406292,0.9245225694444444,3.3600000000000003,1.3,5.0,2015-01-01,2015-12-15,476.8884821573669,487.8778676714878,6.1812799861401135,4.017831990991074,2.1634479951490397,0.0,0.0,207.32624391623708,0.0,74.71802363880086,8.550381745313715,5.5,0.0,3.5,0.0,0.0,0.0,1,6,1,0,0,1
350,350,0.0,0.7351769999999993,9.757524,0.3832231617402345,0.2874045138888889,3.3600000000000003,1.3,1.0,2015-01-01,2015-12-16,478.0657090755469,489.05248596846934,6.187185644458694,4.021670668898151,2.1655149755605425,0.0,0.0,207.94334373078928,0.0,74.78941000519096,8.545190584420261,5.5,0.0,0.0,0.0,0.0,0.0,1,6,1,0,0,1
351,351,0.0,0.483833999999999,8.717483999999999,0.3628554148005,0.32167534722222224,3.3600000000000003,1.3,5.0,2015-01-01,2015-12-17,479.24121033950706,490.2257071008313,6.193062892928731,4.025490880403676,2.1675720125250555,0.0,0.0,208.56029150210225,0.0,74.8604529592555,8.539949360381394,5.5,0.0,0.0,0.0,0.0,0.0,1,6,1,0,0,1
352,352,0.0,3.5259509999999996,7.469436,0.3914209017786125,0.2034982638888889,3.3600000000000003,1.3,7.0,2015-01-01,2015-12-18,480.41498643906124,491.3975270532935,6.198911765099462,4.029292647314651,2.169619117784811,0.0,0.0,209.17708428898717,0.0,74.93115290653063,8.53465827939984,5.5,0.0,0.0,0.0,0.0,0.0,1,6,1,0,0,1
353,353,0.0,1.9146112499999997,9.228837,0.3938648452816384,0.4090017361111111,3.3600000000000003,1.3,1.0,2015-01-01,2015-12-19,481.58703785435426,492.56794184522835,6.204732295171456,4.0330759918614465,2.1716563033100096,0.0,0.0,209.79371915232144,0.0,75.00151026042572,8.529317549177545,5.5,0.0,0.0,0.0,0.0,0.0,1,6,1,0,0,1
354,354,0.0,1.0731899999999994,8.448806999999999,0.3678216673162492,0.5453732638888888,3.3600000000000003,1.3,2.0,2015-01-01,2015-12-20,482.75736505633137,493.7369475305719,6.210524517985393,4.036840936690505,2.1736835812948874,0.0,0.0,210.41019315515453,0.0,75.07152544208766,8.523927378863839,5.5,0.0,0.0,0.0,0.0,0.0,1,6,1,0,0,1
355,355,0.0,-0.09685500000000058,8.87349,0.3563698369563041,0.7334114583333333,3.3600000000000003,1.3,1.0,2015-01-01,2015-12-21,483.9259685071942,494.9045401977339,6.216288469015148,4.040587504859847,2.1757009641553013,0.0,0.0,211.02650336281175,0.0,75.14119888031725,8.518487979017294,5.5,0.0,3.5,0.0,0.0,0.0,1,6,1,0,0,1
356,356,0.0,-0.9982230000000012,9.965532,0.3592689291944601,0.31190104166666666,3.3600000000000003,1.3,0.0,2015-01-01,2015-12-22,485.0928486608461,496.0707159695071,6.22202418436316,4.044315719836054,2.1777084645271056,0.0,0.0,211.64264684299758,0.0,75.21053101151323,8.512999561574183,5.5,0.0,0.0,0.0,0.0,0.0,1,6,1,0,0,1
357,357,0.0,2.4772439999999993,10.745562,0.429641422418403,0.5637239583333334,3.3600000000000003,1.3,3.0,2015-01-01,2015-12-23,486.25800596332675,497.23547100297765,6.227731700747337,4.048025605485769,2.179706095261568,0.0,0.0,212.25862066589826,0.0,75.27952227951403,8.507462339793253,5.5,0.0,0.0,0.0,0.0,0.0,1,6,1,0,0,1
358,358,0.0,2.5588582499999997,10.476885,0.4263093397359484,0.182109375,3.3600000000000003,1.3,3.0,2015-01-01,2015-12-24,487.421440853235,498.39880148943325,6.233411055497586,4.051717186073431,2.181693869424155,0.0,0.0,212.87442190428268,0.0,75.3481731355558,8.501876528227578,5.5,0.0,0.0,0.0,0.0,0.0,1,6,1,0,0,1
359,359,0.0,1.8618869999999998,10.225542,0.4097662020733109,0.34018229166666664,3.3600000000000003,1.3,0.0,2015-01-01,2015-12-25,488.58315376214,499.56070365427183,6.2390622865432315,4.055390486253101,2.1836718002901305,0.0,0.0,213.49004763360244,0.0,75.41648403812025,8.496242342672522,5.5,0.0,0.0,0.0,0.0,0.0,1,6,1,0,0,1
360,360,0.0,1.229195999999999,11.30025,0.4174051147717293,0.5000347222222222,3.3600000000000003,1.3,0.0,2015-01-01,2015-12-26,489.7431451149828,500.7211737569089,6.244685432410497,4.059045531066824,2.1856399013436736,0.0,0.0,214.10549493209055,0.0,75.4844554529044,8.490560000141423,5.5,0.0,0.0,0.0,0.0,0.0,1,6,1,0,0,1
361,361,0.0,2.000558999999999,9.922197,0.4069520887620009,0.26901041666666664,3.3600000000000003,1.3,0.0,2015-01-01,2015-12-27,490.90141533046733,501.88020809068564,6.250280532211493,4.06268234593747,2.1875981862740224,0.0,0.0,214.72076088085998,0.0,75.55208785268721,8.484829718817105,5.5,0.0,0.0,0.0,0.0,0.0,1,6,1,0,0,1
362,362,0.0,2.1132299999999997,12.678303,0.4585028341183709,0.2681510416666667,3.3600000000000003,1.3,0.0,2015-01-01,2015-12-28,492.0579648214411,503.0378029827749,6.255847625638186,4.066300956664821,2.189546668973365,0.0,0.0,215.3358425639998,0.0,75.619381717257,8.479051718019882,5.5,0.0,0.0,0.0,0.0,0.0,1,6,1,0,0,1
363,363,0.0,2.7199199999999997,11.976276,0.4567011746667646,0.7171614583333334,3.3600000000000003,1.3,2.0,2015-01-01,2015-12-29,493.2127939952662,504.1939547940883,6.261386752954854,4.0699013894206555,2.191485363534199,0.0,0.0,215.95073706867146,0.0,75.68633753331986,8.473226218169513,5.5,0.0,0.0,0.0,0.0,0.0,1,6,1,0,0,1
364,364,0.0,6.836745,8.890824,0.4765280215584941,1.7184635416666667,9.370416666666666,1.3,7.0,2015-01-01,2015-12-30,494.36590325418086,505.34865991918196,6.266897954990558,4.073483670743863,2.1934142842466953,0.0,0.0,216.5654414852037,0.0,75.75295579440902,8.467353440748978,5.5,0.0,3.5,0.0,0.0,0.0,1,6,1,0,0,1
365,365,0.0,6.533399999999999,12.712971,0.5500138681224627,1.108871527777778,6.0,1.3,4.0,2015-01-01,2015-12-31,495.51729299565125,506.5019147861618,6.272381273134009,4.077047827537106,2.195333445596903,0.0,0.0,217.1799529071862,0.0,75.81923700082262,8.461433608274868,5.5,0.0,0.0,0.0,0.0,0.0,1,6,1,0,0,1
366,1,0.0,8.240798999999999,13.128986999999999,0.5990405966312218,1.762708333333333,6.800416666666667,1.3,5.0,2015-01-01,2016-01-01,496.66696361271505,507.65371585658943,6.277836749320899,4.080593887058584,2.1972428622623146,0.0,0.0,217.79426843156295,0.0,75.88518165947048,8.45546694424617,5.5,0.0,0.0,0.0,0.0,0.0,1,6,1,0,0,1
367,2,0.0,2.5444132499999994,10.277543999999999,0.4225292261423873,1.2851822916666666,14.366666666666667,1.3,3.0,2015-01-01,2016-01-02,497.81491549431416,508.804059625385,6.283264426034918,4.084121876922697,2.199142549112221,0.0,0.0,218.4083851587231,0.0,75.95079028388666,8.449453673134057,5.5,0.0,3.5,0.0,0.0,0.0,1,6,1,0,0,1
368,3,0.0,0.9691859999999997,6.810744,0.3415498236302275,0.7578559027777777,16.32,1.3,1.0,2015-01-01,2016-01-03,498.9611490256215,509.9529426207332,6.288664346295611,4.0876318250921475,2.201032521203463,0.0,0.0,219.02230019259298,0.0,76.01606339408237,8.443394020332615,5.5,0.0,3.5,0.0,0.0,0.0,1,6,1,0,0,1
369,4,0.0,0.2671589999999995,7.686111,0.3440873385898302,0.666015625,16.32,1.3,5.0,2015-01-01,2016-01-04,500.1056645883577,511.1003614039864,6.294036553651463,4.091123759873451,2.2029127937780117,0.0,0.0,219.63601064072577,0.0,76.0810015164627,8.437288212125894,5.5,0.0,3.5,0.0,0.0,0.0,1,6,1,0,0,1
370,5,0.0,6.273389999999999,10.762896,0.5027781444746694,0.5759982638888888,16.32,1.3,6.0,2015-01-01,2016-01-05,501.2484625610987,512.2463125695674,6.299381092176928,4.0945977099150035,2.2047833822619247,0.0,0.0,220.24951361439017,0.0,76.14560518379045,8.431136475666234,5.5,0.0,0.0,0.0,0.0,0.0,1,6,1,0,0,1
371,6,0.0,4.747998,11.629596,0.489410861138808,0.6353038194444445,16.32,1.3,4.0,2015-01-01,2016-01-06,502.3895433195778,513.390792744873,6.304698006462813,4.0980537042008285,2.206644302261984,0.0,0.0,220.86280622865897,0.0,76.20987493506996,8.424939038934474,5.5,0.0,0.0,0.0,0.0,0.0,1,6,1,0,0,1
372,7,0.0,4.36665,14.689046999999999,0.5457897616430448,0.6920659722222222,16.32,1.3,3.0,2015-01-01,2016-01-07,503.52890723697794,514.5337985901768,6.309987341610485,4.101491772046815,2.2084955695636697,0.0,0.0,221.47588560249628,0.0,76.27381131547716,8.418696130710057,5.5,0.0,0.0,0.0,0.0,0.0,1,6,1,0,0,1
373,8,0.0,9.020828999999999,13.935018,0.6381338382660183,1.4785243055555555,12.21875,1.3,7.0,2015-01-01,2016-01-08,504.66655468421635,515.6753267985307,6.315249143223922,4.10491194309555,2.2103372001283725,0.0,0.0,222.08874885884347,0.0,76.33741487626344,8.412407980537253,5.5,0.0,0.0,0.0,0.0,0.0,1,6,1,0,0,1
374,9,0.0,8.483475,12.322956,0.5856720296492238,1.1262413194444445,17.68583333333333,1.3,7.0,2015-01-01,2016-01-09,505.8024860302229,516.8153740956664,6.320483457408954,4.10831424731582,2.2121692100931334,0.0,0.0,222.70139312470462,0.0,76.40068617474645,8.406074818710328,5.5,0.0,0.0,0.0,0.0,0.0,1,6,1,0,0,1
375,10,0.0,2.1247859999999994,11.178912,0.4310894363805256,1.2822135416666667,6.377916666666668,1.3,2.0,2015-01-01,2016-01-10,506.93670164221027,517.9539372398979,6.3256903307586825,4.111698714993143,2.2139916157655386,0.0,0.0,223.3138155312314,0.0,76.46362577413389,8.399696876221027,5.5,0.0,3.5,0.0,0.0,0.0,1,6,1,0,0,1
376,11,0.0,2.1045629999999993,10.511553,0.4189176129478068,0.8654427083333334,3.3600000000000003,1.3,3.0,2015-01-01,2016-01-11,508.0692018859371,519.0910130220213,6.330869810355213,4.115065376730889,2.2158044336243243,0.0,0.0,223.9260132138062,0.0,76.52623424354442,8.393274384751887,5.5,0.0,0.0,0.0,0.0,0.0,1,6,1,0,0,1
377,12,0.0,5.814038999999999,12.374958,0.5269477572899949,0.5643489583333333,3.3600000000000003,1.3,5.0,2015-01-01,2016-01-12,509.19998712596464,520.2265982652165,6.336021943757372,4.1184142634422924,2.21760768031508,0.0,0.0,224.53798331212533,0.0,76.58851215785924,8.386807576630703,5.5,0.0,0.0,0.0,0.0,0.0,1,6,1,0,0,1
378,13,0.0,5.034008999999999,13.735676999999999,0.5395072491437245,0.5797743055555555,3.3600000000000003,1.3,0.0,2015-01-01,2016-01-13,510.3290577259064,521.3606898249463,6.341146778999519,4.121745406349688,2.219401372649832,0.0,0.0,225.1497229702805,0.0,76.6504600977077,8.380296684816189,5.5,0.0,0.0,0.0,0.0,0.0,1,6,1,0,0,1
379,14,0.0,8.171463,15.443075999999998,0.6550186200553089,0.6188715277777778,3.3600000000000003,1.3,0.0,2015-01-01,2016-01-14,511.4564140486707,522.4932845888577,6.3462443645813424,4.125058836977873,2.2211855276034695,0.0,0.0,225.7612293368402,0.0,76.71207864934385,8.373741942858786,5.5,0.0,0.0,0.0,0.0,0.0,1,6,1,0,0,1
380,15,0.0,5.806094249999999,15.599082,0.5998893235623428,0.4831684027777778,3.3600000000000003,1.3,2.0,2015-01-01,2016-01-15,512.5820564566981,523.6243794766801,6.351314749465078,4.128354587152301,2.222960162312777,0.0,0.0,226.37249956492968,0.0,76.77336840461301,8.36714358488284,5.5,0.0,0.0,0.0,0.0,0.0,1,6,1,0,0,1
381,16,0.0,3.9072989999999996,13.354329,0.5074245718659565,0.5778385416666666,3.3600000000000003,1.3,2.0,2015-01-01,2016-01-16,513.7059853121906,524.7539714401256,6.356357983068062,4.13163268899424,2.2247252940738216,0.0,0.0,226.9835308123105,0.0,76.83432996086165,8.360501845555124,5.5,0.0,0.0,0.0,0.0,0.0,1,6,1,0,0,1
382,17,0.0,4.5659909999999995,13.267658999999998,0.5193899674167745,0.9914756944444445,3.3600000000000003,1.3,1.0,2015-01-01,2016-01-17,514.8282009773371,525.8820574627871,6.361374115257105,4.134893174917118,2.2264809403399863,0.0,0.0,227.59432024145877,0.0,76.89496392086942,8.353816960059921,5.5,0.0,0.0,0.0,0.0,0.0,1,6,1,0,0,1
383,18,0.0,6.308058,14.021688000000001,0.5745663072374317,1.4891666666666665,3.3600000000000003,1.3,0.0,2015-01-01,2016-01-18,515.9487038145303,527.0086345600373,6.366363196345415,4.13813607762452,2.228227118720895,0.0,0.0,228.20486501964297,0.0,76.95527089281181,8.347089164081,5.5,0.0,0.0,0.0,0.0,0.0,1,6,1,0,0,1
384,19,0.0,9.48018,14.065023,0.6532229367841921,1.7472395833333332,3.3600000000000003,1.3,2.0,2015-01-01,2016-01-19,517.0674941865803,528.1336997789275,6.371325277079805,4.141361430101873,2.2299638469779315,0.0,0.0,228.81516231900127,0.0,77.01525149010574,8.340318693755979,5.5,0.0,0.0,0.0,0.0,0.0,1,6,1,0,0,1
385,20,0.0,10.650224999999999,15.989097000000001,0.7377123353280413,0.7681423611111111,3.3600000000000003,1.3,3.0,2015-01-01,2016-01-20,518.1845724569206,529.2572501980841,6.376260408645115,4.144569265619325,2.23169114302579,0.0,0.0,229.42520931661682,0.0,77.07490633146291,8.333505785680448,5.5,0.0,0.0,0.0,0.0,0.0,1,6,1,0,0,1
386,21,0.0,8.890824,16.361778,0.6987257591546219,0.762734375,3.3600000000000003,1.3,2.0,2015-01-01,2016-01-21,519.2999389898093,530.3792829276077,6.381168642649795,4.147759617722367,2.233409024927428,0.0,0.0,230.03500319459386,0.0,77.1342360407155,8.326650676858538,5.5,0.0,0.0,0.0,0.0,0.0,1,6,1,0,0,1
387,22,0.0,8.899491,15.885092999999998,0.6859834808163519,0.7875173611111111,3.38875,1.3,2.0,2015-01-01,2016-01-22,520.4135941505248,531.4997951089698,6.3860500311246575,4.150932520231027,2.23511751089363,0.0,0.0,230.6445411401316,0.0,77.19324124680108,8.31975360469165,5.5,0.0,0.0,0.0,0.0,0.0,1,6,1,0,0,1
388,23,0.0,10.806231,12.77364,0.6541202357174982,1.0965104166666668,10.092916666666666,1.3,8.0,2015-01-01,2016-01-23,521.5255383055562,532.6187839149095,6.390905479132831,4.154088561436341,2.2368169176964905,0.0,0.0,231.25382034559823,0.0,77.25193288993407,8.328834816512346,5.5,0.0,0.0,0.0,0.0,0.0,1,6,1,0,0,1
389,24,0.0,10.240709249999998,15.521079,0.7128251070889268,1.363480902777778,7.38875,1.3,5.0,2015-01-01,2016-01-24,522.6373386240357,533.7362465493311,6.395733349372847,4.157226677092351,2.2385066722804963,0.0,0.0,231.86424801163224,0.0,77.3102911787557,8.305760892823695,5.5,0.0,0.0,0.0,0.0,0.0,1,6,1,0,0,1
390,25,0.0,5.76564825,10.719560999999999,0.4915730912408068,0.4543315972222222,7.631666666666667,1.3,3.0,2015-01-01,2016-01-25,523.7458535686754,534.8521802471998,6.400534530795378,4.1603474450169955,2.240187085778382,0.0,0.0,232.47299589999102,0.0,77.36832685871639,8.298739864487704,5.5,0.0,0.0,0.0,0.0,0.0,1,6,1,0,0,1
391,26,0.0,2.9495954999999996,7.547439,0.3832931779351739,0.6885243055555555,5.04,1.3,4.0,2015-01-01,2016-01-26,524.8526586814734,535.9665822744391,6.405309078709498,4.163450901161174,2.241858177548324,0.0,0.0,233.08147669410704,0.0,77.42604059838061,8.291677821311232,5.5,0.0,0.0,0.0,0.0,0.0,1,6,1,0,0,1
392,27,0.0,-2.30694,5.944044,0.2856294203285369,0.7148003472222222,5.04,1.3,3.0,2015-01-01,2016-01-27,525.9577543348902,537.0794499278252,6.410057047178896,4.1665370806662825,2.2435199665126135,0.0,0.0,233.68968760741188,0.0,77.48343305125901,8.284575002386939,5.5,0.0,3.5,0.0,0.0,0.0,1,6,1,0,0,1
393,28,0.0,-3.7283280000000003,5.389355999999999,0.2619389504480415,0.6824045138888889,5.04,1.3,2.0,2015-01-01,2016-01-28,527.0611409034831,538.1907805348835,6.41477849065523,4.1696060189259,2.2451724717293304,0.0,0.0,234.29762585886726,0.0,77.54050487555187,8.277431647062885,5.5,0.0,3.5,0.0,0.0,0.0,1,6,1,0,0,1
394,29,0.0,-3.416316000000001,7.495437,0.2911814937962959,0.6211892361111111,5.04,1.3,1.0,2015-01-01,2016-01-29,528.1628187640674,539.3005714537841,6.419473463977314,4.1726577515852545,2.24681571239206,0.0,0.0,234.90528867303408,0.0,77.59725673413935,8.270247994933378,5.5,0.0,3.5,0.0,0.0,0.0,1,6,1,0,0,1
395,30,0.0,-2.3936100000000016,9.670853999999999,0.3342844493286068,0.5201302083333335,5.04,1.3,3.0,2015-01-01,2016-01-30,529.2627882958736,540.4088200732372,6.42414202236113,4.175692314534734,2.248449707826395,0.0,0.0,235.5126732801412,0.0,77.6536892944607,8.263024285804216,5.5,0.0,0.0,0.0,0.0,0.0,1,6,1,0,0,1
396,31,0.0,3.6732899999999997,11.421588,0.4642772215713026,0.7642534722222222,5.04,1.3,6.0,2015-01-01,2016-01-31,530.3610498806992,541.5155238123873,6.428784221398026,4.178709743908717,2.250074477489309,0.0,0.0,236.1197769161525,0.0,77.7098032284926,8.255760759682133,5.5,0.0,0.0,0.0,0.0,0.0,1,6,1,0,0,1
397,32,0.0,4.340648999999999,10.806231,0.4652735388153225,0.754765625,5.04,1.3,2.0,2015-01-01,2016-02-01,531.4576039030557,542.6206801207085,6.433400117049704,4.181710076082307,2.251690040967396,0.0,0.0,236.7265968228341,0.0,77.76559921268837,8.248457656754708,5.5,0.0,0.0,0.0,0.0,0.0,1,6,1,0,0,1
398,33,0.0,5.224683,12.288288,0.5126517956720767,0.5325086805555556,5.04,1.3,8.0,2015-01-01,2016-02-02,532.552450750315,543.7242864778989,6.43798976564198,4.184693347667287,2.253296417974693,0.0,0.0,237.33313024782086,0.0,77.82107792790273,8.241115217366906,5.5,0.0,0.0,0.0,0.0,0.0,1,6,1,0,0,1
399,34,0.0,1.4523712499999997,11.794269,0.4300676221014419,0.7856770833333333,3.31875,1.3,3.0,2015-01-01,2016-02-03,533.6455908128474,544.8263403937748,6.4425532238601475,4.187659595509096,2.2548936283510512,0.0,0.0,237.93937444468173,0.0,77.87624005933576,8.233733682003168,5.5,0.0,0.0,0.0,0.0,0.0,1,6,1,0,0,1
400,35,0.0,0.7785120000000001,13.094319,0.4413997334134805,0.4823958333333334,2.88,1.3,0.0,2015-01-01,2016-02-04,534.7370244841585,545.9268394081649,6.447090548744019,4.190608856683613,2.2564816920604063,0.0,0.0,238.54532667298452,0.0,77.93108629647277,8.226313291267246,5.5,0.0,0.0,0.0,0.0,0.0,1,6,1,0,0,1
401,36,0.0,5.6667,15.859092,0.6027898902223049,0.6859288194444444,2.88,1.3,1.0,2015-01-01,2016-02-05,535.82675216102,547.0257810908037,6.451601797685593,4.193541168495636,2.2580606291899574,0.0,0.0,239.15098419835994,0.0,77.98561733305625,8.218854285872398,5.5,0.0,0.0,0.0,0.0,0.0,1,6,1,0,0,1
402,37,0.0,8.830155,18.511194,0.7581693442681166,0.74625,3.5179166666666664,1.3,4.0,2015-01-01,2016-02-06,536.9147742436,548.1231630412258,6.45608702841975,4.196456568472838,2.259630459946912,0.0,0.0,239.7563442925657,0.0,78.03983386697347,8.211356906608387,5.5,0.0,0.0,0.0,0.0,0.0,1,6,1,0,0,1
403,38,0.0,9.628241249999999,16.379112,0.719713845920643,1.0843836805555556,6.718333333333333,1.3,5.0,2015-01-01,2016-02-07,538.0010911355863,549.2189828886588,6.4605462990223534,4.19935509436453,2.2611912046578233,0.0,0.0,240.3614042335485,0.0,78.09373660023327,8.203821394333218,5.5,0.0,0.0,0.0,0.0,0.0,1,6,1,0,0,1
404,39,0.0,-1.084893000000001,9.566849999999999,0.3519301327638949,1.5116753472222222,14.34375,1.3,5.0,2015-01-01,2016-02-08,539.0857032443071,550.3132382919168,6.464979667905808,4.202236784138775,2.2627428837670323,0.0,0.0,240.9661613055065,0.0,78.14732623891264,8.196247989955582,5.5,0.0,3.5,0.0,0.0,0.0,1,6,1,0,0,1
405,40,0.0,-3.364314000000001,5.181348,0.2637437496124853,1.27015625,14.4,1.3,1.0,2015-01-01,2016-02-09,540.16861098085,551.4059269392933,6.469387193813466,4.205101675978753,2.264285517834713,0.0,0.0,241.57061279895066,0.0,78.20060349308909,8.188636934414802,5.5,0.0,3.5,0.0,0.0,0.0,1,6,1,0,0,1
406,41,0.0,-3.450984000000001,7.469436,0.2904138256044949,0.700060763888889,14.4,1.3,3.0,2015-01-01,2016-02-10,541.2498147601747,552.497046548454,6.473768935816737,4.207949808280879,2.265819127535858,0.0,0.0,242.17475601076558,0.0,78.2535690768053,8.180988468669412,5.5,0.0,3.5,0.0,0.0,0.0,1,6,1,0,0,1
407,42,0.0,-1.636692,8.058792,0.3222388911589188,0.4286111111111111,14.4,1.3,3.0,2015-01-01,2016-02-11,542.3293150012257,553.5865948663304,6.47812495330512,4.210781219648329,2.2673437336567916,0.0,0.0,242.77858824426988,0.0,78.30622370794936,8.17330283366462,5.5,0.0,3.5,0.0,0.0,0.0,1,6,1,0,0,1
408,43,0.0,-2.0209289999999998,11.690265,0.3701235515634605,0.4860243055555556,14.4,1.3,0.0,2015-01-01,2016-02-12,543.4071121270374,554.6745696690108,6.482455305990286,4.213595948893686,2.2688593570966002,0.0,0.0,243.3821068092749,0.0,78.35856810830332,8.165580270340653,5.5,0.0,0.0,0.0,0.0,0.0,1,6,1,0,0,1
409,44,0.0,-0.4002000000000008,12.929646000000002,0.4174051147717293,0.38752604166666665,14.4,1.3,0.0,2015-01-01,2016-02-13,544.4832065648407,555.7609687616341,6.486760053891291,4.21639403502934,2.270366018861951,0.0,0.0,243.98530902214418,0.0,78.41060300336508,8.157821019587452,5.5,0.0,0.0,0.0,0.0,0.0,1,6,1,0,0,1
410,45,0.0,3.7252919999999996,13.336995,0.5033123472287311,0.6168402777777778,14.4,1.3,4.0,2015-01-01,2016-02-14,545.5575987461622,556.8457899782804,6.491039257343324,4.219175517273161,2.271863740070163,0.0,0.0,244.58819220585082,0.0,78.4623291224539,8.150025322266996,5.5,0.0,0.0,0.0,0.0,0.0,1,6,1,0,0,1
411,46,0.0,5.025341999999999,15.027059999999999,0.5681905995772678,0.5541145833333334,14.4,1.3,0.0,2015-01-01,2016-02-15,546.630289106925,557.9290311818656,6.495292976976872,4.221940435034967,2.2733525419419047,0.0,0.0,245.1907536900364,0.0,78.51374719845836,8.142193419149763,5.5,0.0,0.0,0.0,0.0,0.0,1,6,1,0,0,1
412,47,0.0,4.583324999999999,16.361778,0.5889381144398547,0.6832118055555556,14.4,1.3,0.0,2015-01-01,2016-02-16,547.7012780875416,559.0106902640302,6.499521273729438,4.224688827924135,2.274832445805303,0.0,0.0,245.79299081106592,0.0,78.56485796797836,8.134325550947274,5.5,0.0,0.0,0.0,0.0,0.0,1,6,1,0,0,1
413,48,0.0,5.502027,15.139731000000001,0.581814300388439,1.0338888888888889,14.4,1.3,1.0,2015-01-01,2016-02-17,548.7705661330074,560.0907651450337,6.503724208828634,4.227420735738612,2.276303473090022,0.0,0.0,246.39490091208583,0.0,78.61566217112043,8.126421958259915,5.5,0.0,0.0,0.0,0.0,0.0,1,6,1,0,0,1
414,49,0.0,5.779370999999999,16.049766,0.610139430602671,0.6285416666666666,14.4,1.3,1.0,2015-01-01,2016-02-18,549.8381536929904,561.1692537736446,6.507901843795121,4.230136198466829,2.277765645328292,0.0,0.0,246.9964813430783,0.0,78.66616055153357,8.118482881583533,5.5,0.0,0.0,0.0,0.0,0.0,1,6,1,0,0,1
415,50,0.0,8.752151999999999,16.734459,0.7051746773481338,0.6724652777777778,14.4,1.3,4.0,2015-01-01,2016-02-19,550.9040412219177,562.2461541270325,6.512054240436909,4.232835256283991,2.279218984152918,0.0,0.0,247.59772946091684,0.0,78.71635385634012,8.11050856129106,5.5,0.0,0.0,0.0,0.0,0.0,1,6,1,0,0,1
416,51,0.0,10.511553,15.434408999999999,0.7179861914506595,1.0868229166666665,10.569166666666668,1.3,6.0,2015-01-01,2016-02-20,551.9682291790593,563.3214642106594,6.516181460842613,4.235517949547699,2.2806635112949145,0.0,0.0,248.19864262942056,0.0,78.76624283605425,8.10249923761156,5.5,0.0,0.0,0.0,0.0,0.0,1,6,1,0,0,1
417,52,0.0,10.008866999999999,18.502527,0.7933747046338451,1.0055642361111112,3.3600000000000003,1.3,3.0,2015-01-01,2016-02-21,553.0307180286109,564.3951820581714,6.5197842844188525,4.237859784872255,2.2819244995465984,0.0,0.0,248.79921821940786,0.0,78.80979301623367,8.09445515062259,5.5,0.0,0.0,0.0,0.0,0.0,1,6,1,0,0,1
418,53,0.0,14.489705999999998,20.357264999999998,1.010121373006009,2.203671875,3.3600000000000003,1.3,6.0,2015-01-01,2016-02-22,554.0915082397711,565.4673057312888,6.523026876043874,4.239967469428518,2.2830594066153553,0.0,0.0,249.39945360874947,0.0,78.8489887876973,8.086376540232894,5.5,0.0,0.0,0.0,0.0,0.0,1,6,1,0,0,1
419,54,0.0,14.021688000000001,23.468718,1.114914185128007,1.781918402777778,4.183333333333334,1.3,3.0,2015-01-01,2016-02-23,555.1506002868186,566.5378333196979,6.5262460609941275,4.242059939646183,2.284186121347944,0.0,0.0,249.99934618242105,0.0,78.88790162415674,8.078263646178403,5.5,0.0,0.0,0.0,0.0,0.0,1,6,1,0,0,1
420,55,0.0,8.44086225,14.741049,0.6438849943570571,0.646953125,6.65125,1.3,4.0,2015-01-01,2016-02-24,556.2079946491874,567.6067629409424,6.52944190671594,4.244137239365361,2.285304667350579,0.0,0.0,250.59889333255532,0.0,78.92653234088914,8.07011670798713,5.5,0.0,0.0,0.0,0.0,0.0,1,6,1,0,0,1
421,56,0.0,8.327469,17.8005,0.7231188370913986,0.5521354166666665,3.6,1.3,0.0,2015-01-01,2016-02-25,557.263691811536,568.6740927403123,6.532614480863289,4.246199412561138,2.286415068302151,0.0,0.0,251.1980924584926,0.0,78.96488175568172,8.061935964996167,5.5,0.0,0.0,0.0,0.0,0.0,1,6,1,0,0,1
422,57,0.0,10.130205,19.837245000000003,0.8391878264347203,0.4637152777777778,3.6,1.3,3.0,2015-01-01,2016-02-26,558.317692263819,569.7398208907372,6.535763851284856,4.248246503335157,2.2875173479496995,0.0,0.0,251.79694096683275,0.0,79.00295068867513,8.053721656311454,5.5,0.0,0.0,0.0,0.0,0.0,1,6,1,0,0,1
423,58,0.0,11.7336,20.036586,0.8991189123284715,1.1614583333333333,3.6,1.3,5.0,2015-01-01,2016-02-27,559.3699965013524,570.8039455926746,6.538890086026092,4.25027855591696,2.288611530109132,0.0,0.0,252.3954362714841,0.0,79.04073996238864,8.045474020814213,5.5,0.0,0.0,0.0,0.0,0.0,1,6,1,0,0,1
424,59,0.0,11.005572,16.353111,0.7586807056545086,0.8379340277777777,9.202916666666669,1.3,7.0,2015-01-01,2016-02-28,560.4206050248795,571.8664650740021,6.541993253321991,4.252295614659294,2.2896976386626964,0.0,0.0,252.9935757937137,0.0,79.07825040163264,8.037193297138211,5.5,0.0,0.0,0.0,0.0,0.0,1,6,1,0,0,1
425,60,0.0,10.12370475,14.524374000000002,0.6823057306485016,1.5145746527777777,3.9879166666666666,1.3,7.0,2015-01-01,2016-02-29,561.4695183406326,572.9273775899072,6.545073421595123,4.25429772403683,2.290775697558293,0.0,0.0,253.59135696219613,0.0,79.11548283348483,8.028879723663412,5.5,0.0,0.0,0.0,0.0,0.0,1,6,1,0,0,1
426,61,0.0,8.0255685,17.037803999999998,0.693548915739667,1.095199652777778,3.12,1.3,1.0,2015-01-01,2016-03-01,562.516736960395,573.9866814227777,6.548130659449204,4.256284928641983,2.2918457308072213,0.0,0.0,254.18877721306183,0.0,79.15243808721269,8.020533538496666,5.5,0.0,0.0,0.0,0.0,0.0,1,6,1,0,0,1
427,62,0.0,7.521438,18.268518,0.7136123281108147,0.7846701388888889,3.12,1.3,0.0,2015-01-01,2016-03-02,563.5622614015568,575.0443748820917,6.551165035669838,4.258257273185395,2.292907762484443,0.0,0.0,254.78583398994465,0.0,79.18911699428219,8.012154979473053,5.5,0.0,0.0,0.0,0.0,0.0,1,6,1,0,0,1
428,63,0.0,10.450883999999999,17.930505,0.7893932901059739,1.2208767361111112,3.12,1.3,4.0,2015-01-01,2016-03-03,564.6060921871746,576.1004563043086,6.554176619214841,4.260214802489647,2.293961816725194,0.0,0.0,255.38252474402958,0.0,79.22552038824111,8.003744284128073,5.5,0.0,0.0,0.0,0.0,0.0,1,6,1,0,0,1
429,64,0.0,10.710894,18.996546000000002,0.8308403392701353,0.486076388888889,3.12,1.3,4.0,2015-01-01,2016-03-04,565.6482298460229,577.1549240527589,6.557165479217487,4.262157561491367,2.29500791772612,0.0,0.0,255.97884693409895,0.0,79.26164910475802,7.995301689705604,5.5,0.0,0.0,0.0,0.0,0.0,1,6,1,0,0,1
430,65,0.0,12.704304,21.631314000000003,0.990879522102308,0.5234461805555556,3.12,1.3,2.0,2015-01-01,2016-03-05,566.6886749126489,578.2077765175346,6.560131684974884,4.2640855952336745,2.296046089741209,0.0,0.0,256.57479802657906,0.0,79.29750398148187,7.986827433124976,5.5,0.0,0.0,0.0,0.0,0.0,1,6,1,0,0,1
431,66,0.0,12.493407000000001,22.238004,1.005744488883896,1.046388888888889,3.12,1.3,4.0,2015-01-01,2016-03-06,567.7274279274217,579.2590121153786,6.563075305951183,4.265998948868269,2.297076357082914,0.0,0.0,257.170375495585,0.0,79.33308585808088,7.978321750989468,5.5,0.0,0.0,0.0,0.0,0.0,1,6,1,0,0,1
432,67,0.0,7.790115,17.939172,0.7119177249783306,1.2242534722222222,3.12,1.3,0.0,2015-01-01,2016-03-07,568.7644894365818,580.3086292895755,6.565996411768906,4.267897667649789,2.298098744119117,0.0,0.0,257.76557682296624,0.0,79.36839557613759,7.969784879562093,5.5,0.0,0.0,0.0,0.0,0.0,1,6,1,0,0,1
433,68,0.0,7.495437,18.355188000000002,0.7153104804007471,0.4390190972222222,3.12,1.3,0.0,2015-01-01,2016-03-08,569.7998599922875,581.3566265098412,6.568895072210838,4.269781796937044,2.299113275273793,0.0,0.0,258.3603994983506,0.0,79.40343397917167,7.961217054769623,5.5,0.0,0.0,0.0,0.0,0.0,1,6,1,0,0,1
434,69,0.0,9.272172,19.941249,0.8151809861181528,0.5180642361111111,3.12,1.3,1.0,2015-01-01,2016-03-09,570.8335401526612,582.4030022722133,6.571771357208147,4.271651382185295,2.3001199750228514,0.0,0.0,258.9548410191886,0.0,79.43820191249661,7.952618512170389,5.5,0.0,0.0,0.0,0.0,0.0,1,6,1,0,0,1
435,70,0.0,10.156206,20.851284,0.8733195781163312,0.483125,3.12,1.3,0.0,2015-01-01,2016-03-10,571.865530481831,583.4477550989401,6.574626385924622,4.273507150851005,2.301119235073618,0.0,0.0,259.5488988907961,0.0,79.47271290433089,7.959575970210249,5.5,0.0,0.0,0.0,0.0,0.0,1,6,1,0,0,1
436,71,0.0,11.967609,19.005213,0.8721624980490716,0.6659114583333333,3.12,1.3,6.0,2015-01-01,2016-03-11,572.8973559609726,584.4908835383717,6.577514076679517,4.2753841498416865,2.3021299268378304,0.0,0.0,260.14394246812566,0.0,79.50761870807536,7.935432946843919,5.5,0.0,0.0,0.0,0.0,0.0,1,6,1,0,0,1
437,72,0.0,10.182207,20.721279000000003,0.8698523783047094,1.1971875,3.12,1.3,1.0,2015-01-01,2016-03-12,573.9259827987179,585.5323861648492,6.580733408512103,4.277476715532867,2.303256692979236,0.0,0.0,260.7372333719764,0.0,79.54653332001782,7.927935231666592,5.5,0.0,0.0,0.0,0.0,0.0,1,6,1,0,0,1
438,73,0.0,10.294878,19.161219,0.8228405701561676,1.1351822916666665,5.095,1.3,1.0,2015-01-01,2016-03-13,574.9530758777056,586.5722615785945,6.583930449582304,4.279554792228498,2.3043756573538063,0.0,0.0,261.3302223276425,0.0,79.58517848587232,7.920404486874214,5.5,0.0,0.0,0.0,0.0,0.0,1,6,1,0,0,1
439,74,0.0,10.121538,19.265223,0.8206456882558675,1.721328125,6.306666666666667,1.3,4.0,2015-01-01,2016-03-14,575.9786350858058,587.6105084056003,6.587105262518853,4.281618420637255,2.3054868418815984,0.0,0.0,261.9229067543587,0.0,79.62355496268194,7.912840935244892,5.5,0.0,0.0,0.0,0.0,0.0,1,6,1,0,0,1
440,75,0.0,10.225542,19.265223,0.8239399450589037,1.6701302083333334,6.577916666666667,1.3,4.0,2015-01-01,2016-03-15,577.0026603201258,588.6471252975206,6.590257910096801,4.2836676415629205,2.30659026853388,0.0,0.0,262.51528407812253,0.0,79.66166350925837,7.905244799183587,5.5,0.0,0.0,0.0,0.0,0.0,1,6,1,0,0,1
441,76,0.0,9.884640000000001,15.503744999999999,0.7024613717739167,0.8294184027777778,6.965833333333333,1.3,5.0,2015-01-01,2016-03-16,578.025151486996,589.6821109315586,6.593388455240493,4.285702495906321,2.3076859593341723,0.0,0.0,263.1073517317335,0.0,79.69950488621804,7.897616300734488,5.5,0.0,0.0,0.0,0.0,0.0,1,6,1,0,0,1
442,77,0.0,3.9159659999999996,10.78023,0.4567011746667646,0.6239322916666666,10.1,1.3,5.0,2015-01-01,2016-03-17,579.0461085019625,590.7154640103594,6.596496961012982,4.287723024658439,2.3087739363545436,0.0,0.0,263.699107154834,0.0,79.73707985585393,7.889955661549087,5.5,0.0,0.0,0.0,0.0,0.0,1,6,1,0,0,1
443,78,0.0,2.7545879999999996,13.310994,0.483189228586644,1.28140625,8.64,1.3,2.0,2015-01-01,2016-03-18,580.0655312897718,591.7471832618968,6.5995834906236635,4.289729268905381,2.309854221718282,0.0,0.0,264.2905477939473,0.0,79.77438918222806,7.882263102910537,5.5,0.0,0.0,0.0,0.0,0.0,1,6,1,0,0,1
444,79,0.0,4.643993999999999,16.387779,0.5909875608099572,1.183559027777778,8.64,1.3,0.0,2015-01-01,2016-03-19,581.0834197843601,592.7772674393657,6.602648107414314,4.291721269819305,2.3109268375950096,0.0,0.0,264.8816711025176,0.0,79.8114336310026,7.874538845694753,5.5,0.0,0.0,0.0,0.0,0.0,1,6,1,0,0,1
445,80,0.0,6.178052999999999,17.878503,0.6665686480052461,1.1949913194444444,7.204166666666668,1.3,5.0,2015-01-01,2016-03-20,582.0997739288404,593.8057153210701,6.605690874865918,4.293699068662847,2.3119918062030713,0.0,0.0,265.4724745409478,0.0,79.84821396952246,7.866783110390456,5.5,0.0,0.0,0.0,0.0,0.0,1,6,1,0,0,1
446,81,0.0,12.478962,17.488488,0.8391878264347203,0.7836892361111111,10.048333333333334,1.3,6.0,2015-01-01,2016-03-21,583.1145936754878,594.8325257103141,6.60871185659198,4.295662706784787,2.313049149807193,0.0,0.0,266.06295557663816,0.0,79.88473096673444,7.85899611708227,5.5,0.0,0.0,0.0,0.0,0.0,1,6,1,0,0,1
447,82,0.0,7.991622749999999,15.659751,0.6559743439513821,0.4815451388888889,8.9625,1.3,5.0,2015-01-01,2016-03-22,584.1278789857278,595.8576974352917,6.6117111163329785,4.297612225616436,2.3140988907165423,0.0,0.0,266.65311168402445,0.0,79.92098539312015,7.851178085435647,5.5,0.0,0.0,0.0,0.0,0.0,1,6,1,0,0,1
448,83,0.0,7.469436,15.313071,0.6337547067239179,1.2685069444444443,5.76,1.3,1.0,2015-01-01,2016-03-23,585.1396298301196,596.8812293489755,6.614688717961268,4.299547666674824,2.3151410512864437,0.0,0.0,267.2429403446146,0.0,79.95697802075524,7.843329234712078,5.5,0.0,0.0,0.0,0.0,0.0,1,6,1,0,0,1
449,84,0.0,7.989456,19.551234,0.7640683458638837,0.7089756944444444,5.76,1.3,3.0,2015-01-01,2016-03-24,586.1498461883431,597.9031203290081,6.617644725473442,4.3014690715577375,2.316175653915704,0.0,0.0,267.8324390470265,0.0,79.99270962321725,7.835449783749717,5.5,0.0,0.0,0.0,0.0,0.0,1,6,1,0,0,1
450,85,0.0,12.158283,21.388638,0.9618320245791896,0.6768402777777778,5.0495833333333335,1.3,7.0,2015-01-01,2016-03-25,587.1585280491834,598.9233692775916,6.6205792029858115,4.303376481940778,2.3172027210450334,0.0,0.0,268.421605287025,0.0,80.02818097553074,7.8275399509513495,5.5,0.0,0.0,0.0,0.0,0.0,1,6,1,0,0,1
451,86,0.0,13.016316,17.878503,0.8695639917158784,1.0385069444444444,12.375833333333333,1.3,8.0,2015-01-01,2016-03-26,588.1656754105143,599.9419751213774,6.623492214737509,4.305269939579381,2.318222275158128,0.0,0.0,269.01043656755746,0.0,80.06339285420498,7.819599954294846,5.5,0.0,0.0,0.0,0.0,0.0,1,6,1,0,0,1
452,87,0.0,12.695637,15.304403999999998,0.7778156503791971,1.1035763888888885,23.77458333333333,1.3,8.0,2015-01-01,2016-03-27,589.1712882792835,600.958936811356,6.626383825085165,4.307149486305358,2.3192343387798076,0.0,0.0,269.59893039879057,0.0,80.09834603716948,7.811630011319945,5.5,0.0,0.0,0.0,0.0,0.0,1,6,1,0,0,1
453,88,0.0,12.7664175,18.025842,0.8661577906450357,0.9360243055555555,19.314166666666665,1.3,5.0,2015-01-01,2016-03-28,590.1753666714961,601.9742533227477,6.629254098498547,4.309015164024055,2.3202389344744914,0.0,0.0,270.1870842981459,0.0,80.13304130372134,7.803630339117708,5.5,0.0,0.0,0.0,0.0,0.0,1,6,1,0,0,1
454,89,0.0,9.912807749999999,19.143885,0.8102675514517144,1.2868229166666667,12.322916666666666,1.3,3.0,2015-01-01,2016-03-29,591.1779106121968,602.9879236548923,6.632103099564126,4.310867014716682,2.3212360848474436,0.0,0.0,270.7748957903351,0.0,80.16747943456838,7.795601154342094,5.5,0.0,0.0,0.0,0.0,0.0,1,6,1,0,0,1
455,90,0.0,8.153406749999998,16.613121,0.6854960064901875,1.267421875,8.874583333333334,1.3,1.0,2015-01-01,2016-03-30,592.1789201354551,603.9999468311398,6.634930892972028,4.312705080431818,2.3222258125402093,0.0,0.0,271.3623624073955,0.0,80.20166121167136,7.787542673175116,5.5,0.0,0.0,0.0,0.0,0.0,1,6,1,0,0,1
456,91,0.0,7.356764999999999,16.387779,0.6583972473857599,0.6658680555555556,11.140416666666669,1.3,6.0,2015-01-01,2016-03-31,593.1783952843452,605.0103218987397,6.6377375435265265,4.3145294032922425,2.323208140234284,0.0,0.0,271.9494816887236,0.0,80.2355874183708,7.779455111358267,5.5,0.0,0.0,0.0,0.0,0.0,1,6,1,0,0,1
457,92,0.0,4.261923749999999,10.944903,0.4664244136896464,1.0731857638888889,6.862916666666667,1.3,7.0,2015-01-01,2016-04-01,594.1763361109305,606.0190479287321,6.640523116132911,4.316340025486393,2.3241830906465184,0.0,0.0,272.53625118111063,0.0,80.26925883922833,7.771338684157454,5.5,0.0,0.0,0.0,0.0,0.0,1,6,1,0,0,1
458,93,0.0,3.2052719999999995,14.871054,0.5245409480508876,0.6968836805555555,2.88,1.3,0.0,2015-01-01,2016-04-02,595.1727426762441,607.0261240158379,6.643287675800791,4.318136989270514,2.325150686530277,0.0,0.0,273.1226684387757,0.0,80.30267626006648,7.763193606374402,5.5,0.0,0.0,0.0,0.0,0.0,1,6,1,0,0,1
459,94,0.0,6.594068999999999,17.999841,0.6808511242997444,0.5859114583333334,2.88,1.3,4.0,2015-01-01,2016-04-03,596.1676150502711,608.0315492783487,6.646031287638973,4.319920336965333,2.3261109506736406,0.0,0.0,273.7087310233999,0.0,80.33584046790703,7.755020092334243,5.5,0.0,0.0,0.0,0.0,0.0,1,6,1,0,0,1
460,95,0.0,9.628963500000001,17.861169,0.7625684138539206,1.1328732638888885,3.334583333333333,1.3,2.0,2015-01-01,2016-04-04,597.1609533119307,609.0353228580179,6.648754016857217,4.321690110957191,2.327063905900026,0.0,0.0,274.29443650415897,0.0,80.36875225099193,7.746818355892199,5.5,0.0,0.0,0.0,0.0,0.0,1,6,1,0,0,1
461,96,0.0,9.159501,20.721279000000003,0.8363971773064992,0.505625,3.12,1.3,2.0,2015-01-01,2016-04-05,598.1527575490554,610.0374439199512,6.65145592875691,4.323446353691992,2.328009575064918,0.0,0.0,274.87978245775713,0.0,80.4014123986707,7.738588610410259,5.5,0.0,0.0,0.0,0.0,0.0,1,6,1,0,0,1
462,97,0.0,11.249692499999998,20.859951000000002,0.9108152402121784,0.36363715277777775,3.12,1.3,2.0,2015-01-01,2016-04-06,599.1430278583736,611.0379116524967,6.65413708873397,4.3251891076770805,2.3289479810568894,0.0,0.0,275.46476646845866,0.0,80.43382170143559,7.730331068766876,5.5,0.0,0.0,0.0,0.0,0.0,1,6,1,0,0,1
463,98,0.0,11.187579,21.891323999999997,0.944950823877684,0.8338281249999999,3.12,1.3,2.0,2015-01-01,2016-04-07,600.1317643454887,612.0367252671363,6.6567975622759015,4.326918415479336,2.329879146796565,0.0,0.0,276.0493861281206,0.0,80.46598095088592,7.722045943351407,5.5,0.0,0.0,0.0,0.0,0.0,1,6,1,0,0,1
464,99,0.0,10.234209,21.111294,0.8846719878992823,0.8252777777777778,5.264166666666667,1.3,3.0,2015-01-01,2016-04-08,601.1189671248604,613.0338839983757,6.659437414958706,4.328634319723159,2.330803095235547,0.0,0.0,276.6336390362246,0.0,80.49789093969066,7.7137334460572395,5.5,0.0,0.0,0.0,0.0,0.0,1,6,1,0,0,1
465,100,0.0,10.459551000000001,19.785242999999998,0.8481729780261024,0.30225694444444445,5.6570833333333335,1.3,1.0,2015-01-01,2016-04-09,602.1046363197847,614.0293871036364,6.662056712441369,4.33033686308689,2.331719849354479,0.0,0.0,277.2175227999086,0.0,80.52955246152197,7.705393788269307,5.5,0.0,0.0,0.0,0.0,0.0,1,6,1,0,0,1
466,101,0.0,12.331623,20.296596,0.9289413041120148,0.5325260416666668,5.370416666666667,1.3,6.0,2015-01-01,2016-04-10,603.0887720623723,615.0232338631452,6.664655520471368,4.33202608830639,2.3326294321649783,0.0,0.0,277.8010350339973,0.0,80.56096631112166,7.697027180881541,5.5,0.0,0.0,0.0,0.0,0.0,1,6,1,0,0,1
467,102,0.0,13.362996,21.691982999999997,1.0180419020709972,0.6738715277777777,10.164583333333333,1.3,7.0,2015-01-01,2016-04-11,604.07137449353,616.0154235798267,6.667233904872735,4.333702038167278,2.3335318667054574,0.0,0.0,278.3841733610341,0.0,80.5921332841569,7.688633834265998,5.5,0.0,0.0,0.0,0.0,0.0,1,6,1,0,0,1
468,103,0.0,14.611044,18.398523,0.9424721620861298,1.1309114583333333,10.097083333333334,1.3,7.0,2015-01-01,2016-04-12,605.0524437629385,617.0059555791934,6.6697919315515115,4.335364755508483,2.334427176043029,0.0,0.0,278.96693541131026,0.0,80.62305417728614,7.680213958290493,5.5,0.0,0.0,0.0,0.0,0.0,1,6,1,0,0,1
469,104,0.0,13.24238025,17.488488,0.8641244818486727,0.7573611111111112,21.627916666666668,1.3,8.0,2015-01-01,2016-04-13,606.0319800290322,617.9948292092375,6.67232966649048,4.337014283218812,2.3353153832716678,0.0,0.0,279.54931882289645,0.0,80.65372978809556,7.671767762306762,5.5,0.0,0.0,0.0,0.0,0.0,1,6,1,0,0,1
470,105,0.0,13.12032,21.371304000000002,0.9967155201503768,0.7855468750000001,12.63125,1.3,6.0,2015-01-01,2016-04-14,607.0099834589784,618.9820438403226,6.674847175743378,4.338650664233196,2.336196511510182,0.0,0.0,280.13132124167157,0.0,80.68416091502894,7.663295455136295,5.5,0.0,0.0,0.0,0.0,0.0,1,6,1,0,0,1
471,106,0.0,11.612262000000001,18.069177,0.8300096187689129,0.6667100694444446,7.608333333333332,1.3,6.0,2015-01-01,2016-04-15,607.9864542286547,619.9675988650736,6.677344525440402,4.340273941536261,2.3370705839041404,0.0,0.0,280.7129403213522,0.0,80.7143483574543,7.654797245088903,5.5,0.0,0.0,0.0,0.0,0.0,1,6,1,0,0,1
472,107,0.0,11.898273,20.556606,0.9228475201828846,1.5840538194444445,4.054583333333333,1.3,3.0,2015-01-01,2016-04-16,608.9613925226286,620.9514936982702,6.679821781779594,4.341884158156737,2.3379376236228575,0.0,0.0,281.2941737235223,0.0,80.74429291555975,7.646273339941121,5.5,0.0,0.0,0.0,0.0,0.0,1,6,1,0,0,1
473,108,0.0,9.714189,18.849207,0.7949722080004493,1.6562760416666666,7.053333333333334,1.3,3.0,2015-01-01,2016-04-17,609.9347985341358,621.9337277767376,6.682279011025082,4.343481357166303,2.3387976538587782,0.0,0.0,281.87501911766185,0.0,80.77399539033232,7.637723946933718,5.5,0.0,0.0,0.0,0.0,0.0,1,6,1,0,0,1
474,109,0.0,10.528887000000001,18.23385,0.801122205230045,0.5251736111111112,4.3812500000000005,1.3,3.0,2015-01-01,2016-04-18,610.9066724650573,622.914300559238,6.684716279509757,4.345065581681342,2.339650697828415,0.0,0.0,282.45547418117457,0.0,80.80345658359005,7.629149272782537,5.5,0.0,0.0,0.0,0.0,0.0,1,6,1,0,0,1
475,110,0.0,9.549516,19.230555,0.8016589593043122,0.5226736111111111,7.876666666666667,1.3,2.0,2015-01-01,2016-04-19,611.8770145258986,623.8932115263636,6.687133653626465,4.346636874857203,2.3404967787692623,0.0,0.0,283.0355365994172,0.0,80.83267729787596,7.620549523655968,5.5,0.0,0.0,0.0,0.0,0.0,1,6,1,0,0,1
476,111,0.0,9.436845,21.969327,0.8867232657468405,0.5820052083333334,6.31625,1.3,0.0,2015-01-01,2016-04-20,612.8458249357665,624.8704601804276,6.689531199828986,4.348195279888841,2.341335919940145,0.0,0.0,283.6152040657262,0.0,80.86165833646936,7.611924905181313,5.5,0.0,0.0,0.0,0.0,0.0,1,6,1,0,0,1
477,112,0.0,11.932941,24.058073999999998,1.05436266688804,0.4325434027777778,4.32,1.3,0.0,2015-01-01,2016-04-21,613.8131039223464,625.8460460453565,6.691908984633133,4.3497408400115365,2.3421681446215965,0.0,0.0,284.19447428144554,0.0,80.89040050339962,7.6032756224498375,5.5,0.0,0.0,0.0,0.0,0.0,1,6,1,0,0,1
478,113,0.0,11.4230325,25.574799,1.0946941755841375,0.8076041666666667,4.32,1.3,2.0,2015-01-01,2016-04-22,614.7788517218816,626.8199686665831,6.694268477019007,4.351274510062354,2.342993966956652,0.0,0.0,284.77334495595414,0.0,80.91892155539183,7.6097225234700945,5.5,0.0,0.0,0.0,0.0,0.0,1,6,1,0,0,1
479,114,0.0,11.256915,23.945403,1.0236852003306156,0.6826388888888889,4.32,1.3,2.0,2015-01-01,2016-04-23,615.744547452832,627.7922276109382,6.6966828129571265,4.352843828422133,2.3438389845349943,0.0,0.0,285.35314463906735,0.0,80.94810554480846,7.5860707448584925,5.5,0.0,0.0,0.0,0.0,0.0,1,6,1,0,0,1
480,115,0.0,16.855797,25.184784,1.317739630068801,0.7804774305555555,4.32,1.3,2.0,2015-01-01,2016-04-24,616.7072556893195,628.7628224665435,6.699001414394278,4.354350919356281,2.344650495037997,0.0,0.0,285.93122229995157,0.0,80.97613231553852,7.57734767919562,5.5,0.0,0.0,0.0,0.0,0.0,1,6,1,0,0,1
481,116,0.0,16.630455,24.924774,1.2946672029058284,0.5487065972222221,5.824166666666667,1.3,4.0,2015-01-01,2016-04-25,617.668433340108,629.7317528427039,6.701300523264706,4.355845340122059,2.345455183142647,0.0,0.0,286.5088935333437,0.0,81.00392346418637,7.568600772052619,5.5,0.0,0.0,0.0,0.0,0.0,1,6,1,0,0,1
482,117,0.0,17.410485,27.438204,1.4584309892947271,0.6032986111111112,9.224166666666669,1.3,4.0,2015-01-01,2016-04-26,618.6280806769231,630.6990183698013,6.703580206319021,4.357327134107364,2.346253072211657,0.0,0.0,287.0861560814858,0.0,81.03147979761947,7.559830225659574,5.5,0.0,0.0,0.0,0.0,0.0,1,6,1,0,0,1
483,118,0.0,18.433191,29.717624999999998,1.640538598690263,0.4540364583333333,11.04,1.3,3.0,2015-01-01,2016-04-27,619.5861979799146,631.664618699186,6.7058405303558795,4.358796344731322,2.347044185624558,0.0,0.0,287.6630076947798,0.0,81.05880212328599,7.551036241691104,5.5,0.0,0.0,0.0,0.0,0.0,1,6,1,0,0,1
484,119,0.0,18.467859,29.284275,1.6175467338565068,0.6397048611111112,6.282500000000001,1.3,5.0,2015-01-01,2016-04-28,620.5427855376339,632.6285535030712,6.708081562216387,4.360253015440652,2.347828546775735,0.0,0.0,288.2394461318139,0.0,81.0858912491473,7.542219021252102,5.5,0.0,0.0,0.0,0.0,0.0,1,6,1,0,0,1
485,120,0.0,18.381189,26.918184,1.4821934824626593,0.9086111111111111,4.945833333333334,1.3,7.0,2015-01-01,2016-04-29,621.4978436470109,633.5908224744256,6.710303368783821,4.361697189709484,2.348606179074337,0.0,0.0,288.81546915938634,0.0,81.11274798367458,7.533378764881794,5.5,0.0,0.0,0.0,0.0,0.0,1,6,1,0,0,1
486,121,0.0,17.696496,24.47409,1.3239805439264176,1.1807378472222223,6.735833333333334,1.3,4.0,2015-01-01,2016-04-30,622.4513726133306,634.551425326867,6.712506016981269,4.363128911037825,2.349377105943444,0.0,0.0,289.39107455253054,0.0,81.13937313582008,7.524515672548858,5.5,0.0,0.0,0.0,0.0,0.0,1,6,1,0,0,1
487,122,0.0,16.74240375,26.372163,1.370077899149883,1.2783940972222223,8.64,1.3,1.0,2015-01-01,2016-05-01,623.4033727502094,635.510361794556,6.714689573766853,4.3645482229484545,2.350141350818398,0.0,0.0,289.96626009453905,0.0,81.16576751495964,7.515629943642412,5.5,0.0,0.0,0.0,0.0,0.0,1,6,1,0,0,1
488,123,0.0,14.3337,25.098114000000002,1.1978329503940477,1.3169097222222221,5.7775,1.3,5.0,2015-01-01,2016-05-02,624.3538443795715,636.4676316320891,6.716854106137707,4.36595516898951,2.350898937148197,0.0,0.0,290.5410235769871,0.0,81.19193193094064,7.506721776985598,5.5,0.0,0.0,0.0,0.0,0.0,1,6,1,0,0,1
489,124,0.0,14.082357000000002,24.604095,1.1653802222762062,0.6582899305555556,4.32,1.3,5.0,2015-01-01,2016-05-03,625.3027878316252,637.4232346143936,6.718999681120193,4.367349792728126,2.3516498883920676,0.0,0.0,291.11536279975655,0.0,81.21786719396376,7.497791370812029,5.5,0.0,0.0,0.0,0.0,0.0,1,6,1,0,0,1
490,125,0.0,17.28048,27.117525,1.435002414593186,0.5186284722222223,4.32,1.3,5.0,2015-01-01,2016-05-04,626.2502034448393,638.3771705366203,6.721126365772951,4.368732137752419,2.3523942280205326,0.0,0.0,291.6892755710586,0.0,81.24357411461992,7.488838922777617,5.5,0.0,0.0,0.0,0.0,0.0,1,6,1,0,0,1
491,126,0.0,17.57299125,27.368868,1.4633159155996545,1.0201215277777778,4.32,1.3,4.0,2015-01-01,2016-05-05,627.1960915659182,639.3294392140388,6.723234227185826,4.370102247670787,2.353131979515039,0.0,0.0,292.2627597074566,0.0,81.26905350387709,7.479864629960406,5.5,0.0,0.0,0.0,0.0,0.0,1,6,1,0,0,1
492,127,0.0,16.959801,24.231414,1.2775957964426237,0.7983940972222222,8.610416666666667,1.3,7.0,2015-01-01,2016-05-06,628.1404525497799,640.2800404819316,6.725323332472574,4.371460166107173,2.353863166365401,0.0,0.0,292.83581303388905,0.0,81.29430617299242,7.470868688844308,5.5,0.0,0.0,0.0,0.0,0.0,1,6,1,0,0,1
493,128,0.0,17.583825,27.472872,1.4693565585557005,1.0677604166666665,9.942916666666669,1.3,5.0,2015-01-01,2016-05-07,629.0832867595295,641.2289741954885,6.72739374877352,4.372805936702788,2.354587812070732,0.0,0.0,293.4084333836913,0.0,81.31933293354413,7.461851295329291,5.5,0.0,0.0,0.0,0.0,0.0,1,6,1,0,0,1
494,129,0.0,16.9785795,25.912812,1.359054661749801,0.5461892361111113,3.2729166666666663,1.3,5.0,2015-01-01,2016-05-08,630.0245945664369,642.1762402297012,6.729445543250704,4.374139603112958,2.355305940137746,0.0,0.0,293.9806185986177,0.0,81.34413459737297,7.452812644721623,5.5,0.0,0.0,0.0,0.0,0.0,1,6,1,0,0,1
495,130,0.0,13.516113,25.6008,1.1840269520772602,1.1819097222222221,3.6,1.3,6.0,2015-01-01,2016-05-09,630.9643763499115,643.1218384792583,6.731478783088715,4.375461209007665,2.3560175740810503,0.0,0.0,294.55236652886254,0.0,81.36871197659224,7.443752931739231,5.5,0.0,0.0,0.0,0.0,0.0,1,6,1,0,0,1
496,131,0.0,13.493001,26.406831,1.2186125731803528,0.9258072916666666,3.4929166666666664,1.3,3.0,2015-01-01,2016-05-10,631.9026324974782,644.0657688584404,6.733493535489598,4.376770798068239,2.356722737421359,0.0,0.0,295.1236750330819,0.0,81.39306588352625,7.434672350501676,5.5,0.0,0.0,0.0,0.0,0.0,1,6,1,0,0,1
497,132,0.0,15.89376,24.777435,1.2535501336728576,0.5373958333333334,7.484583333333333,1.3,4.0,2015-01-01,2016-05-11,632.8393634047533,645.0080313010152,6.735489867673209,4.378068413987586,2.357421453685623,0.0,0.0,295.69454197841446,0.0,81.4171971307146,7.425571094533858,5.5,0.0,0.0,0.0,0.0,0.0,1,6,1,0,0,1
498,133,0.0,15.668417999999999,22.697354999999998,1.1516568248950692,0.5617534722222222,14.585833333333332,1.3,5.0,2015-01-01,2016-05-12,633.7745694754195,645.9486257601333,6.737467846870715,4.3793541004659655,2.35811374640475,0.0,0.0,296.26496524050174,0.0,81.44110653083362,7.4164493567518015,5.5,0.0,0.0,0.0,0.0,0.0,1,6,1,0,0,1
499,134,0.0,15.443075999999998,27.568209,1.36496684091665,0.8679340277777778,18.96,1.3,1.0,2015-01-01,2016-05-13,634.7082511212009,646.8875522082225,6.7394275403340504,4.3806279012171325,2.3587996391169175,0.0,0.0,296.8349427035079,0.0,81.46479489681067,7.407307329492427,5.5,0.0,0.0,0.0,0.0,0.0,1,6,1,0,0,1
500,135,0.0,18.008508,29.232273,1.5884697228499929,0.9413628472222224,18.96,1.3,2.0,2015-01-01,2016-05-14,635.6404087618403,647.8248106368858,6.741369015317875,4.381889859956619,2.3594791553612557,0.0,0.0,297.40447226014106,0.0,81.48826304160609,7.398145204466854,5.5,0.0,0.0,0.0,0.0,0.0,1,6,1,0,0,1
501,136,0.0,19.932582,30.246312,1.761973842318813,0.836484375,18.96,1.3,1.0,2015-01-01,2016-05-15,636.5710428250726,648.7604010567952,6.743292339090663,4.3831400204089315,2.360152318681732,0.0,0.0,297.97355181167154,0.0,81.51151177834707,7.388963172794943,5.5,0.0,0.0,0.0,0.0,0.0,1,6,1,0,0,1
502,137,0.0,19.863246,33.444435,1.9647170792523967,1.587890625,18.96,1.3,2.0,2015-01-01,2016-05-16,637.500153746601,649.6943234975893,6.745197578925817,4.384378426301781,2.360819152624036,0.0,0.0,298.54217926795167,0.0,81.53454192022056,7.379761424983672,5.5,0.0,0.0,0.0,0.0,0.0,1,6,1,0,0,1
503,138,0.0,20.209926,31.40769,1.852811550252116,1.3224826388888888,12.37125,1.3,2.0,2015-01-01,2016-05-17,638.4277419700718,650.6265780077684,6.747084802103412,4.3856051213672185,2.3614796807361937,0.0,0.0,299.1103525474346,0.0,81.55735428049405,7.370540150936405,5.5,0.0,0.0,0.0,0.0,0.0,1,6,1,0,0,1
504,139,0.0,20.816616,32.092383,1.93780081089212,0.8254774305555556,4.114583333333333,1.3,6.0,2015-01-01,2016-05-18,639.35380794705,651.5571646545925,6.748954075905581,4.386820149338628,2.362133926566953,0.0,0.0,299.6780695771932,0.0,81.57994967245999,7.361299539942852,5.5,0.0,0.0,0.0,0.0,0.0,1,6,1,0,0,1
505,140,0.0,19.897914,31.113011999999998,1.814019934972247,1.1664670138888888,4.667083333333333,1.3,5.0,2015-01-01,2016-05-19,640.278352136994,652.4860835239765,6.750805467615329,4.388023553949965,2.3627819136653647,0.0,0.0,300.245328292938,0.0,81.6023289094212,7.3520397806799505,5.5,0.0,0.0,0.0,0.0,0.0,1,6,1,0,0,1
506,141,0.0,16.07504475,29.786960999999998,1.5123332671319507,1.1960416666666667,2.88,1.3,3.0,2015-01-01,2016-05-20,641.2013750072313,653.4133347203882,6.752639044519372,4.389215378937592,2.36342366558178,0.0,0.0,300.8121266390352,0.0,81.6244928047256,7.342761061222877,5.5,0.0,0.0,0.0,0.0,0.0,1,6,1,0,0,1
507,142,0.0,14.787272999999999,27.152192999999997,1.3129034083065176,1.4600347222222223,2.88,1.3,2.0,2015-01-01,2016-05-21,642.1228770329327,654.3389183667454,6.75445487389423,4.39039566803125,2.36405920586298,0.0,0.0,301.37846256852526,0.0,81.64644217159767,7.333463569010879,5.5,0.0,0.0,0.0,0.0,0.0,1,6,1,0,0,1
508,143,0.0,14.767050000000001,29.50095,1.428305660525592,0.7561805555555555,2.88,1.3,2.0,2015-01-01,2016-05-22,643.0428586970881,655.2628346043119,6.756253023020132,4.391564464963086,2.364688558057046,0.0,0.0,301.94433404313844,0.0,81.66817782330675,7.32414749088834,5.5,0.0,0.0,0.0,0.0,0.0,1,6,1,0,0,1
509,144,0.0,20.998623000000002,30.436985999999997,1.841098756070105,0.7369184027777778,2.88,1.3,1.0,2015-01-01,2016-05-23,643.9613204904811,656.1850835925973,6.758033559166615,4.392721813458301,2.365311745708315,0.0,0.0,302.50973903331374,0.0,81.68970057299309,7.314813013070032,5.5,0.0,0.0,0.0,0.0,0.0,1,6,1,0,0,1
510,145,0.0,20.83395,31.615698000000002,1.907187973053272,0.83,2.88,1.3,3.0,2015-01-01,2016-05-24,644.8782629116638,657.1056655092526,6.759796549594988,4.393867757236742,2.3659287923582455,0.0,0.0,303.0746755182148,0.0,81.71101123369725,7.3054603211499485,5.5,0.0,0.0,0.0,0.0,0.0,1,6,1,0,0,1
511,146,0.0,17.852502,28.062228,1.5151849348491695,1.488767361111111,2.88,1.3,1.0,2015-01-01,2016-05-25,645.7936864669315,658.0245805499691,6.761542061560455,4.395002340014296,2.366539721546159,0.0,0.0,303.6391414857459,0.0,81.73211061838617,7.296089600112339,5.5,0.0,0.0,0.0,0.0,0.0,1,6,1,0,0,1
512,147,0.0,17.817834,30.237645,1.6350147224345484,0.6196354166666665,2.88,1.3,0.0,2015-01-01,2016-05-26,646.7075916702985,658.9418289283767,6.763270162303375,4.396125605497193,2.367144556806181,0.0,0.0,304.203134932569,0.0,81.7529995398473,7.286701034310361,5.5,0.0,0.0,0.0,0.0,0.0,1,6,1,0,0,1
513,148,0.0,22.090664999999998,32.343726000000004,2.042555931388769,0.7951996527777778,2.88,1.3,0.0,2015-01-01,2016-05-27,647.6199790434722,659.8574108759422,6.76498180949373,4.397238176170925,2.3677436333228057,0.0,0.0,304.76665386411906,0.0,81.77368957419567,7.29193601158323,5.5,0.0,0.0,0.0,0.0,0.0,1,6,1,0,0,1
514,149,0.0,22.428677999999998,33.938454,2.1823540248449715,1.1965625,2.88,1.3,1.0,2015-01-01,2016-05-28,648.5322810535494,660.7713266418671,6.766743191185469,4.398383074270555,2.368360116914914,0.0,0.0,305.3309849487395,0.0,81.79498078882686,7.26801754511694,5.5,0.0,0.0,0.0,0.0,0.0,1,6,1,0,0,1
515,150,0.0,21.06434775,35.281839000000005,2.1807954376562395,1.236875,2.88,1.3,0.0,2015-01-01,2016-05-29,649.4416534221374,661.6835764929874,6.768419216010469,4.399472490406805,2.3689467256036636,0.0,0.0,305.8935604792374,0.0,81.81524022745032,7.258575708150174,5.5,0.0,0.0,0.0,0.0,0.0,1,6,1,0,0,1
516,151,0.0,19.811244,30.931005,1.7970685840417455,1.258012152777778,2.88,1.3,1.0,2015-01-01,2016-05-30,650.3495094452217,662.5941607136721,6.7700781001485675,4.400550765096569,2.3695273350519983,0.0,0.0,306.45565551090476,0.0,81.83529247302444,7.249116763750546,5.5,0.0,0.0,0.0,0.0,0.0,1,6,1,0,0,1
517,152,0.0,17.23497825,29.15427,1.5410622752135363,1.4940364583333334,2.88,1.3,1.0,2015-01-01,2016-05-31,651.25584967613,663.5030796057225,6.771719910739392,4.401617941980605,2.370101968758787,0.0,0.0,307.017268084776,0.0,81.85513833711906,7.239640893086067,5.5,0.0,0.0,0.0,0.0,0.0,1,6,1,0,0,1
518,153,0.0,16.101768,27.836885999999996,1.4114627797467636,1.5844878472222221,2.88,1.3,2.0,2015-01-01,2016-06-01,652.1606746757448,664.4103334882718,6.7733447149044235,4.402674064687876,2.3706706502165478,0.0,0.0,307.57839625072955,0.0,81.87477863108462,7.230148276707908,5.5,0.0,0.0,0.0,0.0,0.0,1,6,1,0,0,1
519,154,0.0,15.729087,27.793551,1.3904361470351492,1.3717274305555556,6.9175,1.3,3.0,2015-01-01,2016-06-02,653.0639850124794,665.3159226976846,6.774952579736449,4.403719176828692,2.371233402907757,0.0,0.0,308.13903806750267,0.0,81.89421416592474,7.220639094524493,5.5,0.0,0.0,0.0,0.0,0.0,1,6,1,0,0,1
520,155,0.0,15.989097000000001,30.159642,1.5278984768381727,0.8177777777777778,10.08,1.3,0.0,2015-01-01,2016-06-03,653.9657812622514,666.2198475874568,6.77654357230593,4.404753321998855,2.3717902503070754,0.0,0.0,308.69919160270405,0.0,81.91344575237322,7.211113525822547,5.5,0.0,0.0,0.0,0.0,0.0,1,6,1,0,0,1
521,156,0.0,19.975917000000003,32.872413,1.9337331919109444,0.6022569444444444,10.08,1.3,1.0,2015-01-01,2016-06-04,654.8660640084588,667.1221085281157,6.778117759656255,4.405776543776566,2.372341215879689,0.0,0.0,309.25885493282806,0.0,81.93247420083651,7.201571749258177,5.5,0.0,0.0,0.0,0.0,0.0,1,6,1,0,0,1
522,157,0.0,22.619352,33.999123,2.2011329307573364,1.5038541666666665,10.08,1.3,1.0,2015-01-01,2016-06-05,655.764833841954,668.0227059071206,6.779675208798946,4.406788885719315,2.372886323079631,0.0,0.0,309.8180261432676,0.0,81.95130032133596,7.192013942847499,5.5,0.0,0.0,0.0,0.0,0.0,1,6,1,0,0,1
523,158,0.0,23.018034,33.548439,2.197236128453091,0.655625,10.08,1.3,2.0,2015-01-01,2016-06-06,656.6620913610179,668.9216401287626,6.781215986719603,4.407790391367742,2.373425595351861,0.0,0.0,310.37670332832664,0.0,81.96992492357947,7.182440283986393,5.5,0.0,0.0,0.0,0.0,0.0,1,6,1,0,0,1
524,159,0.0,23.21954175,35.377176000000006,2.353917568527479,0.9001128472222223,10.08,1.3,0.0,2015-01-01,2016-06-07,657.5578371713367,669.8189116140671,6.782740160366205,4.408781104238034,2.3739590561281716,0.0,0.0,310.9348845912335,0.0,81.98834881682033,7.1728509494225445,5.5,0.0,0.0,0.0,0.0,0.0,1,6,1,0,0,1
525,160,0.0,21.131517,33.037086,2.0239556164696704,1.337013888888889,10.08,1.3,0.0,2015-01-01,2016-06-08,658.4520718859744,670.7145208006929,6.7842477966563735,4.409761067826643,2.3744867288297304,0.0,0.0,311.492568044152,0.0,82.00657280994474,7.163246115278843,5.5,0.0,0.0,0.0,0.0,0.0,1,6,1,0,0,1
526,161,0.0,20.625942000000002,34.727151,2.108001441471086,1.051423611111111,10.08,1.3,2.0,2015-01-01,2016-06-09,659.3447961253491,671.6084681428342,6.785738962471336,4.410730325606369,2.375008636864967,0.0,0.0,312.049751808194,0.0,82.02459771139905,7.153625957040922,5.5,0.0,0.0,0.0,0.0,0.0,1,6,1,0,0,1
527,162,0.0,23.408049,34.111794,2.2696409970653115,1.1948177083333333,6.32625,1.3,4.0,2015-01-01,2016-06-10,660.236010517207,672.500754111123,6.787213724653197,4.411688921024578,2.3755248036286187,0.0,0.0,312.6064340134311,0.0,82.0424243291567,7.143990649553012,5.5,0.0,0.0,0.0,0.0,0.0,1,6,1,0,0,1
528,163,0.0,19.38006075,35.333841,2.0622772300331684,1.2739322916666667,3.6,1.3,1.0,2015-01-01,2016-06-11,661.1257156965967,673.391379192529,6.78867215000779,4.412636897505064,2.376035252502726,0.0,0.0,313.1626127989054,0.0,82.06005347075268,7.134340367030276,5.5,0.0,0.0,0.0,0.0,0.0,1,6,1,0,0,1
529,164,0.0,18.3595215,31.009007999999998,1.712541436977346,1.8391840277777776,3.6,1.3,1.0,2015-01-01,2016-06-12,662.0139123058449,674.2803438902638,6.790114305300277,4.41357429844518,2.3765400068550964,0.0,0.0,313.71828631264117,0.0,82.0774859432303,7.124675283049578,5.5,0.0,0.0,0.0,0.0,0.0,1,6,1,0,0,1
530,165,0.0,16.739514749999998,27.091524,1.4059970957478591,1.9262239583333336,3.6,1.3,1.0,2015-01-01,2016-06-13,662.9006009945309,675.1676487236813,6.7915402572499035,4.414501167212437,2.3770390900374663,0.0,0.0,314.2734527116553,0.0,82.0947225530779,7.114995570539982,5.5,0.0,0.0,0.0,0.0,0.0,1,6,1,0,0,1
531,166,0.0,16.717125,30.913670999999997,1.610605339732012,0.8289236111111111,3.6,1.3,0.0,2015-01-01,2016-06-14,663.7857824194602,676.0532942281809,6.792950072537078,4.415417547149101,2.377532525387977,0.0,0.0,314.8281101619673,0.0,82.11176410631441,7.105301401804721,5.5,0.0,0.0,0.0,0.0,0.0,1,6,1,0,0,1
532,167,0.0,17.722497,32.79441,1.7829581293180796,0.8019965277777777,3.6,1.3,0.0,2015-01-01,2016-06-15,664.6694572446407,676.9372809551103,6.794343817793628,4.4163234815658585,2.37802033622777,0.0,0.0,315.38225683861015,0.0,82.12861140837138,7.095592948499847,5.5,0.0,0.0,0.0,0.0,0.0,1,6,1,0,0,1
533,168,0.0,22.243782,33.739113,2.153915921942408,1.6683680555555556,3.6,1.3,3.0,2015-01-01,2016-06-16,665.551626141256,677.8196094716682,6.795721559606464,4.417219013744202,2.378502545862262,0.0,0.0,315.9358909256398,0.0,82.14526526413759,7.085870381646359,5.5,0.0,0.0,0.0,0.0,0.0,1,6,1,0,0,1
534,169,0.0,19.806910499999997,33.739113,1.9809636149044385,1.425659722222222,3.6,1.3,1.0,2015-01-01,2016-06-17,666.4322897876411,678.7002803608077,6.7970833645121465,4.418104186932895,2.378979177579251,0.0,0.0,316.48901061614464,0.0,82.16172647789304,7.076133871620774,5.5,0.0,0.0,0.0,0.0,0.0,1,6,1,0,0,1
535,170,0.0,19.377894,34.285134000000006,1.9889819835227485,1.4118315972222222,3.6,1.3,2.0,2015-01-01,2016-06-18,667.3114488692568,679.5792942211398,6.798429298998665,4.418979044349133,2.379450254649533,0.0,0.0,317.04161411225505,0.0,82.17799585333076,7.066383588162439,5.5,0.0,0.0,0.0,0.0,0.0,1,6,1,0,0,1
536,171,0.0,19.906581,34.649148,2.051096821290399,1.3450173611111111,3.6,1.3,1.0,2015-01-01,2016-06-19,668.1891040786637,680.4566516668367,6.799759429501814,4.419843629176179,2.3799158003256347,0.0,0.0,317.5936996251521,0.0,82.19407419351268,7.056619700368083,5.5,0.0,0.0,0.0,0.0,0.0,1,6,1,0,0,1
537,172,0.0,21.085293,34.70115,2.1395013341702085,1.1482552083333333,3.6,1.3,1.0,2015-01-01,2016-06-20,669.065256115498,681.332353327536,6.801073822405081,4.4206979845633025,2.380375837841778,0.0,0.0,318.1452653750763,0.0,82.20996230086865,7.046842376695716,5.5,0.0,0.0,0.0,0.0,0.0,1,6,1,0,0,1
538,173,0.0,21.275967,33.643776,2.076906631357596,1.296796875,3.6,1.3,4.0,2015-01-01,2016-06-21,669.939905686445,682.2063998482454,6.802372544035539,4.4215421536231005,2.380830390412439,0.0,0.0,318.69630959133633,0.0,82.22566097714642,7.037051784955963,5.5,0.0,0.0,0.0,0.0,0.0,1,6,1,0,0,1
539,174,0.0,22.402676999999997,33.331764,2.1356998123126982,1.1530034722222222,7.133333333333334,1.3,5.0,2015-01-01,2016-06-22,670.8130535052148,683.0787918892457,6.803655660666188,4.422376179433023,2.3812794812331655,0.0,0.0,319.24683051231636,0.0,82.24117102344023,7.02724809232375,5.5,0.0,0.0,0.0,0.0,0.0,1,6,1,0,0,1
540,175,0.0,22.818693,33.089088000000004,2.1483944979256675,0.9574131944444445,8.272916666666667,1.3,5.0,2015-01-01,2016-06-23,671.6847002925164,683.9495301259974,6.804923238511472,4.423200105032457,2.381723133479015,0.0,0.0,319.7968263854851,0.0,82.25649324013654,7.017431465328734,5.5,0.0,0.0,0.0,0.0,0.0,1,6,1,0,0,1
541,176,0.0,22.922697,33.652443,2.197885177699964,0.8259114583333333,4.056666666666668,1.3,2.0,2015-01-01,2016-06-24,672.5548467760325,684.8186152490442,6.80617534372721,4.424013973422687,2.3821613703045235,0.0,0.0,320.3462954674021,0.0,82.27162842691295,7.007602069859552,5.5,0.0,0.0,0.0,0.0,0.0,1,6,1,0,0,1
542,177,0.0,22.281339,34.70115,2.228579578162972,1.15734375,4.800000000000001,1.3,3.0,2015-01-01,2016-06-25,673.423493690394,685.6860479639191,6.807412042407662,4.42481782756498,2.3825942148426815,0.0,0.0,320.8952360237261,0.0,82.28657738270323,6.997760071158826,5.5,0.0,0.0,0.0,0.0,0.0,1,6,1,0,0,1
543,178,0.0,21.622647,33.947121,2.1237004762397937,1.0464236111111112,4.655416666666667,1.3,2.0,2015-01-01,2016-06-26,674.290641777155,686.5518289910489,6.808633400587301,4.425611710381745,2.383021690205555,0.0,0.0,321.4436463292211,0.0,82.30134090571826,6.987905633833246,5.5,0.0,0.0,0.0,0.0,0.0,1,6,1,0,0,1
544,179,0.0,21.908658,34.562478000000006,2.190107603228124,0.7059461805555556,4.5600000000000005,1.3,1.0,2015-01-01,2016-06-27,675.1562917847674,687.4159590656614,6.809840797489123,4.42639651836793,2.3834442791211927,0.0,0.0,321.991524667764,0.0,82.31593566771807,6.992196879504734,5.5,0.0,0.0,0.0,0.0,0.0,1,6,1,0,0,1
545,180,0.0,23.226042,35.22117,2.3420566945767987,1.4867534722222222,4.5600000000000005,1.3,0.0,2015-01-01,2016-06-28,676.0218291736359,688.2784389376894,6.811092135145763,4.427209887844747,2.383882247301017,0.0,0.0,322.54011544372594,0.0,82.33106157640015,6.968289920499537,5.5,0.0,0.0,0.0,0.0,0.0,1,6,1,0,0,1
546,181,0.0,26.692842000000002,37.743266999999996,2.860049233043939,1.1010850694444445,4.5600000000000005,1.3,1.0,2015-01-01,2016-06-29,676.8845019921326,689.139269371679,6.812267661022986,4.427973979664941,2.384293681358045,0.0,0.0,323.0869351951754,0.0,82.3452710880999,6.958398444062485,5.5,0.0,0.0,0.0,0.0,0.0,1,6,1,0,0,1
547,182,0.0,26.398164,37.933941,2.850267642446863,0.6114930555555556,4.5600000000000005,1.3,0.0,2015-01-01,2016-06-30,677.7456789143912,689.9984511466951,6.813428111252102,4.428728272313866,2.3846998389382357,0.0,0.0,323.63321784100236,0.0,82.35929836850866,6.948495185881227,5.5,0.0,0.0,0.0,0.0,0.0,1,6,1,0,0,1
548,183,0.0,25.10028075,38.982648,2.826950794194624,0.9769270833333334,4.5600000000000005,1.3,1.0,2015-01-01,2016-07-01,678.6053607170479,690.8559850562275,6.814573551525464,4.429472808491552,2.385100743033912,0.0,0.0,324.17896170187805,0.0,82.37314421170197,6.938580307306351,5.5,0.0,0.0,0.0,0.0,0.0,1,6,1,0,0,1
549,184,0.0,22.443123,37.535259,2.4660296445459284,1.3933854166666668,4.5600000000000005,1.3,1.0,2015-01-01,2016-07-02,679.4635481835024,691.7118719080996,6.815704047460482,4.4302076308493135,2.3854964166111685,0.0,0.0,324.72416510761366,0.0,82.38680941084934,6.928653969032757,5.5,0.0,0.0,0.0,0.0,0.0,1,6,1,0,0,1
550,185,0.0,21.22757625,34.917825,2.165903652499061,1.672282986111111,4.5600000000000005,1.3,0.0,2015-01-01,2016-07-03,680.320242103892,692.5661125243743,6.816819664605731,4.430932781993725,2.385886882612006,0.0,0.0,325.2688263971643,0.0,82.4002947582883,6.91871633112059,5.5,0.0,0.0,0.0,0.0,0.0,1,6,1,0,0,1
551,186,0.0,20.54143875,33.851784,2.039665184485849,1.6212847222222222,4.5600000000000005,1.3,0.0,2015-01-01,2016-07-04,681.1754432750657,693.4187077412619,6.817920468436496,4.431648304483723,2.386272163952773,0.0,0.0,325.8129439186346,0.0,82.41360104547044,6.908767552986518,5.5,0.0,0.0,0.0,0.0,0.0,1,6,1,0,0,1
552,187,0.0,19.871913,34.987161,2.072585432810449,1.0047048611111111,4.5600000000000005,1.3,2.0,2015-01-01,2016-07-05,682.0291525005606,694.2696584090286,6.8190065243529725,4.432354240829432,2.3866522835235404,0.0,0.0,326.35651602928317,0.0,82.42672906293967,6.898807793402875,5.5,0.0,0.0,0.0,0.0,0.0,1,6,1,0,0,1
553,188,0.0,21.827766,33.973122,2.1405583586706687,1.2550086805555556,4.5600000000000005,1.3,2.0,2015-01-01,2016-07-06,682.8813705905753,695.1189653919039,6.820077897678506,4.433050633491029,2.387027264187477,0.0,0.0,326.8995410955268,0.0,82.439679600311,6.888837210496323,5.5,0.0,0.0,0.0,0.0,0.0,1,6,1,0,0,1
554,189,0.0,21.605313,32.846412,2.043774156436372,1.146579861111111,4.247083333333333,1.3,1.0,2015-01-01,2016-07-07,683.7320983619458,695.966629567989,6.821134653661638,4.4337375248800655,2.387397128781573,0.0,0.0,327.44201749294405,0.0,82.45245344629518,6.878855961757113,5.5,0.0,0.0,0.0,0.0,0.0,1,6,1,0,0,1
555,190,0.0,21.78732,35.472513,2.249691003227558,0.7116753472222223,3.3600000000000003,1.3,0.0,2015-01-01,2016-07-08,684.5813366381194,696.8126518291656,6.822176857469884,4.434414957355425,2.387761900114459,0.0,0.0,327.98394360627947,0.0,82.46505138862356,6.8688642040268535,5.5,0.0,0.0,0.0,0.0,0.0,1,6,1,0,0,1
556,191,0.0,22.220670000000002,34.692483,2.223328773637859,1.083220486111111,10.349583333333332,1.3,2.0,2015-01-01,2016-07-09,685.4290862491303,697.6570330810051,6.823204574193268,4.435082973225624,2.3881216009676436,0.0,0.0,328.5253178294471,0.0,82.47747421409079,6.858862093510168,5.5,0.0,0.0,0.0,0.0,0.0,1,6,1,0,0,1
557,192,0.0,21.743985,35.923197,2.2810142663765647,1.4618836805555555,18.0,1.3,0.0,2015-01-01,2016-07-10,686.2753480315743,698.4997742426774,6.788181947964081,4.412318266176653,2.375863681787428,0.0,0.0,329.0661385655334,0.0,82.05412801065835,6.848849785767986,5.5,0.0,0.0,0.0,0.0,0.0,1,6,1,0,0,1
558,193,0.0,21.523698749999998,37.249248,2.367965645703787,1.6292621527777778,18.0,1.3,1.0,2015-01-01,2016-07-11,687.1201228285836,699.3408762468604,6.789175610475643,4.412964146809168,2.3762114636664746,0.0,0.0,329.60640422680024,0.0,82.06613919591358,6.838827435715597,5.5,0.0,0.0,0.0,0.0,0.0,1,6,1,0,0,1
559,194,0.0,20.49088125,34.311135,2.068528603833153,1.6752430555555557,18.0,1.3,1.0,2015-01-01,2016-07-12,687.9634114898016,700.1803400396496,6.790155056149558,4.413600786497213,2.3765542696523454,0.0,0.0,330.14611323468785,0.0,82.07797853099959,6.828795197631978,5.5,0.0,0.0,0.0,0.0,0.0,1,6,1,0,0,1
560,195,0.0,19.811244,32.751075,1.914657451788517,1.4673090277777776,18.0,1.3,1.0,2015-01-01,2016-07-13,688.8052148713584,701.0181665804689,6.791120349400716,4.414228227110465,2.37689212229025,0.0,0.0,330.6852640198168,0.0,82.0896467945502,6.818753225151554,5.5,0.0,0.0,0.0,0.0,0.0,1,6,1,0,0,1
561,196,0.0,20.331264,35.04783,2.1098799677038484,1.628637152777778,18.0,1.3,1.0,2015-01-01,2016-07-14,689.6455338358446,701.8543568419797,6.792071554557767,4.4148465104625485,2.3772250440952183,0.0,0.0,331.22385502199074,0.0,82.1011447641567,6.808701671266754,5.5,0.0,0.0,0.0,0.0,0.0,1,6,1,0,0,1
562,197,0.0,26.190155999999998,36.859233,2.7319977215784466,2.0639583333333333,18.0,1.3,0.0,2015-01-01,2016-07-15,690.484369252287,702.688911809992,6.793008735864119,4.415455678311678,2.3775530575524417,0.0,0.0,331.76188469019735,0.0,82.11247321638004,6.7986406883337684,5.5,0.0,0.0,0.0,0.0,0.0,1,6,1,0,0,1
563,198,0.0,24.4986465,38.878644,2.761817572334579,1.1523263888888888,18.0,1.3,1.0,2015-01-01,2016-07-16,691.3217219961238,703.5218324833756,6.793931957473328,4.416055772357663,2.3778761851156647,0.0,0.0,332.2993514826111,0.0,82.12363292669492,6.78857042806359,5.5,0.0,0.0,0.0,0.0,0.0,1,6,1,0,0,1
564,199,0.0,24.136076999999997,36.477885,2.519144240994577,0.719375,18.0,1.3,2.0,2015-01-01,2016-07-17,692.1575929491788,704.353119873971,6.794841283450292,4.41664683424269,2.3781944492076015,0.0,0.0,332.83625386659395,0.0,82.1346246695046,6.778491041529025,5.5,0.0,0.0,0.0,0.0,0.0,1,6,1,0,0,1
565,200,0.0,24.604095,36.313212,2.544843461543701,1.323324652777778,18.0,1.3,1.0,2015-01-01,2016-07-18,692.9919829996367,705.1827750064999,6.795736777770646,4.41722890555092,2.3785078722197257,0.0,0.0,333.37259031869655,0.0,82.14544921813314,6.76840267916702,5.5,0.0,0.0,0.0,0.0,0.0,1,6,1,0,0,1
566,201,0.0,27.89105475,38.956647,3.095191441531386,1.477777777777778,18.0,1.3,1.0,2015-01-01,2016-07-19,693.8248930420185,706.0107989184786,6.796618504314739,4.417802027804581,2.378816476510158,0.0,0.0,333.9083593246595,0.0,82.15610734475291,6.758305490765377,5.5,0.0,0.0,0.0,0.0,0.0,1,6,1,0,0,1
567,202,0.0,25.05839025,38.549298,2.782939210368341,1.4841232638888888,18.0,1.3,0.0,2015-01-01,2016-07-20,694.6563239771558,706.8371926601284,6.79748652687278,4.418366242467307,2.379120284405473,0.0,0.0,334.4435593794132,0.0,82.16659982044662,6.7481996254805185,5.5,0.0,0.0,0.0,0.0,0.0,1,6,1,0,0,1
568,203,0.0,24.803435999999998,40.482039,2.941030462985018,0.6946527777777778,18.0,1.3,0.0,2015-01-01,2016-07-21,695.4862767121656,707.6619572942878,6.798340909141698,4.418921590942104,2.379419318199594,0.0,0.0,334.97818898707885,0.0,82.17692741516954,6.738085231833319,5.5,0.0,0.0,0.0,0.0,0.0,1,6,1,0,0,1
569,204,0.0,26.883516,40.473372,3.146931815137008,1.0511805555555556,18.0,1.3,0.0,2015-01-01,2016-07-22,696.3147521604268,708.485093896327,6.799191343204048,4.419474373082632,2.3797169701214163,0.0,0.0,335.5122466609688,0.0,82.18720728479465,6.450505003751334,5.5,0.0,0.0,0.0,0.0,0.0,1,6,1,0,0,1
570,205,0.0,22.960254,39.069317999999996,2.641036229335259,1.5504427083333332,18.0,1.3,0.0,2015-01-01,2016-07-23,696.9834738861945,709.306603554058,6.7999651510016825,4.419977348151094,2.379987802850589,0.0,0.0,335.9032804461673,0.0,82.19656091210895,6.720199581270836,5.5,0.0,0.0,0.0,0.0,0.0,1,6,1,0,0,1
571,206,0.0,22.48068,39.398664000000004,2.627861982456533,1.5360590277777777,18.0,1.3,0.0,2015-01-01,2016-07-24,697.8094190705931,710.1264873676498,6.800777990511617,4.420505693832551,2.380272296679066,0.0,0.0,336.4364420227863,0.0,82.20638634662313,6.710049765724266,5.5,0.0,0.0,0.0,0.0,0.0,1,6,1,0,0,1
572,207,0.0,22.659798,37.829937,2.5086851687782947,1.0762760416666668,18.0,1.3,0.0,2015-01-01,2016-07-25,698.6338876528112,710.94474644954,6.801579253758954,4.42102651494332,2.380552738815634,0.0,0.0,336.9690261913407,0.0,82.21607184968882,6.713578791491091,5.5,0.0,0.0,0.0,0.0,0.0,1,6,1,0,0,1
573,208,0.0,22.089220499999996,35.637186,2.285599844657087,1.6458072916666664,18.0,1.3,0.0,2015-01-01,2016-07-26,699.458219235198,711.7613819243505,6.8024191881592895,4.421572472303538,2.380846715855751,0.0,0.0,337.50223613368973,0.0,82.22622480158874,6.689842717196964,5.5,0.0,0.0,0.0,0.0,0.0,1,6,1,0,0,1
574,209,0.0,21.674649,34.519143,2.1694845495759134,1.4777604166666667,18.0,1.3,0.0,2015-01-01,2016-07-27,700.2797522684053,712.5763949287989,6.803191903206634,4.422074737084312,2.381117166122322,0.0,0.0,338.03367067050345,0.0,82.23556521996534,6.679669093078786,5.5,0.0,0.0,0.0,0.0,0.0,1,6,1,0,0,1
575,210,0.0,21.518643,34.545144,2.159875899189982,1.0633940972222222,18.0,1.3,1.0,2015-01-01,2016-07-28,701.0998114859071,713.389786611615,6.803951429086641,4.422568428906317,2.3813830001803242,0.0,0.0,338.56452345516453,0.0,82.24474621043721,6.669488025895622,5.5,0.0,0.0,0.0,0.0,0.0,1,6,1,0,0,1
576,211,0.0,20.467047,32.62107,1.9498535594712283,1.3522482638888889,9.180416666666666,1.3,1.0,2015-01-01,2016-07-29,701.9183978581259,714.2015581334539,6.804697828633204,4.423053588611583,2.3816442400216213,0.0,0.0,339.09479307122996,0.0,82.25376853252732,6.659299658612092,5.5,0.0,0.0,0.0,0.0,0.0,1,6,1,0,0,1
577,212,0.0,20.409267,33.669777,2.017721481778516,0.5082552083333334,3.3600000000000003,1.3,1.0,2015-01-01,2016-07-30,702.7355123614291,715.0117106668115,6.805431164575056,4.423530256973787,2.3819009076012696,0.0,0.0,339.6244781113976,0.0,82.26263294448752,6.649104133558195,5.5,0.0,0.0,0.0,0.0,0.0,1,6,1,0,0,1
578,213,0.0,23.711394,36.07920300000001,2.450524455132137,1.2313541666666665,5.673333333333333,1.3,0.0,2015-01-01,2016-07-31,703.5511559781062,715.8202453959389,6.806151499538519,4.423998474700038,2.3821530248384812,0.0,0.0,340.1535771775038,0.0,82.27134020333173,6.638901592440997,5.5,0.0,0.0,0.0,0.0,0.0,1,6,1,0,0,1
579,214,0.0,23.165373,36.45188400000001,2.436287370471766,0.7385069444444444,6.272499999999999,1.3,0.0,2015-01-01,2016-08-01,704.365329696345,716.6271635167582,6.806858896043456,4.424458282428247,2.3824006136152094,0.0,0.0,340.682088880522,0.0,82.27989106478701,6.628692176337617,5.5,0.0,0.0,0.0,0.0,0.0,1,6,1,0,0,1
580,215,0.0,23.191374,34.709817,2.299179747060456,0.9651388888888885,6.905833333333333,1.3,1.0,2015-01-01,2016-08-02,705.1780345102082,717.4324662367782,6.807553416501272,4.424909720725827,2.382643695775445,0.0,0.0,341.21001184056024,0.0,82.28828628326944,6.618476025691856,5.5,0.0,0.0,0.0,0.0,0.0,1,6,1,0,0,1
581,216,0.0,22.82736,34.328469,2.241753889084777,0.7248350694444444,8.16,1.3,1.0,2015-01-01,2016-08-03,705.9892714196088,718.2361547750097,6.808235123219759,4.4253528300928435,2.382882293126915,0.0,0.0,341.7373446868587,0.0,82.29652661194261,6.608253280332384,5.5,0.0,0.0,0.0,0.0,0.0,1,6,1,0,0,1
582,217,0.0,22.732023,34.692483,2.2623081766566755,0.7668750000000001,8.16,1.3,0.0,2015-01-01,2016-08-04,706.799041430287,719.0382303618827,6.808904078394713,4.425787650956564,2.383116427438149,0.0,0.0,342.2640860577874,0.0,82.30461280261636,6.598024079452169,5.5,0.0,0.0,0.0,0.0,0.0,1,6,1,0,0,1
583,218,0.0,23.910735,35.108499,2.3877207006944223,0.7696788194444444,8.16,1.3,0.0,2015-01-01,2016-08-05,707.607345553787,719.8386942391622,6.809560344112232,4.426214223672951,2.383346120439281,0.0,0.0,342.7902346008427,0.0,82.31254560577437,6.587788561618738,5.5,0.0,0.0,0.0,0.0,0.0,1,6,1,0,0,1
584,219,0.0,23.95407,35.602518,2.431321432054535,0.6547048611111111,8.16,1.3,0.0,2015-01-01,2016-08-06,708.4141848074313,720.6375476598646,6.81020398235194,4.426632588528761,2.3835713938231784,0.0,0.0,343.3157889726443,0.0,82.3203257706136,6.577546864786425,5.5,0.0,0.0,0.0,0.0,0.0,1,6,1,0,0,1
585,220,0.0,24.604095,36.833232,2.589430304972824,0.8175434027777777,8.16,1.3,0.0,2015-01-01,2016-08-07,709.2195602143001,721.4347918881759,6.810835054974955,4.427042785733721,2.3837922692412343,0.0,0.0,343.84074783893266,0.0,82.3279540448982,6.567299126267093,5.5,0.0,0.0,0.0,0.0,0.0,1,6,1,0,0,1
586,221,0.0,24.838104,37.38792,2.658350759112384,0.7130208333333334,8.16,1.3,0.0,2015-01-01,2016-08-08,710.0234728032046,722.2304281993681,6.811453623738013,4.427444855429709,2.3840087683083047,0.0,0.0,344.36510987456404,0.0,82.33543117513078,6.557045482771209,5.5,0.0,0.0,0.0,0.0,0.0,1,6,1,0,0,1
587,222,0.0,24.154133249999997,36.460551,2.519205160345048,0.8116927083333334,8.16,1.3,0.0,2015-01-01,2016-08-09,710.8259236086654,723.0244578797175,6.81205975027555,4.427838837679108,2.3842209125964424,0.0,0.0,344.88887376350783,0.0,82.34275790633555,6.54678607036371,5.5,0.0,0.0,0.0,0.0,0.0,1,6,1,0,0,1
588,223,0.0,23.815398000000002,36.313212,2.4784952154830613,0.8409114583333334,8.16,1.3,0.0,2015-01-01,2016-08-10,711.6269136708873,723.8168822264219,6.812653496114717,4.428224772474566,2.384428723640151,0.0,0.0,345.4120381988416,0.0,82.34993498223984,6.536521024507406,5.5,0.0,0.0,0.0,0.0,0.0,1,6,1,0,0,1
589,224,0.0,25.210785,36.703227000000005,2.6308971080024666,1.038168402777778,8.16,1.3,0.0,2015-01-01,2016-08-11,712.426444035737,724.6077025475196,6.813234922663462,4.42860269973125,2.3846322229322117,0.0,0.0,345.93460188274764,0.0,82.35696314513018,6.526250480033677,5.5,0.0,0.0,0.0,0.0,0.0,1,6,1,0,0,1
590,225,0.0,25.843476,37.578594,2.7659117700220124,1.0050868055555555,8.16,1.3,0.0,2015-01-01,2016-08-12,713.224515754718,725.3969201618074,6.813804091213491,4.428972659288769,2.384831431924722,0.0,0.0,346.4565635265076,0.0,82.3638431358879,6.515974571155016,5.5,0.0,0.0,0.0,0.0,0.0,1,6,1,0,0,1
591,226,0.0,24.446644499999998,37.959942,2.674351848137509,0.879921875,8.16,1.3,0.0,2015-01-01,2016-08-13,714.0211298849481,726.1845363987597,6.8143610629403035,4.4293346909111975,2.385026372029106,0.0,0.0,346.9779218504981,0.0,82.37057569398966,6.505693431467276,5.5,0.0,0.0,0.0,0.0,0.0,1,6,1,0,0,1
592,227,0.0,24.344085,36.486552,2.537477650980537,0.7400868055555556,8.16,1.3,1.0,2015-01-01,2016-08-14,714.8162874891352,726.9705525984476,6.814905898900793,4.429688834285516,2.3852170646152775,0.0,0.0,347.4986755841859,0.0,82.37716155747854,6.495407193947049,5.5,0.0,0.0,0.0,0.0,0.0,1,6,1,0,0,1
593,228,0.0,24.196745999999997,34.458474,2.358572999896011,0.8060243055555555,8.16,1.3,2.0,2015-01-01,2016-08-15,715.6099896355532,727.754970111458,6.8154386600322985,4.430035129020994,2.3854035310113044,0.0,0.0,348.0188234661225,0.0,82.38360146295231,6.485115990952701,5.5,0.0,0.0,0.0,0.0,0.0,1,6,1,0,0,1
594,229,0.0,24.401865,33.565773,2.3043607624558016,0.9193315972222222,8.16,1.3,0.0,2015-01-01,2016-08-16,716.4022373980193,728.5377902988135,6.8159594071515786,4.430373614648526,2.3855857925030524,0.0,0.0,348.5383642439387,0.0,82.38989614555129,6.474819954223725,5.5,0.0,0.0,0.0,0.0,0.0,1,6,1,0,0,1
595,230,0.0,23.711394,33.947121,2.280343878846259,1.1546614583333334,8.16,1.3,0.0,2015-01-01,2016-08-17,717.1930318558692,729.3190145318924,6.8164782901187255,4.430710888577171,2.3857674015415538,0.0,0.0,349.0572966743388,0.0,82.39616829466796,6.201588690451365,5.5,0.0,0.0,0.0,0.0,0.0,1,6,1,0,0,1
596,231,0.0,22.9703655,34.631814000000006,2.2759905421137243,0.5980208333333334,8.16,1.3,0.0,2015-01-01,2016-08-18,717.8323883520576,730.0986441923491,6.816885914675396,4.430975844539008,2.3859100701363887,0.0,0.0,349.44063150722576,0.0,82.40109557531687,6.456299262481494,5.5,0.0,0.0,0.0,0.0,0.0,1,6,1,0,0,1
597,232,0.0,21.228298499999998,34.033791,2.101438077402028,0.6704079861111111,8.16,1.3,0.0,2015-01-01,2016-08-19,718.6206480429229,730.8766806720339,6.817371261536319,4.431291319998608,2.3860799415377114,0.0,0.0,349.9585647322448,0.0,82.40696234697397,6.459218560587017,5.5,0.0,0.0,0.0,0.0,0.0,1,6,1,0,0,1
598,233,0.0,20.660610000000002,33.765114000000004,2.0419470563648487,0.8223350694444445,8.16,1.3,0.0,2015-01-01,2016-08-20,719.4087506728433,731.6531253729152,6.817893308328796,4.431630650413718,2.3862626579150783,0.0,0.0,350.4770501918505,0.0,82.41327273975159,6.435761868391226,5.5,0.0,0.0,0.0,0.0,0.0,1,6,1,0,0,1
599,234,0.0,21.067959,33.028419,2.0189267797721366,0.7668923611111113,8.16,1.3,0.0,2015-01-01,2016-08-21,720.1941211333898,732.4279797069993,6.818353910332007,4.4319300417158045,2.3864238686162023,0.0,0.0,350.99376504408633,0.0,82.41884040072814,6.425434003933311,5.5,0.0,0.0,0.0,0.0,0.0,1,6,1,0,0,1
600,235,0.0,21.180629999999997,33.271095,2.043774156436372,0.5833072916666668,8.16,1.3,0.0,2015-01-01,2016-08-22,720.9780419492739,733.2012450962528,6.818802867161608,4.4322218636550454,2.3865810035065627,0.0,0.0,351.50986452932455,0.0,82.4242672972742,6.415102136163382,5.5,0.0,0.0,0.0,0.0,0.0,1,6,1,0,0,1
601,236,0.0,21.04990275,33.808449,2.072534037224971,0.64453125,8.16,1.3,0.0,2015-01-01,2016-08-23,721.7605142437997,733.972922972524,6.819240238715741,4.432506155165232,2.3867340835505093,0.0,0.0,352.02534746349824,0.0,82.42955415342598,6.404766392157854,5.5,0.0,0.0,0.0,0.0,0.0,1,6,1,0,0,1
602,237,0.0,20.461269,34.129128,2.053542788460005,1.0224913194444445,8.16,1.3,0.0,2015-01-01,2016-08-24,722.5415391455339,734.7430147774644,6.819666084768392,4.432782955099455,2.386883129668937,0.0,0.0,352.54021267153496,0.0,82.43470169171901,6.3944268983928705,5.5,0.0,0.0,0.0,0.0,0.0,1,6,1,0,0,1
603,238,0.0,20.365932,33.739113,2.01952966421235,0.7757552083333334,8.16,1.3,0.0,2015-01-01,2016-08-25,723.3211177882837,735.5115219624521,6.820080464965537,4.433052302227599,2.3870281627379377,0.0,0.0,353.0544589873494,0.0,82.43971063314135,6.38408378073717,5.5,0.0,0.0,0.0,0.0,0.0,1,6,1,0,0,1
604,239,0.0,21.35397,36.807231,2.3195112909883613,0.7297135416666667,8.16,1.3,1.0,2015-01-01,2016-08-26,724.0992513110735,736.2784459885135,6.820483438824208,4.433314235235736,2.3871692035884724,0.0,0.0,353.5680852538363,0.0,82.44458169712252,6.373737164453162,5.5,0.0,0.0,0.0,0.0,0.0,1,6,1,0,0,1
605,240,0.0,22.48068,37.413921,2.4591014254101062,1.0756510416666667,8.16,1.3,0.0,2015-01-01,2016-08-27,724.8759408581226,737.0437883262467,6.820875065733542,4.433568792726803,2.3873062730067396,0.0,0.0,354.0810903228627,0.0,82.44931560154602,6.363387174201335,5.5,0.0,0.0,0.0,0.0,0.0,1,6,1,0,0,1
606,241,0.0,23.104704,35.507181,2.355123763126592,0.6601996527777777,8.16,1.3,1.0,2015-01-01,2016-08-28,725.6511875788215,737.8075504557443,6.821255404954859,4.4338160132206585,2.3874393917342003,0.0,0.0,354.5934730552602,0.0,82.45391306275027,6.353033934045678,5.5,0.0,0.0,0.0,0.0,0.0,1,6,1,0,0,1
607,242,0.0,24.196745999999997,36.651225000000004,2.538949326991488,0.5541927083333335,8.16,1.3,1.0,2015-01-01,2016-08-29,726.4249926277103,738.5697338665175,6.821624515614821,4.434055935149634,2.387568580465187,0.0,0.0,355.1052323208174,0.0,82.45837479544615,6.3426775674367715,5.5,0.0,0.0,0.0,0.0,0.0,1,6,1,0,0,1
608,243,0.0,24.656097,36.287211,2.5470568299002743,0.8410416666666667,8.16,1.3,1.0,2015-01-01,2016-08-30,727.1973571644548,739.3303400574192,6.821982456713378,4.434288596863696,2.387693859849682,0.0,0.0,355.61636699827113,0.0,82.46270151281261,6.332318197236628,5.5,0.0,0.0,0.0,0.0,0.0,1,6,1,0,0,1
609,244,0.0,24.872771999999998,35.680521000000006,2.5140315904596275,1.022482638888889,8.16,1.3,1.0,2015-01-01,2016-08-31,727.9682823538244,740.0893705365686,6.8223292871172125,4.434514036626188,2.387815250491024,0.0,0.0,356.1268759752986,0.0,82.46689392641798,6.321955945704518,5.5,0.0,0.0,0.0,0.0,0.0,1,6,1,0,0,1
610,245,0.0,25.296010499999998,35.507181,2.535149015526223,0.8801996527777778,8.16,1.3,2.0,2015-01-01,2016-09-01,728.737769365669,740.8468268212754,6.822665065560955,4.434732292614621,2.387932772946334,0.0,0.0,356.63675814850876,0.0,82.47095274623415,6.311590934502705,5.5,0.0,0.0,0.0,0.0,0.0,1,6,1,0,0,1
611,246,0.0,20.513271,33.31443,2.000315050485665,1.22859375,8.16,1.3,1.0,2015-01-01,2016-09-02,729.5058193748969,741.6027104379646,6.822989850643042,4.434943402917978,2.3880464477250642,0.0,0.0,357.1460124234336,0.0,82.47487868058678,6.301223284688589,5.5,0.0,0.0,0.0,0.0,0.0,1,6,1,0,0,1
612,247,0.0,20.166591,33.860451000000005,2.014109352412987,0.4615885416666667,8.16,1.3,1.0,2015-01-01,2016-09-03,730.2724335614503,742.3570229221007,6.8233037008325415,4.435147405541152,2.3881562952913895,0.0,0.0,357.65463771451857,0.0,82.47867243623784,6.290853116736377,5.5,0.0,0.0,0.0,0.0,0.0,1,6,1,0,0,1
613,248,0.0,22.081998,35.143167,2.2470425824140503,1.4649739583333332,8.16,1.3,1.0,2015-01-01,2016-09-04,731.0376131102844,743.1097658181145,6.823606674461837,4.435344338400195,2.388262336061643,0.0,0.0,358.1626329451143,0.0,82.48233471829695,6.280480550519465,5.5,0.0,0.0,0.0,0.0,0.0,1,6,1,0,0,1
614,249,0.0,21.217464749999998,35.576517,2.2143291373635425,0.9549739583333332,8.16,1.3,0.0,2015-01-01,2016-09-05,731.8013592113438,743.8609406793273,6.82389882972498,4.435534239321237,2.388364590403743,0.0,0.0,358.669997047467,0.0,82.48586623020171,6.270105705310012,5.5,0.0,0.0,0.0,0.0,0.0,1,6,1,0,0,1
615,250,0.0,19.993251,34.857156,2.071968759125214,0.7885243055555555,8.16,1.3,0.0,2015-01-01,2016-09-06,732.5636730595387,744.6105490678768,6.824180224687145,4.4357171460466445,2.3884630786405,0.0,0.0,359.1767289627081,0.0,82.48926767383182,6.259728699806931,5.5,0.0,0.0,0.0,0.0,0.0,1,6,1,0,0,1
616,251,0.0,18.494582249999997,31.390356,1.743900350863425,1.5381597222222223,6.82875,1.3,1.0,2015-01-01,2016-09-07,733.3245558547245,745.3585925546447,6.824450917267287,4.435893096223737,2.38855782104355,0.0,0.0,359.6828276408461,0.0,82.49253974929957,6.249349652091684,5.5,0.0,0.0,0.0,0.0,0.0,1,6,1,0,0,1
617,252,0.0,17.87344725,30.150975,1.6332187910439946,1.2831336805555555,6.30625,1.3,1.0,2015-01-01,2016-09-08,734.0840088016759,746.1050727191808,6.824710965256837,4.436062127416944,2.3886488378398925,0.0,0.0,360.1882920407546,0.0,82.49568315517571,6.238968679682636,5.5,0.0,0.0,0.0,0.0,0.0,1,6,1,0,0,1
618,253,0.0,17.505822,31.503027,1.6909919101628987,0.9258072916666666,5.28,1.3,0.0,2015-01-01,2016-09-09,734.8420331100668,746.8499911496323,6.824960426301566,4.436224277096018,2.388736149205548,0.0,0.0,360.6931211301643,0.0,82.49869858827026,6.228585899487635,5.5,0.0,0.0,0.0,0.0,0.0,1,6,1,0,0,1
619,254,0.0,20.002640250000002,33.097755,1.9506821459520167,0.9390711805555555,5.28,1.3,1.0,2015-01-01,2016-09-10,735.5986299944462,747.5933494426683,6.825208445012218,4.436385489257942,2.388822955754276,0.0,0.0,361.19731388565083,0.0,82.50169658673126,5.968294181271473,5.5,0.0,0.0,0.0,0.0,0.0,1,6,1,0,0,1
620,255,0.0,18.849207,32.300391000000005,1.822823510858257,0.7536458333333333,5.28,1.3,1.0,2015-01-01,2016-09-11,736.2112495398577,748.3351492034095,6.825321390246577,4.4364589036602755,2.388862486586302,0.0,0.0,361.5725725465227,0.0,82.50306184517443,6.222475770568755,5.5,0.0,0.0,0.0,0.0,0.0,1,6,1,0,0,1
621,256,0.0,18.502527,32.352393,1.804160301776288,0.9301909722222222,5.952916666666667,1.3,1.0,2015-01-01,2016-09-12,736.9665732972672,749.075392045354,6.82558513666828,4.436630338834382,2.3889547978338976,0.0,0.0,362.07681275944014,0.0,82.50624995692728,6.199366858403478,5.5,0.0,0.0,0.0,0.0,0.0,1,6,1,0,0,1
622,257,0.0,17.679161999999998,30.566991,1.646078775653909,1.3058333333333332,6.48,1.3,0.0,2015-01-01,2016-09-13,737.7192311157772,749.8140795903062,6.825791976900277,4.43676478498518,2.3890271919150967,0.0,0.0,362.5792934584347,0.0,82.50875019852424,6.188969613181803,5.5,0.0,0.0,0.0,0.0,0.0,1,6,1,0,0,1
623,258,0.0,20.773281,33.409767,2.024962693678974,0.6641753472222222,6.48,1.3,0.0,2015-01-01,2016-09-14,738.4704648490516,750.5512134683041,6.825988521741382,4.4368925391318985,2.3890959826094837,0.0,0.0,363.08113299990424,0.0,82.51112599158274,6.178571180706994,5.5,0.0,0.0,0.0,0.0,0.0,1,6,1,0,0,1
624,259,0.0,20.339931,35.203836,2.1218112267296605,1.2566319444444445,6.48,1.3,0.0,2015-01-01,2016-09-15,739.2202757451088,751.2867953175494,6.826174827951193,4.437013638168276,2.389161189782917,0.0,0.0,363.58233040864366,0.0,82.51337802220101,6.168171674069186,5.5,0.0,0.0,0.0,0.0,0.0,1,6,1,0,0,1
625,260,0.0,19.689906,33.071754000000006,1.9279352312100453,0.7205642361111111,5.155833333333334,1.3,2.0,2015-01-01,2016-09-16,739.9686650566317,752.0208267843342,6.826350952156021,4.437128118901414,2.3892228332546073,0.0,0.0,364.082884718199,0.0,82.515506974866,6.157771205804468,5.5,0.0,0.0,0.0,0.0,0.0,1,6,1,0,0,1
626,261,0.0,20.642553749999998,32.343726000000004,1.9429929924573883,1.2968315972222222,3.492916666666667,1.3,1.0,2015-01-01,2016-09-17,740.715634040948,752.7533095229722,6.826516950831407,4.437236018040415,2.3892809327909923,0.0,0.0,364.5827949708585,0.0,82.51751353224238,6.147369887848727,5.5,0.0,0.0,0.0,0.0,0.0,1,6,1,0,0,1
627,262,0.0,17.014692,29.474949,1.5465863405794529,1.465251736111111,4.32,1.3,0.0,2015-01-01,2016-09-18,741.4611839600059,753.4842451957261,6.82667288031753,4.437337372206395,2.3893355081111354,0.0,0.0,365.0820602176387,0.0,82.5193983753584,6.136967831583734,5.5,0.0,0.0,0.0,0.0,0.0,1,6,1,0,0,1
628,263,0.0,16.075767,31.139013,1.587003516471166,0.5837065972222222,4.32,1.3,0.0,2015-01-01,2016-09-19,742.2053160803544,754.2136354727387,6.826818796805331,4.437432217923465,2.389386578881866,0.0,0.0,365.58067951827456,0.0,82.52116218343849,6.126565147800854,5.5,0.0,0.0,0.0,0.0,0.0,1,6,1,0,0,1
629,264,0.0,17.202477000000002,32.525733,1.73433045523953,0.6049479166666667,4.32,1.3,0.0,2015-01-01,2016-09-20,742.9480316731186,754.9414820319624,6.8269547563421575,4.437520591622403,2.389434164719755,0.0,0.0,366.0786519412064,0.0,82.52280563397132,6.116161946720423,5.5,0.0,0.0,0.0,0.0,0.0,1,6,1,0,0,1
630,265,0.0,19.481898,32.742408,1.892325264519921,1.2976909722222223,4.32,1.3,0.0,2015-01-01,2016-09-21,743.6893320139792,755.667786559089,6.827080814835303,4.437602529642947,2.3894782851923555,0.0,0.0,366.5759765635678,0.0,82.52432940275247,6.105758338002993,5.5,0.0,0.0,0.0,0.0,0.0,1,6,1,0,0,1
631,266,0.0,19.551234,32.603736,1.8877725059511,0.5485416666666666,4.32,1.3,0.0,2015-01-01,2016-09-22,744.4292183831507,756.3925507474813,6.827197028038178,4.437678068224816,2.3895189598133624,0.0,0.0,367.07265247117437,0.0,82.52573416371767,6.095354430714918,5.5,0.0,0.0,0.0,0.0,0.0,1,6,1,0,0,1
632,267,0.0,20.339931,32.413062000000004,1.927356270262402,0.4908940972222222,4.32,1.3,0.0,2015-01-01,2016-09-23,745.1676920653564,757.1157762981024,6.8273034515680635,4.437747243519241,2.389556208048822,0.0,0.0,367.56867875850946,0.0,82.52702058915699,6.084950333379762,5.5,0.0,0.0,0.0,0.0,0.0,1,6,1,0,0,1
633,268,0.0,17.4639315,31.121679,1.6659381253502288,0.8239930555555556,4.32,1.3,0.0,2015-01-01,2016-09-24,745.9047543498104,757.8374649194491,6.827400140886243,4.4378100915760585,2.3895900493101845,0.0,0.0,368.06405452871354,0.0,82.52818934947484,6.074546153925797,5.5,0.0,0.0,0.0,0.0,0.0,1,6,1,0,0,1
634,269,0.0,15.89376,28.842257999999998,1.4525426969417723,1.124592013888889,4.32,1.3,0.0,2015-01-01,2016-09-25,746.6404065301917,758.5576183274804,6.8274871513143065,4.4378666483543,2.3896205029600073,0.0,0.0,368.55877889356947,0.0,82.52924111338709,6.06414199973426,5.5,0.0,0.0,0.0,0.0,0.0,1,6,1,0,0,1
635,270,0.0,15.607749000000002,29.093601,1.4507351036545433,0.4650868055555556,4.32,1.3,0.0,2015-01-01,2016-09-26,747.3746499046242,759.2762382455517,6.82756453802321,4.4379169497150865,2.389647588308123,0.0,0.0,369.05285097349076,0.0,82.53017654778873,6.053737977611517,5.5,0.0,0.0,0.0,0.0,0.0,1,6,1,0,0,1
636,271,0.0,17.462487,30.532323,1.6315079970395876,0.6379861111111113,4.32,1.3,0.0,2015-01-01,2016-09-27,748.1074857756539,759.9933264043458,6.827632356035789,4.437961031423263,2.389671324612526,0.0,0.0,369.54626989750807,0.0,82.53099631778433,6.043334193798516,5.5,0.0,0.0,0.0,0.0,0.0,1,6,1,0,0,1
637,272,0.0,18.225183,30.254979,1.6597467574500389,0.7471267361111112,4.32,1.3,0.0,2015-01-01,2016-09-28,748.8389154502262,760.708884541805,6.827690660227411,4.437998929147818,2.3896917310795933,0.0,0.0,370.0390348032556,0.0,82.53170108669588,6.032930753975653,5.5,0.0,0.0,0.0,0.0,0.0,1,6,1,0,0,1
638,273,0.0,13.339884,25.080779999999997,1.15399577679083,1.699887152777778,4.32,1.3,0.0,2015-01-01,2016-09-29,749.5689402396645,761.4229144030642,6.827739505324252,4.438030678460764,2.3897088268634876,0.0,0.0,370.5311448369579,0.0,82.53229151604198,6.022527763259902,5.5,0.0,0.0,0.0,0.0,0.0,1,6,1,0,0,1
639,274,0.0,12.868977000000001,24.968109,1.1293409189365622,0.8375694444444445,4.210416666666667,1.3,1.0,2015-01-01,2016-09-30,750.2975614596476,762.1354177403832,6.827778945902498,4.438056314836624,2.389722631065874,0.0,0.0,371.0225991534158,0.0,82.53276826552823,6.012125326206549,5.5,0.0,0.0,0.0,0.0,0.0,1,6,1,0,0,1
640,275,0.0,13.0755405,23.832732,1.0910525676556286,1.169887152777778,5.644166666666667,1.3,3.0,2015-01-01,2016-10-01,751.0247804301877,762.8463963130808,6.827809036389561,4.438075873653215,2.389733162736346,0.0,0.0,371.5133969159933,0.0,82.5331319930618,6.001723546813235,5.5,0.0,0.0,0.0,0.0,0.0,1,6,1,0,0,1
641,276,0.0,12.288288,23.893401,1.0618991393828758,0.7054774305555556,4.5600000000000005,1.3,2.0,2015-01-01,2016-10-02,751.7505984756076,763.5558518874672,6.8278298310600505,4.438089390189033,2.3897404408710177,0.0,0.0,372.0035372966027,0.0,82.53338335470285,5.991322528513114,5.5,0.0,0.0,0.0,0.0,0.0,1,6,1,0,0,1
642,277,0.0,13.475667,25.514129999999998,1.178493521080705,0.5383854166666668,4.5600000000000005,1.3,0.0,2015-01-01,2016-10-03,752.4750169245193,764.263786236778,6.827860848577417,4.438109551575321,2.3897512970020953,0.0,0.0,372.49301947569074,0.0,82.53375828798548,5.743166606907774,5.5,0.0,0.0,0.0,0.0,0.0,1,6,1,0,0,1
643,278,0.0,13.545003,27.290865,1.261121336080616,0.40915798611111115,4.5600000000000005,1.3,0.0,2015-01-01,2016-10-04,753.0624081222425,764.9702011411091,6.827716891623811,4.438015979555478,2.3897009120683332,0.0,0.0,372.85977507401446,0.0,82.53201816634615,5.984546772864603,5.5,0.0,0.0,0.0,0.0,0.0,1,6,1,0,0,1
644,279,0.0,15.313071,28.11423,1.3856563341577344,0.38058159722222223,4.5600000000000005,1.3,0.0,2015-01-01,2016-10-05,753.7855301333298,765.6750983873501,6.827750546945318,4.438037855514457,2.3897126914308613,0.0,0.0,373.34920148263046,0.0,82.53242498485518,5.9618548780977,5.5,0.0,0.0,0.0,0.0,0.0,1,6,1,0,0,1
645,280,0.0,15.807089999999999,28.677585,1.439482163562868,0.5906770833333334,4.5600000000000005,1.3,0.0,2015-01-01,2016-10-06,754.5060559025501,766.3784797691189,6.827733968013865,4.438027079209013,2.3897068888048523,0.0,0.0,373.83688491888694,0.0,82.53222458218859,5.951450599621573,5.5,0.0,0.0,0.0,0.0,0.0,1,6,1,0,0,1
646,281,0.0,15.659751,29.526951,1.4762213351396944,0.5777517361111112,4.5600000000000005,1.3,0.0,2015-01-01,2016-10-07,755.2251860790938,767.0803470866973,6.827708366877259,4.438010438470219,2.3896979284070405,0.0,0.0,374.3239062467048,0.0,82.53191512098729,5.941047629046395,5.5,0.0,0.0,0.0,0.0,0.0,1,6,1,0,0,1
647,282,0.0,14.897055000000002,29.726292,1.4466752118718635,0.805607638888889,4.5600000000000005,1.3,3.0,2015-01-01,2016-10-08,755.9429220205469,767.7807021469657,6.827673796864886,4.437987967962176,2.38968582890271,0.0,0.0,374.81026469249946,0.0,82.53149724588577,5.930646066236044,5.5,0.0,0.0,0.0,0.0,0.0,1,6,1,0,0,1
648,283,0.0,15.88003725,29.708958,1.49764204013887,0.3775260416666667,4.5600000000000005,1.3,1.0,2015-01-01,2016-10-09,756.6592650885915,768.4795467633386,6.827630311156655,4.437959702251826,2.389670608904829,0.0,0.0,375.29595949110967,0.0,82.53097159971173,5.920246010517138,5.5,0.0,0.0,0.0,0.0,0.0,1,6,1,0,0,1
649,284,0.0,15.321738,29.015598,1.4318738520019485,0.5600086805555555,4.5600000000000005,1.3,0.0,2015-01-01,2016-10-10,757.3742166489868,769.1768827557005,6.827577962776615,4.4379256758048,2.389652286971815,0.0,0.0,375.78098988578336,0.0,82.53033882340874,5.909847560663541,5.5,0.0,0.0,0.0,0.0,0.0,1,6,1,0,0,1
650,285,0.0,14.827719000000002,28.261568999999998,1.368825395172426,0.6671006944444444,4.5600000000000005,1.3,2.0,2015-01-01,2016-10-11,758.0877780715451,769.8727119503418,6.827516804594934,4.437885922986707,2.389630881608227,0.0,0.0,376.2653551281618,0.0,82.52959955606043,5.899450814905032,5.5,0.0,0.0,0.0,0.0,0.0,1,6,1,0,0,1
651,286,0.0,14.934611999999998,27.784883999999998,1.3506172730651482,0.5111631944444445,4.5600000000000005,1.3,1.0,2015-01-01,2016-10-12,758.7999507301116,770.5670361798954,6.827446889331204,4.437840478065283,2.3896064112659214,0.0,0.0,376.7490544782642,0.0,82.5287544349302,5.889055870937282,5.5,0.0,0.0,0.0,0.0,0.0,1,6,1,0,0,1
652,287,0.0,13.458333,27.559542,1.269536078712695,0.9474305555555556,4.5600000000000005,1.3,1.0,2015-01-01,2016-10-13,759.510736002542,771.259857283273,6.827368269545118,4.437789375204327,2.389578894340791,0.0,0.0,377.2320872044728,0.0,82.52780409534869,5.878662825900396,5.5,0.0,0.0,0.0,0.0,0.0,1,6,1,0,0,1
653,288,0.0,14.169027,26.874848999999998,1.2707421901323412,1.2126041666666667,4.5600000000000005,1.3,0.0,2015-01-01,2016-10-14,760.2201352706811,771.9511771056026,6.827280997646592,4.437732648470285,2.389548349176307,0.0,0.0,377.7144525835163,0.0,82.52674917083603,5.868271776407547,5.5,0.0,0.0,0.0,0.0,0.0,1,6,1,0,0,1
654,289,0.0,15.09567375,25.964814,1.2715132866143946,0.8099131944444444,4.5600000000000005,1.3,1.0,2015-01-01,2016-10-15,760.9281499203407,772.6409974981648,6.827185125886599,4.43767033182629,2.389514794060309,0.0,0.0,378.19614990045454,0.0,82.52559029299107,5.857882818523201,5.5,0.0,0.0,0.0,0.0,0.0,1,6,1,0,0,1
655,290,0.0,13.527669,24.864105,1.152764230955658,0.7502604166666667,4.5600000000000005,1.3,1.0,2015-01-01,2016-10-16,761.6347813412788,773.3293203183309,6.82708070636348,4.437602459136262,2.389478247227218,0.0,0.0,378.67717844866263,0.0,82.52432809156768,5.847496047782112,5.5,0.0,0.0,0.0,0.0,0.0,1,6,1,0,0,1
656,291,0.0,12.743305499999998,25.817474999999998,1.1599851497506273,0.6994357638888888,4.5600000000000005,1.3,0.0,2015-01-01,2016-10-17,762.3400309271767,774.016147429501,6.826967791018227,4.437529064161848,2.389438726856379,0.0,0.0,379.1575375298145,0.0,82.5229631944178,5.837111559178821,5.5,0.0,0.0,0.0,0.0,0.0,1,6,1,0,0,1
657,292,0.0,12.036945,20.31393,0.9192081260484466,0.9773177083333334,4.4725,1.3,5.0,2015-01-01,2016-10-18,763.0439000756186,774.701480701041,6.82684643163481,4.437450180562627,2.389396251072183,0.0,0.0,379.63722645386673,0.0,82.52149622749522,5.826729447171216,5.5,0.0,0.0,0.0,0.0,0.0,1,6,1,0,0,1
658,293,0.0,10.572222,22.081998,0.9298584128679352,0.6298611111111111,3.12,1.3,1.0,2015-01-01,2016-10-19,763.7463901880685,775.3853220082217,6.826716679843295,4.437365841898142,2.3893508379451527,0.0,0.0,380.11624453904216,0.0,82.51992781489339,5.816349805690792,5.5,0.0,0.0,0.0,0.0,0.0,1,6,1,0,0,1
659,294,0.0,11.30025,23.425382999999997,1.0055260822614338,0.6243315972222222,3.12,1.3,2.0,2015-01-01,2016-10-20,764.4475026698495,776.0676732321576,6.8265785871148426,4.437276081624648,2.3893025054901944,0.0,0.0,380.59459111181343,0.0,82.51825857878502,5.805972728131758,5.5,0.0,0.0,0.0,0.0,0.0,1,6,1,0,0,1
660,295,0.0,10.777341,22.463345999999998,0.950756640131368,0.9482378472222224,3.12,1.3,3.0,2015-01-01,2016-10-21,765.1472389301224,776.7485362597454,6.826432204764142,4.437180933096693,2.389251271667449,0.0,0.0,381.0722655068863,0.0,82.51648913945135,5.795598307359304,5.5,0.0,0.0,0.0,0.0,0.0,1,6,1,0,0,1
661,296,0.0,10.710894,21.362637,0.9095646302095256,0.8829774305555556,3.12,1.3,2.0,2015-01-01,2016-10-22,765.8456003818626,777.4279129836032,6.826277583948196,4.437080429566327,2.3891971543818684,0.0,0.0,381.54926706718265,0.0,82.51462011526755,5.785226635708814,5.5,0.0,0.0,0.0,0.0,0.0,1,6,1,0,0,1
662,297,0.0,10.485551999999998,21.813321,0.9173931606302124,0.4856684027777778,3.12,1.3,0.0,2015-01-01,2016-10-23,766.5425884418393,778.1058053020097,6.82611477566644,4.436974604183186,2.3891401714832536,0.0,0.0,382.0255951438233,0.0,82.51265212270415,5.7748578049887875,5.5,0.0,0.0,0.0,0.0,0.0,1,6,1,0,0,1
663,298,0.0,10.60689,21.631314000000003,0.9152796796483992,0.5854947916666666,3.2883333333333336,1.3,2.0,2015-01-01,2016-10-24,767.2382045305936,778.7822151188448,6.825955594107857,4.436871136170107,2.3890844579377495,0.0,0.0,382.50124909611145,0.0,82.51072796921433,5.537448946687114,5.5,0.0,0.0,0.0,0.0,0.0,1,6,1,0,0,1
664,299,0.0,12.16695,17.341149,0.824490116563459,0.6119704861111112,5.812083333333333,1.3,5.0,2015-01-01,2016-10-25,767.8029445894717,779.4571443435289,6.825621162713876,4.43665375576402,2.388967406949856,0.0,0.0,382.8596725008782,0.0,82.5066854322548,5.767578739343093,5.5,0.0,0.0,0.0,0.0,0.0,1,6,1,0,0,1
665,300,0.0,12.955646999999999,21.197964000000002,0.984108782881968,1.9789930555555555,8.785833333333334,1.3,4.0,2015-01-01,2016-10-26,768.4972497946777,780.130594890964,6.825471413566518,4.436556418818237,2.388914994748281,0.0,0.0,383.33518564545545,0.0,82.50487529578514,5.7253849870900275,5.5,0.0,0.0,0.0,0.0,0.0,1,6,1,0,0,1
666,301,0.0,15.451743,23.538054,1.1784935210807048,0.7032118055555556,8.16,1.3,1.0,2015-01-01,2016-10-27,769.1698490359843,780.8025686814726,6.825298178190584,4.43644381582388,2.3888543623667045,0.0,0.0,383.8305473617366,0.0,82.50278126268147,5.735282793060881,5.5,0.0,0.0,0.0,0.0,0.0,1,6,1,0,0,1
667,302,0.0,14.567709,22.038663,1.0788549726622243,0.4432552083333333,8.16,1.3,4.0,2015-01-01,2016-10-28,769.8603094859889,781.4730676407412,6.825094376556968,4.4363113447620295,2.3887830317949383,0.0,0.0,384.30366518396386,0.0,82.50031775102813,5.7249217795239025,5.5,0.0,0.0,0.0,0.0,0.0,1,6,1,0,0,1
668,303,0.0,15.451743,22.896696,1.1509190723662035,0.37356770833333336,3.9700000000000006,1.3,4.0,2015-01-01,2016-10-29,770.549403718477,782.1420936997592,6.824882694857564,4.4361737516574165,2.388708943200147,0.0,0.0,384.77610515542506,0.0,82.49775898678266,5.714564185747404,5.5,0.0,0.0,0.0,0.0,0.0,1,6,1,0,0,1
669,304,0.0,14.801717999999997,23.685392999999998,1.156832709946629,0.4832118055555556,2.4000000000000004,1.3,1.0,2015-01-01,2016-10-30,771.2371331840666,782.8096487947605,6.824663182951786,4.436031068918661,2.388632114033125,0.0,0.0,385.24786668725494,0.0,82.49510557263515,5.7042100996563585,5.5,0.0,0.0,0.0,0.0,0.0,1,6,1,0,0,1
670,305,0.0,14.697714000000001,23.347379999999998,1.1380752941612355,0.7909722222222223,4.491666666666666,1.3,2.0,2015-01-01,2016-10-31,771.9234993369403,783.4757348671674,6.824435890530009,4.435883328844506,2.3885525616855032,0.0,0.0,385.71894919862916,0.0,82.49235810923254,5.693859608634596,5.5,0.0,0.0,0.0,0.0,0.0,1,6,1,0,0,1
671,306,0.0,16.604454,26.38083,1.3636827734884949,1.5516059027777778,6.771249999999999,1.3,1.0,2015-01-01,2016-11-01,772.6085036348223,784.14035386353,6.824200867130179,4.435730563634616,2.3884703034955623,0.0,0.0,386.18935211674346,0.0,82.48951719537915,5.683512799573191,5.5,0.0,0.0,0.0,0.0,0.0,1,6,1,0,0,1
672,307,0.0,7.025252249999999,22.784025,0.8341010357655434,1.0495399305555555,7.760416666666667,1.3,4.0,2015-01-01,2016-11-02,773.292147538959,784.8035077354698,6.823958162125811,4.435572805381777,2.3883853567440334,0.0,0.0,386.6590748767978,0.0,82.48658342789179,5.6731697588391174,5.5,0.0,0.0,0.0,0.0,0.0,1,6,1,0,0,1
673,308,0.0,5.822705999999999,17.869836,0.6570439591435353,1.0749913194444445,6.24,1.3,1.0,2015-01-01,2016-11-03,773.9744325140954,785.4651984396216,6.823707824734927,4.435410086077703,2.388297738657224,0.0,0.0,387.12811692197647,0.0,82.48355740170763,5.66283057230242,5.5,0.0,0.0,0.0,0.0,0.0,1,6,1,0,0,1
674,309,0.0,8.544144,18.970545,0.7632966284467207,0.919609375,6.24,1.3,0.0,2015-01-01,2016-11-04,774.6553600284572,786.1254279375776,6.823449904009212,4.435242437605988,2.388207466403224,0.0,0.0,387.59647770343145,0.0,82.48043970975317,5.652495325308142,5.5,0.0,0.0,0.0,0.0,0.0,1,6,1,0,0,1
675,310,0.0,9.731523,21.284634,0.8736090587966053,0.4397395833333333,6.24,1.3,1.0,2015-01-01,2016-11-05,775.3349315537258,786.7841981958286,6.823184448847429,4.435069891750829,2.3881145570966,0.0,0.0,388.0641566802621,0.0,82.47723094310653,5.642164102714048,5.5,0.0,0.0,0.0,0.0,0.0,1,6,1,0,0,1
676,311,0.0,11.74587825,19.01388,0.8650808099662065,0.6426996527777779,7.69875,1.3,4.0,2015-01-01,2016-11-06,776.0131485650213,787.4415111857093,6.8229115079806215,4.434892480187404,2.3880190277932174,0.0,0.0,388.53115331949834,0.0,82.47393169081838,5.63183698885421,5.5,0.0,0.0,0.0,0.0,0.0,1,6,1,0,0,1
677,312,0.0,8.691483,17.150475,0.7150676696805512,0.4850607638888888,5.057083333333334,1.3,3.0,2015-01-01,2016-11-07,776.6900125408773,788.0973688833401,6.822631129985048,4.434710234490281,2.3879208954947666,0.0,0.0,388.9974670960804,0.0,82.47054254006835,5.621514067574672,5.5,0.0,0.0,0.0,0.0,0.0,1,6,1,0,0,1
678,313,0.0,6.2661675,19.455897,0.7117162226210525,0.7548784722222222,2.88,1.3,0.0,2015-01-01,2016-11-08,777.365524963223,788.7517732695733,6.822343363270026,4.434523186125517,2.3878201771445084,0.0,0.0,389.46309749284154,0.0,82.46706407601825,5.611195422202275,5.5,0.0,0.0,0.0,0.0,0.0,1,6,1,0,0,1
679,314,0.0,6.256056,19.741908,0.7194493796626682,0.2632986111111111,2.88,1.3,0.0,2015-01-01,2016-11-09,778.0396873173595,789.4047263299344,6.822048256088962,4.434331366457825,2.3877168896311365,0.0,0.0,389.9280440004873,0.0,82.46349688194515,5.60088113557783,5.5,0.0,0.0,0.0,0.0,0.0,1,6,1,0,0,1
680,315,0.0,7.582107,21.258633,0.8035400895806961,0.42669270833333334,2.88,1.3,1.0,2015-01-01,2016-11-10,778.7125010919401,790.0562300545694,6.82174585653027,4.434134806744676,2.387611049785594,0.0,0.0,390.39230611757824,0.0,82.45984153913179,5.590571290031989,5.5,0.0,0.0,0.0,0.0,0.0,1,6,1,0,0,1
681,316,0.0,10.962237,23.546720999999998,0.9973658228224762,0.5524913194444445,2.88,1.3,2.0,2015-01-01,2016-11-11,779.383967778949,790.7062864381876,6.8214362125233166,4.433933538140156,2.3875026743831604,0.0,0.0,390.85588335050943,0.0,82.45609862693834,5.580265967403723,5.5,0.0,0.0,0.0,0.0,0.0,1,6,1,0,0,1
682,317,0.0,10.658892,23.702727,0.991850100578495,0.290390625,2.88,1.3,2.0,2015-01-01,2016-11-12,780.0540888736788,791.3548974800074,6.821119371836662,4.433727591693831,2.3873917801428313,0.0,0.0,391.3187752134919,0.0,82.45226872278124,5.569965249038008,5.5,0.0,0.0,0.0,0.0,0.0,1,6,1,0,0,1
683,318,0.0,10.520219999999998,21.830654999999997,0.9192081260484466,0.6901215277777778,2.88,1.3,5.0,2015-01-01,2016-11-13,780.7228658747124,792.0020651837021,6.820800068447319,4.433520044490757,2.3872800239565617,0.0,0.0,391.7809812285335,0.0,82.44840904998753,5.3425190756435565,5.5,0.0,0.0,0.0,0.0,0.0,1,6,1,0,0,1
684,319,0.0,11.603594999999999,23.746062,1.0293559294225485,0.4558506944444444,2.88,1.3,4.0,2015-01-01,2016-11-14,781.2664491955009,792.6477915573444,6.820307283048045,4.43319973398123,2.387107549066816,0.0,0.0,392.13103461833975,0.0,82.44245236282977,5.562292283346123,5.5,0.0,0.0,0.0,0.0,0.0,1,6,1,0,0,1
685,320,0.0,12.054279000000001,23.234709,1.0270175939950368,0.4886197916666666,2.88,1.3,7.0,2015-01-01,2016-11-15,781.9339071666399,793.2920786133525,6.820003651847703,4.433002373701007,2.387001278146696,0.0,0.0,392.59302702888317,0.0,82.43878213218895,5.540499205227164,5.5,0.0,0.0,0.0,0.0,0.0,1,6,1,0,0,1
686,321,0.0,14.047688999999998,21.761319,1.0472125742753673,1.0726215277777778,2.88,1.3,7.0,2015-01-01,2016-11-16,782.5989015986949,793.9349283684369,6.819661888909398,4.432780227791109,2.3868816611182893,0.0,0.0,393.0533192947181,0.0,82.43465097305034,5.511390951853887,5.5,0.0,0.0,0.0,0.0,0.0,1,6,1,0,0,1
687,322,0.0,14.403036,21.293301,1.0428076754584004,1.8500694444444443,2.88,1.3,6.0,2015-01-01,2016-11-17,783.2443028728035,794.576342843546,6.819321615838455,4.432559050294996,2.3867625655434592,0.0,0.0,393.53354032973283,0.0,82.43053782311775,5.52021677835207,5.5,0.0,0.0,0.0,0.0,0.0,1,6,1,0,0,1
688,323,0.0,7.251316499999999,21.44064,0.7989337376238176,0.9634722222222224,2.88,1.3,1.0,2015-01-01,2016-11-18,783.9066671103354,795.2163240638131,6.818961874241411,4.432325218256917,2.3866366559844936,0.0,0.0,393.9924601107765,0.0,82.42618934170096,5.509938514523016,5.5,0.0,0.0,0.0,0.0,0.0,1,6,1,0,0,1
689,324,0.0,5.372021999999999,15.148398,0.5789861146441849,1.2926041666666666,2.88,1.3,1.0,2015-01-01,2016-11-19,784.5676950823668,795.8548740585038,6.818595269822531,4.432086925384645,2.3865083444378854,0.0,0.0,394.4506907677104,0.0,82.4217579039247,5.499665444204983,5.5,0.0,0.0,0.0,0.0,0.0,1,6,1,0,0,1
690,325,0.0,5.475303749999999,12.418293,0.5206582137026943,1.123454861111111,2.540833333333333,1.3,7.0,2015-01-01,2016-11-20,785.2273883166264,796.4919948609613,6.818221849028745,4.431844201868684,2.3863776471600606,0.0,0.0,394.90823187924286,0.0,82.4172440712299,5.48939764462804,5.5,0.0,0.0,0.0,0.0,0.0,1,6,1,0,0,1
691,326,0.0,3.1099349999999992,10.684892999999999,0.4399738868536106,0.992578125,2.4000000000000004,1.3,5.0,2015-01-01,2016-11-21,785.8857483439172,797.127688508557,6.817841658135193,4.431597077787876,2.3862445803473173,0.0,0.0,395.3650830317046,0.0,82.4126484029807,5.479135192514675,5.5,0.0,0.0,0.0,0.0,0.0,1,6,1,0,0,1
692,327,0.0,-0.5995409999999994,7.564773,0.3298440381095278,1.2003819444444443,2.4000000000000004,1.3,4.0,2015-01-01,2016-11-22,786.5427766980929,797.761957042635,6.817454743259466,4.431345583118653,2.386109160140813,0.0,0.0,395.8212438190271,0.0,82.40797145663696,5.468878164119856,5.5,0.0,0.0,0.0,0.0,0.0,1,6,1,0,0,1
693,328,0.0,-2.0137065000000005,5.380688999999999,0.2822828679490784,1.5951475694444444,2.4000000000000004,1.3,1.0,2015-01-01,2016-11-23,787.1984749160384,798.3948025084617,6.817061150356593,4.431089747731786,2.385971402624807,0.0,0.0,396.2767138427223,0.0,82.40321378769349,5.458626635221287,5.5,0.0,0.0,0.0,0.0,0.0,1,6,1,0,0,1
694,329,0.0,-2.714289,5.3460209999999995,0.2733491856708634,0.8993749999999999,2.4000000000000004,1.3,0.0,2015-01-01,2016-11-24,787.8528445376498,799.0262269551745,6.816660925217726,4.4308296013915225,2.3858313238262037,0.0,0.0,396.73149271186344,0.0,82.39837594966417,5.44838068111452,5.5,0.0,0.0,0.0,0.0,0.0,1,6,1,0,0,1
695,330,0.0,-4.187679,9.419511,0.3061129489479089,0.6521267361111112,2.4000000000000004,1.3,0.0,2015-01-01,2016-11-25,788.5058871058123,799.6562324357292,6.816254113469773,4.430565173755353,2.3856889397144205,0.0,0.0,397.18558004306334,0.0,82.39345849407759,5.438140376615656,5.5,0.0,0.0,0.0,0.0,0.0,1,6,1,0,0,1
696,331,0.0,-0.738213,10.615556999999999,0.3733949647179039,1.242951388888889,2.4000000000000004,1.3,0.0,2015-01-01,2016-11-26,789.1576041663798,800.2848210068487,6.815840760583499,4.430296494379275,2.3855442662042243,0.0,0.0,397.6389754604538,0.0,82.38846197057488,5.42790579608468,5.5,0.0,0.0,0.0,0.0,0.0,1,6,1,0,0,1
697,332,0.0,1.5585419999999992,12.331623,0.4417171420405221,0.7991319444444445,2.4000000000000004,1.3,0.0,2015-01-01,2016-11-27,789.807997268156,800.9119947289737,6.815420911857491,4.43002359270737,2.3853973191501217,0.0,0.0,398.09167859566674,0.0,82.38338692671583,5.417677013383187,5.5,0.0,0.0,0.0,0.0,0.0,1,6,1,0,0,1
698,333,0.0,4.357982999999999,13.978352999999998,0.5301098217839405,0.5016059027777778,2.4000000000000004,1.3,0.0,2015-01-01,2016-11-28,790.4570679628711,801.5377556662102,6.814994612434408,4.429746498082365,2.3852481143520428,0.0,0.0,398.5436890878108,0.0,82.37823390817556,5.407454101919695,5.5,0.0,0.0,0.0,0.0,0.0,1,6,1,0,0,1
699,334,0.0,5.3286869999999995,16.110435,0.6007044042103024,0.4145225694444445,2.4000000000000004,1.3,0.0,2015-01-01,2016-11-29,791.1048178051624,802.1621058862793,6.814561907291272,4.429465239739327,2.385096667551945,0.0,0.0,398.99500658345227,0.0,82.37300345862695,5.397237134626267,5.5,0.0,0.0,0.0,0.0,0.0,1,6,1,0,0,1
700,335,0.0,7.044753,16.32711,0.6487526839490155,0.8340538194444445,2.4000000000000004,1.3,3.0,2015-01-01,2016-11-30,791.7512483525537,802.7850474604681,6.814122841243529,4.429179846808294,2.384942994435235,0.0,0.0,399.44563073659356,0.0,82.36769611978971,5.387026183969989,5.5,0.0,0.0,0.0,0.0,0.0,1,6,1,0,0,1
701,336,0.0,9.332841,14.212361999999999,0.6532229367841921,1.943515625,7.411666666666666,1.3,8.0,2015-01-01,2016-12-01,792.3963611654348,803.4065824635791,6.813677458943339,4.42889034831317,2.3847871106301683,0.0,0.0,399.89556120865257,0.0,82.36231243140988,5.376821321950048,5.5,0.0,0.0,0.0,0.0,0.0,1,6,1,0,0,1
702,337,0.0,10.666114499999999,13.284993,0.663797082254395,2.17234375,14.299583333333333,1.3,7.0,2015-01-01,2016-12-02,793.0401578070406,804.0267129738804,6.813225804876856,4.428596773169956,2.384629031706899,0.0,0.0,400.34479766844106,0.0,82.35685293122677,5.366622620092265,5.5,0.0,0.0,0.0,0.0,0.0,1,6,1,0,0,1
703,338,0.0,7.9071195,16.881798,0.686100520058022,0.7292187499999999,10.32,1.3,1.0,2015-01-01,2016-12-03,793.6826398434295,804.6454410730562,6.8127830260881606,4.428308966957305,2.3844740591308557,0.0,0.0,400.7933397921434,0.0,82.35150071355105,5.1601259802958435,5.5,0.0,0.0,0.0,0.0,0.0,1,6,1,0,0,1
704,339,0.0,6.082716,17.982507000000002,0.6667969004814046,0.44642361111111106,10.32,1.3,2.0,2015-01-01,2016-12-04,794.2065469891776,805.2627688461589,6.812168354806282,4.427909430624084,2.3842589241821988,0.0,0.0,401.13565057986847,0.0,82.34407069525834,5.347520589488712,5.5,0.0,0.0,0.0,0.0,0.0,1,6,1,0,0,1
705,340,0.0,7.634109,17.62716,0.6989636789593897,0.851623263888889,8.973333333333334,1.3,3.0,2015-01-01,2016-12-05,794.846622129601,805.878698381558,6.8116995324795,4.4276046961116755,2.384094836367825,0.0,0.0,401.5829358321654,0.0,82.33840366872441,5.319461886638993,5.5,0.0,0.0,0.0,0.0,0.0,1,6,1,0,0,1
706,341,0.0,1.5830985000000002,14.498373,0.4835043752500468,0.7487934027777778,9.836666666666666,1.3,5.0,2015-01-01,2016-12-06,795.4679350457437,806.4932317708931,6.811232273328018,4.427300977663212,2.3839312956648064,0.0,0.0,402.0493008564131,0.0,82.33275553752763,5.327417617762184,5.5,0.0,0.0,0.0,0.0,0.0,1,6,1,0,0,1
707,342,0.0,0.3971639999999992,13.406331,0.4401321130374273,0.4781163194444444,10.32,1.3,0.0,2015-01-01,2016-12-07,796.1054322061993,807.1063711090264,6.810749287679161,4.426987036991455,2.383762250687706,0.0,0.0,402.49519836617026,0.0,82.32691730770964,5.317244651684755,5.5,0.0,0.0,0.0,0.0,0.0,1,6,1,0,0,1
708,343,0.0,3.2486069999999994,12.158283,0.4702835016950699,0.942578125,10.32,1.3,6.0,2015-01-01,2016-12-08,796.7416215416197,807.7181184939923,6.810260297262234,4.4266691932204525,2.383591104041782,0.0,0.0,402.9403995205814,0.0,82.32100649350723,5.307078294743947,5.5,0.0,0.0,0.0,0.0,0.0,1,6,1,0,0,1
709,344,0.0,2.0178929999999995,10.060869,0.4096176631154151,0.958090277777778,10.32,1.3,1.0,2015-01-01,2016-12-09,797.3765046403862,808.32847602695,6.809765345404048,4.426347474512632,2.3834178708914164,0.0,0.0,403.384904041959,0.0,82.31502361864588,5.296918615090064,5.5,0.0,0.0,0.0,0.0,0.0,1,6,1,0,0,1
710,345,0.0,3.4046129999999994,12.366291,0.4773774659049496,0.4678559027777778,10.32,1.3,1.0,2015-01-01,2016-12-10,798.010083093522,808.9374458121379,6.809264475268671,4.426021908924636,2.383242566344035,0.0,0.0,403.828711659824,0.0,82.30896920488385,5.286765680421231,5.5,0.0,0.0,0.0,0.0,0.0,1,6,1,0,0,1
711,346,0.0,4.65555,12.626300999999998,0.5078434060654088,0.7289409722222222,4.3025,1.3,2.0,2015-01-01,2016-12-11,798.6423584946717,809.5450299568247,6.808757729847919,4.425692524401147,2.3830652054467714,0.0,0.0,404.27182211088495,0.0,82.30284377189722,5.27661955795943,5.5,0.0,0.0,0.0,0.0,0.0,1,6,1,0,0,1
712,347,0.0,3.3526109999999996,13.016316,0.4892370876807367,0.9449479166666666,3.12,1.3,1.0,2015-01-01,2016-12-12,799.2733324400789,810.1512305712613,6.808245151983728,4.425359348789423,2.3828858031943048,0.0,0.0,404.71423513901357,0.0,82.29664783755044,5.266480314512531,5.5,0.0,0.0,0.0,0.0,0.0,1,6,1,0,0,1
713,348,0.0,5.372021999999999,14.004354,0.5529104469596238,1.201779513888889,3.12,1.3,4.0,2015-01-01,2016-12-13,799.9030065285687,810.7560497686366,6.807726784347649,4.425022409825972,2.3827043745216767,0.0,0.0,405.15595049522585,0.0,82.29038191764825,5.256348016420062,5.5,0.0,0.0,0.0,0.0,0.0,1,6,1,0,0,1
714,349,0.0,6.238721999999999,14.897055000000002,0.5934551926264521,1.4719097222222224,3.0708333333333333,1.3,1.0,2015-01-01,2016-12-14,800.5313823615261,811.3594896650288,6.807202669451433,4.424681735143432,2.3825209343080016,0.0,0.0,405.59696793765835,0.0,82.28404652606386,5.246222729583271,5.5,0.0,0.0,0.0,0.0,0.0,1,6,1,0,0,1
715,350,0.0,3.993969,10.43355,0.4516573672501419,1.1728819444444445,7.273750000000001,1.3,3.0,2015-01-01,2016-12-15,801.1584615428766,811.9615523793605,6.806672849641686,4.424337352267096,2.38233549737459,0.0,0.0,406.03728723154677,0.0,82.2776421746742,5.236104519451641,5.5,0.0,0.0,0.0,0.0,0.0,1,6,1,0,0,1
716,351,0.0,3.8206289999999994,9.601517999999999,0.4332175229407881,0.6431597222222222,3.3600000000000003,1.3,3.0,2015-01-01,2016-12-16,801.7842456790644,812.5622400333505,6.806137367103657,4.423989288617378,2.38214807848628,0.0,0.0,406.47690814920327,0.0,82.27116937340583,5.225993451035704,5.5,0.0,0.0,0.0,0.0,0.0,1,6,1,0,0,1
717,352,0.0,1.5614309999999998,11.542926,0.4275288706635524,0.5453125000000001,3.3600000000000003,1.3,4.0,2015-01-01,2016-12-17,802.4087363790338,813.1615547514702,6.805596263864221,4.423637571511744,2.3819586923524767,0.0,0.0,406.9158304699945,0.0,82.26462863027078,5.215889588914946,5.5,0.0,0.0,0.0,0.0,0.0,1,6,1,0,0,1
718,353,0.0,-0.07952100000000062,7.989456,0.3434514004557772,0.7635243055555556,3.3600000000000003,1.3,2.0,2015-01-01,2016-12-18,803.0319352542091,813.7594986608979,6.80504958178145,4.423282228157943,2.3817673536235073,0.0,0.0,407.3540539803205,0.0,82.25802045124068,5.205792997212139,5.5,0.0,0.0,0.0,0.0,0.0,1,6,1,0,0,1
719,354,0.0,2.0698949999999994,9.168168,0.3954336418338839,1.6482118055555555,3.3600000000000003,1.3,4.0,2015-01-01,2016-12-19,803.6538439184737,814.3560738914716,6.80449736255521,4.422923285660887,2.3815740768943234,0.0,0.0,407.79157847359056,0.0,82.25134534037488,5.195703739622418,5.5,0.0,0.0,0.0,0.0,0.0,1,6,1,0,0,1
720,355,0.0,1.9225559999999993,9.766191,0.402982477267151,0.8159114583333335,3.3600000000000003,1.3,4.0,2015-01-01,2016-12-20,804.2744639881505,814.951282575646,6.8039396477182645,4.422560771016872,2.381378876701392,0.0,0.0,408.2284037502021,0.0,82.24460379971275,5.185621879391207,5.5,0.0,0.0,0.0,0.0,0.0,1,6,1,0,0,1
721,356,0.0,0.9951869999999996,10.43355,0.3986119825368328,0.40111979166666667,3.3600000000000003,1.3,1.0,2015-01-01,2016-12-21,804.8937970819798,815.5451268484453,6.803376478651744,4.422194711123634,2.38118176752811,0.0,0.0,408.664529617517,0.0,82.23779632946076,5.175547479357182,5.5,0.0,0.0,0.0,0.0,0.0,1,6,1,0,0,1
722,357,0.0,2.5198567499999998,11.395586999999999,0.4421803910862335,0.5260937499999999,3.3600000000000003,1.3,6.0,2015-01-01,2016-12-22,805.5118448211039,816.1376088474221,6.802827195330325,4.421837676964711,2.3809895183656136,0.0,0.0,409.09995588984145,0.0,82.23115670720028,4.977673602600339,5.5,0.0,0.0,0.0,0.0,0.0,1,6,1,0,0,1
723,358,0.0,1.8358859999999995,11.256915,0.4273232603452402,0.4236111111111111,3.3600000000000003,1.3,0.0,2015-01-01,2016-12-23,806.0163669708908,816.7287307126096,6.802087646456648,4.421356970196822,2.3807306762598266,0.0,0.0,409.4336634664336,0.0,82.22221719461562,5.156579414660156,5.5,0.0,0.0,0.0,0.0,0.0,1,6,1,0,0,1
724,359,0.0,2.841258,9.835526999999999,0.4199792418273714,1.1423263888888888,6.0475,1.3,6.0,2015-01-01,2016-12-24,806.6320457148519,817.3184945864793,6.801511071372261,4.42098219639197,2.3805288749802913,0.0,0.0,409.8678103244488,0.0,82.2152476752149,5.129560329902271,5.5,0.0,0.0,0.0,0.0,0.0,1,6,1,0,0,1
725,360,0.0,7.798781999999999,10.329546,0.525650575192478,1.340190972222222,15.877083333333337,1.3,7.0,2015-01-01,2016-12-25,807.2297683375068,817.9069026138966,6.800929947191355,4.420604465674381,2.380325481516974,0.0,0.0,410.32021296112555,0.0,82.20822316728392,5.136710792543687,5.5,0.0,0.0,0.0,0.0,0.0,1,6,1,0,0,1
726,361,0.0,5.822705999999999,12.106281,0.5214082194544272,0.7298958333333334,3.6,1.3,6.0,2015-01-01,2016-12-26,807.8429241585318,818.4939569420778,6.800339558472829,4.420220713007339,2.38011884546549,0.0,0.0,410.7529622896153,0.0,82.20108667155397,5.126669146456474,5.5,0.0,0.0,0.0,0.0,0.0,1,6,1,0,0,1
727,362,0.0,5.3373539999999995,9.6231855,0.4617121174169082,0.987404513888889,9.700833333333332,1.3,8.0,2015-01-01,2016-12-27,808.4548017965193,819.079659720546,6.799743963389268,4.4198335762030245,2.3799103871862437,0.0,0.0,411.18501074165073,0.0,82.19388724236902,5.11663535424284,5.5,0.0,0.0,0.0,0.0,0.0,1,6,1,0,0,1
728,363,0.0,3.1532699999999996,11.074908,0.4479470476311507,0.8849826388888888,8.424166666666666,1.3,3.0,2015-01-01,2016-12-28,809.0654028916141,819.6640131010881,6.799143202163319,4.419443081406158,2.3797001207571613,0.0,0.0,411.6163581747676,0.0,82.18662536593203,5.106609475570749,5.5,0.0,0.0,0.0,0.0,0.0,1,6,1,0,0,1
729,364,0.0,3.023265,13.146321,0.4852553023646834,0.994392361111111,6.48,1.3,3.0,2015-01-01,2016-12-29,809.6747290861865,820.247019237713,6.798537314852429,4.419049254654079,2.3794880601983497,0.0,0.0,412.0470044532734,0.0,82.1793015264491,5.096591569674991,5.5,0.0,0.0,0.0,0.0,0.0,1,6,1,0,0,1
730,365,0.0,6.715407,15.919761000000001,0.6300532827773128,0.29779513888888887,6.48,1.3,3.0,2015-01-01,2016-12-30,810.2827820248124,820.8286802866069,6.797926341355307,4.41865212188095,2.3792742194743575,0.0,0.0,412.47694944822433,0.0,82.17191620620748,5.086581695376074,5.5,0.0,0.0,0.0,0.0,0.0,1,6,1,0,0,1
731,366,0.0,10.104204,14.983725,0.694218807579173,0.9689409722222222,6.48,1.3,4.0,2015-01-01,2016-12-31,810.8895633542538,821.4089984060925,6.7973103214136525,4.418251708918874,2.379058612494778,0.0,0.0,412.906193037402,0.0,82.16446988559659,5.076579911086354,5.5,0.0,0.0,0.0,0.0,0.0,1,6,1,0,0,1
732,1,0.0,7.127811749999999,15.183066,0.6219735407909153,0.5538541666666666,6.206250000000001,1.3,5.0,2015-01-01,2017-01-01,811.4950747234412,821.987975756587,6.7966892945999,4.417848041489935,2.3788412531099645,0.0,0.0,413.33473510529166,0.0,82.15696304295973,5.066586274777064,5.5,0.0,0.0,0.0,0.0,0.0,1,6,1,0,0,1
733,2,0.0,6.348503999999999,13.371663000000002,0.5606352182674423,0.8697829861111112,5.76,1.3,1.0,2015-01-01,2017-01-02,812.0993177834496,822.5656145005587,6.796063300334197,4.417441145217228,2.3786221551169686,0.0,0.0,413.7625755430576,0.0,82.14939615479945,5.056600844026846,5.5,0.0,0.0,0.0,0.0,0.0,1,6,1,0,0,1
734,3,0.0,3.6992909999999997,12.123615000000001,0.4783985636808638,0.6066753472222222,5.76,1.3,0.0,2015-01-01,2017-01-03,812.7022941874831,823.1419168024868,6.795432377870833,4.417031045616041,2.3784013322547914,0.0,0.0,414.18971424852134,0.0,82.14176969561339,5.046623675984844,5.5,0.0,0.0,0.0,0.0,0.0,1,6,1,0,0,1
735,4,0.0,1.8192742499999994,11.482257,0.4310505941557982,0.4959114583333333,5.76,1.3,0.0,2015-01-01,2017-01-04,813.3040055908531,823.7168848288193,6.794796566304827,4.4166177680981376,2.3781787982066893,0.0,0.0,414.61615112613765,0.0,82.134084137974,5.036654827390509,5.5,0.0,0.0,0.0,0.0,0.0,1,6,1,0,0,1
736,5,0.0,-0.36553200000000086,12.192951,0.4053306861249968,0.5659461805555556,5.76,1.3,0.0,2015-01-01,2017-01-05,813.904453650959,824.2905207479316,6.794155904571405,4.416201337971414,2.3779545665999917,0.0,0.0,415.04188608697143,0.0,82.1263399525222,5.026694354572543,5.5,0.0,0.0,0.0,0.0,0.0,1,6,1,0,0,1
737,6,0.0,2.173898999999999,13.03365,0.4664382949649117,0.3682378472222222,5.76,1.3,0.0,2015-01-01,2017-01-06,814.5036400272691,824.862826730086,6.793510431445481,4.415781780439563,2.377728651005918,0.0,0.0,415.46691904867487,0.0,82.118537607961,5.016742313449534,5.5,0.0,0.0,0.0,0.0,0.0,1,6,1,0,0,1
738,7,0.0,2.7892559999999995,13.319661,0.4840491469277941,0.471328125,5.76,1.3,0.0,2015-01-01,2017-01-07,815.1015663813002,825.4338049473909,6.792860185540453,4.415359120601295,2.3775010649391586,0.0,0.0,415.89124993546363,0.0,82.11067757104118,5.006798759526928,5.5,0.0,0.0,0.0,0.0,0.0,1,6,1,0,0,1
739,8,0.0,4.1846429999999994,13.796346,0.522511998165391,0.44469618055555554,5.76,1.3,0.0,2015-01-01,2017-01-08,815.6982343765991,826.0034575737595,6.792205205315258,4.414933383454918,2.37727182186034,0.0,0.0,416.31487867809363,0.0,82.10276030664629,4.996863747917455,5.5,0.0,0.0,0.0,0.0,0.0,1,6,1,0,0,1
740,9,0.0,4.045971,13.588338,0.5151922469370643,1.1002256944444444,5.643750000000001,1.3,1.0,2015-01-01,2017-01-09,816.2936456787226,826.5717867848714,6.791561470365959,4.414514955737873,2.3770465146280855,0.0,0.0,416.7378052138383,0.0,82.09497897280171,4.806904555527938,5.5,0.0,0.0,0.0,0.0,0.0,1,6,1,0,0,1
741,10,0.0,6.431562749999999,14.671713,0.592683083924762,0.4926822916666667,4.025,1.3,1.0,2015-01-01,2017-01-10,816.7801668336132,827.1387947581302,6.790726430346217,4.413972179725041,2.3767542506211754,0.0,0.0,417.063156879432,0.0,82.08488518315389,4.978074967489806,5.5,0.0,0.0,0.0,0.0,0.0,1,6,1,0,0,1
742,11,0.0,5.7360359999999995,14.715048,0.5773754561751416,0.2925347222222222,3.6,1.3,3.0,2015-01-01,2017-01-11,817.3732486969543,827.7044836726254,6.790059715848457,4.413538815301497,2.37652090054696,0.0,0.0,417.48478839149664,0.0,82.07682607731891,4.9520165296385725,5.5,0.0,0.0,0.0,0.0,0.0,1,6,1,0,0,1
743,12,0.0,3.057933,13.961019,0.5024222873742116,0.4915104166666666,3.6,1.3,1.0,2015-01-01,2017-01-12,817.9491128268733,828.2688557090923,6.789386526949827,4.413101242517388,2.3762852844324396,0.0,0.0,417.923918308323,0.0,82.06868871027618,4.958472459612554,5.5,0.0,0.0,0.0,0.0,0.0,1,6,1,0,0,1
744,13,0.0,3.257274,11.222247,0.4526297300851195,0.37466145833333336,3.6,1.3,1.0,2015-01-01,2017-01-13,818.5397260983455,828.8319130498724,6.788707942632862,4.412660162711361,2.3760477799215014,0.0,0.0,418.34414771519795,0.0,82.06048612454157,4.948576048042517,5.5,0.0,0.0,0.0,0.0,0.0,1,6,1,0,0,1
745,14,0.0,1.2898649999999998,10.034868,0.3968755534666019,0.944236111111111,3.6,1.3,3.0,2015-01-01,2017-01-14,819.1290901674527,829.3936578788746,6.78802485402014,4.412216155113091,2.375808698907049,0.0,0.0,418.76367428769856,0.0,82.05222909181902,4.938688523736337,5.5,0.0,0.0,0.0,0.0,0.0,1,6,1,0,0,1
746,15,0.0,2.1218969999999997,9.237504,0.3974536185459161,0.6577690972222222,3.6,1.3,7.0,2015-01-01,2017-01-15,819.7172067157976,829.9540923815366,6.787337298434636,4.411769243982514,2.3755680544521223,0.0,0.0,419.1824980035158,0.0,82.04391806326086,4.9288099388559825,5.5,0.0,0.0,0.0,0.0,0.0,1,6,1,0,0,1
747,16,0.0,4.4114295,11.924274,0.4885714605716628,0.6208680555555556,3.6,1.3,2.0,2015-01-01,2017-01-16,820.3040774268283,830.5132187447857,6.786645313040966,4.411319453476628,2.3753258595643376,0.0,0.0,419.6006188466823,0.0,82.03555348810526,4.918940345168393,5.5,0.0,0.0,0.0,0.0,0.0,1,6,1,0,0,1
748,17,0.0,3.5346179999999996,13.38033,0.5002918092375734,0.35708333333333336,3.6,1.3,4.0,2015-01-01,2017-01-17,820.8897039858196,831.0710391570005,6.785948934846272,4.410866807650077,2.375082127196195,0.0,0.0,420.01803680754887,0.0,82.02713581368678,4.909079794050076,5.5,0.0,0.0,0.0,0.0,0.0,1,6,1,0,0,1
749,18,0.0,4.427319,12.669636,0.5040253967869062,0.469296875,3.6,1.3,4.0,2015-01-01,2017-01-18,821.4740880798533,831.6275558079728,6.785248200699303,4.410411330454547,2.3748368702447555,0.0,0.0,420.4347518827606,0.0,82.0186654854255,4.899228336484127,5.5,0.0,0.0,0.0,0.0,0.0,1,6,1,0,0,1
750,19,0.0,4.418652,12.903645,0.508681989853352,0.5198524305555555,3.6,1.3,0.0,2015-01-01,2017-01-19,822.0572313977999,832.1827708888695,6.7845431472921875,4.409953045739922,2.3745901015522657,0.0,0.0,420.8507640752334,0.0,82.0101429468481,4.889386023067542,5.5,0.0,0.0,0.0,0.0,0.0,1,6,1,0,0,1
751,20,0.0,4.669995,12.530964,0.50616989775956,0.4589149305555556,3.73125,1.3,3.0,2015-01-01,2017-01-20,822.6391356302998,832.7366865921956,6.783833811157844,4.409491977252599,2.3743418339052447,0.0,0.0,421.26607339413044,0.0,82.00156863955695,4.879552904002999,5.5,0.0,0.0,0.0,0.0,0.0,1,6,1,0,0,1
752,21,0.0,6.273389999999999,10.095537,0.4892370876807367,0.2897222222222222,8.45875,1.3,6.0,2015-01-01,2017-01-21,823.2198024697424,833.2893051117553,6.783120228671437,4.409028148636434,2.3740920800350027,0.0,0.0,421.68067985483754,0.0,81.99294300324748,4.869729029106171,5.5,0.0,0.0,0.0,0.0,0.0,1,6,1,0,0,1
753,22,0.0,2.6592509999999994,10.615556999999999,0.4305717942632265,0.47890625,5.79625,1.3,4.0,2015-01-01,2017-01-22,823.7992336102488,833.8406286426157,6.782402436053879,4.408561583435021,2.3738408526188572,0.0,0.0,422.09458347893985,0.0,81.98426647575046,4.859914447814381,5.5,0.0,0.0,0.0,0.0,0.0,1,6,1,0,0,1
754,23,0.0,0.3104939999999994,8.934159,0.3635230440160137,0.8734635416666668,2.88,1.3,1.0,2015-01-01,2017-01-23,824.3774307476526,834.3906593810698,6.7816804693672115,4.4080923050886875,2.373588164278524,0.0,0.0,422.5077842941982,0.0,81.97553949297637,4.850109209175509,5.5,0.0,0.0,0.0,0.0,0.0,1,6,1,0,0,1
755,24,0.0,-0.2528610000000002,8.691483,0.3512813807840039,0.641701388888889,2.88,1.3,2.0,2015-01-01,2017-01-24,824.9543955794804,834.9393995245991,6.780954364514762,4.407620336934595,2.3733340275801664,0.0,0.0,422.92028233452504,0.0,81.96676248891715,4.840313361849342,5.5,0.0,0.0,0.0,0.0,0.0,1,6,1,0,0,1
756,25,0.0,1.177194,9.670853999999999,0.3890022016547007,0.9354427083333332,5.4245833333333335,1.3,4.0,2015-01-01,2017-01-25,825.5301298049329,835.4868512718372,6.780224157248814,4.4071457022117295,2.373078455037085,0.0,0.0,423.33207763995983,0.0,81.95793589573894,4.830526954129533,5.5,0.0,0.0,0.0,0.0,0.0,1,6,1,0,0,1
757,26,0.0,7.859451,13.042317,0.5879157425649308,0.9702690972222222,20.10375,1.3,7.0,2015-01-01,2017-01-26,826.1046351248667,836.0330168225337,6.7794946077089815,4.406671495010838,2.372823112698143,0.0,0.0,423.7431702566465,0.0,81.94911725301687,4.647808514020512,5.5,0.0,0.0,0.0,0.0,0.0,1,6,1,0,0,1
758,27,0.0,6.342726,8.240798999999999,0.4545800046632139,0.7593663194444444,14.452916666666663,1.3,7.0,2015-01-01,2017-01-27,826.5744944306814,836.5778983775169,6.778590243166262,4.40608365805807,2.3725065851081912,0.0,0.0,424.0604830203647,0.0,81.93818548298984,4.811948959117957,5.5,0.0,0.0,0.0,0.0,0.0,1,6,1,0,0,1
759,28,0.0,4.279979999999999,9.714189,0.443625831953569,1.048559027777778,19.40375,1.3,5.0,2015-01-01,2017-01-28,827.1467105402575,837.1214981386597,6.77784785502167,4.405601105764085,2.3722467492575845,0.0,0.0,424.4702706674343,0.0,81.92921164989036,4.7867743693290095,5.5,0.0,0.0,0.0,0.0,0.0,1,6,1,0,0,1
760,29,0.0,0.24115799999999954,6.854079,0.3316878222513268,0.5282899305555556,40.32,1.3,3.0,2015-01-01,2017-01-29,827.7023836459568,837.6638183088423,6.777101269250822,4.405115825013034,2.3719854442377875,0.0,0.0,424.8968624283141,0.0,81.92018707675994,4.792632388811356,5.5,0.0,0.0,0.0,0.0,0.0,1,6,1,0,0,1
761,30,0.0,-0.5735400000000004,7.2787619999999995,0.3261836732421746,0.5034027777777778,40.32,1.3,1.0,2015-01-01,2017-01-30,828.2721841332262,838.2048610919169,6.776350627393098,4.404627907805514,2.3717227195875843,0.0,0.0,425.3052475776293,0.0,81.91111347449707,4.7828894350067985,5.5,0.0,0.0,0.0,0.0,0.0,1,6,1,0,0,1
762,31,0.0,3.6299549999999994,9.670853999999999,0.4310376474348044,1.1166319444444444,39.61416666666666,1.3,6.0,2015-01-01,2017-01-31,828.8407634637692,838.7446286926734,6.775596096674369,4.4041374628383405,2.3714586338360286,0.0,0.0,425.71292998761294,0.0,81.90199286449321,4.773156222894644,5.5,0.0,0.0,0.0,0.0,0.0,1,6,1,0,0,1
763,32,0.0,2.8975934999999997,9.800858999999999,0.420358970847334,0.65671875,6.840833333333333,1.3,5.0,2015-01-01,2017-02-01,829.4081233518517,839.2831233168031,6.774837711737461,4.4036445126293495,2.371193199108111,0.0,0.0,426.11990974213677,0.0,81.89282566550362,4.763432798012908,5.5,0.0,0.0,0.0,0.0,0.0,1,6,1,0,0,1
764,33,0.0,-1.483575000000001,4.271312999999999,0.275223503371001,1.2607725694444445,8.64,1.3,4.0,2015-01-01,2017-02-02,829.9742655132379,839.8203471708641,6.77407550707455,4.403149079598458,2.3709264274760926,0.0,0.0,426.52618693099873,0.0,81.8836122944626,4.753719205540191,5.5,0.0,0.0,0.0,0.0,0.0,1,6,1,0,0,1
765,34,0.0,-2.0469300000000006,6.438063,0.2951579793467768,0.941953125,8.64,1.3,0.0,2015-01-01,2017-02-03,830.5391916651731,840.3563024622472,6.773309517022565,4.402651186064667,2.3706583309578972,0.0,0.0,426.9317616498994,0.0,81.87435316642765,4.744015490285886,5.5,0.0,0.0,0.0,0.0,0.0,1,6,1,0,0,1
766,35,0.0,-2.185602000000001,7.686111,0.3096891796227571,0.38390625,8.64,1.3,0.0,2015-01-01,2017-02-04,831.1029035263656,840.8909913991411,6.772539775762457,4.402150854245598,2.3703889215168594,0.0,0.0,427.3366340004176,0.0,81.8650486945711,4.7343216966879,5.5,0.0,0.0,0.0,0.0,0.0,1,6,1,0,0,1
767,36,0.0,-0.07952100000000062,8.388138,0.3493414706074711,0.6084809027777778,8.64,1.3,4.0,2015-01-01,2017-02-05,831.6654028169663,841.424416190498,6.7717663173220854,4.401648106259356,2.3701182110627297,0.0,0.0,427.7408040899859,0.0,81.85569929021459,4.724637868821231,5.5,0.0,0.0,0.0,0.0,0.0,1,6,1,0,0,1
768,37,0.0,3.4566149999999998,11.204913,0.4560475777876542,0.4611284722222222,8.64,1.3,1.0,2015-01-01,2017-02-06,832.2266912585519,841.9565790459994,6.770989175577862,4.401142964125611,2.369846211452251,0.0,0.0,428.1442720318668,0.0,81.8463053628491,4.714964050403949,5.5,0.0,0.0,0.0,0.0,0.0,1,6,1,0,0,1
769,38,0.0,1.5412079999999992,11.950275,0.4344675346567914,0.6156336805555556,8.64,1.3,0.0,2015-01-01,2017-02-07,832.7867705741063,842.4874821760231,6.77020838425208,4.400635449763852,2.369572934488228,0.0,0.0,428.54703794512886,0.0,81.83686732010268,4.705300284789825,5.5,0.0,0.0,0.0,0.0,0.0,1,6,1,0,0,1
770,39,0.0,3.3439439999999996,12.94698,0.4876755759712905,0.86515625,8.64,1.3,0.0,2015-01-01,2017-02-08,833.3456424880021,843.0171277916093,6.7694239769117655,4.400125584992647,2.3692983919191177,0.0,0.0,428.94910195462205,0.0,81.82738556772657,4.695646614966177,5.5,0.0,0.0,0.0,0.0,0.0,1,6,1,0,0,1
771,40,0.0,6.334059,11.326251,0.5157380723937639,0.4980555555555556,8.640416666666667,1.3,8.0,2015-01-01,2017-02-09,833.9033087259808,843.545518104426,6.768635986973512,4.3996133915327835,2.369022595440729,0.0,0.0,429.3504641909535,0.0,81.81786050965354,4.686003083568301,5.5,0.0,0.0,0.0,0.0,0.0,1,6,1,0,0,1
772,41,0.0,1.9391677499999997,10.615556999999999,0.4178457606909176,0.7581944444444444,11.28,1.3,2.0,2015-01-01,2017-02-10,834.4597710151367,844.0726553267377,6.767844447701047,4.399098891005681,2.368745556695366,0.0,0.0,429.75112479046345,0.0,81.80829254796865,4.676369732872705,5.5,0.0,0.0,0.0,0.0,0.0,1,6,1,0,0,1
773,42,0.0,0.8565149999999999,8.596146,0.3667428169710885,0.3503993055555556,11.28,1.3,7.0,2015-01-01,2017-02-11,835.0150310838974,844.5985416713713,6.767049392205466,4.398582104933554,2.368467287271913,0.0,0.0,430.15108389520105,0.0,81.79868208291184,4.6667466047989326,5.5,0.0,0.0,0.0,0.0,0.0,1,6,1,0,0,1
774,43,0.0,5.086010999999999,7.928787,0.4259376748396415,0.763828125,9.683333333333332,1.3,7.0,2015-01-01,2017-02-12,835.5690906620055,845.1231793516833,6.7662530974502175,4.398064513342642,2.3681885841075756,0.0,0.0,430.55034165290016,0.0,81.78905663794261,4.491091783521377,5.5,0.0,0.0,0.0,0.0,0.0,1,6,1,0,0,1
775,44,0.0,3.0044864999999996,5.892042,0.3581903246260113,0.6485763888888889,9.36,1.3,7.0,2015-01-01,2017-02-13,836.0226272918278,845.6465705815283,6.765282245090309,4.397433459308701,2.367848785781608,0.0,0.0,430.8595063152443,0.0,81.77732117704453,4.648415469221139,5.5,0.0,0.0,0.0,0.0,0.0,1,6,1,0,0,1
776,45,0.0,2.7632549999999996,8.050125,0.3884350202436276,0.5199913194444444,9.36,1.3,1.0,2015-01-01,2017-02-14,836.5744404055107,846.168717575225,6.764476519135597,4.396909737438138,2.367566781697459,0.0,0.0,431.2574535347054,0.0,81.76758172970263,4.638819871165773,5.5,0.0,0.0,0.0,0.0,0.0,1,6,1,0,0,1
777,46,0.0,4.1673089999999995,9.722856,0.4417171420405221,1.6480208333333333,9.014583333333333,1.3,4.0,2015-01-01,2017-02-15,837.1250576310525,846.6896225475255,6.763671062485489,4.396386190615568,2.3672848718699213,0.0,0.0,431.65469955393695,0.0,81.75784553765864,4.614578319031161,5.5,0.0,0.0,0.0,0.0,0.0,1,6,1,0,0,1
778,47,0.0,5.6652555,11.308917,0.501504018556995,0.6398871527777777,6.585416666666666,1.3,5.0,2015-01-01,2017-02-16,837.6598264158896,847.2092877135822,6.76285237545698,4.395854044047037,2.3669983314099428,0.0,0.0,432.06803741597525,0.0,81.74794941955913,4.619839072066884,5.5,0.0,0.0,0.0,0.0,0.0,1,6,1,0,0,1
779,48,0.0,0.6571739999999995,7.443434999999999,0.3462573315406501,1.0261631944444445,3.6,1.3,6.0,2015-01-01,2017-02-17,838.2080857536758,847.7277152889176,6.762036503703105,4.3953237274070185,2.3667127762960867,0.0,0.0,432.46388448648463,0.0,81.7380873319124,4.610274128809809,5.5,0.0,0.0,0.0,0.0,0.0,1,6,1,0,0,1
780,49,0.0,-2.4282779999999997,5.536695,0.279112089386643,0.98453125,3.6,1.3,2.0,2015-01-01,2017-02-18,838.7551543076903,848.2449074893909,6.761217345315599,4.394791274455139,2.3664260708604594,0.0,0.0,432.85903087890216,0.0,81.7281855161236,4.600719709755384,5.5,0.0,0.0,0.0,0.0,0.0,1,6,1,0,0,1
781,50,0.0,-2.237604,7.608108,0.3079541503426773,0.5346440972222222,3.6,1.3,0.0,2015-01-01,2017-02-19,839.3010338197668,848.7608665311682,6.760394932186774,4.3942567059214035,2.3661382262653703,0.0,0.0,433.2534767815007,0.0,81.7182443577004,4.591175853933105,5.5,0.0,0.0,0.0,0.0,0.0,1,6,1,0,0,1
782,51,0.0,1.0385219999999995,9.601517999999999,0.3856100686874451,0.4978298611111111,3.6,1.3,0.0,2015-01-01,2017-02-20,839.8457260328895,849.2755946306906,6.75956929605628,4.393720042436582,2.3658492536196976,0.0,0.0,433.64722238803597,0.0,81.70826424030504,4.581642600021414,5.5,0.0,0.0,0.0,0.0,0.0,1,6,1,0,0,1
783,52,0.0,1.4892059999999994,10.814898,0.4134951844438598,0.5193315972222222,3.6,1.3,0.0,2015-01-01,2017-02-21,840.3892326911731,849.789094004643,6.758740468519607,4.393181304537745,2.365559163981862,0.0,0.0,434.0402678977215,0.0,81.69824554585722,4.5721199863720345,5.5,0.0,0.0,0.0,0.0,0.0,1,6,1,0,0,1
784,53,0.0,1.9572239999999992,11.265582,0.429641422418403,0.4903819444444444,3.6,1.3,0.0,2015-01-01,2017-02-22,840.9315555398466,850.3013668699243,6.7579084810174805,4.392640512661362,2.365267968356118,0.0,0.0,434.4326135152053,0.0,81.68818865440586,4.562608050980787,5.5,0.0,0.0,0.0,0.0,0.0,1,6,1,0,0,1
785,54,0.0,3.6819569999999997,11.56026,0.4671050253655666,0.3921440972222222,3.6,1.3,2.0,2015-01-01,2017-02-23,841.4726963252344,850.8124154436164,6.7570733648487575,4.392097687151693,2.364975677697065,0.0,0.0,434.82425945054445,0.0,81.67809394428504,4.553106831523787,5.5,0.0,0.0,0.0,0.0,0.0,1,6,1,0,0,1
786,55,0.0,2.6505839999999994,13.579671000000001,0.4864641103770806,0.5525173611111112,3.6,1.3,0.0,2015-01-01,2017-02-24,842.0126567947399,851.3222419429537,6.756235151155526,4.3915528482510915,2.3646823029044337,0.0,0.0,435.2152059191823,0.0,81.66796179193378,4.5436163653174475,5.5,0.0,0.0,0.0,0.0,0.0,1,6,1,0,0,1
787,56,0.0,5.042675999999999,15.148398,0.5713706124967257,0.7314756944444444,3.6,1.3,0.0,2015-01-01,2017-02-25,842.5514386968249,851.8308485852929,6.755393870940179,4.391006016111117,2.3643878548290624,0.0,0.0,435.6054531419221,0.0,81.65779257210261,4.5341366893657735,5.5,0.0,0.0,0.0,0.0,0.0,1,6,1,0,0,1
788,57,0.0,2.550913499999999,16.318443,0.541689329489794,0.5363888888888888,3.6,1.3,0.0,2015-01-01,2017-02-26,843.0890437809959,852.3382375880838,6.7545495550538766,4.39045721078502,2.3640923442688564,0.0,0.0,435.99500134490467,0.0,81.64758665771387,4.524667840328551,5.5,0.0,0.0,0.0,0.0,0.0,1,6,1,0,0,1
789,58,0.0,2.4945779999999993,14.489705999999998,0.5017112400021139,0.4881857638888889,3.6,1.3,1.0,2015-01-01,2017-02-27,843.6254737977839,852.8444111688389,6.753702234196327,4.3899064522276126,2.3637957819687143,0.0,0.0,436.3838507595833,0.0,81.63734441985926,4.515209854522472,5.5,0.0,0.0,0.0,0.0,0.0,1,6,1,0,0,1
790,59,0.0,5.476025999999999,16.84713,0.6222777842904043,0.4936371527777778,3.6,1.3,0.0,2015-01-01,2017-02-28,844.1607304987264,853.3493715451034,6.752851938928788,4.389353760303712,2.3634981786250755,0.0,0.0,436.7720016226986,0.0,81.62706622795685,4.50576276795626,5.5,0.0,0.0,0.0,0.0,0.0,1,6,1,0,0,1
791,60,0.0,6.351393,16.812462,0.6434239650040806,0.6597395833333332,3.6,1.3,2.0,2015-01-01,2017-03-01,844.694815636352,853.8531209344276,6.752005162703666,4.388803355757383,2.363201806946283,0.0,0.0,437.1594541762558,0.0,81.61683057350548,4.336987208317958,5.5,0.0,0.0,0.0,0.0,0.0,1,6,1,0,0,1
792,61,0.0,9.402177,14.983725,0.6752907765868653,1.0369357638888885,3.6229166666666655,1.3,7.0,2015-01-01,2017-03-02,845.1323788868627,854.3556615543355,6.750971814125461,4.38813167918155,2.3628401349439114,0.0,0.0,437.460391429405,0.0,81.60433967135145,4.487710265082355,5.5,0.0,0.0,0.0,0.0,0.0,1,6,1,0,0,1
793,62,0.0,9.211503,13.891683,0.6418770355213512,0.588046875,5.608750000000001,1.3,3.0,2015-01-01,2017-03-03,845.664262495332,854.856995622298,6.75011359151809,4.3875738344867585,2.3625397570313313,0.0,0.0,437.8465319419753,0.0,81.59396565541806,4.464264400481019,5.5,0.0,0.0,0.0,0.0,0.0,1,6,1,0,0,1
794,63,0.0,8.821488,15.070395000000001,0.6622449042698837,0.35171875,5.074166666666667,1.3,4.0,2015-01-01,2017-03-04,846.1808927740663,855.357125355702,6.7492454865989195,4.387009566289298,2.362235920309622,0.0,0.0,438.2481503270012,0.0,81.58347218416017,4.469051534725236,5.5,0.0,0.0,0.0,0.0,0.0,1,6,1,0,0,1
795,64,0.0,5.380688999999999,12.799641000000001,0.5267622728218179,1.224930555555556,6.0,1.3,4.0,2015-01-01,2017-03-05,846.7104707889224,855.856052971824,6.748380405235741,4.386447263403232,2.3619331418325094,0.0,0.0,438.63289811940035,0.0,81.57301526101669,4.459655826441528,5.5,0.0,0.0,0.0,0.0,0.0,1,6,1,0,0,1
796,65,0.0,4.9112265,9.783525000000001,0.4566739249541163,0.5821180555555556,4.504166666666666,1.3,5.0,2015-01-01,2017-03-06,847.2388853855255,856.3537806877998,6.747512531550658,4.385883145507928,2.36162938604273,0.0,0.0,439.0169485852301,0.0,81.56252458486827,4.45027124260547,5.5,0.0,0.0,0.0,0.0,0.0,1,6,1,0,0,1
797,66,0.0,4.1413079999999995,12.825641999999998,0.5013560494921371,0.43008680555555556,3.6,1.3,1.0,2015-01-01,2017-03-07,847.7661383249916,856.8503107205979,6.746641895067234,4.385317231793702,2.361324663273532,0.0,0.0,439.40030199884643,0.0,81.5520005125895,4.440897816843494,5.5,0.0,0.0,0.0,0.0,0.0,1,6,1,0,0,1
798,67,0.0,4.808667,13.978352999999998,0.5398861834714468,0.3502256944444444,3.6,1.3,1.0,2015-01-01,2017-03-08,848.2922313692858,857.3456452869898,6.745768525166461,4.3847495413582,2.3610189838082616,0.0,0.0,439.78295863969134,0.0,81.54144339933177,4.431535582468337,5.5,0.0,0.0,0.0,0.0,0.0,1,6,1,0,0,1
799,68,0.0,4.461987,15.226401,0.5599171935146969,0.6129774305555555,3.6,1.3,1.0,2015-01-01,2017-03-09,848.8171662812059,857.8397866035243,6.744892451084832,4.384180093205141,2.360712357879691,0.0,0.0,440.1649187922703,0.0,81.5308535984997,4.422184572472295,5.5,0.0,0.0,0.0,0.0,0.0,1,6,1,0,0,1
800,69,0.0,3.6732899999999997,16.855797,0.5791877252095009,0.7099826388888889,3.6,1.3,0.0,2015-01-01,2017-03-10,849.3409448243655,858.332736886498,6.744013701914653,4.3836089062445245,2.3604047956701284,0.0,0.0,440.54618274612676,0.0,81.52023146175502,4.41284481953012,5.5,0.0,0.0,0.0,0.0,0.0,1,6,1,0,0,1
801,70,0.0,9.896196,16.084433999999998,0.7189613589494692,1.8469704861111111,5.90625,1.3,5.0,2015-01-01,2017-03-11,849.8635687631756,858.8244983519285,6.743132306604101,4.383035999292666,2.3600963073114354,0.0,0.0,440.9267507958184,0.0,81.50957733901726,4.403516355999549,5.5,0.0,0.0,0.0,0.0,0.0,1,6,1,0,0,1
802,71,0.0,9.04683,18.259851,0.7571475310050615,0.65765625,8.170833333333333,1.3,1.0,2015-01-01,2017-03-12,850.3850398628288,859.3150732155275,6.742248293963715,4.382461391076415,2.3597869028872998,0.0,0.0,441.3066232408927,0.0,81.49889157854214,4.394199213938284,5.5,0.0,0.0,0.0,0.0,0.0,1,6,1,0,0,1
803,72,0.0,9.454179,16.197105,0.7097441544076452,0.9559375,7.122916666666667,1.3,6.0,2015-01-01,2017-03-13,850.9053598892826,859.8044636926741,6.741361692650096,4.381885100222562,2.3594765924275336,0.0,0.0,441.6858003858638,0.0,81.48817452672475,4.3848934250613505,5.5,0.0,0.0,0.0,0.0,0.0,1,6,1,0,0,1
804,73,0.0,8.734818,16.023765,0.685281614422998,1.0815190972222224,3.80375,1.3,4.0,2015-01-01,2017-03-14,851.4245306092406,860.2926719983857,6.740472531188582,4.3813071452725785,2.3591653859160036,0.0,0.0,442.0642825401857,0.0,81.47742652837344,4.375599020802317,5.5,0.0,0.0,0.0,0.0,0.0,1,6,1,0,0,1
805,74,0.0,7.339430999999999,18.025842,0.7018242840582439,0.4109201388888889,4.32,1.3,1.0,2015-01-01,2017-03-15,851.9425537901368,860.7797003472942,6.739580837958359,4.380727544672934,2.358853293285425,0.0,0.0,442.4420700182308,0.0,81.46664792652984,4.366316032273777,5.5,0.0,0.0,0.0,0.0,0.0,1,6,1,0,0,1
806,75,0.0,10.199541,17.904504,0.780958281509898,1.248376736111111,8.278333333333332,1.3,6.0,2015-01-01,2017-03-16,852.4594312001193,861.265550953618,6.738686641195908,4.38014631677734,2.3585403244185676,0.0,0.0,442.8191631392648,0.0,81.45583906251069,4.357044490276838,5.5,0.0,0.0,0.0,0.0,0.0,1,6,1,0,0,1
807,76,0.0,9.731523,16.517784,0.7265585134791882,0.4640885416666667,3.905,1.3,1.0,2015-01-01,2017-03-17,852.9751646080322,861.7502260311358,6.737791152785945,4.379564249310865,2.3582269034750807,0.0,0.0,443.195562227422,0.0,81.44501458532572,4.194527069805733,5.5,0.0,0.0,0.0,0.0,0.0,1,6,1,0,0,1
808,77,0.0,9.566849999999999,17.063805,0.7374628451825166,0.9588454861111112,2.4000000000000004,1.3,6.0,2015-01-01,2017-03-18,853.3980225190498,862.2337277931599,6.736717200015504,4.378866180010078,2.357851020005426,0.0,0.0,443.4887076081339,0.0,81.43203286816217,4.339279308581892,5.5,0.0,0.0,0.0,0.0,0.0,1,6,1,0,0,1
809,78,0.0,11.430254999999999,17.081139,0.7933747046338451,0.8436631944444444,6.483333333333333,1.3,8.0,2015-01-01,2017-03-19,853.9115983535999,862.716058452512,6.735815409770282,4.378280016350684,2.3575353934195986,0.0,0.0,443.8637966524101,0.0,81.42113221570655,4.316616332081703,5.5,0.0,0.0,0.0,0.0,0.0,1,6,1,0,0,1
810,79,0.0,9.514848,16.769127,0.7275439189539374,0.6585937500000001,3.7066666666666666,1.3,3.0,2015-01-01,2017-03-20,854.4104985474742,863.1972202214952,6.734904390840273,4.377687854046178,2.3572165367940956,0.0,0.0,444.2537680020556,0.0,81.41012000883349,4.320962619039674,5.5,0.0,0.0,0.0,0.0,0.0,1,6,1,0,0,1
811,80,0.0,8.23429875,13.813680000000002,0.6154905208622456,0.8658333333333335,6.417083333333334,1.3,5.0,2015-01-01,2017-03-21,854.921821951521,863.6772153118702,6.733997762307865,4.377098545500113,2.3568992168077525,0.0,0.0,444.6274733020946,0.0,81.39916087217117,4.311745442763504,5.5,0.0,0.0,0.0,0.0,0.0,1,6,1,0,0,1
812,81,0.0,7.642776,13.440999000000001,0.59222024383953,0.8851388888888888,5.580416666666667,1.3,6.0,2015-01-01,2017-03-22,855.4320096350187,864.1560459348289,6.733088798329332,4.376507718914066,2.3565810794152657,0.0,0.0,445.0004859840999,0.0,81.38817350512305,4.3025399058825045,5.5,0.0,0.0,0.0,0.0,0.0,1,6,1,0,0,1
813,82,0.0,8.69942775,11.47359,0.5709556617089824,0.9811892361111112,18.034166666666668,1.3,8.0,2015-01-01,2017-03-23,855.9410633733225,864.6337143009689,6.732177526154883,4.375915392000675,2.356262134154209,0.0,0.0,445.3728064020597,0.0,81.377158237084,4.2933460370133405,5.5,0.0,0.0,0.0,0.0,0.0,1,6,1,0,0,1
814,83,0.0,3.86324175,9.982866000000001,0.4409107898990027,1.0595659722222222,9.777916666666666,1.3,6.0,2015-01-01,2017-03-24,856.4489849423514,865.11022262027,6.731263972886786,4.375321582376411,2.355942390510375,0.0,0.0,445.7444349146574,0.0,81.36611539566053,4.2841638644507505,5.5,0.0,0.0,0.0,0.0,0.0,1,6,1,0,0,1
815,84,0.0,3.7426259999999996,11.629596,0.4696127661746029,0.8408506944444444,5.5200000000000005,1.3,4.0,2015-01-01,2017-03-25,856.9557761185719,865.5855731020674,6.730348165496116,4.374726307572475,2.3556218579236403,0.0,0.0,446.1153718852454,0.0,81.3550453068734,4.274993416212652,5.5,0.0,0.0,0.0,0.0,0.0,1,6,1,0,0,1
816,85,0.0,4.9646729999999994,16.205772,0.594279752332533,0.569435763888889,3.8050000000000006,1.3,1.0,2015-01-01,2017-03-26,857.461438678981,866.0597679550283,6.7294301308094,4.37412958502611,2.3553005457832894,0.0,0.0,446.48561768182276,0.0,81.34394829499607,4.265834720004919,5.5,0.0,0.0,0.0,0.0,0.0,1,6,1,0,0,1
817,86,0.0,9.280839,18.762537,0.7791237257579612,0.5826909722222222,2.5454166666666667,1.3,1.0,2015-01-01,2017-03-27,857.9659744010897,866.5328093871262,6.728509895521199,4.37353143208878,2.3549784634324196,0.0,0.0,446.85517267701016,0.0,81.33282468270683,4.256687803255427,5.5,0.0,0.0,0.0,0.0,0.0,1,6,1,0,0,1
818,87,0.0,11.464922999999999,19.386561,0.8681233185747671,0.3894444444444444,2.4000000000000004,1.3,5.0,2015-01-01,2017-03-28,858.4693850629081,867.004699605618,6.727587486187552,4.372931866021909,2.354655620165643,0.0,0.0,447.22403724802666,0.0,81.32167479100956,4.2475526930966065,5.5,0.0,0.0,0.0,0.0,0.0,1,6,1,0,0,1
819,88,0.0,10.31871225,19.681239,0.8402364278199123,0.8216493055555555,3.1429166666666664,1.3,1.0,2015-01-01,2017-03-29,858.9716724429279,867.475440817019,6.726662929224004,4.372330903995603,2.354332025228401,0.0,0.0,447.5922117766657,0.0,81.3104989392098,4.238429416360593,5.5,0.0,0.0,0.0,0.0,0.0,1,6,1,0,0,1
820,89,0.0,9.922197,20.521938000000002,0.8546831737949011,0.7598003472222222,3.21625,1.3,3.0,2015-01-01,2017-03-30,859.4728383201062,867.9450352270785,6.725736250910698,4.371728563091954,2.354007687818744,0.0,0.0,447.9596966492702,0.0,81.29929744497652,4.229317999593587,5.5,0.0,0.0,0.0,0.0,0.0,1,6,1,0,0,1
821,90,0.0,12.237730500000001,21.475308,0.967887155182892,0.4555815972222222,5.19375,1.3,5.0,2015-01-01,2017-03-31,859.9728844738493,868.4134850407563,6.724807477396311,4.371124860307602,2.3536826170887086,0.0,0.0,448.32649225670957,0.0,81.2880706243894,4.220218469065753,5.5,0.0,0.0,0.0,0.0,0.0,1,6,1,0,0,1
822,91,0.0,11.681598000000001,19.863246,0.8914275990688137,0.4850607638888888,13.885416666666666,1.3,5.0,2015-01-01,2017-04-01,860.4718126839971,868.8807924621997,6.723876634685498,4.370519812545574,2.353356822139924,0.0,0.0,448.6925989943559,0.0,81.27681879178732,4.211130850739192,5.5,0.0,0.0,0.0,0.0,0.0,1,6,1,0,0,1
823,92,0.0,8.352747749999999,17.783166,0.7233436147582742,0.7865711805555555,8.854166666666666,1.3,6.0,2015-01-01,2017-04-02,860.9696247308063,869.3469596947186,6.7229447519185435,4.369914088747054,2.3530306631714897,0.0,0.0,449.05801726205885,0.0,81.2655543872035,4.054706092993337,5.5,0.0,0.0,0.0,0.0,0.0,1,6,1,0,0,1
824,93,0.0,4.98417375,10.814898,0.4779303214052579,1.0621440972222222,8.253333333333334,1.3,7.0,2015-01-01,2017-04-03,861.3781003981707,869.8119889407635,6.721833137714073,4.369191539514148,2.3526415981999254,0.0,0.0,449.34334761292166,0.0,81.25211742647805,4.19367452232104,5.5,0.0,0.0,0.0,0.0,0.0,1,6,1,0,0,1
825,94,0.0,4.713329999999999,13.276326,0.5226961615820187,1.270859375,4.800000000000001,1.3,2.0,2015-01-01,2017-04-04,861.8738002585519,870.2758824019022,6.720896072130234,4.368582446884652,2.3523136252455816,0.0,0.0,449.7074609153294,0.0,81.24079037308431,4.171780381567652,5.5,0.0,0.0,0.0,0.0,0.0,1,6,1,0,0,1
826,95,0.0,5.094678,19.499232,0.6808511242997444,0.6609288194444445,4.800000000000001,1.3,0.0,2015-01-01,2017-04-05,862.3553848066211,870.7386422787954,6.719948340778143,4.367966421505793,2.35198191927235,0.0,0.0,450.08587926556805,0.0,81.22933439410788,4.175717048971763,5.5,0.0,0.0,0.0,0.0,0.0,1,6,1,0,0,1
827,96,0.0,8.578812,20.409267,0.8081247162854136,0.8828819444444445,4.800000000000001,1.3,0.0,2015-01-01,2017-04-06,862.8488860841129,871.2002707711756,6.718900346659112,4.3672852253284224,2.351615121330689,0.0,0.0,450.44862033574896,0.0,81.21666645971004,4.166392366639548,5.5,0.0,0.0,0.0,0.0,0.0,1,6,1,0,0,1
828,97,0.0,11.412921,19.79391,0.8799990005894324,0.652951388888889,6.295,1.3,3.0,2015-01-01,2017-04-07,863.3412448238813,871.6607700778236,6.717798390852821,4.366568954054334,2.351229436798487,0.0,0.0,450.810659189185,0.0,81.20334624768796,4.1569371662252115,5.5,0.0,0.0,0.0,0.0,0.0,1,6,1,0,0,1
829,98,0.0,11.950275,22.619352,0.999644815647306,0.6291753472222222,7.680000000000001,1.3,4.0,2015-01-01,2017-04-08,863.8324459667916,872.1201423965458,6.716695387317075,4.365852001756099,2.3508433855609763,0.0,0.0,451.17198863920584,0.0,81.19001337093064,4.147497159426283,5.5,0.0,0.0,0.0,0.0,0.0,1,6,1,0,0,1
830,99,0.0,15.105063000000001,19.932582,1.017379782794057,0.8116666666666666,5.5375,1.3,6.0,2015-01-01,2017-04-09,864.3224916857881,872.5783899241528,6.715591358275596,4.365134382879138,2.350456975396458,0.0,0.0,451.53260920068857,0.0,81.17666809807386,4.138072355096845,5.5,0.0,0.0,0.0,0.0,0.0,1,6,1,0,0,1
831,100,0.0,15.096396000000002,24.04074,1.1849093667153283,0.9796961805555555,5.072916666666667,1.3,7.0,2015-01-01,2017-04-10,864.8113841518759,873.0355148564361,6.714486325818069,4.364416111781745,2.3500702140363243,0.0,0.0,451.89252139302937,0.0,81.16331069613314,4.12866276186272,5.5,0.0,0.0,0.0,0.0,0.0,1,6,1,0,0,1
832,101,0.0,15.269735999999998,23.711394,1.178117068374745,0.7233854166666666,4.196666666666667,1.3,6.0,2015-01-01,2017-04-11,865.2991255341174,873.4915193881466,6.713380311901698,4.363697202736104,2.349683109165594,0.0,0.0,452.2517257401155,0.0,81.14994143052249,4.119268388126809,5.5,0.0,0.0,0.0,0.0,0.0,1,6,1,0,0,1
833,102,0.0,13.701008999999999,21.223965,1.013085211050845,0.4017361111111111,6.777916666666667,1.3,8.0,2015-01-01,2017-04-12,865.7857179996313,873.9464057129737,6.7122733383428965,4.362977669922883,2.3492956684200132,0.0,0.0,452.6102227702974,0.0,81.13656056495432,4.109889242044898,5.5,0.0,0.0,0.0,0.0,0.0,1,6,1,0,0,1
834,103,0.0,13.55367,23.971404,1.1163495496985585,1.2301041666666666,5.308333333333334,1.3,7.0,2015-01-01,2017-04-13,866.2711637135849,874.4001760235221,6.711165426825323,4.36225752743646,2.348907899388863,0.0,0.0,452.968013016359,0.0,81.12316836153602,4.100525331548944,5.5,0.0,0.0,0.0,0.0,0.0,1,6,1,0,0,1
835,104,0.0,18.459192,25.990814999999998,1.4376887979669983,1.5979774305555554,5.50625,1.3,8.0,2015-01-01,2017-04-14,866.7554648391921,874.8528325112907,6.710056598900959,4.361536789285624,2.3485198096153357,0.0,0.0,453.32509701548986,0.0,81.10976508078353,4.091176664349252,5.5,0.0,0.0,0.0,0.0,0.0,1,6,1,0,0,1
836,105,0.0,15.721864500000002,20.452602,1.0616128082038434,0.9096180555555557,7.896249999999999,1.3,8.0,2015-01-01,2017-04-15,867.2386235377099,875.3043773666516,6.708946875987544,4.360815469391904,2.3481314065956402,0.0,0.0,453.68147530925694,0.0,81.09635098158999,4.0818432479279005,5.5,0.0,0.0,0.0,0.0,0.0,1,6,1,0,0,1
837,106,0.0,13.35938475,21.735318,1.0195606851322672,0.8380121527777779,5.768750000000001,1.3,3.0,2015-01-01,2017-04-16,867.7206419684346,875.7548127788295,6.70783627936612,4.360093581587978,2.3477426977781417,0.0,0.0,454.0371484435767,0.0,81.08292632119621,4.072525089531452,5.5,0.0,0.0,0.0,0.0,0.0,1,6,1,0,0,1
838,107,0.0,12.296955,23.590056,1.050271673932511,0.4521006944444445,7.92,1.3,0.0,2015-01-01,2017-04-17,868.201522288696,876.2041409358792,6.706724830190947,4.359371139624115,2.3473536905668313,0.0,0.0,454.3921169686856,0.0,81.06949135531052,4.063222196198513,5.5,0.0,0.0,0.0,0.0,0.0,1,6,1,0,0,1
839,108,0.0,16.188438,25.297455,1.2914001915827835,0.5546527777777778,7.92,1.3,1.0,2015-01-01,2017-04-18,868.6812666538558,876.6523640246658,6.705615773464176,4.358650252751715,2.3469655207124616,0.0,0.0,454.7463814391134,0.0,81.05608530884223,3.912500420027665,5.5,0.0,0.0,0.0,0.0,0.0,1,6,1,0,0,1
840,109,0.0,12.972981,23.044035,1.0553875967354398,1.3819270833333333,4.23375,1.3,2.0,2015-01-01,2017-04-19,869.0751703030974,877.0994842308435,6.704322499718354,4.35780962481693,2.346512874901424,0.0,0.0,455.02370602199267,0.0,81.040452485458,4.0452881386485835,5.5,0.0,0.0,0.0,0.0,0.0,1,6,1,0,0,1
841,110,0.0,11.698932,23.676726,1.030359502341478,0.9134722222222222,4.74875,1.3,1.0,2015-01-01,2017-04-20,869.5527542575676,877.5455037388358,6.703208977472256,4.357085835356966,2.3461231421152893,0.0,0.0,455.3766289797619,0.0,81.02699246072315,4.023767718609351,5.5,0.0,0.0,0.0,0.0,0.0,1,6,1,0,0,1
842,111,0.0,14.593710000000002,24.378753,1.17774072106312,0.6387413194444445,6.48,1.3,0.0,2015-01-01,2017-04-21,870.0167380377915,877.9904247318143,6.702083509090026,4.356354280908517,2.3457292281815088,0.0,0.0,455.74325384650126,0.0,81.01338803358564,4.026912320487203,5.5,0.0,0.0,0.0,0.0,0.0,1,6,1,0,0,1
843,112,0.0,14.845053,28.677585,1.3904361470351492,0.4509461805555556,6.48,1.3,0.0,2015-01-01,2017-04-22,870.4920846308543,878.4342493916783,6.700967884467655,4.355629124903976,2.345338759563679,0.0,0.0,456.0947743950976,0.0,80.9999025957648,4.017683232784556,5.5,0.0,0.0,0.0,0.0,0.0,1,6,1,0,0,1
844,113,0.0,17.401818,28.252902,1.5011673621690091,1.7420833333333332,6.48,1.3,3.0,2015-01-01,2017-04-23,870.966305557806,878.8769798990359,6.699851532328475,4.354903496013509,2.344948036314966,0.0,0.0,456.4455935073354,0.0,80.98640836387246,4.008469458120045,5.5,0.0,0.0,0.0,0.0,0.0,1,6,1,0,0,1
845,114,0.0,17.51810025,26.484834,1.4147363786184717,0.7989409722222222,7.615833333333334,1.3,6.0,2015-01-01,2017-04-24,871.4394029641364,879.3186184331826,6.698734472908335,4.354177407390417,2.344557065517917,0.0,0.0,456.79571176374253,0.0,80.97290558251534,3.999271001952086,5.5,0.0,0.0,0.0,0.0,0.0,1,6,1,0,0,1
846,115,0.0,11.25474825,24.621429,1.0498463307357189,0.9230381944444443,11.88125,1.3,4.0,2015-01-01,2017-04-25,871.9113789933272,879.7591671720829,6.697616726313285,4.353450872103635,2.3441658542096495,0.0,0.0,457.14512974894,0.0,80.95939449473119,3.9900878695237254,5.5,0.0,0.0,0.0,0.0,0.0,1,6,1,0,0,1
847,116,0.0,9.982866000000001,19.62057,0.8275218363256516,1.4623263888888889,5.567916666666666,1.3,3.0,2015-01-01,2017-04-26,872.3822357868471,880.1986282923499,6.696498312519809,4.352723903137876,2.343774409381933,0.0,0.0,457.4938480516142,0.0,80.94587534199158,3.9809200658609205,5.5,0.0,0.0,0.0,0.0,0.0,1,6,1,0,0,1
848,117,0.0,10.390215,20.981289,0.8855505959224266,0.840703125,4.891666666666666,1.3,6.0,2015-01-01,2017-04-27,872.8519754841487,880.6370039692251,6.6953792513843355,4.351996513399818,2.343382737984517,0.0,0.0,457.8418672644884,0.0,80.93234836431688,3.9717675958000918,5.5,0.0,0.0,0.0,0.0,0.0,1,6,1,0,0,1
849,118,0.0,14.463705000000001,23.070035999999998,1.1167086439106102,1.5304427083333332,6.088749999999999,1.3,5.0,2015-01-01,2017-04-28,873.3206002226643,881.0742963765615,6.694259562627738,4.35126871570803,2.342990846919708,0.0,0.0,458.1891879842974,0.0,80.91881380008891,3.962630463944499,5.5,0.0,0.0,0.0,0.0,0.0,1,6,1,0,0,1
850,119,0.0,15.642416999999998,23.044035,1.1653802222762062,1.6599131944444445,7.980416666666666,1.3,6.0,2015-01-01,2017-04-29,873.7881121378012,881.5105076868017,6.693139265851334,4.350540522803367,2.342598743047967,0.0,0.0,458.53581081175764,0.0,80.90527188624426,3.9535086747090378,5.5,0.0,0.0,0.0,0.0,0.0,1,6,1,0,0,1
851,120,0.0,16.526450999999998,24.612762,1.275173189157352,0.5783072916666667,2.9408333333333334,1.3,4.0,2015-01-01,2017-04-30,874.254513362939,881.9456400709605,6.692018380525976,4.349811947341885,2.3422064331840913,0.0,0.0,458.88173635154135,0.0,80.8917228581426,3.9444022322891987,5.5,0.0,0.0,0.0,0.0,0.0,1,6,1,0,0,1
852,121,0.0,16.725792,26.571504,1.3791615845395746,0.4781597222222222,2.64,1.3,5.0,2015-01-01,2017-05-01,874.7198060294234,882.3796956986055,6.690896926003335,4.349083001902168,2.341813924101167,0.0,0.0,459.2269652122483,0.0,80.87816694970283,3.9353111406924084,5.5,0.0,0.0,0.0,0.0,0.0,1,6,1,0,0,1
853,122,0.0,16.665123,26.259492,1.3606907271119504,0.797751736111111,2.64,1.3,7.0,2015-01-01,2017-05-02,875.1839922665646,882.812676737839,6.689774921503283,4.348353698977134,2.341421222526149,0.0,0.0,459.57149800637956,0.0,80.86460439325084,3.926235403703351,5.5,0.0,0.0,0.0,0.0,0.0,1,6,1,0,0,1
854,123,0.0,16.959801,23.43405,1.240888606861564,0.8394531249999999,5.026666666666667,1.3,3.0,2015-01-01,2017-05-03,875.6470742016313,883.2445853552781,6.688652413692532,4.347624068900146,2.341028344792386,0.0,0.0,459.91533535030896,0.0,80.85103575288402,3.925474809968534,5.5,0.0,0.0,0.0,0.0,0.0,1,6,1,0,0,1
855,124,0.0,16.491783,22.411344,1.1747337337607389,0.9459722222222222,7.470000000000001,1.3,6.0,2015-01-01,2017-05-04,876.1098656566963,883.6754237160378,6.687550250796466,4.346907663017703,2.340642587778763,0.0,0.0,460.2592083900165,0.0,80.83771303760395,3.7641944089398836,5.5,0.0,0.0,0.0,0.0,0.0,1,6,1,0,0,1
856,125,0.0,15.56946975,23.815398000000002,1.1957658115511312,0.82734375,9.704583333333334,1.3,5.0,2015-01-01,2017-05-05,876.488652796426,884.1051939837123,6.686228391070488,4.3460484541958175,2.3401799368746707,0.0,0.0,460.527772685417,0.0,80.82173467285193,3.899673513041964,5.5,0.0,0.0,0.0,0.0,0.0,1,6,1,0,0,1
857,126,0.0,15.538413000000002,23.269377,1.170610113773222,0.7156770833333334,5.803333333333334,1.3,5.0,2015-01-01,2017-05-06,876.9485306270826,884.5338983203555,6.685104917437197,4.345318196334178,2.3397867211030188,0.0,0.0,460.8695869485201,0.0,80.80815435782365,3.8789497289004036,5.5,0.0,0.0,0.0,0.0,0.0,1,6,1,0,0,1
858,127,0.0,17.133141000000002,25.271454,1.3352794236245595,0.6614670138888888,2.88,1.3,3.0,2015-01-01,2017-05-07,877.3953575277715,884.9615388864659,6.683968146313861,4.344579295104009,2.339388851209851,0.0,0.0,461.2245419816126,0.0,80.7944133055083,3.8817730143422766,5.5,0.0,0.0,0.0,0.0,0.0,1,6,1,0,0,1
859,128,0.0,17.88717,26.90085,1.4552577810389853,0.9911545138888886,4.369583333333334,1.3,3.0,2015-01-01,2017-05-08,877.8530636856193,885.3881178409654,6.682843033733047,4.343847971926481,2.338995061806566,0.0,0.0,461.5649726319641,0.0,80.78081317922407,3.8727870945490053,5.5,0.0,0.0,0.0,0.0,0.0,1,6,1,0,0,1
860,129,0.0,17.38809525,28.824924,1.5314070656494854,0.6114409722222222,6.0,1.3,0.0,2015-01-01,2017-05-09,878.3096778475111,885.8136373411842,6.681717503088777,4.343116377007705,2.338601126081072,0.0,0.0,461.90471141178256,0.0,80.767207999476,3.8638165597169665,5.5,0.0,0.0,0.0,0.0,0.0,1,6,1,0,0,1
861,130,0.0,16.985802,28.920260999999996,1.5147158448628213,0.588046875,6.0,1.3,1.0,2015-01-01,2017-05-10,878.7652021281169,886.2380995428423,6.680591572619633,4.342384522202762,2.3382070504168717,0.0,0.0,462.2437589645457,0.0,80.75359798672818,3.854861412010713,5.5,0.0,0.0,0.0,0.0,0.0,1,6,1,0,0,1
862,131,0.0,17.332482000000002,30.792333,1.6390304720928015,0.5299913194444444,6.0,1.3,1.0,2015-01-01,2017-05-11,879.2196386400225,886.6615066000315,6.679465260451742,4.3416524192936325,2.33781284115811,0.0,0.0,462.5821159373853,0.0,80.73998336008552,3.8459216534236598,5.5,0.0,0.0,0.0,0.0,0.0,1,6,1,0,0,1
863,132,0.0,16.959801,29.214939,1.5293168338435716,0.8053559027777778,5.003333333333334,1.3,6.0,2015-01-01,2017-05-12,879.6729894937266,887.0838606651996,6.67833858458466,4.340920079980029,2.337418504604631,0.0,0.0,462.91978298106187,0.0,80.72636433712285,3.836997285739848,5.5,0.0,0.0,0.0,0.0,0.0,1,6,1,0,0,1
864,133,0.0,16.387779,28.044894,1.436792848398711,0.8200260416666666,6.120416666666667,1.3,2.0,2015-01-01,2017-05-13,880.1252567976354,887.5051638891321,6.677211562902903,4.340187515886887,2.3370240470160155,0.0,0.0,463.2567607499369,0.0,80.7127411340245,3.8280883105647963,5.5,0.0,0.0,0.0,0.0,0.0,1,6,1,0,0,1
865,134,0.0,16.578453,29.561619,1.527425946841789,0.4991493055555556,6.720000000000001,1.3,1.0,2015-01-01,2017-05-14,880.5764426580594,887.9254184209356,6.676084213169896,4.339454738560433,2.336629474609463,0.0,0.0,463.5930499019472,0.0,80.69911396551102,3.8191947293086326,5.5,0.0,0.0,0.0,0.0,0.0,1,6,1,0,0,1
866,135,0.0,19.386561,29.769627,1.6997906116439148,0.4997743055555556,6.720000000000001,1.3,0.0,2015-01-01,2017-05-15,881.0265491792076,888.3446264080205,6.674956553033509,4.338721759471781,2.336234793561728,0.0,0.0,463.9286510985777,0.0,80.68548304490623,3.810316543201883,5.5,0.0,0.0,0.0,0.0,0.0,1,6,1,0,0,1
867,136,0.0,18.008508,30.610326,1.667893006127946,1.0174305555555554,6.720000000000001,1.3,0.0,2015-01-01,2017-05-16,881.4755784631855,888.7627899960855,6.673828600024352,4.337988590015829,2.335840010008523,0.0,0.0,464.2635650048359,0.0,80.67184858411643,3.8014537532895556,5.5,0.0,0.0,0.0,0.0,0.0,1,6,1,0,0,1
868,137,0.0,15.96381825,28.980929999999997,1.4634676146778571,1.5541666666666667,6.720000000000001,1.3,0.0,2015-01-01,2017-05-17,881.9235326099899,889.1799113291002,6.672700371554249,4.337255241510262,2.335445130043987,0.0,0.0,464.59779228922594,0.0,80.6582107936122,3.7926063604277283,5.5,0.0,0.0,0.0,0.0,0.0,1,6,1,0,0,1
869,138,0.0,15.737753999999999,29.67429,1.4881867507384683,0.6753472222222222,6.720000000000001,1.3,1.0,2015-01-01,2017-05-18,882.3704137175052,889.5959925492887,6.671571884917919,4.336521725196647,2.335050159721271,0.0,0.0,464.93133362372123,0.0,80.64456988244841,3.7837743652872557,5.5,0.0,0.0,0.0,0.0,0.0,1,6,1,0,0,1
870,139,0.0,19.265223,31.919043,1.8250302238086944,0.6563454861111111,6.720000000000001,1.3,1.0,2015-01-01,2017-05-19,882.8162238814978,890.0110357971128,6.6704432537758365,4.335788114954294,2.3346551388215424,0.0,0.0,465.26418968373895,0.0,80.63092722452923,3.7829634869204054,5.5,0.0,0.0,0.0,0.0,0.0,1,6,1,0,0,1
871,140,0.0,22.567349999999998,33.028419,2.125591192000625,1.1910416666666666,6.720000000000001,1.3,2.0,2015-01-01,2017-05-20,883.2617481373745,890.4250432112574,6.669333755599479,4.335066941139662,2.3342668144598173,0.0,0.0,465.59706579092085,0.0,80.61751584191042,3.6280526499311496,5.5,0.0,0.0,0.0,0.0,0.0,1,6,1,0,0,1
872,141,0.0,17.592492,30.185643,1.6190375722717614,1.5292708333333334,4.7995833333333335,1.3,2.0,2015-01-01,2017-05-21,883.6266578390076,890.8380169286133,6.6680078039894815,4.334205072593163,2.333802731396318,0.0,0.0,465.85766434073844,0.0,80.60148801531754,3.7578954843573085,5.5,0.0,0.0,0.0,0.0,0.0,1,6,1,0,0,1
873,142,0.0,16.994469,28.053561,1.4688999012409358,1.0178038194444445,4.08,1.3,0.0,2015-01-01,2017-05-22,884.0693555578433,891.2499590842617,6.6668789406356055,4.333471311413144,2.333407629222462,0.0,0.0,466.18852324507293,0.0,80.58784255047063,3.7379438976503727,5.5,0.0,0.0,0.0,0.0,0.0,1,6,1,0,0,1
874,143,0.0,18.771204,30.020970000000002,1.678124925589353,0.5890364583333334,4.08,1.3,2.0,2015-01-01,2017-05-23,884.4995316445044,891.6608718114578,6.665736064366096,4.332728441837963,2.3330076225281333,0.0,0.0,466.53198202406327,0.0,80.57402770042131,3.7404733177604657,5.5,0.0,0.0,0.0,0.0,0.0,1,6,1,0,0,1
875,144,0.0,20.438879250000003,31.477026000000002,1.8721481898720576,1.2701128472222225,4.08,1.3,1.0,2015-01-01,2017-05-24,884.9401226055083,892.0707572416163,6.664606199021867,4.331994029364213,2.332612169657653,0.0,0.0,466.8614780859069,0.0,80.56037012372387,3.7317315508658826,5.5,0.0,0.0,0.0,0.0,0.0,1,6,1,0,0,1
876,145,0.0,19.499232,30.514989,1.7518290905210177,0.995095486111111,4.08,1.3,0.0,2015-01-01,2017-05-25,885.3796547779256,892.4796175042957,6.6634761940798555,4.331259526151906,2.3322166679279492,0.0,0.0,467.1902928158359,0.0,80.54671085959762,3.723005189815899,5.5,0.0,0.0,0.0,0.0,0.0,1,6,1,0,0,1
877,146,0.0,20.105922,31.399023,1.8455531292173628,0.6167274305555556,4.08,1.3,0.0,2015-01-01,2017-05-26,885.8181302441909,892.8874547271819,6.662346065921701,4.330524942849106,2.3318211230725954,0.0,0.0,467.5184269133196,0.0,80.53305010606032,3.7142942338305382,5.5,0.0,0.0,0.0,0.0,0.0,1,6,1,0,0,1
878,147,0.0,21.475308,32.690406,2.023754253453255,0.5313454861111111,4.08,1.3,0.0,2015-01-01,2017-05-27,886.2555510845823,893.2942710360744,6.661215830814656,4.329790290029527,2.331425540785129,0.0,0.0,467.84588108106266,0.0,80.51938805974709,3.705598681950958,5.5,0.0,0.0,0.0,0.0,0.0,1,6,1,0,0,1
879,148,0.0,20.8325055,32.759742,1.984127989641543,1.1693315972222222,4.08,1.3,2.0,2015-01-01,2017-05-28,886.6919193772137,893.7000685548705,6.660085504916228,4.329055578195549,2.3310299267206798,0.0,0.0,468.1726560249786,0.0,80.50572491596658,3.6969185330510923,5.5,0.0,0.0,0.0,0.0,0.0,1,6,1,0,0,1
880,149,0.0,18.433191,30.896337,1.7101932047000576,1.716892361111111,4.08,1.3,0.0,2015-01-01,2017-05-29,887.1272371980323,894.1048494055503,6.658955104269089,4.328320817774908,2.330634286494181,0.0,0.0,468.49875245416507,0.0,80.49206086863919,3.688253785824742,5.5,0.0,0.0,0.0,0.0,0.0,1,6,1,0,0,1
881,150,0.0,18.398523,32.5344,1.809084254185028,0.7921961805555555,4.08,1.3,0.0,2015-01-01,2017-05-30,887.5615066208132,894.5086157081621,6.657824644813419,4.327586019128723,2.3302386256846965,0.0,0.0,468.82417108087776,0.0,80.47839611044661,3.679604438817511,5.5,0.0,0.0,0.0,0.0,0.0,1,6,1,0,0,1
882,151,0.0,20.383266,33.479103,2.0027081232525576,0.8055381944444444,4.08,1.3,0.0,2015-01-01,2017-05-31,887.9947297171578,894.9113695808082,6.656694142370322,4.326851192540709,2.3298429498296125,0.0,0.0,469.14891262050674,0.0,80.46473083263093,3.670970490382873,5.5,0.0,0.0,0.0,0.0,0.0,1,6,1,0,0,1
883,152,0.0,18.72859125,31.858373999999998,1.7873346338842917,1.5551128472222222,4.08,1.3,0.0,2015-01-01,2017-06-01,888.426908556486,895.3131131396294,6.655563612655512,4.326116348226083,2.3294472644294286,0.0,0.0,469.4729777915495,0.0,80.45106522516046,3.6623519387180967,5.5,0.0,0.0,0.0,0.0,0.0,1,6,1,0,0,1
884,153,0.0,16.5307845,29.812962,1.5385642487244846,1.4827690972222225,4.08,1.3,0.0,2015-01-01,2017-06-02,888.8580452060347,895.7138484987909,6.654433071278578,4.325381496331076,2.329051574947502,0.0,0.0,469.79636731558685,0.0,80.43739947672069,3.6537487818624026,5.5,0.0,0.0,0.0,0.0,0.0,1,6,1,0,0,1
885,154,0.0,16.4267805,27.992892,1.4361212068253422,1.6669357638888889,4.08,1.3,0.0,2015-01-01,2017-06-03,889.2881417308533,896.1135777704683,6.653302533736047,4.324646646928431,2.328655886807616,0.0,0.0,470.11908191725837,0.0,80.4237337746304,3.6451610176785585,5.5,0.0,0.0,0.0,0.0,0.0,1,6,1,0,0,1
886,155,0.0,16.257774,30.991674,1.5889587213582157,0.6040364583333333,4.08,1.3,0.0,2015-01-01,2017-06-04,889.7172001937989,896.5123030648338,6.652172103662766,4.323911867380798,2.328260236281968,0.0,0.0,470.44112232423686,0.0,80.41006937160596,3.644307104305528,5.5,0.0,0.0,0.0,0.0,0.0,1,6,1,0,0,1
887,156,0.0,18.996546000000002,33.4011,1.903749106345732,0.8232031249999999,4.08,1.3,0.0,2015-01-01,2017-06-05,890.1459775037846,896.9100264900408,6.651059040182471,4.3231883761186065,2.3278706640638642,0.0,0.0,470.7631686263789,0.0,80.3966148923365,3.4955481446139625,5.5,0.0,0.0,0.0,0.0,0.0,1,6,1,0,0,1
888,157,0.0,20.74728,32.820411,1.9824463670025896,1.7935763888888887,4.08,1.3,0.0,2015-01-01,2017-06-06,890.49740914275,897.3067501522114,6.6497346028025355,4.322327491821648,2.327407110980887,0.0,0.0,471.0158611156007,0.0,80.38060536944091,3.619970336928912,5.5,0.0,0.0,0.0,0.0,0.0,1,6,1,0,0,1
889,158,0.0,23.191374,34.337136,2.270308642695668,1.6663975694444444,4.08,1.3,0.0,2015-01-01,2017-06-07,890.9234460786807,897.7024761554221,6.648604479950531,4.321592911967845,2.3270115679826855,0.0,0.0,471.3359333658512,0.0,80.36694468004325,3.6007669541576357,5.5,0.0,0.0,0.0,0.0,0.0,1,6,1,0,0,1
890,159,0.0,19.863246,35.628519000000004,2.1180371226316312,0.9345833333333332,4.08,1.3,0.0,2015-01-01,2017-06-08,891.3374712943015,898.0972066016895,6.647460139613134,4.3208490907485375,2.326611048864597,0.0,0.0,471.6680843754909,0.0,80.35311213264656,3.603027832311749,5.5,0.0,0.0,0.0,0.0,0.0,1,6,1,0,0,1
891,160,0.0,19.585901999999997,34.553811,2.0219427723997563,1.282543402777778,4.08,1.3,0.0,2015-01-01,2017-06-09,891.7614655483953,898.4909435909583,6.646329774873298,4.320114353667644,2.3262154212056543,0.0,0.0,471.9868163050654,0.0,80.3394485193592,3.5945304050057683,5.5,0.0,0.0,0.0,0.0,0.0,1,6,1,0,0,1
892,161,0.0,20.521938000000002,35.342508,2.1452146762377,0.7399045138888889,4.08,1.3,0.0,2015-01-01,2017-06-10,892.1844337320696,898.8836892210863,6.645199520099666,4.3193796880647835,2.3258198320348833,0.0,0.0,472.30487830349364,0.0,80.32578623532041,3.5860483585005216,5.5,0.0,0.0,0.0,0.0,0.0,1,6,1,0,0,1
893,162,0.0,21.382137750000002,36.486552,2.2966492522918287,0.645373263888889,4.08,1.3,0.0,2015-01-01,2017-06-11,892.6063778941523,899.2754455878319,6.644069389938175,4.318645103459814,2.325424286478361,0.0,0.0,472.6222711195941,0.0,80.31212545756715,3.5775816893530332,5.5,0.0,0.0,0.0,0.0,0.0,1,6,1,0,0,1
894,163,0.0,20.92062,34.259133000000006,2.095515154561649,1.3020052083333333,4.08,1.3,0.0,2015-01-01,2017-06-12,893.0273000812389,899.6662147848403,6.642939398931512,4.317910609305483,2.325028789626029,0.0,0.0,472.93899550501965,0.0,80.29846636188844,3.569130393968207,5.5,0.0,0.0,0.0,0.0,0.0,1,6,1,0,0,1
895,164,0.0,20.001918,34.779153,2.0670411264651603,1.4336631944444445,4.08,1.3,0.0,2015-01-01,2017-06-13,893.4472023376894,900.0559989036321,6.641809561514314,4.317176214984304,2.3246333465300095,0.0,0.0,473.25505221423396,0.0,80.28480912276719,3.5606944685846864,5.5,0.0,0.0,0.0,0.0,0.0,1,6,1,0,0,1
896,165,0.0,20.062587,34.129128,2.025567149752339,1.1804340277777776,4.08,1.3,1.0,2015-01-01,2017-06-14,893.866086705622,900.4448000335881,6.640679892023832,4.3164419298154915,2.3242379622083407,0.0,0.0,473.5704420044861,0.0,80.27115391350907,3.5522739093045317,5.5,0.0,0.0,0.0,0.0,0.0,1,6,1,0,0,1
897,166,0.0,22.890195749999997,36.113871,2.386499980297488,1.524435763888889,4.08,1.3,0.0,2015-01-01,2017-06-15,894.283955224912,900.8326202619385,6.639550404687493,4.315707763046871,2.3238426416406224,0.0,0.0,473.88516563578787,0.0,80.25750090609223,3.543868712057996,5.5,0.0,0.0,0.0,0.0,0.0,1,6,1,0,0,1
898,167,0.0,21.504198,34.649148,2.1664912072787,0.9423177083333332,4.08,1.3,0.0,2015-01-01,2017-06-16,894.7008099331844,901.2194616737481,6.638421113639968,4.314973723865979,2.3234473897739885,0.0,0.0,474.1992238708883,0.0,80.24385027137363,3.5354788726510438,5.5,0.0,0.0,0.0,0.0,0.0,1,6,1,0,0,1
899,168,0.0,19.863246,32.569068,1.906041082359996,1.486232638888889,4.08,1.3,0.0,2015-01-01,2017-06-17,895.1166528658136,901.6053263519068,6.637292032904598,4.3142398213879884,2.3230522115166092,0.0,0.0,474.5126174752519,0.0,80.23020217886453,3.527104386712967,5.5,0.0,0.0,0.0,0.0,0.0,1,6,1,0,0,1
900,169,0.0,20.166591,33.435768,1.9848207840693537,0.799921875,4.08,1.3,0.0,2015-01-01,2017-06-18,895.531486055916,901.9902163771135,6.636163176410187,4.313506064666622,2.322657111743565,0.0,0.0,474.8253472170328,0.0,80.21655679693338,3.518745249743685,5.5,0.0,0.0,0.0,0.0,0.0,1,6,1,0,0,1
901,170,0.0,23.590056,35.879862,2.424242522127721,0.639140625,4.08,1.3,0.0,2015-01-01,2017-06-19,895.9453115343484,902.3741338278667,6.635034557979938,4.31277246268696,2.3222620952929782,0.0,0.0,475.1374138670525,0.0,80.20291429267218,3.5104014570815014,5.5,0.0,0.0,0.0,0.0,0.0,1,6,1,0,0,1
902,171,0.0,24.864105,36.200541,2.5574080473774368,0.7644357638888889,4.08,1.3,0.0,2015-01-01,2017-06-20,896.3581313297029,902.7570807804505,6.633906211554438,4.3120390375103845,2.321867174044053,0.0,0.0,475.44881819877514,0.0,80.18927507634771,3.5095112048550554,5.5,0.0,0.0,0.0,0.0,0.0,1,6,1,0,0,1
903,172,0.0,21.78948675,35.628519000000004,2.2618089641089947,1.4510590277777777,4.08,1.3,0.0,2015-01-01,2017-06-21,896.7706749042511,903.1390593089238,6.6327930621128735,4.311315490373368,2.3214775717395053,0.0,0.0,475.76021567969127,0.0,80.17581955799636,3.366691182953371,5.5,0.0,0.0,0.0,0.0,0.0,1,6,1,0,0,1
904,173,0.0,20.703945,33.877784999999996,2.052931058334196,1.4689409722222222,4.08,1.3,0.0,2015-01-01,2017-06-22,897.109023784691,903.5200714851071,6.631475038908424,4.310458775290476,2.321016263617948,0.0,0.0,476.0050782306588,0.0,80.15988756831665,3.485901629812853,5.5,0.0,0.0,0.0,0.0,0.0,1,6,1,0,0,1
905,174,0.0,18.306075,31.442358,1.735562697431321,1.7276475694444444,4.08,1.3,0.0,2015-01-01,2017-06-23,897.5189120939247,903.9001193785718,6.63034739173986,4.309725804630909,2.320621587108951,0.0,0.0,476.31454612644393,0.0,80.14625680446419,3.4776176671434533,5.5,0.0,0.0,0.0,0.0,0.0,1,6,1,0,0,1
906,175,0.0,18.259851,33.123756,1.8377641376045315,1.063967013888889,4.08,1.3,0.0,2015-01-01,2017-06-24,897.927802551727,904.2792050566277,6.629222037210056,4.3089943241865365,2.3202277130235194,0.0,0.0,476.6233546756349,0.0,80.13265375355104,3.4591892298560367,5.5,0.0,0.0,0.0,0.0,0.0,1,6,1,0,0,1
907,176,0.0,20.981289,33.92112,2.07567120236018,1.0777430555555556,4.08,1.3,1.0,2015-01-01,2017-06-25,898.3252034334024,904.6573305843108,6.628078638940975,4.308251115311634,2.3198275236293413,0.0,0.0,476.9437095760955,0.0,80.11883259367974,3.461184784537497,5.5,0.0,0.0,0.0,0.0,0.0,1,6,1,0,0,1
908,177,0.0,21.605313,33.305763,2.076288836739775,0.9669270833333334,8.19125,1.3,1.0,2015-01-01,2017-06-26,898.7321183387241,905.0344980243735,6.6269519120168034,4.307518742810922,2.319433169205881,0.0,0.0,477.2512034351672,0.0,80.10521295354962,3.452946480578019,5.5,0.0,0.0,0.0,0.0,0.0,1,6,1,0,0,1
909,178,0.0,21.917324999999998,34.805154,2.2089446066599465,0.9965711805555555,12.0,1.3,0.0,2015-01-01,2017-06-27,899.1380413913932,905.4107094372721,6.625825530761939,4.306786594995261,2.3190389357666783,0.0,0.0,477.5580403125422,0.0,80.09159749179801,3.444723485276324,5.5,0.0,0.0,0.0,0.0,0.0,1,6,1,0,0,1
910,179,0.0,25.158783,37.023906000000004,2.654522912984544,1.0188802083333333,12.0,1.3,0.0,2015-01-01,2017-06-28,899.54297460301,905.7859668811548,6.624699508116588,4.306054680275782,2.3186448278408056,0.0,0.0,477.8642210025293,0.0,80.07798636484341,3.4365157926722674,5.5,0.0,0.0,0.0,0.0,0.0,1,6,1,0,0,1
911,180,0.0,22.194669,38.713971,2.5441060441418983,1.583654513888889,12.0,1.3,0.0,2015-01-01,2017-06-29,899.9469199828698,906.1602724118525,6.623573856916716,4.305323006995866,2.3182508499208505,0.0,0.0,478.1697463018702,0.0,80.06437972784435,3.428323396645231,5.5,0.0,0.0,0.0,0.0,0.0,1,6,1,0,0,1
912,181,0.0,21.161851499999997,36.547221,2.284256893689388,1.3283333333333334,12.0,1.3,0.0,2015-01-01,2017-06-30,900.3498795379561,906.5336280828653,6.6224485899107455,4.304591583441985,2.3178570064687607,0.0,0.0,478.47461700971445,0.0,80.05077773490103,3.4201462909603944,5.5,0.0,0.0,0.0,0.0,0.0,1,6,1,0,0,1
913,182,0.0,21.119961,35.056497,2.168201247505828,1.3003819444444444,12.0,1.3,2.0,2015-01-01,2017-07-01,900.751855272939,906.9060359453538,6.621323719746398,4.303860417835159,2.317463301911239,0.0,0.0,478.77883392759884,0.0,80.03718053889654,3.411984469232087,5.5,0.0,0.0,0.0,0.0,0.0,1,6,1,0,0,1
914,183,0.0,22.524015,34.449807,2.227922637246471,1.310277777777778,12.0,1.3,2.0,2015-01-01,2017-07-02,901.1528491901693,907.2774980481265,6.620199258981249,4.303129518337812,2.3170697406434373,0.0,0.0,479.0823978594234,0.0,80.0235882916242,3.4038379249522603,5.5,0.0,0.0,0.0,0.0,0.0,1,6,1,0,0,1
915,184,0.0,24.318084,36.78123,2.560372253451487,1.0722916666666666,12.0,1.3,1.0,2015-01-01,2017-07-03,901.5528632896775,907.6480164376305,6.619075220072093,4.302398893046861,2.3166763270252324,0.0,0.0,479.3853096114299,0.0,80.01000114365908,3.395706651461396,5.5,0.0,0.0,0.0,0.0,0.0,1,6,1,0,0,1
916,185,0.0,24.552093,36.703227000000005,2.57374820920798,0.6970052083333333,12.0,1.3,0.0,2015-01-01,2017-07-04,901.9518995691667,908.0175931579395,6.617951615388374,4.301668550002443,2.3162830653859308,0.0,0.0,479.68756999217794,0.0,79.99641924452058,3.38759064198492,5.5,0.0,0.0,0.0,0.0,0.0,1,6,1,0,0,1
917,186,0.0,24.942107999999998,38.835309,2.798588747304695,0.8606163194444444,12.0,1.3,1.0,2015-01-01,2017-07-05,902.3499600240112,908.3862302507443,6.616828457201054,4.300938497180685,2.315889960020369,0.0,0.0,479.9891798125241,0.0,79.9828427425374,3.379489889601851,5.5,0.0,0.0,0.0,0.0,0.0,1,6,1,0,0,1
918,187,0.0,24.136076999999997,37.275249,2.587184928057682,0.909184027777778,12.0,1.3,0.0,2015-01-01,2017-07-06,902.7470466472512,908.7539297553417,6.6157057576928615,4.30020874250036,2.3154970151925016,0.0,0.0,480.2901398855985,0.0,79.9692717849719,3.3714043872735964,5.5,0.0,0.0,0.0,0.0,0.0,1,6,1,0,0,1
919,188,0.0,23.009367,37.379253000000006,2.500199892052557,1.402421875,12.0,1.3,2.0,2015-01-01,2017-07-07,903.1431614295904,909.1206937086249,6.614584073033168,4.299479647471559,2.3151044255616084,0.0,0.0,480.59045102678357,0.0,79.95571309468345,3.3704838119654204,5.5,0.0,0.0,0.0,0.0,0.0,1,6,1,0,0,1
920,189,0.0,23.7850635,35.793192,2.433093968896564,1.2483854166666668,12.0,1.3,3.0,2015-01-01,2017-07-08,903.5390056074727,909.4865241450725,6.613481189846298,4.298762773400094,2.314718416446204,0.0,0.0,480.8907433521599,0.0,79.9423816726783,3.233768353469096,5.5,0.0,0.0,0.0,0.0,0.0,1,6,1,0,0,1
921,190,0.0,23.122038,36.616557,2.4462457445546293,0.8717361111111112,12.0,1.3,3.0,2015-01-01,2017-07-09,903.8638812059221,909.8514230967389,6.612167158698183,4.297908653153819,2.314258505544364,0.0,0.0,481.1273871501362,0.0,79.92649793814316,3.3476392396235526,5.5,0.0,0.0,0.0,0.0,0.0,1,6,1,0,0,1
922,191,0.0,24.823659,37.56126,2.672427304837369,1.0984895833333335,12.0,1.3,3.0,2015-01-01,2017-07-10,904.2571591171726,910.2153925932444,6.6110477026207475,4.297181006703486,2.3138666959172616,0.0,0.0,481.42579819264427,0.0,79.9129661864924,3.32991067113065,5.5,0.0,0.0,0.0,0.0,0.0,1,6,1,0,0,1
923,192,0.0,21.831377249999996,35.619852,2.2643615035706093,1.4458593750000002,12.0,1.3,2.0,2015-01-01,2017-07-11,904.639419080674,910.5784346617645,6.609910937412005,4.296442109317804,2.3134688280942015,0.0,0.0,481.73527372674056,0.0,79.89922520567144,3.3316841335461076,5.5,0.0,0.0,0.0,0.0,0.0,1,6,1,0,0,1
924,193,0.0,19.9138035,32.751075,1.921478772921093,1.4377951388888885,8.3525,1.3,2.0,2015-01-01,2017-07-12,905.0307835912652,910.9405513270215,6.608791100970354,4.29571421563073,2.313076885339624,0.0,0.0,482.032395555961,0.0,79.88568885625733,3.3236883621133964,5.5,0.0,0.0,0.0,0.0,0.0,1,6,1,0,0,1
925,194,0.0,19.750575,29.58762,1.71071479089207,0.9123003472222222,3.87875,1.3,3.0,2015-01-01,2017-07-13,905.4211878792025,911.3017446112731,6.607671806419224,4.294986674172495,2.3126851322467283,0.0,0.0,482.3288732554493,0.0,79.87215905710283,3.315707793918855,5.5,0.0,0.0,0.0,0.0,0.0,1,6,1,0,0,1
926,195,0.0,21.119961,31.555029,1.9221524444949007,0.7443489583333334,2.64,1.3,2.0,2015-01-01,2017-07-14,905.8106339198548,911.6620165343049,6.606553065204116,4.294259492382675,2.3122935728214404,0.0,0.0,482.6247076562197,0.0,79.85863594655879,3.3077424208604596,5.5,0.0,0.0,0.0,0.0,0.0,1,6,1,0,0,1
927,196,0.0,23.226042,33.964455,2.244396878481558,0.6234461805555556,6.60125,1.3,1.0,2015-01-01,2017-07-15,906.1991236862162,912.0213691134186,6.605434888689969,4.29353267764848,2.311902211041489,0.0,0.0,482.91989959136015,0.0,79.84511966200225,3.2997922347359707,5.5,0.0,0.0,0.0,0.0,0.0,1,6,1,0,0,1
928,197,0.0,23.174039999999998,35.611185,2.3689471199762915,0.7694878472222223,10.56,1.3,1.0,2015-01-01,2017-07-16,906.5866591489065,912.3798043634245,6.6043172881478265,4.292806237296087,2.311511050851739,0.0,0.0,483.21444989601275,0.0,79.8316103396752,3.291857227206617,5.5,0.0,0.0,0.0,0.0,0.0,1,6,1,0,0,1
929,198,0.0,24.023405999999998,36.001200000000004,2.4698593788377927,0.684140625,10.56,1.3,1.0,2015-01-01,2017-07-17,906.9732422761641,912.7373242966314,6.603200274759829,4.292080178593889,2.31112009616594,0.0,0.0,483.50835940735135,0.0,79.81810811474502,3.283937389809897,5.5,0.0,0.0,0.0,0.0,0.0,1,6,1,0,0,1
930,199,0.0,24.465423,35.715189,2.48282298145345,0.7131857638888889,10.56,1.3,0.0,2015-01-01,2017-07-18,907.3588750338442,913.093930922837,6.602083859626768,4.2913545087574,2.3107293508693685,0.0,0.0,483.80162896455954,0.0,79.80461312139578,3.276032713980661,5.5,0.0,0.0,0.0,0.0,0.0,1,6,1,0,0,1
931,200,0.0,24.231414,35.74119,2.4655512914195894,0.6724652777777778,10.56,1.3,0.0,2015-01-01,2017-07-19,907.7435593854154,913.4496262493203,6.600968053755286,4.290629234940936,2.31033881881435,0.0,0.0,484.09425940881135,0.0,79.79112549267346,3.268143191015139,5.5,0.0,0.0,0.0,0.0,0.0,1,6,1,0,0,1
932,201,0.0,25.236786,36.43455,2.6097151178710325,0.7586631944444444,10.56,1.3,0.0,2015-01-01,2017-07-20,908.1272972919553,913.8044122808312,6.599852868068178,4.2899043642443155,2.309948503823862,0.0,0.0,484.38625158324845,0.0,79.77764536061058,3.2602688120988326,5.5,0.0,0.0,0.0,0.0,0.0,1,6,1,0,0,1
933,202,0.0,24.448089,37.777935,2.658350759112384,0.7543315972222222,10.56,1.3,0.0,2015-01-01,2017-07-21,908.5100907121465,914.1582910195818,6.598738313401475,4.289179903710959,2.309558409690516,0.0,0.0,484.67760633295956,0.0,79.76417285619073,3.2524095682989085,5.5,0.0,0.0,0.0,0.0,0.0,1,6,1,0,0,1
934,203,0.0,24.768767999999998,37.552593,2.6667889256925537,0.8336631944444445,10.56,1.3,0.0,2015-01-01,2017-07-22,908.8919416022743,914.5112644652384,6.597624400507566,4.288455860329918,2.309168540177648,0.0,0.0,484.9683245049596,0.0,79.75070810938662,3.2445654505715193,5.5,0.0,0.0,0.0,0.0,0.0,1,6,1,0,0,1
935,204,0.0,24.638763,36.425883000000006,2.5574080473774377,0.91390625,10.56,1.3,0.0,2015-01-01,2017-07-23,909.2728519162237,914.8633346149122,6.596511501529867,4.287732475994414,2.3087790255354532,0.0,0.0,485.25840694816907,0.0,79.73725561859025,3.2436206489276738,5.5,0.0,0.0,0.0,0.0,0.0,1,6,1,0,0,1
936,205,0.0,25.09594725,37.7346,2.712252076804804,1.0034895833333333,10.56,1.3,0.0,2015-01-01,2017-07-24,909.6534968799285,915.214503463151,6.595414467089212,4.287019403607988,2.308395063481224,0.0,0.0,485.5484604443407,0.0,79.72399489500982,3.1124192918667113,5.5,0.0,0.0,0.0,0.0,0.0,1,6,1,0,0,1
937,206,0.0,23.685392999999998,37.049907000000005,2.5293966952703903,1.376310763888889,10.56,1.3,0.0,2015-01-01,2017-07-25,909.9660904168912,915.5647730019305,6.594115388066177,4.286175002243015,2.3079403858231617,0.0,0.0,485.7774761971264,0.0,79.70829189864509,3.2214896458814337,5.5,0.0,0.0,0.0,0.0,0.0,1,6,1,0,0,1
938,207,0.0,23.44488375,37.708599,2.5650098107144514,0.9864930555555556,10.56,1.3,0.0,2015-01-01,2017-07-26,910.3442516977273,915.9141452206459,6.593004795535135,4.285453117097838,2.307551678437297,0.0,0.0,486.06569484422164,0.0,79.69486728769499,3.204438385992321,5.5,0.0,0.0,0.0,0.0,0.0,1,6,1,0,0,1
939,208,0.0,23.425382999999997,37.526592,2.547794991534196,0.790390625,10.56,1.3,1.0,2015-01-01,2017-07-27,910.7118489634416,916.2626221061037,6.591877852992488,4.284720604445118,2.3071572485473704,0.0,0.0,486.3645143887205,0.0,79.68124504121373,3.2060094751523294,5.5,0.0,0.0,0.0,0.0,0.0,1,6,1,0,0,1
940,209,0.0,23.486051999999997,38.211285,2.6119774968949128,1.0731163194444444,10.56,1.3,0.0,2015-01-01,2017-07-28,911.0881579791528,916.6102056425138,6.590767884651001,4.283999125023151,2.3067687596278503,0.0,0.0,486.6514704373481,0.0,79.66782797533683,3.198254449834448,5.5,0.0,0.0,0.0,0.0,0.0,1,6,1,0,0,1
941,210,0.0,26.736176999999998,39.303327,3.014584190801954,0.844861111111111,10.56,1.3,0.0,2015-01-01,2017-07-29,911.4635378406539,916.956897811481,6.589658631426769,4.2832781104274,2.306380520999369,0.0,0.0,486.937795765371,0.0,79.65441955364822,3.190514489530151,5.5,0.0,0.0,0.0,0.0,0.0,1,6,1,0,0,1
942,211,0.0,25.836253499999998,37.049907000000005,2.7172581469137795,0.8078645833333334,10.56,1.3,3.0,2015-01-01,2017-07-30,911.837990485933,917.3027005919971,6.588550103392491,4.282557567205119,2.3059925361873717,0.0,0.0,487.22349123490534,0.0,79.64101989790453,3.1827895842519807,5.5,0.0,0.0,0.0,0.0,0.0,1,6,1,0,0,1
943,212,0.0,24.283416,35.758524,2.4712968633746346,0.9793402777777778,10.56,1.3,1.0,2015-01-01,2017-07-31,912.2115178505429,917.6476159604326,6.587442310545109,4.281837501854321,2.305604808690788,0.0,0.0,487.50855770980564,0.0,79.62762912894682,3.175079723920577,5.5,0.0,0.0,0.0,0.0,0.0,1,6,1,0,0,1
944,213,0.0,22.006884,35.290506,2.252563194422307,1.057699652777778,10.56,1.3,0.0,2015-01-01,2017-08-01,912.5841218676005,917.9916458905302,6.586335262794184,4.28111792081622,2.305217341977964,0.0,0.0,487.79299605564637,0.0,79.61424736655965,3.1673848983325112,5.5,0.0,0.0,0.0,0.0,0.0,1,6,1,0,0,1
945,214,0.0,21.674649,33.929787,2.12622175658664,0.9276302083333334,10.56,1.3,0.0,2015-01-01,2017-08-02,912.9558044677815,918.3347923533954,6.5852289699689095,4.2803988304797915,2.304830139489118,0.0,0.0,488.07680713970035,0.0,79.60087472955637,3.1597050971791507,5.5,0.0,0.0,0.0,0.0,0.0,1,6,1,0,0,1
946,215,0.0,22.272672,34.683816,2.226609261610815,0.691423611111111,10.56,1.3,0.0,2015-01-01,2017-08-03,913.3265675793177,918.6770573174895,6.584123441822793,4.279680237184816,2.3044432046379777,0.0,0.0,488.35999183091894,0.0,79.58751133583534,3.1520403100591623,5.5,0.0,0.0,0.0,0.0,0.0,1,6,1,0,0,1
947,216,0.0,23.590056,35.351175000000005,2.381448497510553,0.5807378472222222,10.56,1.3,0.0,2015-01-01,2017-08-04,913.696413127994,919.0184427486226,6.583018688023287,4.278962147215137,2.3040565408081504,0.0,0.0,488.6425509999136,0.0,79.57415730225466,3.144390526449939,5.5,0.0,0.0,0.0,0.0,0.0,1,6,1,0,0,1
948,217,0.0,23.792285999999997,35.957865000000005,2.4471960066501697,0.7913194444444445,10.56,1.3,0.0,2015-01-01,2017-08-05,914.0653430371456,919.3589506099461,6.581914718155932,4.278244566801356,2.3036701513545763,0.0,0.0,488.9244855189347,0.0,79.56081274468232,3.1367557357187144,5.5,0.0,0.0,0.0,0.0,0.0,1,6,1,0,0,1
949,218,0.0,22.966032,36.027201000000005,2.385628369909983,0.9943315972222222,10.56,1.3,0.0,2015-01-01,2017-08-06,914.4333592276521,919.6985828619436,6.580811541737011,4.2775275021290575,2.303284039607954,0.0,0.0,489.2057962618512,0.0,79.54747777814926,3.12913592715599,5.5,0.0,0.0,0.0,0.0,0.0,1,6,1,0,0,1
950,219,0.0,23.304045000000002,35.455179,2.366869122938513,0.5546354166666667,10.56,1.3,0.0,2015-01-01,2017-08-07,914.8004636179394,920.0373414624266,6.579709168189581,4.276810959323227,2.302898208866353,0.0,0.0,489.48648410413375,0.0,79.53415251655936,3.1215310899110276,5.5,0.0,0.0,0.0,0.0,0.0,1,6,1,0,0,1
951,220,0.0,23.373381,36.417215999999996,2.450524455132137,0.5767361111111111,10.56,1.3,0.0,2015-01-01,2017-08-08,915.1666581239703,920.3752283665244,6.578607765602044,4.276095047641329,2.3025127179607154,0.0,0.0,489.7665499228316,0.0,79.52083899173022,3.120567256790923,5.5,0.0,0.0,0.0,0.0,0.0,1,6,1,0,0,1
952,221,0.0,23.096037,36.495219,2.4341580309360475,0.976640625,10.56,1.3,0.0,2015-01-01,2017-08-09,915.5325926759131,920.712245526679,6.577519221093888,4.275387493711027,2.3021317273828608,0.0,0.0,490.04657780467744,0.0,79.50768089268362,2.994682322310633,5.5,0.0,0.0,0.0,0.0,0.0,1,6,1,0,0,1
953,222,0.0,22.922697,34.259133000000006,2.2437358767362183,1.2679947916666665,10.56,1.3,1.0,2015-01-01,2017-08-10,915.8332843908379,921.0483948926374,6.576238213148152,4.274554838546298,2.301683374601853,0.0,0.0,490.2680820252802,0.0,79.49219633573334,3.0991409835979713,5.5,0.0,0.0,0.0,0.0,0.0,1,6,1,0,0,1
954,223,0.0,22.252449,33.713112,2.152640650585448,0.8504600694444444,10.56,1.3,1.0,2015-01-01,2017-08-11,916.1968164653208,921.3836784114442,6.575139115186415,4.27384042487117,2.301298690315245,0.0,0.0,490.54632211237345,0.0,79.47891066874034,3.082744946472451,5.5,0.0,0.0,0.0,0.0,0.0,1,6,1,0,0,1
955,224,0.0,21.891323999999997,34.302468,2.1694845495759134,0.654296875,10.56,1.3,1.0,2015-01-01,2017-08-12,916.5502212999278,921.7180980274354,6.574024789242514,4.273116113007634,2.3009086762348794,0.0,0.0,490.8347172547576,0.0,79.46544092907406,3.084131822677261,5.5,0.0,0.0,0.0,0.0,0.0,1,6,1,0,0,1
956,225,0.0,23.962736999999997,35.273171999999995,2.4052190230867363,0.896388888888889,7.237083333333334,1.3,1.0,2015-01-01,2017-08-13,916.9119611790595,922.0516556822322,6.572927310943135,4.272402752113038,2.300524558830097,0.0,0.0,491.1117223186794,0.0,79.45217484022193,3.0766152459654443,5.5,0.0,0.0,0.0,0.0,0.0,1,6,1,0,0,1
957,226,0.0,24.942107999999998,37.093242,2.6415440764499265,0.744982638888889,3.6,1.3,1.0,2015-01-01,2017-08-14,917.2728023906307,922.3843533147328,6.571830699761773,4.271689954845153,2.3001407449166207,0.0,0.0,491.3881105401643,0.0,79.43891923291159,3.0691135668638454,5.5,0.0,0.0,0.0,0.0,0.0,1,6,1,0,0,1
958,227,0.0,23.31849,35.853861,2.400074646923746,0.8415711805555556,3.6,1.3,0.0,2015-01-01,2017-08-15,917.6327468341998,922.716192861107,6.570734964506611,4.2709777269292974,2.299757237577314,0.0,0.0,491.66388280717786,0.0,79.42567421361454,3.061626773715462,5.5,0.0,0.0,0.0,0.0,0.0,1,6,1,0,0,1
959,228,0.0,22.645353,35.845194,2.3454892600304644,1.0993663194444445,3.6,1.3,0.0,2015-01-01,2017-08-16,917.9917964068363,923.0471762547893,6.569640113910211,4.270266074041637,2.2993740398685736,0.0,0.0,491.93904000911084,0.0,79.41243988788807,3.054154854766436,5.5,0.0,0.0,0.0,0.0,0.0,1,6,1,0,0,1
960,229,0.0,22.229336999999997,34.978494000000005,2.2457193909842967,0.9832899305555556,3.6,1.3,3.0,2015-01-01,2017-08-17,918.3499530031172,923.3773054264725,6.568546156631444,4.269555001810439,2.298991154821005,0.0,0.0,492.21358303676016,0.0,79.39921636039895,3.0466977981713064,5.5,0.0,0.0,0.0,0.0,0.0,1,6,1,0,0,1
961,230,0.0,23.0859255,36.668559,2.4475524377764275,1.064262152777778,3.6,1.3,1.0,2015-01-01,2017-08-18,918.707218515124,923.7065823041019,6.567453101252254,4.268844515813965,2.2986085854382887,0.0,0.0,492.48751278231055,0.0,79.38600373488384,3.0392555919835362,5.5,0.0,0.0,0.0,0.0,0.0,1,6,1,0,0,1
962,231,0.0,22.65402,35.42917800000001,2.313395449444483,0.8383333333333334,3.6,1.3,0.0,2015-01-01,2017-08-19,919.0635948324405,924.0350088128682,6.5663609562811285,4.268134621582734,2.298226334698395,0.0,0.0,492.76083013931554,0.0,79.37280211419161,3.031828224164916,5.5,0.0,0.0,0.0,0.0,0.0,1,6,1,0,0,1
963,232,0.0,23.182707,34.545144,2.285711788277571,0.9067361111111112,3.6,1.3,0.0,2015-01-01,2017-08-20,919.4190838421487,924.3625868752022,6.565269730151989,4.267425324598793,2.2978444055531964,0.0,0.0,493.0335360026791,0.0,79.35961160026972,3.0244156825817035,5.5,0.0,0.0,0.0,0.0,0.0,1,6,1,0,0,1
964,233,0.0,25.375458,35.342508,2.527929839378328,1.1001388888888888,3.6,1.3,0.0,2015-01-01,2017-08-21,919.7736874288269,924.6893184107678,6.564179431224035,4.266716630295623,2.2974628009284124,0.0,0.0,493.30563126863694,0.0,79.34643229416244,3.01701795500475,5.5,0.0,0.0,0.0,0.0,0.0,1,6,1,0,0,1
965,234,0.0,25.132782,35.74119,2.5411582337363128,1.0411892361111112,3.6,1.3,0.0,2015-01-01,2017-08-22,920.1274074745454,925.0152053364566,6.563090067787085,4.266008544061606,2.29708152372548,0.0,0.0,493.5771168347379,0.0,79.33326429607534,3.0096350291229377,5.5,0.0,0.0,0.0,0.0,0.0,1,6,1,0,0,1
966,235,0.0,25.124115,36.642558,2.6180188516807275,1.0676909722222223,3.6,1.3,0.0,2015-01-01,2017-08-23,920.4802458588659,925.3402495663825,6.562001648054438,4.265301071235385,2.2967005768190534,0.0,0.0,493.84799359982685,0.0,79.32010770528906,3.0022668925233758,5.5,0.0,0.0,0.0,0.0,0.0,1,6,1,0,0,1
967,236,0.0,24.430754999999998,36.599223,2.5544468280162813,0.896232638888889,3.6,1.3,0.0,2015-01-01,2017-08-24,920.8322044588373,925.6644530118749,6.560914180167873,4.264594217109118,2.296319963058755,0.0,0.0,494.11826246402507,0.0,79.30696262021984,2.9949135327057435,5.5,0.0,0.0,0.0,0.0,0.0,1,6,1,0,0,1
968,237,0.0,22.238004,35.784525,2.308648399232316,0.8773524305555556,3.6,1.3,1.0,2015-01-01,2017-08-25,921.183285148992,925.9878175814736,6.559828104879365,4.263888268171588,2.295939836707778,0.0,0.0,494.38792432871276,0.0,79.29383436858552,2.9939358726974845,5.5,0.0,0.0,0.0,0.0,0.0,1,6,1,0,0,1
969,238,0.0,20.933620500000004,33.002418,2.007801695554225,0.6701128472222222,3.6,1.3,0.0,2015-01-01,2017-08-26,921.5341119057043,926.3103451809225,6.558756446885193,4.2631916904753755,2.295564756409817,0.0,0.0,494.6575399721634,0.0,79.280880390199,2.873505800438745,5.5,0.0,0.0,0.0,0.0,0.0,1,6,1,0,0,1
970,239,0.0,20.22726,32.36106,1.916384798264356,0.9124826388888888,3.6,1.3,0.0,2015-01-01,2017-08-27,921.8225675008083,926.6320377131647,6.557491798768032,4.262369669199221,2.295122129568811,0.0,0.0,494.87120275690813,0.0,79.26559358744542,2.9732463783651157,5.5,0.0,0.0,0.0,0.0,0.0,1,6,1,0,0,1
971,240,0.0,20.755947,32.300391000000005,1.9477104084015533,1.345859375,3.6,1.3,0.0,2015-01-01,2017-08-28,922.1710763461031,926.9528970783367,6.55640888073677,4.2616657724789,2.2947431082578693,0.0,0.0,495.13908097543,0.0,79.25250350007839,2.9575268891365245,5.5,0.0,0.0,0.0,0.0,0.0,1,6,1,0,0,1
972,241,0.0,21.87399,33.730446,2.12622175658664,0.9073958333333332,3.6,1.3,0.0,2015-01-01,2017-08-29,922.5099045058209,927.272925173763,6.555309200756453,4.260950980491694,2.2943582202647583,0.0,0.0,495.4166595188905,0.0,79.23921079776612,2.958732438213763,5.5,0.0,0.0,0.0,0.0,0.0,1,6,1,0,0,1
973,242,0.0,22.610685,36.443217,2.390512960649438,0.7874131944444445,3.6,1.3,0.0,2015-01-01,2017-08-30,922.8566837876896,927.5921238939511,6.554227506272699,4.260247879077255,2.2939796271954442,0.0,0.0,495.6833328930137,0.0,79.22613550038626,2.9514662656421673,5.5,0.0,0.0,0.0,0.0,0.0,1,6,1,0,0,1
974,243,0.0,23.3892705,36.529887,2.461130352754354,0.7486111111111111,3.6,1.3,0.0,2015-01-01,2017-08-31,923.2025961491775,927.9104951305853,6.553146819004708,4.259545432353061,2.2936013866516474,0.0,0.0,495.9494045986397,0.0,79.21307237802053,2.944214784293477,5.5,0.0,0.0,0.0,0.0,0.0,1,6,1,0,0,1
975,244,0.0,23.130705,36.035868,2.399607451789921,0.609357638888889,3.6,1.3,0.0,2015-01-01,2017-09-01,923.5476434479334,928.228040772523,6.552067146521864,4.258843645239212,2.2932235012826525,0.0,0.0,496.2148755458127,0.0,79.20002152216603,2.9369779809348855,5.5,0.0,0.0,0.0,0.0,0.0,1,6,1,0,0,1
976,245,0.0,23.347379999999998,34.978494000000005,2.3324687761763987,0.8389756944444444,3.6,1.3,0.0,2015-01-01,2017-09-02,923.891827539064,928.5447627057874,6.55098849633215,4.2581425226158975,2.2928459737162523,0.0,0.0,496.4797466456907,0.0,79.18698302357774,2.929755842269496,5.5,0.0,0.0,0.0,0.0,0.0,1,6,1,0,0,1
977,246,0.0,23.676726,35.879862,2.431321432054535,1.015954861111111,3.6,1.3,1.0,2015-01-01,2017-09-03,924.2351502751333,928.8606628135651,6.549910875870279,4.257442069315681,2.2924688065545977,0.0,0.0,496.74401881053035,0.0,79.17395697212491,2.922548354904551,5.5,0.0,0.0,0.0,0.0,0.0,1,6,1,0,0,1
978,247,0.0,22.668465,35.290506,2.303684401635542,1.0669184027777776,3.6,1.3,0.0,2015-01-01,2017-09-04,924.5776135061578,929.1757429761992,6.548834292501701,4.256742290126106,2.292092002375595,0.0,0.0,497.00769295366825,0.0,79.1609434568396,2.915355505361886,5.5,0.0,0.0,0.0,0.0,0.0,1,6,1,0,0,1
979,248,0.0,22.30734,35.212503000000005,2.269640997065313,0.6868402777777778,3.6,1.3,0.0,2015-01-01,2017-09-05,924.9192190796055,929.4900050711849,6.547758753528539,4.256043189793551,2.2917155637349884,0.0,0.0,497.2707699895036,0.0,79.14794256598829,2.9081772800933043,5.5,0.0,0.0,0.0,0.0,0.0,1,6,1,0,0,1
980,249,0.0,23.659392,35.74119,2.4185923208614777,0.8592274305555556,3.6,1.3,0.0,2015-01-01,2017-09-06,925.2599688403926,929.8034509731654,6.546684266179558,4.255344773016713,2.2913394931628455,0.0,0.0,497.5332508334822,0.0,79.13495438695081,2.9010136654536036,5.5,0.0,0.0,0.0,0.0,0.0,1,6,1,0,0,1
981,250,0.0,23.902068,35.793192,2.442685122068108,0.7729253472222222,3.6,1.3,0.0,2015-01-01,2017-09-07,925.599864630881,930.1160825539259,6.54561083762202,4.2546470444543125,2.2909637931677067,0.0,0.0,497.79513640207796,0.0,79.12197900636353,2.8938646477316166,5.5,0.0,0.0,0.0,0.0,0.0,1,6,1,0,0,1
982,251,0.0,20.339931,34.415139,2.065195900454756,1.175685763888889,3.6,1.3,1.0,2015-01-01,2017-09-08,925.9389082908768,930.4279016823905,6.544538474948616,4.2539500087166005,2.2905884662320153,0.0,0.0,498.05642761277704,0.0,79.10901650996142,2.886730213115599,5.5,0.0,0.0,0.0,0.0,0.0,1,6,1,0,0,1
983,252,0.0,19.923915,33.331764,1.9611878683408013,0.7078125,3.6,1.3,0.0,2015-01-01,2017-09-09,926.2771016576258,930.7389102246157,6.543467185196627,4.253253670377807,2.290213514818819,0.0,0.0,498.3171253840595,0.0,79.09606698280969,2.8796103477437693,5.5,0.0,0.0,0.0,0.0,0.0,1,6,1,0,0,1
984,253,0.0,21.674649,34.822488,2.192049744774626,0.6377604166666667,3.6,1.3,0.0,2015-01-01,2017-09-10,926.614446565814,931.0491100437882,6.542397161314458,4.252558154854398,2.28983900646006,0.0,0.0,498.577230635385,0.0,79.08313275722834,2.878622956759322,5.5,0.0,0.0,0.0,0.0,0.0,1,6,1,0,0,1
985,254,0.0,22.61429625,35.281839000000005,2.2987859550980683,0.8664583333333334,3.6,1.3,1.0,2015-01-01,2017-09-11,926.9515431724521,931.3585030002184,6.541338366288113,4.251869938087274,2.2894684282008395,0.0,0.0,498.83728277190403,0.0,79.07033426371497,2.7631168755507383,5.5,0.0,0.0,0.0,0.0,0.0,1,6,1,0,0,1
986,255,0.0,21.21313125,33.045753,2.030257022205261,0.7858072916666666,3.6,1.3,1.0,2015-01-01,2017-09-12,927.2288628598715,931.6670909513368,6.540097102789301,4.251063116813046,2.289033985976255,0.0,0.0,499.0437050934274,0.0,79.05533012935217,2.8586163873128396,5.5,0.0,0.0,0.0,0.0,0.0,1,6,1,0,0,1
987,256,0.0,20.790615,33.349098000000005,2.0219427723997563,0.665407986111111,3.6,1.3,0.0,2015-01-01,2017-09-13,927.5637196730063,931.9748757516902,6.539030101494865,4.2503695659716625,2.288660535523203,0.0,0.0,499.3020675496237,0.0,79.04243244018112,2.851553739860913,5.5,0.0,0.0,0.0,0.0,0.0,1,6,1,0,0,1
988,257,0.0,20.348598000000003,33.453102,1.9985218830730336,0.7987847222222223,3.6,1.3,0.0,2015-01-01,2017-09-14,927.8977351836936,932.2818592529368,6.537965438150469,4.249677534797804,2.2882879033526637,0.0,0.0,499.5598410812531,0.0,79.0295630116627,2.8364864131140304,5.5,0.0,0.0,0.0,0.0,0.0,1,6,1,0,0,1
989,258,0.0,19.455897,32.387061,1.8674031783604648,0.5314496527777778,3.6,1.3,0.0,2015-01-01,2017-09-15,928.2224983206871,932.5880433038428,6.536882950977005,4.248973918135054,2.2879090328419514,0.0,0.0,499.8268790307625,0.0,79.01647813241489,2.8375284495031323,5.5,0.0,0.0,0.0,0.0,0.0,1,6,1,0,0,1
990,259,0.0,17.961561749999998,33.591774,1.8486674814408293,0.927578125,3.6,1.3,0.0,2015-01-01,2017-09-16,928.5548455930563,932.8934297502769,6.535819268155769,4.24828252430125,2.2875367438545187,0.0,0.0,500.08347860592096,0.0,79.00362055625598,2.830509081444727,5.5,0.0,0.0,0.0,0.0,0.0,1,6,1,0,0,1
991,260,0.0,17.653161,30.948339,1.6668728184260513,0.9355381944444444,3.6,1.3,0.0,2015-01-01,2017-09-17,928.8863569927964,933.198020435208,6.534756712482622,4.247591863113705,2.287164849368917,0.0,0.0,500.33949202997206,0.0,78.99077660482818,2.823504172767325,5.5,0.0,0.0,0.0,0.0,0.0,1,6,1,0,0,1
992,261,0.0,16.855797,30.159642,1.5758018462404153,0.5181163194444445,3.6,1.3,0.0,2015-01-01,2017-09-18,929.2170343347301,933.5018171987001,6.533695290405909,4.246901938763841,2.2867933516420678,0.0,0.0,500.59492022991935,0.0,78.9779463560777,2.816513708891112,5.5,0.0,0.0,0.0,0.0,0.0,1,6,1,0,0,1
993,262,0.0,16.838463,31.40769,1.646078775653909,0.649453125,3.6,1.3,0.0,2015-01-01,2017-09-19,929.5468794310934,933.8048218779093,6.532635008306731,4.246212755399376,2.2864222529073555,0.0,0.0,500.8497641335955,0.0,78.96512988713793,2.8095376751511405,5.5,0.0,0.0,0.0,0.0,0.0,1,6,1,0,0,1
994,263,0.0,17.341149,32.465064000000005,1.739087603766044,0.7126215277777778,3.6,1.3,0.0,2015-01-01,2017-09-20,929.8758940915342,934.1070363070785,6.531575872510627,4.245524317131908,2.2860515553787195,0.0,0.0,501.10402466964524,0.0,78.95232727447076,2.8025760568294333,5.5,0.0,0.0,0.0,0.0,0.0,1,6,1,0,0,1
995,264,0.0,16.647789,32.213721,1.6822330222742206,0.8443229166666666,3.6,1.3,0.0,2015-01-01,2017-09-21,930.2040801231111,934.4084623175361,6.530517889270133,4.2448366280255865,2.2856812612445463,0.0,0.0,501.3577027675111,0.0,78.93953859365547,2.795628839107118,5.5,0.0,0.0,0.0,0.0,0.0,1,6,1,0,0,1
996,265,0.0,17.687829,31.92771,1.7274790838879006,0.8468315972222222,3.6,1.3,0.0,2015-01-01,2017-09-22,930.5314393302888,934.7091017376897,6.529461064787716,4.244149692112016,2.2853113726757006,0.0,0.0,501.610799357415,0.0,78.9267639196662,2.7886960071251847,5.5,0.0,0.0,0.0,0.0,0.0,1,6,1,0,0,1
997,266,0.0,20.695278,32.950416000000004,1.9877922936104733,0.9938194444444444,3.6,1.3,0.0,2015-01-01,2017-09-23,930.857973514939,935.0089563930244,6.52840540519436,4.2434635133763345,2.2849418918180255,0.0,0.0,501.8633153703448,0.0,78.91400332661303,2.781777545928202,5.5,0.0,0.0,0.0,0.0,0.0,1,6,1,0,0,1
998,267,0.0,20.435268,32.508399,1.940128514691117,1.398237847222222,3.6,1.3,0.0,2015-01-01,2017-09-24,931.1836844763354,935.3080281060982,6.527350916566433,4.242778095768181,2.2845728207982514,0.0,0.0,502.1152517380373,0.0,78.90125688794579,2.7748734405083577,5.5,0.0,0.0,0.0,0.0,0.0,1,6,1,0,0,1
999,268,0.0,18.34579875,31.087010999999997,1.7164178180434329,0.9477430555555555,3.6,1.3,1.0,2015-01-01,2017-09-25,931.5085740111542,935.6063186965393,6.52629760491575,4.2420934431952375,2.2842041617205124,0.0,0.0,502.3666093929629,0.0,78.88852467633407,2.767983675777738,5.5,0.0,0.0,0.0,0.0,0.0,1,6,1,0,0,1
1000,269,0.0,16.665123,29.483616,1.5278984768381727,0.8402604166666668,3.6,1.3,1.0,2015-01-01,2017-09-26,931.8326439134698,935.9038299810422,6.525245476196292,4.2414095595275905,2.2838359166687017,0.0,0.0,502.61738926831015,0.0,78.87580676374839,2.7611082365876634,5.5,0.0,0.0,0.0,0.0,0.0,1,6,1,0,0,1
