fattening_day,doy,rad,mint,maxt,vpr,wind,rain,aha,okta,growth_start_date,growth_date,tbw_kg,genetic_potential_tbw_kg,feed_intake_kg_dm_day,feed1_available_kg_dm_day,feed2_available_kg_dm_day,feed3_available_kg_dm_day,feed4_available_kg_dm_day,beef_production_kg,beef_event_kg,me_uptake_mj_day,heat_production,genotype,heat_stress,cold_stress,digestion_cap,energy,protein,scale,breed,diet,sex_animal,housing,case_id
1,1,0.0,6.8714129999999995,15.261068999999999,0.6175678242271376,0.3018402777777778,2.64,1.3,1.0,2015-01-01,2015-01-01,43.0,43.0,0.0,0.0,0.0,0.0,0.0,16.125,0.0,0.0,9.0,0.0,4.5,3.5,0.0,0.0,0.0,1,6,2,0,0,1
2,2,0.0,8.786819999999999,15.850425000000001,0.6820145906830116,0.37164930555555553,2.64,1.3,1.0,2015-01-01,2015-01-02,43.41788637866393,46.736070979478086,0.0,0.0,0.0,0.0,0.0,16.501097740797533,0.0,0.0,5.444553389175917,0.0,4.5,3.5,0.0,0.0,0.5,1,6,2,0,0,1
3,3,0.0,8.483475,14.429037000000001,0.6370365638516057,0.3863454861111111,2.64,1.3,2.0,2015-01-01,2015-01-03,44.397444830920385,47.90159255241451,0.0,0.0,0.0,0.0,0.0,16.80928930678048,0.0,0.0,5.612673742387015,0.0,4.5,3.5,0.0,0.0,0.5,1,6,2,0,0,1
4,4,0.0,5.8032052499999995,13.267658999999998,0.5461247194441231,0.4787413194444444,2.962916666666666,1.3,4.0,2015-01-01,2015-01-04,45.402068714971385,49.06909675724984,0.0,0.0,0.0,0.0,0.0,17.128943408416433,0.0,0.0,5.754822789869088,0.0,0.0,3.5,0.0,0.0,0.5,1,6,2,0,0,1
5,5,0.0,5.155347,13.137654,0.5291780697313748,0.5562847222222222,3.84,1.3,0.0,2015-01-01,2015-01-05,46.427656387120926,50.23857159271273,0.0,0.0,0.0,0.0,0.0,17.458871113293174,0.0,0.0,5.775783778362493,0.0,0.0,3.5,0.0,0.0,0.5,1,6,2,0,0,1
6,6,0.0,5.831372999999999,16.925133,0.6331001256325715,1.227230902777778,3.84,1.3,1.0,2015-01-01,2015-01-06,47.465567933600866,51.41000502965602,0.0,0.0,0.0,0.0,0.0,17.796359953589683,0.0,0.0,5.798650524739202,0.0,0.0,3.5,0.0,0.0,0.5,1,6,2,0,0,1
7,7,0.0,10.57005525,16.881798,0.761434474608906,1.937769097222222,3.4058333333333333,1.3,2.0,2015-01-01,2015-01-07,48.51286738890145,52.58338501157954,0.0,0.0,0.0,0.0,0.0,18.14047863761124,0.0,0.0,5.819907591102243,0.0,0.0,3.5,0.0,0.0,0.5,1,6,2,0,0,1
8,8,0.0,1.2985319999999998,10.546221,0.4056250611098692,0.8699565972222222,11.243333333333332,1.3,3.0,2015-01-01,2015-01-08,49.567496983828974,53.75869945515052,0.0,0.0,0.0,0.0,0.0,18.490558109558304,0.0,0.0,5.840120138188486,0.0,0.0,3.5,0.0,0.0,0.5,1,6,2,0,0,1
9,9,0.0,-1.5615780000000008,7.608108,0.3170712351359722,0.6678819444444444,10.08,1.3,4.0,2015-01-01,2015-01-09,50.62793056027825,54.93593625072424,0.0,0.0,0.0,0.0,0.0,18.846088600977456,0.0,0.0,5.8596876771742785,0.0,0.0,3.5,0.0,0.0,0.5,1,6,2,0,0,1
10,10,0.0,0.9865199999999996,7.729445999999999,0.3554517500098806,0.44681423611111115,10.08,1.3,5.0,2015-01-01,2015-01-10,51.69298906982917,56.11508326286332,0.0,0.0,0.0,0.0,0.0,19.20666501797964,0.0,0.0,5.878901349713048,0.0,0.0,3.5,0.0,0.0,0.5,1,6,2,0,0,1
11,11,0.0,0.8536259999999993,7.876785,0.3556701520856344,0.42745659722222223,10.08,1.3,4.0,2015-01-01,2015-01-11,52.76173306391295,57.296128330855595,0.0,0.0,0.0,0.0,0.0,19.571955171418047,0.0,0.0,5.897977891089338,0.0,0.0,3.5,0.0,0.0,0.5,1,6,2,0,0,1
12,12,0.0,-1.0328910000000011,11.256915,0.378904187554298,0.6266493055555555,10.08,1.3,0.0,2015-01-01,2015-01-12,53.833395692983416,58.479059269231584,0.0,0.0,0.0,0.0,0.0,19.941679971813034,0.0,0.0,5.91708109334378,0.0,0.0,3.5,0.0,0.0,0.5,1,6,2,0,0,1
13,13,0.0,2.9192609999999997,15.096396000000002,0.5232489955055005,0.21719618055555556,10.08,1.3,0.0,2015-01-01,2015-01-13,54.907338719684006,59.66386386828077,0.0,0.0,0.0,0.0,0.0,20.315600396781416,0.0,0.0,5.936336039079563,0.0,0.0,3.5,0.0,0.0,0.5,1,6,2,0,0,1
14,14,0.0,5.155347,14.819052,0.5664087089579074,0.6238107638888889,10.08,1.3,3.0,2015-01-01,2015-01-14,55.9830224144691,60.85052989456642,0.0,0.0,0.0,0.0,0.0,20.693508533032972,0.0,0.0,5.955838902183479,0.0,0.0,3.5,0.0,0.0,0.5,1,6,2,0,0,1
15,15,0.0,6.810744,13.475667,0.573565964064009,1.354392361111111,9.3425,1.3,4.0,2015-01-01,2015-01-15,57.05998423904996,62.0390450914399,0.0,0.0,0.0,0.0,0.0,21.075221193980862,0.0,0.0,5.975663901030281,0.0,0.0,3.5,0.0,0.0,0.5,1,6,2,0,0,1
16,16,0.0,7.22676,14.186361000000002,0.6000799996975077,0.7060416666666667,5.574999999999999,1.3,2.0,2015-01-01,2015-01-16,58.13782331785499,63.229397179553075,0.0,0.0,0.0,0.0,0.0,21.46057523361302,0.0,0.0,5.995868352683633,0.0,0.0,3.5,0.0,0.0,0.5,1,6,2,0,0,1
17,17,0.0,5.2983525,13.276326,0.5352603759542941,0.5018663194444444,4.324999999999999,1.3,4.0,2015-01-01,2015-01-17,59.21618885062367,64.42157385737073,0.0,0.0,0.0,0.0,0.0,21.849424016900645,0.0,0.0,6.016496420894235,0.0,0.0,3.5,0.0,0.0,0.5,1,6,2,0,0,1
18,18,0.0,2.43463125,10.858233,0.4308952561804913,0.806484375,3.249166666666667,1.3,2.0,2015-01-01,2015-01-18,60.29477128558394,65.6155628016802,0.0,0.0,0.0,0.0,0.0,22.241634702545632,0.0,0.0,6.037581942228414,0.0,0.0,3.5,0.0,0.0,0.5,1,6,2,0,0,1
19,19,0.0,1.6538789999999999,10.624224,0.413046128528579,0.8988975694444444,3.3600000000000003,1.3,1.0,2015-01-01,2015-01-19,61.373295474006596,66.81135166810117,0.0,0.0,0.0,0.0,0.0,22.637086111213815,0.0,0.0,6.05915058722398,0.0,0.0,3.5,0.0,0.0,0.5,1,6,2,0,0,1
20,20,0.0,1.8792209999999994,11.274249,0.4284036901817853,0.25059895833333334,3.3600000000000003,1.3,2.0,2015-01-01,2015-01-20,62.451515277379976,68.00892809159382,0.0,0.0,0.0,0.0,0.0,23.03566702539063,0.0,0.0,6.081221532917526,0.0,0.0,3.5,0.0,0.0,0.5,1,6,2,0,0,1
21,21,0.0,2.5899149999999995,14.264364,0.4990527161007499,0.53375,3.3600000000000003,1.3,1.0,2015-01-01,2015-01-21,63.52920925960667,69.20827968696511,0.0,0.0,0.0,0.0,0.0,23.43727481383425,0.0,0.0,6.103808770541269,0.0,0.0,3.5,0.0,0.0,0.5,1,6,2,0,0,1
22,22,0.0,5.7187019999999995,13.423665,0.5477062496291808,0.5998350694444444,3.3600000000000003,1.3,5.0,2015-01-01,2015-01-22,64.60617720315295,70.40939404937455,0.0,0.0,0.0,0.0,0.0,23.841814304494477,0.0,0.0,6.126922137008192,0.0,0.0,3.5,0.0,0.0,0.5,1,6,2,0,0,1
23,23,0.0,3.3872789999999995,11.976276,0.4694452143451774,0.9987673611111112,3.3600000000000003,1.3,1.0,2015-01-01,2015-01-23,65.68223726019252,71.6122587548382,0.0,0.0,0.0,0.0,0.0,24.24919685064567,0.0,0.0,6.150568134747012,0.0,0.0,3.5,0.0,0.0,0.5,1,6,2,0,0,1
24,24,0.0,2.9279279999999996,10.390215,0.4313484635933993,0.5646354166666667,3.3600000000000003,1.3,2.0,2015-01-01,2015-01-24,66.75722359964048,72.8168613607317,0.0,0.0,0.0,0.0,0.0,24.659339549406102,0.0,0.0,6.109413754905301,0.0,0.0,3.5,0.0,0.0,0.5,1,6,2,0,0,1
25,25,0.0,3.1272689999999996,12.452961,0.4736498847871605,0.33623263888888894,3.3600000000000003,1.3,2.0,2015-01-01,2015-01-25,67.83211998164572,74.02318940629118,0.21206273324454983,0.010603136662227494,0.20145959658232235,0.0,0.0,25.045704431535658,0.0,2.0911964767481526,6.221953603576967,0.0,0.0,3.5,2.5,0.0,0.0,1,6,2,0,0,1
26,26,0.0,5.224683,13.753011,0.5440699821682798,0.7782899305555556,3.3600000000000003,1.3,4.0,2015-01-01,2015-01-26,69.02281516495118,75.23123041311374,0.23438140024277265,0.011719070012138635,0.22266233023063403,0.0,0.0,25.420332438626964,0.0,2.3112856790248024,6.262396255962387,0.0,0.0,3.5,2.5,0.0,0.0,1,6,2,0,0,1
27,27,0.0,6.238721999999999,14.905722,0.5936612379565486,0.5299565972222222,3.3600000000000003,1.3,4.0,2015-01-01,2015-01-27,70.22090033990257,76.44097188565559,0.25721273397990585,0.012860636698995294,0.24435209728091054,0.0,0.0,25.800461827151654,0.0,2.5364303988917065,6.302975120324094,0.0,0.0,3.5,2.5,0.0,0.0,1,6,2,0,0,1
28,28,0.0,6.1347179999999994,14.264364,0.5761700559730059,0.95,6.108333333333333,1.3,7.0,2015-01-01,2015-01-28,71.42642095205282,77.65240131172942,0.28055832969165617,0.014027916484582813,0.2665304132070734,0.0,0.0,26.186072599176825,0.0,2.7666463673131823,6.3437590046974925,0.0,0.0,3.5,2.5,0.0,0.0,1,6,2,0,0,1
29,29,0.0,8.630813999999999,15.347739,0.6645174699512197,0.999227430555556,4.32,1.3,7.0,2015-01-01,2015-01-29,72.63943352874921,78.86550616299996,0.30441986400747595,0.015220993200373798,0.28919887080710216,0.0,0.0,26.57715220615327,0.0,3.001950117894874,6.3846752325593386,0.0,0.0,3.5,2.5,0.0,0.0,1,6,2,0,0,1
30,30,0.0,10.338213,14.281697999999999,0.6815489942402565,1.0554600694444443,6.418333333333333,1.3,4.0,2015-01-01,2015-01-30,73.86011506909753,80.08027389547806,0.32879946962403556,0.01643997348120178,0.31235949614283376,0.0,0.0,26.973882992522793,0.0,3.2423626816199014,6.425728564118575,0.0,0.0,3.5,2.5,0.0,0.0,1,6,2,0,0,1
31,31,0.0,6.4987319999999995,14.758382999999998,0.5963455711133926,1.107734375,28.85375,1.3,2.0,2015-01-01,2015-01-31,75.08867661881288,81.29669195001316,0.35369954539716497,0.017684977269858248,0.33601456812730673,0.0,0.0,27.376495468594754,0.0,3.4879077141244217,6.467150464112981,0.0,0.0,3.5,2.5,0.0,0.0,1,6,2,0,0,1
32,32,0.0,6.9147479999999995,15.278403,0.6190630288836136,0.5241840277777778,29.040000000000003,1.3,1.0,2015-01-01,2015-02-01,76.32518481745949,82.51474775278467,0.3733341797097782,0.018666708985488913,0.35466747072428934,0.0,0.0,27.784965626106263,0.0,3.6815290895945996,6.496617318518549,0.0,0.0,3.5,2.5,0.0,0.5,1,6,2,0,0,1
33,33,0.0,7.365432,16.491783,0.6613377961911532,0.6120225694444444,29.040000000000003,1.3,3.0,2015-01-01,2015-02-02,77.56761195043936,83.73442871579107,0.3777773827789534,0.018888869138947672,0.35888851364000574,0.0,0.0,28.198579728813392,0.0,3.7253444760209393,6.492887097199551,0.0,0.0,3.5,0.0,0.0,0.5,1,6,2,0,0,1
34,34,0.0,9.176835,18.034509,0.7543437884444673,0.6677430555555556,29.040000000000003,1.3,3.0,2015-01-01,2015-02-03,78.81031612037265,84.95572223733785,0.3827117822001997,0.019135589110009985,0.3635761930901897,0.0,0.0,28.615397104939355,0.0,3.7740036559093677,6.489571599563895,0.0,0.0,3.5,0.0,0.0,0.5,1,6,2,0,0,1
35,35,0.0,11.523425249999999,18.84054,0.852059682819204,1.1004600694444444,29.040000000000003,1.3,5.0,2015-01-01,2015-02-04,80.05334550310185,86.17861570252404,0.38810401903251385,0.019405200951625696,0.36869881808088817,0.0,0.0,29.0353326818241,0.0,3.8844295324190417,6.4866421601592235,0.0,0.0,3.5,0.0,0.0,0.5,1,6,2,0,0,1
36,36,0.0,4.279979999999999,14.732382000000001,0.5448337376064113,1.135720486111111,7.721250000000001,1.3,2.0,2015-01-01,2015-02-05,81.29674463169178,87.40309648372642,0.3939235062015595,0.019696175310077977,0.3742273308914815,0.0,0.0,29.458307860345673,0.0,3.9426752261362243,6.484071983216104,0.0,0.0,3.5,0.0,0.0,0.5,1,6,2,0,0,1
37,37,0.0,4.522656,15.261068999999999,0.5620737041028031,0.7391059027777778,2.4000000000000004,1.3,0.0,2015-01-01,2015-02-06,82.54055466031247,88.62915194108263,0.40014214484595545,0.020007107242297775,0.3801350376036577,0.0,0.0,29.884249861562914,0.0,4.0049159204272815,6.481836014419532,0.0,0.0,3.5,0.0,0.0,0.5,1,6,2,0,0,1
38,38,0.0,4.8,15.703085999999999,0.5785830791155798,0.9317274305555555,2.4000000000000004,1.3,6.0,2015-01-01,2015-02-07,83.78481360826031,89.85676942297243,0.4067340752608097,0.020336703763040486,0.3863973714977692,0.0,0.0,30.313091153408088,0.0,4.070892792408518,6.479910819731271,0.0,0.0,3.5,0.0,0.0,0.5,1,6,2,0,0,1
39,39,0.0,11.04024,16.743126,0.7713042031782075,1.594626736111111,4.187916666666667,1.3,7.0,2015-01-01,2015-02-08,85.0295565854822,91.0859362664973,0.4136754575300487,0.02068377287650244,0.3929916846535463,0.0,0.0,30.744768945992096,0.0,4.140367234723384,6.478274471547484,0.0,0.0,3.5,0.0,0.0,0.5,1,6,2,0,0,1
40,40,0.0,11.802935999999999,16.465782,0.7859569542673281,1.5727604166666667,5.870833333333334,1.3,6.0,2015-01-01,2015-02-09,86.27481600093665,92.31663979795815,0.42094427774299276,0.02104721388714964,0.3998970638558431,0.0,0.0,31.179224745941678,0.0,4.213118916015917,6.476906442237096,0.0,0.0,3.5,0.0,0.0,0.5,1,6,2,0,0,1
41,41,0.0,11.568926999999999,15.495078,0.750028695896142,1.6433854166666668,12.339166666666666,1.3,7.0,2015-01-01,2015-02-10,87.52062175507514,93.54886733333126,0.42852017633000733,0.021426008816500367,0.40709416751350697,0.0,0.0,31.616403961709025,0.0,4.288944062788091,6.475787504915778,0.0,0.0,3.5,0.0,0.0,0.5,1,6,2,0,0,1
42,42,0.0,12.140948999999999,15.001058999999998,0.752310443752916,1.3565017361111111,12.6225,1.3,7.0,2015-01-01,2015-02-11,88.76700141766041,94.78260617874298,0.4363842955866341,0.02181921477933171,0.4145650808073024,0.0,0.0,32.056255553045126,0.0,4.367653933309548,6.47489964119513,0.0,0.0,3.5,0.0,0.0,0.5,1,6,2,0,0,1
43,43,0.0,8.02195725,15.278403,0.6469165689241436,1.130980902777778,14.504583333333333,1.3,5.0,2015-01-01,2015-02-12,90.01398039206587,96.01784363094185,0.44451914390366143,0.022225957195183076,0.4222931867084784,0.0,0.0,32.49873171886223,0.0,4.5534778255758,6.47422595559134,0.0,0.0,3.5,0.0,0.0,0.5,1,6,2,0,0,1
44,44,0.0,7.460768999999999,15.174399000000001,0.6300532827773128,0.4865711805555556,16.799999999999997,1.3,0.0,2015-01-01,2015-02-13,91.26158206712438,97.25456697776946,0.45426915210503094,0.02271345760525155,0.4315556944997794,0.0,0.0,32.94378761857014,0.0,4.653353042994423,6.798737497909528,5.5,0.0,3.5,0.0,0.0,0.0,1,6,2,0,0,1
45,45,0.0,5.365521749999999,14.732382000000001,0.5692323167753089,0.6110850694444445,16.799999999999997,1.3,2.0,2015-01-01,2015-02-14,92.27781425409422,98.49276349862924,0.47881981394080053,0.02394099069704003,0.4548788232437605,0.0,0.0,33.73766237060706,0.0,4.90484028669481,6.504476447226037,0.0,0.0,3.5,0.0,0.0,0.5,1,6,2,0,0,1
46,46,0.0,4.982006999999999,13.423665,0.5316036357509248,0.663810763888889,16.799999999999997,1.3,2.0,2015-01-01,2015-02-15,93.53027553947587,99.73242046495363,0.48710995271625435,0.02435549763581272,0.4627544550804416,0.0,0.0,34.18199836992265,0.0,4.989761180660079,6.503520664619906,0.0,0.0,3.5,0.0,0.0,0.5,1,6,2,0,0,1
47,47,0.0,7.062087,11.421588,0.5332886142939034,0.4917708333333333,13.88583333333333,1.3,7.0,2015-01-01,2015-02-16,94.78330657963521,100.97352514066893,0.4956373048156522,0.024781865240782613,0.4708554395748696,0.0,0.0,34.6289731181215,0.0,5.077111993843282,6.502751765388515,0.0,0.0,3.5,0.0,0.0,0.5,1,6,2,0,0,1
48,48,0.0,7.330763999999999,14.099691,0.6004962057778098,0.6381684027777778,7.84375,1.3,4.0,2015-01-01,2015-02-17,96.03692853739297,102.21606478265892,0.5043881712336662,0.02521940856168331,0.4791687626719829,0.0,0.0,35.078542475042305,0.0,5.1667523990665,6.502156058454493,0.0,0.0,3.5,0.0,0.0,0.5,1,6,2,0,0,1
49,49,0.0,6.92124825,14.94039,0.6109315455200022,0.7489149305555556,4.347916666666666,1.3,4.0,2015-01-01,2015-02-18,97.2911609378514,103.46002664122614,0.513349760060245,0.025667488003012252,0.48768227205723275,0.0,0.0,35.530664846091554,0.0,5.258551361076106,6.501720638825278,0.0,0.0,3.5,0.0,0.0,0.5,1,6,2,0,0,1
50,50,0.0,6.4900649999999995,11.863605,0.530482927673452,0.7565711805555555,8.301666666666668,1.3,6.0,2015-01-01,2015-02-19,98.54602177728373,104.70539796055101,0.5225101133724693,0.02612550566862347,0.49638460770384585,0.0,0.0,35.98530098272274,0.0,5.352386387651908,6.501433336922496,0.0,0.0,3.5,0.0,0.0,0.5,1,6,2,0,0,1
51,51,0.0,6.7450192499999995,11.707598999999998,0.5326171795500185,1.2383680555555554,8.0,1.3,6.0,2015-01-01,2015-02-20,99.80152762423465,105.95216597914958,0.5332469807183232,0.02666234903591616,0.5065846316824071,0.0,0.0,36.44241380199278,0.0,5.462370598784308,6.7811327475144125,5.5,0.0,3.5,0.0,0.0,0.0,1,6,2,0,0,1
52,52,0.0,-1.1217277499999998,7.547439,0.3222889400477366,0.740407986111111,10.895,1.3,4.0,2015-01-01,2015-02-21,100.82123275534803,107.20031793032922,0.5569411990174948,0.027847059950874744,0.5290941390666201,0.0,0.0,37.24202861400424,0.0,5.705084774538712,6.530130852167332,0.0,0.0,3.5,0.0,0.0,0.5,1,6,2,0,0,1
53,53,0.0,-1.4481847500000002,6.403395,0.3024692413901447,1.455078125,2.88,1.3,5.0,2015-01-01,2015-02-22,102.08126689346184,108.44984104264182,0.5661614811706925,0.028308074058534628,0.5378534071121579,0.0,0.0,37.69871895059729,0.0,5.799533688395247,6.52950905177056,0.0,0.0,3.5,0.0,0.0,0.5,1,6,2,0,0,1
54,54,0.0,-1.570245,7.868117999999999,0.3205213947628482,1.389765625,2.88,1.3,2.0,2015-01-01,2015-02-23,103.34189291427619,109.70072254033568,0.5755590517154181,0.028777952585770913,0.5467810991296472,0.0,0.0,38.157933937261085,0.0,5.895798674226694,6.529017241929135,0.0,0.0,3.5,0.0,0.0,0.5,1,6,2,0,0,1
55,55,0.0,0.024483000000000033,10.381548,0.3818252112626945,0.8916319444444445,2.88,1.3,0.0,2015-01-01,2015-02-24,104.60312610863485,110.95294964380486,0.5851242193906614,0.02925621096953307,0.5558680084211283,0.0,0.0,38.61963694027549,0.0,5.993780458598559,6.5286453093044,0.0,0.0,3.5,0.0,0.0,0.5,1,6,2,0,0,1
56,56,0.0,0.81318,10.26021,0.3927067660858445,0.4376736111111111,2.88,1.3,5.0,2015-01-01,2015-02-25,105.86498058123968,112.20650957003676,0.5948478787569877,0.029742393937849387,0.5651054848191384,0.0,0.0,39.083793226477695,0.0,6.093385769000253,6.528383676749063,0.0,0.0,3.5,0.0,0.0,0.5,1,6,2,0,0,1
57,57,0.0,2.351572499999999,10.936236000000001,0.4308046652068463,0.9190538194444444,2.88,1.3,1.0,2015-01-01,2015-02-26,107.12746932532583,113.46138953305785,0.6047214673443447,0.030236073367217238,0.5744853939771275,0.0,0.0,39.55036982825086,0.0,6.194526894884208,6.528223271535419,0.0,0.0,3.5,0.0,0.0,0.5,1,6,2,0,0,1
58,58,0.0,1.4718719999999994,12.955646999999999,0.4516573672501419,0.7386718750000001,2.88,1.3,0.0,2015-01-01,2015-02-27,108.3906042923194,114.71757674437652,0.6148756141837971,0.03074378070918986,0.5841318334746073,0.0,0.0,40.019335420210254,0.0,6.298541948240623,6.76174971262725,5.5,0.0,3.5,0.0,0.0,0.0,1,6,2,0,0,1
59,59,0.0,4.357982999999999,15.226401,0.5575729608953012,0.59984375,2.88,1.3,0.0,2015-01-01,2015-02-28,109.41430279630303,115.97505841342536,0.6389592414384632,0.03194796207192316,0.60701127936654,0.0,0.0,40.824799339290195,0.0,6.545245074905786,6.555161459476021,0.0,0.0,3.5,0.0,0.0,0.5,1,6,2,0,0,1
60,60,0.0,8.275466999999999,17.8005,0.7216490824250477,0.6559809027777778,2.88,1.3,0.0,2015-01-01,2015-03-01,110.68163998414902,117.23382174799934,0.6488358723304875,0.03244179361652438,0.6163940787139631,0.0,0.0,41.29358369344509,0.0,6.646417364952255,6.554639118253183,0.0,0.0,3.5,0.0,0.0,0.5,1,6,2,0,0,1
61,61,0.0,7.001417999999999,15.590415,0.6289682595856247,0.4431684027777778,2.88,1.3,2.0,2015-01-01,2015-03-02,111.94957225391236,118.49385395469415,0.6588479829573284,0.03294239914786642,0.6259055838094619,0.0,0.0,41.76479648971084,0.0,6.748977455674494,6.554205532427428,0.0,0.0,3.5,0.0,0.0,0.5,1,6,2,0,0,1
62,62,0.0,6.8800799999999995,14.654378999999999,0.602998789358753,0.9071961805555555,3.330833333333333,1.3,3.0,2015-01-01,2015-03-03,113.2181108325095,119.75514223934044,0.668988456136606,0.0334494228068303,0.6355390333297757,0.0,0.0,42.23840671995787,0.0,6.852852441478694,6.553853013588021,0.0,0.0,3.5,0.0,0.0,0.5,1,6,2,0,0,1
63,63,0.0,7.7532802499999995,13.510335000000001,0.5965007623666945,0.7053211805555555,2.4000000000000004,1.3,3.0,2015-01-01,2015-03-04,114.48726606629022,121.01767380743667,0.6792505722736459,0.0339625286136823,0.6452880436599636,0.0,0.0,42.71438483812459,0.0,6.957973489501818,6.553574253171977,0.0,0.0,3.5,0.0,0.0,0.5,1,6,2,0,0,1
64,64,0.0,4.422263249999999,13.72701,0.5260980930813068,0.9900086805555556,3.998333333333333,1.3,4.0,2015-01-01,2015-03-05,115.7570474738219,122.28143586458077,0.6896279826417211,0.03448139913208606,0.6551465835096351,0.0,0.0,43.19270266495394,0.0,7.064275565905015,6.553362301599423,0.0,0.0,3.5,0.0,0.0,0.5,1,6,2,0,0,1
65,65,0.0,3.3959459999999995,12.088947000000001,0.4717957505070064,1.388203125,3.3600000000000003,1.3,0.0,2015-01-01,2015-03-06,117.02746379533795,123.546415616898,0.7001146847882151,0.03500573423941076,0.6651089505488044,0.0,0.0,43.6733333002912,0.0,7.171697183944096,6.553210548618674,0.0,0.0,3.5,0.0,0.0,0.5,1,6,2,0,0,1
66,66,0.0,3.7079579999999996,16.84713,0.5797929283047699,0.5369618055555556,3.3600000000000003,1.3,1.0,2015-01-01,2015-03-07,118.29852303908508,124.8126002714676,0.720347327955412,0.0360173663977706,0.6843299615576414,0.0,0.0,44.156251042237535,0.0,7.378952356815988,6.568737182418625,0.0,0.0,3.5,0.0,0.0,0.5,1,6,2,0,0,1
67,67,0.0,8.327469,18.736536,0.750028695896142,0.37805555555555553,3.3600000000000003,1.3,7.0,2015-01-01,2015-03-08,119.57447792792951,126.07997703674727,0.7428150841271202,0.037140754206356014,0.7056743299207642,0.0,0.0,44.64173364436023,0.0,7.609103140919201,6.767921330492459,5.5,0.0,3.5,0.0,0.0,0.0,1,6,2,0,0,1
68,68,0.0,6.299391,16.344444,0.6302704851908877,1.2407118055555555,3.230833333333333,1.3,3.0,2015-01-01,2015-03-09,120.6032940875535,127.34853312299492,0.7755386387423105,0.03877693193711553,0.736761706805195,0.0,0.0,45.45438349226944,0.0,7.944310257098166,6.62807885995886,0.0,0.0,3.5,0.0,0.0,0.5,1,6,2,0,0,1
69,69,0.0,2.5436909999999995,12.184284,0.4573010318029994,1.1030815972222223,2.88,1.3,2.0,2015-01-01,2015-03-10,121.89248005163248,128.6182557426888,0.7964316031150587,0.039821580155752934,0.7566100229593057,0.0,0.0,45.94055749085019,0.0,8.158329498533742,6.6441613051850625,0.0,0.0,3.5,0.0,0.0,0.5,1,6,2,0,0,1
70,70,0.0,1.7665499999999996,15.919761000000001,0.5162844080676127,0.6993836805555556,2.88,1.3,0.0,2015-01-01,2015-03-11,123.18689691405781,129.88913211094507,0.8173017161223328,0.04086508580611664,0.7764366303162161,0.0,0.0,46.429425241074085,0.0,8.372114659643652,6.660055688073486,0.0,0.0,3.5,0.0,0.0,0.5,1,6,2,0,0,1
71,71,0.0,6.351393,16.977135,0.6476393398195057,0.872734375,2.88,1.3,2.0,2015-01-01,2015-03-12,124.48652778503185,131.16114944593312,0.8381496557341875,0.04190748278670938,0.7962421729474781,0.0,0.0,46.92099203822667,0.0,8.58567268528427,6.675766162318698,0.0,0.0,3.5,0.0,0.0,0.5,1,6,2,0,0,1
72,72,0.0,9.462845999999999,14.784384,0.671606128584187,0.7374565972222222,2.88,1.3,7.0,2015-01-01,2015-03-13,125.79135639792361,132.434294969289,0.8589760729782007,0.04294880364891004,0.8160272693292906,0.0,0.0,47.415263245030765,0.0,8.799010244323924,6.691296692983277,0.0,0.0,3.5,0.0,0.0,0.5,1,6,2,0,0,1
73,73,0.0,8.318802,20.088588,0.790188164410532,0.40512152777777777,2.88,1.3,1.0,2015-01-01,2015-03-14,127.10136708543565,133.70855590652582,0.8797815928651382,0.04398907964325691,0.8357925132218813,0.0,0.0,47.91224429175448,0.0,9.012133739125037,6.7066510663803385,0.0,0.0,0.0,0.0,0.0,0.5,1,6,2,0,0,1
74,74,0.0,9.974198999999999,19.897914,0.8361185615405324,0.5864496527777778,5.47625,1.3,5.0,2015-01-01,2015-03-15,128.4165447568509,134.98391948744325,0.9008578550994553,0.045042892754972766,0.8558149623444825,0.0,0.0,48.41194067633527,0.0,9.228030611163426,6.868816862884559,5.5,0.0,3.5,0.0,0.0,0.0,1,6,2,0,0,1
75,75,0.0,11.178912,18.251184,0.8220168854363613,0.4928645833333334,6.219166666666667,1.3,3.0,2015-01-01,2015-03-16,129.4489154472355,136.26037294653287,0.9339153335554732,0.04669576667777367,0.8872195668776995,0.0,0.0,49.22958154404125,0.0,9.566658310742433,6.762977559852443,0.0,0.0,3.5,0.0,0.0,0.5,1,6,2,0,0,1
76,76,0.0,10.866900000000001,18.069177,0.8065039934756427,1.039201388888889,10.8925,1.3,4.0,2015-01-01,2015-03-17,130.7769257060439,137.53790352338297,0.9543823440235085,0.047719117201175436,0.9066632268223331,0.0,0.0,49.73020292368109,0.0,9.77631424930022,6.777324003454266,0.0,0.0,3.5,0.0,0.0,0.5,1,6,2,0,0,1
77,77,0.0,9.901974,18.199182,0.7808708356431103,0.7625434027777778,12.544583333333334,1.3,3.0,2015-01-01,2015-03-18,132.1100017062387,138.8164984630801,0.9748379925380836,0.04874189962690418,0.9260960929111793,0.0,0.0,50.233634038232374,0.0,9.985853800512617,6.791519776716992,0.0,0.0,3.5,0.0,0.0,0.5,1,6,2,0,0,1
78,78,0.0,9.532181999999999,18.129846,0.7676787757257568,0.9046354166666664,3.8341666666666665,1.3,4.0,2015-01-01,2015-03-19,133.44813209844688,140.09614501660838,0.9952825623304101,0.049764128116520506,0.9455184342138896,0.0,0.0,50.7398788550038,0.0,10.195279865687821,6.8055675584134026,0.0,0.0,3.5,0.0,0.0,0.5,1,6,2,0,0,1
79,79,0.0,12.582965999999999,15.685752,0.7859569542673281,2.2368229166666667,8.57125,1.3,5.0,2015-01-01,2015-03-20,134.79130595532337,141.37683044124697,1.0157163237953675,0.05078581618976838,0.9649305076055991,0.0,0.0,51.24894145995652,0.0,10.40459521464376,6.819469908494867,0.0,0.0,3.5,0.0,0.0,0.5,1,6,2,0,0,1
80,80,0.0,12.643635,19.299891,0.9050749137410654,1.0351822916666666,5.38125,1.3,4.0,2015-01-01,2015-03-21,136.13951275627562,142.65854200096453,1.036139535024687,0.05180697675123435,0.9843325582734526,0.0,0.0,51.76082605613081,0.0,10.613802491169764,6.833229274236174,0.0,0.0,3.5,0.0,0.0,0.5,1,6,2,0,0,1
81,81,0.0,8.081904,17.54049,0.7089406117877947,1.7464496527777778,16.868333333333332,1.3,5.0,2015-01-01,2015-03-22,137.49274237284806,143.94126696681207,1.0583431191509631,0.05291715595754817,1.005425963193415,0.0,0.0,52.275536962096815,0.0,10.841247201603242,6.961811127116352,5.5,0.0,3.5,0.0,0.0,0.0,1,6,2,0,0,1
82,82,0.0,7.088087999999999,12.296955,0.5531040296689078,0.8810590277777778,3.8833333333333337,1.3,3.0,2015-01-01,2015-03-23,138.52808772004192,145.22499261731258,1.0893093589132214,0.054465467945661074,1.0348438909675604,0.0,0.0,53.097600580139,0.0,11.158453081333514,6.886885538584066,0.0,0.0,3.5,0.0,0.0,0.5,1,6,2,0,0,1
83,83,0.0,6.966749999999999,15.477744000000001,0.6252914841858919,0.6175347222222222,2.4000000000000004,1.3,8.0,2015-01-01,2015-03-24,139.8938194760172,146.5097062388494,1.1094329392988507,0.055471646964942535,1.0539612923339081,0.0,0.0,53.61347229855474,0.0,11.36459105832245,6.899743449129563,0.0,0.0,3.5,0.0,0.0,0.5,1,6,2,0,0,1
84,84,0.0,9.532181999999999,15.625083,0.6961133425704069,0.7075173611111111,4.993333333333333,1.3,7.0,2015-01-01,2015-03-25,141.26448960985837,147.795395126051,1.1295537416163508,0.05647768708081755,1.0730760545355333,0.0,0.0,54.13225997046376,0.0,11.57070057788318,6.912478182866575,0.0,0.0,3.5,0.0,0.0,0.5,1,6,2,0,0,1
85,85,0.0,7.73450175,14.290364999999998,0.6149234428936368,0.7983854166666666,7.485833333333334,1.3,7.0,2015-01-01,2015-03-26,142.64009092051143,149.08204658217466,1.4150929093985267,0.07075464546992634,1.3443382639286003,0.0,0.0,54.65396655486289,0.0,12.861634414297248,6.9250914072574705,0.0,0.0,3.5,0.0,0.0,0.5,1,6,2,0,0,1
86,86,0.0,7.313429999999999,17.757165,0.6937458836541361,0.7658854166666667,2.88,1.3,1.0,2015-01-01,2015-03-27,143.99206204768947,150.36964791948662,1.4402202804436879,0.0720110140221844,1.3682092664215035,0.0,0.0,55.16774388837995,0.0,13.090014514309637,6.938763957293453,0.0,0.0,3.5,0.0,0.0,0.5,1,6,2,0,0,1
87,87,0.0,8.769486,19.958582999999997,0.8000496450074712,0.43171006944444446,2.88,1.3,3.0,2015-01-01,2015-03-28,145.3473934516756,151.6581864596405,0.9476017597224952,0.04738008798612476,0.9002216717363704,0.0,0.0,55.68376052891551,0.0,8.820609721594177,6.188329042797013,0.0,4.5,0.0,0.0,0.0,0.0,1,6,2,0,0,1
88,88,0.0,11.854938,21.336636,0.948990858464783,0.4645052083333334,3.21125,1.3,6.0,2015-01-01,2015-03-29,146.25988629026583,152.9476495340532,1.2562769601377495,0.06281384800688748,1.193463112130862,0.0,0.0,56.40977561462503,0.0,11.418172529225757,6.53790355772711,0.0,4.5,0.0,0.0,0.0,0.5,1,6,2,0,0,1
89,89,0.0,12.873310499999999,18.502527,0.8856971051001753,1.2117621527777778,18.2675,1.3,7.0,2015-01-01,2015-03-30,147.55963631467878,154.2380244842784,1.5309919704962822,0.07654959852481412,1.454442371971468,0.0,0.0,56.90178250244149,0.0,13.915029101599593,7.010563791093988,0.0,0.0,3.5,0.0,0.0,0.5,1,6,2,0,0,1
90,90,0.0,10.927569,17.592492,0.7936407589971772,1.340720486111111,10.759166666666664,1.3,1.0,2015-01-01,2015-03-31,148.92704350478778,155.52929866237736,1.5557998980698033,0.07778999490349017,1.4780099031663132,0.0,0.0,57.420216329164504,0.0,14.140505812639445,7.023407185095344,0.0,0.0,3.5,0.0,0.0,0.5,1,6,2,0,0,1
91,91,0.0,10.008866999999999,18.207849,0.7843753949993675,0.476640625,18.48,1.3,3.0,2015-01-01,2015-04-01,150.29773895537116,156.82145943128802,1.580614722369629,0.07903073611848145,1.5015839862511475,0.0,0.0,57.94095702430153,0.0,14.366045207317796,7.036179011718008,0.0,0.0,3.5,0.0,0.0,0.5,1,6,2,0,0,1
92,92,0.0,10.944903,19.767909,0.8635272486423664,0.5868836805555556,18.48,1.3,0.0,2015-01-01,2015-04-02,151.67171614483468,158.11449416519065,1.605435579915478,0.08027177899577391,1.5251638009197042,0.0,0.0,58.46400158811273,0.0,14.591639437550889,7.048879032681139,0.0,0.0,0.0,0.0,0.0,0.5,1,6,2,0,0,1
93,93,0.0,11.282916,21.2673,0.9261947422256398,0.8253559027777777,18.48,1.3,6.0,2015-01-01,2015-04-03,153.04896867883605,159.40839024987196,1.632624380277506,0.08163121901387531,1.5509931612636307,0.0,0.0,58.98934725195651,0.0,14.83875565733914,7.117183905381731,5.5,0.0,0.0,0.0,0.0,0.0,1,6,2,0,0,1
94,94,0.0,13.198322999999998,21.067959,0.988295387152221,0.4622222222222222,18.48,1.3,2.0,2015-01-01,2015-04-04,154.09098536080123,160.70313508308658,1.6693131212393462,0.08346565606196732,1.5858474651773788,0.0,0.0,59.81988862528585,0.0,15.17221586354751,7.099462005197101,0.0,0.0,0.0,0.0,0.0,0.5,1,6,2,0,0,1
95,95,0.0,12.825641999999998,22.784025,1.0394303616078835,0.9647916666666664,18.48,1.3,1.0,2015-01-01,2015-04-05,155.47650554852748,161.99871607491542,1.6938641002751489,0.08469320501375745,1.6091708952613915,0.0,0.0,60.34535343387259,0.0,15.395357195663848,7.111539993929316,0.0,0.0,0.0,0.0,0.0,0.5,1,6,2,0,0,1
96,96,0.0,12.236286,22.420011,1.0029084476196362,1.108446180555556,18.48,1.3,1.0,2015-01-01,2015-04-06,156.8652499376939,163.29512064812286,1.7184246745034115,0.08592123372517058,1.6325034407782408,0.0,0.0,60.873189181578724,0.0,15.618585737500995,7.123553225574145,0.0,0.0,0.0,0.0,0.0,0.5,1,6,2,0,0,1
97,97,0.0,15.053061,24.612762,1.2081836184778427,1.259262152777778,18.48,1.3,4.0,2015-01-01,2015-04-07,158.25721337556277,164.59233623850974,1.7429939101297025,0.08714969550648513,1.6558442146232173,0.0,0.0,61.40339204664369,0.0,15.84189300189708,7.13550126778372,0.0,0.0,0.0,0.0,0.0,0.5,1,6,2,0,0,1
98,98,0.0,14.6933805,23.711394,1.1533182839370284,0.6428732638888889,18.48,1.3,1.0,2015-01-01,2015-04-08,159.65239079833887,165.89035029526616,1.4402800281194126,0.07201400140597063,1.3682660267134419,0.0,0.0,61.93595846951934,0.0,13.09055755481049,6.529520770732849,0.0,4.5,0.0,0.0,0.0,0.0,1,6,2,0,0,1
99,99,0.0,13.310994,26.666840999999998,1.222106375124246,1.0178385416666667,18.48,1.3,1.0,2015-01-01,2015-04-09,160.60261398351983,167.18915028131931,1.8062308606113495,0.09031154303056749,1.715919317580782,0.0,0.0,62.69446239725088,0.0,16.41664716338579,7.186858475458573,0.0,0.0,0.0,0.0,0.0,0.5,1,6,2,0,0,1
100,100,0.0,17.375817,26.20749,1.393485353243293,1.600251736111111,11.375833333333334,1.3,3.0,2015-01-01,2015-04-10,162.00600877663325,168.48872367368102,1.8305379986815962,0.09152689993407981,1.7390110987475162,0.0,0.0,63.22750687908099,0.0,16.63757224995854,7.198185777520089,0.0,0.0,0.0,0.0,0.0,0.5,1,6,2,0,0,1
101,101,0.0,19.10055,22.48068,1.2958941967503124,1.9394270833333336,8.375416666666666,1.3,7.0,2015-01-01,2015-04-11,163.41256898252524,169.78905796379138,1.8548569362265557,0.09274284681132779,1.7621140894152278,0.0,0.0,63.76297677809524,0.0,16.858604580747578,7.20945437311644,0.0,0.0,0.0,0.0,0.0,0.5,1,6,2,0,0,1
102,102,0.0,17.5910475,20.946621,1.158995339420398,2.263532986111111,8.004583333333333,1.3,6.0,2015-01-01,2015-04-12,164.82229063057196,171.09014065786073,1.879186687292228,0.0939593343646114,1.7852273529276166,0.0,0.0,64.30086773672849,0.0,17.07973519451805,7.2206636693298485,0.0,0.0,0.0,0.0,0.0,0.5,1,6,2,0,0,1
103,103,0.0,10.355547,18.771204,0.8124606518261327,1.4231163194444445,5.258333333333334,1.3,2.0,2015-01-01,2015-04-13,166.2351698080407,172.39195927720812,1.9039541267813365,0.09519770633906684,1.8087564204422697,0.0,0.0,64.8411756794844,0.0,17.304843913508478,7.235522653826949,5.5,0.0,0.0,0.0,0.0,0.0,1,6,2,0,0,1
104,104,0.0,9.592851,17.055138,0.7379618997368121,0.8658680555555556,4.5600000000000005,1.3,2.0,2015-01-01,2015-04-14,167.28238012883293,173.69450135859898,1.9415314171241143,0.09707657085620572,1.8444548462679085,0.0,0.0,65.67824596618439,0.0,17.646380053968777,7.267427065735371,0.0,0.0,0.0,0.0,0.0,0.5,1,6,2,0,0,1
105,105,0.0,10.069536,19.299891,0.8200977726533998,0.755251736111111,4.5600000000000005,1.3,0.0,2015-01-01,2015-04-15,168.7034290517054,174.99775445457874,1.9656347565279708,0.09828173782639855,1.8673530187015723,0.0,0.0,66.21933960357427,0.0,17.86545283535095,7.278216805310823,0.0,0.0,0.0,0.0,0.0,0.5,1,6,2,0,0,1
106,106,0.0,14.221028999999998,21.362637,1.0384190405814706,1.4548177083333333,4.361666666666667,1.3,3.0,2015-01-01,2015-04-16,170.12755288164698,176.30170613380477,1.9897486983049517,0.09948743491524759,1.890261263389704,0.0,0.0,66.76283538558984,0.0,18.084621980615765,7.288940175981563,5.5,0.0,0.0,0.0,0.0,0.0,1,6,2,0,0,1
107,107,0.0,13.172322000000001,22.896696,1.0574400787909977,1.3310416666666667,4.887499999999999,1.3,2.0,2015-01-01,2015-04-17,171.55324841740713,177.60634398137523,2.0138873895790192,0.10069436947895097,1.9131930201000682,0.0,0.0,67.30815900812519,0.0,18.304016071522916,7.299649692243232,5.5,0.0,0.0,0.0,0.0,0.0,1,6,2,0,0,1
108,108,0.0,12.262287,20.617275,0.9378400550225544,1.073810763888889,5.04,1.3,1.0,2015-01-01,2015-04-18,172.97687708521553,178.91165559915618,1.8685661167543262,0.09342830583771632,1.7751378109166098,0.0,0.0,67.85391002792518,0.0,16.983205917449016,7.163283730986429,0.0,4.5,0.0,0.0,0.0,0.0,1,6,2,0,0,1
109,109,0.0,12.730305000000001,23.798064,1.0757229512614008,1.0260503472222222,5.04,1.3,0.0,2015-01-01,2015-04-19,174.00796153492433,180.2176286061058,2.07558958343506,0.10377947917175301,1.9718101042633072,0.0,0.0,68.6792183430068,0.0,18.86482098734559,7.344610367419911,5.5,0.0,0.0,0.0,0.0,0.0,1,6,2,0,0,1
110,110,0.0,14.463705000000001,24.049407,1.1579444771909315,0.985824652777778,5.04,1.3,0.0,2015-01-01,2015-04-20,175.43741760491883,181.52425063859556,1.8597870273856631,0.09298935136928316,1.76679767601638,0.0,0.0,69.2255286845535,0.0,16.903413673985526,7.0472041869125714,0.0,4.5,0.0,0.0,0.0,0.0,1,6,2,0,0,1
111,111,0.0,15.46041,26.840180999999998,1.330247320383398,0.8424565972222222,5.04,1.3,0.0,2015-01-01,2015-04-21,176.8050090855032,182.8315093507303,1.4553582061231507,0.07276791030615753,1.382590295816993,0.0,0.0,69.74940438689931,0.0,13.546984911774627,6.401207836420103,5.5,0.0,0.0,0.0,0.0,0.0,1,6,2,0,0,1
112,112,0.0,18.346521,28.287570000000002,1.5545650097754844,1.81671875,5.04,1.3,2.0,2015-01-01,2015-04-22,178.04395274099176,184.13939241466426,1.8377386653047358,0.0918869332652368,1.745851732039499,0.0,0.0,70.2249455390783,0.0,16.703018370867603,6.862514219306519,0.0,4.5,0.0,0.0,0.0,0.0,1,6,2,0,0,1
113,113,0.0,18.259851,25.990814999999998,1.427414829167162,1.3415451388888888,4.2925,1.3,2.0,2015-01-01,2015-04-23,179.36932891007112,185.44788752091557,1.6038691154005276,0.0801934557700264,1.5236756596305012,0.0,0.0,70.73435988672134,0.0,14.929376572295016,6.637051276514491,5.5,0.0,0.0,0.0,0.0,0.0,1,6,2,0,0,1
114,114,0.0,12.966480749999999,25.574799,1.1591499484669658,2.168046875,14.441666666666666,1.3,2.0,2015-01-01,2015-04-24,180.6480183349233,186.75698237867778,2.200544858882409,0.11002724294412046,2.0905176159382886,0.0,0.0,71.2266975780879,0.0,20.00052667865932,7.414119170239994,5.5,0.0,0.0,0.0,0.0,0.0,1,6,2,0,0,1
115,115,0.0,8.616368999999999,17.904504,0.7343090565859625,2.110130208333333,19.92,1.3,1.0,2015-01-01,2015-04-25,182.07318281468815,188.06666471612908,2.2258037377350646,0.11129018688675325,2.1145135508483115,0.0,0.0,71.77627595456609,0.0,20.230102039655197,7.3708817058557745,5.5,0.0,3.5,0.0,0.0,0.0,1,6,2,0,0,1
116,116,0.0,8.604813,22.532682,0.8776706501065007,1.2997395833333334,19.92,1.3,0.0,2015-01-01,2015-04-26,183.12668847664324,189.37692228073917,2.2614502173485174,0.11307251086742587,2.1483777064810914,0.0,0.0,72.62108030766251,0.0,20.55408923929413,7.457165025210989,5.5,0.0,3.5,0.0,0.0,0.0,1,6,2,0,0,1
117,117,0.0,14.342367,24.578094,1.175484849071729,1.7516579861111112,19.92,1.3,0.0,2015-01-01,2015-04-27,184.55716648662025,190.68774283957316,2.2853756397795837,0.11426878198897919,2.1711068577906043,0.0,0.0,73.17122416912343,0.0,20.77154495154611,7.46738560454962,5.5,0.0,0.0,0.0,0.0,0.0,1,6,2,0,0,1
118,118,0.0,14.50487325,25.037445,1.2027110420051073,0.990668402777778,11.572916666666664,1.3,3.0,2015-01-01,2015-04-28,185.98559906501987,191.99911417959328,2.309346517455935,0.11546732587279676,2.193879191583138,0.0,0.0,73.72184167195753,0.0,20.989413801863595,7.4776920004263,5.5,0.0,0.0,0.0,0.0,0.0,1,6,2,0,0,1
119,119,0.0,14.489705999999998,27.16086,1.2991711599868014,1.0909288194444444,3.84,1.3,0.0,2015-01-01,2015-04-29,187.41205027730626,193.31102410795785,2.0003357000360493,0.10001678500180247,1.9003189150342468,0.0,0.0,74.27293740106654,0.0,18.180846154240374,6.938840358157969,0.0,4.5,0.0,0.0,0.0,0.0,1,6,2,0,0,1
120,120,0.0,18.346521,29.726292,1.636017852951866,0.7263020833333332,3.84,1.3,2.0,2015-01-01,2015-04-30,188.7320942338386,194.6234604523184,1.3999256109135838,0.06999628054567919,1.3299293303679045,0.0,0.0,74.7840583993393,0.0,13.030998862590959,5.6895812879599585,0.0,4.5,0.0,0.0,0.0,0.0,1,6,2,0,0,1
121,121,0.0,19.741908,32.222388,1.8753016732670285,0.819704861111111,3.84,1.3,4.0,2015-01-01,2015-05-01,189.8119471811283,195.936411061113,1.2840468192221675,0.06420234096110838,1.2198444782610591,0.0,0.0,75.20290003940137,0.0,11.952358404157005,5.376890576483321,0.0,4.5,0.0,0.0,0.0,0.0,1,6,2,0,0,1
122,122,0.0,19.863246,30.905004,1.7987029704306996,0.8348784722222222,3.84,1.3,4.0,2015-01-01,2015-05-02,190.8309230308366,197.24986380385866,1.3572790703053839,0.0678639535152692,1.2894151167901147,0.0,0.0,75.59838857660729,0.0,12.634029896649814,5.513825370152006,0.0,4.5,0.0,0.0,0.0,0.0,1,6,2,0,0,1
123,123,0.0,18.121178999999998,30.298314,1.6561937193790888,1.5458072916666665,3.84,1.3,0.0,2015-01-01,2015-05-03,191.87450153852012,198.56380657143956,1.7100250777300339,0.0855012538865017,1.6245238238435322,0.0,0.0,76.00358565989562,0.0,15.917513522993634,6.42033930681715,0.0,4.5,0.0,0.0,0.0,0.0,1,6,2,0,0,1
124,124,0.0,18.23385,29.526951,1.6180435466352407,0.7428211805555556,3.84,1.3,2.0,2015-01-01,2015-05-04,193.08798117155564,199.87822727639406,1.4978297709990633,0.07489148854995317,1.4229382824491101,0.0,0.0,76.4749920884154,0.0,13.94232514219537,5.77074264011279,0.0,4.5,0.0,0.0,0.0,0.0,1,6,2,0,0,1
125,125,0.0,18.84054,27.68088,1.5483385692306475,0.6354947916666666,7.1625000000000005,1.3,5.0,2015-01-01,2015-05-05,194.17655755222557,201.19311385319907,1.5956324834107687,0.07978162417053844,1.5158508592402302,0.0,0.0,76.89840858108673,0.0,14.852707111251235,6.104268469129474,0.0,4.5,0.0,0.0,0.0,0.0,1,6,2,0,0,1
126,126,0.0,17.994785250000003,26.276826,1.4284913116040885,0.8272743055555556,6.847083333333333,1.3,4.0,2015-01-01,2015-05-06,195.32629678878575,202.5084542585505,1.7946333617288428,0.08973166808644215,1.7049016936424006,0.0,0.0,77.34593487020148,0.0,16.705077122058547,6.503273713321416,0.0,4.5,0.0,0.0,0.0,0.0,1,6,2,0,0,1
127,127,0.0,14.49909525,22.914029999999997,1.111720341180562,0.8185763888888888,6.047916666666667,1.3,5.0,2015-01-01,2015-05-07,196.5490771256015,203.8242364716436,2.262566459692077,0.11312832298460385,2.149438136707473,0.0,0.0,77.82235957036417,0.0,20.564234651546055,7.296213032359238,0.0,4.5,0.0,0.0,0.0,0.0,1,6,2,0,0,1
128,128,0.0,14.16036,27.490206,1.2991711599868014,0.6566753472222222,5.28,1.3,3.0,2015-01-01,2015-05-08,197.91826064124513,205.1404484944481,1.8567529937797251,0.09283764968898628,1.763915344090739,0.0,0.0,78.35651789901586,0.0,17.283308456844505,6.56648630823404,0.0,4.5,0.0,0.0,0.0,0.0,1,6,2,0,0,1
129,129,0.0,17.939172,27.871554,1.509564230597708,0.750859375,5.28,1.3,4.0,2015-01-01,2015-05-09,199.14750972889274,206.4570783519834,1.508893565687925,0.07544467828439626,1.4334488874035287,0.0,0.0,78.83700119344482,0.0,14.045310825779236,5.526695097569018,0.0,4.5,0.0,0.0,0.0,0.0,1,6,2,0,0,1
130,130,0.0,16.8427965,25.314789,1.3233552902195522,0.662126736111111,4.669583333333334,1.3,5.0,2015-01-01,2015-05-10,199.9288368586769,207.77411409258917,1.8683374318224386,0.09341687159112194,1.7749205602313167,0.0,0.0,79.46542522827302,0.0,17.391140471475513,6.522872119984285,0.0,4.5,0.0,0.0,0.0,0.0,1,6,2,0,0,1
131,131,0.0,16.387779,26.710176,1.369254712161699,0.7540017361111111,4.345416666666667,1.3,2.0,2015-01-01,2015-05-11,201.14867442077588,209.09154378819466,1.8809958853613433,0.09404979426806719,1.7869460910932762,0.0,0.0,79.94089121506491,0.0,17.50896979924957,6.515615254910621,0.0,4.5,0.0,0.0,0.0,0.0,1,6,2,0,0,1
132,132,0.0,20.443935,30.549657,1.8129221022495456,0.940746527777778,8.16,1.3,1.0,2015-01-01,2015-05-12,202.36478743690256,210.40935553458525,1.651771216221427,0.08258856081107135,1.5691826554103556,0.0,0.0,80.41553679360791,0.0,15.375266137030893,5.819142669756374,0.0,4.5,0.0,0.0,0.0,0.0,1,6,2,0,0,1
133,133,0.0,21.070125750000003,31.598364,1.9217193462580808,0.4903559027777778,8.16,1.3,2.0,2015-01-01,2015-05-13,203.44881890192886,211.7275374516663,1.4624510222016636,0.07312255111008319,1.3893284710915803,0.0,0.0,80.83918658377425,0.0,13.613007332916956,5.330892864720223,0.0,4.5,0.0,0.0,0.0,0.0,1,6,2,0,0,1
134,134,0.0,21.041957999999997,30.835668,1.869656922869186,0.8897916666666666,5.890000000000001,1.3,7.0,2015-01-01,2015-05-14,204.44041439098308,213.04607768372432,1.5959480093543161,0.07979740046771581,1.5161506088866004,0.0,0.0,81.2270051954411,0.0,14.855644137461365,5.611906707473317,0.0,4.5,0.0,0.0,0.0,0.0,1,6,2,0,0,1
135,135,0.0,17.133141000000002,28.096895999999997,1.4785158193783414,1.9312239583333333,2.4000000000000004,1.3,3.0,2015-01-01,2015-05-15,205.4830329129186,214.36496439968636,2.4174525548400294,0.12087262774200147,2.296579927098028,0.0,0.0,81.63493365562768,0.0,21.971978495374472,7.3125840122068,0.0,4.5,0.0,0.0,0.0,0.0,1,6,2,0,0,1
136,136,0.0,14.82410775,26.138154,1.2669597055815884,1.626171875,2.4000000000000004,1.3,0.0,2015-01-01,2015-05-16,206.83967607227575,215.68418579337634,2.561544669430852,0.12807723347154262,2.4334674359593094,0.0,0.0,82.16609586905152,0.0,23.28161695624267,7.679634512525148,0.0,4.5,0.0,0.0,0.0,0.0,1,6,2,0,0,1
137,137,0.0,14.489705999999998,28.694919,1.3735543682278937,0.6540190972222223,2.4000000000000004,1.3,0.0,2015-01-01,2015-05-17,208.2609950101077,217.00373008376874,1.911878492318592,0.09559392461592961,1.8162845677026624,0.0,0.0,82.72368089718594,0.0,17.7964359424478,6.2421296647057805,0.0,4.5,0.0,0.0,0.0,0.0,1,6,2,0,0,1
138,138,0.0,17.289147,30.116307,1.5977832227183912,0.8304079861111111,2.4000000000000004,1.3,1.0,2015-01-01,2015-05-18,209.41325939990668,218.32358551524044,1.8070497754890495,0.09035248877445248,1.716697286714597,0.0,0.0,83.17673381411107,0.0,16.820653458633405,5.953426221191852,0.0,4.5,0.0,0.0,0.0,0.0,1,6,2,0,0,1
139,139,0.0,18.372522,31.659032999999997,1.752894551512402,0.8893315972222222,2.4000000000000004,1.3,2.0,2015-01-01,2015-05-19,210.51021475006033,219.64374035781918,1.725474226940259,0.08627371134701296,1.639200515593246,0.0,0.0,83.60858652527276,0.0,16.06131962541579,5.720740122729053,0.0,4.5,0.0,0.0,0.0,0.0,1,6,2,0,0,1
140,140,0.0,20.152868249999997,32.222388,1.9022701503542367,1.1250520833333333,2.4000000000000004,1.3,2.0,2015-01-01,2015-05-20,211.5625157422497,220.9641829074311,1.6995993275509012,0.08497996637754507,1.6146193611733561,0.0,0.0,84.02331106684971,0.0,15.820466981615423,5.621293437941819,0.0,4.5,0.0,0.0,0.0,0.0,1,6,2,0,0,1
141,141,0.0,17.97384,29.76096,1.6165535082268423,1.3387152777777778,3.158333333333333,1.3,2.0,2015-01-01,2015-05-21,212.59490710928105,222.28490148614316,2.032907159742143,0.10164535798710715,1.9312618017550356,0.0,0.0,84.43056986158747,0.0,18.9230132514435,6.378149117423981,0.0,4.5,0.0,0.0,0.0,0.0,1,6,2,0,0,1
142,142,0.0,18.337854,31.468359,1.739087603766044,0.9653298611111112,3.3600000000000003,1.3,3.0,2015-01-01,2015-05-22,213.76467337295767,223.60588444240602,1.8316631646624844,0.09158315823312424,1.7400800064293602,0.0,0.0,84.89234256814123,0.0,17.049763522641896,5.859142488480245,0.0,4.5,0.0,0.0,0.0,0.0,1,6,2,0,0,1
143,143,0.0,19.61118075,31.815039000000002,1.8404962817533808,1.1151822916666665,7.532083333333334,1.3,2.0,2015-01-01,2015-05-23,214.83718719250896,224.92712015129285,1.888339137425148,0.0944169568712574,1.7939221805538905,0.0,0.0,85.31632705603873,0.0,17.577323366428548,5.956214931124289,0.0,4.5,0.0,0.0,0.0,0.0,1,6,2,0,0,1
144,144,0.0,18.961878,32.031714,1.8129221022495456,1.3068229166666665,8.910833333333334,1.3,1.0,2015-01-01,2015-05-24,215.92576064698997,226.24859701473503,2.0165209662519463,0.10082604831259732,1.915694917939349,0.0,0.0,85.74707266404974,0.0,18.770484812026208,6.223636072874931,0.0,4.5,0.0,0.0,0.0,0.0,1,6,2,0,0,1
145,145,0.0,20.331264,31.043676,1.837208880738795,0.7849739583333333,4.5600000000000005,1.3,1.0,2015-01-01,2015-05-25,217.06142775135478,227.5703034617573,1.8471202391400128,0.09235601195700066,1.7547642271830122,0.0,0.0,86.19688276338398,0.0,17.19364339623333,5.601402229126493,0.0,4.5,0.0,0.0,0.0,0.0,1,6,2,0,0,1
146,146,0.0,20.981289,30.584325,1.849458419468448,1.110824652777778,4.5600000000000005,1.3,0.0,2015-01-01,2015-05-26,218.08162212964766,228.8922279487091,1.9447496572867642,0.09723748286433821,1.8475121744224259,0.0,0.0,86.60152971164177,0.0,18.10241228145681,5.811425742625261,0.0,4.5,0.0,0.0,0.0,0.0,1,6,2,0,0,1
147,147,0.0,20.279262,29.136936,1.7154153229904847,0.9994444444444444,3.9970833333333338,1.3,2.0,2015-01-01,2015-05-27,219.1386037147533,230.21435895949338,2.023128179997806,0.1011564089998903,1.9219717709979154,0.0,0.0,87.02107717684265,0.0,18.83198707624367,5.9713594965701615,0.0,4.5,0.0,0.0,0.0,0.0,1,6,2,0,0,1
148,148,0.0,20.391932999999998,31.442358,1.866840112861808,1.0688020833333334,3.3600000000000003,1.3,1.0,2015-01-01,2015-05-28,220.22306388656773,231.5366850057939,1.9409231302177365,0.09704615651088683,1.8438769737068497,0.0,0.0,87.45190792415201,0.0,18.0667936246543,5.716129539907568,0.0,4.5,0.0,0.0,0.0,0.0,1,6,2,0,0,1
149,149,0.0,21.96066,30.827001,1.9296730246259683,1.2058767361111111,3.3600000000000003,1.3,5.0,2015-01-01,2015-05-29,221.25942777278232,232.8591946272989,1.9493827413568345,0.09746913706784173,1.8519136042889928,0.0,0.0,87.86410934504292,0.0,18.14553865387025,5.695705583029943,0.0,4.5,0.0,0.0,0.0,0.0,1,6,2,0,0,1
150,150,0.0,21.917324999999998,32.196387,2.0201327056607608,0.9764149305555555,2.861666666666667,1.3,5.0,2015-01-01,2015-05-30,222.29055790619833,234.18187639192348,1.8493018620937791,0.09246509310468898,1.7568367689890902,0.0,0.0,88.27459846299303,0.0,17.21395070828442,5.394811853885637,0.0,4.5,0.0,0.0,0.0,0.0,1,6,2,0,0,1
151,151,0.0,22.229336999999997,34.553811,2.213512564929405,0.8151215277777778,2.4000000000000004,1.3,6.0,2015-01-01,2015-05-31,223.26566148405567,235.50471889602875,1.7216061979779,0.08608030989889502,1.6355258880790051,0.0,0.0,88.66320015152709,0.0,16.025314654425888,5.023143570951721,0.0,4.5,0.0,0.0,0.0,0.0,1,6,2,0,0,1
152,152,0.0,22.220670000000002,33.548439,2.138233505375469,0.938012152777778,3.4691666666666667,1.3,4.0,2015-01-01,2015-06-01,224.17220037067338,236.82771076463882,1.815949127846598,0.0907974563923299,1.725151671454268,0.0,0.0,89.02484348590599,0.0,16.903491753429176,5.226321622158727,0.0,4.5,0.0,0.0,0.0,0.0,1,6,2,0,0,1
153,153,0.0,22.766690999999998,36.642558,2.419297968399253,1.1952690972222222,2.944583333333333,1.3,4.0,2015-01-01,2015-06-02,225.11441485288168,238.15084065165524,1.7227395735091844,0.08613697867545922,1.636602594833725,0.0,0.0,89.40084988388692,0.0,16.03586451160681,4.944139368468056,0.0,4.5,0.0,0.0,0.0,0.0,1,6,2,0,0,1
154,154,0.0,24.742767,36.330546000000005,2.558148818792852,1.259140625,3.110833333333334,1.3,4.0,2015-01-01,2015-06-03,226.00447547722473,239.47409724006906,1.6826644802300432,0.08413322401150217,1.598531256218541,0.0,0.0,89.75636785595078,0.0,15.66283147980313,4.7999726170188595,0.0,4.5,0.0,0.0,0.0,0.0,1,6,2,0,0,1
155,155,0.0,24.257414999999998,36.616557,2.5411582337363128,1.2794791666666665,2.64,1.3,3.0,2015-01-01,2015-06-04,226.86750294731823,240.7974692421709,1.7048441586881258,0.08524220793440629,1.6196019507537194,0.0,0.0,90.10131775728908,0.0,15.869287710410472,4.817157378423879,0.0,4.5,0.0,0.0,0.0,0.0,1,6,2,0,0,1
156,156,0.0,25.488129,36.070536,2.599931164493043,1.3718315972222221,2.64,1.3,5.0,2015-01-01,2015-06-05,227.73269453698512,242.1209453997575,1.7051876951520322,0.08525938475760163,1.6199283103944306,0.0,0.0,90.44727692521096,0.0,15.87248546837384,4.777850847016305,0.0,4.5,0.0,0.0,0.0,0.0,1,6,2,0,0,1
157,157,0.0,26.320161,36.243876,2.688373107701448,1.1764322916666665,2.64,1.3,2.0,2015-01-01,2015-06-06,228.58986155079404,243.44451448433733,1.6590488322064976,0.08295244161032489,1.5760963905961727,0.0,0.0,90.79020101548406,0.0,15.443008740555326,4.618395873480138,0.0,4.5,0.0,0.0,0.0,0.0,1,6,2,0,0,1
158,158,0.0,20.695278,36.763896,2.2649722651299777,1.2375694444444445,2.64,1.3,1.0,2015-01-01,2015-06-07,229.41740044779704,244.76816529733236,1.8103366270699388,0.09051683135349695,1.7198197957164418,0.0,0.0,91.12149717436878,0.0,16.851248626603883,5.218330251173327,0.0,4.5,0.0,0.0,0.0,0.0,1,6,2,0,0,1
159,159,0.0,19.265223,31.771704,1.8156677722801973,1.2391666666666665,2.64,1.3,2.0,2015-01-01,2015-06-08,230.3520321101256,246.09188667027854,2.1471134723851137,0.10735567361925571,2.039757798765858,0.0,0.0,91.49548039727745,0.0,19.98608568797108,5.9869236372840495,0.0,4.5,0.0,0.0,0.0,0.0,1,6,2,0,0,1
160,160,0.0,19.733241,33.57444,1.9647170792523985,1.643133680555556,2.64,1.3,2.0,2015-01-01,2015-06-09,231.42363632520622,247.41566746502338,2.14762513988832,0.10738125699441602,2.040243882893904,0.0,0.0,91.92417020484856,0.0,19.990848468650515,5.9500717418662035,0.0,4.5,0.0,0.0,0.0,0.0,1,6,2,0,0,1
161,161,0.0,23.84356575,34.510476000000004,2.334691490687883,0.6207378472222222,2.64,1.3,1.0,2015-01-01,2015-06-10,232.48696716199018,248.73949657392103,1.7099951459776308,0.08549975729888154,1.6244953886787492,0.0,0.0,92.35002197883897,0.0,15.91723490773831,4.865831050341896,0.0,4.5,0.0,0.0,0.0,0.0,1,6,2,0,0,1
162,162,0.0,23.728728,34.536477000000005,2.32768764999029,0.889748263888889,2.64,1.3,2.0,2015-01-01,2015-06-11,233.3543624544134,250.06336292002499,1.7797564360646405,0.08898782180323203,1.6907686142614085,0.0,0.0,92.69827929303662,0.0,16.56659747721331,4.997190466024613,0.0,4.5,0.0,0.0,0.0,0.0,1,6,2,0,0,1
163,163,0.0,21.847989000000002,36.443217,2.329735657825758,0.9857899305555554,2.64,1.3,0.0,2015-01-01,2015-06-12,234.24433193952814,251.38725545727925,1.812620520742838,0.0906310260371419,1.7219894947056962,0.0,0.0,93.05569991574586,0.0,16.872507910398543,5.040045612051635,0.0,4.5,0.0,0.0,0.0,0.0,1,6,2,0,0,1
164,164,0.0,18.9662115,35.03049600000001,2.012004882537044,1.6024479166666665,2.64,1.3,0.0,2015-01-01,2015-06-13,235.14095363902015,252.71116317070613,2.169107675535209,0.10845538377676048,2.0606522917584487,0.0,0.0,93.41597073947683,0.0,20.19081544932279,5.85676368714806,0.0,4.5,0.0,0.0,0.0,0.0,1,6,2,0,0,1
165,165,0.0,18.84054,34.328469,1.95531813939608,0.9644878472222222,2.64,1.3,0.0,2015-01-01,2015-06-14,236.1825158371952,254.03507507659134,2.07320093626727,0.1036600468133635,1.9695408894539064,0.0,0.0,93.83421102208102,0.0,19.298081863643382,5.589697731310878,0.0,4.5,0.0,0.0,0.0,0.0,1,6,2,0,0,1
166,166,0.0,20.530604999999998,35.576517,2.163074652956617,1.2676649305555554,2.64,1.3,0.0,2015-01-01,2015-06-15,237.17487662825064,255.35898022266838,2.019951300953117,0.10099756504765585,1.918953735905461,0.0,0.0,94.23324479292359,0.0,18.80241557123282,5.425276704778929,0.0,4.5,0.0,0.0,0.0,0.0,1,6,2,0,0,1
167,167,0.0,21.657315,34.137795000000004,2.14013549425808,0.8803298611111111,2.64,1.3,1.0,2015-01-01,2015-06-16,238.13657740709965,256.6828676882994,1.9685964751097713,0.09842982375548857,1.8701666513542827,0.0,0.0,94.62038493198776,0.0,18.324386830322457,5.265775818445622,0.0,4.5,0.0,0.0,0.0,0.0,1,6,2,0,0,1
168,168,0.0,21.19435275,34.198464,2.110872000356285,1.3345833333333335,2.64,1.3,0.0,2015-01-01,2015-06-17,239.0686349603394,258.00672658465317,2.104496002497968,0.10522480012489842,1.9992712023730697,0.0,0.0,94.9959895604904,0.0,19.589387322503303,5.554666822830831,0.0,4.5,0.0,0.0,0.0,0.0,1,6,2,0,0,1
169,169,0.0,20.825283,32.950416000000004,1.9967301179150008,1.3107899305555555,2.64,1.3,2.0,2015-01-01,2015-06-18,240.0509456494171,259.3305460548827,2.199860116309755,0.10999300581548775,2.089867110494267,0.0,0.0,95.3919290716022,0.0,20.47706996001317,5.7459534934300205,0.0,4.5,0.0,0.0,0.0,0.0,1,6,2,0,0,1
170,170,0.0,21.09396,33.626442,2.0627378334705,0.9791927083333332,2.64,1.3,0.0,2015-01-01,2015-06-19,241.06593964344174,260.65431527429774,2.0916217917572673,0.10458108958786337,1.9870407021694039,0.0,0.0,95.80126423633767,0.0,19.469549650979207,5.449619839966159,0.0,4.5,0.0,0.0,0.0,0.0,1,6,2,0,0,1
171,171,0.0,22.576017,35.888529,2.3434291953861743,0.5218229166666667,2.64,1.3,0.0,2015-01-01,2015-06-20,242.02692427873325,261.9780234505382,1.8547171307650072,0.09273585653825038,1.7619812742267569,0.0,0.0,96.18938185275238,0.0,17.26435792945766,4.846032114699607,0.0,4.5,0.0,0.0,0.0,0.0,1,6,2,0,0,1
172,172,0.0,23.910735,38.202618,2.6484083317576546,1.0794444444444444,2.64,1.3,1.0,2015-01-01,2015-06-21,242.87968196654995,263.30165982374217,1.8176486386186987,0.09088243193093494,1.7267662066877638,0.0,0.0,96.5344976209972,0.0,16.919311396105584,4.722128537228574,0.0,4.5,0.0,0.0,0.0,0.0,1,6,2,0,0,1
173,173,0.0,22.591906499999997,37.59592800000001,2.483424579984334,1.0406684027777777,2.64,1.3,0.0,2015-01-01,2015-06-22,243.70959333301244,264.62521366671376,1.9089429240889868,0.09544714620444936,1.8134957778845375,0.0,0.0,96.87064692656047,0.0,17.76911064318702,4.905777956820849,0.0,4.5,0.0,0.0,0.0,0.0,1,6,2,0,0,1
174,174,0.0,22.376676,36.997905,2.416476453327246,0.8982638888888888,2.64,1.3,0.0,2015-01-01,2015-06-23,244.5711685500761,265.9486742850879,1.9361659038936767,0.09680829519468384,1.839357608698993,0.0,0.0,97.21962647944451,0.0,18.022511692575456,4.935661061235299,0.0,4.5,0.0,0.0,0.0,0.0,1,6,2,0,0,1
175,175,0.0,23.737395,35.819193,2.431321432054535,1.567204861111111,2.64,1.3,0.0,2015-01-01,2015-06-24,245.43710221092232,267.2720310174923,2.053742283969412,0.10268711419847061,1.9510551697709415,0.0,0.0,97.57054317434593,0.0,19.116953899425724,5.18179457319839,0.0,4.5,0.0,0.0,0.0,0.0,1,6,2,0,0,1
176,176,0.0,25.141448999999998,36.304545000000005,2.590179140640145,1.8431336805555556,2.64,1.3,2.0,2015-01-01,2015-06-25,246.3455844896901,268.5952732357083,2.0142052948952824,0.10071026474476413,1.9134950301505183,0.0,0.0,97.93869771307426,0.0,18.74892973039931,5.051260950981272,0.0,4.5,0.0,0.0,0.0,0.0,1,6,2,0,0,1
177,177,0.0,23.748950999999998,35.056497,2.3705644380994952,1.0856597222222222,2.64,1.3,2.0,2015-01-01,2015-06-26,247.2299640021635,269.9183903448286,2.042154981819711,0.10210774909098555,1.9400472327287253,0.0,0.0,98.29744865017013,0.0,19.009095224681776,5.082624174977845,0.0,4.5,0.0,0.0,0.0,0.0,1,6,2,0,0,1
178,178,0.0,21.639981,33.791115000000005,2.1136413988434364,1.4498524305555556,2.64,1.3,1.0,2015-01-01,2015-06-27,248.11888343169275,271.24137178341243,2.3111108245032597,0.11555554122516298,2.1955552832780967,0.0,0.0,98.65824422004015,0.0,21.512630593114185,5.941094452748096,0.0,4.5,0.0,0.0,0.0,0.0,1,6,2,0,0,1
179,179,0.0,21.596646,35.065164,2.2043848651724973,0.7233854166666666,2.64,1.3,0.0,2015-01-01,2015-06-28,249.15804312602728,272.56420702364017,1.9869322928200555,0.09934661464100279,1.8875856781790528,0.0,0.0,99.0794989388819,0.0,18.49506305616239,5.197293562268774,0.0,4.5,0.0,0.0,0.0,0.0,1,6,2,0,0,1
180,180,0.0,22.758024,38.644634999999994,2.5864368456489784,0.97859375,2.64,1.3,0.0,2015-01-01,2015-06-29,250.064835645453,273.88688557146315,1.9625836559753589,0.09812918279876795,1.8644544731765909,0.0,0.0,99.44809006271032,0.0,18.26841739973939,4.783015704750861,0.0,4.5,0.0,0.0,0.0,0.0,1,6,2,0,0,1
181,181,0.0,25.436127,39.996687,2.9552791555012843,1.392309027777778,2.64,1.3,0.0,2015-01-01,2015-06-30,250.8977562558784,275.2093969667535,1.857932756330393,0.09289663781651965,1.7650361185138732,0.0,0.0,99.78728827104077,0.0,17.29429010068046,4.497573815879026,0.0,4.5,0.0,0.0,0.0,0.0,1,6,2,0,0,1
182,182,0.0,25.644135,39.840681,2.9603224078041803,1.2073958333333334,2.64,1.3,1.0,2015-01-01,2015-07-01,251.67969797051063,276.5317307834505,1.854202959367873,0.09271014796839366,1.7614928113994794,0.0,0.0,100.1061979124396,0.0,17.259571841654843,4.454511699520373,0.0,4.5,0.0,0.0,0.0,0.0,1,6,2,0,0,1
183,183,0.0,24.907439999999998,37.370586,2.662950511655121,0.9924479166666667,2.64,1.3,0.0,2015-01-01,2015-07-02,252.4533610865604,277.8538766297049,1.9747886208206376,0.09873943104103189,1.8760491897796057,0.0,0.0,100.42191503060144,0.0,18.382025495610282,4.709293866919854,0.0,4.5,0.0,0.0,0.0,0.0,1,6,2,0,0,1
184,184,0.0,27.299532,37.12791,2.8592329875132774,1.3973784722222222,2.64,1.3,1.0,2015-01-01,2015-07-03,253.27101075875873,279.17582414802155,1.9472350672124563,0.09736175336062282,1.8498733138518335,0.0,0.0,100.755416990233,0.0,18.12554734925061,4.608720767064089,0.0,4.5,0.0,0.0,0.0,0.0,1,6,2,0,0,1
185,185,0.0,22.67063175,37.56992700000001,2.4878200945080926,1.360017361111111,2.64,1.3,2.0,2015-01-01,2015-07-04,254.0702237444845,280.497563015399,2.032411836436082,0.10162059182180411,1.9307912446142776,0.0,0.0,101.08168607502606,0.0,18.918402608286762,5.1171478479702746,0.0,4.5,0.0,0.0,0.0,0.0,1,6,2,0,0,1
186,186,0.0,22.142667,37.526592,2.440550915000093,0.7050520833333334,2.64,1.3,2.0,2015-01-01,2015-07-05,254.95771805015653,281.81908294346704,1.9591024440217055,0.09795512220108528,1.8611473218206203,0.0,0.0,101.44355913705616,0.0,18.2360130572123,4.925772273406981,0.0,4.5,0.0,0.0,0.0,0.0,1,6,2,0,0,1
187,187,0.0,25.297455,37.474590000000006,2.7069946098340725,0.9734635416666664,2.64,1.3,1.0,2015-01-01,2015-07-06,255.81072679989347,283.1403736786234,1.8845907844540561,0.09422953922270282,1.7903612452313533,0.0,0.0,101.7918298082433,0.0,17.542432381563284,4.732255748330266,0.0,4.5,0.0,0.0,0.0,0.0,1,6,2,0,0,1
188,188,0.0,26.450166,38.245953,2.8846309708621005,0.856328125,2.64,1.3,2.0,2015-01-01,2015-07-07,256.6290015249595,284.4614250021664,1.8045585533146,0.09022792766573001,1.71433062564887,0.0,0.0,102.12635670062409,0.0,16.797464288388472,4.52715505820895,0.0,4.5,0.0,0.0,0.0,0.0,1,6,2,0,0,1
189,189,0.0,24.881439,37.032573,2.6308971080024666,1.52609375,2.64,1.3,0.0,2015-01-01,2015-07-08,257.41063582862625,285.7822267304257,2.032826516659253,0.10164132583296266,1.9311851908262905,0.0,0.0,102.44633664319883,0.0,18.92226259732787,4.9972925927114815,0.0,4.5,0.0,0.0,0.0,0.0,1,6,2,0,0,1
190,190,0.0,26.597504999999998,36.8679,2.7698789206408434,1.2853298611111112,2.64,1.3,1.0,2015-01-01,2015-07-09,258.2736169647336,287.1027687148928,1.9391202967295713,0.09695601483647859,1.8421642818930928,0.0,0.0,102.79916064089572,0.0,18.0500122178777,4.761627864605382,0.0,4.5,0.0,0.0,0.0,0.0,1,6,2,0,0,1
191,191,0.0,28.16406525,37.275249,2.9559091534659303,1.0289496527777777,2.64,1.3,1.0,2015-01-01,2015-07-10,259.0945646422965,288.4230408423466,1.8376011323424783,0.09188005661712394,1.7457210757253545,0.0,0.0,103.13531540669533,0.0,17.105036209619605,4.509468657410515,0.0,4.5,0.0,0.0,0.0,0.0,1,6,2,0,0,1
192,192,0.0,27.923555999999998,38.861309999999996,3.0888579677137256,0.7616493055555555,2.64,1.3,1.0,2015-01-01,2015-07-11,259.87074827254173,289.7430330349787,1.7739416315580387,0.08869708157790195,1.6852445499801367,0.0,0.0,103.45365571743929,0.0,16.512471236275214,4.340812349615412,0.0,4.5,0.0,0.0,0.0,0.0,1,6,2,0,0,1
193,193,0.0,25.474406249999998,38.644634999999994,2.830319738368283,1.1983159722222223,2.64,1.3,2.0,2015-01-01,2015-07-12,260.6168483662845,291.0627352505163,1.9424682055565508,0.09712341027782755,1.8453447952787232,0.0,0.0,103.76004409717785,0.0,18.081175728121618,4.680709137333205,0.0,4.5,0.0,0.0,0.0,0.0,1,6,2,0,0,1
194,194,0.0,25.158783,37.630596000000004,2.708551453001512,1.392204861111111,2.64,1.3,0.0,2015-01-01,2015-07-13,261.4214615833403,292.3821374823424,2.044840263920362,0.1022420131960181,1.9425982507243436,0.0,0.0,104.0900923871934,0.0,19.034090772821273,4.874987080086676,0.0,4.5,0.0,0.0,0.0,0.0,1,6,2,0,0,1
195,195,0.0,24.794769,37.231914,2.640782337630118,0.8788107638888889,2.64,1.3,0.0,2015-01-01,2015-07-14,262.2590817870389,293.7012297596134,2.02280482799963,0.10114024139998151,1.9216645865996484,0.0,0.0,104.43359940554672,0.0,18.828977202370655,4.796546583777605,0.0,4.5,0.0,0.0,0.0,0.0,1,6,2,0,0,1
196,196,0.0,26.484834,37.743266999999996,2.840515145278218,0.9576822916666666,2.64,1.3,1.0,2015-01-01,2015-07-15,263.08220669606914,295.0200021473772,1.9538951900916095,0.09769475950458048,1.856200430587029,0.0,0.0,104.77148924900192,0.0,18.187542110248184,4.615743001758142,0.0,4.5,0.0,0.0,0.0,0.0,1,6,2,0,0,1
197,197,0.0,25.106780999999998,37.179912,2.663717809770753,0.8727690972222222,2.64,1.3,2.0,2015-01-01,2015-07-16,263.87311184146307,296.33844474668547,2.040407264508902,0.10202036322544511,1.9383869012834567,0.0,0.0,105.09661205592363,0.0,18.992826858625932,4.775507492509993,0.0,4.5,0.0,0.0,0.0,0.0,1,6,2,0,0,1
198,198,0.0,23.702727,37.405254,2.5611137719402306,1.2288975694444444,2.64,1.3,2.0,2015-01-01,2015-07-17,264.6909881607321,297.65654769470666,2.1649707505855074,0.10824853752927538,2.056722213056232,0.0,0.0,105.43276700190022,0.0,20.15230750011897,5.018145702145752,0.0,4.5,0.0,0.0,0.0,0.0,1,6,2,0,0,1
199,199,0.0,22.4301225,34.744485,2.243185171522232,1.2104947916666666,2.782083333333333,1.3,3.0,2015-01-01,2015-07-18,265.5501141421252,298.97430116483577,2.383697719142361,0.11918488595711806,2.264512833185243,0.0,0.0,105.78573665742643,0.0,22.18829488135009,5.466234088011255,0.0,4.5,0.0,0.0,0.0,0.0,1,6,2,0,0,1
200,200,0.0,20.42154525,31.624364999999997,1.8806307383050933,1.1698611111111112,7.441666666666666,1.3,5.0,2015-01-01,2015-07-19,266.48592868043096,300.2916953668023,2.6700645186952787,0.13350322593476394,2.536561292760515,0.0,0.0,106.16985400893215,0.0,24.853897546353583,6.304789499019731,5.5,0.0,0.0,0.0,0.0,0.0,1,6,2,0,0,1
201,201,0.0,19.917414750000002,30.696996,1.7890516961605676,1.349496527777778,8.600000000000001,1.3,2.0,2015-01-01,2015-07-20,267.5656814337635,301.6087205467753,2.9015367452176544,0.14507683726088272,2.7564599079567715,0.0,0.0,106.61235312922275,0.0,27.008522261424,6.748172657694389,5.5,0.0,0.0,0.0,0.0,0.0,1,6,2,0,0,1
202,202,0.0,19.897914,31.416357,1.8333261814471884,0.984418402777778,9.12,1.3,1.0,2015-01-01,2015-07-21,268.720398864265,302.9253669874688,2.7243682408136314,0.13621841204068158,2.58814982877295,0.0,0.0,107.08568447555972,0.0,25.359375648648538,6.353229850919887,5.5,0.0,0.0,0.0,0.0,0.0,1,6,2,0,0,1
203,203,0.0,21.48614175,33.297096,2.067194960170056,0.7927951388888888,9.12,1.3,2.0,2015-01-01,2015-07-22,269.8050691660615,304.2416250082417,2.582458919850856,0.1291229459925428,2.453335973858313,0.0,0.0,107.53140809590826,0.0,24.038433888857323,5.767580338805253,0.0,4.5,0.0,0.0,0.0,0.0,1,6,2,0,0,1
204,204,0.0,21.09396,32.499732,1.9842269473578005,1.2166666666666666,9.12,1.3,4.0,2015-01-01,2015-07-23,270.78722989368333,305.55748496519834,2.689896707380054,0.13449483536900272,2.5554018720110516,0.0,0.0,107.93622131958055,0.0,25.03850251834588,6.2222943849532015,5.5,0.0,0.0,0.0,0.0,0.0,1,6,2,0,0,1
205,205,0.0,21.891323999999997,32.959083,2.0719687591252134,0.91671875,9.12,1.3,0.0,2015-01-01,2015-07-24,271.84633809277346,306.87293725128586,2.5133097163858436,0.1256654858192922,2.3876442305665515,0.0,0.0,108.37262023882136,0.0,23.394768836459573,5.82981469118198,5.5,0.0,0.0,0.0,0.0,0.0,1,6,2,0,0,1
206,206,0.0,22.131110999999997,33.981789000000006,2.163501465269498,0.7927951388888888,9.12,1.3,0.0,2015-01-01,2015-07-25,272.836485714077,308.18797229638994,2.563439093800021,0.12817195469000106,2.43526713911002,0.0,0.0,108.78158931494396,0.0,23.861390673344356,5.628056606576624,0.0,4.5,0.0,0.0,0.0,0.0,1,6,2,0,0,1
207,207,0.0,22.107999,34.987161,2.237135182443449,0.9445399305555555,9.12,1.3,0.0,2015-01-01,2015-07-26,273.79072121843296,309.50258056742837,2.569134110694675,0.12845670553473373,2.440677405159941,0.0,0.0,109.17640980666185,0.0,23.91440188915334,5.608682424974796,0.0,4.5,0.0,0.0,0.0,0.0,1,6,2,0,0,1
208,208,0.0,22.272672,35.602518,2.2971551570706565,0.6803385416666666,9.12,1.3,0.0,2015-01-01,2015-07-27,274.74045925435775,310.81675256844267,2.477255668072592,0.12386278340362962,2.3533928846689625,0.0,0.0,109.56978141920277,0.0,23.059165102304597,5.375875044268291,0.0,4.5,0.0,0.0,0.0,0.0,1,6,2,0,0,1
209,209,0.0,24.617095499999998,36.642558,2.574120629839225,0.9225,9.12,1.3,0.0,2015-01-01,2015-07-28,275.64918095031015,312.1304788406875,2.3799646123752862,0.11899823061876431,2.2609663817565218,0.0,0.0,109.94685113827305,0.0,22.153545813502166,5.131819073227771,0.0,4.5,0.0,0.0,0.0,0.0,1,6,2,0,0,1
210,210,0.0,24.084075,36.495219,2.5162216195190816,1.0448350694444446,9.12,1.3,1.0,2015-01-01,2015-07-29,276.51512693442965,313.44374996271836,2.4531166326467457,0.12265583163233729,2.3304608010144086,0.0,0.0,110.30683949149251,0.0,22.834470489443728,5.261310180648284,0.0,4.5,0.0,0.0,0.0,0.0,1,6,2,0,0,1
211,211,0.0,23.902068,35.273171999999995,2.4003082741899977,0.7832378472222222,9.12,1.3,0.0,2015-01-01,2015-07-30,277.4022806439526,314.75655655047717,6.722504655568884,0.33612523277844425,6.38637942279044,0.0,0.0,110.67573019324284,0.0,57.018083387241674,5.218347543417263,0.0,4.5,0.0,0.0,0.0,0.0,1,6,2,0,0,1
212,212,0.0,23.902068,35.472513,2.416476453327246,0.684453125,9.12,1.3,0.0,2015-01-01,2015-07-31,278.28112650001367,316.0688892573762,6.706303892867615,0.3353151946433808,6.370988698224234,0.0,0.0,111.04153454870064,0.0,56.880673822508584,5.147164363973838,0.0,4.5,0.0,0.0,0.0,0.0,1,6,2,0,0,1
213,213,0.0,24.86627175,36.694559999999996,2.600119016051356,0.8071006944444444,9.12,1.3,0.0,2015-01-01,2015-08-01,279.1468826338696,317.38073877437955,6.648715953114988,0.33243579765574943,6.316280155459238,0.0,0.0,111.40229368601126,0.0,56.392231773131265,4.969006243311959,0.0,4.5,0.0,0.0,0.0,0.0,1,6,2,0,0,1
214,214,0.0,24.144744,37.188579,2.580458958788612,0.9708420138888888,9.12,1.3,0.0,2015-01-01,2015-08-02,279.9813699466393,318.69209583008296,6.696505471706687,0.33482527358533437,6.361680198121353,0.0,0.0,111.75057896212653,0.0,56.7975668224481,5.065233542025021,0.0,4.5,0.0,0.0,0.0,0.0,1,6,2,0,0,1
215,215,0.0,23.616057,35.637186,2.406623699945719,0.971137152777778,9.12,1.3,0.0,2015-01-01,2015-08-03,280.83140513520146,320.0029511907916,6.804138777648883,0.3402069388824442,6.463931838766439,0.0,0.0,112.10544830358714,0.0,57.71047728185145,5.316258536187437,0.0,4.5,0.0,0.0,0.0,0.0,1,6,2,0,0,1
216,216,0.0,23.191374,34.727151,2.300530337075799,0.7329513888888889,9.12,1.3,0.0,2015-01-01,2015-08-04,281.7232633344203,321.3132956605964,6.827384169700392,0.3413692084850196,6.486014961215372,0.0,0.0,112.47764715057102,0.0,57.90763708616101,5.347073870335812,0.0,4.5,0.0,0.0,0.0,0.0,1,6,2,0,0,1
217,217,0.0,22.844694,35.073831,2.300530337075799,0.5232465277777778,9.12,1.3,0.0,2015-01-01,2015-08-05,282.6193748120627,322.6231200814474,6.791453406779583,0.3395726703389792,6.451880736440604,0.0,0.0,112.85189493607106,0.0,57.60288411961768,5.224244751249595,0.0,4.5,0.0,0.0,0.0,0.0,1,6,2,0,0,1
218,218,0.0,23.590056,36.911235,2.509656508741738,0.755546875,9.12,1.3,1.0,2015-01-01,2015-08-06,283.4936431273724,323.93241533322646,6.7442196738202025,0.33721098369101016,6.407008690129192,0.0,0.0,113.21753540723131,0.0,57.20226306205729,5.072771468114588,0.0,4.5,0.0,0.0,0.0,0.0,1,6,2,0,0,1
219,219,0.0,23.618945999999998,36.529887,2.480177454677827,1.021111111111111,9.12,1.3,2.0,2015-01-01,2015-08-07,284.3412908569805,325.24117233381753,6.819645716660142,0.34098228583300716,6.478663430827135,0.0,0.0,113.57258473837398,0.0,57.84200206121956,5.240330453725155,0.0,4.5,0.0,0.0,0.0,0.0,1,6,2,0,0,1
220,220,0.0,22.650408749999997,36.859233,2.4274847918863056,1.196189236111111,9.12,1.3,1.0,2015-01-01,2015-08-08,285.2164669421866,326.549382039174,6.895365234880074,0.3447682617440037,6.55059697313607,0.0,0.0,113.93916100476372,0.0,58.48423022246442,5.407817423491942,0.0,4.5,0.0,0.0,0.0,0.0,1,6,2,0,0,1
221,221,0.0,20.934342750000003,33.782448,2.06248193159866,1.228671875,9.12,1.3,0.0,2015-01-01,2015-08-09,286.11906154787687,327.8570354433866,7.174221214568236,0.35871106072841186,6.815510153839824,0.0,0.0,114.31725979478644,0.0,60.84939533837388,6.101420764784427,0.0,4.5,0.0,0.0,0.0,0.0,1,6,2,0,0,1
222,222,0.0,20.582607,33.513771000000006,2.0189267797721366,0.9594704861111112,9.12,1.3,0.0,2015-01-01,2015-08-10,287.1379423884659,329.1641235787471,7.146723646561759,0.35733618232808806,6.789387464233672,0.0,0.0,114.74332939679854,0.0,60.61616996987364,5.996853764081353,0.0,4.5,0.0,0.0,0.0,0.0,1,6,2,0,0,1
223,223,0.0,25.089447,34.328469,2.420003795180633,1.4720225694444444,9.12,1.3,0.0,2015-01-01,2015-08-11,288.1378048596414,330.4706375158112,6.991816335173646,0.34959081675868237,6.642225518414964,0.0,0.0,115.1620991999371,0.0,59.302296874865235,5.5623694400410555,0.0,4.5,0.0,0.0,0.0,0.0,1,6,2,0,0,1
224,224,0.0,25.366791,36.139872,2.5954262681358067,0.6242881944444444,9.12,1.3,0.0,2015-01-01,2015-08-12,289.0630845764039,331.77656836345955,6.753836565597245,0.3376918282798623,6.416144737317383,0.0,0.0,115.55072261618801,0.0,57.28383038932054,4.914667938062101,0.0,4.5,0.0,0.0,0.0,0.0,1,6,2,0,0,1
225,225,0.0,23.295378,36.157206,2.422828895507528,0.6484461805555556,9.12,1.3,0.0,2015-01-01,2015-08-13,289.8781597054758,333.08190726895725,6.85408762082889,0.3427043810414445,6.511383239787445,0.0,0.0,115.8944356264603,0.0,58.134127015314206,5.147651727741351,0.0,4.5,0.0,0.0,0.0,0.0,1,6,2,0,0,1
226,226,0.0,25.280120999999998,36.694559999999996,2.636215916303839,0.8418923611111111,9.12,1.3,0.0,2015-01-01,2015-08-14,290.7316873652475,334.3866454180104,6.7931065833692506,0.3396553291684625,6.453451254200788,0.0,0.0,116.25419159570924,0.0,57.616905822163524,4.961287922339862,0.0,4.5,0.0,0.0,0.0,0.0,1,6,2,0,0,1
227,227,0.0,26.03415,36.980571000000005,2.728861390292244,0.8947482638888888,9.12,1.3,0.0,2015-01-01,2015-08-15,291.5529971866388,335.69077403482197,6.7673528802199625,0.33836764401099817,6.428985236208964,0.0,0.0,116.60097866084479,0.0,57.39847134440086,4.867286222216508,0.0,4.5,0.0,0.0,0.0,0.0,1,6,2,0,0,1
228,228,0.0,25.808808,37.318584,2.739065930556231,1.2570225694444443,9.12,1.3,0.0,2015-01-01,2015-08-16,292.35771890896217,336.99428438214545,6.823314925971323,0.34116574629856616,6.482149179672756,0.0,0.0,116.94118774345876,0.0,57.87312309321421,4.9857143280556695,0.0,4.5,0.0,0.0,0.0,0.0,1,6,2,0,0,1
229,229,0.0,26.840180999999998,39.060651,3.000938373936983,0.9561458333333334,9.12,1.3,0.0,2015-01-01,2015-08-17,293.1815810147148,338.29716776133694,6.171246287942862,0.3085623143971431,5.862683973545718,0.0,0.0,117.28950818839915,0.0,53.787829648301916,4.895648728328008,5.5,0.0,0.0,0.0,0.0,0.0,1,6,2,0,0,1
230,230,0.0,25.089447,38.046611999999996,2.739852267860833,0.8826736111111111,9.12,1.3,0.0,2015-01-01,2015-08-18,293.9895359180849,339.5994155124049,6.793479941709692,0.3396739970854846,6.453805944624207,0.0,0.0,117.63153066636517,0.0,57.620072525361124,4.854313038514457,0.0,4.5,0.0,0.0,0.0,0.0,1,6,2,0,0,1
231,231,0.0,25.046111999999997,38.211285,2.7508816204358406,1.0313802083333334,9.12,1.3,0.0,2015-01-01,2015-08-19,294.7898041707263,340.90101901405853,6.819484779654859,0.340974238982743,6.478510540672116,0.0,0.0,117.97062443181387,0.0,57.840637046235194,4.895207027279769,0.0,4.5,0.0,0.0,0.0,0.0,1,6,2,0,0,1
232,232,0.0,25.306122,38.965314,2.844575154763773,0.9407118055555556,9.12,1.3,0.0,2015-01-01,2015-08-20,295.5961859898991,342.2019696837549,6.288224220733977,0.3144112110366989,5.973813009697278,0.0,0.0,118.3124710270468,0.0,54.80739503720434,5.075670189672728,5.5,0.0,0.0,0.0,0.0,0.0,1,6,2,0,0,1
233,233,0.0,23.538054,37.275249,2.5360067173909417,1.0069444444444444,9.12,1.3,0.0,2015-01-01,2015-08-21,296.43202707883984,343.50225897774317,6.951081206786834,0.3475540603393417,6.603527146447492,0.0,0.0,118.6667085365788,0.0,58.95679485349804,5.1820590543195415,0.0,4.5,0.0,0.0,0.0,0.0,1,6,2,0,0,1
234,234,0.0,21.691260749999994,35.264505,2.226554552269656,1.1170138888888885,9.12,1.3,0.0,2015-01-01,2015-08-22,297.28484238824655,344.80187839110806,7.180511131905479,0.359025556595274,6.821485575310205,0.0,0.0,119.02822465123498,0.0,60.902744357766025,5.748655752982717,0.0,4.5,0.0,0.0,0.0,0.0,1,6,2,0,0,1
235,235,0.0,21.388638,34.458474,2.1439438966975177,0.8227430555555555,9.12,1.3,0.0,2015-01-01,2015-08-23,298.2314807632992,346.10081945781087,7.1762743935199875,0.35881371967599945,6.817460673843988,0.0,0.0,119.4287794048976,0.0,60.866809729985036,5.7067762178608135,0.0,4.5,0.0,0.0,0.0,0.0,1,6,2,0,0,1
236,236,0.0,22.591184249999998,34.623146999999996,2.2462155081929485,0.7216579861111111,9.12,1.3,0.0,2015-01-01,2015-08-24,299.17001490207457,347.39907375073017,7.097634817097703,0.3548817408548852,6.742753076242818,0.0,0.0,119.82639908682026,0.0,60.19981459116147,5.472320372789403,0.0,4.5,0.0,0.0,0.0,0.0,1,6,2,0,0,1
237,237,0.0,19.850967750000002,31.104345000000002,1.810499776252609,1.6617100694444444,9.12,1.3,0.0,2015-01-01,2015-08-25,300.0683671625023,348.6966328816982,7.753437317252527,0.3876718658626264,7.365765451389901,0.0,0.0,120.20779979348995,0.0,65.76211667278422,7.142464610417955,0.0,4.5,0.0,0.0,0.0,0.0,1,6,2,0,0,1
238,238,0.0,19.646570999999998,31.693701,1.834989317447596,0.7680295138888888,8.297083333333333,1.3,1.0,2015-01-01,2015-08-26,301.2439539401737,349.99348850153854,7.415160113498993,0.37075800567494965,7.044402107824043,0.0,0.0,120.7043382700968,0.0,62.89296019021577,6.228182248019941,0.0,4.5,0.0,0.0,0.0,0.0,1,6,2,0,0,1
239,239,0.0,19.143885,31.355688,1.7818767279274963,1.2937500000000002,7.92,1.3,0.0,2015-01-01,2015-08-27,302.2656072522943,351.2896323001005,7.6569743572712765,0.38284871786356384,7.274125639407712,0.0,0.0,121.1378393430065,0.0,64.94394943039565,6.821786529208511,0.0,4.5,0.0,0.0,0.0,0.0,1,6,2,0,0,1
240,240,0.0,18.571863,31.416357,1.750231959473815,0.7634201388888888,17.140416666666667,1.3,0.0,2015-01-01,2015-08-28,303.38453114747443,352.5850560062912,7.708579102825708,0.3854289551412855,7.323150147684423,0.0,0.0,121.6122548976204,0.0,65.3816439856181,6.91961423033702,0.0,4.5,0.0,0.0,0.0,0.0,1,6,2,0,0,1
241,241,0.0,19.516566,31.780371,1.8322181552764705,0.7097916666666666,15.278333333333332,1.3,1.0,2015-01-01,2015-08-29,304.51802796164793,353.8797513881078,7.581465184540259,0.37907325922701296,7.202391925313246,0.0,0.0,122.09342273686956,0.0,64.30350535071587,6.553885247868308,0.0,4.5,0.0,0.0,0.0,0.0,1,6,2,0,0,1
242,242,0.0,21.067959,32.335059,1.9712016908232195,1.0506336805555554,9.495833333333334,1.3,1.0,2015-01-01,2015-08-30,305.5892579308228,355.1737102526671,7.479547945499902,0.3739773972749951,7.1055705482249065,0.0,0.0,122.54938053662825,0.0,63.43907669920328,6.255300675147848,0.0,4.5,0.0,0.0,0.0,0.0,1,6,2,0,0,1
243,243,0.0,22.325396249999997,32.681739,2.083145022171687,0.7921614583333334,8.16,1.3,3.0,2015-01-01,2015-08-31,306.6096320244868,356.46692444623284,7.306082847285774,0.36530414236428876,6.9407787049214855,0.0,0.0,122.9847424030707,0.0,61.96780253257912,5.772838155899071,0.0,4.5,0.0,0.0,0.0,0.0,1,6,2,0,0,1
244,244,0.0,19.776576000000002,28.764255,1.6633064536189703,1.11703125,6.255833333333333,1.3,3.0,2015-01-01,2015-09-01,307.5490082914436,357.75938585424285,7.750605372531113,0.38753026862655565,7.363075103904557,0.0,0.0,123.38681895189636,0.0,65.73809704490044,6.894123565757059,0.0,4.5,0.0,0.0,0.0,0.0,1,6,2,0,0,1
245,245,0.0,18.771204,30.445653,1.7034252141708095,1.1581597222222222,4.800000000000001,1.3,1.0,2015-01-01,2015-09-02,308.67233821764444,359.0510864013331,7.70842907174445,0.3854214535872225,7.323007618157227,0.0,0.0,123.86616877298911,0.0,65.38037147111045,6.748898205617879,0.0,4.5,0.0,0.0,0.0,0.0,1,6,2,0,0,1
246,246,0.0,19.915248000000002,30.020970000000002,1.7470415118259874,0.8217274305555555,4.800000000000001,1.3,1.0,2015-01-01,2015-09-03,309.77010126573583,360.3420180513617,7.560112442435467,0.37800562212177335,7.1821068203136935,0.0,0.0,124.33552124739145,0.0,64.12239838355762,6.329426550124815,0.0,4.5,0.0,0.0,0.0,0.0,1,6,2,0,0,1
247,247,0.0,21.145962,32.170386,1.9653058193970907,0.9964583333333334,4.800000000000001,1.3,0.0,2015-01-01,2015-09-04,310.7973036871592,361.63217280743015,7.450806773909446,0.3725403386954723,7.0782664352139735,0.0,0.0,124.77596197198213,0.0,63.19530349228789,6.013134761964514,0.0,4.5,0.0,0.0,0.0,0.0,1,6,2,0,0,1
248,248,0.0,22.142667,34.241799,2.183644624161156,0.7198524305555556,4.800000000000001,1.3,0.0,2015-01-01,2015-09-05,311.7712221527096,362.9215427119028,7.236918960513942,0.3618459480256972,6.8750730124882455,0.0,0.0,125.19458781187328,0.0,61.38117709081386,5.4275064086135405,0.0,4.5,0.0,0.0,0.0,0.0,1,6,2,0,0,1
249,249,0.0,23.67600375,33.739113,2.261587122673299,0.8202777777777778,4.800000000000001,1.3,4.0,2015-01-01,2015-09-06,312.64786945171943,364.21011984642587,7.2244562438803985,0.36122281219401997,6.863233431686378,0.0,0.0,125.572823230701,0.0,61.27547240890569,5.366633214552051,0.0,4.5,0.0,0.0,0.0,0.0,1,6,2,0,0,1
250,250,0.0,22.948698,31.49436,2.043164964734383,0.75296875,4.577083333333333,1.3,4.0,2015-01-01,2015-09-07,313.5136511050103,365.4978963319443,7.35760178808013,0.3678800894040065,6.9897216986761235,0.0,0.0,125.94682598362823,0.0,62.404769319921,5.683260078503931,0.0,4.5,0.0,0.0,0.0,0.0,1,6,2,0,0,1
251,251,0.0,21.581478750000002,30.705663,1.896459475582268,0.4259548611111111,4.745833333333334,1.3,2.0,2015-01-01,2015-09-08,314.4304531630367,366.78486432871694,7.37011608263523,0.3685058041317615,7.001610278503468,0.0,0.0,126.34261047499534,0.0,62.51091146887201,5.685911113575527,0.0,4.5,0.0,0.0,0.0,0.0,1,6,2,0,0,1
252,252,0.0,20.684444250000002,31.823705999999998,1.9110631762330303,0.9074565972222222,4.952500000000001,1.3,2.0,2015-01-01,2015-09-09,315.34670654806933,368.0710160363302,7.532897230359677,0.3766448615179839,7.1562523688416935,0.0,0.0,126.73855059947132,0.0,63.891567865611705,6.077744860607053,0.0,4.5,0.0,0.0,0.0,0.0,1,6,2,0,0,1
253,253,0.0,20.669276999999997,31.971045,1.91984357101862,0.9497569444444444,4.5600000000000005,1.3,1.0,2015-01-01,2015-09-10,316.32604819061254,369.3563436937105,7.545186510860937,0.37725932554304686,7.16792718531789,0.0,0.0,127.16145983970918,0.0,63.995801519032746,6.077983338146119,0.0,4.5,0.0,0.0,0.0,0.0,1,6,2,0,0,1
254,254,0.0,20.4006,32.066382000000004,1.9083354658926208,0.7223003472222222,4.5600000000000005,1.3,1.0,2015-01-01,2015-09-11,317.30427906357954,370.64083957913465,7.495867392762358,0.374793369638118,7.12107402312424,0.0,0.0,127.58437480907769,0.0,63.57749290752433,5.918741094134756,0.0,4.5,0.0,0.0,0.0,0.0,1,6,2,0,0,1
255,255,0.0,21.284634,32.031714,1.9653058193970907,0.9162847222222222,4.5600000000000005,1.3,0.0,2015-01-01,2015-09-12,318.2553884242563,371.92449601023975,7.525371283954271,0.37626856419771354,7.149102719756557,0.0,0.0,127.99631114948056,0.0,63.82773525236748,5.964411411351134,0.0,4.5,0.0,0.0,0.0,0.0,1,6,2,0,0,1
256,256,0.0,21.163296,32.057715,1.9588381347309365,0.8852517361111111,4.5600000000000005,1.3,1.0,2015-01-01,2015-09-13,319.21287514413103,373.2073053440305,7.534156698223346,0.3767078349111673,7.157448863312179,0.0,0.0,128.41137926187935,0.0,63.90225025965285,5.956263290867224,0.0,4.5,0.0,0.0,0.0,0.0,1,6,2,0,0,1
257,257,0.0,23.598723,33.184425000000005,2.213512564929405,0.6070833333333333,4.5600000000000005,1.3,1.0,2015-01-01,2015-09-14,320.1679555309914,374.489259976885,7.299104334668849,0.36495521673344244,6.934149117935406,0.0,0.0,128.82587521811445,0.0,61.90861307348648,5.316977392324564,0.0,4.5,0.0,0.0,0.0,0.0,1,6,2,0,0,1
258,258,0.0,22.506681,32.79441,2.1042487629098146,0.5944097222222222,4.5600000000000005,1.3,1.0,2015-01-01,2015-09-15,321.0180140763715,375.7703523445606,7.373233766892375,0.36866168834461877,7.004572078547756,0.0,0.0,129.19633453200788,0.0,62.5373546459402,5.481183042723893,0.0,4.5,0.0,0.0,0.0,0.0,1,6,2,0,0,1
259,259,0.0,20.383266,30.88767,1.830557212113687,0.786328125,8.547916666666667,1.3,3.0,2015-01-01,2015-09-16,321.89394560327105,377.0505749221959,7.7160298199032376,0.3858014909951619,7.330228328908076,0.0,0.0,129.57807269768745,0.0,65.44483852833507,6.339939913748077,0.0,4.5,0.0,0.0,0.0,0.0,1,6,2,0,0,1
260,260,0.0,17.904504,27.663546,1.496520108228225,0.946328125,4.484166666666667,1.3,4.0,2015-01-01,2015-09-17,322.9084002143192,378.32992022431404,8.03955344798351,0.4019776723991755,7.637575775584334,0.0,0.0,130.01891374991843,0.0,68.1888600126999,7.144676893797163,0.0,4.5,0.0,0.0,0.0,0.0,1,6,2,0,0,1
261,261,0.0,16.899132,27.290865,1.424300746405729,1.0692795138888889,4.52125,1.3,3.0,2015-01-01,2015-09-18,324.05208474116824,379.608380804822,8.200961726622932,0.41004808633114664,7.790913640291785,0.0,0.0,130.5151698812855,0.0,69.55787218336906,7.526125069618977,0.0,4.5,0.0,0.0,0.0,0.0,1,6,2,0,0,1
262,262,0.0,17.427819,26.450166,1.4083791728995512,0.6537413194444445,2.64,1.3,3.0,2015-01-01,2015-09-19,325.25587856628664,380.8859492570101,7.989217967973698,0.3994608983986849,7.589757069575013,0.0,0.0,131.03774218842085,0.0,67.76193095224046,6.940243950219676,0.0,4.5,0.0,0.0,0.0,0.0,1,6,2,0,0,1
263,263,0.0,17.219811,27.750215999999998,1.4647955685128038,0.7734809027777777,2.64,1.3,2.0,2015-01-01,2015-09-20,326.3631296713505,382.1626182135492,8.0023102835466,0.40011551417733,7.602194769369269,0.0,0.0,131.52004208190604,0.0,67.87297568620721,6.938970464929169,0.0,4.5,0.0,0.0,0.0,0.0,1,6,2,0,0,1
264,264,0.0,16.855797,29.717624999999998,1.5512095964367183,0.9126736111111112,2.64,1.3,0.0,2015-01-01,2015-09-21,327.4686709692057,383.4383803464875,7.9874560382663455,0.3993728019133173,7.588083236353028,0.0,0.0,132.00229555044342,0.0,67.74698684135868,6.865453682706827,0.0,4.5,0.0,0.0,0.0,0.0,1,6,2,0,0,1
265,265,0.0,17.263146,31.295019,1.664324734057869,0.718203125,2.64,1.3,0.0,2015-01-01,2015-09-22,328.5608693404933,384.7132283672447,7.812773062919922,0.39063865314599616,7.422134409773926,0.0,0.0,132.47952754026312,0.0,66.2653830396591,6.378823224940396,0.0,4.5,0.0,0.0,0.0,0.0,1,6,2,0,0,1
266,266,0.0,20.192592,32.681739,1.9354755440641167,0.455685763888889,2.64,1.3,0.0,2015-01-01,2015-09-23,329.57328805461117,385.9871550266055,7.5233846616386755,0.3761692330819338,7.147215428556741,0.0,0.0,132.92327870378426,0.0,63.810885372352026,5.597821197842245,0.0,4.5,0.0,0.0,0.0,0.0,1,6,2,0,0,1
267,267,0.0,20.019251999999998,31.815039000000002,1.866840112861808,0.7020225694444444,2.64,1.3,1.0,2015-01-01,2015-09-24,330.4589338002403,387.2601531147121,7.66520093469901,0.3832600467349505,7.281940887964059,0.0,0.0,133.31324926169478,0.0,65.01372456656867,5.936067650937667,0.0,4.5,0.0,0.0,0.0,0.0,1,6,2,0,0,1
268,268,0.0,18.675867,30.870335999999998,1.723274615595125,0.7387934027777778,2.64,1.3,2.0,2015-01-01,2015-09-25,331.39805025508196,388.53221546105397,7.808106521965955,0.3904053260982978,7.417701195867657,0.0,0.0,133.7265068325391,0.0,66.22580296721945,6.275525317902808,0.0,4.5,0.0,0.0,0.0,0.0,1,6,2,0,0,1
269,269,0.0,17.982507000000002,29.812962,1.6200321315487538,1.2823784722222222,2.64,1.3,3.0,2015-01-01,2015-09-26,332.3906456912775,389.80333493445767,8.131118632446379,0.40655593162231896,7.724562700824059,0.0,0.0,134.16314651291913,0.0,68.96548592678494,7.079182315795229,0.0,4.5,0.0,0.0,0.0,0.0,1,6,2,0,0,1
270,270,0.0,19.10416125,28.89426,1.631716546575209,1.0489583333333334,2.64,1.3,2.0,2015-01-01,2015-09-27,333.5109255211775,391.0735044430752,8.042335723129272,0.4021167861564636,7.640218936972808,0.0,0.0,134.65515506277183,0.0,68.21245835950596,6.814191479230766,0.0,4.5,0.0,0.0,0.0,0.0,1,6,2,0,0,1
271,271,0.0,17.202477000000002,28.538913,1.5058272319311494,0.810234375,2.64,1.3,3.0,2015-01-01,2015-09-28,334.5872747467936,392.3427169343695,8.089632081007776,0.40448160405038885,7.6851504769573875,0.0,0.0,135.12896689612177,0.0,68.61361058112554,6.902381023992831,0.0,4.5,0.0,0.0,0.0,0.0,1,6,2,0,0,1
272,272,0.0,18.615198,28.400241,1.5758018462404153,1.1517100694444444,2.64,1.3,2.0,2015-01-01,2015-09-29,335.676353168127,393.6109653951005,8.174432227829723,0.40872161139148616,7.765710616438236,0.0,0.0,135.60889758455338,0.0,69.33285766096779,7.087183437558162,0.0,4.5,0.0,0.0,0.0,0.0,1,6,2,0,0,1
273,273,0.0,20.027919,28.772922,1.6786379578899144,1.1249739583333334,2.64,1.3,5.0,2015-01-01,2015-09-30,336.79353337566744,394.8782428513092,8.067198061239218,0.4033599030619609,7.663838158177256,0.0,0.0,136.1016094784087,0.0,68.42333257085818,6.774685763923266,0.0,4.5,0.0,0.0,0.0,0.0,1,6,2,0,0,1
274,274,0.0,19.499232,27.152192999999997,1.5555248640224442,0.656484375,4.233333333333333,1.3,4.0,2015-01-01,2015-10-01,337.8594021510229,396.1445423683,8.045308239550234,0.40226541197751176,7.643042827572722,0.0,0.0,136.57284891821033,0.0,68.23767027051889,6.68434419166959,0.0,4.5,0.0,0.0,0.0,0.0,1,6,2,0,0,1
275,275,0.0,18.589197,30.688329,1.7070666036860334,0.9223003472222222,6.48,1.3,0.0,2015-01-01,2015-10-02,338.909562098145,397.4098570506218,8.070665122530698,0.40353325612653496,7.667131866404163,0.0,0.0,137.03790730009206,0.0,68.45273904953761,6.716612897887014,0.0,4.5,0.0,0.0,0.0,0.0,1,6,2,0,0,1
276,276,0.0,20.825283,30.957006,1.8634648306157848,0.7106684027777778,6.48,1.3,3.0,2015-01-01,2015-10-03,339.96358250060746,398.674180042049,7.862891218082808,0.3931445609041404,7.469746657178668,0.0,0.0,137.50523046206996,0.0,66.69046882192403,6.146195444214534,0.0,4.5,0.0,0.0,0.0,0.0,1,6,2,0,0,1
277,277,0.0,20.1333675,31.035009,1.8240185243878573,0.8035243055555555,6.48,1.3,2.0,2015-01-01,2015-10-04,340.92571068086926,399.93750452555935,7.943030372160794,0.3971515186080397,7.545878853552754,0.0,0.0,137.93328322591339,0.0,67.37018288742735,6.322627505765874,0.0,4.5,0.0,0.0,0.0,0.0,1,6,2,0,0,1
278,278,0.0,18.944544,28.573581,1.604183084574922,1.423689236111111,6.48,1.3,0.0,2015-01-01,2015-10-05,341.91481282969033,401.1998237233122,8.4398277009373,0.42199138504686506,8.017836315890435,0.0,0.0,138.37351555708634,0.0,71.58385516733752,7.574976360397654,0.0,4.5,0.0,0.0,0.0,0.0,1,6,2,0,0,1
279,279,0.0,18.918543,30.124973999999998,1.6930586053667167,0.7069878472222223,6.48,1.3,2.0,2015-01-01,2015-10-06,343.1013378752302,402.46113089662447,8.051858046026057,0.40259290230130285,7.649265143724754,0.0,0.0,138.90009473488956,0.0,68.29322358449086,6.535347752880471,0.0,4.5,0.0,0.0,0.0,0.0,1,6,2,0,0,1
280,280,0.0,21.44064,28.417575,1.7422653636490877,1.548498263888889,4.4558333333333335,1.3,4.0,2015-01-01,2015-10-07,344.1216265107829,403.72141934594606,8.296251190644538,0.41481255953222695,7.881438631112311,0.0,0.0,139.35509778557838,0.0,70.36608621725725,7.134469385222479,0.0,4.5,0.0,0.0,0.0,0.0,1,6,2,0,0,1
281,281,0.0,21.11490525,28.495578,1.727172205529716,1.055998263888889,3.12,1.3,2.0,2015-01-01,2015-10-08,345.235469584324,404.9806824108333,8.116611502100456,0.40583057510502285,7.710780926995433,0.0,0.0,139.85144599747815,0.0,68.84244119715605,6.635367167329964,0.0,4.5,0.0,0.0,0.0,0.0,1,6,2,0,0,1
282,282,0.0,17.725386,22.905363,1.251696641961061,0.444453125,13.79125,1.3,3.0,2015-01-01,2015-10-09,346.2690725080203,406.2389134699217,8.589644760232009,0.42948223801160057,8.160162522220409,0.0,0.0,140.31344949660584,0.0,72.85455441075432,7.824652863837121,0.0,4.5,0.0,0.0,0.0,0.0,1,6,2,0,0,1
283,283,0.0,15.389629499999998,25.522797,1.2646548991533637,0.6858333333333334,11.04,1.3,1.0,2015-01-01,2015-10-10,347.48904068826533,407.4961059408978,8.69920228829996,0.434960114414998,8.264242173884961,0.0,0.0,140.85751286216305,0.0,73.7837854921941,8.069673630457578,0.0,4.5,0.0,0.0,0.0,0.0,1,6,2,0,0,1
284,284,0.0,14.498373,24.881439,1.1955433831618931,0.6887847222222222,11.04,1.3,1.0,2015-01-01,2015-10-11,348.7458246584051,408.75225328046884,8.914272455350988,0.4457136227675494,8.468558832583438,0.0,0.0,141.41859162264421,0.0,75.60794023024474,8.529162591431286,0.0,4.5,0.0,2.5,0.0,0.0,1,6,2,0,0,1
285,285,0.0,14.845053,26.779512,1.297941449438229,1.0270920138888888,11.04,1.3,1.0,2015-01-01,2015-10-12,350.0729655726497,410.0073489843321,8.988650506067856,0.44943252530339284,8.539217980764462,0.0,0.0,142.01150466327525,0.0,76.23879050335565,8.696562747117706,0.0,4.5,0.0,2.5,0.0,0.0,1,6,2,0,0,1
286,286,0.0,16.423891500000003,27.68088,1.4199362421307258,0.5408072916666666,11.04,1.3,3.0,2015-01-01,2015-10-13,351.42424841011086,411.2613865871431,8.457522315276439,0.42287611576382195,8.034646199512617,0.0,0.0,142.61613711286824,0.0,71.73393509254193,7.323977682237559,0.0,4.5,0.0,0.0,0.0,0.0,1,6,2,0,0,1
287,287,0.0,16.049766,26.476167,1.341171266323167,0.7136458333333333,11.04,1.3,4.0,2015-01-01,2015-10-14,352.5582382176901,412.5143596624813,8.683509438139366,0.4341754719069683,8.249333966232397,0.0,0.0,143.12618513372567,0.0,73.65068387532888,7.872160056427619,0.0,4.5,0.0,0.0,0.0,0.0,1,6,2,0,0,1
288,288,0.0,15.54057975,24.803435999999998,1.2386254021376624,0.9603472222222222,11.04,1.3,1.0,2015-01-01,2015-10-15,353.7765575379973,413.7662618228171,9.080277286404351,0.4540138643202177,8.626263422084135,0.0,0.0,143.67417167975444,0.0,77.01593885347287,8.82466127518871,0.0,4.5,0.0,2.5,0.0,0.0,1,6,2,0,0,1
289,289,0.0,15.001058999999998,25.072112999999998,1.226388493220333,0.7131857638888889,11.04,1.3,2.0,2015-01-01,2015-10-16,355.1419982967282,415.0170867194752,8.998862330146414,0.4499431165073207,8.548919213639094,0.0,0.0,144.28806675025078,0.0,76.32540385160596,8.536344914539022,0.0,4.5,0.0,2.5,0.0,0.0,1,6,2,0,0,1
290,290,0.0,10.008866999999999,17.557824,0.7648407495116272,1.2103993055555557,12.725833333333334,1.3,5.0,2015-01-01,2015-10-17,356.46022941672993,416.26682804259804,9.23490331744158,0.46174516587207903,8.7731581515695,0.0,0.0,144.88223090726393,0.0,78.32742622064269,9.175790835825335,0.0,0.0,0.0,2.5,0.0,0.0,1,6,2,0,0,1
291,291,0.0,9.662187,20.244594,0.8372335142973018,0.7269531250000001,7.680000000000001,1.3,0.0,2015-01-01,2015-10-18,357.87600383812963,417.5154795211082,9.262398796090011,0.46311993980450067,8.799278856285511,0.0,0.0,145.52075842585026,0.0,78.5606338678921,9.203542720515442,0.0,0.0,0.0,2.5,0.0,0.0,1,6,2,0,0,1
292,292,0.0,11.196245999999999,22.922697,0.982823732775262,0.6359809027777777,7.680000000000001,1.3,0.0,2015-01-01,2015-10-19,359.2936906852157,418.7630349226697,9.25094004791977,0.4625470023959885,8.788393045523781,0.0,0.0,146.16142356825463,0.0,78.46344451776751,9.092661746788036,0.0,4.5,0.0,2.5,0.0,0.0,1,6,2,0,0,1
293,293,0.0,13.328327999999999,24.699432,1.1373451744791392,0.44631944444444444,7.680000000000001,1.3,3.0,2015-01-01,2015-10-20,360.69177570783063,420.0094880536474,8.788517251495726,0.43942586257478633,8.34909138892094,0.0,0.0,146.79463965874942,0.0,74.54132576626532,7.893920338332838,0.0,4.5,0.0,0.0,0.0,0.0,1,6,2,0,0,1
294,294,0.0,14.936778749999998,23.971404,1.1749527655956205,0.8449565972222222,7.680000000000001,1.3,2.0,2015-01-01,2015-10-21,361.90184636645625,421.25483275906595,9.154185907971035,0.4577092953985519,8.696476612572484,0.0,0.0,147.3451170643453,0.0,77.64280758223373,8.738188251274483,0.0,4.5,0.0,2.5,0.0,0.0,1,6,2,0,0,1
295,295,0.0,14.905722,21.605313,1.0750280305364484,0.8058159722222222,7.680000000000001,1.3,8.0,2015-01-01,2015-10-22,363.24089608499713,422.4990629225682,9.265219325191584,0.46326096625957924,8.801958358932005,0.0,0.0,147.95415280810596,0.0,78.58455667222611,9.012323655852672,0.0,4.5,0.0,2.5,0.0,0.0,1,6,2,0,0,1
296,296,0.0,14.177693999999999,22.957365,1.10029473852419,0.6720486111111112,5.4375,1.3,1.0,2015-01-01,2015-10-23,364.6202266497658,423.742172466371,9.012643664989644,0.45063218324948223,8.562011481740162,0.0,0.0,148.58235214202136,0.0,76.44229262142298,8.352010467285341,0.0,4.5,0.0,0.0,0.0,0.0,1,6,2,0,0,1
297,297,0.0,14.637045,23.720060999999998,1.1512878968292952,0.9081423611111112,3.3600000000000003,1.3,2.0,2015-01-01,2015-10-24,365.8955437627128,424.9841553512216,9.187872671472862,0.4593936335736431,8.728479037899218,0.0,0.0,149.16501953325638,0.0,77.92852768044177,8.688179227857262,0.0,4.5,0.0,2.5,0.0,0.0,1,6,2,0,0,1
298,298,0.0,15.269735999999998,25.644135,1.2647216534214651,0.7930642361111111,3.3600000000000003,1.3,1.0,2015-01-01,2015-10-25,367.22080209421875,426.2250055763518,8.832462832213675,0.4416231416106838,8.390839690602991,0.0,0.0,149.7711332440873,0.0,74.91405779312991,7.807129039211185,0.0,4.5,0.0,0.0,0.0,0.0,1,6,2,0,0,1
299,299,0.0,16.275108,26.328827999999998,1.344970886044328,0.8922048611111111,3.6779166666666665,1.3,3.0,2015-01-01,2015-10-26,368.40864255653185,427.4647171794318,8.804562604331293,0.44022813021656476,8.36433447411473,0.0,0.0,150.31636115600645,0.0,74.67741719540223,7.6983980501474285,0.0,4.5,0.0,0.0,0.0,0.0,1,6,2,0,0,1
300,300,0.0,17.401818,24.361418999999998,1.304511702480614,1.248090277777778,10.063333333333333,1.3,6.0,2015-01-01,2015-10-27,369.57826841783924,428.7032842365222,9.365749473740859,0.468287473687043,8.897462000053816,0.0,0.0,150.85417041842004,0.0,79.4372204763584,9.06937930007118,0.0,4.5,0.0,2.5,0.0,0.0,1,6,2,0,0,1
301,301,0.0,16.907799,21.882657,1.1698617292828069,1.1752690972222224,9.905416666666667,1.3,8.0,2015-01-01,2015-10-28,370.9566321145267,429.94070086202646,9.50673021924095,0.47533651096204754,9.031393708278902,0.0,0.0,151.48716179613928,0.0,80.63297299937979,9.438487593212859,0.0,0.0,0.0,2.5,0.0,0.0,1,6,2,0,0,1
302,302,0.0,15.201122250000001,18.693201,0.9745333092178384,0.32618055555555553,14.349583333333335,1.3,8.0,2015-01-01,2015-10-29,372.3893584290079,431.1769612086406,9.46327888575697,0.4731639442878486,8.990114941469121,0.0,0.0,152.1459687780773,0.0,80.26443301572594,9.24550904749352,0.0,4.5,0.0,2.5,0.0,0.0,1,6,2,0,0,1
303,303,0.0,15.044394,17.36715,0.9213295709178893,0.4624826388888888,20.14,1.3,7.0,2015-01-01,2015-10-30,373.79027260877257,432.4120594673026,9.524286404390926,0.4762143202195464,9.04807208417138,0.0,0.0,152.7916239819761,0.0,80.78187881352662,9.42431878415122,0.0,0.0,0.0,2.5,0.0,0.0,1,6,2,0,0,1
304,304,0.0,10.121538,19.169886,0.8176361302477689,1.145321180555556,3.3912500000000003,1.3,3.0,2015-01-01,2015-10-31,375.21627332843053,433.6459898671418,9.53303151694851,0.4766515758474255,9.056379941101085,0.0,0.0,153.44991807957177,0.0,80.85605199489082,9.417054903291207,0.0,0.0,0.0,2.5,0.0,0.0,1,6,2,0,0,1
305,305,0.0,8.35997025,13.935018,0.6215800084691174,1.0158940972222221,5.824166666666667,1.3,7.0,2015-01-01,2015-11-01,376.6388976228566,434.87874667542553,9.541772238168202,0.4770886119084101,9.064683626259791,0.0,0.0,154.10794690055093,0.0,80.93018793036481,9.409830431438554,0.0,0.0,0.0,2.5,0.0,0.0,1,6,2,0,0,1
306,306,0.0,7.218093,9.974198999999999,0.5059908822920313,0.24290798611111106,7.379166666666666,1.3,7.0,2015-01-01,2015-11-02,378.058179683509,436.1103241975062,9.550507582525563,0.4775253791262782,9.072982203399285,0.0,0.0,154.76571216646897,0.0,81.00427826105302,9.402643296627081,0.0,0.0,0.0,2.5,0.0,0.0,1,6,2,0,0,1
307,307,0.0,6.290724,12.94698,0.5498212396044286,0.4662326388888889,2.88,1.3,3.0,2015-01-01,2015-11-03,379.47415283929746,437.3407167767665,9.559236596101151,0.4779618298050576,9.081274766296094,0.0,0.0,155.4232155098885,0.0,81.07831489612316,9.395491489470684,0.0,0.0,0.0,2.5,0.0,0.0,1,6,2,0,0,1
308,308,0.0,6.44673,16.907799,0.6483071441655651,0.39981770833333335,2.88,1.3,0.0,2015-01-01,2015-11-04,380.88684958331237,438.56991879456416,9.567958355449104,0.47839791777245533,9.08956043767665,0.0,0.0,156.08045847638257,0.0,81.15229000320963,9.38837306111301,0.0,0.0,0.0,2.5,0.0,0.0,1,6,2,0,0,1
309,309,0.0,8.682815999999999,17.479821,0.7241001364105472,0.7605902777777778,2.88,1.3,6.0,2015-01-01,2015-11-05,382.2963015985614,439.79792467017626,9.576671966509906,0.4788335983254953,9.09783836818441,0.0,0.0,156.73744252649334,0.0,81.2261959991924,9.381286121248696,0.0,0.0,0.0,2.5,0.0,0.0,1,6,2,0,0,1
310,310,0.0,13.414998,20.062587,0.9593145198147428,0.3476388888888889,4.445416666666667,1.3,4.0,2015-01-01,2015-11-06,383.7025397827541,441.0247288607411,9.35946676246861,0.46797333812343056,8.89149342434518,0.0,0.0,157.39416903764598,0.0,79.3839325764501,8.715773837216165,0.0,4.5,0.0,0.0,0.0,0.0,1,6,2,0,0,1
311,311,0.0,12.617633999999999,16.162437,0.8016589593043119,0.35855902777777776,5.479166666666667,1.3,7.0,2015-01-01,2015-11-07,385.0062898761531,442.25032586120017,9.59420814203935,0.4797104071019675,9.114497734937382,0.0,0.0,158.00478912493816,0.0,81.37493209828946,9.368774612544867,0.0,0.0,0.0,2.5,0.0,0.0,1,6,2,0,0,1
312,312,0.0,12.305622,17.055138,0.8198239354722411,0.8784027777777778,3.504166666666667,1.3,4.0,2015-01-01,2015-11-08,386.4066126771287,443.47471020423995,9.602885441205007,0.4801442720602504,9.122741169144756,0.0,0.0,158.6610800112151,0.0,81.44853010866699,9.361753417925577,0.0,0.0,0.0,2.5,0.0,0.0,1,6,2,0,0,1
313,313,0.0,12.010944,15.599082,0.7661296152963848,1.1901041666666665,8.812916666666666,1.3,6.0,2015-01-01,2015-11-09,387.8038040824751,444.69787646023076,9.611551429782285,0.4805775714891143,9.13097385829317,0.0,0.0,159.317116182517,0.0,81.52203218633726,9.354757013391337,0.0,0.0,0.0,2.5,0.0,0.0,1,6,2,0,0,1
314,314,0.0,11.152911,15.148398,0.7280370625713961,1.1821180555555555,10.824166666666668,1.3,6.0,2015-01-01,2015-11-10,389.1978921952681,445.9198192371671,9.620205342200219,0.48101026711001094,9.139195075090207,0.0,0.0,159.97289871427034,0.0,81.59543183797791,9.347783766999077,0.0,0.0,0.0,2.5,0.0,0.0,1,6,2,0,0,1
315,315,0.0,8.63153625,14.741049,0.6487712539579416,0.9388888888888886,4.067083333333333,1.3,2.0,2015-01-01,2015-11-11,390.58890444122085,447.14053318060485,9.628846436805059,0.481442321840253,9.147404114964806,0.0,0.0,160.62842860749646,0.0,81.66872277312477,9.34083209525915,0.0,0.0,0.0,2.5,0.0,0.0,1,6,2,0,0,1
316,316,0.0,8.240798999999999,17.913171000000002,0.7238547017812138,1.151883680555556,4.08,1.3,0.0,2015-01-01,2015-11-12,391.97686758868343,448.36001297359905,9.63747399505338,0.48187369975266914,9.155600295300712,0.0,0.0,161.28370679048464,0.0,81.74189889732776,9.333900461627229,0.0,0.0,0.0,2.5,0.0,0.0,1,6,2,0,0,1
317,317,0.0,8.752151999999999,18.909876,0.7676787757257568,0.9420399305555556,4.08,1.3,0.0,2015-01-01,2015-11-13,393.36180776793805,449.57825333664096,9.646087320730512,0.4823043660365256,9.163782954693986,0.0,0.0,161.93873412042765,0.0,81.81495430552197,9.326987375037568,0.0,0.0,0.0,2.5,0.0,0.0,1,6,2,0,0,1
318,318,0.0,5.770703999999999,15.11373,0.5875072320740767,1.0794010416666664,3.017916666666667,1.3,0.0,2015-01-01,2015-11-14,394.74375048981847,450.79524902759283,9.654685739213136,0.4827342869606568,9.171951452252479,0.0,0.0,162.59351138501842,0.0,81.88788327577335,9.320091388513681,5.5,0.0,0.0,0.0,0.0,0.0,1,6,2,0,0,1
319,319,0.0,6.1260509999999995,15.755088,0.611407249334178,1.2370746527777776,2.4000000000000004,1.3,1.0,2015-01-01,2015-11-15,396.12272066368644,452.0109948416232,9.663268596754381,0.4831634298377192,9.180105166916663,0.0,0.0,163.2480393040118,0.0,81.96068026321497,9.313211097816623,5.5,0.0,0.0,0.0,0.0,0.0,1,6,2,0,0,1
320,320,0.0,8.552811,18.069177,0.7372134292813612,0.9448003472222224,2.4000000000000004,1.3,4.0,2015-01-01,2015-11-16,397.49874261478556,453.22548561114104,9.67183525979596,0.48359176298979806,9.188243496806162,0.0,0.0,163.90231853074997,0.0,82.03333989421282,9.306345140139406,5.5,0.0,0.0,0.0,0.0,0.0,1,6,2,0,0,1
321,321,0.0,12.608967,16.9338,0.8255914284868839,1.1348524305555554,5.487083333333334,1.3,8.0,2015-01-01,2015-11-17,398.8718401010017,454.43871620572827,9.680385114315543,0.4840192557157772,9.196365858599766,0.0,0.0,164.55634965365306,0.0,82.10585696083061,9.299492192863879,5.5,0.0,0.0,0.0,0.0,0.0,1,6,2,0,0,1
322,322,0.0,8.61709125,14.039022,0.6305783015335611,0.830625,7.585416666666666,1.3,7.0,2015-01-01,2015-11-18,400.2420363290543,455.6506815320731,9.68891756518761,0.48444587825938057,9.20447168692823,0.0,0.0,165.2101331976764,0.0,82.17822641540856,9.292650972339038,5.5,0.0,0.0,0.0,0.0,0.0,1,6,2,0,0,1
323,323,0.0,7.712111999999999,15.746421000000002,0.6509844307349686,0.33789930555555553,9.855833333333331,1.3,5.0,2015-01-01,2015-11-19,401.6093539701378,456.8613765339006,9.697432035583384,0.4848716017791693,9.212560433804216,0.0,0.0,165.86366962573362,0.0,82.25044336547376,9.285820232728973,5.5,0.0,0.0,0.0,0.0,0.0,1,6,2,0,0,1
324,324,0.0,7.157424,14.039022,0.5948988346341834,0.6659895833333334,3.3600000000000003,1.3,3.0,2015-01-01,2015-11-20,402.9738151750397,458.07079619190404,9.705927966381545,0.4852963983190772,9.220631568062467,0.0,0.0,166.51695934008833,0.0,82.3225030687423,9.27899876487911,5.5,0.0,0.0,0.0,0.0,0.0,1,6,2,0,0,1
325,325,0.0,5.822705999999999,15.46041,0.5969665497272197,0.5764583333333334,3.3600000000000003,1.3,0.0,2015-01-01,2015-11-21,404.3354415887527,459.2789355236747,9.714404815605992,0.48572024078029963,9.228684574825692,0.0,0.0,167.17000268371362,0.0,82.39440092835035,9.272185395229242,5.5,0.0,0.0,0.0,0.0,0.0,1,6,2,0,0,1
326,326,0.0,6.403395,17.315148,0.6577202967297516,0.25592881944444446,3.3600000000000003,1.3,0.0,2015-01-01,2015-11-22,405.69425436460125,460.4857895836303,9.72286205789655,0.48614310289482754,9.236718955001724,0.0,0.0,167.82279994162042,0.0,82.46613248836496,9.265378984787006,5.5,0.0,0.0,0.0,0.0,0.0,1,6,2,0,0,1
327,327,0.0,7.200759,18.467859,0.7102266646626483,0.29651041666666667,3.3600000000000003,1.3,0.0,2015-01-01,2015-11-23,407.05027417790564,461.69135346294536,9.731299183973977,0.4865649591986989,9.244734224775279,0.0,0.0,168.47535134215718,0.0,82.53769342924623,9.258578428087063,5.5,0.0,0.0,0.0,0.0,0.0,1,6,2,0,0,1
328,328,0.0,7.365432,18.424524,0.7136123281108147,0.3053645833333334,3.3600000000000003,1.3,0.0,2015-01-01,2015-11-24,408.40352123919365,462.89562228947636,9.739715700151432,0.4869857850075716,9.25272991514386,0.0,0.0,169.12765705827806,0.0,82.60907956370413,9.251782652238226,5.5,0.0,0.0,0.0,0.0,0.0,1,6,2,0,0,1
329,329,0.0,7.547439,16.994469,0.679457271644087,0.3695746527777778,3.3600000000000003,1.3,0.0,2015-01-01,2015-11-25,409.7540153069854,464.09859122769046,9.748111127851946,0.4874055563925974,9.260705571459349,0.0,0.0,169.7797172087843,0.0,82.68028683260545,9.244990615975624,5.5,0.0,0.0,0.0,0.0,0.0,1,6,2,0,0,1
330,330,0.0,7.634109,16.526450999999998,0.6693122241239149,0.260234375,3.3600000000000003,1.3,4.0,2015-01-01,2015-11-26,411.1017757001624,465.30025547859077,9.756485003141318,0.48782425015706593,9.268660752984252,0.0,0.0,170.4315318595365,0.0,82.7513113010122,9.238201308745452,5.5,0.0,0.0,0.0,0.0,0.0,1,6,2,0,0,1
331,331,0.0,9.228837,17.523156,0.7409624720517258,0.36160590277777777,3.3600000000000003,1.3,1.0,2015-01-01,2015-11-27,412.4468213099396,466.50061027964205,9.76483687628722,0.488241843814361,9.276595032472859,0.0,0.0,171.08310102464029,0.0,82.82214915444207,9.231413749833317,5.5,0.0,0.0,0.0,0.0,0.0,1,6,2,0,0,1
332,332,0.0,9.090164999999999,17.88717,0.7475005632334357,0.6064583333333333,3.3600000000000003,1.3,0.0,2015-01-01,2015-11-28,413.7891706114533,467.69965090469555,9.773166311325983,0.4886583155662992,9.284507995759684,0.0,0.0,171.73442466760508,0.0,82.89279669519391,9.224626987507634,5.5,0.0,0.0,0.0,0.0,0.0,1,6,2,0,0,1
333,333,0.0,8.405472,16.656456,0.6935095280649731,1.0506163194444444,3.3600000000000003,1.3,0.0,2015-01-01,2015-11-29,415.1288416749813,468.8973726639124,9.781472885651745,0.48907364428258726,9.292399241369157,0.0,0.0,172.38550270247674,0.0,82.9632503388632,9.217840098204368,5.5,0.0,0.0,0.0,0.0,0.0,1,6,2,0,0,1
334,334,0.0,10.242875999999999,16.188438,0.7317450251240786,0.525078125,3.3600000000000003,1.3,0.0,2015-01-01,2015-11-30,416.46585217680786,470.0937709036874,9.789756189615643,0.48948780948078224,9.300268380134861,0.0,0.0,173.03633499494538,0.0,83.03350661094242,9.211052185728228,5.5,0.0,0.0,0.0,0.0,0.0,1,6,2,0,0,1
335,335,0.0,10.286211,15.599082,0.7162824490804166,1.5368663194444445,6.617083333333333,1.3,7.0,2015-01-01,2015-12-01,417.80021940974706,471.2888410065714,9.798015826144988,0.48990079130724945,9.308115034837739,0.0,0.0,173.68692136342816,0.0,83.10356214359099,9.20426238049154,5.5,0.0,0.0,0.0,0.0,0.0,1,6,2,0,0,1
336,336,0.0,9.774858,14.550374999999999,0.6736765586264866,1.5236631944444445,5.562916666666667,1.3,7.0,2015-01-01,2015-12-02,419.13196029333744,472.4825783911932,9.806251410369573,0.49031257051847876,9.315938839851094,0.0,0.0,174.33726158012837,0.0,83.17341367246588,9.197469838765638,5.5,0.0,0.0,0.0,0.0,0.0,1,6,2,0,0,1
337,337,0.0,9.974198999999999,15.443075999999998,0.7032584472467543,1.282092013888889,5.697916666666667,1.3,6.0,2015-01-01,2015-12-03,420.4610913837195,473.6749785121808,9.814462569263803,0.4907231284631903,9.323739440800614,0.0,0.0,174.98735537207054,0.0,83.24305803368613,9.19067374196155,5.5,0.0,0.0,0.0,0.0,0.0,1,6,2,0,0,1
338,338,0.0,2.2952369999999993,10.988237999999999,0.4307270291963035,1.458055555555556,36.24,1.3,1.0,2015-01-01,2015-12-04,421.7876288832075,474.8660368600815,9.822648941309678,0.4911324470654839,9.331516494244195,0.0,0.0,175.63720242211303,0.0,83.31249216097439,9.183873295948628,5.5,0.0,3.5,0.0,0.0,0.0,1,6,2,0,0,1
339,339,0.0,1.601876999999999,9.714189,0.3967311534027103,0.6112152777777778,36.24,1.3,0.0,2015-01-01,2015-12-05,423.11158864956803,476.0557489612827,9.574226276900095,0.47871131384500476,9.09551496305509,0.0,0.0,176.28680236993875,0.0,81.20545246069652,8.700495441807401,5.5,0.0,0.0,0.0,0.0,0.0,1,6,2,0,0,1
340,340,0.0,3.7166249999999996,7.6774439999999995,0.3980324279611549,0.6585763888888888,15.062083333333334,1.3,6.0,2015-01-01,2015-12-06,424.3640115370538,477.2441103779295,9.583271421163365,0.47916357105816837,9.104107850105198,0.0,0.0,176.90256550229952,0.0,81.28217041275111,8.696347966055331,5.5,0.0,0.0,0.0,0.0,0.0,1,6,2,0,0,1
341,341,0.0,1.2284737499999991,6.975417,0.3477856666955913,1.3929947916666665,3.3600000000000003,1.3,6.0,2015-01-01,2015-12-07,425.61445361852094,478.43111670784515,9.592280912938447,0.4796140456469224,9.112666867291525,0.0,0.0,177.51823520189674,0.0,81.35858597207435,8.692168205079343,5.5,0.0,0.0,0.0,0.0,0.0,1,6,2,0,0,1
342,342,0.0,0.9605189999999997,10.338213,0.3964424926319932,0.7380034722222222,3.3600000000000003,1.3,0.0,2015-01-01,2015-12-08,426.8629220766645,479.6167635844479,9.601254629378998,0.4800627314689499,9.121191897910048,0.0,0.0,178.13380961433012,0.0,81.43469809672372,8.687955899397997,5.5,0.0,0.0,0.0,0.0,0.0,1,6,2,0,0,1
343,343,0.0,1.6502677499999994,10.138872,0.4046812770078007,0.6854600694444444,3.3600000000000003,1.3,1.0,2015-01-01,2015-12-09,428.10942393836024,480.8010466766675,9.610192452443048,0.4805096226221524,9.129682829820895,0.0,0.0,178.7492868668901,0.0,81.51050578550597,8.683710800213198,5.5,0.0,0.0,0.0,0.0,0.0,1,6,2,0,0,1
344,344,0.0,1.1858609999999992,8.596146,0.3718924054904508,0.8039670138888888,3.3600000000000003,1.3,2.0,2015-01-01,2015-12-10,429.353966078573,481.98396168886416,9.619094268762058,0.4809547134381029,9.138139555323955,0.0,0.0,179.3646650690109,0.0,81.58600807686616,8.679432669121189,5.5,0.0,0.0,0.0,0.0,0.0,1,6,2,0,0,1
345,345,0.0,2.5032449999999997,7.868117999999999,0.3812672951952839,0.7270138888888888,3.3600000000000003,1.3,1.0,2015-01-01,2015-12-11,430.596555224154,483.16550436074215,7.909644494089099,0.39548222470445493,7.514162269384643,0.0,0.0,179.97994231271338,0.0,79.16552047146256,9.141320107831389,5.5,0.0,0.0,0.0,0.0,0.0,1,6,2,0,0,1
346,346,0.0,1.6639904999999997,9.575517,0.3954576356848894,0.29790798611111113,3.3600000000000003,1.3,0.0,2015-01-01,2015-12-12,431.90420075807697,484.3456704672666,7.916553198090906,0.3958276599045454,7.520725538186361,0.0,0.0,180.6280507785128,0.0,79.23466784572132,9.13440955787984,5.5,0.0,0.0,0.0,0.0,0.0,1,6,2,0,0,1
347,347,0.0,0.5618369999999997,10.043534999999999,0.3850472638024042,0.3381336805555556,3.3600000000000003,1.3,0.0,2015-01-01,2015-12-13,433.20936924447795,485.5244558185783,7.923437347832054,0.3961718673916027,7.527265480440451,0.0,0.0,181.27590536309475,0.0,79.3035694629392,9.127489222848565,5.5,0.0,0.0,0.0,0.0,0.0,1,6,2,0,0,1
348,348,0.0,4.089306,8.362137,0.4160479952763969,0.7949479166666666,3.3600000000000003,1.3,6.0,2015-01-01,2015-12-14,434.51207405521734,486.7018562599076,7.930296753753869,0.3965148376876935,7.533781916066176,0.0,0.0,181.9235053898829,0.0,79.37222342587414,9.120558505504947,5.5,0.0,0.0,0.0,0.0,0.0,1,6,2,0,0,1
349,349,0.0,2.2287899999999996,7.720779,0.3745368398406292,0.9245225694444444,3.3600000000000003,1.3,5.0,2015-01-01,2015-12-15,435.812328291091,487.8778676714878,7.937131232645809,0.3968565616322905,7.540274671013519,0.0,0.0,182.57085014738874,0.0,79.44062790082064,9.113616827071525,5.5,0.0,0.0,0.0,0.0,0.0,1,6,2,0,0,1
350,350,0.0,0.7351769999999993,9.757524,0.3832231617402345,0.2874045138888889,3.3600000000000003,1.3,1.0,2015-01-01,2015-12-16,437.11014478862705,489.05248596846934,7.943940607476512,0.3971970303738257,7.546743577102687,0.0,0.0,183.2179388900011,0.0,79.50878111591908,9.106663626746355,5.5,0.0,0.0,0.0,0.0,0.0,1,6,2,0,0,1
351,351,0.0,0.483833999999999,8.717483999999999,0.3628554148005,0.32167534722222224,3.3600000000000003,1.3,5.0,2015-01-01,2015-12-17,438.40553612668634,490.2257071008313,7.950724707222563,0.3975362353611282,7.553188471861435,0.0,0.0,183.86477083875917,0.0,79.57668135944175,9.099698361223007,5.5,0.0,0.0,0.0,0.0,0.0,1,6,2,0,0,1
352,352,0.0,3.5259509999999996,7.469436,0.3914209017786125,0.2034982638888889,3.3600000000000003,1.3,7.0,2015-01-01,2015-12-18,439.69851463287284,491.3975270532935,7.95748336671443,0.3978741683357216,7.559609198378709,0.0,0.0,184.51134518210927,0.0,79.64432697825092,9.09272050424866,5.5,0.0,0.0,0.0,0.0,0.0,1,6,2,0,0,1
353,353,0.0,1.9146112499999997,9.228837,0.3938648452816384,0.4090017361111111,3.3600000000000003,1.3,1.0,2015-01-01,2015-12-19,440.9890923897598,492.56794184522835,7.9642164264792425,0.3982108213239621,7.56600560515528,0.0,0.0,185.15766107664572,0.0,79.71171637622514,9.085729546178579,5.5,0.0,0.0,0.0,0.0,0.0,1,6,2,0,0,1
354,354,0.0,1.0731899999999994,8.448806999999999,0.3678216673162492,0.5453732638888888,3.3600000000000003,1.3,2.0,2015-01-01,2015-12-20,442.2772812409406,493.7369475305719,7.970923732586413,0.39854618662932073,7.572377545957092,0.0,0.0,185.8037176478366,0.0,79.77884801271429,9.078724993537755,5.5,0.0,0.0,0.0,0.0,0.0,1,6,2,0,0,1
355,355,0.0,-0.09685500000000058,8.87349,0.3563698369563041,0.7334114583333333,3.3600000000000003,1.3,1.0,2015-01-01,2015-12-21,443.5630927969054,494.9045401977339,7.977605136504018,0.39888025682520095,7.578724879678817,0.0,0.0,186.44951399073375,0.0,79.84572040110199,9.071706368609195,5.5,0.0,0.0,0.0,0.0,0.0,1,6,2,0,0,1
356,356,0.0,-0.9982230000000012,9.965532,0.3592689291944601,0.31190104166666666,3.3600000000000003,1.3,0.0,2015-01-01,2015-12-22,444.84653844075206,496.0707159695071,7.984260494962612,0.3992130247481307,7.585047470214482,0.0,0.0,187.0950491706679,0.0,79.91233210744258,9.06467320904047,5.5,0.0,0.0,0.0,0.0,0.0,1,6,2,0,0,1
357,357,0.0,2.4772439999999993,10.745562,0.429641422418403,0.5637239583333334,3.3600000000000003,1.3,3.0,2015-01-01,2015-12-23,446.12762933373943,497.23547100297765,7.990889669811874,0.3995444834905937,7.59134518632128,0.0,0.0,187.7403222239305,0.0,79.97868174902636,9.057625067436263,5.5,0.0,0.0,0.0,0.0,0.0,1,6,2,0,0,1
358,358,0.0,2.5588582499999997,10.476885,0.4263093397359484,0.182109375,3.3600000000000003,1.3,3.0,2015-01-01,2015-12-24,447.4063764206821,498.39880148943325,7.997492527894494,0.3998746263947247,7.597617901499769,0.0,0.0,188.38533215844046,0.0,80.04476799311742,9.050561510990189,5.5,0.0,0.0,0.0,0.0,0.0,1,6,2,0,0,1
359,359,0.0,1.8618869999999998,10.225542,0.4097662020733109,0.34018229166666664,3.3600000000000003,1.3,0.0,2015-01-01,2015-12-25,448.68279043519726,499.56070365427183,8.004068940911704,0.40020344704558525,7.6038654938661185,0.0,0.0,189.0300779543979,0.0,80.11058955560759,9.04348212110164,5.5,0.0,0.0,0.0,0.0,0.0,1,6,2,0,0,1
360,360,0.0,1.229195999999999,11.30025,0.4174051147717293,0.5000347222222222,3.3600000000000003,1.3,0.0,2015-01-01,2015-12-26,449.95688190480456,500.7211737569089,8.010618785306326,0.4005309392653163,7.610087846041009,0.0,0.0,189.6745585649236,0.0,80.17614519984606,9.036386493031888,5.5,0.0,0.0,0.0,0.0,0.0,1,6,2,0,0,1
361,361,0.0,2.000558999999999,9.922197,0.4069520887620009,0.26901041666666664,3.3600000000000003,1.3,0.0,2015-01-01,2015-12-27,451.2286611558875,501.88020809068564,8.017141942137904,0.4008570971068952,7.616284845031009,0.0,0.0,190.31877291668687,0.0,80.24143373538959,9.029274235544003,5.5,0.0,0.0,0.0,0.0,0.0,1,6,2,0,0,1
362,362,0.0,2.1132299999999997,12.678303,0.4585028341183709,0.2681510416666667,3.3600000000000003,1.3,0.0,2015-01-01,2015-12-28,452.4981383185162,503.0378029827749,8.023638296968302,0.40118191484841514,7.6224563821198865,0.0,0.0,190.96271991051924,0.0,80.30645401685737,9.022144970569746,5.5,0.0,0.0,0.0,0.0,0.0,1,6,2,0,0,1
363,363,0.0,2.7199199999999997,11.976276,0.4567011746667646,0.7171614583333334,3.3600000000000003,1.3,2.0,2015-01-01,2015-12-29,453.76532333114113,504.1939547940883,8.030107739748557,0.4015053869874279,7.628602352761129,0.0,0.0,191.60639842201667,0.0,80.37120494279873,9.014998332878651,5.5,0.0,0.0,0.0,0.0,0.0,1,6,2,0,0,1
364,364,0.0,6.836745,8.890824,0.4765280215584941,1.7184635416666667,9.370416666666666,1.3,7.0,2015-01-01,2015-12-30,455.03022594515693,505.34865991918196,8.036550164709112,0.40182750823545565,7.634722656473656,0.0,0.0,192.24980730212945,0.0,80.43568545459439,9.007833969757858,5.5,0.0,0.0,0.0,0.0,0.0,1,6,2,0,0,1
365,365,0.0,6.533399999999999,12.712971,0.5500138681224627,1.108871527777778,6.0,1.3,4.0,2015-01-01,2015-12-31,456.292855729344,506.5019147861618,8.042965470256586,0.40214827351282934,7.640817196743757,0.0,0.0,192.89294537774018,0.0,80.49989453542335,9.000651540707173,5.5,0.0,0.0,0.0,0.0,0.0,1,6,2,0,0,1
366,1,0.0,8.240798999999999,13.128986999999999,0.5990405966312218,1.762708333333333,6.800416666666667,1.3,5.0,2015-01-01,2016-01-01,457.55322207419124,507.65371585658943,8.049353558863132,0.40246767794315663,7.6468858809199745,0.0,0.0,193.53581145223046,0.0,80.56383120915538,8.993450717119176,5.5,0.0,0.0,0.0,0.0,0.0,1,6,2,0,0,1
367,2,0.0,2.5444132499999994,10.277543999999999,0.4225292261423873,1.2851822916666666,14.366666666666667,1.3,3.0,2015-01-01,2016-01-02,458.8113341960993,508.804059625385,8.055714336977655,0.40278571684888276,7.652928620128772,0.0,0.0,194.17840430603536,0.0,80.62749453946259,8.98623118201076,5.5,0.0,3.5,0.0,0.0,0.0,1,6,2,0,0,1
368,3,0.0,0.9691859999999997,6.810744,0.3415498236302275,0.7578559027777777,16.32,1.3,1.0,2015-01-01,2016-01-03,460.0672011414771,509.9529426207332,8.06204771492177,0.4031023857460885,7.658945329175681,0.0,0.0,194.82072269718878,0.0,80.6908836287779,8.97899262972049,5.5,0.0,3.5,0.0,0.0,0.0,1,6,2,0,0,1
369,4,0.0,0.2671589999999995,7.686111,0.3440873385898302,0.666015625,16.32,1.3,5.0,2015-01-01,2016-01-04,461.32083179072447,511.1003614039864,8.068353606795682,0.40341768033978415,7.664935926455898,0.0,0.0,195.4627653618564,0.0,80.75399761735325,8.971734765630694,5.5,0.0,3.5,0.0,0.0,0.0,1,6,2,0,0,1
370,5,0.0,6.273389999999999,10.762896,0.5027781444746694,0.5759982638888888,16.32,1.3,6.0,2015-01-01,2016-01-05,462.57223486211194,512.2463125695674,8.074631930392197,0.4037315965196099,7.670900333872587,0.0,0.0,196.10453101485862,0.0,80.81683568239878,8.964457305908367,5.5,0.0,0.0,0.0,0.0,0.0,1,6,2,0,0,1
371,6,0.0,4.747998,11.629596,0.489410861138808,0.6353038194444445,16.32,1.3,4.0,2015-01-01,2016-01-06,463.82141891555835,513.390792744873,8.080882607104048,0.4040441303552024,7.676838476748845,0.0,0.0,196.74601835018387,0.0,80.87939703715526,8.957159977233777,5.5,0.0,0.0,0.0,0.0,0.0,1,6,2,0,0,1
372,7,0.0,4.36665,14.689046999999999,0.5457897616430448,0.6920659722222222,16.32,1.3,3.0,2015-01-01,2016-01-07,465.0683923563083,514.5337985901768,8.087105561839078,0.40435527809195393,7.682750283747123,0.0,0.0,197.38722604149137,0.0,80.9416809300454,8.949842516545901,5.5,0.0,0.0,0.0,0.0,0.0,1,6,2,0,0,1
373,8,0.0,9.020828999999999,13.935018,0.6381338382660183,1.4785243055555555,12.21875,1.3,7.0,2015-01-01,2016-01-08,466.313163438514,515.6753267985307,8.093300722934739,0.404665036146737,7.688635686788001,0.0,0.0,198.02815274260422,0.0,81.00368664381789,8.942504670790257,5.5,0.0,0.0,0.0,0.0,0.0,1,6,2,0,0,1
374,9,0.0,8.483475,12.322956,0.5856720296492238,1.1262413194444445,17.68583333333333,1.3,7.0,2015-01-01,2016-01-09,467.5557402687235,516.8153740956664,8.099468022084805,0.4049734011042403,7.6944946209805645,0.0,0.0,198.66879708799266,0.0,81.06541349481391,8.935146196692816,5.5,0.0,0.0,0.0,0.0,0.0,1,6,2,0,0,1
375,10,0.0,2.1247859999999994,11.178912,0.4310894363805256,1.2822135416666667,6.377916666666668,1.3,2.0,2015-01-01,2016-01-10,468.7961308092804,517.9539372398979,8.10560739424932,0.40528036971246606,7.700327024536854,0.0,0.0,199.30915769324923,0.0,81.12686083206596,8.927766860499895,5.5,0.0,0.0,0.0,0.0,0.0,1,6,2,0,0,1
376,11,0.0,2.1045629999999993,10.511553,0.4189176129478068,0.8654427083333334,3.3600000000000003,1.3,3.0,2015-01-01,2016-01-11,470.0343428816327,519.0910130220213,8.111718777589097,0.4055859388794549,7.7061328387096415,0.0,0.0,199.94923315555334,0.0,81.18802803664204,8.920366437772387,5.5,0.0,0.0,0.0,0.0,0.0,1,6,2,0,0,1
377,12,0.0,5.814038999999999,12.374958,0.5269477572899949,0.5643489583333333,3.3600000000000003,1.3,5.0,2015-01-01,2016-01-12,471.2703841695601,520.2265982652165,8.117802113383016,0.40589010566915085,7.711912007713865,0.0,0.0,200.58902205412798,0.0,81.24891452081819,8.912944713144306,5.5,0.0,0.0,0.0,0.0,0.0,1,6,2,0,0,1
378,13,0.0,5.034008999999999,13.735676999999999,0.5395072491437245,0.5797743055555555,3.3600000000000003,1.3,0.0,2015-01-01,2016-01-13,472.5042622223158,521.3606898249463,8.123857345962564,0.40619286729812826,7.717664478664436,0.0,0.0,201.22852295068753,0.0,81.30951972742311,8.905501480119774,5.5,0.0,0.0,0.0,0.0,0.0,1,6,2,0,0,1
379,14,0.0,8.171463,15.443075999999998,0.6550186200553089,0.6188715277777778,3.3600000000000003,1.3,0.0,2015-01-01,2016-01-14,473.7359844576902,522.4932845888577,8.129884422635934,0.40649422113179673,7.723390201504137,0.0,0.0,201.86773438987697,0.0,81.36984312907853,8.898036540848826,5.5,0.0,0.0,0.0,0.0,0.0,1,6,2,0,0,1
380,15,0.0,5.806094249999999,15.599082,0.5998893235623428,0.4831684027777778,3.3600000000000003,1.3,2.0,2015-01-01,2016-01-15,474.9655581649961,523.6243794766801,8.135883293624163,0.40679416468120816,7.729089128942954,0.0,0.0,202.50665489970282,0.0,81.42988422756018,8.890549705930928,5.5,0.0,0.0,0.0,0.0,0.0,1,6,2,0,0,1
381,16,0.0,3.9072989999999996,13.354329,0.5074245718659565,0.5778385416666666,3.3600000000000003,1.3,2.0,2015-01-01,2016-01-16,476.19299050797787,524.7539714401256,8.141853911992655,0.4070926955996328,7.7347612163930215,0.0,0.0,203.1452829919562,0.0,81.48964255311213,8.88304079420881,5.5,0.0,0.0,0.0,0.0,0.0,1,6,2,0,0,1
382,17,0.0,4.5659909999999995,13.267658999999998,0.5193899674167745,0.9914756944444445,3.3600000000000003,1.3,1.0,2015-01-01,2016-01-17,477.41828852764905,525.8820574627871,8.147796233586991,0.40738981167934957,7.740406421907641,0.0,0.0,203.783617162628,0.0,81.54911766380467,8.875509632574003,5.5,0.0,0.0,0.0,0.0,0.0,1,6,2,0,0,1
383,18,0.0,6.308058,14.021688000000001,0.5745663072374317,1.4891666666666665,3.3600000000000003,1.3,0.0,2015-01-01,2016-01-18,478.64145914505656,527.0086345600373,8.153710216973838,0.4076855108486919,7.746024706125146,0.0,0.0,204.4216558923158,0.0,81.60830914494255,8.86795605578425,5.5,0.0,0.0,0.0,0.0,0.0,1,6,2,0,0,1
384,19,0.0,9.48018,14.065023,0.6532229367841921,1.7472395833333332,3.3600000000000003,1.3,2.0,2015-01-01,2016-01-19,479.8625091639789,528.1336997789275,8.159595823370225,0.40797979116851124,7.751616032201714,0.0,0.0,205.05939764662457,0.0,81.66721660835742,8.860379906255973,5.5,0.0,0.0,0.0,0.0,0.0,1,6,2,0,0,1
385,20,0.0,10.650224999999999,15.989097000000001,0.7377123353280413,0.7681423611111111,3.3600000000000003,1.3,3.0,2015-01-01,2016-01-20,481.0814452735532,529.2572501980841,8.165453016597978,0.4082726508298989,7.757180365768078,0.0,0.0,205.69684087655807,0.0,81.72583969195155,8.852781033913878,5.5,0.0,0.0,0.0,0.0,0.0,1,6,2,0,0,1
386,21,0.0,8.890824,16.361778,0.6987257591546219,0.762734375,3.3600000000000003,1.3,2.0,2015-01-01,2016-01-21,482.29827405084126,530.3792829276077,8.171281763013791,0.40856408815068956,7.762717674863102,0.0,0.0,206.33398401890494,0.0,81.78417805899814,8.845159295987813,5.5,0.0,0.0,0.0,0.0,0.0,1,6,2,0,0,1
387,22,0.0,8.899491,15.885092999999998,0.6859834808163519,0.7875173611111111,3.38875,1.3,2.0,2015-01-01,2016-01-22,483.51300196332915,531.4997951089698,8.177082031458912,0.40885410157294566,7.768227929885966,0.0,0.0,206.97082549661647,0.0,81.84223139763746,8.837514556854178,5.5,0.0,0.0,0.0,0.0,0.0,1,6,2,0,0,1
388,23,0.0,10.806231,12.77364,0.6541202357174982,1.0965104166666668,10.092916666666666,1.3,8.0,2015-01-01,2016-01-23,484.72563537136705,532.6187839149095,8.182853793205881,0.4091426896602941,7.773711103545587,0.0,0.0,207.60736371917798,0.0,81.89999942034414,8.829846687870578,5.5,0.0,0.0,0.0,0.0,0.0,1,6,2,0,0,1
389,24,0.0,10.240709249999998,15.521079,0.7128251070889268,1.363480902777778,7.38875,1.3,5.0,2015-01-01,2016-01-24,485.936180530549,533.7362465493311,8.188597021899978,0.40942985109499896,7.779167170804979,0.0,0.0,208.24359708297374,0.0,81.95748186334072,8.822155567201834,5.5,0.0,0.0,0.0,0.0,0.0,1,6,2,0,0,1
390,25,0.0,5.76564825,10.719560999999999,0.4915730912408068,0.4543315972222222,7.631666666666667,1.3,3.0,2015-01-01,2016-01-25,487.1446435940336,534.8521802471998,8.194311693514011,0.4097155846757006,7.78459610883831,0.0,0.0,208.8795239716445,0.0,82.01467848614554,8.81444107967505,5.5,0.0,0.0,0.0,0.0,0.0,1,6,2,0,0,1
391,26,0.0,2.9495954999999996,7.547439,0.3832931779351739,0.6885243055555555,5.04,1.3,4.0,2015-01-01,2016-01-26,488.351030614811,535.9665822744391,8.199997786289563,0.40999988931447817,7.789997896975084,0.0,0.0,209.5151427564399,0.0,82.07158907098432,8.806703116605604,5.5,0.0,0.0,0.0,0.0,0.0,1,6,2,0,0,1
392,27,0.0,-2.30694,5.944044,0.2856294203285369,0.7148003472222222,5.04,1.3,3.0,2015-01-01,2016-01-27,489.55534754791034,537.0794499278252,8.205655280696014,0.41028276403480074,7.795372516661213,0.0,0.0,210.15045179656278,0.0,82.12821342238034,8.79894157566413,5.5,0.0,0.0,0.0,0.0,0.0,1,6,2,0,0,1
393,28,0.0,-3.7283280000000003,5.389355999999999,0.2619389504480415,0.6824045138888889,5.04,1.3,2.0,2015-01-01,2016-01-28,490.7576002525587,538.1907805348835,8.211284159376545,0.41056420796882725,7.800719951407717,0.0,0.0,210.7854494395089,0.0,82.18455136661387,8.79115636071574,5.5,0.0,3.5,0.0,0.0,0.0,1,6,2,0,0,1
394,29,0.0,-3.416316000000001,7.495437,0.2911814937962959,0.6211892361111111,5.04,1.3,1.0,2015-01-01,2016-01-29,491.9577944942845,539.3005714537841,8.216884407107328,0.4108442203553664,7.806040186751961,0.0,0.0,211.42013402140003,0.0,82.24060275131365,8.783347381688412,5.5,0.0,0.0,0.0,0.0,0.0,1,6,2,0,0,1
395,30,0.0,-2.3936100000000016,9.670853999999999,0.3342844493286068,0.5201302083333335,5.04,1.3,3.0,2015-01-01,2016-01-30,493.1559359469743,540.4088200732372,8.222456010745343,0.4111228005372672,7.811333210208076,0.0,0.0,212.05450386731138,0.0,82.29636744493469,8.775514554417388,5.5,0.0,0.0,0.0,0.0,0.0,1,6,2,0,0,1
396,31,0.0,3.6732899999999997,11.421588,0.4642772215713026,0.7642534722222222,5.04,1.3,6.0,2015-01-01,2016-01-31,494.3520301948756,541.5155238123873,8.227998959188499,0.41139994795942497,7.816599011229074,0.0,0.0,212.6885572915925,0.0,82.35184533635912,8.767657800518322,5.5,0.0,0.0,0.0,0.0,0.0,1,6,2,0,0,1
397,32,0.0,4.340648999999999,10.806231,0.4652735388153225,0.754765625,5.04,1.3,2.0,2015-01-01,2016-02-01,495.54608273455614,542.6206801207085,8.233513243332348,0.41167566216661744,7.82183758116573,0.0,0.0,213.32229259818357,0.0,82.40703633446296,8.759777047253182,5.5,0.0,0.0,0.0,0.0,0.0,1,6,2,0,0,1
398,33,0.0,5.224683,12.288288,0.5126517956720767,0.5325086805555556,5.04,1.3,8.0,2015-01-01,2016-02-02,496.73809897681537,543.7242864778989,8.238998856026228,0.4119499428013114,7.827048913224917,0.0,0.0,213.95570808092577,0.0,82.46194036767714,8.75187222739549,5.5,0.0,0.0,0.0,0.0,0.0,1,6,2,0,0,1
399,34,0.0,1.4523712499999997,11.794269,0.4300676221014419,0.7856770833333333,3.31875,1.3,3.0,2015-01-01,2016-02-03,497.92808424854996,544.8263403937748,8.244455792032543,0.41222278960162717,7.8322330024309155,0.0,0.0,214.588802023866,0.0,82.51655738357996,8.743943279104208,5.5,0.0,0.0,0.0,0.0,0.0,1,6,2,0,0,1
400,35,0.0,0.7785120000000001,13.094319,0.4413997334134805,0.4823958333333334,2.88,1.3,0.0,2015-01-01,2016-02-04,499.11604379457646,545.9268394081649,8.249884047986573,0.41249420239932866,7.837389845587244,0.0,0.0,215.22157270155668,0.0,82.57088734849485,8.735990145797878,5.5,0.0,0.0,0.0,0.0,0.0,1,6,2,0,0,1
401,36,0.0,5.6667,15.859092,0.6027898902223049,0.6859288194444444,2.88,1.3,1.0,2015-01-01,2016-02-05,500.30198277941054,547.0257810908037,8.255283622360809,0.4127641811180405,7.842519441242768,0.0,0.0,215.8540183793498,0.0,82.62493024713339,8.728012776042458,5.5,0.0,0.0,0.0,0.0,0.0,1,6,2,0,0,1
402,37,0.0,8.830155,18.511194,0.7581693442681166,0.74625,3.5179166666666664,1.3,4.0,2015-01-01,2016-02-06,501.4859062890056,548.1231630412258,8.260654515420638,0.41303272577103195,7.847621789649606,0.0,0.0,216.4861373136872,0.0,82.67868608215171,8.720011123416985,5.5,0.0,0.0,0.0,0.0,0.0,1,6,2,0,0,1
403,38,0.0,9.628241249999999,16.379112,0.719713845920643,1.0843836805555556,6.718333333333333,1.3,5.0,2015-01-01,2016-02-07,502.66781933244954,549.2189828886588,8.265996729191075,0.41329983645955376,7.852696892731521,0.0,0.0,217.11792775238416,0.0,82.73215487381769,8.711780349967801,5.5,0.0,0.0,0.0,0.0,0.0,1,6,2,0,0,1
404,39,0.0,-1.084893000000001,9.566849999999999,0.3519301327638949,1.5116753472222222,14.34375,1.3,5.0,2015-01-01,2016-02-08,503.84762921458105,550.3132382919168,8.271311140702315,0.41356555703511577,7.8577455836671986,0.0,0.0,217.74940194019737,0.0,82.78534540009245,8.703461834030529,5.5,0.0,3.5,0.0,0.0,0.0,1,6,2,0,0,1
405,40,0.0,-3.364314000000001,5.181348,0.2637437496124853,1.27015625,14.4,1.3,1.0,2015-01-01,2016-02-09,505.0253100832886,551.4059269392933,8.276598023553886,0.4138299011776943,7.862768122376191,0.0,0.0,218.38056282105413,0.0,82.83826039936062,8.695123580827712,5.5,0.0,3.5,0.0,0.0,0.0,1,6,2,0,0,1
406,41,0.0,-3.450984000000001,7.469436,0.2904138256044949,0.700060763888889,14.4,1.3,3.0,2015-01-01,2016-02-10,506.2008682426018,552.497046548454,8.28185736410258,0.414092868205129,7.86776449589745,0.0,0.0,219.01140880197062,0.0,82.890899735071,8.68676550774541,5.5,0.0,3.5,0.0,0.0,0.0,1,6,2,0,0,1
407,42,0.0,-1.636692,8.058792,0.3222388911589188,0.4286111111111111,14.4,1.3,3.0,2015-01-01,2016-02-11,507.3743099052712,553.5865948663304,8.287089150658822,0.41435445753294115,7.872734693125881,0.0,0.0,219.64193827823073,0.0,82.94326329022574,8.678387537469373,5.5,0.0,0.0,0.0,0.0,0.0,1,6,2,0,0,1
408,43,0.0,-2.0209289999999998,11.690265,0.3701235515634605,0.4860243055555556,14.4,1.3,0.0,2015-01-01,2016-02-12,508.5456411946236,554.6745696690108,8.292293373457966,0.4146146686728983,7.877678704785067,0.0,0.0,220.27214963370227,0.0,82.99535096709305,8.669989597890442,5.5,0.0,0.0,0.0,0.0,0.0,1,6,2,0,0,1
409,44,0.0,-0.4002000000000008,12.929646000000002,0.4174051147717293,0.38752604166666665,14.4,1.3,0.0,2015-01-01,2016-02-13,509.7148681463787,555.7609687616341,8.297470024606884,0.4148735012303442,7.88259652337654,0.0,0.0,220.90204124114953,0.0,83.04716268667285,8.66157162195575,5.5,0.0,0.0,0.0,0.0,0.0,1,6,2,0,0,1
410,45,0.0,3.7252919999999996,13.336995,0.5033123472287311,0.6168402777777778,14.4,1.3,4.0,2015-01-01,2016-02-14,510.8819967104215,556.8457899782804,8.30261909806337,0.41513095490316854,7.887488143160202,0.0,0.0,221.53161146253896,0.0,83.09869838849018,8.653133547593935,5.5,0.0,0.0,0.0,0.0,0.0,1,6,2,0,0,1
411,46,0.0,5.025341999999999,15.027059999999999,0.5681905995772678,0.5541145833333334,14.4,1.3,0.0,2015-01-01,2016-02-15,512.0470327525389,557.9290311818656,8.307740589576312,0.4153870294788156,7.892353560097496,0.0,0.0,222.1608586493422,0.0,83.14995802999684,8.644675317551725,5.5,0.0,0.0,0.0,0.0,0.0,1,6,2,0,0,1
412,47,0.0,4.583324999999999,16.361778,0.5889381144398547,0.6832118055555556,14.4,1.3,0.0,2015-01-01,2016-02-16,513.2099820561123,559.0106902640302,8.31283449667092,0.415641724833546,7.897192771837374,0.0,0.0,222.78978114283058,0.0,83.20094158642334,8.636196879334808,5.5,0.0,0.0,0.0,0.0,0.0,1,6,2,0,0,1
413,48,0.0,5.502027,15.139731000000001,0.581814300388439,1.0338888888888889,14.4,1.3,1.0,2015-01-01,2016-02-17,514.3708503237776,560.0907651450337,8.317900818595803,0.4158950409297901,7.902005777666012,0.0,0.0,223.41837727436845,0.0,83.25164905024918,8.627698185060957,5.5,0.0,0.0,0.0,0.0,0.0,1,6,2,0,0,1
414,49,0.0,5.779370999999999,16.049766,0.610139430602671,0.6285416666666666,14.4,1.3,1.0,2015-01-01,2016-02-18,515.5296431790445,561.1692537736446,8.3229395562979,0.416146977814895,7.906792578483005,0.0,0.0,224.04664536569885,0.0,83.30208043095205,8.619179191377803,5.5,0.0,0.0,0.0,0.0,0.0,1,6,2,0,0,1
415,50,0.0,8.752151999999999,16.734459,0.7051746773481338,0.6724652777777778,14.4,1.3,4.0,2015-01-01,2016-02-19,516.6863661678819,562.2461541270325,8.327950712386462,0.41639753561932313,7.911553176767138,0.0,0.0,224.67458372922596,0.0,83.35223575464721,8.610639859356144,5.5,0.0,0.0,0.0,0.0,0.0,1,6,2,0,0,1
416,51,0.0,10.511553,15.434408999999999,0.7179861914506595,1.0868229166666665,10.569166666666668,1.3,6.0,2015-01-01,2016-02-20,517.8410247602684,563.3214642106594,8.332934291096244,0.4166467145548122,7.916287576541431,0.0,0.0,225.30219066829255,0.0,83.40211506371921,8.602080154382673,5.5,0.0,0.0,0.0,0.0,0.0,1,6,2,0,0,1
417,52,0.0,10.008866999999999,18.502527,0.7933747046338451,1.0055642361111112,3.3600000000000003,1.3,3.0,2015-01-01,2016-02-21,518.9936243517075,564.3951820581714,8.3378902982584,0.41689451491291996,7.920995783345479,0.0,0.0,225.92946447745314,0.0,83.45171841653051,8.593500046068723,5.5,0.0,0.0,0.0,0.0,0.0,1,6,2,0,0,1
418,53,0.0,14.489705999999998,20.357264999999998,1.010121373006009,2.203671875,3.3600000000000003,1.3,6.0,2015-01-01,2016-02-22,520.1441702647106,565.4673057312888,8.342818741266296,0.4171409370633148,7.925677804202981,0.0,0.0,226.55640344274207,0.0,83.50104588707939,8.584899508150851,5.5,0.0,0.0,0.0,0.0,0.0,1,6,2,0,0,1
419,54,0.0,14.021688000000001,23.468718,1.114914185128007,1.781918402777778,4.183333333333334,1.3,3.0,2015-01-01,2016-02-23,521.292667750247,566.5378333196979,8.347719629049335,0.41738598145246675,7.930333647596868,0.0,0.0,227.18300584193773,0.0,83.55009756473774,8.576278518407255,5.5,0.0,0.0,0.0,0.0,0.0,1,6,2,0,0,1
420,55,0.0,8.44086225,14.741049,0.6438849943570571,0.646953125,6.65125,1.3,4.0,2015-01-01,2016-02-24,522.4391219891638,567.6067629409424,8.352592972032014,0.4176296486016007,7.934963323430413,0.0,0.0,227.8092699448232,0.0,83.59887355384171,8.567637058543214,5.5,0.0,0.0,0.0,0.0,0.0,1,6,2,0,0,1
421,56,0.0,8.327469,17.8005,0.7231188370913986,0.5521354166666665,3.6,1.3,0.0,2015-01-01,2016-02-25,523.583538093572,568.6740927403123,8.357438782117962,0.4178719391058981,7.939566843012063,0.0,0.0,228.43519401344065,0.0,83.64737397353147,8.558975114133485,5.5,0.0,0.0,0.0,0.0,0.0,1,6,2,0,0,1
422,57,0.0,10.130205,19.837245000000003,0.8391878264347203,0.4637152777777778,3.6,1.3,3.0,2015-01-01,2016-02-26,524.7259211082068,569.7398208907372,8.362257072648719,0.41811285363243594,7.944144219016282,0.0,0.0,229.0607763023445,0.0,83.69559895733889,8.550292674505714,5.5,0.0,0.0,0.0,0.0,0.0,1,6,2,0,0,1
423,58,0.0,11.7336,20.036586,0.8991189123284715,1.1614583333333333,3.6,1.3,5.0,2015-01-01,2016-02-27,525.8662760117544,570.8039455926746,8.367047858383403,0.41835239291917015,7.948695465464232,0.0,0.0,229.6860150588477,0.0,83.7435486529841,8.54158973267516,5.5,0.0,0.0,0.0,0.0,0.0,1,6,2,0,0,1
424,59,0.0,11.005572,16.353111,0.7586807056545086,0.8379340277777777,9.202916666666669,1.3,7.0,2015-01-01,2016-02-28,527.0046077181539,571.8664650740021,8.371811155466455,0.41859055777332277,7.953220597693131,0.0,0.0,230.31090852326648,0.0,83.7912232220525,8.532866285249986,5.5,0.0,0.0,0.0,0.0,0.0,1,6,2,0,0,1
425,60,0.0,10.12370475,14.524374000000002,0.6823057306485016,1.5145746527777777,3.9879166666666666,1.3,7.0,2015-01-01,2016-02-29,528.1409210778686,572.9273775899072,8.376546981403019,0.41882734907015096,7.957719632332867,0.0,0.0,230.93545492915962,0.0,83.83862283974842,8.524122332355661,5.5,0.0,0.0,0.0,0.0,0.0,1,6,2,0,0,1
426,61,0.0,8.0255685,17.037803999999998,0.693548915739667,1.095199652777778,3.12,1.3,1.0,2015-01-01,2016-03-01,529.2752208791325,573.9866814227777,8.381255355028811,0.4190627677514406,7.96219258727737,0.0,0.0,231.55965250356473,0.0,83.88574769459348,8.515357877547086,5.5,0.0,0.0,0.0,0.0,0.0,1,6,2,0,0,1
427,62,0.0,7.521438,18.268518,0.7136123281108147,0.7846701388888889,3.12,1.3,0.0,2015-01-01,2016-03-02,530.4075118491677,575.0443748820917,8.385936296490334,0.4192968148245167,7.966639481665816,0.0,0.0,232.18349946723032,0.0,83.93259798822866,8.506572927744177,5.5,0.0,0.0,0.0,0.0,0.0,1,6,2,0,0,1
428,63,0.0,10.450883999999999,17.930505,0.7893932901059739,1.2208767361111112,3.12,1.3,4.0,2015-01-01,2016-03-03,531.5377986553791,576.1004563043086,8.390589827211375,0.4195294913605688,7.971060335850806,0.0,0.0,232.80699403484493,0.0,83.97917393507893,8.497767493138053,5.5,0.0,0.0,0.0,0.0,0.0,1,6,2,0,0,1
429,64,0.0,10.710894,18.996546000000002,0.8308403392701353,0.486076388888889,3.12,1.3,4.0,2015-01-01,2016-03-04,532.6660859065211,577.1549240527589,8.39491628715548,0.419745814357774,7.975170472797705,0.0,0.0,233.43013441526176,0.0,84.0224763178257,8.488259622127517,5.5,0.0,0.0,0.0,0.0,0.0,1,6,2,0,0,1
430,65,0.0,12.704304,21.631314000000003,0.990879522102308,0.5234461805555556,3.12,1.3,2.0,2015-01-01,2016-03-05,533.7922876723732,578.2077765175346,8.398521317002643,0.4199260658501322,7.978595251152511,0.0,0.0,234.0528687799047,0.0,84.05855809929885,8.477153875377622,5.5,0.0,0.0,0.0,0.0,0.0,1,6,2,0,0,1
431,66,0.0,12.493407000000001,22.238004,1.005744488883896,1.046388888888889,3.12,1.3,4.0,2015-01-01,2016-03-06,534.9161995274077,579.2590121153786,8.40210087032491,0.4201050435162455,7.981995826808664,0.0,0.0,234.6750794696684,0.0,84.09438489303454,8.466037329799393,5.5,0.0,0.0,0.0,0.0,0.0,1,6,2,0,0,1
432,67,0.0,7.790115,17.939172,0.7119177249783306,1.2242534722222222,3.12,1.3,0.0,2015-01-01,2016-03-07,536.0378278971376,580.3086292895755,8.405654979197232,0.4202827489598616,7.9853722302373695,0.0,0.0,235.29676513137204,0.0,84.12995702006249,8.45490998607473,5.5,0.0,0.0,0.0,0.0,0.0,1,6,2,0,0,1
433,68,0.0,7.495437,18.355188000000002,0.7153104804007471,0.4390190972222222,3.12,1.3,0.0,2015-01-01,2016-03-08,537.1571791356512,581.3566265098412,8.409183676921748,0.4204591838460874,7.98872449307566,0.0,0.0,235.91792440709065,0.0,84.16527481369486,8.44377184810575,5.5,0.0,0.0,0.0,0.0,0.0,1,6,2,0,0,1
434,69,0.0,9.272172,19.941249,0.8151809861181528,0.5180642361111111,3.12,1.3,1.0,2015-01-01,2016-03-09,538.2742595269472,582.4030022722133,8.412686997990816,0.42063434989954085,7.992052648091275,0.0,0.0,236.53855593437254,0.0,84.20033861915651,8.432622922915396,5.5,0.0,0.0,0.0,0.0,0.0,1,6,2,0,0,1
435,70,0.0,10.156206,20.851284,0.8733195781163312,0.483125,3.12,1.3,0.0,2015-01-01,2016-03-10,539.3890752862397,583.4477550989401,8.416164978075486,0.42080824890377433,7.995356729171711,0.0,0.0,237.15865834645263,0.0,84.2351487934694,8.421463220601776,5.5,0.0,0.0,0.0,0.0,0.0,1,6,2,0,0,1
436,71,0.0,11.967609,19.005213,0.8721624980490716,0.6659114583333333,3.12,1.3,6.0,2015-01-01,2016-03-11,540.5016325612396,584.4908835383717,8.41961765398976,0.4209808826994881,7.998636771290272,0.0,0.0,237.77823027246342,0.0,84.2697057050951,8.410292754241382,5.5,0.0,0.0,0.0,0.0,0.0,1,6,2,0,0,1
437,72,0.0,10.182207,20.721279000000003,0.8698523783047094,1.1971875,3.12,1.3,1.0,2015-01-01,2016-03-12,541.6119374334056,585.5323861648492,8.423045063671044,0.4211522531835523,8.001892810487492,0.0,0.0,238.39727033764177,0.0,84.30400973373894,8.399111539827963,5.5,0.0,0.0,0.0,0.0,0.0,1,6,2,0,0,1
438,73,0.0,10.294878,19.161219,0.8228405701561676,1.1351822916666665,5.095,1.3,1.0,2015-01-01,2016-03-13,542.7199959191714,586.5722615785945,8.426447246156785,0.42132236230783937,8.005124883848946,0.0,0.0,239.01577716353256,0.0,84.33806127011633,8.38791959620253,5.5,0.0,0.0,0.0,0.0,0.0,1,6,2,0,0,1
439,74,0.0,10.121538,19.265223,0.8206456882558675,1.721328125,6.306666666666667,1.3,4.0,2015-01-01,2016-03-14,543.8258139711468,587.6105084056003,8.429824241561438,0.4214912120780719,8.008333029483365,0.0,0.0,239.63374936818957,0.0,84.37186071572208,8.37671694498696,5.5,0.0,0.0,0.0,0.0,0.0,1,6,2,0,0,1
440,75,0.0,10.225542,19.265223,0.8239399450589037,1.6701302083333334,6.577916666666667,1.3,4.0,2015-01-01,2016-03-15,544.9293974792953,588.6471252975206,8.433176091049905,0.4216588045524954,8.01151728649741,0.0,0.0,240.25118556637318,0.0,84.40540848256481,8.365503610505714,5.5,0.0,0.0,0.0,0.0,0.0,1,6,2,0,0,1
441,76,0.0,9.884640000000001,15.503744999999999,0.7024613717739167,0.8294184027777778,6.965833333333333,1.3,5.0,2015-01-01,2016-03-16,546.0307522720849,589.6821109315586,8.43650283682294,0.42182514184114706,8.014677694981794,0.0,0.0,240.86808436974388,0.0,84.43870499302055,8.354279619740677,5.5,0.0,0.0,0.0,0.0,0.0,1,6,2,0,0,1
442,77,0.0,3.9159659999999996,10.78023,0.4567011746667646,0.6239322916666666,10.1,1.3,5.0,2015-01-01,2016-03-17,547.129884117619,590.7154640103594,8.43980452208464,0.4219902261042321,8.017814295980408,0.0,0.0,241.4844443870548,0.0,84.47175067950756,8.343045002240114,5.5,0.0,0.0,0.0,0.0,0.0,1,6,2,0,0,1
443,78,0.0,2.7545879999999996,13.310994,0.483189228586644,1.28140625,8.64,1.3,2.0,2015-01-01,2016-03-18,548.2267987247399,591.7471832618968,8.44308119103503,0.42215405955175167,8.02092713148328,0.0,0.0,242.10026422433867,0.0,84.50454598441213,8.331799790088583,5.5,0.0,0.0,0.0,0.0,0.0,1,6,2,0,0,1
444,79,0.0,4.643993999999999,16.387779,0.5909875608099572,1.183559027777778,8.64,1.3,0.0,2015-01-01,2016-03-19,549.3215017441142,592.7772674393657,8.446332888833815,0.4223166444416908,8.024016244392124,0.0,0.0,242.71554248509455,0.0,84.53709135972562,8.320544017811072,5.5,0.0,0.0,0.0,0.0,0.0,1,6,2,0,0,1
445,80,0.0,6.178052999999999,17.878503,0.6665686480052461,1.1949913194444444,7.204166666666668,1.3,5.0,2015-01-01,2016-03-20,550.4139987692934,593.8057153210701,8.449559661592664,0.4224779830796333,8.027081678513031,0.0,0.0,243.3302777704691,0.0,84.56938726696754,8.309277722340623,5.5,0.0,0.0,0.0,0.0,0.0,1,6,2,0,0,1
446,81,0.0,12.478962,17.488488,0.8391878264347203,0.7836892361111111,10.048333333333334,1.3,6.0,2015-01-01,2016-03-21,551.504295337753,594.8325257103141,8.45276155634966,0.422638077817483,8.030123478532177,0.0,0.0,243.94446867943702,0.0,84.6014341769294,8.298000942948086,5.5,0.0,0.0,0.0,0.0,0.0,1,6,2,0,0,1
447,82,0.0,7.991622749999999,15.659751,0.6559743439513821,0.4815451388888889,8.9625,1.3,5.0,2015-01-01,2016-03-22,552.5923969319132,595.8576974352917,8.455938621045572,0.4227969310522786,8.033141689993293,0.0,0.0,244.55811380897774,0.0,84.63323256943761,8.286713721174866,5.5,0.0,0.0,0.0,0.0,0.0,1,6,2,0,0,1
448,83,0.0,7.469436,15.313071,0.6337547067239179,1.2685069444444443,5.76,1.3,1.0,2015-01-01,2016-03-23,553.6783089801355,596.8812293489755,8.459090904514701,0.42295454522573506,8.036136359288966,0.0,0.0,245.17121175424882,0.0,84.66478293326162,8.275416100798788,5.5,0.0,0.0,0.0,0.0,0.0,1,6,2,0,0,1
449,84,0.0,7.989456,19.551234,0.7640683458638837,0.7089756944444444,5.76,1.3,3.0,2015-01-01,2016-03-24,554.7620368577026,597.9031203290081,8.462218456459134,0.4231109228229567,8.039107533636177,0.0,0.0,245.783761108758,0.0,84.69608576585638,8.264108127764487,5.5,0.0,0.0,0.0,0.0,0.0,1,6,2,0,0,1
450,85,0.0,12.158283,21.388638,0.9618320245791896,0.6768402777777778,5.0495833333333335,1.3,7.0,2015-01-01,2016-03-25,555.8435858877768,598.9233692775916,10.345672052531583,0.5172836026265792,9.828388449905004,0.0,0.0,246.39576046453197,0.0,90.1716152612445,8.2527898501226,5.5,0.0,0.0,0.0,0.0,0.0,1,6,2,0,0,1
451,86,0.0,13.016316,17.878503,0.8695639917158784,1.0385069444444444,12.375833333333333,1.3,8.0,2015-01-01,2016-03-26,556.9229613423391,599.9419751213774,10.349725255552087,0.5174862627776045,9.832238992774483,0.0,0.0,247.00720841228167,0.0,90.20694248421125,8.24146131799366,5.5,0.0,0.0,0.0,0.0,0.0,1,6,2,0,0,1
452,87,0.0,12.695637,15.304403999999998,0.7778156503791971,1.1035763888888885,23.77458333333333,1.3,8.0,2015-01-01,2016-03-27,558.0001684431116,600.958936811356,10.353747153084607,0.5176873576542304,9.836059795430376,0.0,0.0,247.61810354156614,0.0,90.24199685236451,8.230122583508043,5.5,0.0,0.0,0.0,0.0,0.0,1,6,2,0,0,1
453,88,0.0,12.7664175,18.025842,0.8661577906450357,0.9360243055555555,19.314166666666665,1.3,5.0,2015-01-01,2016-03-28,559.0752123624593,601.9742533227477,10.357737816886429,0.5178868908443215,9.839850926042107,0.0,0.0,248.2284444409535,0.0,90.27677899113209,8.218773700749693,5.5,0.0,0.0,0.0,0.0,0.0,1,6,2,0,0,1
454,89,0.0,9.912807749999999,19.143885,0.8102675514517144,1.2868229166666667,12.322916666666666,1.3,3.0,2015-01-01,2016-03-29,560.1480982242757,602.9879236548923,10.361697319601973,0.5180848659800986,9.843612453621875,0.0,0.0,248.83822969817916,0.0,90.31128953367384,8.207414725724046,5.5,0.0,0.0,0.0,0.0,0.0,1,6,2,0,0,1
455,90,0.0,8.153406749999998,16.613121,0.6854960064901875,1.267421875,8.874583333333334,1.3,1.0,2015-01-01,2016-03-30,561.2188311048509,603.9999468311398,10.365625734725985,0.5182812867362994,9.847344447989686,0.0,0.0,249.44745790030234,0.0,90.34552912056098,8.196045716278093,5.5,0.0,0.0,0.0,0.0,0.0,1,6,2,0,0,1
456,91,0.0,7.356764999999999,16.387779,0.6583972473857599,0.6658680555555556,11.140416666666669,1.3,6.0,2015-01-01,2016-03-31,562.2874160337202,605.0103218987397,10.36952313660616,0.518476156830308,9.851046979775852,0.0,0.0,250.05612763385832,0.0,90.37949839979902,8.184666732090976,5.5,0.0,0.0,0.0,0.0,0.0,1,6,2,0,0,1
457,92,0.0,4.261923749999999,10.944903,0.4664244136896464,1.0731857638888889,6.862916666666667,1.3,7.0,2015-01-01,2016-04-01,563.3538579945006,606.0190479287321,10.373389600406894,0.5186694800203447,9.854720120386549,0.0,0.0,250.66423748501091,0.0,90.41319802651162,8.173277834595572,5.5,0.0,0.0,0.0,0.0,0.0,1,6,2,0,0,1
458,93,0.0,3.2052719999999995,14.871054,0.5245409480508876,0.6968836805555555,2.88,1.3,0.0,2015-01-01,2016-04-02,564.4181619257064,607.0261240158379,10.37722520210063,0.5188612601050315,9.858363941995599,0.0,0.0,251.27178603970032,0.0,90.44662866286532,8.161879086949787,5.5,0.0,0.0,0.0,0.0,0.0,1,6,2,0,0,1
459,94,0.0,6.594068999999999,17.999841,0.6808511242997444,0.5859114583333334,2.88,1.3,4.0,2015-01-01,2016-04-03,565.4803327215517,608.0315492783487,10.381030018445562,0.5190515009222781,9.861978517523283,0.0,0.0,251.87877188379002,0.0,90.47979097787521,8.150470553983673,5.5,0.0,0.0,0.0,0.0,0.0,1,6,2,0,0,1
460,95,0.0,9.628963500000001,17.861169,0.7625684138539206,1.1328732638888885,3.334583333333333,1.3,2.0,2015-01-01,2016-04-04,566.5403752327363,609.0353228580179,10.384804126974952,0.5192402063487477,9.865563920626204,0.0,0.0,252.4851936032106,0.0,90.5126856473117,8.139052302167341,5.5,0.0,0.0,0.0,0.0,0.0,1,6,2,0,0,1
461,96,0.0,9.159501,20.721279000000003,0.8363971773064992,0.505625,3.12,1.3,2.0,2015-01-01,2016-04-05,567.598294267217,610.0374439199512,10.38854760596858,0.5194273802984289,9.86912022567015,0.0,0.0,253.09104978410227,0.0,90.54531335345182,8.127624399548276,5.5,0.0,0.0,0.0,0.0,0.0,1,6,2,0,0,1
462,97,0.0,11.249692499999998,20.859951000000002,0.9108152402121784,0.36363715277777775,3.12,1.3,2.0,2015-01-01,2016-04-06,568.654094590963,611.0379116524967,10.392260534444524,0.5196130267222262,9.872647507722299,0.0,0.0,253.69633901295393,0.0,90.57767478500746,8.11618691572401,5.5,0.0,0.0,0.0,0.0,0.0,1,6,2,0,0,1
463,98,0.0,11.187579,21.891323999999997,0.944950823877684,0.8338281249999999,3.12,1.3,2.0,2015-01-01,2016-04-07,569.7077809286968,612.0367252671363,10.39594299214171,0.5197971496070856,9.876145842534624,0.0,0.0,254.30105987674096,0.0,90.60977063697345,8.104739921799585,5.5,0.0,0.0,0.0,0.0,0.0,1,6,2,0,0,1
464,99,0.0,10.234209,21.111294,0.8846719878992823,0.8252777777777778,5.264166666666667,1.3,3.0,2015-01-01,2016-04-08,570.7593579646226,613.0338839983757,10.39959505950235,0.5199797529751174,9.879615306527231,0.0,0.0,254.90521096306065,0.0,90.6416016104742,8.093283490344334,5.5,0.0,0.0,0.0,0.0,0.0,1,6,2,0,0,1
465,100,0.0,10.459551000000001,19.785242999999998,0.8481729780261024,0.30225694444444445,5.6570833333333335,1.3,1.0,2015-01-01,2016-04-09,571.8088303431392,614.0293871036364,10.403216817650824,0.5201608408825412,9.883055976768283,0.0,0.0,255.50879086026578,0.0,90.67316841258,8.081817695343569,5.5,0.0,0.0,0.0,0.0,0.0,1,6,2,0,0,1
466,101,0.0,12.331623,20.296596,0.9289413041120148,0.5325260416666668,5.370416666666667,1.3,6.0,2015-01-01,2016-04-10,572.8562026695378,615.0232338631452,10.406808348390856,0.5203404174195428,9.886467930971312,0.0,0.0,256.111798157595,0.0,90.70447175628202,8.070342612182333,5.5,0.0,0.0,0.0,0.0,0.0,1,6,2,0,0,1
467,102,0.0,13.362996,21.691982999999997,1.0180419020709972,0.6738715277777777,10.164583333333333,1.3,7.0,2015-01-01,2016-04-11,573.9014795106906,616.0154235798267,10.410369734174289,0.5205184867087145,9.889851247465574,0.0,0.0,256.71423144530286,0.0,90.73551236022055,8.05885831757918,5.5,0.0,0.0,0.0,0.0,0.0,1,6,2,0,0,1
468,103,0.0,14.611044,18.398523,0.9424721620861298,1.1309114583333333,10.097083333333334,1.3,7.0,2015-01-01,2016-04-12,574.9446653957225,617.0059555791934,10.413901058098697,0.5206950529049349,9.893206005193761,0.0,0.0,257.3160893147866,0.0,90.76629094866392,8.047364889571469,5.5,0.0,0.0,0.0,0.0,0.0,1,6,2,0,0,1
469,104,0.0,13.24238025,17.488488,0.8641244818486727,0.7573611111111112,21.627916666666668,1.3,8.0,2015-01-01,2016-04-13,575.9857648166712,617.9948292092375,10.417402403887639,0.520870120194382,9.896532283693256,0.0,0.0,257.9173703587111,0.0,90.79680825133634,8.03586240747048,5.5,0.0,0.0,0.0,0.0,0.0,1,6,2,0,0,1
470,105,0.0,13.12032,21.371304000000002,0.9967155201503768,0.7855468750000001,12.63125,1.3,6.0,2015-01-01,2016-04-14,577.0247822291369,618.9820438403226,10.42087385587028,0.521043692793514,9.899830163076766,0.0,0.0,258.51807317113276,0.0,90.82706500324065,8.024350951814704,5.5,0.0,0.0,0.0,0.0,0.0,1,6,2,0,0,1
471,106,0.0,11.612262000000001,18.069177,0.8300096187689129,0.6667100694444446,7.608333333333332,1.3,6.0,2015-01-01,2016-04-15,578.0617220529148,619.9675988650736,10.424315498979809,0.5212157749489904,9.903099724030819,0.0,0.0,259.11819634761974,0.0,90.85706194464406,8.01283060435802,5.5,0.0,0.0,0.0,0.0,0.0,1,6,2,0,0,1
472,107,0.0,11.898273,20.556606,0.9228475201828846,1.5840538194444445,4.054583333333333,1.3,3.0,2015-01-01,2016-04-16,579.0965886726215,620.9514936982702,10.427727418728864,0.5213863709364432,9.90634104779242,0.0,0.0,259.71773848537225,0.0,90.88679982086437,8.001301448016529,5.5,0.0,0.0,0.0,0.0,0.0,1,6,2,0,0,1
473,108,0.0,9.714189,18.849207,0.7949722080004493,1.6562760416666666,7.053333333333334,1.3,3.0,2015-01-01,2016-04-17,580.1293864383056,621.9337277767376,10.431109701196489,0.5215554850598244,9.909554216136664,0.0,0.0,260.31669818334,0.0,90.91627938215599,7.989763566835887,5.5,0.0,0.0,0.0,0.0,0.0,1,6,2,0,0,1
474,109,0.0,10.528887000000001,18.23385,0.801122205230045,0.5251736111111112,4.3812500000000005,1.3,3.0,2015-01-01,2016-04-18,581.1601196660476,622.914300559238,10.434462433022585,0.5217231216511292,9.912739311371455,0.0,0.0,260.9150740423368,0.0,90.9455013836617,7.978217045973258,5.5,0.0,0.0,0.0,0.0,0.0,1,6,2,0,0,1
475,110,0.0,9.549516,19.230555,0.8016589593043122,0.5226736111111111,7.876666666666667,1.3,2.0,2015-01-01,2016-04-19,582.188792638551,623.8932115263636,10.437785701383623,0.5218892850691813,9.915896416314443,0.0,0.0,261.51286466515614,0.0,90.97446658520106,7.966661971644903,5.5,0.0,0.0,0.0,0.0,0.0,1,6,2,0,0,1
476,111,0.0,9.436845,21.969327,0.8867232657468405,0.5820052083333334,6.31625,1.3,0.0,2015-01-01,2016-04-20,583.2154096057182,624.8704601804276,10.441079593984837,0.5220539796992418,9.919025614285594,0.0,0.0,262.1100686566818,0.0,91.00317575120211,7.955098431104581,5.5,0.0,0.0,0.0,0.0,0.0,1,6,2,0,0,1
477,112,0.0,11.932941,24.058073999999998,1.05436266688804,0.4325434027777778,4.32,1.3,0.0,2015-01-01,2016-04-21,584.2399747852184,625.8460460453565,10.444344199052548,0.5222172099526274,9.92212698909992,0.0,0.0,262.7066846239984,0.0,91.03162965063471,7.943526512621042,5.5,0.0,0.0,0.0,0.0,0.0,1,6,2,0,0,1
478,113,0.0,11.4230325,25.574799,1.0946941755841375,0.8076041666666667,4.32,1.3,2.0,2015-01-01,2016-04-22,585.2624923630459,626.8199686665831,10.44757960530795,0.5223789802653975,9.925200625042553,0.0,0.0,263.30271117650085,0.0,91.059829056782,7.9319463054245105,5.5,0.0,0.0,0.0,0.0,0.0,1,6,2,0,0,1
479,114,0.0,11.256915,23.945403,1.0236852003306156,0.6826388888888889,4.32,1.3,2.0,2015-01-01,2016-04-23,586.282966494065,627.7922276109382,10.450785901969285,0.5225392950984643,9.92824660687082,0.0,0.0,263.8981469260001,0.0,91.08777474725926,7.9203578997018935,5.5,0.0,0.0,0.0,0.0,0.0,1,6,2,0,0,1
480,115,0.0,16.855797,25.184784,1.317739630068801,0.7804774305555555,4.32,1.3,2.0,2015-01-01,2016-04-24,587.3014013025471,628.7628224665435,10.45396317872719,0.5226981589363595,9.93126501979083,0.0,0.0,264.49299048682883,0.0,91.11546750379914,7.908761386545981,5.5,0.0,0.0,0.0,0.0,0.0,1,6,2,0,0,1
481,116,0.0,16.630455,24.924774,1.2946672029058284,0.5487065972222221,5.824166666666667,1.3,4.0,2015-01-01,2016-04-25,588.3178008826966,629.7317528427039,10.457111525743267,0.5228555762871634,9.934255949456103,0.0,0.0,265.0872404759448,0.0,91.1429081122392,7.897156857946274,5.5,0.0,0.0,0.0,0.0,0.0,1,6,2,0,0,1
482,117,0.0,17.410485,27.438204,1.4584309892947271,0.6032986111111112,9.224166666666669,1.3,4.0,2015-01-01,2016-04-26,589.3321692991688,630.6990183698013,10.460231033627691,0.5230115516813846,9.937219481946306,0.0,0.0,265.68089551303285,0.0,91.17009736232659,7.885544406740633,5.5,0.0,0.0,0.0,0.0,0.0,1,6,2,0,0,1
483,118,0.0,18.433191,29.717624999999998,1.640538598690263,0.4540364583333333,11.04,1.3,3.0,2015-01-01,2016-04-27,590.3445105875757,631.664618699186,10.292385378807907,0.5146192689403954,9.777766109867512,0.0,0.0,266.2739542206049,0.0,89.70717511495288,7.737988946389308,0.0,4.5,0.0,0.0,0.0,0.0,1,6,2,0,0,1
484,119,0.0,18.467859,29.284275,1.6175467338565068,0.6397048611111112,6.282500000000001,1.3,5.0,2015-01-01,2016-04-28,591.3373866536954,632.6285535030712,10.323189404999736,0.5161594702499869,9.80702993474975,0.0,0.0,266.85618699583705,0.0,89.97565924862378,7.808818807011707,0.0,4.5,0.0,0.0,0.0,0.0,1,6,2,0,0,1
485,120,0.0,18.381189,26.918184,1.4821934824626593,0.9086111111111111,4.945833333333334,1.3,7.0,2015-01-01,2016-04-29,592.3388391522552,633.5908224744256,10.46938854379577,0.5234694271897886,9.945919116605982,0.0,0.0,267.4440179562665,0.0,91.24991310357899,7.85096159818755,5.5,0.0,0.0,0.0,0.0,0.0,1,6,2,0,0,1
486,121,0.0,17.696496,24.47409,1.3239805439264176,1.1807378472222223,6.735833333333334,1.3,4.0,2015-01-01,2016-04-30,593.3451778384814,634.551425326867,10.472393269396653,0.5236196634698328,9.94877360592682,0.0,0.0,268.03529473128214,0.0,91.27610192528847,7.839316848481687,5.5,0.0,0.0,0.0,0.0,0.0,1,6,2,0,0,1
487,122,0.0,16.74240375,26.372163,1.370077899149883,1.2783940972222223,8.64,1.3,1.0,2015-01-01,2016-05-01,594.3495049014595,635.510361794556,10.475369618239581,0.523768480911979,9.951601137327602,0.0,0.0,268.6259696151302,0.0,91.30204341863808,7.827664663771801,5.5,0.0,0.0,0.0,0.0,0.0,1,6,2,0,0,1
488,123,0.0,14.3337,25.098114000000002,1.1978329503940477,1.3169097222222221,5.7775,1.3,5.0,2015-01-01,2016-05-02,595.351824242118,636.4676316320891,10.47831768338758,0.5239158841693791,9.954401799218202,0.0,0.0,269.21604124650526,0.0,91.32773839475375,7.8160051413750855,5.5,0.0,0.0,0.0,0.0,0.0,1,6,2,0,0,1
489,124,0.0,14.082357000000002,24.604095,1.1653802222762062,0.6582899305555556,4.32,1.3,5.0,2015-01-01,2016-05-03,596.35213973516,637.4232346143936,10.481237558273397,0.5240618779136699,9.957175680359727,0.0,0.0,269.8055082674919,0.0,91.35318766798393,7.804338379275126,5.5,0.0,0.0,0.0,0.0,0.0,1,6,2,0,0,1
490,125,0.0,17.28048,27.117525,1.435002414593186,0.5186284722222223,4.32,1.3,5.0,2015-01-01,2016-05-04,597.350455229507,638.3771705366203,10.484129336697285,0.5242064668348644,9.959922869862421,0.0,0.0,270.3943693236539,0.0,91.3783920558802,7.792664476112677,5.5,0.0,0.0,0.0,0.0,0.0,1,6,2,0,0,1
491,126,0.0,17.57299125,27.368868,1.4633159155996545,1.0201215277777778,4.32,1.3,4.0,2015-01-01,2016-05-05,598.3467745487386,639.3294392140388,10.486993112818357,0.5243496556409178,9.962643457177439,0.0,0.0,270.98262306412227,0.0,91.40335237912188,7.780983531164277,5.5,0.0,0.0,0.0,0.0,0.0,1,6,2,0,0,1
492,127,0.0,16.959801,24.231414,1.2775957964426237,0.7983940972222222,8.610416666666667,1.3,7.0,2015-01-01,2016-05-06,599.3411014915239,640.2800404819316,10.48982898113581,0.5244914490567906,9.965337532079019,0.0,0.0,271.5702681416827,0.0,91.42806946135246,7.769295644304663,5.5,0.0,0.0,0.0,0.0,0.0,1,6,2,0,0,1
493,128,0.0,17.583825,27.472872,1.4693565585557005,1.0677604166666665,9.942916666666669,1.3,5.0,2015-01-01,2016-05-07,600.3334398320428,641.2289741954885,10.492637036486618,0.5246318518243309,9.968005184662287,0.0,0.0,272.1573032128601,0.0,91.45254412915943,7.757600915996967,5.5,0.0,0.0,0.0,0.0,0.0,1,6,2,0,0,1
494,129,0.0,16.9785795,25.912812,1.359054661749801,0.5461892361111113,3.2729166666666663,1.3,5.0,2015-01-01,2016-05-08,601.3237933204018,642.1762402297012,10.495417374031026,0.5247708687015513,9.970646505329475,0.0,0.0,272.74372693800274,0.0,91.4767772119478,7.7458994472626195,5.5,0.0,0.0,0.0,0.0,0.0,1,6,2,0,0,1
495,130,0.0,13.516113,25.6008,1.1840269520772602,1.1819097222222221,3.6,1.3,6.0,2015-01-01,2016-05-09,602.3121656830424,643.1218384792583,10.49817008924757,0.5249085044623785,9.97326158478519,0.0,0.0,273.32953798136487,0.0,91.50076954189696,7.734191339667328,5.5,0.0,0.0,0.0,0.0,0.0,1,6,2,0,0,1
496,131,0.0,13.493001,26.406831,1.2186125731803528,0.9258072916666666,3.4929166666666664,1.3,3.0,2015-01-01,2016-05-10,603.2985606231406,644.0657688584404,10.500895277918374,0.5250447638959187,9.975850514022456,0.0,0.0,273.9147350111877,0.0,91.52452195383214,7.722476695291451,5.5,0.0,0.0,0.0,0.0,0.0,1,6,2,0,0,1
497,132,0.0,15.89376,24.777435,1.2535501336728576,0.5373958333333334,7.484583333333333,1.3,4.0,2015-01-01,2016-05-11,604.2829818210007,645.0080313010152,10.503593036123716,0.5251796518061859,9.97841338431753,0.0,0.0,274.4993166997795,0.0,91.54803528517735,7.7107556167149625,5.5,0.0,0.0,0.0,0.0,0.0,1,6,2,0,0,1
498,133,0.0,15.668417999999999,22.697354999999998,1.1516568248950692,0.5617534722222222,14.585833333333332,1.3,5.0,2015-01-01,2016-05-12,605.2654329344418,645.9486257601333,10.50626346022527,0.5253131730112636,9.980950287214007,0.0,0.0,275.083281723594,0.0,91.57131037580916,7.699028206984174,5.5,0.0,0.0,0.0,0.0,0.0,1,6,2,0,0,1
499,134,0.0,15.443075999999998,27.568209,1.36496684091665,0.8679340277777778,18.96,1.3,1.0,2015-01-01,2016-05-13,606.2459175991759,646.8875522082225,10.508906646875722,0.5254453323437862,9.983461314531937,0.0,0.0,275.6666287633069,0.0,91.5943480681406,7.687294569624505,5.5,0.0,0.0,0.0,0.0,0.0,1,6,2,0,0,1
500,135,0.0,18.008508,29.232273,1.5884697228499929,0.9413628472222224,18.96,1.3,2.0,2015-01-01,2016-05-14,607.2244394291827,647.8248106368858,10.511522692983538,0.5255761346491771,9.985946558334362,0.0,0.0,276.2493565038935,0.0,91.61714920681402,7.675554808574166,5.5,0.0,0.0,0.0,0.0,0.0,1,6,2,0,0,1
501,136,0.0,19.932582,30.246312,1.761973842318813,0.836484375,18.96,1.3,1.0,2015-01-01,2016-05-15,608.2010020170738,648.7604010567952,10.514111695725337,0.5257055847862668,9.988406110939069,0.0,0.0,276.8314636347017,0.0,91.639714638809,7.663809028202518,5.5,0.0,0.0,0.0,0.0,0.0,1,6,2,0,0,1
502,137,0.0,19.863246,33.444435,1.9647170792523967,1.587890625,18.96,1.3,2.0,2015-01-01,2016-05-16,609.1756089344532,649.6943234975893,10.516673752525925,0.5258336876262962,9.99084006489963,0.0,0.0,277.4129488495262,0.0,91.66204521326827,7.652057333270449,5.5,0.0,0.0,0.0,0.0,0.0,1,6,2,0,0,1
503,138,0.0,20.209926,31.40769,1.852811550252116,1.3224826388888888,12.37125,1.3,2.0,2015-01-01,2016-05-17,610.1482637322697,650.6265780077684,10.519208961055638,0.5259604480527819,9.993248513002856,0.0,0.0,277.9938108466803,0.0,91.68414178147454,7.640299828923171,5.5,0.0,0.0,0.0,0.0,0.0,1,6,2,0,0,1
504,139,0.0,20.816616,32.092383,1.93780081089212,0.8254774305555556,4.114583333333333,1.3,6.0,2015-01-01,2016-05-18,611.1189699411648,651.5571646545925,10.184013304628687,0.5092006652314344,9.674812639397253,0.0,0.0,278.5740483290675,0.0,88.76261733965006,7.069725199429734,0.0,4.5,0.0,0.0,0.0,0.0,1,6,2,0,0,1
505,140,0.0,19.897914,31.113011999999998,1.814019934972247,1.1664670138888888,4.667083333333333,1.3,5.0,2015-01-01,2016-05-19,612.0167666377185,652.4860835239765,10.524091909495542,0.5262045954747772,9.997887314020765,0.0,0.0,279.1112018448317,0.0,91.72670096427366,7.617597645551629,5.5,0.0,0.0,0.0,0.0,0.0,1,6,2,0,0,1
506,141,0.0,16.07504475,29.786960999999998,1.5123332671319507,1.1960416666666667,2.88,1.3,3.0,2015-01-01,2016-05-20,612.9837338020218,653.4133347203882,10.526546280794197,0.5263273140397099,10.000218966754487,0.0,0.0,279.6902284690733,0.0,91.74809296503751,7.605819242161715,5.5,0.0,0.0,0.0,0.0,0.0,1,6,2,0,0,1
507,142,0.0,14.787272999999999,27.152192999999997,1.3129034083065176,1.4600347222222223,2.88,1.3,2.0,2015-01-01,2016-05-21,613.9487619360843,654.3389183667454,10.528974203751876,0.5264487101875938,10.002525493564281,0.0,0.0,280.2686264983787,0.0,91.7692544452886,7.5940354818945295,5.5,0.0,0.0,0.0,0.0,0.0,1,6,2,0,0,1
508,143,0.0,14.767050000000001,29.50095,1.428305660525592,0.7561805555555555,2.88,1.3,2.0,2015-01-01,2016-05-22,614.9118545004949,655.2628346043119,10.531375777054253,0.5265687888527127,10.00480698820154,0.0,0.0,280.84639465620427,0.0,91.7901862651592,7.582246471250793,5.5,0.0,0.0,0.0,0.0,0.0,1,6,2,0,0,1
509,144,0.0,20.998623000000002,30.436985999999997,1.841098756070105,0.7369184027777778,2.88,1.3,1.0,2015-01-01,2016-05-23,615.8730149370909,656.1850835925973,10.235455334248593,0.5117727667124298,9.723682567536164,0.0,0.0,281.4235316709192,0.0,89.2109797930113,7.134148447889046,0.0,4.5,0.0,0.0,0.0,0.0,1,6,2,0,0,1
510,145,0.0,20.83395,31.615698000000002,1.907187973053272,0.83,2.88,1.3,3.0,2015-01-01,2016-05-24,616.7769637748562,657.1056655092526,10.22057478457688,0.5110287392288441,9.709546045348036,0.0,0.0,281.9668108912869,0.0,89.08128273775374,7.074936418412246,0.0,4.5,0.0,0.0,0.0,0.0,1,6,2,0,0,1
511,146,0.0,17.852502,28.062228,1.5151849348491695,1.488767361111111,2.88,1.3,1.0,2015-01-01,2016-05-25,617.6730372656122,658.0245805499691,10.538236570791165,0.5269118285395583,10.011324742251606,0.0,0.0,282.50581367102814,0.0,91.84998410623614,7.5481882388626556,5.5,0.0,0.0,0.0,0.0,0.0,1,6,2,0,0,1
512,147,0.0,17.817834,30.237645,1.6350147224345484,0.6196354166666665,2.88,1.3,0.0,2015-01-01,2016-05-26,618.6286584398055,658.9418289283767,10.540532338423546,0.5270266169211774,10.01350572150237,0.0,0.0,283.08111747358,0.0,91.86999373679713,7.536372746821607,5.5,0.0,0.0,0.0,0.0,0.0,1,6,2,0,0,1
513,148,0.0,22.090664999999998,32.343726000000004,2.042555931388769,0.7951996527777778,2.88,1.3,0.0,2015-01-01,2016-05-27,619.5823596256432,659.8574108759422,9.993903930243219,0.49969519651216104,9.494208733731059,0.0,0.0,283.6557847503664,0.0,87.10564722909571,6.502535907877368,0.0,4.5,0.0,0.0,0.0,0.0,1,6,2,0,0,1
514,149,0.0,22.428677999999998,33.938454,2.1823540248449715,1.1965625,2.88,1.3,1.0,2015-01-01,2016-05-28,620.4048687679241,660.7713266418671,10.000090207742888,0.5000045103871444,9.500085697355743,0.0,0.0,284.15184713291654,0.0,87.15956606895135,6.504211785773558,0.0,4.5,0.0,0.0,0.0,0.0,1,6,2,0,0,1
515,150,0.0,21.06434775,35.281839000000005,2.1807954376562395,1.236875,2.88,1.3,0.0,2015-01-01,2016-05-29,621.2272918063844,661.6835764929874,10.020972127973376,0.5010486063986689,9.519923521574707,0.0,0.0,284.6482323195553,0.0,87.34157033772951,6.543520480949261,0.0,4.5,0.0,0.0,0.0,0.0,1,6,2,0,0,1
516,151,0.0,19.811244,30.931005,1.7970685840417455,1.258012152777778,2.88,1.3,1.0,2015-01-01,2016-05-30,622.0543861809593,662.5941607136721,10.54882547430773,0.5274412737153866,10.021384200592344,0.0,0.0,285.14781396451724,0.0,91.9422756972595,7.49334517745165,5.5,0.0,0.0,0.0,0.0,0.0,1,6,2,0,0,1
517,152,0.0,17.23497825,29.15427,1.5410622752135363,1.4940364583333334,2.88,1.3,1.0,2015-01-01,2016-05-31,623.0011932900768,663.5030796057225,10.550988613338236,0.5275494306669118,10.023439182671323,0.0,0.0,285.72013925118677,0.0,91.9611293531095,7.48148666406933,5.5,0.0,0.0,0.0,0.0,0.0,1,6,2,0,0,1
518,153,0.0,16.101768,27.836885999999996,1.4114627797467636,1.5844878472222221,2.88,1.3,2.0,2015-01-01,2016-06-01,623.9460925159924,664.4103334882718,10.553126443108841,0.5276563221554421,10.025470120953399,0.0,0.0,286.2918207486729,0.0,91.97976241653836,7.469624160695011,5.5,0.0,0.0,0.0,0.0,0.0,1,6,2,0,0,1
519,154,0.0,15.729087,27.793551,1.3904361470351492,1.3717274305555556,6.9175,1.3,3.0,2015-01-01,2016-06-02,624.8890871787614,665.3159226976846,10.555239063548838,0.5277619531774419,10.027477110371395,0.0,0.0,286.86285724752213,0.0,91.99817575851758,7.457757774285621,5.5,0.0,0.0,0.0,0.0,0.0,1,6,2,0,0,1
520,155,0.0,15.989097000000001,30.159642,1.5278984768381727,0.8177777777777778,10.08,1.3,0.0,2015-01-01,2016-06-03,625.8301805823038,666.2198475874568,10.557326574716223,0.5278663287358112,10.029460245980411,0.0,0.0,287.43324754375124,0.0,92.01637025114053,7.445887611944559,5.5,0.0,0.0,0.0,0.0,0.0,1,6,2,0,0,1
521,156,0.0,19.975917000000003,32.872413,1.9337331919109444,0.6022569444444444,10.08,1.3,1.0,2015-01-01,2016-06-04,626.7693760146702,667.1221085281157,10.302317890208306,0.5151158945104153,9.78720199569789,0.0,0.0,288.00299043890107,0.0,89.79374567238276,7.135407861881015,0.0,4.5,0.0,0.0,0.0,0.0,1,6,2,0,0,1
522,157,0.0,22.619352,33.999123,2.2011329307573364,1.5038541666666665,10.08,1.3,1.0,2015-01-01,2016-06-05,627.6690276995919,668.0227059071206,10.397378423537738,0.519868921176887,9.877509502360851,0.0,0.0,288.54922563169623,0.0,90.62228168187411,7.369987365453984,0.0,4.5,0.0,0.0,0.0,0.0,1,6,2,0,0,1
523,158,0.0,23.018034,33.548439,2.197236128453091,0.655625,10.08,1.3,2.0,2015-01-01,2016-06-06,628.5978849579263,668.9216401287626,10.022502732694148,0.5011251366347075,9.521377596059441,0.0,0.0,289.1136653267176,0.0,87.35491090171587,6.424053033864738,0.0,4.5,0.0,0.0,0.0,0.0,1,6,2,0,0,1
524,159,0.0,23.21954175,35.377176000000006,2.353917568527479,0.9001128472222223,10.08,1.3,0.0,2015-01-01,2016-06-07,629.407187979497,669.8189116140671,9.972764125138797,0.4986382062569399,9.474125918881857,0.0,0.0,289.6058823068437,0.0,86.92139526722272,6.283303115016691,0.0,4.5,0.0,0.0,0.0,0.0,1,6,2,0,0,1
525,160,0.0,21.131517,33.037086,2.0239556164696704,1.337013888888889,10.08,1.3,0.0,2015-01-01,2016-06-08,630.1984864681167,670.7145208006929,10.566834212782606,0.5283417106391303,10.038492502143475,0.0,0.0,290.08750385659374,0.0,92.09923766443296,7.3898963201756365,5.5,0.0,0.0,0.0,0.0,0.0,1,6,2,0,0,1
526,161,0.0,20.625942000000002,34.727151,2.108001441471086,1.051423611111111,10.08,1.3,2.0,2015-01-01,2016-06-09,631.1288352434411,671.6084681428342,10.371164898983281,0.518558244949164,9.852606654034117,0.0,0.0,290.6541643524378,0.0,90.39380780035496,7.231837487615565,0.0,4.5,0.0,0.0,0.0,0.0,1,6,2,0,0,1
527,162,0.0,23.408049,34.111794,2.2696409970653115,1.1948177083333333,6.32625,1.3,4.0,2015-01-01,2016-06-10,632.0389097576953,672.500754111123,10.200480576231204,0.5100240288115602,9.690456547419643,0.0,0.0,291.20895741095353,0.0,88.90614406964932,6.750058497732611,0.0,4.5,0.0,0.0,0.0,0.0,1,6,2,0,0,1
528,163,0.0,19.38006075,35.333841,2.0622772300331684,1.2739322916666667,3.6,1.3,1.0,2015-01-01,2016-06-11,632.8880164465274,673.391379192529,10.366856771775307,0.5183428385887654,9.848513933186542,0.0,0.0,291.72702142329103,0.0,90.35625868927534,7.184584446059103,0.0,4.5,0.0,0.0,0.0,0.0,1,6,2,0,0,1
529,164,0.0,18.3595215,31.009007999999998,1.712541436977346,1.8391840277777776,3.6,1.3,1.0,2015-01-01,2016-06-12,633.7914545137058,674.2803438902638,10.574212720153,0.52871063600765,10.04550208414535,0.0,0.0,292.2786640401712,0.0,92.16354783436945,7.343532280415024,5.5,0.0,0.0,0.0,0.0,0.0,1,6,2,0,0,1
530,165,0.0,16.739514749999998,27.091524,1.4059970957478591,1.9262239583333336,3.6,1.3,1.0,2015-01-01,2016-06-13,634.7145163289292,675.1676487236813,10.576050041372074,0.5288025020686037,10.04724753930347,0.0,0.0,292.84276094754136,0.0,92.17956170193035,7.331608329287949,5.5,0.0,0.0,0.0,0.0,0.0,1,6,2,0,0,1
531,166,0.0,16.717125,30.913670999999997,1.610605339732012,0.8289236111111111,3.6,1.3,0.0,2015-01-01,2016-06-14,635.6357075121616,676.0532942281809,10.577863394230054,0.5288931697115027,10.04897022451855,0.0,0.0,293.40619762360114,0.0,92.19536666418047,7.319681928988141,5.5,0.0,0.0,0.0,0.0,0.0,1,6,2,0,0,1
532,167,0.0,17.722497,32.79441,1.7829581293180796,0.8019965277777777,3.6,1.3,0.0,2015-01-01,2016-06-15,636.5550312312214,676.9372809551103,10.579652879405216,0.5289826439702608,10.050670235434955,0.0,0.0,293.9689729415628,0.0,92.21096359861947,7.307753185971086,5.5,0.0,0.0,0.0,0.0,0.0,1,6,2,0,0,1
533,168,0.0,22.243782,33.739113,2.153915921942408,1.6683680555555556,3.6,1.3,3.0,2015-01-01,2016-06-16,637.4724906405095,677.8196094716682,10.411740459823516,0.5205870229911759,9.89115343683234,0.0,0.0,294.53108578066565,0.0,90.74745943772729,7.241276267330738,0.0,4.5,0.0,0.0,0.0,0.0,1,6,2,0,0,1
534,169,0.0,19.806910499999997,33.739113,1.9809636149044385,1.425659722222222,3.6,1.3,1.0,2015-01-01,2016-06-17,638.3812435710332,678.7002803608077,10.58314744318419,0.5291573721592095,10.05399007102498,0.0,0.0,295.0883374490793,0.0,92.24142179012055,7.28396285611887,5.5,0.0,0.0,0.0,0.0,0.0,1,6,2,0,0,1
535,170,0.0,19.377894,34.285134000000006,1.9889819835227485,1.4118315972222222,3.6,1.3,2.0,2015-01-01,2016-06-18,639.2949965056325,679.5792942211398,10.584865856990861,0.5292432928495431,10.055622564141318,0.0,0.0,295.64912571392415,0.0,92.25639927518367,7.272027376732519,5.5,0.0,0.0,0.0,0.0,0.0,1,6,2,0,0,1
536,171,0.0,19.906581,34.649148,2.051096821290399,1.3450173611111111,3.6,1.3,1.0,2015-01-01,2016-06-19,640.2068944411106,680.4566516668367,10.586560806794168,0.5293280403397084,10.05723276645446,0.0,0.0,296.2092481558574,0.0,92.27117225085648,7.260089982575243,5.5,0.0,0.0,0.0,0.0,0.0,1,6,2,0,0,1
537,172,0.0,21.085293,34.70115,2.1395013341702085,1.1482552083333333,3.6,1.3,1.0,2015-01-01,2016-06-20,641.1169404809293,681.332353327536,10.283901741867336,0.5141950870933669,9.76970665477397,0.0,0.0,296.7687036787618,0.0,89.63323277052741,6.8366631445132935,0.0,4.5,0.0,0.0,0.0,0.0,1,6,2,0,0,1
538,173,0.0,21.275967,33.643776,2.076906631357596,1.296796875,3.6,1.3,4.0,2015-01-01,2016-06-21,641.9735780916351,682.2063998482454,10.416790160266524,0.5208395080133262,9.895950652253198,0.0,0.0,297.2957680457251,0.0,90.79147201063887,7.177326079932625,0.0,4.5,0.0,0.0,0.0,0.0,1,6,2,0,0,1
539,174,0.0,22.402676999999997,33.331764,2.1356998123126982,1.1530034722222222,7.133333333333334,1.3,5.0,2015-01-01,2016-06-22,642.8725797077109,683.0787918892457,10.38876966849838,0.519438483424919,9.869331185073461,0.0,0.0,297.8493302993407,0.0,90.54724882336615,7.083538419769198,0.0,4.5,0.0,0.0,0.0,0.0,1,6,2,0,0,1
540,175,0.0,22.818693,33.089088000000004,2.1483944979256675,0.9574131944444445,8.272916666666667,1.3,5.0,2015-01-01,2016-06-23,643.7594972572497,683.9495301259974,10.319908365475317,0.5159954182737659,9.803912947201551,0.0,0.0,298.3959030310781,0.0,89.94706210847174,6.895913732970327,0.0,4.5,0.0,0.0,0.0,0.0,1,6,2,0,0,1
541,176,0.0,22.922697,33.652443,2.197885177699964,0.8259114583333333,4.056666666666668,1.3,2.0,2015-01-01,2016-06-24,644.6226017344453,684.8186152490442,10.200977825099406,0.5100488912549704,9.690928933844436,0.0,0.0,298.92823309074055,0.0,88.91047803011173,6.539245628084321,0.0,4.5,0.0,0.0,0.0,0.0,1,6,2,0,0,1
542,177,0.0,22.281339,34.70115,2.228579578162972,1.15734375,4.800000000000001,1.3,3.0,2015-01-01,2016-06-25,645.4407722892726,685.6860479639191,10.267248292241845,0.5133624146120923,9.753885877629752,0.0,0.0,299.43324687797883,0.0,89.48808333559681,6.716173030989988,0.0,4.5,0.0,0.0,0.0,0.0,1,6,2,0,0,1
543,178,0.0,21.622647,33.947121,2.1237004762397937,1.0464236111111112,4.655416666666667,1.3,2.0,2015-01-01,2016-06-26,646.28080019535,686.5518289910489,10.314396012091276,0.5157198006045638,9.798676211486711,0.0,0.0,299.95213550145814,0.0,89.89901710897766,6.837734965197548,0.0,4.5,0.0,0.0,0.0,0.0,1,6,2,0,0,1
544,179,0.0,21.908658,34.562478000000006,2.190107603228124,0.7059461805555556,4.5600000000000005,1.3,1.0,2015-01-01,2016-06-27,647.1357389058139,687.4159590656614,10.065495549156207,0.5032747774578104,9.562220771698396,0.0,0.0,300.480637061632,0.0,87.72963104414151,6.229641381341984,0.0,4.5,0.0,0.0,0.0,0.0,1,6,2,0,0,1
545,180,0.0,23.226042,35.22117,2.3420566945767987,1.4867534722222222,4.5600000000000005,1.3,0.0,2015-01-01,2016-06-28,647.9143732562941,688.2784389376894,10.265236635839226,0.5132618317919614,9.751974804047265,0.0,0.0,300.96234333849145,0.0,89.47054998384799,6.669062506000784,0.0,4.5,0.0,0.0,0.0,0.0,1,6,2,0,0,1
546,181,0.0,26.692842000000002,37.743266999999996,2.860049233043939,1.1010850694444445,4.5600000000000005,1.3,1.0,2015-01-01,2016-06-29,648.7476730618027,689.139269371679,9.653745238894807,0.4826872619447404,9.171057976950067,0.0,0.0,301.4782280127528,0.0,84.14086558047079,5.156041182895361,0.0,4.5,0.0,0.0,0.0,0.0,1,6,2,0,0,1
547,182,0.0,26.398164,37.933941,2.850267642446863,0.6114930555555556,4.5600000000000005,1.3,0.0,2015-01-01,2016-06-30,649.3917036016612,689.9984511466951,9.580255070951036,0.47901275354755185,9.101242317403484,0.0,0.0,301.87723921939306,0.0,83.50033424372805,4.958644321581663,0.0,4.5,0.0,0.0,0.0,0.0,1,6,2,0,0,1
548,183,0.0,25.10028075,38.982648,2.826950794194624,0.9769270833333334,4.5600000000000005,1.3,1.0,2015-01-01,2016-07-01,650.0109319447561,690.8559850562275,9.663833914403996,0.4831916957201998,9.180642218683797,0.0,0.0,302.2610974817556,0.0,84.22879724521822,5.161116484304818,0.0,4.5,0.0,0.0,0.0,0.0,1,6,2,0,0,1
549,184,0.0,22.443123,37.535259,2.4660296445459284,1.3933854166666668,4.5600000000000005,1.3,1.0,2015-01-01,2016-07-02,650.6553017386924,691.7118719080996,10.042570502303764,0.5021285251151884,9.540441977188577,0.0,0.0,302.6607527357058,0.0,87.52981913302276,6.113564070944016,0.0,4.5,0.0,0.0,0.0,0.0,1,6,2,0,0,1
550,185,0.0,21.22757625,34.917825,2.165903652499061,1.672282986111111,4.5600000000000005,1.3,0.0,2015-01-01,2016-07-03,651.4184060968282,692.5661125243743,10.604965181597315,0.5302482590798658,10.07471692251745,0.0,0.0,303.13431383486414,0.0,92.43158253599277,7.106863583655116,5.5,0.0,0.0,0.0,0.0,0.0,1,6,2,0,0,1
551,186,0.0,20.54143875,33.851784,2.039665184485849,1.6212847222222222,4.5600000000000005,1.3,0.0,2015-01-01,2016-07-04,652.305231714808,693.4187077412619,10.606306864056656,0.5303153432028328,10.075991520853822,0.0,0.0,303.6850272738304,0.0,92.44327647660022,7.094845768954256,5.5,0.0,0.0,0.0,0.0,0.0,1,6,2,0,0,1
552,187,0.0,19.871913,34.987161,2.072585432810449,1.0047048611111111,4.5600000000000005,1.3,2.0,2015-01-01,2016-07-05,653.190237123853,694.2696584090286,10.428052994391345,0.5214026497195673,9.906650344671778,0.0,0.0,304.2350547152146,0.0,90.88963749861277,7.019382972022638,0.0,4.5,0.0,0.0,0.0,0.0,1,6,2,0,0,1
553,188,0.0,21.827766,33.973122,2.1405583586706687,1.2550086805555556,4.5600000000000005,1.3,2.0,2015-01-01,2016-07-06,654.0655141062159,695.1189653919039,10.440776593614443,0.5220388296807221,9.91873776393372,0.0,0.0,304.7794744147327,0.0,91.00053483694496,7.053868854933443,0.0,4.5,0.0,0.0,0.0,0.0,1,6,2,0,0,1
554,189,0.0,21.605313,32.846412,2.043774156436372,1.146579861111111,4.247083333333333,1.3,1.0,2015-01-01,2016-07-07,654.9447800211191,695.966629567989,10.610179853866331,0.5305089926933165,10.079670861173014,0.0,0.0,305.3268101595669,0.0,92.47703298321046,7.058896013209814,5.5,0.0,0.0,0.0,0.0,0.0,1,6,2,0,0,1
555,190,0.0,21.78732,35.472513,2.249691003227558,0.7116753472222223,3.3600000000000003,1.3,0.0,2015-01-01,2016-07-08,655.8243602866063,696.8126518291656,10.053887254072002,0.5026943627036001,9.551192891368402,0.0,0.0,305.8747789502302,0.0,87.62845456059777,6.060169568786039,0.0,4.5,0.0,0.0,0.0,0.0,1,6,2,0,0,1
556,191,0.0,22.220670000000002,34.692483,2.223328773637859,1.083220486111111,10.349583333333332,1.3,2.0,2015-01-01,2016-07-09,656.5792259883352,697.6570330810051,10.61239682879651,0.5306198414398254,10.081776987356683,0.0,0.0,306.3454274554177,0.0,92.4963558661931,7.036109733733256,5.5,0.0,0.0,0.0,0.0,0.0,1,6,2,0,0,1
557,192,0.0,21.743985,35.923197,2.2810142663765647,1.4618836805555555,18.0,1.3,0.0,2015-01-01,2016-07-10,657.4554038764918,698.4997742426774,10.61360818110946,0.5306804090554731,10.082927772053987,0.0,0.0,306.89207826250396,0.0,92.50691386514714,7.024088340517494,5.5,0.0,0.0,0.0,0.0,0.0,1,6,2,0,0,1
558,193,0.0,21.523698749999998,37.249248,2.367965645703787,1.6292621527777778,18.0,1.3,1.0,2015-01-01,2016-07-11,658.3297783094457,699.3408762468604,10.6147983818499,0.530739919092495,10.084058462757405,0.0,0.0,307.4380370218939,0.0,92.51728750957601,7.01206776369691,5.5,0.0,0.0,0.0,0.0,0.0,1,6,2,0,0,1
559,194,0.0,20.49088125,34.311135,2.068528603833153,1.6752430555555557,18.0,1.3,1.0,2015-01-01,2016-07-12,659.2023522669575,700.1803400396496,10.615967530301758,0.5307983765150879,10.08516915378667,0.0,0.0,307.98330280464813,0.0,92.52747766482632,7.000048102937661,5.5,0.0,0.0,0.0,0.0,0.0,1,6,2,0,0,1
560,195,0.0,19.811244,32.751075,1.914657451788517,1.4673090277777776,18.0,1.3,1.0,2015-01-01,2016-07-13,660.073128719056,701.0181665804689,10.617115725681796,0.5308557862840899,10.086259939397706,0.0,0.0,308.5278746885431,0.0,92.5374851956593,6.988029457720397,5.5,0.0,0.0,0.0,0.0,0.0,1,6,2,0,0,1
561,196,0.0,20.331264,35.04783,2.1098799677038484,1.628637152777778,18.0,1.3,1.0,2015-01-01,2016-07-14,660.9421106261884,701.8543568419797,10.618243067136326,0.5309121533568164,10.08733091377951,0.0,0.0,309.07175175809516,0.0,92.54731096622208,6.976011927336039,5.5,0.0,0.0,0.0,0.0,0.0,1,6,2,0,0,1
562,197,0.0,26.190155999999998,36.859233,2.7319977215784466,2.0639583333333333,18.0,1.3,0.0,2015-01-01,2016-07-15,661.8093009393709,702.688911809992,10.435825099760955,0.5217912549880478,9.914033844772907,0.0,0.0,309.6149331045849,0.0,90.95737822068475,6.902705477939838,0.0,4.5,0.0,0.0,0.0,0.0,1,6,2,0,0,1
563,198,0.0,24.4986465,38.878644,2.761817572334579,1.1523263888888888,18.0,1.3,1.0,2015-01-01,2016-07-16,662.6670861993745,703.5218324833756,10.233863005173225,0.5116931502586612,9.722169854914563,0.0,0.0,310.1526434174573,0.0,89.1971012470817,6.338538547751596,0.0,4.5,0.0,0.0,0.0,0.0,1,6,2,0,0,1
564,199,0.0,24.136076999999997,36.477885,2.519144240994577,0.719375,18.0,1.3,2.0,2015-01-01,2016-07-17,663.4544997942501,704.353119873971,10.295708120632487,0.5147854060316244,9.780922714600862,0.0,0.0,310.64662145722605,0.0,89.73613572726468,6.503133833019248,0.0,4.5,0.0,0.0,0.0,0.0,1,6,2,0,0,1
565,200,0.0,24.604095,36.313212,2.544843461543701,1.323324652777778,18.0,1.3,1.0,2015-01-01,2016-07-18,664.2621193846685,705.1827750064999,10.622224174304735,0.5311112087152369,10.091112965589499,0.0,0.0,311.1536300317219,0.0,92.58200981053892,6.929320266424821,5.5,0.0,0.0,0.0,0.0,0.0,1,6,2,0,0,1
566,201,0.0,27.89105475,38.956647,3.095191441531386,1.477777777777778,18.0,1.3,1.0,2015-01-01,2016-07-19,665.1224018498011,706.0107989184786,9.912662312566212,0.49563311562831064,9.417029196937902,0.0,0.0,311.6940880752289,0.0,86.39755520228732,5.556404155840234,0.0,4.5,0.0,0.0,0.0,0.0,1,6,2,0,0,1
567,202,0.0,25.05839025,38.549298,2.782939210368341,1.4841232638888888,18.0,1.3,0.0,2015-01-01,2016-07-20,665.8120052994112,706.8371926601284,10.284255243348003,0.5142127621674002,9.770042481180603,0.0,0.0,312.12765457326816,0.0,89.63631384629969,6.43275491328612,0.0,4.5,0.0,0.0,0.0,0.0,1,6,2,0,0,1
568,203,0.0,24.803435999999998,40.482039,2.941030462985018,0.6946527777777778,18.0,1.3,0.0,2015-01-01,2016-07-21,666.6101749988153,707.6619572942878,9.906902955600094,0.4953451477800047,9.411557807820088,0.0,0.0,312.62977962724676,0.0,86.34735734971048,5.518683341435239,0.0,4.5,0.0,0.0,0.0,0.0,1,6,2,0,0,1
569,204,0.0,26.883516,40.473372,3.146931815137008,1.0511805555555556,18.0,1.3,0.0,2015-01-01,2016-07-22,667.2947216109956,708.485093896327,9.831561871226166,0.4915780935613083,9.339983777664857,0.0,0.0,313.0607302401727,0.0,85.6906936512059,5.317172177322582,0.0,4.5,0.0,0.0,0.0,0.0,1,6,2,0,0,1
570,205,0.0,22.960254,39.069317999999996,2.641036229335259,1.5504427083333332,18.0,1.3,0.0,2015-01-01,2016-07-23,667.9541117526301,709.306603554058,10.450697392989019,0.522534869649451,9.928162523339568,0.0,0.0,313.47609050911456,0.0,91.08700331378688,6.857295293318059,0.0,4.5,0.0,0.0,0.0,0.0,1,6,2,0,0,1
571,206,0.0,22.48068,39.398664000000004,2.627861982456533,1.5360590277777777,18.0,1.3,0.0,2015-01-01,2016-07-24,668.80429855185,710.1264873676498,10.626636887082409,0.5313318443541205,10.095305042728288,0.0,0.0,314.01194130388,0.0,92.62047047668278,6.863018168927716,5.5,0.0,0.0,0.0,0.0,0.0,1,6,2,0,0,1
572,207,0.0,22.659798,37.829937,2.5086851687782947,1.0762760416666668,18.0,1.3,0.0,2015-01-01,2016-07-25,669.654918607043,710.94474644954,10.627534821054068,0.5313767410527034,10.096158080001365,0.0,0.0,314.5484728682088,0.0,92.62829675961649,6.850987758730383,5.5,0.0,0.0,0.0,0.0,0.0,1,6,2,0,0,1
573,208,0.0,22.089220499999996,35.637186,2.285599844657087,1.6458072916666664,18.0,1.3,0.0,2015-01-01,2016-07-26,670.5037724932191,711.7613819243505,10.628413126794944,0.5314206563397472,10.096992470455197,0.0,0.0,315.084297496942,0.0,92.63595196528568,6.838959825829399,5.5,0.0,0.0,0.0,0.0,0.0,1,6,2,0,0,1
574,209,0.0,21.674649,34.519143,2.1694845495759134,1.4777604166666667,18.0,1.3,0.0,2015-01-01,2016-07-27,671.3508631062703,712.5763949287989,10.629271901806137,0.5314635950903069,10.09780830671583,0.0,0.0,315.61941437429726,0.0,92.64343694349802,6.826934464984655,5.5,0.0,0.0,0.0,0.0,0.0,1,6,2,0,0,1
575,210,0.0,21.518643,34.545144,2.159875899189982,1.0633940972222222,18.0,1.3,1.0,2015-01-01,2016-07-28,672.1961933339221,713.389786611615,10.630111243466937,0.5315055621733469,10.09860568129359,0.0,0.0,316.1538226914324,0.0,92.65075254299953,6.8149117706930635,5.5,0.0,0.0,0.0,0.0,0.0,1,6,2,0,0,1
576,211,0.0,20.467047,32.62107,1.9498535594712283,1.3522482638888889,9.180416666666666,1.3,1.0,2015-01-01,2016-07-29,673.0397660558565,714.2015581334539,10.630931249042227,0.5315465624521114,10.099384686590115,0.0,0.0,316.68752164646116,0.0,92.65789961153907,6.802891837204159,5.5,0.0,0.0,0.0,0.0,0.0,1,6,2,0,0,1
577,212,0.0,20.409267,33.669777,2.017721481778516,0.5082552083333334,3.3600000000000003,1.3,1.0,2015-01-01,2016-07-30,673.8815841438332,715.0117106668115,10.407465590545467,0.5203732795272734,9.887092311018193,0.0,0.0,317.2205104444696,0.0,90.71020019870687,6.629203641051925,0.0,4.5,0.0,0.0,0.0,0.0,1,6,2,0,0,1
578,213,0.0,23.711394,36.07920300000001,2.450524455132137,1.2313541666666665,5.673333333333333,1.3,0.0,2015-01-01,2016-07-31,674.7016509087042,715.8202453959389,10.298251388376267,0.5149125694188134,9.783338818957453,0.0,0.0,317.7401162989508,0.0,89.75830253859739,6.333431531050331,0.0,4.5,0.0,0.0,0.0,0.0,1,6,2,0,0,1
579,214,0.0,23.165373,36.45188400000001,2.436287370471766,0.7385069444444444,6.272499999999999,1.3,0.0,2015-01-01,2016-08-01,675.4848912534984,716.6271635167582,10.22982743587826,0.5114913717939131,9.718336064084347,0.0,0.0,318.2367489370925,0.0,89.16192771751516,6.125804942333459,0.0,4.5,0.0,0.0,0.0,0.0,1,6,2,0,0,1
580,215,0.0,23.191374,34.709817,2.299179747060456,0.9651388888888885,6.905833333333333,1.3,1.0,2015-01-01,2016-08-02,676.2422389540227,717.4324662367782,10.407274787640553,0.5203637393820277,9.886911048258526,0.0,0.0,318.7172948140678,0.0,90.70853718386884,6.591341591823899,0.0,4.5,0.0,0.0,0.0,0.0,1,6,2,0,0,1
581,216,0.0,22.82736,34.328469,2.241753889084777,0.7248350694444444,8.16,1.3,1.0,2015-01-01,2016-08-03,677.0569204454043,718.2361547750097,10.40942773864187,0.5204713869320935,9.888956351709776,0.0,0.0,319.2345626188453,0.0,90.72730204209952,6.586053669719223,0.0,4.5,0.0,0.0,0.0,0.0,1,6,2,0,0,1
582,217,0.0,22.732023,34.692483,2.2623081766566755,0.7668750000000001,8.16,1.3,0.0,2015-01-01,2016-08-04,677.870705198059,719.0382303618827,10.41018676397784,0.520509338198892,9.889677425778949,0.0,0.0,319.7516329620775,0.0,90.73391761431382,6.575958233714237,0.0,4.5,0.0,0.0,0.0,0.0,1,6,2,0,0,1
583,218,0.0,23.910735,35.108499,2.3877207006944223,0.7696788194444444,8.16,1.3,0.0,2015-01-01,2016-08-05,678.6830008387554,719.8386942391622,10.301593887558525,0.5150796943779263,9.786514193180599,0.0,0.0,320.26812791835164,0.0,89.78743535362797,6.2815847875240065,0.0,4.5,0.0,0.0,0.0,0.0,1,6,2,0,0,1
584,219,0.0,23.95407,35.602518,2.431321432054535,0.6547048611111111,8.16,1.3,0.0,2015-01-01,2016-08-06,679.4587043490584,720.6375476598646,10.258973253117734,0.5129486626558867,9.746024590461847,0.0,0.0,320.76170927482065,0.0,89.41595910428711,6.148030691571459,0.0,4.5,0.0,0.0,0.0,0.0,1,6,2,0,0,1
585,220,0.0,24.604095,36.833232,2.589430304972824,0.8175434027777777,8.16,1.3,0.0,2015-01-01,2016-08-07,680.2177045466016,721.4347918881759,10.073502134186636,0.5036751067093318,9.569827027477304,0.0,0.0,321.2449906815485,0.0,87.79941546232666,5.732457265895676,0.0,4.5,0.0,0.0,0.0,0.0,1,6,2,0,0,1
586,221,0.0,24.838104,37.38792,2.658350759112384,0.7130208333333334,8.16,1.3,0.0,2015-01-01,2016-08-08,680.9252099254538,722.2304281993681,10.001219892538542,0.5000609946269271,9.501158897911614,0.0,0.0,321.6957823386339,0.0,87.16941226378944,5.539192191031605,0.0,4.5,0.0,0.0,0.0,0.0,1,6,2,0,0,1
587,222,0.0,24.154133249999997,36.460551,2.519205160345048,0.8116927083333334,8.16,1.3,0.0,2015-01-01,2016-08-09,681.6086952917302,723.0244578797175,10.252220870672353,0.5126110435336176,9.739609827138736,0.0,0.0,322.13153618059414,0.0,89.3571061627991,6.09603282616337,0.0,4.5,0.0,0.0,0.0,0.0,1,6,2,0,0,1
588,223,0.0,23.815398000000002,36.313212,2.4784952154830613,0.8409114583333334,8.16,1.3,0.0,2015-01-01,2016-08-10,682.3607147278105,723.8168822264219,10.282154189282378,0.514107709464119,9.76804647981826,0.0,0.0,322.61126593975564,0.0,89.61800131542816,6.170023728097164,0.0,4.5,0.0,0.0,0.0,0.0,1,6,2,0,0,1
589,224,0.0,25.210785,36.703227000000005,2.6308971080024666,1.038168402777778,8.16,1.3,0.0,2015-01-01,2016-08-11,683.1216607225141,724.6077025475196,10.238075732606973,0.5119037866303486,9.726171945976624,0.0,0.0,323.097008349642,0.0,89.23381886536961,6.032781951484247,0.0,4.5,0.0,0.0,0.0,0.0,1,6,2,0,0,1
590,225,0.0,25.843476,37.578594,2.7659117700220124,1.0050868055555555,8.16,1.3,0.0,2015-01-01,2016-08-12,683.8654815321623,725.3969201618074,10.007367621605635,0.5003683810802818,9.506999240525353,0.0,0.0,323.57213428683036,0.0,87.2229951202103,5.510609721263533,0.0,4.5,0.0,0.0,0.0,0.0,1,6,2,0,0,1
591,226,0.0,24.446644499999998,37.959942,2.674351848137509,0.879921875,8.16,1.3,0.0,2015-01-01,2016-08-13,684.5447442660578,726.1845363987597,10.052809472278602,0.5026404736139302,9.550168998664672,0.0,0.0,324.006303506304,0.0,87.61906074599429,5.615124742891967,0.0,4.5,0.0,0.0,0.0,0.0,1,6,2,0,0,1
592,227,0.0,24.344085,36.486552,2.537477650980537,0.7400868055555556,8.16,1.3,1.0,2015-01-01,2016-08-14,685.2367317769357,726.9705525984476,10.246107782834848,0.5123053891417424,9.733802393693106,0.0,0.0,324.44886428659,0.0,89.3038252351085,6.023897549325046,0.0,4.5,0.0,0.0,0.0,0.0,1,6,2,0,0,1
593,228,0.0,24.196745999999997,34.458474,2.358572999896011,0.8060243055555555,8.16,1.3,2.0,2015-01-01,2016-08-15,685.978921206605,727.754970111458,10.404213195015794,0.5202106597507897,9.884002535265004,0.0,0.0,324.92381457828554,0.0,90.68185271611802,6.431355894674582,0.0,4.5,0.0,0.0,0.0,0.0,1,6,2,0,0,1
594,229,0.0,24.401865,33.565773,2.3043607624558016,0.9193315972222222,8.16,1.3,0.0,2015-01-01,2016-08-16,686.7711091092586,728.5377902988135,10.63939718579884,0.531969859289942,10.107427326508898,0.0,0.0,325.43108716052245,0.0,92.73168768332087,6.597661409292899,5.5,0.0,0.0,0.0,0.0,0.0,1,6,2,0,0,1
595,230,0.0,23.711394,33.947121,2.280343878846259,1.1546614583333334,8.16,1.3,0.0,2015-01-01,2016-08-17,687.583554967197,729.3190145318924,10.639858760969856,0.5319929380484928,10.107865822921363,0.0,0.0,325.9516921049096,0.0,92.73571071619139,6.585665829335092,5.5,0.0,0.0,0.0,0.0,0.0,1,6,2,0,0,1
596,231,0.0,22.9703655,34.631814000000006,2.2759905421137243,0.5980208333333334,8.16,1.3,0.0,2015-01-01,2016-08-18,688.3942903456287,730.0986441923491,10.410349131839892,0.5205174565919947,9.889831675247898,0.0,0.0,326.471570728797,0.0,90.73533279278782,6.416207239090344,0.0,4.5,0.0,0.0,0.0,0.0,1,6,2,0,0,1
597,232,0.0,21.228298499999998,34.033791,2.101438077402028,0.6704079861111111,8.16,1.3,0.0,2015-01-01,2016-08-19,689.183938342995,730.8766806720339,10.640677401303249,0.5320338700651625,10.108643531238085,0.0,0.0,326.97828647305823,0.0,92.74284588544919,6.561864891600056,5.5,0.0,0.0,0.0,0.0,0.0,1,6,2,0,0,1
598,233,0.0,20.660610000000002,33.765114000000004,2.0419470563648487,0.8223350694444445,8.16,1.3,0.0,2015-01-01,2016-08-20,689.9912898883643,731.6531253729152,10.641087013873818,0.5320543506936909,10.109032663180127,0.0,0.0,327.49671931485506,0.0,92.74641601863452,6.549883344018516,5.5,0.0,0.0,0.0,0.0,0.0,1,6,2,0,0,1
599,234,0.0,21.067959,33.028419,2.0189267797721366,0.7668923611111113,8.16,1.3,0.0,2015-01-01,2016-08-21,690.7969391826717,732.4279797069993,10.641479545036981,0.5320739772518491,10.109405567785132,0.0,0.0,328.01442390069394,0.0,92.74983727235715,6.537906901778113,5.5,0.0,0.0,0.0,0.0,0.0,1,6,2,0,0,1
600,235,0.0,21.180629999999997,33.271095,2.043774156436372,0.5833072916666668,8.16,1.3,0.0,2015-01-01,2016-08-22,691.6008890072468,733.2012450962528,10.641855087853726,0.5320927543926864,10.10976233346104,0.0,0.0,328.53139961312854,0.0,92.75311045772527,6.525935649820236,5.5,0.0,0.0,0.0,0.0,0.0,1,6,2,0,0,1
601,236,0.0,21.04990275,33.808449,2.072534037224971,0.64453125,8.16,1.3,0.0,2015-01-01,2016-08-23,692.4031421372996,733.972922972524,10.642213735204518,0.5321106867602259,10.11010304844429,0.0,0.0,329.04764584181146,0.0,92.75623638427368,6.513969672759931,5.5,0.0,0.0,0.0,0.0,0.0,1,6,2,0,0,1
602,237,0.0,20.461269,34.129128,2.053542788460005,1.0224913194444445,8.16,1.3,0.0,2015-01-01,2016-08-24,693.2037013420065,734.7430147774644,10.642555579791688,0.5321277789895844,10.110427800802103,0.0,0.0,329.56316198349907,0.0,92.75921585998455,6.502009054890696,5.5,0.0,0.0,0.0,0.0,0.0,1,6,2,0,0,1
603,238,0.0,20.365932,33.739113,2.01952966421235,0.7757552083333334,8.16,1.3,0.0,2015-01-01,2016-08-25,694.002569384595,735.5115219624521,10.64288071413226,0.5321440357066131,10.110736678425647,0.0,0.0,330.07794744205626,0.0,92.76204969122506,6.49005388017356,5.5,0.0,0.0,0.0,0.0,0.0,1,6,2,0,0,1
604,239,0.0,21.35397,36.807231,2.3195112909883613,0.7297135416666667,8.16,1.3,1.0,2015-01-01,2016-08-26,694.7997490224269,736.2784459885135,10.455668427057907,0.5227834213528953,9.93288500570501,0.0,0.0,330.59200162846093,0.0,91.13033024018026,6.460538055234516,0.0,4.5,0.0,0.0,0.0,0.0,1,6,2,0,0,1
605,240,0.0,22.48068,37.413921,2.4591014254101062,1.0756510416666667,8.16,1.3,0.0,2015-01-01,2016-08-27,695.5930859272257,737.0437883262467,10.444784614644393,0.5222392307322197,9.922545383912173,0.0,0.0,331.10393202411933,0.0,91.03546825919501,6.407259321413825,0.0,4.5,0.0,0.0,0.0,0.0,1,6,2,0,0,1
606,241,0.0,23.104704,35.507181,2.355123763126592,0.6601996527777777,8.16,1.3,1.0,2015-01-01,2016-08-28,696.3796668565399,737.8075504557443,10.413412801672767,0.5206706400836384,9.892742161589128,0.0,0.0,331.61185214048504,0.0,90.76203536523113,6.306497092671864,0.0,4.5,0.0,0.0,0.0,0.0,1,6,2,0,0,1
607,242,0.0,24.196745999999997,36.651225000000004,2.538949326991488,0.5541927083333335,8.16,1.3,1.0,2015-01-01,2016-08-29,697.1536706244149,738.5697338665175,10.263396894377427,0.5131698447188714,9.750227049658555,0.0,0.0,332.1119912397601,0.0,89.45451502174683,5.894908070691748,0.0,4.5,0.0,0.0,0.0,0.0,1,6,2,0,0,1
608,243,0.0,24.656097,36.287211,2.5470568299002743,0.8410416666666667,8.16,1.3,1.0,2015-01-01,2016-08-30,697.876970513966,739.3303400574192,10.313111910847049,0.5156555955423524,9.797456315304697,0.0,0.0,332.5796794971576,0.0,89.88782503921526,6.0252915060218175,0.0,4.5,0.0,0.0,0.0,0.0,1,6,2,0,0,1
609,244,0.0,24.872771999999998,35.680521000000006,2.5140315904596275,1.022482638888889,8.16,1.3,1.0,2015-01-01,2016-08-31,698.6160921108888,740.0893705365686,10.40936547595342,0.520468273797671,9.888897202155748,0.0,0.0,333.0578945326637,0.0,90.72675936810411,6.257660271982699,0.0,4.5,0.0,0.0,0.0,0.0,1,6,2,0,0,1
610,245,0.0,25.296010499999998,35.507181,2.535149015526223,0.8801996527777778,8.16,1.3,2.0,2015-01-01,2016-09-01,699.3835304694838,740.8468268212754,10.332812767962903,0.5166406383981451,9.816172129564757,0.0,0.0,333.55474587332947,0.0,90.05953530599614,6.058314600508634,0.0,4.5,0.0,0.0,0.0,0.0,1,6,2,0,0,1
611,246,0.0,20.513271,33.31443,2.000315050485665,1.22859375,8.16,1.3,1.0,2015-01-01,2016-09-02,700.1263305027885,741.6027104379646,10.648022859852846,0.5324011429926424,10.115621716860204,0.0,0.0,334.0359639899225,0.0,92.80686800589615,6.403056891602893,5.5,0.0,0.0,0.0,0.0,0.0,1,6,2,0,0,1
612,247,0.0,20.166591,33.860451000000005,2.014109352412987,0.4615885416666667,8.16,1.3,1.0,2015-01-01,2016-09-03,700.9112063717868,742.3570229221007,10.648804332366282,0.5324402166183141,10.116364115747968,0.0,0.0,334.5447648419708,0.0,92.81367922497023,6.392210640380133,5.5,0.0,0.0,0.0,0.0,0.0,1,6,2,0,0,1
613,248,0.0,22.081998,35.143167,2.2470425824140503,1.4649739583333332,8.16,1.3,1.0,2015-01-01,2016-09-04,701.6945467969966,743.1097658181145,10.649567837741108,0.5324783918870554,10.117089445854052,0.0,0.0,335.0529140385838,0.0,92.8203338446565,6.381364605040875,5.5,0.0,0.0,0.0,0.0,0.0,1,6,2,0,0,1
614,249,0.0,21.217464749999998,35.576517,2.2143291373635425,0.9549739583333332,8.16,1.3,0.0,2015-01-01,2016-09-05,702.4763536374427,743.8609406793273,10.650313467455632,0.5325156733727816,10.11779779408285,0.0,0.0,335.5604106824781,0.0,92.82683266226874,6.370518885625796,5.5,0.0,0.0,0.0,0.0,0.0,1,6,2,0,0,1
615,250,0.0,19.993251,34.857156,2.071968759125214,0.7885243055555555,8.16,1.3,0.0,2015-01-01,2016-09-06,703.2566287516055,744.6105490678768,10.651041312825546,0.5325520656412773,10.118489247184268,0.0,0.0,336.0672538840249,0.0,92.83317647370338,6.3596735817943895,5.5,0.0,0.0,0.0,0.0,0.0,1,6,2,0,0,1
616,251,0.0,18.494582249999997,31.390356,1.743900350863425,1.5381597222222223,6.82875,1.3,1.0,2015-01-01,2016-09-07,704.0353739974574,745.3585925546447,10.651751464975419,0.5325875732487709,10.119163891726648,0.0,0.0,336.57344276125247,0.0,92.83936607319097,6.348828792777742,5.5,0.0,0.0,0.0,0.0,0.0,1,6,2,0,0,1
617,252,0.0,17.87344725,30.150975,1.6332187910439946,1.2831336805555555,6.30625,1.3,1.0,2015-01-01,2016-09-08,704.812591232492,746.1050727191808,10.652444014868196,0.5326222007434099,10.119821814124787,0.0,0.0,337.0789764398453,0.0,92.8454022535535,6.337984617431436,5.5,0.0,0.0,0.0,0.0,0.0,1,6,2,0,0,1
618,253,0.0,17.505822,31.503027,1.6909919101628987,0.9258072916666666,5.28,1.3,0.0,2015-01-01,2016-09-09,705.588282313759,746.8499911496323,10.653119053275395,0.5326559526637697,10.120463100611625,0.0,0.0,337.5838540531462,0.0,92.85128580594446,6.3271411541851075,5.5,0.0,0.0,0.0,0.0,0.0,1,6,2,0,0,1
619,254,0.0,20.002640250000002,33.097755,1.9506821459520167,0.9390711805555555,5.28,1.3,1.0,2015-01-01,2016-09-10,706.3624490978933,747.5933494426683,10.653776670793752,0.5326888335396877,10.121087837254064,0.0,0.0,338.0880747421552,0.0,92.85701751999387,6.3162985010742565,5.5,0.0,0.0,0.0,0.0,0.0,1,6,2,0,0,1
620,255,0.0,18.849207,32.300391000000005,1.822823510858257,0.7536458333333333,5.28,1.3,1.0,2015-01-01,2016-09-11,707.1350934411478,748.3351492034095,10.65441695783569,0.5327208478917845,10.121696109943905,0.0,0.0,338.59163765553035,0.0,92.86259818372545,6.305456755723878,5.5,0.0,0.0,0.0,0.0,0.0,1,6,2,0,0,1
621,256,0.0,18.502527,32.352393,1.804160301776288,0.9301909722222222,5.952916666666667,1.3,1.0,2015-01-01,2016-09-12,707.906217199421,749.075392045354,10.655040004631957,0.5327520002315979,10.122288004400358,0.0,0.0,339.0945419495865,0.0,92.86802858357939,6.29461601535625,5.5,0.0,0.0,0.0,0.0,0.0,1,6,2,0,0,1
622,257,0.0,17.679161999999998,30.566991,1.646078775653909,1.3058333333333332,6.48,1.3,0.0,2015-01-01,2016-09-13,708.6758222282891,749.8140795903062,10.655645901220572,0.5327822950610286,10.122863606159543,0.0,0.0,339.5967867882956,0.0,92.87330950431601,6.283776376772378,5.5,0.0,0.0,0.0,0.0,0.0,1,6,2,0,0,1
623,258,0.0,20.773281,33.409767,2.024962693678974,0.6641753472222222,6.48,1.3,0.0,2015-01-01,2016-09-14,709.4439103830317,750.5512134683041,10.656234737465539,0.532811736873277,10.123423000592261,0.0,0.0,340.09837134328393,0.0,92.87844172917907,6.272937936387043,5.5,0.0,0.0,0.0,0.0,0.0,1,6,2,0,0,1
624,259,0.0,20.339931,35.203836,2.1218112267296605,1.2566319444444445,6.48,1.3,0.0,2015-01-01,2016-09-15,710.2104835186638,751.2867953175494,10.65680660302699,0.5328403301513495,10.12396627287564,0.0,0.0,340.5992947938331,0.0,92.88342603963534,6.262100790178124,5.5,0.0,0.0,0.0,0.0,0.0,1,6,2,0,0,1
625,260,0.0,19.689906,33.071754000000006,1.9279352312100453,0.7205642361111111,5.155833333333334,1.3,2.0,2015-01-01,2016-09-16,710.9755434899588,752.0208267843342,10.657361587388976,0.5328680793694488,10.124493508019528,0.0,0.0,341.0995563268762,0.0,92.88826321561683,6.251265033737255,5.5,0.0,0.0,0.0,0.0,0.0,1,6,2,0,0,1
626,261,0.0,20.642553749999998,32.343726000000004,1.9429929924573883,1.2968315972222222,3.492916666666667,1.3,1.0,2015-01-01,2016-09-17,711.7390921514797,752.7533095229722,10.657899779830807,0.5328949889915403,10.125004790839267,0.0,0.0,341.59915513699787,0.0,92.89295403527116,6.24043076222091,5.5,0.0,0.0,0.0,0.0,0.0,1,6,2,0,0,1
627,262,0.0,17.014692,29.474949,1.5465863405794529,1.465251736111111,4.32,1.3,0.0,2015-01-01,2016-09-18,712.5011313576018,753.4842451957261,10.658421269451349,0.5329210634725675,10.125500205978781,0.0,0.0,342.09809042642996,0.0,92.89749927517316,6.229598070395268,5.5,0.0,0.0,0.0,0.0,0.0,1,6,2,0,0,1
628,263,0.0,16.075767,31.139013,1.587003516471166,0.5837065972222222,4.32,1.3,0.0,2015-01-01,2016-09-19,713.2616629625418,754.2136354727387,10.658926145146154,0.5329463072573077,10.125979837888845,0.0,0.0,342.5963614050512,0.0,92.90189971012563,6.21876705259735,5.5,0.0,0.0,0.0,0.0,0.0,1,6,2,0,0,1
629,264,0.0,17.202477000000002,32.525733,1.73433045523953,0.6049479166666667,4.32,1.3,0.0,2015-01-01,2016-09-20,714.02068882038,754.9414820319624,10.659414495616092,0.5329707247808046,10.126443770835287,0.0,0.0,343.093967290383,0.0,92.90615611323452,6.207937802752827,5.5,0.0,0.0,0.0,0.0,0.0,1,6,2,0,0,1
630,265,0.0,19.481898,32.742408,1.892325264519921,1.2976909722222223,4.32,1.3,0.0,2015-01-01,2016-09-21,714.7782107850866,755.667786559089,10.659886409372522,0.5329943204686262,10.126892088903896,0.0,0.0,343.59090730758646,0.0,92.91026925595402,6.197110414385444,5.5,0.0,0.0,0.0,0.0,0.0,1,6,2,0,0,1
631,266,0.0,19.551234,32.603736,1.8877725059511,0.5485416666666666,4.32,1.3,0.0,2015-01-01,2016-09-22,715.5342307105457,756.3925507474813,10.660341974714584,0.5330170987357292,10.127324875978854,0.0,0.0,344.0871806894604,0.0,92.91423990788867,6.186284980580284,5.5,0.0,0.0,0.0,0.0,0.0,1,6,2,0,0,1
632,267,0.0,20.339931,32.413062000000004,1.927356270262402,0.4908940972222222,4.32,1.3,0.0,2015-01-01,2016-09-23,716.2887504505771,757.1157762981024,10.660781279757238,0.5330390639878619,10.127742215769375,0.0,0.0,344.5827866764355,0.0,92.91806883703772,6.175461594034047,5.5,0.0,0.0,0.0,0.0,0.0,1,6,2,0,0,1
633,268,0.0,17.4639315,31.121679,1.6659381253502288,0.8239930555555556,4.32,1.3,0.0,2015-01-01,2016-09-24,717.0417718589624,757.8374649194491,10.661204412398872,0.5330602206199436,10.128144191778928,0.0,0.0,345.07772451657297,0.0,92.92175680951283,6.164640346999937,5.5,0.0,0.0,0.0,0.0,0.0,1,6,2,0,0,1
634,269,0.0,15.89376,28.842257999999998,1.4525426969417723,1.124592013888889,4.32,1.3,0.0,2015-01-01,2016-09-25,717.7932967894639,758.5576183274804,10.661611460347062,0.5330805730173532,10.12853088732971,0.0,0.0,345.57199346555785,0.0,92.92530458976246,6.153821331334825,5.5,0.0,0.0,0.0,0.0,0.0,1,6,2,0,0,1
635,270,0.0,15.607749000000002,29.093601,1.4507351036545433,0.4650868055555556,4.32,1.3,0.0,2015-01-01,2016-09-26,718.5433270958484,759.2762382455517,10.662002511100487,0.5331001255550244,10.128902385545462,0.0,0.0,346.0655927866968,0.0,92.92871294041443,6.143004638469233,5.5,0.0,0.0,0.0,0.0,0.0,1,6,2,0,0,1
636,271,0.0,17.462487,30.532323,1.6315079970395876,0.6379861111111113,4.32,1.3,0.0,2015-01-01,2016-09-27,719.2918646319088,759.9933264043458,10.662377651952548,0.5331188825976275,10.129258769354921,0.0,0.0,346.5585217509122,0.0,92.9319826223074,6.132190359415135,5.5,0.0,0.0,0.0,0.0,0.0,1,6,2,0,0,1
637,272,0.0,18.225183,30.254979,1.6597467574500389,0.7471267361111112,4.32,1.3,0.0,2015-01-01,2016-09-28,720.0389112514836,760.708884541805,10.662736969991965,0.5331368484995983,10.129600121492366,0.0,0.0,347.0507796367373,0.0,92.93511439449603,6.121378584769186,5.5,0.0,0.0,0.0,0.0,0.0,1,6,2,0,0,1
638,273,0.0,13.339884,25.080779999999997,1.15399577679083,1.699887152777778,4.32,1.3,0.0,2015-01-01,2016-09-29,720.784468808478,761.4229144030642,10.663080552099554,0.5331540276049778,10.129926524494577,0.0,0.0,347.54236573031153,0.0,92.9381090142229,6.110569404708066,5.5,0.0,0.0,0.0,0.0,0.0,1,6,2,0,0,1
639,274,0.0,12.868977000000001,24.968109,1.1293409189365622,0.8375694444444445,4.210416666666667,1.3,1.0,2015-01-01,2016-09-30,721.5285391568841,762.1354177403832,10.663408484946515,0.5331704242473257,10.13023806069919,0.0,0.0,348.03327932537456,0.0,92.94096723690362,6.099762908988572,5.5,0.0,0.0,0.0,0.0,0.0,1,6,2,0,0,1
640,275,0.0,13.0755405,23.832732,1.0910525676556286,1.169887152777778,5.644166666666667,1.3,3.0,2015-01-01,2016-10-01,722.2711241507992,762.8463963130808,10.663720854995972,0.5331860427497986,10.130534812246173,0.0,0.0,348.52351972326085,0.0,92.94368981614018,6.088959186950008,5.5,0.0,0.0,0.0,0.0,0.0,1,6,2,0,0,1
641,276,0.0,12.288288,23.893401,1.0618991393828758,0.7054774305555556,4.5600000000000005,1.3,2.0,2015-01-01,2016-10-02,723.0122256444455,763.5558518874672,10.664017748496061,0.5332008874248031,10.130816861071258,0.0,0.0,349.0130862328937,0.0,92.94627750366091,6.0781583275056414,5.5,0.0,0.0,0.0,0.0,0.0,1,6,2,0,0,1
642,277,0.0,13.475667,25.514129999999998,1.178493521080705,0.5383854166666668,4.5600000000000005,1.3,0.0,2015-01-01,2016-10-03,723.7518454921876,764.263786236778,10.664299251490736,0.5332149625745368,10.131084288916199,0.0,0.0,349.5019781707786,0.0,92.94873104941432,6.0673604191622115,5.5,0.0,0.0,0.0,0.0,0.0,1,6,2,0,0,1
643,278,0.0,13.545003,27.290865,1.261121336080616,0.40915798611111115,4.5600000000000005,1.3,0.0,2015-01-01,2016-10-04,724.4899855485518,764.9702011411091,10.664565449801707,0.5332282724900854,10.131337177311622,0.0,0.0,349.9901948609978,0.0,92.95105120141199,6.0565655499906175,5.5,0.0,0.0,0.0,0.0,0.0,1,6,2,0,0,1
644,279,0.0,15.313071,28.11423,1.3856563341577344,0.38058159722222223,4.5600000000000005,1.3,0.0,2015-01-01,2016-10-05,725.2266476682419,765.6750983873501,10.66481642904054,0.533240821452027,10.131575607588513,0.0,0.0,350.4777356352024,0.0,92.95323870583388,6.045773807648039,5.5,0.0,0.0,0.0,0.0,0.0,1,6,2,0,0,1
645,280,0.0,15.807089999999999,28.677585,1.439482163562868,0.5906770833333334,4.5600000000000005,1.3,0.0,2015-01-01,2016-10-06,725.9618337061568,766.3784797691189,10.665052274603983,0.5332526137301992,10.131799660873783,0.0,0.0,350.96459983260615,0.0,92.95529430698767,6.034985279372398,5.5,0.0,0.0,0.0,0.0,0.0,1,6,2,0,0,1
646,281,0.0,15.659751,29.526951,1.4762213351396944,0.5777517361111112,4.5600000000000005,1.3,0.0,2015-01-01,2016-10-07,726.6955455174071,767.0803470866973,10.665273071672638,0.533263653583632,10.132009418089007,0.0,0.0,351.450786799978,0.0,92.95721874729706,6.024200051980873,5.5,0.0,0.0,0.0,0.0,0.0,1,6,2,0,0,1
647,282,0.0,14.897055000000002,29.726292,1.4466752118718635,0.805607638888889,4.5600000000000005,1.3,3.0,2015-01-01,2016-10-08,727.4277849573319,767.7807021469657,10.665478905205587,0.5332739452602794,10.132204959945307,0.0,0.0,351.93629589163515,0.0,92.95901276725503,6.013418211862524,5.5,0.0,0.0,0.0,0.0,0.0,1,6,2,0,0,1
648,283,0.0,15.88003725,29.708958,1.49764204013887,0.3775260416666667,4.5600000000000005,1.3,1.0,2015-01-01,2016-10-09,728.1585538815125,768.4795467633386,10.665669859948935,0.5332834929974467,10.132386366951488,0.0,0.0,352.4211264694345,0.0,92.9606771054983,6.002639844994914,5.5,0.0,0.0,0.0,0.0,0.0,1,6,2,0,0,1
649,284,0.0,15.321738,29.015598,1.4318738520019485,0.5600086805555555,4.5600000000000005,1.3,0.0,2015-01-01,2016-10-10,728.8878541457893,769.1768827557005,10.66584602042526,0.5332923010212631,10.132553719403997,0.0,0.0,352.9052779027659,0.0,92.96221249871539,5.991865036926962,5.5,0.0,0.0,0.0,0.0,0.0,1,6,2,0,0,1
650,285,0.0,14.827719000000002,28.261568999999998,1.368825395172426,0.6671006944444444,4.5600000000000005,1.3,2.0,2015-01-01,2016-10-11,729.6156876062756,769.8727119503418,10.666007470936337,0.5333003735468169,10.13270709738952,0.0,0.0,353.388749568543,0.0,92.96361968167024,5.981093872786277,5.5,0.0,0.0,0.0,0.0,0.0,1,6,2,0,0,1
651,286,0.0,14.934611999999998,27.784883999999998,1.3506172730651482,0.5111631944444445,4.5600000000000005,1.3,1.0,2015-01-01,2016-10-12,730.3420561193727,770.5670361798954,10.666154295568148,0.5333077147784074,10.13284658078974,0.0,0.0,353.8715408511954,0.0,92.96489938724598,5.970326437287815,5.5,0.0,0.0,0.0,0.0,0.0,1,6,2,0,0,1
652,287,0.0,13.458333,27.559542,1.269536078712695,0.9474305555555556,4.5600000000000005,1.3,1.0,2015-01-01,2016-10-13,731.0669615417829,771.259857283273,10.666286578175502,0.5333143289087752,10.132972249266727,0.0,0.0,354.3536511426605,0.0,92.96605234631092,5.9595628147107655,5.5,0.0,0.0,0.0,0.0,0.0,1,6,2,0,0,1
653,288,0.0,14.169027,26.874848999999998,1.2707421901323412,1.2126041666666667,4.5600000000000005,1.3,0.0,2015-01-01,2016-10-14,731.7904057305238,771.9511771056026,10.66640440239802,0.5333202201199011,10.13308418227812,0.0,0.0,354.83507984237383,0.0,92.96707928785784,5.94880308892613,5.5,0.0,0.0,0.0,0.0,0.0,1,6,2,0,0,1
654,289,0.0,15.09567375,25.964814,1.2715132866143946,0.8099131944444444,4.5600000000000005,1.3,1.0,2015-01-01,2016-10-15,732.512390542941,772.6409974981648,10.666507851644933,0.5333253925822466,10.133182459062686,0.0,0.0,355.3158263572607,0.0,92.96798093887135,5.938047343373308,5.5,0.0,0.0,0.0,0.0,0.0,1,6,2,0,0,1
655,290,0.0,13.527669,24.864105,1.152764230955658,0.7502604166666667,4.5600000000000005,1.3,1.0,2015-01-01,2016-10-16,733.2329178367207,773.3293203183309,10.666597009105008,0.5333298504552504,10.133267158649756,0.0,0.0,355.7958901017266,0.0,92.96875802441464,5.927295661077972,5.5,0.0,0.0,0.0,0.0,0.0,1,6,2,0,0,1
656,291,0.0,12.743305499999998,25.817474999999998,1.1599851497506273,0.6994357638888888,4.5600000000000005,1.3,0.0,2015-01-01,2016-10-17,733.9519894699023,774.016147429501,10.666671957738568,0.5333335978869285,10.13333835985164,0.0,0.0,356.27527049764836,0.0,92.96941126755974,5.916548124640084,5.5,0.0,0.0,0.0,0.0,0.0,1,6,2,0,0,1
657,292,0.0,12.036945,20.31393,0.9192081260484466,0.9773177083333334,4.4725,1.3,5.0,2015-01-01,2016-10-18,734.6696073008901,774.701480701041,10.666732780277677,0.5333366390138838,10.133396141263793,0.0,0.0,356.75396697436383,0.0,92.96994138938923,5.905804816236193,5.5,0.0,0.0,0.0,0.0,0.0,1,6,2,0,0,1
658,293,0.0,10.572222,22.081998,0.9298584128679352,0.6298611111111111,3.12,1.3,1.0,2015-01-01,2016-10-19,735.3857731884651,775.3853220082217,10.666779559230836,0.5333389779615418,10.133440581269294,0.0,0.0,357.23197896866225,0.0,92.97034910903714,5.8950658176285025,5.5,0.0,0.0,0.0,0.0,0.0,1,6,2,0,0,1
659,294,0.0,11.30025,23.425382999999997,1.0055260822614338,0.6243315972222222,3.12,1.3,2.0,2015-01-01,2016-10-20,736.1004889917958,776.0676732321576,10.666812376874644,0.5333406188437322,10.133471758030911,0.0,0.0,357.7093059247743,0.0,92.97063514361624,5.884331210152568,5.5,0.0,0.0,0.0,0.0,0.0,1,6,2,0,0,1
660,295,0.0,10.777341,22.463345999999998,0.950756640131368,0.9482378472222224,3.12,1.3,3.0,2015-01-01,2016-10-21,736.8137565704495,776.7485362597454,10.666831315257339,0.533341565762867,10.133489749494471,0.0,0.0,358.185947294362,0.0,92.97080020824899,5.873601074724355,5.5,0.0,0.0,0.0,0.0,0.0,1,6,2,0,0,1
661,296,0.0,10.710894,21.362637,0.9095646302095256,0.8829774305555556,3.12,1.3,2.0,2015-01-01,2016-10-22,737.5255777844019,777.4279129836032,10.666836456196554,0.5333418228098278,10.133494633386727,0.0,0.0,358.6619025365077,0.0,92.97084501604793,5.862875491838228,5.5,0.0,0.0,0.0,0.0,0.0,1,6,2,0,0,1
662,297,0.0,10.485551999999998,21.813321,0.9173931606302124,0.4856684027777778,3.12,1.3,0.0,2015-01-01,2016-10-23,738.2359544940479,778.1058053020097,10.666827881279229,0.5333413940639614,10.133486487215267,0.0,0.0,359.13717111770364,0.0,92.97077027811478,5.8521545415686385,5.5,0.0,0.0,0.0,0.0,0.0,1,6,2,0,0,1
663,298,0.0,10.60689,21.631314000000003,0.9152796796483992,0.5854947916666666,3.2883333333333336,1.3,2.0,2015-01-01,2016-10-24,738.9448885602106,778.7822151188448,10.666805671861793,0.5333402835930897,10.133465388268704,0.0,0.0,359.61175251184136,0.0,92.97057670354236,5.841438303571491,5.5,0.0,0.0,0.0,0.0,0.0,1,6,2,0,0,1
664,299,0.0,12.16695,17.341149,0.824490116563459,0.6119704861111112,5.812083333333333,1.3,5.0,2015-01-01,2016-10-25,739.652381844152,779.4571443435289,10.66676990906989,0.5333384954534947,10.133431413616396,0.0,0.0,360.08564620020013,0.0,92.97026499941181,5.830726857085225,5.5,0.0,0.0,0.0,0.0,0.0,1,6,2,0,0,1
665,300,0.0,12.955646999999999,21.197964000000002,0.984108782881968,1.9789930555555555,8.785833333333334,1.3,4.0,2015-01-01,2016-10-26,740.358436207581,780.130594890964,10.666720673786989,0.5333360336893495,10.133384640097638,0.0,0.0,360.55885167143674,0.0,92.96983587069356,5.820020280912589,5.5,0.0,0.0,0.0,0.0,0.0,1,6,2,0,0,1
666,301,0.0,15.451743,23.538054,1.1784935210807048,0.7032118055555556,8.16,1.3,1.0,2015-01-01,2016-10-27,741.063053512661,780.8025686814726,10.666658046676204,0.5333329023338103,10.133325144342393,0.0,0.0,361.0313684215721,0.0,92.96929002043754,5.809318653460489,5.5,0.0,0.0,0.0,0.0,0.0,1,6,2,0,0,1
667,302,0.0,14.567709,22.038663,1.0788549726622243,0.4432552083333333,8.16,1.3,4.0,2015-01-01,2016-10-28,741.766235622021,781.4730676407412,10.666582108156149,0.5333291054078075,10.133253002748342,0.0,0.0,361.5031959539815,0.0,92.96862814956256,5.798622052698968,5.5,0.0,0.0,0.0,0.0,0.0,1,6,2,0,0,1
668,303,0.0,15.451743,22.896696,1.1509190723662035,0.37356770833333336,3.9700000000000006,1.3,4.0,2015-01-01,2016-10-29,742.4679843987612,782.1420936997592,10.666492938409984,0.5333246469204992,10.133168291489485,0.0,0.0,361.97433377938194,0.0,92.9678509569352,5.787930556178198,5.5,0.0,0.0,0.0,0.0,0.0,1,6,2,0,0,1
669,304,0.0,14.801717999999997,23.685392999999998,1.156832709946629,0.4832118055555556,2.4000000000000004,1.3,1.0,2015-01-01,2016-10-30,743.1683017064609,782.8096487947605,10.666390617396445,0.5333195308698223,10.133071086526623,0.0,0.0,362.4447814158196,0.0,92.96695913946614,5.77724424105025,5.5,0.0,0.0,0.0,0.0,0.0,1,6,2,0,0,1
670,305,0.0,14.697714000000001,23.347379999999998,1.1380752941612355,0.7909722222222223,4.491666666666666,1.3,2.0,2015-01-01,2016-10-31,743.8671894091879,783.4757348671674,10.666275224822341,0.5333137612411171,10.132961463581223,0.0,0.0,362.9145383886591,0.0,92.96595339187009,5.7665631840215035,5.5,0.0,0.0,0.0,0.0,0.0,1,6,2,0,0,1
671,306,0.0,16.604454,26.38083,1.3636827734884949,1.5516059027777778,6.771249999999999,1.3,1.0,2015-01-01,2016-11-01,744.564649371503,784.14035386353,10.666146840168857,0.5333073420084429,10.132839498160413,0.0,0.0,363.3836042305694,0.0,92.96483440689543,5.755887461400538,5.5,0.0,0.0,0.0,0.0,0.0,1,6,2,0,0,1
672,307,0.0,7.025252249999999,22.784025,0.8341010357655434,1.0495399305555555,7.760416666666667,1.3,4.0,2015-01-01,2016-11-02,745.2606834584685,784.8035077354698,10.666005542672071,0.5333002771336036,10.132705265538467,0.0,0.0,363.8519784815126,0.0,92.96360287515415,5.74521714906531,5.5,0.0,0.0,0.0,0.0,0.0,1,6,2,0,0,1
673,308,0.0,5.822705999999999,17.869836,0.6570439591435353,1.0749913194444445,6.24,1.3,1.0,2015-01-01,2016-11-03,745.9552935356531,785.4651984396216,10.66585141133702,0.533292570566851,10.132558840770168,0.0,0.0,364.3196606887299,0.0,92.96225948524449,5.734552322489616,5.5,0.0,0.0,0.0,0.0,0.0,1,6,2,0,0,1
674,309,0.0,8.544144,18.970545,0.7632966284467207,0.919609375,6.24,1.3,0.0,2015-01-01,2016-11-04,746.6484814691396,786.1254279375776,10.665684524920016,0.5332842262460008,10.132400298674014,0.0,0.0,364.78665040673013,0.0,92.96080492359687,5.723893056713619,5.5,0.0,0.0,0.0,0.0,0.0,1,6,2,0,0,1
675,310,0.0,9.731523,21.284634,0.8736090587966053,0.4397395833333333,6.24,1.3,1.0,2015-01-01,2016-11-05,747.3402491255296,786.7841981958286,10.665504961949928,0.5332752480974965,10.132229713852432,0.0,0.0,365.2529471972752,0.0,92.95923987465936,5.713239426380945,5.5,0.0,0.0,0.0,0.0,0.0,1,6,2,0,0,1
676,311,0.0,11.74587825,19.01388,0.8650808099662065,0.6426996527777779,7.69875,1.3,4.0,2015-01-01,2016-11-06,748.0305983719494,787.4415111857093,10.665312800704202,0.5332656400352102,10.132047160668991,0.0,0.0,365.718550629368,0.0,92.95756502068855,5.702591505700897,5.5,0.0,0.0,0.0,0.0,0.0,1,6,2,0,0,1
677,312,0.0,8.691483,17.150475,0.7150676696805512,0.4850607638888888,5.057083333333334,1.3,3.0,2015-01-01,2016-11-07,748.7195310760551,788.0973688833401,10.665108119229362,0.5332554059614683,10.131852713267895,0.0,0.0,366.1834602792381,0.0,92.9557810419285,5.691949368483451,5.5,0.0,0.0,0.0,0.0,0.0,1,6,2,0,0,1
678,313,0.0,6.2661675,19.455897,0.7117162226210525,0.7548784722222222,2.88,1.3,0.0,2015-01-01,2016-11-08,749.4070491060385,788.7517732695733,10.664890995321192,0.5332445497660596,10.131646445555132,0.0,0.0,366.64767573032896,0.0,92.95388861643771,5.681313088106741,5.5,0.0,0.0,0.0,0.0,0.0,1,6,2,0,0,1
679,314,0.0,6.256056,19.741908,0.7194493796626682,0.2632986111111111,2.88,1.3,0.0,2015-01-01,2016-11-09,750.0931543306294,789.4047263299344,10.66466150654227,0.5332330753271135,10.131428431215156,0.0,0.0,367.1111965732829,0.0,92.95188842024217,5.6706827375496465,5.5,0.0,0.0,0.0,0.0,0.0,1,6,2,0,0,1
680,315,0.0,7.582107,21.258633,0.8035400895806961,0.42669270833333334,2.88,1.3,1.0,2015-01-01,2016-11-10,750.7778486191028,790.0562300545694,10.664419730207117,0.5332209865103559,10.13119874369676,0.0,0.0,367.57402240592853,0.0,92.94978112720578,5.6600583893663865,5.5,0.0,0.0,0.0,0.0,0.0,1,6,2,0,0,1
681,316,0.0,10.962237,23.546720999999998,0.9973658228224762,0.5524913194444445,2.88,1.3,2.0,2015-01-01,2016-11-11,751.4611338412807,790.7062864381876,10.66416725783631,0.5332083628918155,10.130958894944493,0.0,0.0,368.03615283326553,0.0,92.94758060882776,5.661200980210647,5.5,0.0,0.0,0.0,0.0,0.0,1,6,2,0,0,1
682,317,0.0,10.658892,23.702727,0.991850100578495,0.290390625,2.88,1.3,2.0,2015-01-01,2016-11-12,752.1441621076118,791.3548974800074,10.663960784468156,0.5331980392234079,10.130762745244748,0.0,0.0,368.4986226116805,0.0,92.94578101214427,5.638904850079023,5.5,0.0,0.0,0.0,0.0,0.0,1,6,2,0,0,1
683,318,0.0,10.520219999999998,21.830654999999997,0.9192081260484466,0.6901215277777778,2.88,1.3,5.0,2015-01-01,2016-11-13,752.824644407118,792.0020651837021,10.66368244955161,0.5331841224775805,10.13049832707403,0.0,0.0,368.9593676162093,0.0,92.94335507897324,5.628298588129742,5.5,0.0,0.0,0.0,0.0,0.0,1,6,2,0,0,1
684,319,0.0,11.603594999999999,23.746062,1.0293559294225485,0.4558506944444444,2.88,1.3,4.0,2015-01-01,2016-11-14,753.5037232049332,792.6477915573444,10.663392134797432,0.5331696067398716,10.13022252805756,0.0,0.0,369.41941604916497,0.0,92.94082473099915,5.617698616722786,5.5,0.0,0.0,0.0,0.0,0.0,1,6,2,0,0,1
685,320,0.0,12.054279000000001,23.234709,1.0270175939950368,0.4886197916666666,2.88,1.3,7.0,2015-01-01,2016-11-15,754.1814003734279,793.2920786133525,10.663089916299707,0.5331544958149854,10.129935420484722,0.0,0.0,369.87876754421006,0.0,92.93819063144886,5.6071050063416,5.5,0.0,0.0,0.0,0.0,0.0,1,6,2,0,0,1
686,321,0.0,14.047688999999998,21.761319,1.0472125742753673,1.0726215277777778,2.88,1.3,7.0,2015-01-01,2016-11-16,754.8576777855341,793.9349283684369,10.662775869903903,0.5331387934951952,10.129637076408708,0.0,0.0,370.3374217421052,0.0,92.93545344138202,5.596517827052862,5.5,0.0,0.0,0.0,0.0,0.0,1,6,2,0,0,1
687,322,0.0,14.403036,21.293301,1.0428076754584004,1.8500694444444443,2.88,1.3,6.0,2015-01-01,2016-11-17,755.5325573147484,794.576342843546,10.662450071215453,0.5331225035607726,10.12932756765468,0.0,0.0,370.7953782906935,0.0,92.93261381976652,5.585937148521949,5.5,0.0,0.0,0.0,0.0,0.0,1,6,2,0,0,1
688,323,0.0,7.251316499999999,21.44064,0.7989337376238176,0.9634722222222224,2.88,1.3,1.0,2015-01-01,2016-11-18,756.2060408351342,795.2163240638131,10.662112595594328,0.5331056297797164,10.129006965814611,0.0,0.0,371.2526368448856,0.0,92.92967242343056,5.575363040005111,5.5,0.0,0.0,0.0,0.0,0.0,1,6,2,0,0,1
689,324,0.0,5.372021999999999,15.148398,0.5789861146441849,1.2926041666666666,2.88,1.3,1.0,2015-01-01,2016-11-19,756.8781302213241,795.8548740585038,10.661763518145248,0.5330881759072624,10.128675342237985,0.0,0.0,371.7091970666446,0.0,92.92662990697778,5.564795570333919,5.5,0.0,0.0,0.0,0.0,0.0,1,6,2,0,0,1
690,325,0.0,5.475303749999999,12.418293,0.5206582137026943,1.123454861111111,2.540833333333333,1.3,7.0,2015-01-01,2016-11-20,757.5488273485197,796.4919948609613,10.661402913742325,0.5330701456871163,10.128332768055209,0.0,0.0,372.16505862496945,0.0,92.9234869230018,5.554234807959454,5.5,0.0,0.0,0.0,0.0,0.0,1,6,2,0,0,1
691,326,0.0,3.1099349999999992,10.684892999999999,0.4399738868536106,0.992578125,2.4000000000000004,1.3,5.0,2015-01-01,2016-11-21,758.2181340924966,797.127688508557,10.661030856997938,0.5330515428498969,10.12797931414804,0.0,0.0,372.6202211958812,0.0,92.92024412181499,5.543680820899314,5.5,0.0,0.0,0.0,0.0,0.0,1,6,2,0,0,1
692,327,0.0,-0.5995409999999994,7.564773,0.3298440381095278,1.2003819444444443,2.4000000000000004,1.3,4.0,2015-01-01,2016-11-22,758.8860523296033,797.761957042635,10.660647422285345,0.5330323711142674,10.127615051171079,0.0,0.0,373.07468446240534,0.0,92.91690215164562,5.533133676777286,5.5,0.0,0.0,0.0,0.0,0.0,1,6,2,0,0,1
693,328,0.0,-2.0137065000000005,5.380688999999999,0.2822828679490784,1.5951475694444444,2.4000000000000004,1.3,1.0,2015-01-01,2016-11-23,759.5525839367623,798.3948025084617,10.660252683730466,0.5330126341865233,10.127240049543943,0.0,0.0,373.5284481145568,0.0,92.91346165856613,5.522593442812737,5.5,0.0,0.0,0.0,0.0,0.0,1,6,2,0,0,1
694,329,0.0,-2.714289,5.3460209999999995,0.2733491856708634,0.8993749999999999,2.4000000000000004,1.3,0.0,2015-01-01,2016-11-24,760.2177307914727,799.0262269551745,10.659846715209518,0.5329923357604759,10.126854379449043,0.0,0.0,373.9815118493241,0.0,92.90992328647265,5.512060185814782,5.5,0.0,0.0,0.0,0.0,0.0,1,6,2,0,0,1
695,330,0.0,-4.187679,9.419511,0.3061129489479089,0.6521267361111112,2.4000000000000004,1.3,0.0,2015-01-01,2016-11-25,760.8814947718096,799.6562324357292,10.65942959034831,0.5329714795174155,10.126458110830894,0.0,0.0,374.43387537065246,0.0,92.9062876770787,5.501533972184263,5.5,0.0,0.0,0.0,0.0,0.0,1,6,2,0,0,1
696,331,0.0,-0.738213,10.615556999999999,0.3733949647179039,1.242951388888889,2.4000000000000004,1.3,0.0,2015-01-01,2016-11-26,761.5438777564236,800.2848210068487,10.659001382534973,0.5329500691267487,10.126051313408224,0.0,0.0,374.8855383894277,0.0,92.90255547002631,5.491014867936549,5.5,0.0,0.0,0.0,0.0,0.0,1,6,2,0,0,1
697,332,0.0,1.5585419999999992,12.331623,0.4417171420405221,0.7991319444444445,2.4000000000000004,1.3,0.0,2015-01-01,2016-11-27,762.2048816245446,800.9119947289737,10.65856290707248,0.532928145353624,10.125634761718855,0.0,0.0,375.3365006234608,0.0,92.89873377139675,5.491936824082598,5.5,0.0,0.0,0.0,0.0,0.0,1,6,2,0,0,1
698,333,0.0,4.357982999999999,13.978352999999998,0.5301098217839405,0.5016059027777778,2.4000000000000004,1.3,0.0,2015-01-01,2016-11-28,762.8656264867856,801.5377556662102,10.658169298262877,0.5329084649131438,10.125260833349733,0.0,0.0,375.78776817110014,0.0,92.89530312503925,5.470069681430461,5.5,0.0,0.0,0.0,0.0,0.0,1,6,2,0,0,1
699,334,0.0,5.3286869999999995,16.110435,0.6007044042103024,0.4145225694444445,2.4000000000000004,1.3,0.0,2015-01-01,2016-11-29,763.523886654736,802.1621058862793,10.657708136037915,0.5328854068018958,10.12482272923602,0.0,0.0,376.23733414472275,0.0,92.89128369135614,5.459571976528279,5.5,0.0,0.0,0.0,0.0,0.0,1,6,2,0,0,1
700,335,0.0,7.044753,16.32711,0.6487526839490155,0.8340538194444445,2.4000000000000004,1.3,3.0,2015-01-01,2016-11-30,764.180773303806,802.7850474604681,10.657236182676172,0.5328618091338087,10.124374373542363,0.0,0.0,376.68619850617483,0.0,92.88717020344151,5.449081642822317,5.5,0.0,0.0,0.0,0.0,0.0,1,6,2,0,0,1
701,336,0.0,9.332841,14.212361999999999,0.6532229367841921,1.943515625,7.411666666666666,1.3,8.0,2015-01-01,2016-12-01,764.8362883158111,803.4065824635791,10.656753510308546,0.5328376755154273,10.123915834793118,0.0,0.0,377.134361000905,0.0,92.88296328997959,5.438598744294851,5.5,0.0,0.0,0.0,0.0,0.0,1,6,2,0,0,1
702,337,0.0,10.666114499999999,13.284993,0.663797082254395,2.17234375,14.299583333333333,1.3,7.0,2015-01-01,2016-12-02,765.4904335731402,804.0267129738804,10.656260190811343,0.5328130095405673,10.123447181270777,0.0,0.0,377.58182138120117,0.0,92.87866357743536,5.428123344520798,5.5,0.0,0.0,0.0,0.0,0.0,1,6,2,0,0,1
703,338,0.0,7.9071195,16.881798,0.686100520058022,0.7292187499999999,10.32,1.3,1.0,2015-01-01,2016-12-03,766.1432109587525,804.6454410730562,10.655756295824261,0.5327878147912131,10.122968481033048,0.0,0.0,378.0285794061726,0.0,92.87427169021174,5.417655506699342,5.5,0.0,0.0,0.0,0.0,0.0,1,6,2,0,0,1
704,339,0.0,6.082716,17.982507000000002,0.6667969004814046,0.44642361111111106,10.32,1.3,2.0,2015-01-01,2016-12-04,766.7946223561802,805.2627688461589,10.655241896716975,0.5327620948358488,10.122479801881125,0.0,0.0,378.47463484173454,0.0,96.84440149567722,5.4071952935979635,5.5,0.0,0.0,0.0,0.0,0.0,1,6,2,0,0,1
705,340,0.0,7.634109,17.62716,0.6989636789593897,0.851623263888889,8.973333333333334,1.3,3.0,2015-01-01,2016-12-05,767.4446696495216,805.878698381558,10.654717064625494,0.5327358532312747,10.12198121139422,0.0,0.0,378.919987460588,0.0,96.83963135059014,5.39674276761542,5.5,0.0,0.0,0.0,0.0,0.0,1,6,2,0,0,1
706,341,0.0,1.5830985000000002,14.498373,0.4835043752500468,0.7487934027777778,9.836666666666666,1.3,5.0,2015-01-01,2016-12-06,768.0933547234442,806.4932317708931,10.654181870433888,0.5327090935216945,10.121472776912194,0.0,0.0,379.36463704220415,0.0,96.83476702543712,5.3862979907527055,5.5,0.0,0.0,0.0,0.0,0.0,1,6,2,0,0,1
707,342,0.0,0.3971639999999992,13.406331,0.4401321130374273,0.4781163194444444,10.32,1.3,0.0,2015-01-01,2016-12-07,768.7406794631819,807.1063711090264,10.653636384767232,0.5326818192383617,10.120954565528871,0.0,0.0,379.8085833728069,0.0,96.82980916212212,5.3758610246003204,5.5,0.0,0.0,0.0,0.0,0.0,1,6,2,0,0,1
708,343,0.0,3.2486069999999994,12.158283,0.4702835016950699,0.942578125,10.32,1.3,6.0,2015-01-01,2016-12-08,769.3866457545319,807.7181184939923,10.653080678001603,0.5326540339000801,10.120426644101522,0.0,0.0,380.2518262453534,0.0,96.82475840028623,5.3654319303580085,5.5,0.0,0.0,0.0,0.0,0.0,1,6,2,0,0,1
709,344,0.0,2.0178929999999995,10.060869,0.4096176631154151,0.958090277777778,10.32,1.3,1.0,2015-01-01,2016-12-09,770.0312554838523,808.32847602695,10.65251482026911,0.5326257410134555,10.119889079255653,0.0,0.0,380.6943654595168,0.0,96.81961537735286,5.355010768843969,5.5,0.0,0.0,0.0,0.0,0.0,1,6,2,0,0,1
710,345,0.0,3.4046129999999994,12.366291,0.4773774659049496,0.4678559027777778,10.32,1.3,1.0,2015-01-01,2016-12-10,770.6745105380618,808.9374458121379,8.678554742539879,0.43392773712699395,8.244627005412884,0.0,0.0,381.1362008216687,0.0,88.89967309656636,5.344597600483584,5.5,0.0,0.0,0.0,0.0,0.0,1,6,2,0,0,1
711,346,0.0,4.65555,12.626300999999998,0.5078434060654088,0.7289409722222222,4.3025,1.3,2.0,2015-01-01,2016-12-11,771.3164128046366,809.5450299568247,8.677991729222603,0.43389958646113014,8.244092142761472,0.0,0.0,381.5773321448613,0.0,88.89390581142042,5.3341924852845555,5.5,0.0,0.0,0.0,0.0,0.0,1,6,2,0,0,1
712,347,0.0,3.3526109999999996,13.016316,0.4892370876807367,0.9449479166666666,3.12,1.3,1.0,2015-01-01,2016-12-12,771.9569641716056,810.1512305712613,8.67742092222902,0.433871046111451,8.24354987611757,0.0,0.0,382.01775924880707,0.0,88.88805869094517,5.323795482898946,5.5,0.0,0.0,0.0,0.0,0.0,1,6,2,0,0,1
713,348,0.0,5.372021999999999,14.004354,0.5529104469596238,1.201779513888889,3.12,1.3,4.0,2015-01-01,2016-12-13,772.5961665275507,810.7560497686366,8.67684301781712,0.43384215089085604,8.243000866926264,0.0,0.0,382.457481959863,0.0,88.88213886733132,5.324515368713928,5.5,0.0,0.0,0.0,0.0,0.0,1,6,2,0,0,1
714,349,0.0,6.238721999999999,14.897055000000002,0.5934551926264521,1.4719097222222224,3.0708333333333333,1.3,1.0,2015-01-01,2016-12-14,773.2351081930454,811.3594896650288,8.67629969445003,0.43381498472250163,8.24248470972753,0.0,0.0,382.8974778642797,0.0,88.87657327822659,5.303092391059678,5.5,0.0,0.0,0.0,0.0,0.0,1,6,2,0,0,1
715,350,0.0,3.993969,10.43355,0.4516573672501419,1.1728819444444445,7.273750000000001,1.3,3.0,2015-01-01,2016-12-15,773.8716264301531,811.9615523793605,8.675705729547714,0.4337852864773857,8.241920443070327,0.0,0.0,383.3357970279262,0.0,88.87048893731806,5.2927197888166635,5.5,0.0,0.0,0.0,0.0,0.0,1,6,2,0,0,1
716,351,0.0,3.8206289999999994,9.601517999999999,0.4332175229407881,0.6431597222222222,3.3600000000000003,1.3,3.0,2015-01-01,2016-12-16,774.50680128591,812.5622400333505,8.675104191396086,0.4337552095698043,8.241348981826281,0.0,0.0,383.77341129694815,0.0,88.86432701904697,5.282355535665938,5.5,0.0,0.0,0.0,0.0,0.0,1,6,2,0,0,1
717,352,0.0,1.5614309999999998,11.542926,0.4275288706635524,0.5453125000000001,3.3600000000000003,1.3,4.0,2015-01-01,2016-12-17,775.1406346513191,813.1615547514702,8.674495134454087,0.4337247567227045,8.240770377731383,0.0,0.0,384.2103205241865,0.0,88.85808808126903,5.271999689301143,5.5,0.0,0.0,0.0,0.0,0.0,1,6,2,0,0,1
718,353,0.0,-0.07952100000000062,7.989456,0.3434514004557772,0.7635243055555556,3.3600000000000003,1.3,2.0,2015-01-01,2016-12-18,775.7731284179181,813.7594986608979,8.673878612970478,0.4336939306485239,8.240184682321955,0.0,0.0,384.64652456903207,0.0,88.85177267968713,5.261652307013661,5.5,0.0,0.0,0.0,0.0,0.0,1,6,2,0,0,1
719,354,0.0,2.0698949999999994,9.168168,0.3954336418338839,1.6482118055555555,3.3600000000000003,1.3,4.0,2015-01-01,2016-12-19,776.4042844777725,814.3560738914716,8.673254680997522,0.4336627340498761,8.239591946947645,0.0,0.0,385.08202329740527,0.0,88.84538136799112,5.251313445721367,5.5,0.0,0.0,0.0,0.0,0.0,1,6,2,0,0,1
720,355,0.0,1.9225559999999993,9.766191,0.402982477267151,0.8159114583333335,3.3600000000000003,1.3,4.0,2015-01-01,2016-12-20,777.0341047234742,814.951282575646,8.672623392379245,0.4336311696189623,8.238992222760283,0.0,0.0,385.516816581738,0.0,88.83891469773795,5.2409831619457705,5.5,0.0,0.0,0.0,0.0,0.0,1,6,2,0,0,1
721,356,0.0,0.9951869999999996,10.43355,0.3986119825368328,0.40111979166666667,3.3600000000000003,1.3,1.0,2015-01-01,2016-12-21,777.6625910481349,815.5451268484453,8.671984800771567,0.43359924003857836,8.238385560732988,0.0,0.0,385.95090430095377,0.0,88.83237321855745,5.230661511854826,5.5,0.0,0.0,0.0,0.0,0.0,1,6,2,0,0,1
722,357,0.0,2.5198567499999998,11.395586999999999,0.4421803910862335,0.5260937499999999,3.3600000000000003,1.3,6.0,2015-01-01,2016-12-22,778.2897453453858,816.1376088474221,8.671338959610985,0.4335669479805493,8.237772011630435,0.0,0.0,386.38428634044976,0.0,88.82575747783204,5.220348551198247,5.5,0.0,0.0,0.0,0.0,0.0,1,6,2,0,0,1
723,358,0.0,1.8358859999999995,11.256915,0.4273232603452402,0.4236111111111111,3.3600000000000003,1.3,0.0,2015-01-01,2016-12-23,778.9155695093684,816.7287307126096,8.670685922143873,0.4335342961071937,8.23715162603668,0.0,0.0,386.8169625920756,0.0,88.81906802099641,5.210044335370161,5.5,0.0,0.0,0.0,0.0,0.0,1,6,2,0,0,1
724,359,0.0,2.841258,9.835526999999999,0.4199792418273714,1.1423263888888888,6.0475,1.3,6.0,2015-01-01,2016-12-24,779.5400654347344,817.3184945864793,8.670025741409912,0.43350128707049573,8.236524454339417,0.0,0.0,387.24893295411533,0.0,88.81230539136797,5.199748919374892,5.5,0.0,0.0,0.0,0.0,0.0,1,6,2,0,0,1
725,360,0.0,7.798781999999999,10.329546,0.525650575192478,1.340190972222222,15.877083333333337,1.3,7.0,2015-01-01,2016-12-25,780.1632350166376,817.9069026138966,8.66935847025026,0.43346792351251306,8.235890546737748,0.0,0.0,387.6801973312672,0.0,88.80547013023066,5.189462357845535,5.5,0.0,0.0,0.0,0.0,0.0,1,6,2,0,0,1
726,361,0.0,5.822705999999999,12.106281,0.5214082194544272,0.7298958333333334,3.6,1.3,6.0,2015-01-01,2016-12-26,780.7850801507316,818.4939569420778,8.668684161298655,0.43343420806493277,8.235249953233723,0.0,0.0,388.11075563462447,0.0,88.79856277674357,5.179184705026172,5.5,0.0,0.0,0.0,0.0,0.0,1,6,2,0,0,1
727,362,0.0,5.3373539999999995,9.6231855,0.4617121174169082,0.987404513888889,9.700833333333332,1.3,8.0,2015-01-01,2016-12-27,781.4056027331634,819.079659720546,8.668002866992563,0.4334001433496282,8.234602723642935,0.0,0.0,388.5406077816551,0.0,88.7915838680553,5.168916014795541,5.5,0.0,0.0,0.0,0.0,0.0,1,6,2,0,0,1
728,363,0.0,3.1532699999999996,11.074908,0.4479470476311507,0.8849826388888888,8.424166666666666,1.3,3.0,2015-01-01,2016-12-28,782.0248046605685,819.6640131010881,8.667314639566907,0.4333657319783455,8.233948907588562,0.0,0.0,388.9697536961827,0.0,88.78453393923976,5.15865634065584,5.5,0.0,0.0,0.0,0.0,0.0,1,6,2,0,0,1
729,364,0.0,3.023265,13.146321,0.4852553023646834,0.994392361111111,6.48,1.3,3.0,2015-01-01,2016-12-29,782.6426878300674,820.247019237713,8.666620743704485,0.43333103718522425,8.23328970651926,0.0,0.0,389.39819330836616,0.0,88.7774259452059,5.1591916337622585,5.5,0.0,0.0,0.0,0.0,0.0,1,6,2,0,0,1
730,365,0.0,6.715407,15.919761000000001,0.6300532827773128,0.29779513888888887,6.48,1.3,3.0,2015-01-01,2016-12-30,783.2603090264917,820.8286802866069,8.66595832579292,0.433297916289646,8.232660409503273,0.0,0.0,389.8268758889139,0.0,88.7706403988173,5.138225817193931,5.5,0.0,0.0,0.0,0.0,0.0,1,6,2,0,0,1
731,366,0.0,10.104204,14.983725,0.694218807579173,0.9689409722222222,6.48,1.3,4.0,2015-01-01,2016-12-31,783.8755679961365,821.4089984060925,8.66524951238205,0.4332624756191026,8.231987036762948,0.0,0.0,390.2539080702047,0.0,88.76337959533306,5.127993242367667,5.5,0.0,0.0,0.0,0.0,0.0,1,6,2,0,0,1
732,1,0.0,7.127811749999999,15.183066,0.6219735407909153,0.5538541666666666,6.206250000000001,1.3,5.0,2015-01-01,2017-01-01,784.4895138664938,821.987975756587,8.66453397327953,0.4332266986639766,8.231307274615554,0.0,0.0,390.68023375858013,0.0,88.75604989653083,5.117769895333927,5.5,0.0,0.0,0.0,0.0,0.0,1,6,2,0,0,1
733,2,0.0,6.348503999999999,13.371663000000002,0.5606352182674423,0.8697829861111112,5.76,1.3,1.0,2015-01-01,2017-01-02,785.1021485367803,822.5656145005587,8.663811759711464,0.43319058798557325,8.230621171725891,0.0,0.0,391.1058529094264,0.0,88.74865182715041,5.107555827728737,5.5,0.0,0.0,0.0,0.0,0.0,1,6,2,0,0,1
734,3,0.0,3.6992909999999997,12.123615000000001,0.4783985636808638,0.6066753472222222,5.76,1.3,0.0,2015-01-01,2017-01-03,785.7134739066678,823.1419168024868,8.663082922695603,0.43315414613478015,8.229928776560822,0.0,0.0,391.5307654843649,0.0,88.74118590979745,5.097351090803709,5.5,0.0,0.0,0.0,0.0,0.0,1,6,2,0,0,1
735,4,0.0,1.8192742499999994,11.482257,0.4310505941557982,0.4959114583333333,5.76,1.3,0.0,2015-01-01,2017-01-04,786.3234918762754,823.7168848288193,8.662347513049816,0.43311737565249087,8.229230137397325,0.0,0.0,391.95497145123045,0.0,88.73365266503006,5.087155735445599,5.5,0.0,0.0,0.0,0.0,0.0,1,6,2,0,0,1
736,5,0.0,-0.36553200000000086,12.192951,0.4053306861249968,0.5659461805555556,5.76,1.3,0.0,2015-01-01,2017-01-05,786.9322043461648,824.2905207479316,8.66160558139135,0.4330802790695676,8.228525302321783,0.0,0.0,392.3784707840513,0.0,88.72605261135129,5.07696981217472,5.5,0.0,0.0,0.0,0.0,0.0,1,6,2,0,0,1
737,6,0.0,2.173898999999999,13.03365,0.4664382949649117,0.3682378472222222,5.76,1.3,0.0,2015-01-01,2017-01-06,787.5396132173333,824.862826730086,8.660857178136025,0.4330428589068013,8.227814319229223,0.0,0.0,392.8012634630285,0.0,88.71838626520075,5.06679337114516,5.5,0.0,0.0,0.0,0.0,0.0,1,6,2,0,0,1
738,7,0.0,2.7892559999999995,13.319661,0.4840491469277941,0.471328125,5.76,1.3,0.0,2015-01-01,2017-01-07,788.1457203912081,825.4338049473909,8.660102353496564,0.4330051176748283,8.227097235821736,0.0,0.0,393.22334947451566,0.0,88.71065414093766,5.056626462141224,5.5,0.0,0.0,0.0,0.0,0.0,1,6,2,0,0,1
739,8,0.0,4.1846429999999994,13.796346,0.522511998165391,0.44469618055555554,5.76,1.3,0.0,2015-01-01,2017-01-08,788.7505277696391,826.0034575737595,8.659341157491724,0.4329670578745862,8.226374099617138,0.0,0.0,393.64472881099766,0.0,88.70285675093434,5.046469134597611,5.5,0.0,0.0,0.0,0.0,0.0,1,6,2,0,0,1
740,9,0.0,4.045971,13.588338,0.5151922469370643,1.1002256944444444,5.643750000000001,1.3,1.0,2015-01-01,2017-01-09,789.3540372548944,826.5717867848714,8.658573639926988,0.43292868199634943,8.225644957930639,0.0,0.0,394.06540147107125,0.0,88.69499460537841,5.036321437560349,5.5,0.0,0.0,0.0,0.0,0.0,1,6,2,0,0,1
741,10,0.0,6.431562749999999,14.671713,0.592683083924762,0.4926822916666667,4.025,1.3,1.0,2015-01-01,2017-01-10,789.9562507496504,827.1387947581302,8.657799850418872,0.43288999252094373,8.224909857897929,0.0,0.0,394.48536745942226,0.0,88.68706821252184,5.026183419737515,5.5,0.0,0.0,0.0,0.0,0.0,1,6,2,0,0,1
742,11,0.0,5.7360359999999995,14.715048,0.5773754561751416,0.2925347222222222,3.6,1.3,3.0,2015-01-01,2017-01-11,790.5571701569884,827.7044836726254,8.657019838376986,0.4328509919188493,8.224168846458136,0.0,0.0,394.9046267868066,0.0,88.67907807849693,5.016055129463125,5.5,0.0,0.0,0.0,0.0,0.0,1,6,2,0,0,1
743,12,0.0,3.057933,13.961019,0.5024222873742116,0.4915104166666666,3.6,1.3,1.0,2015-01-01,2017-01-12,791.1567973803858,828.2688557090923,8.656233653010519,0.43281168265052605,8.223421970359993,0.0,0.0,395.3231794700284,0.0,88.67102470738325,5.005936614711767,5.5,0.0,0.0,0.0,0.0,0.0,1,6,2,0,0,1
744,13,0.0,3.257274,11.222247,0.4526297300851195,0.37466145833333336,3.6,1.3,1.0,2015-01-01,2017-01-13,791.7551343237092,828.8319130498724,8.65544144805477,0.43277207240273863,8.222669375652032,0.0,0.0,395.74102553191904,0.0,88.66290967398416,5.0063101147931235,5.5,0.0,0.0,0.0,0.0,0.0,1,6,2,0,0,1
745,14,0.0,1.2898649999999998,10.034868,0.3968755534666019,0.944236111111111,3.6,1.3,3.0,2015-01-01,2017-01-14,792.3532080245525,829.3936578788746,8.654681199925786,0.43273405999628944,8.221947139929497,0.0,0.0,396.15908761592857,0.0,88.65512199364517,4.985786472585211,5.5,0.0,0.0,0.0,0.0,0.0,1,6,2,0,0,1
746,15,0.0,2.1218969999999997,9.237504,0.3974536185459161,0.6577690972222222,3.6,1.3,7.0,2015-01-01,2017-01-15,792.9489772082535,829.9540923815366,8.653876698102989,0.43269383490514945,8.22118286319784,0.0,0.0,396.5755255527551,0.0,88.64688099601669,4.975697324743964,5.5,0.0,0.0,0.0,0.0,0.0,1,6,2,0,0,1
747,16,0.0,4.4114295,11.924274,0.4885714605716628,0.6208680555555556,3.6,1.3,2.0,2015-01-01,2017-01-16,793.5434617933447,830.5132187447857,8.653066218260905,0.43265331091304526,8.22041290734786,0.0,0.0,396.9912569552391,0.0,88.63857876192932,4.965618142061837,5.5,0.0,0.0,0.0,0.0,0.0,1,6,2,0,0,1
748,17,0.0,3.5346179999999996,13.38033,0.5002918092375734,0.35708333333333336,3.6,1.3,4.0,2015-01-01,2017-01-17,794.1366636853738,831.0710391570005,8.652249808606724,0.4326124904303362,8.219637318176387,0.0,0.0,397.4062818701895,0.0,88.63021578519843,4.955548970723764,5.5,0.0,0.0,0.0,0.0,0.0,1,6,2,0,0,1
749,18,0.0,4.427319,12.669636,0.5040253967869062,0.469296875,3.6,1.3,4.0,2015-01-01,2017-01-18,794.7285847902415,831.6275558079728,8.65142751714749,0.4325713758573745,8.218856141290114,0.0,0.0,397.8206003503367,0.0,88.6217925575891,4.94548985655921,5.5,0.0,0.0,0.0,0.0,0.0,1,6,2,0,0,1
750,19,0.0,4.418652,12.903645,0.508681989853352,0.5198524305555555,3.6,1.3,0.0,2015-01-01,2017-01-19,795.3192270141926,832.1827708888695,8.65059939169229,0.43252996958461454,8.218069422107677,0.0,0.0,398.2342124543106,0.0,88.6133095688388,4.935440845049202,5.5,0.0,0.0,0.0,0.0,0.0,1,6,2,0,0,1
751,20,0.0,4.669995,12.530964,0.50616989775956,0.4589149305555556,3.73125,1.3,3.0,2015-01-01,2017-01-20,795.90859226381,832.7366865921956,8.649765479848806,0.43248827399244033,8.217277205856366,0.0,0.0,398.64711824662015,0.0,88.60476730662162,4.9254019813176,5.5,0.0,0.0,0.0,0.0,0.0,1,6,2,0,0,1
752,21,0.0,6.273389999999999,10.095537,0.4892370876807367,0.2897222222222222,8.45875,1.3,6.0,2015-01-01,2017-01-21,796.496682446005,833.2893051117553,8.648925829025158,0.4324462914512579,8.2164795375739,0.0,0.0,399.0593177976309,0.0,88.59616625656753,4.915373310138125,5.5,0.0,0.0,0.0,0.0,0.0,1,6,2,0,0,1
753,22,0.0,2.6592509999999994,10.615556999999999,0.4305717942632265,0.47890625,5.79625,1.3,4.0,2015-01-01,2017-01-22,797.0834994680114,833.8406286426157,8.648080486434354,0.43240402432171776,8.215676462112636,0.0,0.0,399.4708111835438,0.0,88.58750690230792,4.905354875942692,5.5,0.0,0.0,0.0,0.0,0.0,1,6,2,0,0,1
754,23,0.0,0.3104939999999994,8.934159,0.3635230440160137,0.8734635416666668,2.88,1.3,1.0,2015-01-01,2017-01-23,797.6690452373763,834.3906593810698,8.647229499088215,0.4323614749544109,8.214868024133805,0.0,0.0,399.8815984863744,0.0,88.57878972541323,4.895346722809835,5.5,0.0,0.0,0.0,0.0,0.0,1,6,2,0,0,1
755,24,0.0,-0.2528610000000002,8.691483,0.3512813807840039,0.641701388888889,2.88,1.3,2.0,2015-01-01,2017-01-24,798.2533216619538,834.9393995245991,8.646372913797475,0.43231864568987377,8.214054268107601,0.0,0.0,400.29167979393037,0.0,88.570015205394,4.885348894465711,5.5,0.0,0.0,0.0,0.0,0.0,1,6,2,0,0,1
756,25,0.0,1.177194,9.670853999999999,0.3890022016547007,0.9354427083333332,5.4245833333333335,1.3,4.0,2015-01-01,2017-01-25,798.8363306498946,835.4868512718372,8.645510777181734,0.4322755388590868,8.213235238322648,0.0,0.0,400.70105519978983,0.0,88.56118381980305,4.875361434305874,5.5,0.0,0.0,0.0,0.0,0.0,1,6,2,0,0,1
757,26,0.0,7.859451,13.042317,0.5879157425649308,0.9702690972222222,20.10375,1.3,7.0,2015-01-01,2017-01-26,799.418074109641,836.0330168225337,8.644643135652203,0.4322321567826102,8.212410978869592,0.0,0.0,401.10972480328076,0.0,88.55229604405825,4.865384385358978,5.5,0.0,0.0,0.0,0.0,0.0,1,6,2,0,0,1
758,27,0.0,6.342726,8.240798999999999,0.4545800046632139,0.7593663194444444,14.452916666666663,1.3,7.0,2015-01-01,2017-01-27,799.998553949915,836.5778983775169,8.643770035434084,0.4321885017717042,8.211581533662379,0.0,0.0,401.5176887094575,0.0,88.54335235167237,4.855417790335003,5.5,0.0,0.0,0.0,0.0,0.0,1,6,2,0,0,1
759,28,0.0,4.279979999999999,9.714189,0.443625831953569,1.048559027777778,19.40375,1.3,5.0,2015-01-01,2017-01-28,800.5777720797142,837.1214981386597,8.642891522545353,0.4321445761272677,8.210746946418086,0.0,0.0,401.92494702908084,0.0,88.53435321403526,4.845461691581767,5.5,0.0,0.0,0.0,0.0,0.0,1,6,2,0,0,1
760,29,0.0,0.24115799999999954,6.854079,0.3316878222513268,0.5282899305555556,40.32,1.3,3.0,2015-01-01,2017-01-29,801.1557304083003,837.6638183088423,8.642009160810316,0.43210045804051583,8.2099087027698,0.0,0.0,402.33149987859485,0.0,88.52531465034295,4.8456817021366785,5.5,0.0,0.0,0.0,0.0,0.0,1,6,2,0,0,1
761,30,0.0,-0.5735400000000004,7.2787619999999995,0.3261836732421746,0.5034027777777778,40.32,1.3,1.0,2015-01-01,2017-01-30,801.7334250787378,838.2048610919169,8.641154177340068,0.4320577088670035,8.209096468473065,0.0,0.0,402.738242114328,0.0,88.51655653873767,4.825634324940454,5.5,0.0,0.0,0.0,0.0,0.0,1,6,2,0,0,1
762,31,0.0,3.6299549999999994,9.670853999999999,0.4310376474348044,1.1166319444444444,39.61416666666666,1.3,6.0,2015-01-01,2017-01-31,802.3088760878979,838.7446286926734,8.640259618910656,0.43201298094553287,8.208246637965123,0.0,0.0,403.1433890840147,0.0,88.50739303694506,4.815709743487904,5.5,0.0,0.0,0.0,0.0,0.0,1,6,2,0,0,1
763,32,0.0,2.8975934999999997,9.800858999999999,0.420358970847334,0.65671875,6.840833333333333,1.3,5.0,2015-01-01,2017-02-01,802.8830729958033,839.2831233168031,8.639359830340938,0.4319679915170469,8.207391838823892,0.0,0.0,403.5478309507279,0.0,88.4981759596693,4.805795825488497,5.5,0.0,0.0,0.0,0.0,0.0,1,6,2,0,0,1
764,33,0.0,-1.483575000000001,4.271312999999999,0.275223503371001,1.2607725694444445,8.64,1.3,4.0,2015-01-01,2017-02-02,803.4560177128624,839.8203471708641,8.638454856667583,0.43192274283337917,8.206532113834204,0.0,0.0,403.9515678534983,0.0,88.48890576824812,4.795892611598008,5.5,0.0,0.0,0.0,0.0,0.0,1,6,2,0,0,1
765,34,0.0,-2.0469300000000006,6.438063,0.2951579793467768,0.941953125,8.64,1.3,0.0,2015-01-01,2017-02-03,804.027712149705,840.3563024622472,8.63754474272981,0.4318772371364905,8.20566750559332,0.0,0.0,404.35459993693024,0.0,88.4795829219968,4.78600014213467,5.5,0.0,0.0,0.0,0.0,0.0,1,6,2,0,0,1
766,35,0.0,-2.185602000000001,7.686111,0.3096891796227571,0.38390625,8.64,1.3,0.0,2015-01-01,2017-02-04,804.5981582171743,840.8909913991411,8.636629533168447,0.43183147665842236,8.204798056510025,0.0,0.0,404.7569273511797,0.0,88.47020787819815,4.776118457076532,5.5,0.0,0.0,0.0,0.0,0.0,1,6,2,0,0,1
767,36,0.0,-0.07952100000000062,8.388138,0.3493414706074711,0.6084809027777778,8.64,1.3,4.0,2015-01-01,2017-02-05,805.1673578263169,841.424416190498,8.635709272429546,0.4317854636214774,8.203923808808069,0.0,0.0,405.15855025193196,0.0,88.46078109214,4.766247596069773,5.5,0.0,0.0,0.0,0.0,0.0,1,6,2,0,0,1
768,37,0.0,3.4566149999999998,11.204913,0.4560475777876542,0.4611284722222222,8.64,1.3,1.0,2015-01-01,2017-02-06,805.7353128883735,841.9565790459994,8.634784004766521,0.43173920023832607,8.203044804528195,0.0,0.0,405.5594688003793,0.0,88.45130301713674,4.756387598434462,5.5,0.0,0.0,0.0,0.0,0.0,1,6,2,0,0,1
769,38,0.0,1.5412079999999992,11.950275,0.4344675346567914,0.6156336805555556,8.64,1.3,0.0,2015-01-01,2017-02-07,806.302025314772,842.4874821760231,8.633853774236563,0.4316926887118282,8.202161085524734,0.0,0.0,405.95968316319943,0.0,88.44177410449274,4.746538503156777,5.5,0.0,0.0,0.0,0.0,0.0,1,6,2,0,0,1
770,39,0.0,3.3439439999999996,12.94698,0.4876755759712905,0.86515625,8.64,1.3,0.0,2015-01-01,2017-02-08,806.8674970171173,843.0171277916093,8.632918624699107,0.43164593123495537,8.201272693464151,0.0,0.0,406.3591935125332,0.0,88.43219480348668,4.736700348886517,5.5,0.0,0.0,0.0,0.0,0.0,1,6,2,0,0,1
771,40,0.0,6.334059,11.326251,0.5157380723937639,0.4980555555555556,8.640416666666667,1.3,8.0,2015-01-01,2017-02-09,807.4317299071816,843.545518104426,8.63197859982205,0.4315989299911026,8.200379669830948,0.0,0.0,406.75800002596145,0.0,88.42256556143522,4.726873173951388,5.5,0.0,0.0,0.0,0.0,0.0,1,6,2,0,0,1
772,41,0.0,1.9391677499999997,10.615556999999999,0.4178457606909176,0.7581944444444444,11.28,1.3,2.0,2015-01-01,2017-02-10,807.9947258968969,844.0726553267377,8.631033743078529,0.43155168715392644,8.199482055924602,0.0,0.0,407.1561028864837,0.0,88.41288682365985,4.717057016349836,5.5,0.0,0.0,0.0,0.0,0.0,1,6,2,0,0,1
773,42,0.0,0.8565149999999999,8.596146,0.3667428169710885,0.3503993055555556,11.28,1.3,7.0,2015-01-01,2017-02-11,808.5564868983441,844.5985416713713,8.630084097747153,0.43150420488735763,8.198579892859795,0.0,0.0,407.55350228249586,0.0,88.40315903348954,4.707251913752617,5.5,0.0,0.0,0.0,0.0,0.0,1,6,2,0,0,1
774,43,0.0,5.086010999999999,7.928787,0.4259376748396415,0.763828125,9.683333333333332,1.3,7.0,2015-01-01,2017-02-12,809.1170148237455,845.1231793516833,8.629129706915794,0.43145648534578984,8.197673221570005,0.0,0.0,407.95019840776695,0.0,88.39338263229935,4.697457903511092,5.5,0.0,0.0,0.0,0.0,0.0,1,6,2,0,0,1
775,44,0.0,3.0044864999999996,5.892042,0.3581903246260113,0.6485763888888889,9.36,1.3,7.0,2015-01-01,2017-02-13,809.6763115854548,845.6465705815283,8.628171912446751,0.4314085956223376,8.196763316824413,0.0,0.0,408.34619146141824,0.0,88.3835713655945,4.697543999399967,5.5,0.0,0.0,0.0,0.0,0.0,1,6,2,0,0,1
776,45,0.0,2.7632549999999996,8.050125,0.3884350202436276,0.5199913194444444,9.36,1.3,1.0,2015-01-01,2017-02-14,810.2353443126813,846.168717575225,8.627240381432852,0.43136201907164273,8.19587836236121,0.0,0.0,408.74235027968234,0.0,88.37402913130877,4.677952802180885,5.5,0.0,0.0,0.0,0.0,0.0,1,6,2,0,0,1
777,46,0.0,4.1673089999999995,9.722856,0.4417171420405221,1.6480208333333333,9.014583333333333,1.3,4.0,2015-01-01,2017-02-15,810.7921905732713,846.6896225475255,8.626271935868777,0.4313135967934389,8.194958339075338,0.0,0.0,409.1369421988112,0.0,88.36410875901035,4.668192086149684,5.5,0.0,0.0,0.0,0.0,0.0,1,6,2,0,0,1
778,47,0.0,5.6652555,11.308917,0.501504018556995,0.6398871527777777,6.585416666666666,1.3,5.0,2015-01-01,2017-02-16,811.3478113811897,847.2092877135822,8.625298915590996,0.4312649457795498,8.194033969811446,0.0,0.0,409.5308316606797,0.0,88.35414152515895,4.6584426096778655,5.5,0.0,0.0,0.0,0.0,0.0,1,6,2,0,0,1
779,48,0.0,0.6571739999999995,7.443434999999999,0.3462573315406501,1.0261631944444445,3.6,1.3,6.0,2015-01-01,2017-02-17,811.9022086493735,847.7277152889176,8.624321362714058,0.431216068135703,8.193105294578356,0.0,0.0,409.92401888565485,0.0,88.34412786115931,4.648704408484874,5.5,0.0,0.0,0.0,0.0,0.0,1,6,2,0,0,1
780,49,0.0,-2.4282779999999997,5.536695,0.279112089386643,0.98453125,3.6,1.3,2.0,2015-01-01,2017-02-18,812.4553842908427,848.2449074893909,8.623339319166902,0.43116696595834514,8.192172353208557,0.0,0.0,410.31650409934133,0.0,88.33406819651482,4.638977517984472,5.5,0.0,0.0,0.0,0.0,0.0,1,6,2,0,0,1
781,50,0.0,-2.237604,7.608108,0.3079541503426773,0.5346440972222222,3.6,1.3,0.0,2015-01-01,2017-02-19,813.0073402186907,848.7608665311682,8.62235282668689,0.43111764133434455,8.191235185352546,0.0,0.0,410.7082875325607,0.0,88.32396295876649,4.629261973272883,5.5,0.0,0.0,0.0,0.0,0.0,1,6,2,0,0,1
782,51,0.0,1.0385219999999995,9.601517999999999,0.3856100686874451,0.4978298611111111,3.6,1.3,0.0,2015-01-01,2017-02-20,813.5580783460755,849.2755946306906,8.621361926816235,0.4310680963408118,8.190293830475422,0.0,0.0,411.0993694213282,0.0,88.31381257345623,4.619557809121439,5.5,0.0,0.0,0.0,0.0,0.0,1,6,2,0,0,1
783,52,0.0,1.4892059999999994,10.814898,0.4134951844438598,0.5193315972222222,3.6,1.3,0.0,2015-01-01,2017-02-21,814.1076005862083,849.789094004643,8.62036666091295,0.4310183330456475,8.189348327867302,0.0,0.0,411.4897500068302,0.0,88.3036174642392,4.60986506000086,5.5,0.0,0.0,0.0,0.0,0.0,1,6,2,0,0,1
784,53,0.0,1.9572239999999992,11.265582,0.429641422418403,0.4903819444444444,3.6,1.3,0.0,2015-01-01,2017-02-22,814.6559088523464,850.3013668699243,8.619367070137022,0.4309683535068512,8.188398716630171,0.0,0.0,411.87942953540215,0.0,88.29337805274199,4.600183760051551,5.5,0.0,0.0,0.0,0.0,0.0,1,6,2,0,0,1
785,54,0.0,3.6819569999999997,11.56026,0.4671050253655666,0.3921440972222222,3.6,1.3,2.0,2015-01-01,2017-02-23,815.203005057781,850.8124154436164,8.618363195467154,0.43091815977335773,8.187445035693797,0.0,0.0,412.268408258505,0.0,88.28309475873405,4.590513943119864,5.5,0.0,0.0,0.0,0.0,0.0,1,6,2,0,0,1
786,55,0.0,2.6505839999999994,13.579671000000001,0.4864641103770806,0.5525173611111112,3.6,1.3,0.0,2015-01-01,2017-02-24,815.7488911158291,851.3222419429537,8.617355077681252,0.4308677538840627,8.18648732379719,0.0,0.0,412.6566864327042,0.0,88.27276799992822,4.5808556427174985,5.5,0.0,0.0,0.0,0.0,0.0,1,6,2,0,0,1
787,56,0.0,5.042675999999999,15.148398,0.5713706124967257,0.7314756944444444,3.6,1.3,0.0,2015-01-01,2017-02-25,816.2935689398225,851.8308485852929,8.616342757378707,0.4308171378689354,8.185525619509772,0.0,0.0,413.0442643196448,0.0,88.26239819220848,4.571208892068957,5.5,0.0,0.0,0.0,0.0,0.0,1,6,2,0,0,1
788,57,0.0,2.550913499999999,16.318443,0.541689329489794,0.5363888888888888,3.6,1.3,0.0,2015-01-01,2017-02-26,816.8370404430993,852.3382375880838,8.615326274965232,0.43076631374826163,8.184559961216971,0.0,0.0,413.43114218603125,0.0,88.251985749475,4.56157372407919,5.5,0.0,0.0,0.0,0.0,0.0,1,6,2,0,0,1
789,58,0.0,2.4945779999999993,14.489705999999998,0.5017112400021139,0.4881857638888889,3.6,1.3,1.0,2015-01-01,2017-02-27,817.3793075389929,852.8444111688389,8.614305670652545,0.4307152835326273,8.183590387119917,0.0,0.0,413.81732030360337,0.0,88.24153108364058,4.55195017133453,5.5,0.0,0.0,0.0,0.0,0.0,1,6,2,0,0,1
790,59,0.0,5.476025999999999,16.84713,0.6222777842904043,0.4936371527777778,3.6,1.3,0.0,2015-01-01,2017-02-28,817.9203721408218,853.3493715451034,8.613282420315365,0.43066412101576823,8.182618299299596,0.0,0.0,414.2027989491132,0.0,88.23104931298062,4.551914672871936,5.5,0.0,0.0,0.0,0.0,0.0,1,6,2,0,0,1
791,60,0.0,6.351393,16.812462,0.6434239650040806,0.6597395833333332,3.6,1.3,2.0,2015-01-01,2017-03-01,818.4611727716065,853.8531209344276,8.612283688877362,0.4306141844438681,8.181669504433494,0.0,0.0,414.58842128493745,0.0,88.22081870420027,4.53278408477161,5.5,0.0,0.0,0.0,0.0,0.0,1,6,2,0,0,1
792,61,0.0,9.402177,14.983725,0.6752907765868653,1.0369357638888885,3.6229166666666655,1.3,7.0,2015-01-01,2017-03-02,818.999843779182,854.3556615543355,8.611250889807973,0.43056254449039866,8.180688345317574,0.0,0.0,414.97250594415846,0.0,88.21023912011434,4.523195383644867,5.5,0.0,0.0,0.0,0.0,0.0,1,6,2,0,0,1
793,62,0.0,9.211503,13.891683,0.6418770355213512,0.588046875,5.608750000000001,1.3,3.0,2015-01-01,2017-03-03,819.5373180080927,854.856995622298,8.610214128164525,0.4305107064082263,8.1797034217563,0.0,0.0,415.35589197764557,0.0,88.19961894499117,4.513618426037813,5.5,0.0,0.0,0.0,0.0,0.0,1,6,2,0,0,1
794,63,0.0,8.821488,15.070395000000001,0.6622449042698837,0.35171875,5.074166666666667,1.3,4.0,2015-01-01,2017-03-04,820.0735973716352,855.357125355702,8.609173443228189,0.43045867216140954,8.17871477106678,0.0,0.0,415.73857968203384,0.0,88.18895858121158,4.5040532430278075,5.5,0.0,0.0,0.0,0.0,0.0,1,6,2,0,0,1
795,64,0.0,5.380688999999999,12.799641000000001,0.5267622728218179,1.224930555555556,6.0,1.3,4.0,2015-01-01,2017-03-05,820.6086837830412,855.856052971824,8.608128874085255,0.43040644370426273,8.177722430380992,0.0,0.0,416.12056935885823,0.0,88.17825842915994,4.4944998653740145,5.5,0.0,0.0,0.0,0.0,0.0,1,6,2,0,0,1
796,65,0.0,4.9112265,9.783525000000001,0.4566739249541163,0.5821180555555556,4.504166666666666,1.3,5.0,2015-01-01,2017-03-06,821.1425791554672,856.3537806877998,8.607080459643237,0.43035402298216185,8.176726436661076,0.0,0.0,416.5018613145296,0.0,88.16751888738945,4.484958323550586,5.5,0.0,0.0,0.0,0.0,0.0,1,6,2,0,0,1
797,66,0.0,4.1413079999999995,12.825641999999998,0.5013560494921371,0.43008680555555556,3.6,1.3,1.0,2015-01-01,2017-03-07,821.6752854019836,856.8503107205979,8.606028238618766,0.4303014119309383,8.175726826687827,0.0,0.0,416.8824558603128,0.0,88.15674035249786,4.475428647722191,5.5,0.0,0.0,0.0,0.0,0.0,1,6,2,0,0,1
798,67,0.0,4.808667,13.978352999999998,0.5398861834714468,0.3502256944444444,3.6,1.3,1.0,2015-01-01,2017-03-08,822.2068044355652,857.3456452869898,8.604972249545572,0.43024861247727864,8.174723637068293,0.0,0.0,417.26235331230345,0.0,88.1459232192095,4.4659108677618855,5.5,0.0,0.0,0.0,0.0,0.0,1,6,2,0,0,1
799,68,0.0,4.461987,15.226401,0.5599171935146969,0.6129774305555555,3.6,1.3,1.0,2015-01-01,2017-03-09,822.7371381690809,857.8397866035243,8.603912530771872,0.4301956265385937,8.17371690423328,0.0,0.0,417.6415539914055,0.0,88.13506788034826,4.45640501324408,5.5,0.0,0.0,0.0,0.0,0.0,1,6,2,0,0,1
800,69,0.0,3.6732899999999997,16.855797,0.5791877252095009,0.7099826388888889,3.6,1.3,0.0,2015-01-01,2017-03-10,823.2662885152833,858.332736886498,8.602849120460773,0.43014245602303874,8.172706664437735,0.0,0.0,418.0200582233083,0.0,88.12417472684183,4.4469111134472685,5.5,0.0,0.0,0.0,0.0,0.0,1,6,2,0,0,1
801,70,0.0,9.896196,16.084433999999998,0.7189613589494692,1.8469704861111111,5.90625,1.3,5.0,2015-01-01,2017-03-11,823.7942573867986,858.8244983519285,8.601782056590284,0.43008910282951424,8.17169295376077,0.0,0.0,418.39786633846376,0.0,88.11324414772197,4.437429197354356,5.5,0.0,0.0,0.0,0.0,0.0,1,6,2,0,0,1
802,71,0.0,9.04683,18.259851,0.7571475310050615,0.65765625,8.170833333333333,1.3,1.0,2015-01-01,2017-03-12,824.3210466961153,859.3150732155275,8.600711376961737,0.43003556884808686,8.17067580811365,0.0,0.0,418.7749786720637,0.0,88.10227653021042,4.4279592936695344,5.5,0.0,0.0,0.0,0.0,0.0,1,6,2,0,0,1
803,72,0.0,9.454179,16.197105,0.7097441544076452,0.9559375,7.122916666666667,1.3,6.0,2015-01-01,2017-03-13,824.8466583555771,859.8044636926741,8.599637119178494,0.42998185595892474,8.16965526321957,0.0,0.0,419.1513955640179,0.0,88.09127225950118,4.418501430775144,5.5,0.0,0.0,0.0,0.0,0.0,1,6,2,0,0,1
804,73,0.0,8.734818,16.023765,0.685281614422998,1.0815190972222224,3.80375,1.3,4.0,2015-01-01,2017-03-14,825.3710942773675,860.2926719983857,8.598559508368568,0.4299279754184284,8.16863153295014,0.0,0.0,419.5271173589291,0.0,88.08023364171638,4.418359927509942,5.5,0.0,0.0,0.0,0.0,0.0,1,6,2,0,0,1
805,74,0.0,7.339430999999999,18.025842,0.7018242840582439,0.4109201388888889,4.32,1.3,1.0,2015-01-01,2017-03-15,825.8952663149629,860.7797003472942,8.59750761001281,0.4298753805006406,8.16763222951217,0.0,0.0,419.902963344694,0.0,88.06945841211514,4.399664963580891,5.5,0.0,0.0,0.0,0.0,0.0,1,6,2,0,0,1
806,75,0.0,10.199541,17.904504,0.780958281509898,1.248376736111111,8.278333333333332,1.3,6.0,2015-01-01,2017-03-16,826.4173617721364,861.265550953618,8.596422778539495,0.42982113892697477,8.16660163961252,0.0,0.0,420.27729985610404,0.0,88.05834582871806,4.390243218507813,5.5,0.0,0.0,0.0,0.0,0.0,1,6,2,0,0,1
807,76,0.0,9.731523,16.517784,0.7265585134791882,0.4640885416666667,3.905,1.3,1.0,2015-01-01,2017-03-17,826.9382872047797,861.7502260311358,8.595334517843272,0.4297667258921636,8.165567791951108,0.0,0.0,420.6509423193979,0.0,88.04719811772145,4.38083362579426,5.5,0.0,0.0,0.0,0.0,0.0,1,6,2,0,0,1
808,77,0.0,9.566849999999999,17.063805,0.7374628451825166,0.9588454861111112,2.4000000000000004,1.3,6.0,2015-01-01,2017-03-18,827.4580445244659,862.2337277931599,8.594242864625711,0.42971214323128565,8.164530721394426,0.0,0.0,421.02389109778164,0.0,88.03601565508164,4.371436212398888,5.5,0.0,0.0,0.0,0.0,0.0,1,6,2,0,0,1
809,78,0.0,11.430254999999999,17.081139,0.7933747046338451,0.8436631944444444,6.483333333333333,1.3,8.0,2015-01-01,2017-03-19,827.9766356425578,862.716058452512,8.593147855404846,0.4296573927702423,8.163490462634604,0.0,0.0,421.3961465590422,0.0,88.0247988148749,4.362051004989305,5.5,0.0,0.0,0.0,0.0,0.0,1,6,2,0,0,1
810,79,0.0,9.514848,16.769127,0.7275439189539374,0.6585937500000001,3.7066666666666666,1.3,3.0,2015-01-01,2017-03-20,828.4940624701978,863.1972202214952,8.592049526519196,0.4296024763259599,8.162447050193236,0.0,0.0,421.76770907552384,0.0,88.01354796933856,4.3526780299522905,5.5,0.0,0.0,0.0,0.0,0.0,1,6,2,0,0,1
811,80,0.0,8.23429875,13.813680000000002,0.6154905208622456,0.8658333333333335,6.417083333333334,1.3,5.0,2015-01-01,2017-03-21,829.0103269182979,863.6772153118702,8.590947914127652,0.4295473957063826,8.161400518421269,0.0,0.0,422.13857902410564,0.0,88.00226348887001,4.343317313392772,5.5,0.0,0.0,0.0,0.0,0.0,1,6,2,0,0,1
812,81,0.0,7.642776,13.440999000000001,0.59222024383953,0.8851388888888888,5.580416666666667,1.3,6.0,2015-01-01,2017-03-22,829.5254308975274,864.1560459348289,8.589843054205026,0.4294921527102513,8.160350901494775,0.0,0.0,422.508756786179,0.0,87.99094574198095,4.333968881125242,5.5,0.0,0.0,0.0,0.0,0.0,1,6,2,0,0,1
813,82,0.0,8.69942775,11.47359,0.5709556617089824,0.9811892361111112,18.034166666666668,1.3,8.0,2015-01-01,2017-03-23,830.0393763183041,864.6337143009689,8.58873498255693,0.4294367491278466,8.159298233429084,0.0,0.0,422.87824274762374,0.0,87.97959509544988,4.324632758704883,5.5,0.0,0.0,0.0,0.0,0.0,1,6,2,0,0,1
814,83,0.0,3.86324175,9.982866000000001,0.4409107898990027,1.0595659722222222,9.777916666666666,1.3,6.0,2015-01-01,2017-03-24,830.5521650907842,865.11022262027,8.587623734798314,0.4293811867399157,8.158242548058398,0.0,0.0,423.24703729878763,0.0,87.96821191410216,4.315308971383363,5.5,0.0,0.0,0.0,0.0,0.0,1,6,2,0,0,1
815,84,0.0,3.7426259999999996,11.629596,0.4696127661746029,0.8408506944444444,5.5200000000000005,1.3,4.0,2015-01-01,2017-03-25,831.0637991248495,865.5855731020674,10.548169317885057,0.5274084658942529,10.020760851990804,0.0,0.0,423.6151408344611,0.0,95.87122980102328,4.30599754415408,5.5,0.0,0.0,0.0,0.0,0.0,1,6,2,0,0,1
816,85,0.0,4.9646729999999994,16.205772,0.594279752332533,0.569435763888889,3.8050000000000006,1.3,1.0,2015-01-01,2017-03-26,831.5742803300997,866.0597679550283,10.546869675670584,0.5273434837835292,10.019526191887055,0.0,0.0,423.98255375385645,0.0,95.85941748614208,4.296698501716526,5.5,0.0,0.0,0.0,0.0,0.0,1,6,2,0,0,1
817,86,0.0,9.280839,18.762537,0.7791237257579612,0.5826909722222222,2.5454166666666667,1.3,1.0,2015-01-01,2017-03-27,832.083610615839,866.5328093871262,10.545566004877228,0.5272783002438616,10.018287704633368,0.0,0.0,424.3492764605837,0.0,95.84756855592035,4.2874118685103895,5.5,0.0,0.0,0.0,0.0,0.0,1,6,2,0,0,1
818,87,0.0,11.464922999999999,19.386561,0.8681233185747671,0.3894444444444444,2.4000000000000004,1.3,5.0,2015-01-01,2017-03-28,832.5917918910682,867.004699605618,10.544258349287993,0.5272129174643997,10.017045431823593,0.0,0.0,424.7153093626291,0.0,95.83568340829729,4.278137668697825,5.5,0.0,0.0,0.0,0.0,0.0,1,6,2,0,0,1
819,88,0.0,10.31871225,19.681239,0.8402364278199123,0.8216493055555555,3.1429166666666664,1.3,1.0,2015-01-01,2017-03-29,833.0988260644729,867.475440817019,10.542947859183535,0.5271473929591768,10.015800466224357,0.0,0.0,425.08065287233217,0.0,95.82377249805589,4.277896346946204,5.5,0.0,0.0,0.0,0.0,0.0,1,6,2,0,0,1
820,89,0.0,9.922197,20.521938000000002,0.8546831737949011,0.7598003472222222,3.21625,1.3,3.0,2015-01-01,2017-03-30,833.6055972555222,867.9450352270785,10.541665449547919,0.527083272477396,10.014582177070523,0.0,0.0,425.446101355691,0.0,95.8121168083177,4.259666649985829,5.5,0.0,0.0,0.0,0.0,0.0,1,6,2,0,0,1
821,90,0.0,12.237730500000001,21.475308,0.967887155182892,0.4555815972222222,5.19375,1.3,5.0,2015-01-01,2017-03-31,834.110347844541,868.4134850407563,10.540346029883796,0.5270173014941898,10.013328728389606,0.0,0.0,425.81007093998943,0.0,95.80012473822373,4.250429734842915,5.5,0.0,0.0,0.0,0.0,0.0,1,6,2,0,0,1
822,91,0.0,11.681598000000001,19.863246,0.8914275990688137,0.4850607638888888,13.885416666666666,1.3,5.0,2015-01-01,2017-04-01,834.6139570353911,868.8807924621997,10.539022798682037,0.5269511399341019,10.012071658747935,0.0,0.0,426.1733523829851,0.0,95.78809802545484,4.241205347767242,5.5,0.0,0.0,0.0,0.0,0.0,1,6,2,0,0,1
823,92,0.0,8.352747749999999,17.783166,0.7233436147582742,0.7865711805555555,8.854166666666666,1.3,6.0,2015-01-01,2017-04-02,835.1164267354999,869.3469596947186,10.537695798630793,0.5268847899315396,10.010811008699253,0.0,0.0,426.5359461142501,0.0,95.77603705799928,4.231993511562574,5.5,0.0,0.0,0.0,0.0,0.0,1,6,2,0,0,1
824,93,0.0,4.98417375,10.814898,0.4779303214052579,1.0621440972222222,8.253333333333334,1.3,7.0,2015-01-01,2017-04-03,835.6177588519259,869.8119889407635,10.536365072203075,0.5268182536101538,10.009546818592922,0.0,0.0,426.89785256759626,0.0,95.76394222188989,4.222794248768478,5.5,0.0,0.0,0.0,0.0,0.0,1,6,2,0,0,1
825,94,0.0,4.713329999999999,13.276326,0.5226961615820187,1.270859375,4.800000000000001,1.3,2.0,2015-01-01,2017-04-04,836.1179552913497,870.2758824019022,10.535030661644102,0.5267515330822051,10.008279128561897,0.0,0.0,427.25907218105283,0.0,95.75181390108911,4.213607581638863,5.5,0.0,0.0,0.0,0.0,0.0,1,6,2,0,0,1
826,95,0.0,5.094678,19.499232,0.6808511242997444,0.6609288194444445,4.800000000000001,1.3,0.0,2015-01-01,2017-04-05,836.6170179600605,870.7386422787954,10.533692608995041,0.5266846304497521,10.007007978545289,0.0,0.0,427.6196053968423,0.0,95.73965247770482,4.204433532182755,5.5,0.0,0.0,0.0,0.0,0.0,1,6,2,0,0,1
827,96,0.0,8.578812,20.409267,0.8081247162854136,0.8828819444444445,4.800000000000001,1.3,0.0,2015-01-01,2017-04-06,837.1149487639474,871.2002707711756,10.53235095607616,0.5266175478038081,10.005733408272352,0.0,0.0,427.9794526613594,0.0,95.72745833183713,4.195272122135529,5.5,0.0,0.0,0.0,0.0,0.0,1,6,2,0,0,1
828,97,0.0,11.412921,19.79391,0.8799990005894324,0.652951388888889,6.295,1.3,3.0,2015-01-01,2017-04-07,837.6117496084889,871.6607700778236,10.531005744491038,0.5265502872245519,10.004455457266486,0.0,0.0,428.33861442514785,0.0,95.71523184161674,4.186123372966227,5.5,0.0,0.0,0.0,0.0,0.0,1,6,2,0,0,1
829,98,0.0,11.950275,22.619352,0.999644815647306,0.6291753472222222,7.680000000000001,1.3,4.0,2015-01-01,2017-04-08,838.1074223987413,872.1201423965458,10.529657015636403,0.5264828507818201,10.003174164854583,0.0,0.0,428.6970911428774,0.0,95.70297338329425,4.176987305894872,5.5,0.0,0.0,0.0,0.0,0.0,1,6,2,0,0,1
830,99,0.0,15.105063000000001,19.932582,1.017379782794057,0.8116666666666666,5.5375,1.3,6.0,2015-01-01,2017-04-09,838.6019690393289,872.5783899241528,10.528293750747814,0.5264146875373907,10.001879063210422,0.0,0.0,429.0548832733225,0.0,95.69058280844898,4.167844842945571,5.5,0.0,0.0,0.0,0.0,0.0,1,6,2,0,0,1
831,100,0.0,15.096396000000002,24.04074,1.1849093667153283,0.9796961805555555,5.072916666666667,1.3,7.0,2015-01-01,2017-04-10,839.0953891730775,873.0355148564361,10.526702007492487,0.5263351003746245,10.000366907117863,0.0,0.0,429.4119903413938,0.0,95.67611561714627,4.158326609014992,5.5,0.0,0.0,0.0,0.0,0.0,1,6,2,0,0,1
832,101,0.0,15.269735999999998,23.711394,1.178117068374745,0.7233854166666666,4.196666666666667,1.3,6.0,2015-01-01,2017-04-11,839.5876387126104,873.4915193881466,10.525108069942446,0.5262554034971223,9.998852666445323,0.0,0.0,429.7683936986068,0.0,95.66162848212372,4.148823958226447,5.5,0.0,0.0,0.0,0.0,0.0,1,6,2,0,0,1
833,102,0.0,13.701008999999999,21.223965,1.013085211050845,0.4017361111111111,6.777916666666667,1.3,8.0,2015-01-01,2017-04-12,840.0787199206441,873.9464057129737,10.523512330573437,0.5261756165286718,9.997336714044765,0.0,0.0,430.12409388312415,0.0,95.64712497055329,4.148091499418709,5.5,0.0,0.0,0.0,0.0,0.0,1,6,2,0,0,1
834,103,0.0,13.55367,23.971404,1.1163495496985585,1.2301041666666666,5.308333333333334,1.3,7.0,2015-01-01,2017-04-13,840.5694912451132,874.4001760235221,10.521945928026351,0.5260972964013176,9.995848631625034,0.0,0.0,430.4798619935734,0.0,95.63288809835045,4.12990275777032,5.5,0.0,0.0,0.0,0.0,0.0,1,6,2,0,0,1
835,104,0.0,18.459192,25.990814999999998,1.4376887979669983,1.5979774305555554,5.50625,1.3,8.0,2015-01-01,2017-04-14,841.0582471305563,874.8528325112907,10.520345567125378,0.526017278356269,9.99432828876911,0.0,0.0,430.83416084579267,0.0,95.6183425821497,4.120446757947056,5.5,0.0,0.0,0.0,0.0,0.0,1,6,2,0,0,1
836,105,0.0,15.721864500000002,20.452602,1.0616128082038434,0.9096180555555557,7.896249999999999,1.3,8.0,2015-01-01,2017-04-15,841.5458414394619,875.3043773666516,10.518743159721865,0.5259371579860933,9.992806001735772,0.0,0.0,431.18775815465995,0.0,95.60377846549709,4.111006369930964,5.5,0.0,0.0,0.0,0.0,0.0,1,6,2,0,0,1
837,106,0.0,13.35938475,21.735318,1.0195606851322672,0.8380121527777779,5.768750000000001,1.3,3.0,2015-01-01,2017-04-16,842.0322764247124,875.7548127788295,10.517138742132081,0.5258569371066041,9.991281805025476,0.0,0.0,431.5406544753436,0.0,95.58919607846748,4.101581600144519,5.5,0.0,0.0,0.0,0.0,0.0,1,6,2,0,0,1
838,107,0.0,12.296955,23.590056,1.050271673932511,0.4521006944444445,7.92,1.3,0.0,2015-01-01,2017-04-17,842.5175543367053,876.2041409358792,10.515532350461157,0.5257766175230579,9.9897557329381,0.0,0.0,431.89285036718525,0.0,95.5745957492168,4.092172454800906,5.5,0.0,0.0,0.0,0.0,0.0,1,6,2,0,0,1
839,108,0.0,16.188438,25.297455,1.2914001915827835,0.5546527777777778,7.92,1.3,1.0,2015-01-01,2017-04-18,843.0016774233551,876.6523640246658,10.513924020587584,0.5256962010293792,9.988227819558205,0.0,0.0,432.2443463936736,0.0,95.55997780384082,4.082778939877166,5.5,0.0,0.0,0.0,0.0,0.0,1,6,2,0,0,1
840,109,0.0,12.972981,23.044035,1.0553875967354398,1.3819270833333333,4.23375,1.3,2.0,2015-01-01,2017-04-19,843.4846479300909,877.0994842308435,10.512313788176995,0.5256156894088497,9.986698098768144,0.0,0.0,432.5951431224168,0.0,95.5453425665009,4.073401061137786,5.5,0.0,0.0,0.0,0.0,0.0,1,6,2,0,0,1
841,110,0.0,11.698932,23.676726,1.030359502341478,0.9134722222222222,4.74875,1.3,1.0,2015-01-01,2017-04-20,843.9664680998568,877.5455037388358,10.510701688673324,0.5255350844336663,9.985166604239657,0.0,0.0,432.94524112511624,0.0,95.53069035934335,4.064038824119228,5.5,0.0,0.0,0.0,0.0,0.0,1,6,2,0,0,1
842,111,0.0,14.593710000000002,24.378753,1.17774072106312,0.6387413194444445,6.48,1.3,0.0,2015-01-01,2017-04-21,844.4471401731099,877.9904247318143,10.509087757303321,0.5254543878651662,9.983633369438156,0.0,0.0,433.2946409775391,0.0,95.51602150254051,4.05469223413796,5.5,0.0,0.0,0.0,0.0,0.0,1,6,2,0,0,1
843,112,0.0,14.845053,28.677585,1.3904361470351492,0.4509461805555556,6.48,1.3,0.0,2015-01-01,2017-04-22,844.9266663878204,878.4342493916783,10.507472029081844,0.5253736014540923,9.982098427627752,0.0,0.0,433.6433432594913,0.0,95.50133631433874,4.045361296299184,5.5,0.0,0.0,0.0,0.0,0.0,1,6,2,0,0,1
844,113,0.0,17.401818,28.252902,1.5011673621690091,1.7420833333333332,6.48,1.3,3.0,2015-01-01,2017-04-23,845.4050489794703,878.8769798990359,10.505854538805535,0.5252927269402767,9.980561811865257,0.0,0.0,433.9913485547919,0.0,95.48663511100118,4.036046015486393,5.5,0.0,0.0,0.0,0.0,0.0,1,6,2,0,0,1
845,114,0.0,17.51810025,26.484834,1.4147363786184717,0.7989409722222222,7.615833333333334,1.3,6.0,2015-01-01,2017-04-24,845.8822901810529,879.3186184331826,10.504235321059586,0.5252117660529793,9.979023555006606,0.0,0.0,434.33865745124524,0.0,95.47191820686916,4.02674639637154,5.5,0.0,0.0,0.0,0.0,0.0,1,6,2,0,0,1
846,115,0.0,11.25474825,24.621429,1.0498463307357189,0.9230381944444443,11.88125,1.3,4.0,2015-01-01,2017-04-25,846.3583922230714,879.7591671720829,10.502614410213429,0.5251307205106714,9.977483689702757,0.0,0.0,434.685270540615,0.0,95.45718591432286,4.017462443409723,5.5,0.0,0.0,0.0,0.0,0.0,1,6,2,0,0,1
847,116,0.0,9.982866000000001,19.62057,0.8275218363256516,1.4623263888888889,5.567916666666666,1.3,3.0,2015-01-01,2017-04-26,846.8333573335385,880.1986282923499,10.50099184042108,0.525049592021054,9.975942248400026,0.0,0.0,435.0311884185976,0.0,95.44243854378468,4.008194160837421,5.5,0.0,0.0,0.0,0.0,0.0,1,6,2,0,0,1
848,117,0.0,10.390215,20.981289,0.8855505959224266,0.840703125,4.891666666666666,1.3,6.0,2015-01-01,2017-04-27,847.3071877379741,880.6370039692251,10.499368959722453,0.5249684479861226,9.97440051173633,0.0,0.0,435.37641168479456,0.0,95.42768834745117,4.007409199705228,5.5,0.0,0.0,0.0,0.0,0.0,1,6,2,0,0,1
849,118,0.0,14.463705000000001,23.070035999999998,1.1167086439106102,1.5304427083333332,6.088749999999999,1.3,5.0,2015-01-01,2017-04-28,847.7807138174487,881.0742963765615,10.497771952378063,0.5248885976189033,9.97288335475916,0.0,0.0,435.7216862390335,0.0,95.41317331138247,3.989739243599807,5.5,0.0,0.0,0.0,0.0,0.0,1,6,2,0,0,1
850,119,0.0,15.642416999999998,23.044035,1.1653802222762062,1.6599131944444445,7.980416666666666,1.3,6.0,2015-01-01,2017-04-29,848.2522857022011,881.5105076868017,10.49614455109717,0.5248072275548585,9.971337323542311,0.0,0.0,436.06552524948256,0.0,95.39838202794007,3.9805178657742246,5.5,0.0,0.0,0.0,0.0,0.0,1,6,2,0,0,1
851,120,0.0,16.526450999999998,24.612762,1.275173189157352,0.5783072916666667,2.9408333333333334,1.3,4.0,2015-01-01,2017-04-30,848.7227295258267,881.9456400709605,10.494515625651882,0.5247257812825942,9.969789844369288,0.0,0.0,436.4086714601821,0.0,95.38357689152376,3.9713121738036112,5.5,0.0,0.0,0.0,0.0,0.0,1,6,2,0,0,1
852,121,0.0,16.725792,26.571504,1.3791615845395746,0.4781597222222222,2.64,1.3,5.0,2015-01-01,2017-05-01,849.1920475039495,882.3796956986055,10.49288520915511,0.5246442604577556,9.968240948697355,0.0,0.0,436.75112548613004,0.0,95.36875820309331,3.9621221708958765,5.5,0.0,0.0,0.0,0.0,0.0,1,6,2,0,0,1
853,122,0.0,16.665123,26.259492,1.3606907271119504,0.797751736111111,2.64,1.3,7.0,2015-01-01,2017-05-02,849.6602418496968,882.812676737839,10.49125333450094,0.524562666725047,9.966690667775893,0.0,0.0,437.0928879460988,0.0,95.35392626161973,3.9529478600347976,5.5,0.0,0.0,0.0,0.0,0.0,1,6,2,0,0,1
854,123,0.0,16.959801,23.43405,1.240888606861564,0.8394531249999999,5.026666666666667,1.3,3.0,2015-01-01,2017-05-03,850.1273147736954,883.2445853552781,10.489620034386425,0.5244810017193212,9.965139032667103,0.0,0.0,437.43395946260796,0.0,95.33908136428315,3.943789244017036,5.5,0.0,0.0,0.0,0.0,0.0,1,6,2,0,0,1
855,124,0.0,16.491783,22.411344,1.1747337337607389,0.9459722222222222,7.470000000000001,1.3,6.0,2015-01-01,2017-05-04,850.593268484072,883.6754237160378,10.48798534130082,0.524399267065041,9.96358607423578,0.0,0.0,437.77434066189903,0.0,95.32422380637512,3.9346463254341293,5.5,0.0,0.0,0.0,0.0,0.0,1,6,2,0,0,1
856,125,0.0,15.56946975,23.815398000000002,1.1957658115511312,0.82734375,9.704583333333334,1.3,5.0,2015-01-01,2017-05-05,851.0581051864526,884.1051939837123,10.486349287521158,0.524317464376058,9.9620318231451,0.0,0.0,438.1140321739098,0.0,95.30935388125828,3.9255191066636934,5.5,0.0,0.0,0.0,0.0,0.0,1,6,2,0,0,1
857,126,0.0,15.538413000000002,23.269377,1.170610113773222,0.7156770833333334,5.803333333333334,1.3,5.0,2015-01-01,2017-05-06,851.5218270839573,884.5338983203555,10.48471190513695,0.5242355952568475,9.960476309880102,0.0,0.0,438.453034632246,0.0,95.29447188059088,3.916407589912443,5.5,0.0,0.0,0.0,0.0,0.0,1,6,2,0,0,1
858,127,0.0,17.133141000000002,25.271454,1.3352794236245595,0.6614670138888888,2.88,1.3,3.0,2015-01-01,2017-05-07,851.9844363772052,884.9615388864659,10.483073226013856,0.5241536613006929,9.958919564713163,0.0,0.0,438.79134867415894,0.0,95.27957809399666,3.9073117771541113,5.5,0.0,0.0,0.0,0.0,0.0,1,6,2,0,0,1
859,128,0.0,17.88717,26.90085,1.4552577810389853,0.9911545138888886,4.369583333333334,1.3,3.0,2015-01-01,2017-05-08,852.4459352643064,885.3881178409654,10.481433281834024,0.5240716640917013,9.957361617742322,0.0,0.0,439.12897494051606,0.0,95.26467280943139,3.8982316701967807,5.5,0.0,0.0,0.0,0.0,0.0,1,6,2,0,0,1
860,129,0.0,17.38809525,28.824924,1.5314070656494854,0.6114409722222222,6.0,1.3,0.0,2015-01-01,2017-05-09,852.9063259408657,885.8136373411842,10.47979210406889,0.5239896052034445,9.955802498865445,0.0,0.0,439.46591407577745,0.0,95.24975631293577,3.889167270638149,5.5,0.0,0.0,0.0,0.0,0.0,1,6,2,0,0,1
861,130,0.0,16.985802,28.920260999999996,1.5147158448628213,0.588046875,6.0,1.3,1.0,2015-01-01,2017-05-10,853.3656105999787,886.2380995428423,10.478149723986057,0.5239074861993028,9.954242237786755,0.0,0.0,439.8021667279695,0.0,95.23482888869782,3.880118579875771,5.5,0.0,0.0,0.0,0.0,0.0,1,6,2,0,0,1
862,131,0.0,17.332482000000002,30.792333,1.6390304720928015,0.5299913194444444,6.0,1.3,1.0,2015-01-01,2017-05-11,853.8237914322299,886.6615066000315,10.476506589010256,0.5238253294505129,9.952681259559743,0.0,0.0,440.13773354865805,0.0,95.21989460331505,3.879288408216526,5.5,0.0,0.0,0.0,0.0,0.0,1,6,2,0,0,1
863,132,0.0,16.959801,29.214939,1.5293168338435716,0.8053559027777778,5.003333333333334,1.3,6.0,2015-01-01,2017-05-12,854.2816728516029,887.0838606651996,10.474889752903312,0.5237444876451657,9.951145265258146,0.0,0.0,440.4733371820567,0.0,95.20519934565581,3.8621005953363157,5.5,0.0,0.0,0.0,0.0,0.0,1,6,2,0,0,1
864,133,0.0,16.387779,28.044894,1.436792848398711,0.8200260416666666,6.120416666666667,1.3,2.0,2015-01-01,2017-05-13,854.7376565252522,887.5051638891321,10.47324389858853,0.5236621949294266,9.949581703659103,0.0,0.0,440.80753726147793,0.0,95.19024034447975,3.853098917818207,5.5,0.0,0.0,0.0,0.0,0.0,1,6,2,0,0,1
865,134,0.0,16.578453,29.561619,1.527425946841789,0.4991493055555556,6.720000000000001,1.3,1.0,2015-01-01,2017-05-14,855.1925429133859,887.9254184209356,10.471596965293504,0.5235798482646752,9.948017117028828,0.0,0.0,441.1410534758218,0.0,95.17527153656286,3.8441129533429605,5.5,0.0,0.0,0.0,0.0,0.0,1,6,2,0,0,1
866,135,0.0,19.386561,29.769627,1.6997906116439148,0.4997743055555556,6.720000000000001,1.3,0.0,2015-01-01,2017-05-15,855.6463341966072,888.3446264080205,10.469948983301164,0.5234974491650582,9.946451534136106,0.0,0.0,441.47388649059343,0.0,95.16029319714355,3.835142702365337,5.5,0.0,0.0,0.0,0.0,0.0,1,6,2,0,0,1
867,136,0.0,18.008508,30.610326,1.667893006127946,1.0174305555555554,6.720000000000001,1.3,0.0,2015-01-01,2017-05-16,856.0990325530018,888.7627899960855,10.468299982699243,0.5234149991349621,9.94488498356428,0.0,0.0,441.8060369747108,0.0,95.14530559968618,3.8261881651534915,5.5,0.0,0.0,0.0,0.0,0.0,1,6,2,0,0,1
868,137,0.0,15.96381825,28.980929999999997,1.4634676146778571,1.5541666666666667,6.720000000000001,1.3,0.0,2015-01-01,2017-05-17,856.5506401581347,889.1799113291002,10.466649993377862,0.5233324996688932,9.94331749370897,0.0,0.0,442.1375056004795,0.0,95.13030901585897,3.817249341785576,5.5,0.0,0.0,0.0,0.0,0.0,1,6,2,0,0,1
869,138,0.0,15.737753999999999,29.67429,1.4881867507384683,0.6753472222222222,6.720000000000001,1.3,1.0,2015-01-01,2017-05-18,857.0011591850498,889.5959925492887,10.464999045032252,0.5232499522516126,9.94174909278064,0.0,0.0,442.46829304356686,0.0,95.11530371555882,3.808326232153488,5.5,0.0,0.0,0.0,0.0,0.0,1,6,2,0,0,1
870,139,0.0,19.265223,31.919043,1.8250302238086944,0.6563454861111111,6.720000000000001,1.3,1.0,2015-01-01,2017-05-19,857.4505918042665,890.0110357971128,10.463347167171538,0.5231673583585769,9.94017980881296,0.0,0.0,442.79839998297666,0.0,95.10028996699116,3.7994188359782175,5.5,0.0,0.0,0.0,0.0,0.0,1,6,2,0,0,1
871,140,0.0,22.567349999999998,33.028419,2.125591192000625,1.1910416666666666,6.720000000000001,1.3,2.0,2015-01-01,2017-05-20,857.8989401837804,890.4250432112574,10.461694389106343,0.5230847194553172,9.938609669651026,0.0,0.0,443.1278271010249,0.0,95.08526803655725,3.7905271527881936,5.5,0.0,0.0,0.0,0.0,0.0,1,6,2,0,0,1
872,141,0.0,17.592492,30.185643,1.6190375722717614,1.5292708333333334,4.7995833333333335,1.3,2.0,2015-01-01,2017-05-21,858.34620648906,890.8380169286133,10.460040739958384,0.5230020369979193,9.937038702960464,0.0,0.0,443.45657508331396,0.0,95.07023818894136,3.7816511819354757,5.5,0.0,0.0,0.0,0.0,0.0,1,6,2,0,0,1
873,142,0.0,16.994469,28.053561,1.4688999012409358,1.0178038194444445,4.08,1.3,0.0,2015-01-01,2017-05-22,858.7923928830453,891.2499590842617,10.458386248657254,0.5229193124328627,9.93546693622439,0.0,0.0,443.7846446187079,0.0,95.05520068708165,3.7727909225898246,5.5,0.0,0.0,0.0,0.0,0.0,1,6,2,0,0,1
874,143,0.0,18.771204,30.020970000000002,1.678124925589353,0.5890364583333334,4.08,1.3,2.0,2015-01-01,2017-05-23,859.237501526146,891.6608718114578,10.456730943943525,0.5228365471971762,9.933894396746348,0.0,0.0,444.11203639930704,0.0,95.04015579219818,3.763946373744673,5.5,0.0,0.0,0.0,0.0,0.0,1,6,2,0,0,1
875,144,0.0,20.438879250000003,31.477026000000002,1.8721481898720576,1.2701128472222225,4.08,1.3,1.0,2015-01-01,2017-05-24,859.6815345762395,892.0707572416163,10.455074854375182,0.5227537427187591,9.932321111656423,0.0,0.0,444.4387511204237,0.0,95.02510376385155,3.755117534226458,5.5,0.0,0.0,0.0,0.0,0.0,1,6,2,0,0,1
876,145,0.0,19.499232,30.514989,1.7518290905210177,0.995095486111111,4.08,1.3,0.0,2015-01-01,2017-05-25,860.1244941886707,892.4796175042957,10.453418008310436,0.5226709004155218,9.930747107894915,0.0,0.0,444.7647894805577,0.0,95.0100448597867,3.7463044026663614,5.5,0.0,0.0,0.0,0.0,0.0,1,6,2,0,0,1
877,146,0.0,20.105922,31.399023,1.8455531292173628,0.6167274305555556,4.08,1.3,0.0,2015-01-01,2017-05-26,860.5663825162476,892.8874547271819,10.451761337549081,0.5225880668774542,9.929173270671628,0.0,0.0,445.0901521813702,0.0,94.99498754903635,3.7454342703627654,5.5,0.0,0.0,0.0,0.0,0.0,1,6,2,0,0,1
878,147,0.0,21.475308,32.690406,2.023754253453255,0.5313454861111111,4.08,1.3,0.0,2015-01-01,2017-05-27,861.0079770072482,893.2942710360744,10.450128598700193,0.5225064299350096,9.927622168765183,0.0,0.0,445.4155376658599,0.0,94.98014775298552,3.728755164929512,5.5,0.0,0.0,0.0,0.0,0.0,1,6,2,0,0,1
879,148,0.0,20.8325055,32.759742,1.984127989641543,1.1693315972222222,4.08,1.3,2.0,2015-01-01,2017-05-28,861.4477328547054,893.7000685548705,10.44846960302861,0.5224234801514305,9.926046122877178,0.0,0.0,445.7395539160924,0.0,94.96506931136443,3.7199890376505658,5.5,0.0,0.0,0.0,0.0,0.0,1,6,2,0,0,1
880,149,0.0,18.433191,30.896337,1.7101932047000576,1.716892361111111,4.08,1.3,0.0,2015-01-01,2017-05-29,861.8864238465014,894.1048494055503,10.446809962664144,0.5223404981332073,9.924469464530937,0.0,0.0,446.0628966221368,0.0,94.94998501019579,3.711238611642986,5.5,0.0,0.0,0.0,0.0,0.0,1,6,2,0,0,1
881,150,0.0,18.398523,32.5344,1.809084254185028,0.7921961805555555,4.08,1.3,0.0,2015-01-01,2017-05-30,862.3240521253496,894.5086157081621,10.445149705050481,0.522257485252524,9.922892219797957,0.0,0.0,446.3855664980873,0.0,94.93489509891248,3.702503884698302,5.5,0.0,0.0,0.0,0.0,0.0,1,6,2,0,0,1
882,151,0.0,20.383266,33.479103,2.0027081232525576,0.8055381944444444,4.08,1.3,0.0,2015-01-01,2017-05-31,862.76061983142,894.9113695808082,10.443488857433522,0.5221744428716761,9.921314414561845,0.0,0.0,446.707564261079,0.0,94.91979982514965,3.693784854414935,5.5,0.0,0.0,0.0,0.0,0.0,1,6,2,0,0,1
883,152,0.0,18.72859125,31.858373999999998,1.7873346338842917,1.5551128472222222,4.08,1.3,0.0,2015-01-01,2017-06-01,863.1961291023345,895.3131131396294,10.44182744688341,0.5220913723441706,9.91973607453924,0.0,0.0,447.02889063126094,0.0,94.90469943494513,3.6850815182343424,5.5,0.0,0.0,0.0,0.0,0.0,1,6,2,0,0,1
884,153,0.0,16.5307845,29.812962,1.5385642487244846,1.4827690972222225,4.08,1.3,0.0,2015-01-01,2017-06-02,863.6305820731654,895.7138484987909,10.440165500293265,0.5220082750146633,9.918157225278602,0.0,0.0,447.349546331773,0.0,94.88959417272766,3.676393873439201,5.5,0.0,0.0,0.0,0.0,0.0,1,6,2,0,0,1
885,154,0.0,16.4267805,27.992892,1.4361212068253422,1.6669357638888889,4.08,1.3,0.0,2015-01-01,2017-06-03,864.0639808764354,896.1135777704683,10.4385030443682,0.5219251522184101,9.91657789214979,0.0,0.0,447.66953208872235,0.0,94.87448428121732,3.6677219171349087,5.5,0.0,0.0,0.0,0.0,0.0,1,6,2,0,0,1
886,155,0.0,16.257774,30.991674,1.5889587213582157,0.6040364583333333,4.08,1.3,0.0,2015-01-01,2017-06-04,864.496327642113,896.5123030648338,10.436840105636065,0.5218420052818034,9.914998100354262,0.0,0.0,447.98884863115836,0.0,94.85937000152299,3.659065646266269,5.5,0.0,0.0,0.0,0.0,0.0,1,6,2,0,0,1
887,156,0.0,18.996546000000002,33.4011,1.903749106345732,0.8232031249999999,4.08,1.3,0.0,2015-01-01,2017-06-05,864.9276244976123,896.9100264900408,10.435176710447042,0.5217588355223521,9.91341787492469,0.0,0.0,448.3074966910489,0.0,94.84425157313882,3.650425057617893,5.5,0.0,0.0,0.0,0.0,0.0,1,6,2,0,0,1
888,157,0.0,20.74728,32.820411,1.9824463670025896,1.7935763888888887,4.08,1.3,0.0,2015-01-01,2017-06-06,865.3578735677905,897.3067501522114,10.43351288497216,0.521675644248608,9.911837240723552,0.0,0.0,448.62547700325644,0.0,94.82912923393053,3.6418001478104856,5.5,0.0,0.0,0.0,0.0,0.0,1,6,2,0,0,1
889,158,0.0,23.191374,34.337136,2.270308642695668,1.6663975694444444,4.08,1.3,0.0,2015-01-01,2017-06-07,865.7870769749466,897.7024761554221,10.431848655202169,0.5215924327601085,9.91025622244206,0.0,0.0,448.94279030551405,0.0,94.81400322012549,3.6331909132994413,5.5,0.0,0.0,0.0,0.0,0.0,1,6,2,0,0,1
890,159,0.0,19.863246,35.628519000000004,2.1180371226316312,0.9345833333333332,4.08,1.3,0.0,2015-01-01,2017-06-08,866.2152368388167,898.0972066016895,10.430184046958004,0.5215092023479002,9.908674844610104,0.0,0.0,449.25943733840137,0.0,94.79887376640744,3.6245973503919644,5.5,0.0,0.0,0.0,0.0,0.0,1,6,2,0,0,1
891,160,0.0,19.585901999999997,34.553811,2.0219427723997563,1.282543402777778,4.08,1.3,0.0,2015-01-01,2017-06-09,866.6423552765768,898.4909435909583,10.428519085878033,0.5214259542939017,9.907093131584132,0.0,0.0,449.5754188453217,0.0,94.78374110580093,3.616019455224802,5.5,0.0,0.0,0.0,0.0,0.0,1,6,2,0,0,1
892,161,0.0,20.521938000000002,35.342508,2.1452146762377,0.7399045138888889,4.08,1.3,0.0,2015-01-01,2017-06-10,867.0684344028365,898.8836892210863,10.42685497581041,0.5213427487905207,9.90551222701989,0.0,0.0,449.8907355724772,0.0,94.76861617995843,3.615115150550188,5.5,0.0,0.0,0.0,0.0,0.0,1,6,2,0,0,1
893,162,0.0,21.382137750000002,36.486552,2.2966492522918287,0.645373263888889,4.08,1.3,0.0,2015-01-01,2017-06-11,867.4942252936607,899.2754455878319,10.425212929222178,0.521260646461109,9.90395228276107,0.0,0.0,450.2060622983066,0.0,94.7536917868187,3.598938363637198,5.5,0.0,0.0,0.0,0.0,0.0,1,6,2,0,0,1
894,163,0.0,20.92062,34.259133000000006,2.095515154561649,1.3020052083333333,4.08,1.3,0.0,2015-01-01,2017-06-12,867.9182355004148,899.6662147848403,10.42354701739562,0.521177350869781,9.90236966652584,0.0,0.0,450.52005427606065,0.0,94.7385504849739,3.590407346375909,5.5,0.0,0.0,0.0,0.0,0.0,1,6,2,0,0,1
895,164,0.0,20.001918,34.779153,2.0670411264651603,1.4336631944444445,4.08,1.3,0.0,2015-01-01,2017-06-13,868.341212711299,900.0559989036321,10.421880853740475,0.5210940426870238,9.900786811053452,0.0,0.0,450.8333837212717,0.0,94.72340689428489,3.5818919802833293,5.5,0.0,0.0,0.0,0.0,0.0,1,6,2,0,0,1
896,165,0.0,20.062587,34.129128,2.025567149752339,1.1804340277777776,4.08,1.3,1.0,2015-01-01,2017-06-14,868.7631590307033,900.4448000335881,10.420214463033643,0.5210107231516822,9.89920373988196,0.0,0.0,451.1460513911315,0.0,94.70826123994631,3.5733922607288138,5.5,0.0,0.0,0.0,0.0,0.0,1,6,2,0,0,1
897,166,0.0,22.890195749999997,36.113871,2.386499980297488,1.524435763888889,4.08,1.3,0.0,2015-01-01,2017-06-15,869.1840765604418,900.8326202619385,10.41854786986936,0.5209273934934682,9.897620476375893,0.0,0.0,451.4580580455145,0.0,94.69311374549281,3.5649081829091824,5.5,0.0,0.0,0.0,0.0,0.0,1,6,2,0,0,1
898,167,0.0,21.504198,34.649148,2.1664912072787,0.9423177083333332,4.08,1.3,0.0,2015-01-01,2017-06-16,869.603967399751,901.2194616737481,10.416881098686643,0.5208440549343322,9.89603704375231,0.0,0.0,451.7694044469529,0.0,94.67796463304794,3.5564397418965603,5.5,0.0,0.0,0.0,0.0,0.0,1,6,2,0,0,1
899,168,0.0,19.863246,32.569068,1.906041082359996,1.486232638888889,4.08,1.3,0.0,2015-01-01,2017-06-17,870.0228336452886,901.6053263519068,10.415214173739525,0.5207607086869762,9.894453465052548,0.0,0.0,452.08009136061537,0.0,94.6628141230542,3.547986932585682,5.5,0.0,0.0,0.0,0.0,0.0,1,6,2,0,0,1
900,169,0.0,20.166591,33.435768,1.9848207840693537,0.799921875,4.08,1.3,0.0,2015-01-01,2017-06-18,870.4406773911297,901.9902163771135,10.413547119124008,0.5206773559562005,9.892869763167807,0.0,0.0,452.39011955428225,0.0,94.64766243451768,3.5395497497415103,5.5,0.0,0.0,0.0,0.0,0.0,1,6,2,0,0,1
901,170,0.0,23.590056,35.879862,2.424242522127721,0.639140625,4.08,1.3,0.0,2015-01-01,2017-06-19,870.8575007287666,902.3741338278667,10.411879958760338,0.520593997938017,9.891285960822321,0.0,0.0,452.6994897983237,0.0,94.63250978484703,3.531128187966809,5.5,0.0,0.0,0.0,0.0,0.0,1,6,2,0,0,1
902,171,0.0,24.864105,36.200541,2.5574080473774368,0.7644357638888889,4.08,1.3,0.0,2015-01-01,2017-06-20,871.2733057471046,902.7570807804505,10.410212716410317,0.5205106358205159,9.889702080589801,0.0,0.0,453.0082028656759,0.0,94.61735639001085,3.522722241732709,5.5,0.0,0.0,0.0,0.0,0.0,1,6,2,0,0,1
903,172,0.0,21.78948675,35.628519000000004,2.2618089641089947,1.4510590277777777,4.08,1.3,0.0,2015-01-01,2017-06-21,871.6880945324625,903.1390593089238,10.408545415659141,0.5204272707829571,9.888118144876184,0.0,0.0,453.3162595318191,0.0,94.60220246437257,3.514331905346737,5.5,0.0,0.0,0.0,0.0,0.0,1,6,2,0,0,1
904,173,0.0,20.703945,33.877784999999996,2.052931058334196,1.4689409722222222,4.08,1.3,0.0,2015-01-01,2017-06-22,872.101869168568,903.5200714851071,10.406878079935467,0.5203439039967733,9.886534175938694,0.0,0.0,453.6236605747538,0.0,94.5870482208728,3.5059571729872423,5.5,0.0,0.0,0.0,0.0,0.0,1,6,2,0,0,1
905,174,0.0,18.306075,31.442358,1.735562697431321,1.7276475694444444,4.08,1.3,0.0,2015-01-01,2017-06-23,872.5146317365574,903.9001193785718,10.405210732496789,0.5202605366248395,9.88495019587195,0.0,0.0,453.9304067749789,0.0,94.57189387089659,3.497598038677576,5.5,0.0,0.0,0.0,0.0,0.0,1,6,2,0,0,1
906,175,0.0,18.259851,33.123756,1.8377641376045315,1.063967013888889,4.08,1.3,0.0,2015-01-01,2017-06-24,872.9263843149728,904.2792050566277,10.403543464984972,0.5201771732492487,9.883366291735724,0.0,0.0,454.2364989154687,0.0,94.55674024736744,3.4966649406521904,5.5,0.0,0.0,0.0,0.0,0.0,1,6,2,0,0,1
907,176,0.0,20.981289,33.92112,2.07567120236018,1.0777430555555556,4.08,1.3,1.0,2015-01-01,2017-06-25,873.3378537024447,904.6573305843108,10.401899312025144,0.5200949656012572,9.881804346423886,0.0,0.0,454.54259002989767,0.0,94.54179670963217,3.4809523400521916,5.5,0.0,0.0,0.0,0.0,0.0,1,6,2,0,0,1
908,177,0.0,21.605313,33.305763,2.076288836739775,0.9669270833333334,8.19125,1.3,1.0,2015-01-01,2017-06-26,873.747595661223,905.0344980243735,10.40023202654056,0.5200116013270282,9.880220425213533,0.0,0.0,454.8473788033165,0.0,94.52664292275037,3.4726398698630163,5.5,0.0,0.0,0.0,0.0,0.0,1,6,2,0,0,1
909,178,0.0,21.917324999999998,34.805154,2.2089446066599465,0.9965711805555555,12.0,1.3,0.0,2015-01-01,2017-06-27,874.1563338387101,905.4107094372721,10.398564820915286,0.5199282410457643,9.878636579869521,0.0,0.0,455.15151587315387,0.0,94.51148986170163,3.464342972802094,5.5,0.0,0.0,0.0,0.0,0.0,1,6,2,0,0,1
910,179,0.0,25.158783,37.023906000000004,2.654522912984544,1.0188802083333333,12.0,1.3,0.0,2015-01-01,2017-06-28,874.5640703031032,905.7859668811548,10.39689771760008,0.519844885880004,9.877052831720075,0.0,0.0,455.4550020320859,0.0,94.49633773053864,3.4560616421985118,5.5,0.0,0.0,0.0,0.0,0.0,1,6,2,0,0,1
911,180,0.0,22.194669,38.713971,2.5441060441418983,1.583654513888889,12.0,1.3,0.0,2015-01-01,2017-06-29,874.9708071199962,906.1602724118525,10.395230738872293,0.5197615369436147,9.875469201928679,0.0,0.0,455.7578380751527,0.0,94.48118673173794,3.4477958712203445,5.5,0.0,0.0,0.0,0.0,0.0,1,6,2,0,0,1
912,181,0.0,21.161851499999997,36.547221,2.284256893689388,1.3283333333333334,12.0,1.3,0.0,2015-01-01,2017-06-30,875.3765463523732,906.5336280828653,10.393563906862731,0.5196781953431365,9.873885711519595,0.0,0.0,456.06002479973426,0.0,94.46603706644409,3.439545652921239,5.5,0.0,0.0,0.0,0.0,0.0,1,6,2,0,0,1
913,182,0.0,21.119961,35.056497,2.168201247505828,1.3003819444444444,12.0,1.3,2.0,2015-01-01,2017-07-01,875.7812900606109,906.9060359453538,10.39189724353454,0.519594862176727,9.872302381357812,0.0,0.0,456.36156300553046,0.0,94.45088893427797,3.431310980203559,5.5,0.0,0.0,0.0,0.0,0.0,1,6,2,0,0,1
914,183,0.0,22.524015,34.449807,2.227922637246471,1.310277777777778,12.0,1.3,2.0,2015-01-01,2017-07-02,876.1850403024739,907.2774980481265,10.390230770700137,0.519511538535007,9.870719232165131,0.0,0.0,456.6624534945373,0.0,94.43574253349038,3.4230918458470394,5.5,0.0,0.0,0.0,0.0,0.0,1,6,2,0,0,1
915,184,0.0,24.318084,36.78123,2.560372253451487,1.0722916666666666,12.0,1.3,1.0,2015-01-01,2017-07-03,876.587799133114,907.6480164376305,10.388564510004239,0.519428225500212,9.869136284504027,0.0,0.0,456.96269707102647,0.0,94.42059806080788,3.4148882424795604,5.5,0.0,0.0,0.0,0.0,0.0,1,6,2,0,0,1
916,185,0.0,24.552093,36.703227000000005,2.57374820920798,0.6970052083333333,12.0,1.3,0.0,2015-01-01,2017-07-04,876.9895686050658,908.0175931579395,10.38689848294535,0.5193449241472675,9.867553558798082,0.0,0.0,457.26229454152184,0.0,94.40545571162825,3.406700162613776,5.5,0.0,0.0,0.0,0.0,0.0,1,6,2,0,0,1
917,186,0.0,24.942107999999998,38.835309,2.798588747304695,0.8606163194444444,12.0,1.3,1.0,2015-01-01,2017-07-05,877.3903507682472,908.3862302507443,10.385232710857977,0.5192616355428988,9.865971075315079,0.0,0.0,457.56124671477914,0.0,94.39031567985856,3.3985275986156034,5.5,0.0,0.0,0.0,0.0,0.0,1,6,2,0,0,1
918,187,0.0,24.136076999999997,37.275249,2.587184928057682,0.909184027777778,12.0,1.3,0.0,2015-01-01,2017-07-06,877.7901476699558,908.7539297553417,10.38356721492907,0.5191783607464535,9.864388854182616,0.0,0.0,457.85955440176303,0.0,94.37517815806487,3.3903705427332076,5.5,0.0,0.0,0.0,0.0,0.0,1,6,2,0,0,1
919,188,0.0,23.009367,37.379253000000006,2.500199892052557,1.402421875,12.0,1.3,2.0,2015-01-01,2017-07-07,878.1889613548674,909.1206937086249,10.381902016182963,0.5190951008091481,9.862806915373815,0.0,0.0,458.15721841562663,0.0,94.3600433373352,3.3822289870696465,5.5,0.0,0.0,0.0,0.0,0.0,1,6,2,0,0,1
920,189,0.0,23.7850635,35.793192,2.433093968896564,1.2483854166666668,12.0,1.3,3.0,2015-01-01,2017-07-08,878.5867938650333,909.4865241450725,10.380237135497701,0.519011856774885,9.861225278722817,0.0,0.0,458.4542395716888,0.0,94.34491140742797,3.3741029236112454,5.5,0.0,0.0,0.0,0.0,0.0,1,6,2,0,0,1
921,190,0.0,23.122038,36.616557,2.4462457445546293,0.8717361111111112,12.0,1.3,3.0,2015-01-01,2017-07-09,878.983647239879,909.8514230967389,10.378572698337607,0.5189286349168803,9.859644063420726,0.0,0.0,458.7506186874134,0.0,94.32978350867549,3.373145797276574,5.5,0.0,0.0,0.0,0.0,0.0,1,6,2,0,0,1
922,191,0.0,24.823659,37.56126,2.672427304837369,1.0984895833333335,12.0,1.3,3.0,2015-01-01,2017-07-10,879.3802231070893,910.2153925932444,10.376930115988003,0.5188465057994002,9.858083610188602,0.0,0.0,459.04698621095025,0.0,94.3148542460556,3.3579211301528344,5.5,0.0,0.0,0.0,0.0,0.0,1,6,2,0,0,1
923,192,0.0,21.831377249999996,35.619852,2.2643615035706093,1.4458593750000002,12.0,1.3,2.0,2015-01-01,2017-07-11,879.7751272181492,910.5784346617645,10.375266275844314,0.5187633137922159,9.8565029620521,0.0,0.0,459.34208593265345,0.0,94.29973177352404,3.3498414088486426,5.5,0.0,0.0,0.0,0.0,0.0,1,6,2,0,0,1
924,193,0.0,19.9138035,32.751075,1.921478772921093,1.4377951388888885,8.3525,1.3,2.0,2015-01-01,2017-07-12,880.1690582856412,910.9405513270215,10.373602835889425,0.5186801417944713,9.854922694094954,0.0,0.0,459.6365460722187,0.0,94.2846129382675,3.3417771467449744,5.5,0.0,0.0,0.0,0.0,0.0,1,6,2,0,0,1
925,194,0.0,19.750575,29.58762,1.71071479089207,0.9123003472222222,3.87875,1.3,3.0,2015-01-01,2017-07-13,880.5620183385126,911.3017446112731,10.371939816246527,0.5185969908123264,9.8533428254342,0.0,0.0,459.93036745549875,0.0,94.26949792318355,3.3337283351979172,5.5,0.0,0.0,0.0,0.0,0.0,1,6,2,0,0,1
926,195,0.0,21.119961,31.555029,1.9221524444949007,0.7443489583333334,2.64,1.3,2.0,2015-01-01,2017-07-14,880.954009403074,911.6620165343049,10.370277236875447,0.5185138618437725,9.851763375031675,0.0,0.0,460.2235509103852,0.0,94.25438690968502,3.3256949654160257,5.5,0.0,0.0,0.0,0.0,0.0,1,6,2,0,0,1
927,196,0.0,23.226042,33.964455,2.244396878481558,0.6234461805555556,6.60125,1.3,1.0,2015-01-01,2017-07-15,881.3450335029955,912.0213691134186,10.36861511760094,0.5184307558800471,9.850184361720894,0.0,0.0,460.51609726678635,0.0,94.23928007795712,3.3176770285076054,5.5,0.0,0.0,0.0,0.0,0.0,1,6,2,0,0,1
928,197,0.0,23.174039999999998,35.611185,2.3689471199762915,0.7694878472222223,10.56,1.3,1.0,2015-01-01,2017-07-16,881.7350926593081,912.3798043634245,10.366953478091324,0.5183476739045662,9.848605804186757,0.0,0.0,460.80800735660756,0.0,94.2241776067631,3.309674515444232,5.5,0.0,0.0,0.0,0.0,0.0,1,6,2,0,0,1
929,198,0.0,24.023405999999998,36.001200000000004,2.4698593788377927,0.684140625,10.56,1.3,1.0,2015-01-01,2017-07-17,882.1241888903978,912.7373242966314,10.365292337866462,0.5182646168933233,9.84702772097314,0.0,0.0,461.09928201372963,0.0,94.20907967351705,3.30168741707364,5.5,0.0,0.0,0.0,0.0,0.0,1,6,2,0,0,1
930,199,0.0,24.465423,35.715189,2.48282298145345,0.7131857638888889,10.56,1.3,0.0,2015-01-01,2017-07-18,882.5123242120052,913.093930922837,10.363631716310007,0.5181815858155003,9.845450130494505,0.0,0.0,461.3899220739874,0.0,94.19398645439497,3.293715724140929,5.5,0.0,0.0,0.0,0.0,0.0,1,6,2,0,0,1
931,200,0.0,24.231414,35.74119,2.4655512914195894,0.6724652777777778,10.56,1.3,0.0,2015-01-01,2017-07-19,882.8995006372247,913.4496262493203,10.361971632648787,0.5180985816324394,9.843873051016347,0.0,0.0,461.67992837515084,0.0,94.17889812414758,3.285759427252421,5.5,0.0,0.0,0.0,0.0,0.0,1,6,2,0,0,1
932,201,0.0,25.236786,36.43455,2.6097151178710325,0.7586631944444444,10.56,1.3,0.0,2015-01-01,2017-07-20,883.2857201764998,913.8044122808312,10.360312105969385,0.5180156052984692,9.842296500670916,0.0,0.0,461.9693017569026,0.0,94.16381485625087,3.2778185169037126,5.5,0.0,0.0,0.0,0.0,0.0,1,6,2,0,0,1
933,202,0.0,24.448089,37.777935,2.658350759112384,0.7543315972222222,10.56,1.3,0.0,2015-01-01,2017-07-21,883.6709848376227,914.1582910195818,10.358653155213494,0.5179326577606748,9.84072049745282,0.0,0.0,462.2580430608183,0.0,94.14873682286385,3.269892983472056,5.5,0.0,0.0,0.0,0.0,0.0,1,6,2,0,0,1
934,203,0.0,24.768767999999998,37.552593,2.6667889256925537,0.8336631944444445,10.56,1.3,0.0,2015-01-01,2017-07-22,884.0552966257321,914.5112644652384,10.356994799182935,0.5178497399591467,9.839145059223789,0.0,0.0,462.5461531303459,0.0,94.13366419487446,3.2619828172237195,5.5,0.0,0.0,0.0,0.0,0.0,1,6,2,0,0,1
935,204,0.0,24.638763,36.425883000000006,2.5574080473774377,0.91390625,10.56,1.3,0.0,2015-01-01,2017-07-23,884.4386575433115,914.8633346149122,10.355337056528777,0.5177668528264389,9.837570203702338,0.0,0.0,462.83363281078584,0.0,94.1185971418003,3.2540880082955277,5.5,0.0,0.0,0.0,0.0,0.0,1,6,2,0,0,1
936,205,0.0,25.09594725,37.7346,2.712252076804804,1.0034895833333333,10.56,1.3,0.0,2015-01-01,2017-07-24,884.8210695901856,915.214503463151,10.353679975886509,0.5176839987943255,9.835995977092184,0.0,0.0,463.1204829492697,0.0,94.10353610568437,3.2531114987068213,5.5,0.0,0.0,0.0,0.0,0.0,1,6,2,0,0,1
937,206,0.0,23.685392999999998,37.049907000000005,2.5293966952703903,1.376310763888889,10.56,1.3,0.0,2015-01-01,2017-07-25,885.2032098535699,915.5647730019305,10.35204377487565,0.5176021887437825,9.834441586131867,0.0,0.0,463.4073119748765,0.0,94.08866484239826,3.238366535114886,5.5,0.0,0.0,0.0,0.0,0.0,1,6,2,0,0,1
938,207,0.0,23.44488375,37.708599,2.5650098107144514,0.9864930555555556,10.56,1.3,0.0,2015-01-01,2017-07-26,885.5837328286906,915.9141452206459,10.350387948677168,0.5175193974338584,9.83286855124331,0.0,0.0,463.69290764662037,0.0,94.07361520779334,3.230517659878935,5.5,0.0,0.0,0.0,0.0,0.0,1,6,2,0,0,1
939,208,0.0,23.425382999999997,37.526592,2.547794991534196,0.790390625,10.56,1.3,1.0,2015-01-01,2017-07-27,885.9633129067922,916.2626221061037,10.348732809204993,0.5174366404602496,9.831296168744743,0.0,0.0,463.9778763222544,0.0,94.05857181477339,3.222684101723108,5.5,0.0,0.0,0.0,0.0,0.0,1,6,2,0,0,1
940,209,0.0,23.486051999999997,38.211285,2.6119774968949128,1.0731163194444444,10.56,1.3,0.0,2015-01-01,2017-07-28,886.3419520770917,916.6102056425138,10.34707837440815,0.5173539187204076,9.829724455687742,0.0,0.0,464.262218856057,0.0,94.04353482647537,3.214865850219355,5.5,0.0,0.0,0.0,0.0,0.0,1,6,2,0,0,1
941,210,0.0,26.736176999999998,39.303327,3.014584190801954,0.844861111111111,10.56,1.3,0.0,2015-01-01,2017-07-29,886.719652326138,916.956897811481,10.345424662102436,0.5172712331051218,9.828153428997314,0.0,0.0,464.5459361040376,0.0,94.02850440482511,3.207062894838027,5.5,0.0,0.0,0.0,0.0,0.0,1,6,2,0,0,1
942,211,0.0,25.836253499999998,37.049907000000005,2.7172581469137795,0.8078645833333334,10.56,1.3,3.0,2015-01-01,2017-07-30,887.0964156378108,917.3027005919971,10.343771689957014,0.5171885844978509,9.826583105459164,0.0,0.0,464.8290289239174,0.0,94.0134807104159,3.199275224924682,5.5,0.0,0.0,0.0,0.0,0.0,1,6,2,0,0,1
943,212,0.0,24.283416,35.758524,2.4712968633746346,0.9793402777777778,10.56,1.3,1.0,2015-01-01,2017-07-31,887.4722439933159,917.6476159604326,10.34211947551397,0.5171059737756986,9.82501350173827,0.0,0.0,465.11149817510864,0.0,93.99846390268593,3.19150282973314,5.5,0.0,0.0,0.0,0.0,0.0,1,6,2,0,0,1
944,213,0.0,22.006884,35.290506,2.252563194422307,1.057699652777778,10.56,1.3,0.0,2015-01-01,2017-08-01,887.8471393711869,917.9916458905302,10.340468036169682,0.5170234018084842,9.823444634361199,0.0,0.0,465.3933447186961,0.0,93.98345413974918,3.1837456983931727,5.5,0.0,0.0,0.0,0.0,0.0,1,6,2,0,0,1
945,214,0.0,21.674649,33.929787,2.12622175658664,0.9276302083333334,10.56,1.3,0.0,2015-01-01,2017-08-02,888.2211037472805,918.3347923533954,10.338817389186165,0.5169408694593083,9.821876519726857,0.0,0.0,465.6745694174167,0.0,93.96845157849819,3.1760038199294804,5.5,0.0,0.0,0.0,0.0,0.0,1,6,2,0,0,1
946,215,0.0,22.272672,34.683816,2.226609261610815,0.691423611111111,10.56,1.3,0.0,2015-01-01,2017-08-03,888.5941390947745,918.6770573174895,10.33716755169849,0.5168583775849246,9.820309174113566,0.0,0.0,465.9551731356395,0.0,93.95345637467196,3.1682771832742715,5.5,0.0,0.0,0.0,0.0,0.0,1,6,2,0,0,1
947,216,0.0,23.590056,35.351175000000005,2.381448497510553,0.5807378472222222,10.56,1.3,0.0,2015-01-01,2017-08-04,888.9662473841682,919.0184427486226,10.335518540698281,0.516775927034914,9.818742613663368,0.0,0.0,466.23515673934793,0.0,93.9384686827056,3.1605657772385696,5.5,0.0,0.0,0.0,0.0,0.0,1,6,2,0,0,1
948,217,0.0,23.792285999999997,35.957865000000005,2.4471960066501697,0.7913194444444445,10.56,1.3,0.0,2015-01-01,2017-08-05,889.337430583279,919.3589506099461,10.333870373040284,0.5166935186520142,9.81717685438827,0.0,0.0,466.5145210961192,0.0,93.92348865579015,3.152869590523381,5.5,0.0,0.0,0.0,0.0,0.0,1,6,2,0,0,1
949,218,0.0,22.966032,36.027201000000005,2.385628369909983,0.9943315972222222,10.56,1.3,0.0,2015-01-01,2017-08-06,889.7076906572387,919.6985828619436,10.332223065462776,0.5166111532731388,9.815611912189636,0.0,0.0,466.7932670751044,0.0,93.90851644605816,3.145188611753324,5.5,0.0,0.0,0.0,0.0,0.0,1,6,2,0,0,1
950,219,0.0,23.304045000000002,35.455179,2.366869122938513,0.5546354166666667,10.56,1.3,0.0,2015-01-01,2017-08-07,890.0770295684957,920.0373414624266,10.330576634549022,0.5165288317274512,9.814047802821571,0.0,0.0,467.07139554701155,0.0,93.89355220423313,3.1375228294118056,5.5,0.0,0.0,0.0,0.0,0.0,1,6,2,0,0,1
951,220,0.0,23.373381,36.417215999999996,2.450524455132137,0.5767361111111111,10.56,1.3,0.0,2015-01-01,2017-08-08,890.4454492768092,920.3752283665244,10.328931096768088,0.5164465548384044,9.812484541929683,0.0,0.0,467.3489073840839,0.0,93.87859608000076,3.129872231909107,5.5,0.0,0.0,0.0,0.0,0.0,1,6,2,0,0,1
952,221,0.0,23.096037,36.495219,2.4341580309360475,0.976640625,10.56,1.3,0.0,2015-01-01,2017-08-09,890.8129517392492,920.712245526679,10.327287284502123,0.5163643642251062,9.810922920277017,0.0,0.0,467.6258034600824,0.0,93.86365563879713,3.128881163411288,5.5,0.0,0.0,0.0,0.0,0.0,1,6,2,0,0,1
953,222,0.0,22.922697,34.259133000000006,2.2437358767362183,1.2679947916666665,10.56,1.3,1.0,2015-01-01,2017-08-10,891.1801887367146,921.0483948926374,10.325661646825498,0.516283082341275,9.809378564484224,0.0,0.0,467.90266947008683,0.0,93.84888038457319,3.1146368992191076,5.5,0.0,0.0,0.0,0.0,0.0,1,6,2,0,0,1
954,223,0.0,22.252449,33.713112,2.152640650585448,0.8504600694444444,10.56,1.3,1.0,2015-01-01,2017-08-11,891.545865033094,921.3836784114442,10.324018854793296,0.5162009427396649,9.80781791205363,0.0,0.0,468.17833856311097,0.0,93.83394921616961,3.107031714493293,5.5,0.0,0.0,0.0,0.0,0.0,1,6,2,0,0,1
955,224,0.0,21.891323999999997,34.302468,2.1694845495759134,0.654296875,10.56,1.3,1.0,2015-01-01,2017-08-12,891.9106299297262,921.7180980274354,10.322377020567709,0.5161188510283855,9.806258169539323,0.0,0.0,468.45339451942584,0.0,93.81902675317222,3.0994416674855807,5.5,0.0,0.0,0.0,0.0,0.0,1,6,2,0,0,1
956,225,0.0,23.962736999999997,35.273171999999995,2.4052190230867363,0.896388888888889,7.237083333333334,1.3,1.0,2015-01-01,2017-08-13,892.2744853729437,922.0516556822322,10.320736159955272,0.5160368079977636,9.804699351957508,0.0,0.0,468.727838218693,0.0,93.80411313924496,3.0918667460820175,5.5,0.0,0.0,0.0,0.0,0.0,1,6,2,0,0,1
957,226,0.0,24.942107999999998,37.093242,2.6415440764499265,0.744982638888889,3.6,1.3,1.0,2015-01-01,2017-08-14,892.6374333063795,922.3843533147328,10.319096288643065,0.5159548144321534,9.803141474210912,0.0,0.0,469.00167054199665,0.0,93.78920851696614,3.0843069380844548,5.5,0.0,0.0,0.0,0.0,0.0,1,6,2,0,0,1
958,227,0.0,23.31849,35.853861,2.400074646923746,0.8415711805555556,3.6,1.3,0.0,2015-01-01,2017-08-15,892.9994756709657,922.716192861107,10.317457422187784,0.5158728711093893,9.801584551078395,0.0,0.0,469.2748923718259,0.0,93.77431302772884,3.076762231192256,5.5,0.0,0.0,0.0,0.0,0.0,1,6,2,0,0,1
959,228,0.0,22.645353,35.845194,2.3454892600304644,1.0993663194444445,3.6,1.3,0.0,2015-01-01,2017-08-16,893.3606144049317,923.0471762547893,10.315819576019589,0.5157909788009796,9.80002859721861,0.0,0.0,469.54750459205616,0.0,93.75942681177631,3.0692326130082117,5.5,0.0,0.0,0.0,0.0,0.0,1,6,2,0,0,1
960,229,0.0,22.229336999999997,34.978494000000005,2.2457193909842967,0.9832899305555556,3.6,1.3,3.0,2015-01-01,2017-08-17,893.720851443802,923.3773054264725,10.31418276544522,0.5157091382722612,9.79847362717296,0.0,0.0,469.81950808793044,0.0,93.74455000822995,3.0617180710438294,5.5,0.0,0.0,0.0,0.0,0.0,1,6,2,0,0,1
961,230,0.0,23.0859255,36.668559,2.4475524377764275,1.064262152777778,3.6,1.3,1.0,2015-01-01,2017-08-18,894.0801887203957,923.7065823041019,10.312547005642795,0.5156273502821398,9.796919655360655,0.0,0.0,470.0909037460415,0.0,93.72968275504205,3.0542185927098267,5.5,0.0,0.0,0.0,0.0,0.0,1,6,2,0,0,1
962,231,0.0,22.65402,35.42917800000001,2.313395449444483,0.8383333333333334,3.6,1.3,0.0,2015-01-01,2017-08-19,894.4386281648235,924.0350088128682,10.310912311667423,0.5155456155833712,9.795366696084052,0.0,0.0,470.3616924543133,0.0,93.71482518904705,3.0467341653255886,5.5,0.0,0.0,0.0,0.0,0.0,1,6,2,0,0,1
963,232,0.0,23.182707,34.545144,2.285711788277571,0.9067361111111112,3.6,1.3,0.0,2015-01-01,2017-08-20,894.7961717044861,924.3625868752022,10.309278698449441,0.5154639349224721,9.793814763526969,0.0,0.0,470.6318751019828,0.0,93.69997744594514,3.039264776115317,5.5,0.0,0.0,0.0,0.0,0.0,1,6,2,0,0,1
964,233,0.0,25.375458,35.342508,2.527929839378328,1.1001388888888888,3.6,1.3,0.0,2015-01-01,2017-08-21,895.1528212640732,924.6893184107678,10.307646180794176,0.5153823090397089,9.792263871754468,0.0,0.0,470.9014525795818,0.0,93.68513966030052,3.0318104122081606,5.5,0.0,0.0,0.0,0.0,0.0,1,6,2,0,0,1
965,234,0.0,25.132782,35.74119,2.5411582337363128,1.0411892361111112,3.6,1.3,0.0,2015-01-01,2017-08-22,895.5085787655597,925.0152053364566,10.306014773390526,0.5153007386695263,9.790714034720999,0.0,0.0,471.170425778919,0.0,93.67031196561899,3.0243710606517293,5.5,0.0,0.0,0.0,0.0,0.0,1,6,2,0,0,1
966,235,0.0,25.124115,36.642558,2.6180188516807275,1.0676909722222223,3.6,1.3,0.0,2015-01-01,2017-08-23,895.8634461282079,925.3402495663825,10.304384490799524,0.5152192245399763,9.789165266259548,0.0,0.0,471.4387955930625,0.0,93.65549449424435,3.0169467083922052,5.5,0.0,0.0,0.0,0.0,0.0,1,6,2,0,0,1
967,236,0.0,24.430754999999998,36.599223,2.5544468280162813,0.896232638888889,3.6,1.3,0.0,2015-01-01,2017-08-24,896.2174252685614,925.6644530118749,10.30275589003104,0.5151377945015521,9.787618095529488,0.0,0.0,471.7065629163214,0.0,93.64069230878222,3.015944691161253,5.5,0.0,0.0,0.0,0.0,0.0,1,6,2,0,0,1
968,237,0.0,22.238004,35.784525,2.308648399232316,0.8773524305555556,3.6,1.3,1.0,2015-01-01,2017-08-25,896.5711447390645,925.9878175814736,10.301145006154295,0.5150572503077148,9.78608775584658,0.0,0.0,471.9742926033441,0.0,93.62605115033321,3.002161777263974,5.5,0.0,0.0,0.0,0.0,0.0,1,6,2,0,0,1
969,238,0.0,20.933620500000004,33.002418,2.007801695554225,0.6701128472222222,3.6,1.3,0.0,2015-01-01,2017-08-26,896.9233554519633,926.3103451809225,10.299518155687247,0.5149759077843624,9.784542247902884,0.0,0.0,472.2408594076151,0.0,93.61126487318141,2.9947822784703675,5.5,0.0,0.0,0.0,0.0,0.0,1,6,2,0,0,1
970,239,0.0,20.22726,32.36106,1.916384798264356,0.9124826388888888,3.6,1.3,0.0,2015-01-01,2017-08-27,897.2746836677176,926.6320377131647,10.297892487191257,0.5148946243595629,9.782997862831694,0.0,0.0,472.5068264058019,0.0,93.59648933884341,2.9874177261374357,5.5,0.0,0.0,0.0,0.0,0.0,1,6,2,0,0,1
971,240,0.0,20.755947,32.300391000000005,1.9477104084015533,1.345859375,3.6,1.3,0.0,2015-01-01,2017-08-28,897.6251312920238,926.9528970783367,10.296268014623676,0.5148134007311839,9.781454613892492,0.0,0.0,472.77219449701965,0.0,93.58172467417616,2.9800681067614527,5.5,0.0,0.0,0.0,0.0,0.0,1,6,2,0,0,1
972,241,0.0,21.87399,33.730446,2.12622175658664,0.9073958333333332,3.6,1.3,0.0,2015-01-01,2017-08-29,897.9747002278522,927.272925173763,10.294644751830731,0.5147322375915365,9.779912514239195,0.0,0.0,473.03696458153604,0.0,93.56697100502657,2.9727334067637523,5.5,0.0,0.0,0.0,0.0,0.0,1,6,2,0,0,1
973,242,0.0,22.610685,36.443217,2.390512960649438,0.7874131944444445,3.6,1.3,0.0,2015-01-01,2017-08-30,898.323392375447,927.5921238939511,10.29302271253344,0.5146511356266722,9.77837157690677,0.0,0.0,473.3011375607548,0.0,93.55222845610362,2.965413612466781,5.5,0.0,0.0,0.0,0.0,0.0,1,6,2,0,0,1
974,243,0.0,23.3892705,36.529887,2.461130352754354,0.7486111111111111,3.6,1.3,0.0,2015-01-01,2017-08-31,898.6712096323231,927.9104951305853,10.291401910344954,0.5145700955172477,9.776831814827705,0.0,0.0,473.56471433719776,0.0,93.53749715113574,2.9581087101229024,5.5,0.0,0.0,0.0,0.0,0.0,1,6,2,0,0,1
975,244,0.0,23.130705,36.035868,2.399607451789921,0.609357638888889,3.6,1.3,0.0,2015-01-01,2017-09-01,899.0181538932666,928.228040772523,10.289782358750202,0.5144891179375102,9.775293240812692,0.0,0.0,473.8276958144882,0.0,93.52277721268615,2.9508186858801513,5.5,0.0,0.0,0.0,0.0,0.0,1,6,2,0,0,1
976,245,0.0,23.347379999999998,34.978494000000005,2.3324687761763987,0.8389756944444444,3.6,1.3,0.0,2015-01-01,2017-09-02,899.3642270503308,928.5447627057874,10.288164071130698,0.5144082035565349,9.773755867574163,0.0,0.0,474.090082897333,0.0,93.50806876237804,2.943543525823028,5.5,0.0,0.0,0.0,0.0,0.0,1,6,2,0,0,1
977,246,0.0,23.676726,35.879862,2.431321432054535,1.015954861111111,3.6,1.3,1.0,2015-01-01,2017-09-03,899.7094309928369,928.8606628135651,10.286547060745464,0.5143273530372733,9.77221970770819,0.0,0.0,474.3518764915064,0.0,93.49337192072133,2.9362832159406094,5.5,0.0,0.0,0.0,0.0,0.0,1,6,2,0,0,1
978,247,0.0,22.668465,35.290506,2.303684401635542,1.0669184027777776,3.6,1.3,0.0,2015-01-01,2017-09-04,900.0537676073714,929.1757429761992,10.284931340737549,0.5142465670368774,9.77068477370067,0.0,0.0,474.61307750383264,0.0,93.47868680717177,2.9290377421370604,5.5,0.0,0.0,0.0,0.0,0.0,1,6,2,0,0,1
979,248,0.0,22.30734,35.212503000000005,2.269640997065313,0.6868402777777778,3.6,1.3,0.0,2015-01-01,2017-09-05,900.3972387777834,929.4900050711849,10.283316924143502,0.5141658462071751,9.769151077936327,0.0,0.0,474.87368684216847,0.0,93.46401354021727,2.9218070902470763,5.5,0.0,0.0,0.0,0.0,0.0,1,6,2,0,0,1
980,249,0.0,23.659392,35.74119,2.4185923208614777,0.8592274305555556,3.6,1.3,0.0,2015-01-01,2017-09-06,900.7398463851865,929.8034509731654,10.28170382387736,0.5140851911938681,9.767618632683492,0.0,0.0,475.13370541538774,0.0,93.44935223723222,2.914591246008813,5.5,0.0,0.0,0.0,0.0,0.0,1,6,2,0,0,1
981,250,0.0,23.902068,35.793192,2.442685122068108,0.7729253472222222,3.6,1.3,0.0,2015-01-01,2017-09-07,901.0815923079535,930.1160825539259,10.28009205274963,0.5140046026374816,9.766087450112149,0.0,0.0,475.3931341333631,0.0,93.43470301464994,2.90739019509507,5.5,0.0,0.0,0.0,0.0,0.0,1,6,2,0,0,1
982,251,0.0,20.339931,34.415139,2.065195900454756,1.175685763888889,3.6,1.3,1.0,2015-01-01,2017-09-08,901.4224784217175,930.4279016823905,10.278481850366298,0.513924092518315,9.764557757847983,0.0,0.0,475.65197390695073,0.0,93.42006805022469,2.9063808511433677,5.5,0.0,0.0,0.0,0.0,0.0,1,6,2,0,0,1
983,252,0.0,19.923915,33.331764,1.9611878683408013,0.7078125,3.6,1.3,0.0,2015-01-01,2017-09-09,901.7631106928868,930.7389102246157,10.276889044816937,0.513844452240847,9.76304459257609,0.0,0.0,475.9107693257363,0.0,93.40559120384036,2.8930498261916897,5.5,0.0,0.0,0.0,0.0,0.0,1,6,2,0,0,1
984,253,0.0,21.674649,34.822488,2.192049744774626,0.6377604166666667,3.6,1.3,0.0,2015-01-01,2017-09-10,902.1022849097001,931.0491100437882,10.275281310746735,0.5137640655373368,9.761517245209397,0.0,0.0,476.16843559401866,0.0,93.39097867366016,2.8858930086208345,5.5,0.0,0.0,0.0,0.0,0.0,1,6,2,0,0,1
985,254,0.0,22.61429625,35.281839000000005,2.2987859550980683,0.8664583333333334,3.6,1.3,1.0,2015-01-01,2017-09-11,902.4406049204802,931.3585030002184,10.273674956022525,0.5136837478011262,9.759991208221399,0.0,0.0,476.42551565122073,0.0,93.37637868021432,2.878750926474477,5.5,0.0,0.0,0.0,0.0,0.0,1,6,2,0,0,1
986,255,0.0,21.21313125,33.045753,2.030257022205261,0.7858072916666666,3.6,1.3,1.0,2015-01-01,2017-09-12,902.778072589914,931.6670909513368,10.272069992896668,0.5136034996448334,9.758466493251834,0.0,0.0,476.68201041198097,0.0,93.36179133486327,2.871623565026721,5.5,0.0,0.0,0.0,0.0,0.0,1,6,2,0,0,1
987,256,0.0,20.790615,33.349098000000005,2.0219427723997563,0.665407986111111,3.6,1.3,0.0,2015-01-01,2017-09-13,903.1146897799415,931.9748757516902,10.270466433508075,0.5135233216754037,9.75694311183267,0.0,0.0,476.93792079183845,0.0,93.34721674793634,2.864510909468688,5.5,0.0,0.0,0.0,0.0,0.0,1,6,2,0,0,1
988,257,0.0,20.348598000000003,33.453102,1.9985218830730336,0.7987847222222223,3.6,1.3,0.0,2015-01-01,2017-09-14,903.4504583497531,932.2818592529368,10.268864289893967,0.5134432144946984,9.75542107539927,0.0,0.0,477.19324770721647,0.0,93.33265502883864,2.8574129449266756,5.5,0.0,0.0,0.0,0.0,0.0,1,6,2,0,0,1
989,258,0.0,19.455897,32.387061,1.8674031783604648,0.5314496527777778,3.6,1.3,0.0,2015-01-01,2017-09-15,903.7853801557891,932.5880433038428,10.26726357397065,0.5133631786985325,9.753900395272117,0.0,0.0,477.4479920754074,0.0,93.31810628587615,2.850329656430118,5.5,0.0,0.0,0.0,0.0,0.0,1,6,2,0,0,1
990,259,0.0,17.961561749999998,33.591774,1.8486674814408293,0.927578125,3.6,1.3,0.0,2015-01-01,2017-09-16,904.1194570517364,932.8934297502769,10.265664297562783,0.5132832148781391,9.752381082684643,0.0,0.0,477.7021548145545,0.0,93.30357062652206,2.843261028960724,5.5,0.0,0.0,0.0,0.0,0.0,1,6,2,0,0,1
991,260,0.0,17.653161,30.948339,1.6668728184260513,0.9355381944444444,3.6,1.3,0.0,2015-01-01,2017-09-17,904.4526908885304,933.198020435208,10.264066472376504,0.5132033236188253,9.750863148757679,0.0,0.0,477.9557368436384,0.0,93.28904815717226,2.8362070474064667,5.5,0.0,0.0,0.0,0.0,0.0,1,6,2,0,0,1
992,261,0.0,16.855797,30.159642,1.5758018462404153,0.5181163194444445,3.6,1.3,0.0,2015-01-01,2017-09-18,904.7850835143508,933.5018171987001,10.262470110018636,0.5131235055009319,9.749346604517704,0.0,0.0,478.2087390824596,0.0,93.27453898331996,2.829167696593908,5.5,0.0,0.0,0.0,0.0,0.0,1,6,2,0,0,1
993,262,0.0,16.838463,31.40769,1.646078775653909,0.649453125,3.6,1.3,0.0,2015-01-01,2017-09-19,905.1166367746226,933.8048218779093,10.260875221983497,0.5130437610991749,9.747831460884322,0.0,0.0,478.46116245162364,0.0,93.26004320943582,2.8221429612650506,5.5,0.0,0.0,0.0,0.0,0.0,1,6,2,0,0,1
994,263,0.0,17.341149,32.465064000000005,1.739087603766044,0.7126215277777778,3.6,1.3,0.0,2015-01-01,2017-09-20,905.4473525120126,934.1070363070785,10.259281819671612,0.5129640909835808,9.746317728688032,0.0,0.0,478.71300787252403,0.0,93.24556093913806,2.815132826109598,5.5,0.0,0.0,0.0,0.0,0.0,1,6,2,0,0,1
995,264,0.0,16.647789,32.213721,1.6822330222742206,0.8443229166666666,3.6,1.3,0.0,2015-01-01,2017-09-21,905.7772325664304,934.4084623175361,10.257689914361803,0.5128844957180901,9.744805418643713,0.0,0.0,478.96427626732896,0.0,93.23109227493872,2.8081372757168923,5.5,0.0,0.0,0.0,0.0,0.0,1,6,2,0,0,1
996,265,0.0,17.687829,31.92771,1.7274790838879006,0.8468315972222222,3.6,1.3,0.0,2015-01-01,2017-09-22,906.1062787750247,934.7091017376897,10.256099517247982,0.5128049758623991,9.743294541385582,0.0,0.0,479.2149685589625,0.0,93.21663731857812,2.801156294636936,5.5,0.0,0.0,0.0,0.0,0.0,1,6,2,0,0,1
997,266,0.0,20.695278,32.950416000000004,1.9877922936104733,0.9938194444444444,3.6,1.3,0.0,2015-01-01,2017-09-23,906.4344929721854,935.0089563930244,10.25451063940477,0.5127255319702386,9.741785107434533,0.0,0.0,479.46508567109214,0.0,93.20219617071241,2.7941898673238885,5.5,0.0,0.0,0.0,0.0,0.0,1,6,2,0,0,1
998,267,0.0,20.435268,32.508399,1.940128514691117,1.398237847222222,3.6,1.3,0.0,2015-01-01,2017-09-24,906.7618769895386,935.3080281060982,10.252923906926751,0.5126461953463376,9.740277711580413,0.0,0.0,479.7146285281111,0.0,93.18777452185103,2.793177457038334,5.5,0.0,0.0,0.0,0.0,0.0,1,6,2,0,0,1
999,268,0.0,18.34579875,31.087010999999997,1.7164178180434329,0.9477430555555555,3.6,1.3,1.0,2015-01-01,2017-09-25,907.0890135404414,935.6063186965393,10.25135283616881,0.5125676418084406,9.73878519436037,0.0,0.0,479.9641208341958,0.0,93.1734952207582,2.780316621959703,5.5,0.0,0.0,0.0,0.0,0.0,1,6,2,0,0,1
1000,269,0.0,16.665123,29.483616,1.5278984768381727,0.8402604166666668,3.6,1.3,1.0,2015-01-01,2017-09-26,907.4147446162222,935.9038299810422,10.249768557895026,0.5124884278947514,9.737280130000274,0.0,0.0,480.21251947694884,0.0,93.15909587790755,2.773393707525936,5.5,0.0,0.0,0.0,0.0,0.0,1,6,2,0,0,1
