fattening_day,yr,doy,rad,mint,maxt,vpr,wind,rain,aha,okta,is_observed,source_day,season_start_date
1,2015,1,16292.04596642069,1.39,11.07,0.6175678242271376,0.6036805555555556,2.64,1.3,1.0,1,1,2015-01-01
2,2015,2,19479.35331843253,3.6,11.75,0.6820145906830116,0.7432986111111111,2.64,1.3,1.0,1,2,2015-01-01
3,2015,3,17865.333402175667,3.25,10.11,0.6370365638516057,0.7726909722222222,2.64,1.3,2.0,1,3,2015-01-01
4,2015,4,11024.103903293397,0.15749999999999997,8.77,0.5461247194441231,0.9574826388888888,2.9629166666666666,1.3,4.0,1,4,2015-01-01
5,2015,5,21644.54967923847,-0.59,8.62,0.5291780697313748,1.1125694444444445,3.8400000000000003,1.3,0.0,1,5,2015-01-01
6,2015,6,21318.630255255262,0.19,12.99,0.6331001256325715,2.4544618055555554,3.8400000000000003,1.3,1.0,1,6,2015-01-01
7,2015,7,15952.024854325291,5.6575,12.94,0.761434474608906,3.8755381944444443,3.4058333333333333,1.3,2.0,1,7,2015-01-01
8,2015,8,11614.121641237043,-5.04,5.63,0.4056250611098692,1.7399131944444444,11.243333333333332,1.3,3.0,1,8,2015-01-01
9,2015,9,12568.836549505575,-8.34,2.24,0.31707123513597224,1.3357638888888888,10.08,1.3,4.0,1,9,2015-01-01
10,2015,10,9391.608520143345,-5.4,2.38,0.3554517500098806,0.8936284722222223,10.08,1.3,5.0,1,10,2015-01-01
11,2015,11,6862.093451916046,-5.553333333333334,2.55,0.3556701520856344,0.8549131944444445,10.08,1.3,4.0,1,11,2015-01-01
12,2015,12,22000.70666147491,-7.73,6.45,0.378904187554298,1.253298611111111,10.08,1.3,0.0,1,12,2015-01-01
13,2015,13,22000.70666147491,-3.17,10.88,0.5232489955055005,0.4343923611111111,10.08,1.3,0.0,1,13,2015-01-01
14,2015,14,21107.075676822642,-0.59,10.56,0.5664087089579074,1.2476215277777778,10.08,1.3,3.0,1,14,2015-01-01
15,2015,15,20674.67026852355,1.32,9.01,0.573565964064009,2.708784722222222,9.3425,1.3,4.0,1,15,2015-01-01
16,2015,16,19305.126468756163,1.8,9.83,0.6000799996975077,1.4120833333333334,5.574999999999999,1.3,2.0,1,16,2015-01-01
17,2015,17,15455.277388755629,-0.425,8.78,0.5352603759542941,1.0037326388888888,4.324999999999999,1.3,4.0,1,17,2015-01-01
18,2015,18,19094.78419953724,-3.7291666666666665,5.99,0.4308952561804913,1.61296875,3.249166666666667,1.3,2.0,1,18,2015-01-01
19,2015,19,21552.93246321847,-4.63,5.72,0.413046128528579,1.7977951388888889,3.3600000000000003,1.3,1.0,1,19,2015-01-01
20,2015,20,14367.377919166165,-4.37,6.47,0.4284036901817853,0.5011979166666667,3.3600000000000003,1.3,2.0,1,20,2015-01-01
21,2015,21,18807.03628388347,-3.55,9.92,0.4990527161007499,1.0675,3.3600000000000003,1.3,1.0,1,21,2015-01-01
22,2015,22,7251.406146672817,0.06,8.95,0.5477062496291808,1.1996701388888888,3.3600000000000003,1.3,5.0,1,22,2015-01-01
23,2015,23,20386.87722265503,-2.63,7.28,0.46944521434517744,1.9975347222222222,3.3600000000000003,1.3,1.0,1,23,2015-01-01
24,2015,24,16408.441916115524,-3.16,5.45,0.43134846359339934,1.1292708333333334,3.3600000000000003,1.3,2.0,1,24,2015-01-01
25,2015,25,11528.045644152862,-2.93,7.83,0.4736498847871605,0.6724652777777779,3.3600000000000003,1.3,2.0,1,25,2015-01-01
26,2015,26,7876.902396757908,-0.51,9.33,0.5440699821682798,1.5565798611111112,3.3600000000000003,1.3,4.0,1,26,2015-01-01
27,2015,27,17403.411277448675,0.66,10.66,0.5936612379565486,1.0599131944444444,3.3600000000000003,1.3,4.0,1,27,2015-01-01
28,2015,28,3924.561662491067,0.54,9.92,0.5761700559730059,1.9000000000000001,6.108333333333333,1.3,7.0,1,28,2015-01-01
29,2015,29,3979.75116173506,3.42,11.17,0.6645174699512197,1.9984548611111113,4.32,1.3,7.0,1,29,2015-01-01
30,2015,30,13242.28134234109,5.39,9.94,0.6815489942402565,2.1109201388888885,6.418333333333333,1.3,4.0,1,30,2015-01-01
31,2015,31,21661.631256391494,0.96,10.49,0.5963455711133926,2.21546875,28.853749999999998,1.3,2.0,1,31,2015-01-01
32,2015,32,21786.91467197029,1.44,11.09,0.6190630288836136,1.0483680555555557,29.040000000000003,1.3,1.0,1,32,2015-01-01
33,2015,33,19505.53547104587,1.96,12.49,0.6613377961911532,1.2240451388888889,29.040000000000003,1.3,3.0,1,33,2015-01-01
34,2015,34,21372.208428857855,4.05,14.27,0.7543437884444673,1.3354861111111112,29.040000000000003,1.3,3.0,1,34,2015-01-01
35,2015,35,10927.43401661814,6.7575,15.2,0.852059682819204,2.200920138888889,29.040000000000003,1.3,5.0,1,35,2015-01-01
36,2015,36,19338.39278547252,-1.6,10.46,0.5448337376064113,2.271440972222222,7.721250000000001,1.3,2.0,1,36,2015-01-01
37,2015,37,22000.70666147491,-1.32,11.07,0.5620737041028031,1.4782118055555555,2.4000000000000004,1.3,0.0,1,37,2015-01-01
38,2015,38,8633.83149413076,-1.0,11.58,0.5785830791155798,1.863454861111111,2.4000000000000004,1.3,6.0,1,38,2015-01-01
39,2015,39,5309.25255442458,6.2,12.78,0.7713042031782075,3.189253472222222,4.187916666666667,1.3,7.0,1,39,2015-01-01
40,2015,40,8960.27502536108,7.08,12.46,0.7859569542673281,3.1455208333333333,5.870833333333334,1.3,6.0,1,40,2015-01-01
41,2015,41,6986.586455589725,6.81,11.34,0.750028695896142,3.2867708333333336,12.339166666666666,1.3,7.0,1,41,2015-01-01
42,2015,42,7299.492254410756,7.47,10.77,0.752310443752916,2.7130034722222223,12.6225,1.3,7.0,1,42,2015-01-01
43,2015,43,7631.8485590216005,2.7175000000000002,11.09,0.6469165689241436,2.261961805555556,14.504583333333333,1.3,5.0,1,43,2015-01-01
44,2015,44,20540.295243414563,2.07,10.97,0.6300532827773128,0.9731423611111111,16.799999999999997,1.3,0.0,1,44,2015-01-01
45,2015,45,17807.207244247915,-0.3475,10.46,0.5692323167753089,1.222170138888889,16.799999999999997,1.3,2.0,1,45,2015-01-01
46,2015,46,17145.324204941495,-0.79,8.95,0.5316036357509248,1.3276215277777779,16.799999999999997,1.3,2.0,1,46,2015-01-01
47,2015,47,3805.8090742179875,1.61,6.64,0.5332886142939034,0.9835416666666666,13.88583333333333,1.3,7.0,1,47,2015-01-01
48,2015,48,13147.44652880581,1.92,9.73,0.6004962057778098,1.2763368055555555,7.84375,1.3,4.0,1,48,2015-01-01
49,2015,49,14616.030212443662,1.4475,10.7,0.6109315455200022,1.4978298611111112,4.347916666666666,1.3,4.0,1,49,2015-01-01
50,2015,50,9404.811493623127,0.95,7.15,0.530482927673452,1.513142361111111,8.301666666666668,1.3,6.0,1,50,2015-01-01
51,2015,51,10659.016674622302,1.2441666666666666,6.97,0.5326171795500185,2.476736111111111,8.0,1.3,6.0,1,51,2015-01-01
52,2015,52,12806.692636509895,-7.8325,2.17,0.3222889400477366,1.480815972222222,10.895,1.3,4.0,1,52,2015-01-01
53,2015,53,8600.974364231199,-8.209166666666667,0.85,0.3024692413901447,2.91015625,2.88,1.3,5.0,1,53,2015-01-01
54,2015,54,19394.262857871086,-8.35,2.54,0.3205213947628482,2.77953125,2.88,1.3,2.0,1,54,2015-01-01
55,2015,55,21997.597510115294,-6.51,5.44,0.3818252112626945,1.783263888888889,2.88,1.3,0.0,1,55,2015-01-01
56,2015,56,8863.718096060285,-5.6,5.3,0.39270676608584454,0.8753472222222222,2.88,1.3,5.0,1,56,2015-01-01
57,2015,57,18986.67836704137,-3.825,6.08,0.4308046652068463,1.8381076388888888,2.88,1.3,1.0,1,57,2015-01-01
58,2015,58,21896.314715164917,-4.84,8.41,0.45165736725014194,1.4773437500000002,2.88,1.3,0.0,1,58,2015-01-01
59,2015,59,22000.70666147491,-1.51,11.03,0.5575729608953012,1.1996875,2.88,1.3,0.0,1,59,2015-01-01
60,2015,60,20525.369718772872,3.01,14.0,0.7216490824250477,1.3119618055555555,2.88,1.3,0.0,1,60,2015-01-01
61,2015,61,13389.194981676963,1.54,11.45,0.6289682595856247,0.8863368055555556,2.88,1.3,2.0,1,61,2015-01-01
62,2015,62,13611.222322395397,1.4,10.37,0.602998789358753,1.814392361111111,3.330833333333333,1.3,3.0,1,62,2015-01-01
63,2015,63,12111.964797172956,2.4074999999999998,9.05,0.5965007623666945,1.410642361111111,2.4000000000000004,1.3,3.0,1,63,2015-01-01
64,2015,64,12129.135856561137,-1.4358333333333333,9.3,0.5260980930813068,1.9800173611111112,3.998333333333333,1.3,4.0,1,64,2015-01-01
65,2015,65,21752.110308445863,-2.62,7.41,0.4717957505070064,2.77640625,3.3600000000000003,1.3,0.0,1,65,2015-01-01
66,2015,66,19722.630363106466,-2.26,12.9,0.5797929283047699,1.0739236111111112,3.3600000000000003,1.3,1.0,1,66,2015-01-01
67,2015,67,7027.364872630097,3.07,15.08,0.750028695896142,0.7561111111111111,3.3600000000000003,1.3,7.0,1,67,2015-01-01
68,2015,68,16768.306855436018,0.73,12.32,0.6302704851908877,2.481423611111111,3.2308333333333334,1.3,3.0,1,68,2015-01-01
69,2015,69,16938.55562909899,-3.6033333333333335,7.52,0.45730103180299947,2.2061631944444446,2.88,1.3,2.0,1,69,2015-01-01
70,2015,70,22000.70666147491,-4.5,11.83,0.5162844080676127,1.398767361111111,2.88,1.3,0.0,1,70,2015-01-01
71,2015,71,19710.04007258946,0.79,13.05,0.6476393398195057,1.74546875,2.88,1.3,2.0,1,71,2015-01-01
72,2015,72,3834.8129474774178,4.38,10.52,0.671606128584187,1.4749131944444445,2.88,1.3,7.0,1,72,2015-01-01
73,2015,73,19990.959625449912,3.06,16.64,0.790188164410532,0.8102430555555555,2.88,1.3,1.0,1,73,2015-01-01
74,2015,74,12440.091931084338,4.97,16.42,0.8361185615405324,1.1728993055555557,5.47625,1.3,5.0,1,74,2015-01-01
75,2015,75,13572.48215885536,6.36,14.52,0.8220168854363613,0.9857291666666667,6.219166666666667,1.3,3.0,1,75,2015-01-01
76,2015,76,11018.785590951671,6.0,14.31,0.8065039934756427,2.078402777777778,10.8925,1.3,4.0,1,76,2015-01-01
77,2015,77,18777.575036263363,4.886666666666667,14.46,0.7808708356431103,1.5250868055555555,12.544583333333334,1.3,3.0,1,77,2015-01-01
78,2015,78,14485.897669165048,4.46,14.38,0.7676787757257568,1.8092708333333332,3.8341666666666665,1.3,4.0,1,78,2015-01-01
79,2015,79,8013.379483434142,7.98,11.56,0.7859569542673281,4.473645833333333,8.57125,1.3,5.0,1,79,2015-01-01
80,2015,80,15983.62698246314,8.05,15.73,0.9050749137410654,2.0703645833333333,5.38125,1.3,4.0,1,80,2015-01-01
81,2015,81,8065.971166478712,2.7866666666666666,13.7,0.7089406117877947,3.4928993055555555,16.868333333333332,1.3,5.0,1,81,2015-01-01
82,2015,82,14056.007939922174,1.64,7.65,0.5531040296689078,1.7621180555555556,3.8833333333333337,1.3,3.0,1,82,2015-01-01
83,2015,83,3831.9001770269474,1.5,11.32,0.6252914841858919,1.2350694444444443,2.4000000000000004,1.3,8.0,1,83,2015-01-01
84,2015,84,9439.267419478596,4.46,11.49,0.6961133425704069,1.4150347222222222,4.993333333333333,1.3,7.0,1,84,2015-01-01
85,2015,85,4331.19565167288,2.3858333333333333,9.95,0.6149234428936368,1.5967708333333333,7.485833333333334,1.3,7.0,1,85,2015-01-01
86,2015,86,19681.683465085684,1.9,13.95,0.6937458836541361,1.5317708333333333,2.88,1.3,1.0,1,86,2015-01-01
87,2015,87,16500.00339487638,3.58,16.49,0.8000496450074712,0.8634201388888889,2.88,1.3,3.0,1,87,2015-01-01
88,2015,88,4280.297198003205,7.14,18.08,0.948990858464783,0.9290104166666667,3.21125,1.3,6.0,1,88,2015-01-01
89,2015,89,5162.026782549244,8.315,14.81,0.8856971051001753,2.4235243055555555,18.2675,1.3,7.0,1,89,2015-01-01
90,2015,90,15934.519067424571,6.07,13.76,0.7936407589971772,2.681440972222222,10.759166666666665,1.3,1.0,1,90,2015-01-01
91,2015,91,8869.858388915613,5.01,14.47,0.7843753949993675,0.9532812500000001,18.48,1.3,3.0,1,91,2015-01-01
92,2015,92,21628.189936351126,6.09,16.27,0.8635272486423664,1.1737673611111112,18.48,1.3,0.0,1,92,2015-01-01
93,2015,93,3996.14189615308,6.48,18.0,0.9261947422256398,1.6507118055555554,18.48,1.3,6.0,1,93,2015-01-01
94,2015,94,19433.875887047478,8.69,17.77,0.988295387152221,0.9244444444444445,18.48,1.3,2.0,1,94,2015-01-01
95,2015,95,20387.96680127398,8.26,19.75,1.0394303616078837,1.9295833333333334,18.48,1.3,1.0,1,95,2015-01-01
96,2015,96,21950.049250105563,7.58,19.33,1.0029084476196362,2.2168923611111113,18.48,1.3,1.0,1,96,2015-01-01
97,2015,97,10435.243624019648,10.83,21.86,1.2081836184778427,2.5185243055555557,18.48,1.3,4.0,1,97,2015-01-01
98,2015,98,17771.43259540648,10.415,20.82,1.1533182839370284,1.2857465277777778,18.48,1.3,1.0,1,98,2015-01-01
99,2015,99,18605.612181701104,8.82,24.23,1.222106375124246,2.0356770833333333,18.48,1.3,1.0,1,99,2015-01-01
100,2015,100,13506.393439616839,13.51,23.7,1.393485353243293,3.200503472222222,11.375833333333334,1.3,3.0,1,100,2015-01-01
101,2015,101,7875.320627705559,15.5,19.4,1.2958941967503124,3.878854166666667,8.375416666666666,1.3,7.0,1,101,2015-01-01
102,2015,102,8786.548675089318,13.758333333333333,17.63,1.158995339420398,4.527065972222222,8.004583333333333,1.3,6.0,1,102,2015-01-01
103,2015,103,14686.467862517044,5.41,15.12,0.8124606518261327,2.846232638888889,5.258333333333334,1.3,2.0,1,103,2015-01-01
104,2015,104,14731.891555743068,4.53,13.14,0.7379618997368121,1.7317361111111111,4.5600000000000005,1.3,2.0,1,104,2015-01-01
105,2015,105,22000.70666147491,5.08,15.73,0.8200977726533998,1.5105034722222221,4.5600000000000005,1.3,0.0,1,105,2015-01-01
106,2015,106,10137.599234777614,9.87,18.11,1.0384190405814706,2.9096354166666667,4.361666666666667,1.3,3.0,1,106,2015-01-01
107,2015,107,16505.780662496712,8.66,19.88,1.0574400787909977,2.6620833333333334,4.887499999999999,1.3,2.0,1,107,2015-01-01
108,2015,108,17943.66211666606,7.61,17.25,0.9378400550225544,2.147621527777778,5.04,1.3,1.0,1,108,2015-01-01
109,2015,109,21861.53191895148,8.15,20.92,1.0757229512614008,2.0521006944444444,5.04,1.3,0.0,1,109,2015-01-01
110,2015,110,22000.70666147491,10.15,21.21,1.1579444771909317,1.9716493055555557,5.04,1.3,0.0,1,110,2015-01-01
111,2015,111,20990.548269475963,11.3,24.43,1.330247320383398,1.6849131944444444,5.04,1.3,0.0,1,111,2015-01-01
112,2015,112,11823.710079146378,14.63,26.1,1.5545650097754844,3.6334375000000003,5.04,1.3,2.0,1,112,2015-01-01
113,2015,113,13336.05596951851,14.53,23.45,1.427414829167162,2.6830902777777776,4.2925,1.3,2.0,1,113,2015-01-01
114,2015,114,13562.519083391195,8.4225,22.97,1.1591499484669658,4.33609375,14.441666666666666,1.3,2.0,1,114,2015-01-01
115,2015,115,18608.272879288623,3.4033333333333333,14.12,0.7343090565859625,4.220260416666666,19.919999999999998,1.3,1.0,1,115,2015-01-01
116,2015,116,22000.70666147491,3.39,19.46,0.8776706501065007,2.599479166666667,19.919999999999998,1.3,0.0,1,116,2015-01-01
117,2015,117,22000.70666147491,10.01,21.82,1.175484849071729,3.5033159722222225,19.919999999999998,1.3,0.0,1,117,2015-01-01
118,2015,118,10622.977864633838,10.1975,22.35,1.2027110420051073,1.9813368055555556,11.572916666666664,1.3,3.0,1,118,2015-01-01
119,2015,119,21717.15747816052,10.18,24.8,1.2991711599868014,2.181857638888889,3.8400000000000003,1.3,0.0,1,119,2015-01-01
120,2015,120,13959.999320263305,14.63,27.76,1.636017852951866,1.4526041666666665,3.8400000000000003,1.3,2.0,1,120,2015-01-01
121,2015,121,8372.686728666746,16.24,30.64,1.8753016732670285,1.6394097222222221,3.8400000000000003,1.3,4.0,1,121,2015-01-01
122,2015,122,10155.24504969894,16.38,29.12,1.7987029704306996,1.6697569444444444,3.8400000000000003,1.3,4.0,1,122,2015-01-01
123,2015,123,22000.70666147491,14.37,28.42,1.6561937193790888,3.0916145833333335,3.8400000000000003,1.3,0.0,1,123,2015-01-01
124,2015,124,20663.216531943835,14.5,27.53,1.6180435466352407,1.4856423611111111,3.8400000000000003,1.3,2.0,1,124,2015-01-01
125,2015,125,5758.635945423673,15.2,25.4,1.5483385692306475,1.2709895833333333,7.1625000000000005,1.3,5.0,1,125,2015-01-01
126,2015,126,11002.341784219516,14.224166666666667,23.78,1.4284913116040885,1.6545486111111112,6.847083333333333,1.3,4.0,1,126,2015-01-01
127,2015,127,9658.092401763528,10.190833333333334,19.9,1.111720341180562,1.6371527777777777,6.047916666666667,1.3,5.0,1,127,2015-01-01
128,2015,128,17693.035197816986,9.8,25.18,1.2991711599868014,1.3133506944444444,5.28,1.3,3.0,1,128,2015-01-01
129,2015,129,14410.613195399443,14.16,25.62,1.509564230597708,1.50171875,5.28,1.3,4.0,1,129,2015-01-01
130,2015,130,11428.907434720642,12.895,22.67,1.3233552902195522,1.3242534722222221,4.669583333333334,1.3,5.0,1,130,2015-01-01
131,2015,131,15210.908468784766,12.37,24.28,1.369254712161699,1.5080034722222222,4.345416666666667,1.3,2.0,1,131,2015-01-01
132,2015,132,19175.266224517905,17.05,28.71,1.8129221022495459,1.8814930555555556,8.16,1.3,1.0,1,132,2015-01-01
133,2015,133,12667.535058589156,17.7725,29.92,1.9217193462580808,0.9807118055555555,8.16,1.3,2.0,1,133,2015-01-01
134,2015,134,3958.8007826215976,17.74,29.04,1.869656922869186,1.7795833333333333,5.890000000000001,1.3,7.0,1,134,2015-01-01
135,2015,135,17490.704211037246,13.23,25.88,1.4785158193783414,3.8624479166666665,2.4000000000000004,1.3,3.0,1,135,2015-01-01
136,2015,136,21278.445384309132,10.565833333333332,23.62,1.2669597055815884,3.2523437499999996,2.4000000000000004,1.3,0.0,1,136,2015-01-01
137,2015,137,20985.326419950896,10.18,26.57,1.3735543682278935,1.3080381944444446,2.4000000000000004,1.3,0.0,1,137,2015-01-01
138,2015,138,17432.821283226127,13.41,28.21,1.5977832227183912,1.6608159722222222,2.4000000000000004,1.3,1.0,1,138,2015-01-01
139,2015,139,18098.468063541877,14.66,29.99,1.7528945515124021,1.7786631944444444,2.4000000000000004,1.3,2.0,1,139,2015-01-01
140,2015,140,15940.569378845394,16.714166666666664,30.64,1.9022701503542367,2.2501041666666666,2.4000000000000004,1.3,2.0,1,140,2015-01-01
141,2015,141,14085.871770461266,14.2,27.8,1.6165535082268425,2.6774305555555555,3.158333333333333,1.3,2.0,1,141,2015-01-01
142,2015,142,13541.61008216041,14.62,29.77,1.739087603766044,1.9306597222222222,3.3600000000000003,1.3,3.0,1,142,2015-01-01
143,2015,143,13050.506964060909,16.089166666666664,30.17,1.8404962817533812,2.2303645833333334,7.532083333333334,1.3,2.0,1,143,2015-01-01
144,2015,144,18160.79057128896,15.34,30.42,1.8129221022495459,2.6136458333333334,8.910833333333334,1.3,1.0,1,144,2015-01-01
145,2015,145,17840.686029196324,16.92,29.28,1.837208880738795,1.5699479166666666,4.5600000000000005,1.3,1.0,1,145,2015-01-01
146,2015,146,19997.704162415328,17.67,28.75,1.8494584194684474,2.2216493055555557,4.5600000000000005,1.3,0.0,1,146,2015-01-01
147,2015,147,12511.874029551109,16.86,27.08,1.7154153229904847,1.9988888888888887,3.9970833333333338,1.3,2.0,1,147,2015-01-01
148,2015,148,14091.680563023727,16.99,29.74,1.866840112861808,2.1376041666666667,3.3600000000000003,1.3,1.0,1,148,2015-01-01
149,2015,149,5464.753239307796,18.8,29.03,1.9296730246259683,2.4117534722222222,3.3600000000000003,1.3,5.0,1,149,2015-01-01
150,2015,150,8223.524840612432,18.75,30.61,2.0201327056607608,1.952829861111111,2.861666666666667,1.3,5.0,1,150,2015-01-01
151,2015,151,8376.470252898318,19.11,33.33,2.213512564929405,1.6302430555555556,2.4000000000000004,1.3,6.0,1,151,2015-01-01
152,2015,152,10559.885570872786,19.1,32.17,2.1382335053754695,1.8760243055555554,3.4691666666666667,1.3,4.0,1,152,2015-01-01
153,2015,153,9657.571710906166,19.73,35.74,2.419297968399253,2.3905381944444444,2.944583333333333,1.3,4.0,1,153,2015-01-01
154,2015,154,9703.724572211502,22.01,35.38,2.558148818792852,2.51828125,3.110833333333334,1.3,4.0,1,154,2015-01-01
155,2015,155,15065.015392302572,21.45,35.71,2.5411582337363128,2.5589583333333334,2.64,1.3,3.0,1,155,2015-01-01
156,2015,156,9015.875340255758,22.87,35.08,2.599931164493043,2.7436631944444443,2.64,1.3,5.0,1,156,2015-01-01
157,2015,157,16431.88428192669,23.83,35.28,2.688373107701448,2.3528645833333335,2.64,1.3,2.0,1,157,2015-01-01
158,2015,158,17540.804208862464,17.34,35.88,2.2649722651299777,2.475138888888889,2.64,1.3,1.0,1,158,2015-01-01
159,2015,159,20234.34236102914,15.69,30.12,1.8156677722801977,2.4783333333333335,2.64,1.3,2.0,1,159,2015-01-01
160,2015,160,15072.959474542895,16.23,32.2,1.9647170792523985,3.2862673611111113,2.64,1.3,2.0,1,160,2015-01-01
161,2015,161,16799.110957969864,20.9725,33.28,2.334691490687883,1.2414756944444445,2.64,1.3,1.0,1,161,2015-01-01
162,2015,162,15335.614153487008,20.84,33.31,2.32768764999029,1.779496527777778,2.64,1.3,2.0,1,162,2015-01-01
163,2015,163,20816.879381389914,18.67,35.51,2.3297356578257586,1.9715798611111108,2.64,1.3,0.0,1,163,2015-01-01
164,2015,164,21986.280884577423,15.345,33.88,2.012004882537044,3.2048958333333335,2.64,1.3,0.0,1,164,2015-01-01
165,2015,165,21953.37053219913,15.2,33.07,1.9553181393960795,1.9289756944444443,2.64,1.3,0.0,1,165,2015-01-01
166,2015,166,21637.955868770387,17.15,34.51,2.163074652956617,2.535329861111111,2.64,1.3,0.0,1,166,2015-01-01
167,2015,167,18483.622225960982,18.45,32.85,2.1401354942580793,1.7606597222222222,2.64,1.3,1.0,1,167,2015-01-01
168,2015,168,20859.375768411857,17.91583333333333,32.92,2.110872000356285,2.669166666666667,2.64,1.3,0.0,1,168,2015-01-01
169,2015,169,14057.7129611834,17.49,31.48,1.9967301179150008,2.621579861111111,2.64,1.3,2.0,1,169,2015-01-01
170,2015,170,21753.266429816143,17.8,32.26,2.0627378334705,1.9583854166666665,2.64,1.3,0.0,1,170,2015-01-01
171,2015,171,21371.098545068035,19.51,34.87,2.3434291953861743,1.0436458333333334,2.64,1.3,0.0,1,171,2015-01-01
172,2015,172,20199.78355651428,21.05,37.54,2.6484083317576546,2.158888888888889,2.64,1.3,1.0,1,172,2015-01-01
173,2015,173,21609.852761400052,19.528333333333332,36.84,2.483424579984334,2.0813368055555554,2.64,1.3,0.0,1,173,2015-01-01
174,2015,174,21994.530156812707,19.28,36.15,2.416476453327246,1.7965277777777777,2.64,1.3,0.0,1,174,2015-01-01
175,2015,175,22000.70666147491,20.85,34.79,2.431321432054535,3.134409722222222,2.64,1.3,0.0,1,175,2015-01-01
176,2015,176,19008.191791922603,22.47,35.35,2.590179140640145,3.686267361111111,2.64,1.3,2.0,1,176,2015-01-01
177,2015,177,16811.73918812079,20.863333333333333,33.91,2.3705644380994952,2.1713194444444444,2.64,1.3,2.0,1,177,2015-01-01
178,2015,178,20817.04719792824,18.43,32.45,2.1136413988434364,2.899704861111111,2.64,1.3,1.0,1,178,2015-01-01
179,2015,179,21956.17549259705,18.38,33.92,2.2043848651724973,1.4467708333333333,2.64,1.3,0.0,1,179,2015-01-01
180,2015,180,22000.70666147491,19.72,38.05,2.5864368456489784,1.9571874999999999,2.64,1.3,0.0,1,180,2015-01-01
181,2015,181,21994.530156812707,22.81,39.61,2.9552791555012843,2.7846180555555557,2.64,1.3,0.0,1,181,2015-01-01
182,2015,182,16688.734999851666,23.05,39.43,2.9603224078041803,2.414791666666667,2.64,1.3,1.0,1,182,2015-01-01
183,2015,183,21549.628314659174,22.2,36.58,2.662950511655121,1.9848958333333333,2.64,1.3,0.0,1,183,2015-01-01
184,2015,184,20011.67765852755,24.96,36.3,2.8592329875132774,2.7947569444444444,2.64,1.3,1.0,1,184,2015-01-01
185,2015,185,18655.560411537183,19.619166666666665,36.81,2.4878200945080926,2.720034722222222,2.64,1.3,2.0,1,185,2015-01-01
186,2015,186,17861.288428561755,19.01,36.76,2.4405509150000935,1.4101041666666667,2.64,1.3,2.0,1,186,2015-01-01
187,2015,187,17528.14595082835,22.65,36.7,2.7069946098340725,1.9469270833333334,2.64,1.3,1.0,1,187,2015-01-01
188,2015,188,16602.62960929213,23.98,37.59,2.8846309708621005,1.71265625,2.64,1.3,2.0,1,188,2015-01-01
189,2015,189,21351.936336174713,22.17,36.19,2.6308971080024666,3.0521875,2.64,1.3,0.0,1,189,2015-01-01
190,2015,190,19306.143321702726,24.15,36.0,2.7698789206408434,2.5706597222222225,2.64,1.3,1.0,1,190,2015-01-01
191,2015,191,18368.29227097901,25.9575,36.47,2.9559091534659303,2.0578993055555554,2.64,1.3,1.0,1,191,2015-01-01
192,2015,192,17802.08534348154,25.68,38.3,3.0888579677137256,1.523298611111111,2.64,1.3,1.0,1,192,2015-01-01
193,2015,193,21150.197710681427,22.854166666666664,38.05,2.830319738368283,2.3966319444444446,2.64,1.3,2.0,1,193,2015-01-01
194,2015,194,21864.921022970597,22.49,36.88,2.7085514530015122,2.784409722222222,2.64,1.3,0.0,1,194,2015-01-01
195,2015,195,21521.266757212965,22.07,36.42,2.640782337630118,1.7576215277777778,2.64,1.3,0.0,1,195,2015-01-01
196,2015,196,18448.162123879414,24.02,37.01,2.840515145278218,1.9153645833333333,2.64,1.3,1.0,1,196,2015-01-01
197,2015,197,16512.559071497933,22.43,36.36,2.663717809770753,1.7455381944444444,2.64,1.3,2.0,1,197,2015-01-01
198,2015,198,15940.070939873298,20.81,36.62,2.5611137719402306,2.457795138888889,2.64,1.3,2.0,1,198,2015-01-01
199,2015,199,14514.699279045484,19.341666666666665,33.55,2.243185171522232,2.4209895833333333,2.7820833333333335,1.3,3.0,1,199,2015-01-01
200,2015,200,10058.843797710675,17.02416666666667,29.95,1.8806307383050938,2.3397222222222225,7.441666666666666,1.3,5.0,1,200,2015-01-01
201,2015,201,19822.011628014632,16.442500000000003,28.88,1.7890516961605676,2.698993055555556,8.600000000000001,1.3,2.0,1,201,2015-01-01
202,2015,202,20688.99173126425,16.42,29.71,1.8333261814471884,1.9688368055555554,9.120000000000001,1.3,1.0,1,202,2015-01-01
203,2015,203,20523.258380843447,18.2525,31.88,2.067194960170056,1.5855902777777777,9.120000000000001,1.3,2.0,1,203,2015-01-01
204,2015,204,10965.428275013724,17.8,30.96,1.9842269473578005,2.433333333333333,9.120000000000001,1.3,4.0,1,204,2015-01-01
205,2015,205,19424.24335864333,18.72,31.49,2.0719687591252134,1.8334374999999998,9.120000000000001,1.3,0.0,1,205,2015-01-01
206,2015,206,19010.835212104084,18.996666666666666,32.67,2.163501465269498,1.5855902777777777,9.120000000000001,1.3,0.0,1,206,2015-01-01
207,2015,207,21657.90865219448,18.97,33.83,2.237135182443449,1.889079861111111,9.120000000000001,1.3,0.0,1,207,2015-01-01
208,2015,208,21028.729559610758,19.16,34.54,2.2971551570706565,1.3606770833333333,9.120000000000001,1.3,0.0,1,208,2015-01-01
209,2015,209,21357.243297482783,21.865000000000002,35.74,2.574120629839225,1.845,9.120000000000001,1.3,0.0,1,209,2015-01-01
210,2015,210,18849.9323231458,21.25,35.57,2.5162216195190816,2.089670138888889,9.120000000000001,1.3,1.0,1,210,2015-01-01
211,2015,211,20544.235205838966,21.04,34.16,2.4003082741899977,1.5664756944444445,9.120000000000001,1.3,0.0,1,211,2015-01-01
212,2015,212,20415.419326438398,21.04,34.39,2.416476453327246,1.36890625,9.120000000000001,1.3,0.0,1,212,2015-01-01
213,2015,213,20959.808784725694,22.1525,35.8,2.600119016051356,1.6142013888888889,9.120000000000001,1.3,0.0,1,213,2015-01-01
214,2015,214,19707.787873269204,21.32,36.37,2.5804589587886113,1.9416840277777778,9.120000000000001,1.3,0.0,1,214,2015-01-01
215,2015,215,20304.8247913336,20.71,34.58,2.406623699945719,1.9422743055555556,9.120000000000001,1.3,0.0,1,215,2015-01-01
216,2015,216,21150.68306782719,20.22,33.53,2.300530337075799,1.4659027777777778,9.120000000000001,1.3,0.0,1,216,2015-01-01
217,2015,217,19348.071589169547,19.82,33.93,2.300530337075799,1.0464930555555556,9.120000000000001,1.3,0.0,1,217,2015-01-01
218,2015,218,17775.627528233057,20.68,36.05,2.509656508741738,1.51109375,9.120000000000001,1.3,1.0,1,218,2015-01-01
219,2015,219,17103.02584760362,20.713333333333335,35.61,2.480177454677827,2.042222222222222,9.120000000000001,1.3,2.0,1,219,2015-01-01
220,2015,220,16440.44573727509,19.595833333333335,35.99,2.4274847918863056,2.392378472222222,9.120000000000001,1.3,1.0,1,220,2015-01-01
221,2015,221,19058.899757765193,17.615833333333335,32.44,2.06248193159866,2.45734375,9.120000000000001,1.3,0.0,1,221,2015-01-01
222,2015,222,19247.977514760532,17.21,32.13,2.0189267797721366,1.9189409722222222,9.120000000000001,1.3,0.0,1,222,2015-01-01
223,2015,223,21550.537022013665,22.41,33.07,2.420003795180633,2.944045138888889,9.120000000000001,1.3,0.0,1,223,2015-01-01
224,2015,224,20885.04815026137,22.73,35.16,2.5954262681358067,1.2485763888888888,9.120000000000001,1.3,0.0,1,224,2015-01-01
225,2015,225,22000.70666147491,20.34,35.18,2.4228288955075277,1.2968923611111112,9.120000000000001,1.3,0.0,1,225,2015-01-01
226,2015,226,21968.107583335885,22.63,35.8,2.636215916303839,1.6837847222222222,9.120000000000001,1.3,0.0,1,226,2015-01-01
227,2015,227,19860.796857120265,23.5,36.13,2.7288613902922436,1.7894965277777777,9.120000000000001,1.3,0.0,1,227,2015-01-01
228,2015,228,22000.70666147491,23.24,36.52,2.739065930556231,2.5140451388888887,9.120000000000001,1.3,0.0,1,228,2015-01-01
229,2015,229,21947.812633186666,24.43,38.53,3.000938373936983,1.9122916666666667,9.120000000000001,1.3,0.0,1,229,2015-01-01
230,2015,230,21237.280830807107,22.41,37.36,2.739852267860833,1.7653472222222222,9.120000000000001,1.3,0.0,1,230,2015-01-01
231,2015,231,22000.70666147491,22.36,37.55,2.7508816204358406,2.062760416666667,9.120000000000001,1.3,0.0,1,231,2015-01-01
232,2015,232,22000.70666147491,22.659999999999997,38.42,2.844575154763773,1.8814236111111111,9.120000000000001,1.3,0.0,1,232,2015-01-01
233,2015,233,21580.749510757672,20.62,36.47,2.5360067173909417,2.013888888888889,9.120000000000001,1.3,0.0,1,233,2015-01-01
234,2015,234,19795.54803851696,18.489166666666666,34.15,2.226554552269656,2.2340277777777775,9.120000000000001,1.3,0.0,1,234,2015-01-01
235,2015,235,21270.241040625933,18.14,33.22,2.1439438966975177,1.645486111111111,9.120000000000001,1.3,0.0,1,235,2015-01-01
236,2015,236,19972.55754509816,19.5275,33.41,2.2462155081929485,1.4433159722222222,9.120000000000001,1.3,0.0,1,236,2015-01-01
237,2015,237,19681.403268106795,16.365833333333335,29.35,1.810499776252609,3.323420138888889,9.120000000000001,1.3,0.0,1,237,2015-01-01
238,2015,238,19924.953874449257,16.13,30.03,1.8349893174475957,1.5360590277777777,8.297083333333333,1.3,1.0,1,238,2015-01-01
239,2015,239,21497.099187153603,15.55,29.64,1.7818767279274963,2.5875000000000004,7.92,1.3,0.0,1,239,2015-01-01
240,2015,240,20556.87912669715,14.89,29.71,1.750231959473815,1.5268402777777776,17.140416666666667,1.3,0.0,1,240,2015-01-01
241,2015,241,19610.8707843405,15.98,30.13,1.8322181552764705,1.4195833333333332,15.278333333333332,1.3,1.0,1,241,2015-01-01
242,2015,242,18691.76679098098,17.77,30.77,1.9712016908232193,2.101267361111111,9.495833333333334,1.3,1.0,1,242,2015-01-01
243,2015,243,12566.841812942632,19.22083333333333,31.17,2.083145022171687,1.5843229166666668,8.16,1.3,3.0,1,243,2015-01-01
244,2015,244,14834.957629771716,16.28,26.65,1.6633064536189703,2.2340625,6.255833333333333,1.3,3.0,1,244,2015-01-01
245,2015,245,20529.86662241049,15.12,28.59,1.7034252141708097,2.3163194444444444,4.800000000000001,1.3,1.0,1,245,2015-01-01
246,2015,246,20551.2736882931,16.44,28.1,1.7470415118259874,1.643454861111111,4.800000000000001,1.3,1.0,1,246,2015-01-01
247,2015,247,21992.457389239626,17.86,30.58,1.9653058193970907,1.992916666666667,4.800000000000001,1.3,0.0,1,247,2015-01-01
248,2015,248,21608.94935883719,19.01,32.97,2.183644624161156,1.4397048611111112,4.800000000000001,1.3,0.0,1,248,2015-01-01
249,2015,249,10021.546630210496,20.77916666666667,32.39,2.261587122673299,1.6405555555555555,4.800000000000001,1.3,4.0,1,249,2015-01-01
250,2015,250,10283.454345227985,19.94,29.8,2.043164964734383,1.5059375,4.577083333333333,1.3,4.0,1,250,2015-01-01
251,2015,251,15497.346229989142,18.3625,28.89,1.8964594755822677,0.8519097222222222,4.745833333333334,1.3,2.0,1,251,2015-01-01
252,2015,252,13648.849764065455,17.3275,30.18,1.9110631762330306,1.8149131944444445,4.952500000000001,1.3,2.0,1,252,2015-01-01
253,2015,253,18361.76113238512,17.31,30.35,1.91984357101862,1.8995138888888887,4.5600000000000005,1.3,1.0,1,253,2015-01-01
254,2015,254,20739.5854343894,17.0,30.46,1.9083354658926208,1.4446006944444445,4.5600000000000005,1.3,1.0,1,254,2015-01-01
255,2015,255,19127.17935660279,18.02,30.42,1.9653058193970907,1.8325694444444443,4.5600000000000005,1.3,0.0,1,255,2015-01-01
256,2015,256,19512.358208396425,17.88,30.45,1.9588381347309365,1.7705034722222222,4.5600000000000005,1.3,1.0,1,256,2015-01-01
257,2015,257,17173.314932905432,20.69,31.75,2.213512564929405,1.2141666666666666,4.5600000000000005,1.3,1.0,1,257,2015-01-01
258,2015,258,14593.917439057508,19.43,31.3,2.1042487629098146,1.1888194444444444,4.5600000000000005,1.3,1.0,1,258,2015-01-01
259,2015,259,10378.421823979199,16.98,29.1,1.830557212113687,1.57265625,8.547916666666667,1.3,3.0,1,259,2015-01-01
260,2015,260,12031.450503009597,14.12,25.38,1.496520108228225,1.8926562500000002,4.484166666666667,1.3,4.0,1,260,2015-01-01
261,2015,261,15903.113275556054,12.96,24.95,1.424300746405729,2.1385590277777777,4.52125,1.3,3.0,1,261,2015-01-01
262,2015,262,16688.3229304588,13.57,23.98,1.4083791728995512,1.307482638888889,2.64,1.3,3.0,1,262,2015-01-01
263,2015,263,20372.515652286314,13.33,25.48,1.4647955685128038,1.5469618055555554,2.64,1.3,2.0,1,263,2015-01-01
264,2015,264,22000.70666147491,12.91,27.75,1.5512095964367183,1.8253472222222225,2.64,1.3,0.0,1,264,2015-01-01
265,2015,265,22000.70666147491,13.38,29.57,1.664324734057869,1.43640625,2.64,1.3,0.0,1,265,2015-01-01
266,2015,266,21701.69018902786,16.76,31.17,1.9354755440641171,0.9113715277777779,2.64,1.3,0.0,1,266,2015-01-01
267,2015,267,18611.360262742903,16.56,30.17,1.8668401128618082,1.4040451388888888,2.64,1.3,1.0,1,267,2015-01-01
268,2015,268,19624.8679585136,15.01,29.08,1.723274615595125,1.4775868055555557,2.64,1.3,2.0,1,268,2015-01-01
269,2015,269,14347.595916386184,14.21,27.86,1.6200321315487538,2.5647569444444445,2.64,1.3,3.0,1,269,2015-01-01
270,2015,270,17596.593037625727,15.504166666666666,26.8,1.631716546575209,2.097916666666667,2.64,1.3,2.0,1,270,2015-01-01
271,2015,271,14831.080592084782,13.31,26.39,1.5058272319311494,1.62046875,2.64,1.3,3.0,1,271,2015-01-01
272,2015,272,18633.051409376356,14.94,26.23,1.5758018462404153,2.303420138888889,2.64,1.3,2.0,1,272,2015-01-01
273,2015,273,11977.68299734561,16.57,26.66,1.6786379578899144,2.2499479166666667,2.64,1.3,5.0,1,273,2015-01-01
274,2015,274,8344.72877469468,15.96,24.79,1.5555248640224442,1.31296875,4.233333333333333,1.3,4.0,1,274,2015-01-01
275,2015,275,21966.057723546266,14.91,28.87,1.7070666036860334,1.8446006944444444,6.48,1.3,0.0,1,275,2015-01-01
276,2015,276,14051.770697234253,17.49,29.18,1.8634648306157846,1.4213368055555557,6.48,1.3,3.0,1,276,2015-01-01
277,2015,277,13629.979837475936,16.691666666666666,29.27,1.8240185243878573,1.607048611111111,6.48,1.3,2.0,1,277,2015-01-01
278,2015,278,19825.456338803975,15.32,26.43,1.6041830845749219,2.847378472222222,6.48,1.3,0.0,1,278,2015-01-01
279,2015,279,13034.902011640232,15.29,28.22,1.6930586053667167,1.4139756944444446,6.48,1.3,2.0,1,279,2015-01-01
280,2015,280,9837.610579694736,18.2,26.25,1.7422653636490875,3.096996527777778,4.4558333333333335,1.3,4.0,1,280,2015-01-01
281,2015,281,15088.389320995162,17.824166666666667,26.34,1.727172205529716,2.111996527777778,3.12,1.3,2.0,1,281,2015-01-01
282,2015,282,14820.792224495764,13.913333333333334,19.89,1.2516966419610607,0.88890625,13.79125,1.3,3.0,1,282,2015-01-01
283,2015,283,17664.658643642782,11.218333333333332,22.91,1.2646548991533635,1.3716666666666668,11.040000000000001,1.3,1.0,1,283,2015-01-01
284,2015,284,21971.771511565865,10.19,22.17,1.1955433831618933,1.3775694444444444,11.040000000000001,1.3,1.0,1,284,2015-01-01
285,2015,285,16818.026634364764,10.59,24.36,1.297941449438229,2.0541840277777776,11.040000000000001,1.3,1.0,1,285,2015-01-01
286,2015,286,17294.307798689777,12.411666666666667,25.4,1.4199362421307258,1.0816145833333333,11.040000000000001,1.3,3.0,1,286,2015-01-01
287,2015,287,8328.233076524155,11.98,24.01,1.341171266323167,1.4272916666666666,11.040000000000001,1.3,4.0,1,287,2015-01-01
288,2015,288,19232.335634226805,11.3925,22.08,1.2386254021376624,1.9206944444444443,11.040000000000001,1.3,1.0,1,288,2015-01-01
289,2015,289,16923.853581512372,10.77,22.39,1.226388493220333,1.4263715277777778,11.040000000000001,1.3,2.0,1,289,2015-01-01
290,2015,290,6384.739341126301,5.01,13.72,0.7648407495116272,2.4207986111111115,12.725833333333334,1.3,5.0,1,290,2015-01-01
291,2015,291,21675.735162037272,4.61,16.82,0.8372335142973018,1.4539062500000002,7.680000000000001,1.3,0.0,1,291,2015-01-01
292,2015,292,21641.48945245046,6.38,19.91,0.9828237327752621,1.2719618055555555,7.680000000000001,1.3,0.0,1,292,2015-01-01
293,2015,293,11726.202488547264,8.84,21.96,1.1373451744791392,0.8926388888888889,7.680000000000001,1.3,3.0,1,293,2015-01-01
294,2015,294,19512.256963436437,10.695833333333333,21.12,1.1749527655956205,1.6899131944444443,7.680000000000001,1.3,2.0,1,294,2015-01-01
295,2015,295,3666.7844435791512,10.66,18.39,1.0750280305364484,1.6116319444444445,7.680000000000001,1.3,8.0,1,295,2015-01-01
296,2015,296,20108.902905241823,9.82,19.95,1.1002947385241901,1.3440972222222223,5.4375,1.3,1.0,1,296,2015-01-01
297,2015,297,19733.063820256644,10.35,20.83,1.1512878968292952,1.8162847222222223,3.3600000000000003,1.3,2.0,1,297,2015-01-01
298,2015,298,21486.641758981525,11.08,23.05,1.2647216534214651,1.5861284722222222,3.3600000000000003,1.3,1.0,1,298,2015-01-01
299,2015,299,13451.992658058205,12.24,23.84,1.344970886044328,1.7844097222222222,3.6779166666666665,1.3,3.0,1,299,2015-01-01
300,2015,300,4737.482141545091,13.54,21.57,1.304511702480614,2.4961805555555556,10.063333333333333,1.3,6.0,1,300,2015-01-01
301,2015,301,3723.406228876762,12.97,18.71,1.1698617292828069,2.350538194444445,9.905416666666667,1.3,8.0,1,301,2015-01-01
302,2015,302,3827.3839107848403,11.000833333333333,15.03,0.9745333092178383,0.6523611111111111,14.349583333333335,1.3,8.0,1,302,2015-01-01
303,2015,303,4528.314883311525,10.82,13.5,0.9213295709178891,0.9249652777777777,20.14,1.3,7.0,1,303,2015-01-01
304,2015,304,16529.102592220886,5.14,15.58,0.8176361302477689,2.2906423611111113,3.3912500000000003,1.3,3.0,1,304,2015-01-01
305,2015,305,4715.455577507466,3.1075,9.54,0.6215800084691174,2.0317881944444443,5.824166666666667,1.3,7.0,1,305,2015-01-01
306,2015,306,5025.92656569706,1.79,4.97,0.5059908822920313,0.48581597222222217,7.379166666666666,1.3,7.0,1,306,2015-01-01
307,2015,307,13238.12882410872,0.72,8.4,0.5498212396044286,0.9324652777777778,2.88,1.3,3.0,1,307,2015-01-01
308,2015,308,22000.70666147491,0.9,12.97,0.6483071441655651,0.7996354166666667,2.88,1.3,0.0,1,308,2015-01-01
309,2015,309,5145.235955774877,3.48,13.63,0.7241001364105472,1.5211805555555555,2.88,1.3,6.0,1,309,2015-01-01
310,2015,310,10836.669949104817,8.94,16.61,0.9593145198147429,0.6952777777777778,4.445416666666667,1.3,4.0,1,310,2015-01-01
311,2015,311,4984.8570708460165,8.02,12.11,0.8016589593043119,0.7171180555555555,5.479166666666667,1.3,7.0,1,311,2015-01-01
312,2015,312,11451.570417026129,7.66,13.14,0.8198239354722411,1.7568055555555555,3.504166666666667,1.3,4.0,1,312,2015-01-01
313,2015,313,9879.110436111956,7.32,11.46,0.7661296152963848,2.3802083333333335,8.812916666666666,1.3,6.0,1,313,2015-01-01
314,2015,314,9557.052407579597,6.33,10.94,0.7280370625713961,2.364236111111111,10.824166666666667,1.3,6.0,1,314,2015-01-01
315,2015,315,18102.762273928693,3.4208333333333334,10.47,0.6487712539579416,1.8777777777777775,4.067083333333333,1.3,2.0,1,315,2015-01-01
316,2015,316,21983.592651803374,2.97,14.13,0.7238547017812138,2.3037673611111114,4.08,1.3,0.0,1,316,2015-01-01
317,2015,317,21993.493773026166,3.56,15.28,0.7676787757257568,1.8840798611111111,4.08,1.3,0.0,1,317,2015-01-01
318,2015,318,20815.388393535,0.12,10.9,0.5875072320740767,2.1588020833333332,3.017916666666667,1.3,0.0,1,318,2015-01-01
319,2015,319,21227.276827386042,0.53,11.64,0.611407249334178,2.4741493055555552,2.4000000000000004,1.3,1.0,1,319,2015-01-01
320,2015,320,16414.057304328646,3.33,14.31,0.7372134292813612,1.8896006944444446,2.4000000000000004,1.3,4.0,1,320,2015-01-01
321,2015,321,3668.8572111522312,8.01,13.0,0.8255914284868839,2.269704861111111,5.487083333333334,1.3,8.0,1,321,2015-01-01
322,2015,322,7731.386251141734,3.404166666666667,9.66,0.6305783015335611,1.66125,7.585416666666666,1.3,7.0,1,322,2015-01-01
323,2015,323,8863.278971663045,2.36,11.63,0.6509844307349686,0.6757986111111111,9.855833333333333,1.3,5.0,1,323,2015-01-01
324,2015,324,15653.567222112575,1.72,9.66,0.5948988346341834,1.3319791666666667,3.3600000000000003,1.3,3.0,1,324,2015-01-01
325,2015,325,21999.670277688372,0.18,11.3,0.5969665497272197,1.1529166666666668,3.3600000000000003,1.3,0.0,1,325,2015-01-01
326,2015,326,22000.70666147491,0.85,13.44,0.6577202967297516,0.5118576388888889,3.3600000000000003,1.3,0.0,1,326,2015-01-01
327,2015,327,22000.70666147491,1.77,14.77,0.7102266646626483,0.5930208333333333,3.3600000000000003,1.3,0.0,1,327,2015-01-01
328,2015,328,22000.70666147491,1.96,14.72,0.7136123281108147,0.6107291666666668,3.3600000000000003,1.3,0.0,1,328,2015-01-01
329,2015,329,21994.530156812707,2.17,13.07,0.679457271644087,0.7391493055555556,3.3600000000000003,1.3,0.0,1,329,2015-01-01
330,2015,330,9261.618667683793,2.27,12.53,0.6693122241239149,0.52046875,3.3600000000000003,1.3,4.0,1,330,2015-01-01
331,2015,331,18379.488594894057,4.11,13.68,0.7409624720517258,0.7232118055555555,3.3600000000000003,1.3,1.0,1,331,2015-01-01
332,2015,332,22000.70666147491,3.95,14.1,0.7475005632334357,1.2129166666666666,3.3600000000000003,1.3,0.0,1,332,2015-01-01
333,2015,333,21988.774570736074,3.16,12.68,0.6935095280649731,2.101232638888889,3.3600000000000003,1.3,0.0,1,333,2015-01-01
334,2015,334,21974.348793838584,5.28,12.14,0.7317450251240786,1.05015625,3.3600000000000003,1.3,0.0,1,334,2015-01-01
335,2015,335,4018.7856237060832,5.33,11.46,0.7162824490804166,3.073732638888889,6.617083333333333,1.3,7.0,1,335,2015-01-01
336,2015,336,4816.958519338277,4.74,10.25,0.6736765586264866,3.047326388888889,5.562916666666667,1.3,7.0,1,336,2015-01-01
337,2015,337,14344.19030052592,4.97,11.28,0.7032584472467543,2.564184027777778,5.697916666666667,1.3,6.0,1,337,2015-01-01
338,2015,338,21879.194051309725,-3.89,6.14,0.4307270291963035,2.9161111111111113,36.24,1.3,1.0,1,338,2015-01-01
339,2015,339,20059.589662527123,-4.69,4.67,0.3967311534027103,1.2224305555555555,36.24,1.3,0.0,1,339,2015-01-01
340,2015,340,7036.510637876593,-2.25,2.32,0.39803242796115496,1.3171527777777776,15.062083333333334,1.3,6.0,1,340,2015-01-01
341,2015,341,7946.948143320213,-5.120833333333334,1.51,0.3477856666955913,2.7859895833333335,3.3600000000000003,1.3,6.0,1,341,2015-01-01
342,2015,342,21824.243509048203,-5.43,5.39,0.39644249263199327,1.4760069444444444,3.3600000000000003,1.3,0.0,1,342,2015-01-01
343,2015,343,20522.125499144906,-4.634166666666667,5.16,0.40468127700780077,1.3709201388888888,3.3600000000000003,1.3,1.0,1,343,2015-01-01
344,2015,344,17012.574206000605,-5.17,3.38,0.3718924054904508,1.6079340277777776,3.3600000000000003,1.3,2.0,1,344,2015-01-01
345,2015,345,17264.445847486477,-3.65,2.54,0.3812672951952839,1.4540277777777777,3.3600000000000003,1.3,1.0,1,345,2015-01-01
346,2015,346,21936.10377396923,-4.618333333333333,4.51,0.3954576356848894,0.5958159722222223,3.3600000000000003,1.3,0.0,1,346,2015-01-01
347,2015,347,22000.70666147491,-5.89,5.05,0.3850472638024042,0.6762673611111112,3.3600000000000003,1.3,0.0,1,347,2015-01-01
348,2015,348,3762.9864998294433,-1.82,3.11,0.41604799527639696,1.5898958333333333,3.3600000000000003,1.3,6.0,1,348,2015-01-01
349,2015,349,7632.2868621655425,-3.966666666666667,2.37,0.37453683984062924,1.8490451388888889,3.3600000000000003,1.3,5.0,1,349,2015-01-01
350,2015,350,20509.811104191747,-5.69,4.72,0.3832231617402345,0.5748090277777778,3.3600000000000003,1.3,1.0,1,350,2015-01-01
351,2015,351,7393.895594404333,-5.98,3.52,0.36285541480050004,0.6433506944444445,3.3600000000000003,1.3,5.0,1,351,2015-01-01
352,2015,352,6194.610351173592,-2.47,2.08,0.39142090177861255,0.4069965277777778,3.3600000000000003,1.3,7.0,1,352,2015-01-01
353,2015,353,21950.021895718302,-4.329166666666667,4.11,0.3938648452816384,0.8180034722222222,3.3600000000000003,1.3,1.0,1,353,2015-01-01
354,2015,354,14797.063017732049,-5.3,3.21,0.36782166731624927,1.0907465277777777,3.3600000000000003,1.3,2.0,1,354,2015-01-01
355,2015,355,19617.622356224692,-6.65,3.7,0.35636983695630414,1.4668229166666666,3.3600000000000003,1.3,1.0,1,355,2015-01-01
356,2015,356,21543.710679213033,-7.69,4.96,0.3592689291944601,0.6238020833333333,3.3600000000000003,1.3,0.0,1,356,2015-01-01
357,2015,357,20259.82060099345,-3.68,5.86,0.42964142241840303,1.1274479166666667,3.3600000000000003,1.3,3.0,1,357,2015-01-01
358,2015,358,17851.836638059805,-3.5858333333333334,5.55,0.4263093397359484,0.36421875,3.3600000000000003,1.3,3.0,1,358,2015-01-01
359,2015,359,21957.47426928825,-4.39,5.26,0.4097662020733109,0.6803645833333333,3.3600000000000003,1.3,0.0,1,359,2015-01-01
360,2015,360,21933.93761564965,-5.12,6.5,0.4174051147717293,1.0000694444444445,3.3600000000000003,1.3,0.0,1,360,2015-01-01
361,2015,361,21951.23305878555,-4.23,4.91,0.40695208876200095,0.5380208333333333,3.3600000000000003,1.3,0.0,1,361,2015-01-01
362,2015,362,22000.70666147491,-4.1,8.09,0.45850283411837095,0.5363020833333334,3.3600000000000003,1.3,0.0,1,362,2015-01-01
363,2015,363,20231.12096742316,-3.4,7.28,0.45670117466676463,1.4343229166666667,3.3600000000000003,1.3,2.0,1,363,2015-01-01
364,2015,364,4093.3733590375364,1.35,3.72,0.47652802155849416,3.4369270833333334,9.370416666666666,1.3,7.0,1,364,2015-01-01
365,2015,365,15838.731170263049,1.0,8.13,0.5500138681224627,2.2177430555555557,6.0,1.3,4.0,1,365,2015-01-01
366,2016,1,8931.45413750395,2.97,8.61,0.5990405966312218,3.5254166666666666,6.800416666666667,1.3,5.0,1,366,2015-01-01
367,2016,2,14353.208704860066,-3.6025,5.32,0.42252922614238736,2.5703645833333333,14.366666666666667,1.3,3.0,1,367,2015-01-01
368,2016,3,20074.123721808082,-5.42,1.32,0.34154982363022757,1.5157118055555554,16.32,1.3,1.0,1,368,2015-01-01
369,2016,4,6303.619383243016,-6.23,2.33,0.34408733858983026,1.33203125,16.32,1.3,5.0,1,369,2015-01-01
370,2016,5,11931.997012218322,0.7,5.88,0.5027781444746694,1.1519965277777777,16.32,1.3,6.0,1,370,2015-01-01
371,2016,6,9523.401801522421,-1.06,6.88,0.489410861138808,1.270607638888889,16.32,1.3,4.0,1,371,2015-01-01
372,2016,7,16666.06557929128,-1.5,10.41,0.5457897616430448,1.3841319444444444,16.32,1.3,3.0,1,372,2015-01-01
373,2016,8,4042.4210719276316,3.87,9.54,0.6381338382660183,2.957048611111111,12.21875,1.3,7.0,1,373,2015-01-01
374,2016,9,7258.5323149272945,3.25,7.68,0.5856720296492238,2.252482638888889,17.68583333333333,1.3,7.0,1,374,2015-01-01
375,2016,10,19823.506613035603,-4.086666666666667,6.36,0.43108943638052566,2.5644270833333334,6.377916666666668,1.3,2.0,1,375,2015-01-01
376,2016,11,19073.883703040075,-4.11,5.59,0.41891761294780683,1.7308854166666667,3.3600000000000003,1.3,3.0,1,376,2015-01-01
377,2016,12,7642.182625405974,0.17,7.74,0.5269477572899949,1.1286979166666666,3.3600000000000003,1.3,5.0,1,377,2015-01-01
378,2016,13,21829.873626272638,-0.73,9.31,0.5395072491437245,1.159548611111111,3.3600000000000003,1.3,0.0,1,378,2015-01-01
379,2016,14,22000.70666147491,2.89,11.28,0.6550186200553089,1.2377430555555555,3.3600000000000003,1.3,0.0,1,379,2015-01-01
380,2016,15,18610.673234050086,0.16083333333333316,11.46,0.5998893235623428,0.9663368055555556,3.3600000000000003,1.3,2.0,1,380,2015-01-01
381,2016,16,20131.78337969273,-2.03,8.87,0.5074245718659565,1.1556770833333332,3.3600000000000003,1.3,2.0,1,381,2015-01-01
382,2016,17,22000.70666147491,-1.27,8.77,0.5193899674167745,1.982951388888889,3.3600000000000003,1.3,1.0,1,382,2015-01-01
383,2016,18,22000.70666147491,0.74,9.64,0.5745663072374317,2.9783333333333335,3.3600000000000003,1.3,0.0,1,383,2015-01-01
384,2016,19,15243.27780051484,4.4,9.69,0.6532229367841921,3.4944791666666664,3.3600000000000003,1.3,2.0,1,384,2015-01-01
385,2016,20,15104.757264401289,5.75,11.91,0.7377123353280413,1.5362847222222222,3.3600000000000003,1.3,3.0,1,385,2015-01-01
386,2016,21,19865.707376598257,3.72,12.34,0.6987257591546219,1.52546875,3.3600000000000003,1.3,2.0,1,386,2015-01-01
387,2016,22,18878.500713614703,3.73,11.79,0.6859834808163519,1.5750347222222223,3.38875,1.3,2.0,1,387,2015-01-01
388,2016,23,4590.57153104237,5.93,8.2,0.6541202357174982,2.1930208333333336,10.092916666666666,1.3,8.0,1,388,2015-01-01
389,2016,24,10173.488325330722,5.2775,11.37,0.7128251070889268,2.726961805555556,7.38875,1.3,5.0,1,389,2015-01-01
390,2016,25,14403.231420752054,0.11416666666666675,5.83,0.49157309124080684,0.9086631944444444,7.631666666666667,1.3,3.0,1,390,2015-01-01
391,2016,26,11599.454894993509,-3.135,2.17,0.3832931779351739,1.377048611111111,5.04,1.3,4.0,1,391,2015-01-01
392,2016,27,15785.233476433194,-9.2,0.32,0.2856294203285369,1.4296006944444444,5.04,1.3,3.0,1,392,2015-01-01
393,2016,28,18423.21058500177,-10.84,-0.32,0.26193895044804155,1.3648090277777778,5.04,1.3,2.0,1,393,2015-01-01
394,2016,29,19228.048015023083,-10.48,2.11,0.2911814937962959,1.2423784722222222,5.04,1.3,1.0,1,394,2015-01-01
395,2016,30,17416.49285789867,-9.3,4.62,0.33428444932860685,1.0402604166666667,5.04,1.3,3.0,1,395,2015-01-01
396,2016,31,5404.175004108349,-2.3,6.64,0.4642772215713026,1.5285069444444443,5.04,1.3,6.0,1,396,2015-01-01
397,2016,32,19578.10868294089,-1.53,5.93,0.4652735388153225,1.50953125,5.04,1.3,2.0,1,397,2015-01-01
398,2016,33,4200.436546869134,-0.51,7.64,0.5126517956720767,1.0650173611111111,5.04,1.3,8.0,1,398,2015-01-01
399,2016,34,19061.49992084057,-4.8625,7.07,0.43006762210144195,1.5713541666666666,3.3187499999999996,1.3,3.0,1,399,2015-01-01
400,2016,35,22000.70666147491,-5.64,8.57,0.44139973341348054,0.9647916666666667,2.88,1.3,0.0,1,400,2015-01-01
401,2016,36,21399.280314173557,0.0,11.76,0.6027898902223049,1.3718576388888888,2.88,1.3,1.0,1,401,2015-01-01
402,2016,37,16346.503810017535,3.65,14.82,0.7581693442681166,1.4925,3.5179166666666664,1.3,4.0,1,402,2015-01-01
403,2016,38,15010.9283712606,4.570833333333333,12.36,0.719713845920643,2.168767361111111,6.718333333333333,1.3,5.0,1,403,2015-01-01
404,2016,39,6303.40166352244,-7.79,4.5,0.3519301327638949,3.0233506944444444,14.34375,1.3,5.0,1,404,2015-01-01
405,2016,40,21294.162319144885,-10.42,-0.56,0.2637437496124853,2.5403125,14.399999999999999,1.3,1.0,1,405,2015-01-01
406,2016,41,14970.009581160257,-10.52,2.08,0.2904138256044949,1.4001215277777779,14.399999999999999,1.3,3.0,1,406,2015-01-01
407,2016,42,14328.73711494784,-8.426666666666666,2.76,0.32223889115891885,0.8572222222222222,14.399999999999999,1.3,3.0,1,407,2015-01-01
408,2016,43,21998.63389390183,-8.87,6.95,0.3701235515634605,0.9720486111111111,14.399999999999999,1.3,0.0,1,408,2015-01-01
409,2016,44,22000.70666147491,-7.0,8.38,0.4174051147717293,0.7750520833333333,14.399999999999999,1.3,0.0,1,409,2015-01-01
410,2016,45,11724.236350904357,-2.24,8.85,0.5033123472287311,1.2336805555555557,14.399999999999999,1.3,4.0,1,410,2015-01-01
411,2016,46,21873.458661661687,-0.74,10.8,0.5681905995772678,1.1082291666666668,14.399999999999999,1.3,0.0,1,411,2015-01-01
412,2016,47,21572.99456093977,-1.25,12.34,0.5889381144398547,1.3664236111111112,14.399999999999999,1.3,0.0,1,412,2015-01-01
413,2016,48,21959.99530983417,-0.19,10.93,0.581814300388439,2.0677777777777777,14.399999999999999,1.3,1.0,1,413,2015-01-01
414,2016,49,19369.52622212422,0.13,11.98,0.610139430602671,1.2570833333333333,14.399999999999999,1.3,1.0,1,414,2015-01-01
415,2016,50,12469.747477032222,3.56,12.77,0.7051746773481338,1.3449305555555555,14.399999999999999,1.3,4.0,1,415,2015-01-01
416,2016,51,6896.33259275905,5.59,11.27,0.7179861914506595,2.1736458333333335,10.569166666666668,1.3,6.0,1,416,2015-01-01
417,2016,52,19396.489964464927,5.01,14.81,0.7933747046338451,2.0111284722222225,3.3600000000000003,1.3,3.0,1,417,2015-01-01
418,2016,53,4681.189273842237,10.18,16.95,1.010121373006009,4.40734375,3.3600000000000003,1.3,6.0,1,418,2015-01-01
419,2016,54,19576.831559666043,9.64,20.54,1.1149141851280073,3.5638368055555554,4.183333333333334,1.3,3.0,1,419,2015-01-01
420,2016,55,11954.090595023592,3.2008333333333336,10.47,0.6438849943570571,1.29390625,6.65125,1.3,4.0,1,420,2015-01-01
421,2016,56,21903.833100730386,3.07,14.0,0.7231188370913986,1.1042708333333333,3.5999999999999996,1.3,0.0,1,421,2015-01-01
422,2016,57,13007.432354780727,5.15,16.35,0.8391878264347203,0.9274305555555556,3.5999999999999996,1.3,3.0,1,422,2015-01-01
423,2016,58,13827.725567502279,7.0,16.58,0.8991189123284715,2.3229166666666665,3.5999999999999996,1.3,5.0,1,423,2015-01-01
424,2016,59,7225.086172123673,6.16,12.33,0.7586807056545086,1.6758680555555554,9.202916666666667,1.3,7.0,1,424,2015-01-01
425,2016,60,4230.987898117298,5.1425,10.22,0.6823057306485016,3.0291493055555554,3.9879166666666666,1.3,7.0,1,425,2015-01-01
426,2016,61,20931.836011951542,2.7216666666666667,13.12,0.693548915739667,2.1903993055555557,3.12,1.3,1.0,1,426,2015-01-01
427,2016,62,21998.63389390183,2.14,14.54,0.7136123281108147,1.5693402777777778,3.12,1.3,0.0,1,427,2015-01-01
428,2016,63,9634.96963662366,5.52,14.15,0.7893932901059739,2.4417534722222225,3.12,1.3,4.0,1,428,2015-01-01
429,2016,64,6756.488028833754,5.82,15.38,0.8308403392701353,0.9721527777777779,3.12,1.3,4.0,1,429,2015-01-01
430,2016,65,19717.71661420098,8.12,18.42,0.9908795221023079,1.0468923611111112,3.12,1.3,2.0,1,430,2015-01-01
431,2016,66,11490.891257453106,7.876666666666667,19.12,1.005744488883896,2.092777777777778,3.12,1.3,4.0,1,431,2015-01-01
432,2016,67,22000.70666147491,2.45,14.16,0.7119177249783306,2.4485069444444445,3.12,1.3,0.0,1,432,2015-01-01
433,2016,68,22000.70666147491,2.11,14.64,0.7153104804007471,0.8780381944444444,3.12,1.3,0.0,1,433,2015-01-01
434,2016,69,17951.45552453203,4.16,16.47,0.8151809861181528,1.0361284722222222,3.12,1.3,1.0,1,434,2015-01-01
435,2016,70,21952.97829851956,5.18,17.52,0.8733195781163312,0.96625,3.12,1.3,0.0,1,435,2015-01-01
436,2016,71,5466.230494277152,7.27,15.39,0.8721624980490716,1.3318229166666666,3.12,1.3,6.0,1,436,2015-01-01
437,2016,72,20485.225114770685,5.21,17.37,0.8698523783047094,2.394375,3.12,1.3,1.0,1,437,2015-01-01
438,2016,73,21709.84737667167,5.34,15.57,0.8228405701561676,2.2703645833333335,5.095,1.3,1.0,1,438,2015-01-01
439,2016,74,13286.037559531407,5.14,15.69,0.8206456882558675,3.44265625,6.306666666666667,1.3,4.0,1,439,2015-01-01
440,2016,75,14957.630916909531,5.26,15.69,0.8239399450589037,3.3402604166666667,6.577916666666667,1.3,4.0,1,440,2015-01-01
441,2016,76,10331.34024334832,4.866666666666667,11.35,0.7024613717739167,1.6588368055555556,6.965833333333333,1.3,5.0,1,441,2015-01-01
442,2016,77,7365.782632249856,-2.02,5.9,0.45670117466676463,1.2478645833333333,10.100000000000001,1.3,5.0,1,442,2015-01-01
443,2016,78,11994.247762513556,-3.36,8.82,0.48318922858664404,2.5628125,8.64,1.3,2.0,1,443,2015-01-01
444,2016,79,21433.43514034526,-1.18,12.37,0.5909875608099572,2.3671180555555558,8.64,1.3,0.0,1,444,2015-01-01
445,2016,80,8429.959245644839,0.59,14.09,0.6665686480052461,2.3899826388888887,7.2041666666666675,1.3,5.0,1,445,2015-01-01
446,2016,81,8016.684982856005,7.86,13.64,0.8391878264347203,1.5673784722222222,10.048333333333334,1.3,6.0,1,446,2015-01-01
447,2016,82,9409.20315812042,2.6825,11.53,0.6559743439513821,0.9630902777777778,8.9625,1.3,5.0,1,447,2015-01-01
448,2016,83,19750.57709656794,2.08,11.13,0.6337547067239179,2.5370138888888887,5.76,1.3,1.0,1,448,2015-01-01
449,2016,84,10963.659139188165,2.68,16.02,0.7640683458638837,1.4179513888888888,5.76,1.3,3.0,1,449,2015-01-01
450,2016,85,7225.442837957742,7.49,18.14,0.9618320245791895,1.3536805555555556,5.0495833333333335,1.3,7.0,1,450,2015-01-01
451,2016,86,3666.7844435791512,8.48,14.09,0.8695639917158784,2.0770138888888887,12.375833333333333,1.3,8.0,1,451,2015-01-01
452,2016,87,3788.6726605380018,8.11,11.12,0.7778156503791971,2.2071527777777775,23.774583333333332,1.3,8.0,1,452,2015-01-01
453,2016,88,7561.978662546862,8.191666666666666,14.26,0.8661577906450357,1.872048611111111,19.314166666666665,1.3,5.0,1,453,2015-01-01
454,2016,89,12302.691225072822,4.899166666666667,15.55,0.8102675514517144,2.5736458333333334,12.322916666666666,1.3,3.0,1,454,2015-01-01
455,2016,90,15868.392296127073,2.8691666666666666,12.63,0.6854960064901875,2.53484375,8.874583333333334,1.3,1.0,1,455,2015-01-01
456,2016,91,4587.2381073280485,1.95,12.37,0.6583972473857599,1.3317361111111112,11.140416666666667,1.3,6.0,1,456,2015-01-01
457,2016,92,4174.839865522379,-1.6208333333333331,6.09,0.4664244136896464,2.1463715277777777,6.862916666666667,1.3,7.0,1,457,2015-01-01
458,2016,93,19945.393051396142,-2.84,10.62,0.5245409480508876,1.393767361111111,2.88,1.3,0.0,1,458,2015-01-01
459,2016,94,11564.812635936245,1.07,14.23,0.6808511242997444,1.1718229166666667,2.88,1.3,4.0,1,459,2015-01-01
460,2016,95,14966.363272144165,4.571666666666667,14.07,0.7625684138539206,2.2657465277777775,3.3345833333333332,1.3,2.0,1,460,2015-01-01
461,2016,96,17926.38292540314,4.03,17.37,0.8363971773064992,1.01125,3.12,1.3,2.0,1,461,2015-01-01
462,2016,97,18187.270251760783,6.441666666666666,17.53,0.9108152402121784,0.7272743055555555,3.12,1.3,2.0,1,462,2015-01-01
463,2016,98,14223.35588835846,6.37,18.72,0.9449508238776839,1.6676562499999998,3.12,1.3,2.0,1,463,2015-01-01
464,2016,99,11303.02003100016,5.27,17.82,0.8846719878992823,1.6505555555555556,5.264166666666667,1.3,3.0,1,464,2015-01-01
465,2016,100,18446.59459424862,5.53,16.29,0.8481729780261024,0.6045138888888889,5.6570833333333335,1.3,1.0,1,465,2015-01-01
466,2016,101,5406.930853637936,7.69,16.88,0.9289413041120149,1.0650520833333335,5.370416666666667,1.3,6.0,1,466,2015-01-01
467,2016,102,4518.63538254763,8.88,18.49,1.0180419020709972,1.3477430555555554,10.164583333333333,1.3,7.0,1,467,2015-01-01
468,2016,103,9218.690296820538,10.32,14.69,0.9424721620861298,2.2618229166666666,10.097083333333334,1.3,7.0,1,468,2015-01-01
469,2016,104,4309.600090538701,8.740833333333333,13.64,0.8641244818486727,1.5147222222222223,21.627916666666668,1.3,8.0,1,469,2015-01-01
470,2016,105,12864.383688816235,8.6,18.12,0.9967155201503767,1.5710937500000002,12.631250000000001,1.3,6.0,1,470,2015-01-01
471,2016,106,8819.002820768254,6.86,14.31,0.8300096187689129,1.333420138888889,7.6083333333333325,1.3,6.0,1,471,2015-01-01
472,2016,107,13731.623677632097,7.19,17.18,0.9228475201828846,3.168107638888889,4.054583333333333,1.3,3.0,1,472,2015-01-01
473,2016,108,10588.633082135175,4.67,15.21,0.7949722080004493,3.3125520833333333,7.053333333333334,1.3,3.0,1,473,2015-01-01
474,2016,109,14443.68385732265,5.61,14.5,0.801122205230045,1.0503472222222223,4.3812500000000005,1.3,3.0,1,474,2015-01-01
475,2016,110,12151.534790515907,4.48,15.65,0.8016589593043122,1.0453472222222222,7.876666666666667,1.3,2.0,1,475,2015-01-01
476,2016,111,19297.036011887223,4.35,18.81,0.8867232657468405,1.1640104166666667,6.31625,1.3,0.0,1,476,2015-01-01
477,2016,112,22000.70666147491,7.23,21.22,1.05436266688804,0.8650868055555556,4.32,1.3,0.0,1,477,2015-01-01
478,2016,113,16193.017012604518,6.641666666666667,22.97,1.0946941755841375,1.6152083333333334,4.32,1.3,2.0,1,478,2015-01-01
479,2016,114,20122.862404873573,6.45,21.09,1.0236852003306156,1.3652777777777778,4.32,1.3,2.0,1,479,2015-01-01
480,2016,115,14434.61819160181,12.91,22.52,1.317739630068801,1.560954861111111,4.32,1.3,2.0,1,480,2015-01-01
481,2016,116,10928.611631540107,12.65,22.22,1.2946672029058284,1.0974131944444445,5.824166666666667,1.3,4.0,1,481,2015-01-01
482,2016,117,11075.617648325751,13.55,25.12,1.4584309892947271,1.2065972222222223,9.224166666666667,1.3,4.0,1,482,2015-01-01
483,2016,118,16970.282049757403,14.73,27.75,1.640538598690263,0.9080729166666666,11.040000000000001,1.3,3.0,1,483,2015-01-01
484,2016,119,5975.118419297093,14.77,27.25,1.6175467338565068,1.2794097222222223,6.282500000000001,1.3,5.0,1,484,2015-01-01
485,2016,120,5151.041050369662,14.67,24.52,1.4821934824626593,1.8172222222222223,4.945833333333334,1.3,7.0,1,485,2015-01-01
486,2016,121,15455.88151011568,13.879999999999999,21.7,1.3239805439264176,2.3614756944444446,6.735833333333334,1.3,4.0,1,486,2015-01-01
487,2016,122,18644.852118529747,12.779166666666667,23.89,1.370077899149883,2.5567881944444446,8.64,1.3,1.0,1,487,2015-01-01
488,2016,123,5556.0763350789975,10.0,22.42,1.1978329503940477,2.6338194444444443,5.7775,1.3,5.0,1,488,2015-01-01
489,2016,124,7195.384953034598,9.71,21.85,1.1653802222762062,1.3165798611111112,4.32,1.3,5.0,1,489,2015-01-01
490,2016,125,10253.125034278582,13.4,24.75,1.435002414593186,1.0372569444444446,4.32,1.3,5.0,1,490,2015-01-01
491,2016,126,6691.501549832008,13.7375,25.04,1.4633159155996545,2.0402430555555555,4.32,1.3,4.0,1,491,2015-01-01
492,2016,127,4583.803710390311,13.03,21.42,1.2775957964426237,1.5967881944444444,8.610416666666667,1.3,7.0,1,492,2015-01-01
493,2016,128,8223.560849866375,13.75,25.16,1.4693565585557005,2.135520833333333,9.942916666666667,1.3,5.0,1,493,2015-01-01
494,2016,129,13104.748819415467,13.051666666666666,23.36,1.359054661749801,1.0923784722222223,3.2729166666666663,1.3,5.0,1,494,2015-01-01
495,2016,130,3922.9705018341647,9.056666666666667,23.0,1.1840269520772602,2.3638194444444443,3.5999999999999996,1.3,6.0,1,495,2015-01-01
496,2016,131,9994.440842561437,9.03,23.93,1.2186125731803528,1.8516145833333333,3.4929166666666664,1.3,3.0,1,496,2015-01-01
497,2016,132,6036.38681460883,11.8,22.05,1.2535501336728576,1.0747916666666668,7.484583333333333,1.3,4.0,1,497,2015-01-01
498,2016,133,9561.392383591628,11.54,19.65,1.1516568248950692,1.1235069444444443,14.585833333333333,1.3,5.0,1,498,2015-01-01
499,2016,134,20235.927179712362,11.28,25.27,1.36496684091665,1.7358680555555557,18.96,1.3,1.0,1,499,2015-01-01
500,2016,135,17236.43025480765,14.24,27.19,1.5884697228499929,1.8827256944444446,18.96,1.3,2.0,1,500,2015-01-01
501,2016,136,18035.464583322242,16.46,28.36,1.761973842318813,1.67296875,18.96,1.3,1.0,1,501,2015-01-01
502,2016,137,11937.197246295722,16.38,32.05,1.9647170792523971,3.17578125,18.96,1.3,2.0,1,502,2015-01-01
503,2016,138,13414.514947755333,16.78,29.7,1.8528115502521159,2.6449652777777777,12.37125,1.3,2.0,1,503,2015-01-01
504,2016,139,6244.770504846787,17.48,30.49,1.9378008108921194,1.6509548611111111,4.114583333333333,1.3,6.0,1,504,2015-01-01
505,2016,140,5619.278653921471,16.42,29.36,1.814019934972247,2.3329340277777777,4.667083333333333,1.3,5.0,1,505,2015-01-01
506,2016,141,12918.120164425074,12.009166666666667,27.83,1.5123332671319507,2.3920833333333333,2.88,1.3,3.0,1,506,2015-01-01
507,2016,142,17423.3698420152,10.523333333333333,24.79,1.3129034083065176,2.9200694444444446,2.88,1.3,2.0,1,507,2015-01-01
508,2016,143,18341.154315242904,10.5,27.5,1.428305660525592,1.512361111111111,2.88,1.3,2.0,1,508,2015-01-01
509,2016,144,19392.746006122077,17.69,28.58,1.8410987560701058,1.4738368055555555,2.88,1.3,1.0,1,509,2015-01-01
510,2016,145,9276.751487571812,17.5,29.94,1.9071879730532715,1.66,2.88,1.3,3.0,1,510,2015-01-01
511,2016,146,20164.57333585964,14.06,25.84,1.5151849348491695,2.977534722222222,2.88,1.3,1.0,1,511,2015-01-01
512,2016,147,19951.745518454187,14.02,28.35,1.6350147224345484,1.2392708333333333,2.88,1.3,0.0,1,512,2015-01-01
513,2016,148,21571.18682294513,18.95,30.78,2.042555931388769,1.5903993055555556,2.88,1.3,0.0,1,513,2015-01-01
514,2016,149,19242.11669477774,19.34,32.62,2.1823540248449715,2.393125,2.88,1.3,1.0,1,514,2015-01-01
515,2016,150,20094.37793898492,17.765833333333333,34.17,2.1807954376562395,2.47375,2.88,1.3,0.0,1,515,2015-01-01
516,2016,151,16164.25392457511,16.32,29.15,1.7970685840417457,2.516024305555556,2.88,1.3,1.0,1,516,2015-01-01
517,2016,152,17530.202346883518,13.3475,27.1,1.5410622752135363,2.988072916666667,2.88,1.3,1.0,1,517,2015-01-01
518,2016,153,12391.034680988101,12.04,25.58,1.4114627797467636,3.1689756944444443,2.88,1.3,2.0,1,518,2015-01-01
519,2016,154,8937.496003135624,11.61,25.53,1.3904361470351492,2.743454861111111,6.9175,1.3,3.0,1,519,2015-01-01
520,2016,155,20367.926033444543,11.91,28.26,1.5278984768381727,1.6355555555555557,10.08,1.3,0.0,1,520,2015-01-01
521,2016,156,16406.693420631716,16.51,31.39,1.9337331919109444,1.2045138888888889,10.08,1.3,1.0,1,521,2015-01-01
522,2016,157,18101.39510183371,19.56,32.69,2.2011329307573364,3.0077083333333334,10.08,1.3,1.0,1,522,2015-01-01
523,2016,158,10974.996914333231,20.02,32.17,2.197236128453091,1.31125,10.08,1.3,2.0,1,523,2015-01-01
524,2016,159,20846.338888014383,20.252499999999998,34.28,2.353917568527479,1.8002256944444446,10.08,1.3,0.0,1,524,2015-01-01
525,2016,160,22000.70666147491,17.843333333333334,31.58,2.0239556164696704,2.674027777777778,10.08,1.3,0.0,1,525,2015-01-01
526,2016,161,15283.190607076132,17.26,33.53,2.108001441471086,2.102847222222222,10.08,1.3,2.0,1,526,2015-01-01
527,2016,162,6734.239276981382,20.47,32.82,2.2696409970653115,2.3896354166666667,6.32625,1.3,4.0,1,527,2015-01-01
528,2016,163,15441.449043127144,15.8225,34.23,2.0622772300331684,2.5478645833333333,3.5999999999999996,1.3,1.0,1,528,2015-01-01
529,2016,164,20894.72897970482,14.645,29.24,1.712541436977346,3.678368055555555,3.5999999999999996,1.3,1.0,1,529,2015-01-01
530,2016,165,20172.177024995268,12.775833333333333,24.72,1.4059970957478591,3.852447916666667,3.5999999999999996,1.3,1.0,1,530,2015-01-01
531,2016,166,22000.70666147491,12.75,29.13,1.6106053397320121,1.6578472222222222,3.5999999999999996,1.3,0.0,1,531,2015-01-01
532,2016,167,22000.70666147491,13.91,31.3,1.7829581293180796,1.6039930555555555,3.5999999999999996,1.3,0.0,1,532,2015-01-01
533,2016,168,8234.10364213599,19.12666666666667,32.39,2.1539159219424073,3.336736111111111,3.5999999999999996,1.3,3.0,1,533,2015-01-01
534,2016,169,16352.205888496012,16.314999999999998,32.39,1.9809636149044383,2.851319444444444,3.5999999999999996,1.3,1.0,1,534,2015-01-01
535,2016,170,15364.138745986716,15.82,33.02,1.9889819835227485,2.8236631944444444,3.5999999999999996,1.3,2.0,1,535,2015-01-01
536,2016,171,19516.56688041104,16.43,33.44,2.051096821290399,2.6900347222222223,3.5999999999999996,1.3,1.0,1,536,2015-01-01
537,2016,172,17385.62783510553,17.79,33.5,2.1395013341702085,2.2965104166666666,3.5999999999999996,1.3,1.0,1,537,2015-01-01
538,2016,173,9652.145985905436,18.01,32.28,2.076906631357596,2.59359375,3.5999999999999996,1.3,4.0,1,538,2015-01-01
539,2016,174,9592.264808833284,19.31,31.92,2.1356998123126982,2.3060069444444444,7.133333333333334,1.3,5.0,1,539,2015-01-01
540,2016,175,11494.78889253521,19.79,31.64,2.1483944979256675,1.914826388888889,8.272916666666667,1.3,5.0,1,540,2015-01-01
541,2016,176,19402.5655966412,19.91,32.29,2.197885177699964,1.6518229166666667,4.0566666666666675,1.3,2.0,1,541,2015-01-01
542,2016,177,17596.15746585648,19.17,33.5,2.228579578162972,2.3146875,4.800000000000001,1.3,3.0,1,542,2015-01-01
543,2016,178,15857.792004365965,18.41,32.63,2.1237004762397937,2.0928472222222223,4.655416666666667,1.3,2.0,1,543,2015-01-01
544,2016,179,17041.476159416197,18.74,33.34,2.1901076032281237,1.4118923611111112,4.5600000000000005,1.3,1.0,1,544,2015-01-01
545,2016,180,21127.649651560216,20.26,34.1,2.3420566945767987,2.9735069444444444,4.5600000000000005,1.3,0.0,1,545,2015-01-01
546,2016,181,15721.073382458384,24.26,37.01,2.860049233043939,2.202170138888889,4.5600000000000005,1.3,1.0,1,546,2015-01-01
547,2016,182,21141.70436731266,23.92,37.23,2.850267642446863,1.222986111111111,4.5600000000000005,1.3,0.0,1,547,2015-01-01
548,2016,183,19199.32624630756,22.4225,38.44,2.826950794194624,1.953854166666667,4.5600000000000005,1.3,1.0,1,548,2015-01-01
549,2016,184,20551.430049631155,19.356666666666666,36.77,2.4660296445459284,2.7867708333333336,4.5600000000000005,1.3,1.0,1,549,2015-01-01
550,2016,185,21892.739706713914,17.954166666666666,33.75,2.165903652499061,3.344565972222222,4.5600000000000005,1.3,0.0,1,550,2015-01-01
551,2016,186,21703.771225498345,17.1625,32.52,2.039665184485849,3.2425694444444444,4.5600000000000005,1.3,0.0,1,551,2015-01-01
552,2016,187,17580.931431411405,16.39,33.83,2.072585432810449,2.0094097222222222,4.5600000000000005,1.3,2.0,1,552,2015-01-01
553,2016,188,15710.756545892116,18.64666666666667,32.66,2.1405583586706687,2.510017361111111,4.5600000000000005,1.3,2.0,1,553,2015-01-01
554,2016,189,16827.05634215167,18.39,31.36,2.043774156436372,2.293159722222222,4.247083333333333,1.3,1.0,1,554,2015-01-01
555,2016,190,20917.068972370835,18.6,34.39,2.249691003227558,1.4233506944444445,3.3600000000000003,1.3,0.0,1,555,2015-01-01
556,2016,191,16011.995416658736,19.1,33.49,2.223328773637859,2.166440972222222,10.349583333333333,1.3,2.0,1,556,2015-01-01
557,2016,192,21364.203467124105,18.55,34.91,2.2810142663765647,2.923767361111111,18.0,1.3,0.0,1,557,2015-01-01
558,2016,193,19803.293807946528,18.295833333333334,36.44,2.367965645703787,3.2585243055555555,18.0,1.3,1.0,1,558,2015-01-01
559,2016,194,18807.385621138073,17.104166666666668,33.05,2.068528603833153,3.3504861111111115,18.0,1.3,1.0,1,559,2015-01-01
560,2016,195,21386.99573508496,16.32,31.25,1.914657451788517,2.934618055555555,18.0,1.3,1.0,1,560,2015-01-01
561,2016,196,21528.776719028396,16.92,33.9,2.1098799677038484,3.2572743055555557,18.0,1.3,1.0,1,561,2015-01-01
562,2016,197,21537.328129498157,23.68,35.99,2.7319977215784466,4.127916666666667,18.0,1.3,0.0,1,562,2015-01-01
563,2016,198,21827.117118115406,21.728333333333335,38.32,2.761817572334579,2.3046527777777777,18.0,1.3,1.0,1,563,2015-01-01
564,2016,199,18313.100274357355,21.31,35.55,2.5191442409945775,1.43875,18.0,1.3,2.0,1,564,2015-01-01
565,2016,200,19749.372742536976,21.85,35.36,2.544843461543701,2.6466493055555556,18.0,1.3,1.0,1,565,2015-01-01
566,2016,201,20250.111044441157,25.642500000000002,38.41,3.095191441531386,2.9555555555555557,18.0,1.3,1.0,1,566,2015-01-01
567,2016,202,21926.17396784043,22.374166666666667,37.94,2.782939210368341,2.9682465277777776,18.0,1.3,0.0,1,567,2015-01-01
568,2016,203,19774.899809062244,22.08,40.17,2.941030462985018,1.3893055555555556,18.0,1.3,0.0,1,568,2015-01-01
569,2016,204,20476.3953600527,24.48,40.16,3.146931815137008,2.102361111111111,18.0,1.3,0.0,1,569,2015-01-01
570,2016,205,20627.75729342816,19.953333333333333,38.54,2.641036229335259,3.1008854166666664,18.0,1.3,0.0,1,570,2015-01-01
571,2016,206,20531.5024373782,19.4,38.92,2.6278619824565332,3.0721180555555554,18.0,1.3,0.0,1,571,2015-01-01
572,2016,207,21023.28189036169,19.606666666666666,37.11,2.5086851687782947,2.1525520833333336,18.0,1.3,0.0,1,572,2015-01-01
573,2016,208,21153.856120030214,18.948333333333334,34.58,2.285599844657087,3.2916145833333332,18.0,1.3,0.0,1,573,2015-01-01
574,2016,209,21398.96119121123,18.47,33.29,2.1694845495759134,2.9555208333333334,18.0,1.3,0.0,1,574,2015-01-01
575,2016,210,17911.865803406003,18.29,33.32,2.159875899189982,2.1267881944444444,18.0,1.3,1.0,1,575,2015-01-01
576,2016,211,19348.860896438408,17.076666666666668,31.1,1.9498535594712283,2.7044965277777777,9.180416666666666,1.3,1.0,1,576,2015-01-01
577,2016,212,18078.5077720902,17.01,32.31,2.0177214817785156,1.0165104166666667,3.3600000000000003,1.3,1.0,1,577,2015-01-01
578,2016,213,19814.920787425544,20.82,35.09,2.4505244551321375,2.4627083333333335,5.673333333333333,1.3,0.0,1,578,2015-01-01
579,2016,214,19444.898934080255,20.19,35.52,2.436287370471766,1.4770138888888888,6.272499999999999,1.3,0.0,1,579,2015-01-01
580,2016,215,17239.21186929627,20.22,33.51,2.299179747060456,1.9302777777777775,6.905833333333333,1.3,1.0,1,580,2015-01-01
581,2016,216,18885.62432971084,19.8,33.07,2.2417538890847775,1.4496701388888888,8.16,1.3,1.0,1,581,2015-01-01
582,2016,217,20209.025626039398,19.69,33.49,2.2623081766566755,1.5337500000000002,8.16,1.3,0.0,1,582,2015-01-01
583,2016,218,21443.071991132623,21.05,33.97,2.3877207006944223,1.5393576388888888,8.16,1.3,0.0,1,583,2015-01-01
584,2016,219,21716.735757194932,21.1,34.54,2.431321432054535,1.3094097222222223,8.16,1.3,0.0,1,584,2015-01-01
585,2016,220,21904.31784809534,21.85,35.96,2.589430304972824,1.6350868055555554,8.16,1.3,0.0,1,585,2015-01-01
586,2016,221,21983.83213692458,22.12,36.6,2.6583507591123836,1.4260416666666667,8.16,1.3,0.0,1,586,2015-01-01
587,2016,222,21207.95969667196,21.33083333333333,35.53,2.519205160345048,1.6233854166666668,8.16,1.3,0.0,1,587,2015-01-01
588,2016,223,21540.214049336377,20.94,35.36,2.4784952154830613,1.6818229166666667,8.16,1.3,0.0,1,588,2015-01-01
589,2016,224,21977.655632262373,22.55,35.81,2.6308971080024666,2.0763368055555556,8.16,1.3,0.0,1,589,2015-01-01
590,2016,225,21889.406446771784,23.28,36.82,2.7659117700220124,2.010173611111111,8.16,1.3,0.0,1,590,2015-01-01
591,2016,226,21394.24771023587,21.668333333333333,37.26,2.674351848137509,1.75984375,8.16,1.3,0.0,1,591,2015-01-01
592,2016,227,21023.91195854835,21.55,35.56,2.5374776509805375,1.4801736111111112,8.16,1.3,1.0,1,592,2015-01-01
593,2016,228,16067.550943880344,21.38,33.22,2.358572999896011,1.612048611111111,8.16,1.3,2.0,1,593,2015-01-01
594,2016,229,21682.4403206565,21.616666666666667,32.19,2.3043607624558016,1.8386631944444443,8.16,1.3,0.0,1,594,2015-01-01
595,2016,230,21677.286153760884,20.82,32.63,2.280343878846259,2.309322916666667,8.16,1.3,0.0,1,595,2015-01-01
596,2016,231,21878.708426883655,19.965,33.42,2.2759905421137243,1.1960416666666667,8.16,1.3,0.0,1,596,2015-01-01
597,2016,232,21913.335334089952,17.955,32.73,2.1014380774020274,1.3408159722222222,8.16,1.3,0.0,1,597,2015-01-01
598,2016,233,21795.004093496358,17.3,32.42,2.0419470563648487,1.644670138888889,8.16,1.3,0.0,1,598,2015-01-01
599,2016,234,20576.066486741776,17.77,31.57,2.0189267797721366,1.5337847222222223,8.16,1.3,0.0,1,599,2015-01-01
600,2016,235,21060.253851722984,17.9,31.85,2.043774156436372,1.1666145833333335,8.16,1.3,0.0,1,600,2015-01-01
601,2016,236,21164.662938647627,17.749166666666667,32.47,2.072534037224971,1.2890625,8.16,1.3,0.0,1,601,2015-01-01
602,2016,237,20839.12752530066,17.07,32.84,2.053542788460005,2.044982638888889,8.16,1.3,0.0,1,602,2015-01-01
603,2016,238,21420.285572358338,16.96,32.39,2.01952966421235,1.5515104166666667,8.16,1.3,0.0,1,603,2015-01-01
604,2016,239,18316.30753796705,18.1,35.93,2.3195112909883613,1.4594270833333334,8.16,1.3,1.0,1,604,2015-01-01
605,2016,240,19785.41380466632,19.4,36.63,2.4591014254101062,2.1513020833333334,8.16,1.3,0.0,1,605,2015-01-01
606,2016,241,18106.738633190766,20.12,34.43,2.355123763126592,1.3203993055555554,8.16,1.3,1.0,1,606,2015-01-01
607,2016,242,18171.711600501403,21.38,35.75,2.5389493269914882,1.1083854166666667,8.16,1.3,1.0,1,607,2015-01-01
608,2016,243,18897.873811814312,21.91,35.33,2.5470568299002743,1.6820833333333334,8.16,1.3,1.0,1,608,2015-01-01
609,2016,244,19355.950677320903,22.16,34.63,2.5140315904596275,2.044965277777778,8.16,1.3,1.0,1,609,2015-01-01
610,2016,245,14728.89308473112,22.648333333333333,34.43,2.535149015526223,1.7603993055555556,8.16,1.3,2.0,1,610,2015-01-01
611,2016,246,18914.453911208366,17.13,31.9,2.0003150504856655,2.4571875,8.16,1.3,1.0,1,611,2015-01-01
612,2016,247,17513.336936735242,16.73,32.53,2.014109352412987,0.9231770833333334,8.16,1.3,1.0,1,612,2015-01-01
613,2016,248,16730.52585206181,18.94,34.01,2.2470425824140503,2.9299479166666664,8.16,1.3,1.0,1,613,2015-01-01
614,2016,249,22000.70666147491,17.9425,34.51,2.2143291373635425,1.9099479166666664,8.16,1.3,0.0,1,614,2015-01-01
615,2016,250,21999.670277688372,16.53,33.68,2.071968759125214,1.577048611111111,8.16,1.3,0.0,1,615,2015-01-01
616,2016,251,19804.408963613336,14.800833333333333,29.68,1.743900350863425,3.0763194444444446,6.82875,1.3,1.0,1,616,2015-01-01
617,2016,252,18698.646489769137,14.084166666666668,28.25,1.6332187910439946,2.566267361111111,6.30625,1.3,1.0,1,617,2015-01-01
618,2016,253,20679.362219122446,13.66,29.81,1.6909919101628987,1.8516145833333333,5.28,1.3,0.0,1,618,2015-01-01
619,2016,254,19496.06544877859,16.540833333333335,31.65,1.9506821459520172,1.878142361111111,5.28,1.3,1.0,1,619,2015-01-01
620,2016,255,18624.225969190345,15.21,30.73,1.8228235108582567,1.5072916666666667,5.28,1.3,1.0,1,620,2015-01-01
621,2016,256,18574.276792187717,14.81,30.79,1.804160301776288,1.8603819444444443,5.952916666666667,1.3,1.0,1,621,2015-01-01
622,2016,257,20911.322301248445,13.86,28.73,1.646078775653909,2.6116666666666664,6.48,1.3,0.0,1,622,2015-01-01
623,2016,258,22000.70666147491,17.43,32.01,2.024962693678974,1.3283506944444445,6.48,1.3,0.0,1,623,2015-01-01
624,2016,259,22000.70666147491,16.93,34.08,2.1218112267296605,2.513263888888889,6.48,1.3,0.0,1,624,2015-01-01
625,2016,260,14650.782318024496,16.18,31.62,1.9279352312100453,1.4411284722222222,5.155833333333334,1.3,2.0,1,625,2015-01-01
626,2016,261,14204.670247399454,17.279166666666665,30.78,1.9429929924573885,2.5936631944444444,3.492916666666667,1.3,1.0,1,626,2015-01-01
627,2016,262,21678.564734023494,13.093333333333334,27.47,1.5465863405794529,2.930503472222222,4.32,1.3,0.0,1,627,2015-01-01
628,2016,263,21634.163405920528,12.01,29.39,1.587003516471166,1.1674131944444444,4.32,1.3,0.0,1,628,2015-01-01
629,2016,264,21742.147491342446,13.31,30.99,1.73433045523953,1.2098958333333334,4.32,1.3,0.0,1,629,2015-01-01
630,2016,265,22000.70666147491,15.94,31.24,1.8923252645199213,2.5953819444444446,4.32,1.3,0.0,1,630,2015-01-01
631,2016,266,22000.70666147491,16.02,31.08,1.8877725059510997,1.0970833333333332,4.32,1.3,0.0,1,631,2015-01-01
632,2016,267,22000.70666147491,16.93,30.86,1.927356270262402,0.9817881944444444,4.32,1.3,0.0,1,632,2015-01-01
633,2016,268,22000.70666147491,13.611666666666668,29.37,1.6659381253502288,1.6479861111111112,4.32,1.3,0.0,1,633,2015-01-01
634,2016,269,21909.348324624698,11.8,26.74,1.4525426969417725,2.249184027777778,4.32,1.3,0.0,1,634,2015-01-01
635,2016,270,21992.457389239626,11.47,27.03,1.4507351036545433,0.9301736111111111,4.32,1.3,0.0,1,635,2015-01-01
636,2016,271,22000.70666147491,13.61,28.69,1.6315079970395876,1.2759722222222223,4.32,1.3,0.0,1,636,2015-01-01
637,2016,272,22000.70666147491,14.49,28.37,1.6597467574500389,1.4942534722222223,4.32,1.3,0.0,1,637,2015-01-01
638,2016,273,21618.81262483174,8.853333333333333,22.4,1.15399577679083,3.3997743055555554,4.32,1.3,0.0,1,638,2015-01-01
639,2016,274,20136.55215773306,8.31,22.27,1.1293409189365622,1.675138888888889,4.210416666666667,1.3,1.0,1,639,2015-01-01
640,2016,275,14789.065428046542,8.548333333333334,20.96,1.0910525676556286,2.3397743055555558,5.644166666666667,1.3,3.0,1,640,2015-01-01
641,2016,276,13570.199882692712,7.64,21.03,1.0618991393828758,1.4109548611111111,4.5600000000000005,1.3,2.0,1,641,2015-01-01
642,2016,277,21250.88293310811,9.01,22.9,1.178493521080705,1.0767708333333335,4.5600000000000005,1.3,0.0,1,642,2015-01-01
643,2016,278,21959.7447239255,9.09,24.95,1.261121336080616,0.8183159722222223,4.5600000000000005,1.3,0.0,1,643,2015-01-01
644,2016,279,22000.70666147491,11.13,25.9,1.3856563341577344,0.7611631944444445,4.5600000000000005,1.3,0.0,1,644,2015-01-01
645,2016,280,21863.132679024533,11.7,26.55,1.439482163562868,1.1813541666666667,4.5600000000000005,1.3,0.0,1,645,2015-01-01
646,2016,281,21999.670277688372,11.53,27.53,1.4762213351396944,1.1555034722222224,4.5600000000000005,1.3,0.0,1,646,2015-01-01
647,2016,282,13158.20431525588,10.65,27.76,1.4466752118718635,1.611215277777778,4.5600000000000005,1.3,3.0,1,647,2015-01-01
648,2016,283,21972.473713329677,11.784166666666668,27.74,1.49764204013887,0.7550520833333334,4.5600000000000005,1.3,1.0,1,648,2015-01-01
649,2016,284,19928.5071075459,11.14,26.94,1.4318738520019483,1.120017361111111,4.5600000000000005,1.3,0.0,1,649,2015-01-01
650,2016,285,21429.149296754127,10.57,26.07,1.3688253951724259,1.3342013888888888,4.5600000000000005,1.3,2.0,1,650,2015-01-01
651,2016,286,21894.987682661616,10.693333333333333,25.52,1.3506172730651482,1.022326388888889,4.5600000000000005,1.3,1.0,1,651,2015-01-01
652,2016,287,19777.139833590827,8.99,25.26,1.269536078712695,1.894861111111111,4.5600000000000005,1.3,1.0,1,652,2015-01-01
653,2016,288,22000.70666147491,9.81,24.47,1.2707421901323412,2.4252083333333334,4.5600000000000005,1.3,0.0,1,653,2015-01-01
654,2016,289,18562.645708724795,10.879166666666666,23.42,1.2715132866143946,1.6198263888888889,4.5600000000000005,1.3,1.0,1,654,2015-01-01
655,2016,290,21960.959400727636,9.07,22.15,1.152764230955658,1.5005208333333333,4.5600000000000005,1.3,1.0,1,655,2015-01-01
656,2016,291,21961.380319313204,8.165,23.25,1.1599851497506273,1.3988715277777777,4.5600000000000005,1.3,0.0,1,656,2015-01-01
657,2016,292,7898.86798539657,7.35,16.9,0.9192081260484466,1.9546354166666668,4.4725,1.3,5.0,1,657,2015-01-01
658,2016,293,18319.750413804148,5.66,18.94,0.9298584128679352,1.2597222222222222,3.12,1.3,1.0,1,658,2015-01-01
659,2016,294,13479.013608646555,6.5,20.49,1.0055260822614338,1.2486631944444444,3.12,1.3,2.0,1,659,2015-01-01
660,2016,295,17126.426001939773,5.8966666666666665,19.38,0.9507566401313681,1.8964756944444447,3.12,1.3,3.0,1,660,2015-01-01
661,2016,296,17264.340078368237,5.82,18.11,0.9095646302095256,1.765954861111111,3.12,1.3,2.0,1,661,2015-01-01
662,2016,297,21835.389298134152,5.56,18.63,0.9173931606302123,0.9713368055555556,3.12,1.3,0.0,1,662,2015-01-01
663,2016,298,19924.011910449604,5.7,18.42,0.9152796796483992,1.1709895833333333,3.2883333333333336,1.3,2.0,1,663,2015-01-01
664,2016,299,15959.879433362288,7.5,13.47,0.824490116563459,1.2239409722222223,5.812083333333333,1.3,5.0,1,664,2015-01-01
665,2016,300,16198.132041822091,8.41,17.92,0.9841087828819681,3.9579861111111105,8.785833333333334,1.3,4.0,1,665,2015-01-01
666,2016,301,21051.539151490226,11.29,20.62,1.1784935210807048,1.4064236111111112,8.16,1.3,1.0,1,666,2015-01-01
667,2016,302,12181.802509792476,10.27,18.89,1.0788549726622243,0.8865104166666666,8.16,1.3,4.0,1,667,2015-01-01
668,2016,303,15199.01281882028,11.29,19.88,1.1509190723662037,0.7471354166666667,3.9700000000000006,1.3,4.0,1,668,2015-01-01
669,2016,304,19064.662477805417,10.54,20.79,1.1568327099466287,0.9664236111111111,2.4000000000000004,1.3,1.0,1,669,2015-01-01
670,2016,305,17119.38023354277,10.42,20.4,1.1380752941612355,1.5819444444444446,4.491666666666666,1.3,2.0,1,670,2015-01-01
671,2016,306,20894.183385727505,12.62,23.9,1.3636827734884949,3.1032118055555555,6.771249999999999,1.3,1.0,1,671,2015-01-01
672,2016,307,12216.439477065293,1.5675,19.75,0.8341010357655434,2.099079861111111,7.760416666666667,1.3,4.0,1,672,2015-01-01
673,2016,308,21986.701803162996,0.18,14.08,0.6570439591435353,2.149982638888889,6.24,1.3,1.0,1,673,2015-01-01
674,2016,309,19265.49469958317,3.32,15.35,0.7632966284467207,1.8392187500000001,6.24,1.3,0.0,1,674,2015-01-01
675,2016,310,20390.800239568704,4.69,18.02,0.8736090587966053,0.8794791666666666,6.24,1.3,1.0,1,675,2015-01-01
676,2016,311,12620.127216834991,7.014166666666667,15.4,0.8650808099662065,1.2853993055555555,7.69875,1.3,4.0,1,676,2015-01-01
677,2016,312,12323.225110457872,3.49,13.25,0.7150676696805512,0.9701215277777777,5.057083333333334,1.3,3.0,1,677,2015-01-01
678,2016,313,22000.70666147491,0.6916666666666667,15.91,0.7117162226210525,1.5097569444444445,2.88,1.3,0.0,1,678,2015-01-01
679,2016,314,22000.70666147491,0.68,16.24,0.7194493796626682,0.5265972222222222,2.88,1.3,0.0,1,679,2015-01-01
680,2016,315,21724.627728963584,2.21,17.99,0.8035400895806961,0.8533854166666667,2.88,1.3,1.0,1,680,2015-01-01
681,2016,316,16934.057954525455,6.11,20.63,0.9973658228224762,1.104982638888889,2.88,1.3,2.0,1,681,2015-01-01
682,2016,317,21451.160580424526,5.76,20.81,0.991850100578495,0.58078125,2.88,1.3,2.0,1,682,2015-01-01
683,2016,318,10288.822708043206,5.6,18.65,0.9192081260484466,1.3802430555555556,2.88,1.3,5.0,1,683,2015-01-01
684,2016,319,19913.954234177163,6.85,20.86,1.0293559294225483,0.9117013888888889,2.88,1.3,4.0,1,684,2015-01-01
685,2016,320,4639.157614099653,7.37,20.27,1.0270175939950368,0.9772395833333333,2.88,1.3,7.0,1,685,2015-01-01
686,2016,321,4411.882624030932,9.67,18.57,1.0472125742753673,2.1452430555555555,2.88,1.3,7.0,1,686,2015-01-01
687,2016,322,5440.159672531613,10.08,18.03,1.0428076754584004,3.7001388888888886,2.88,1.3,6.0,1,687,2015-01-01
688,2016,323,17097.433839504884,1.8283333333333334,18.2,0.7989337376238176,1.9269444444444446,2.88,1.3,1.0,1,688,2015-01-01
689,2016,324,21398.15155268097,-0.34,10.94,0.5789861146441849,2.585208333333333,2.88,1.3,1.0,1,689,2015-01-01
690,2016,325,5378.594803714424,-0.22083333333333333,7.79,0.5206582137026943,2.246909722222222,2.5408333333333335,1.3,7.0,1,690,2015-01-01
691,2016,326,13884.698569312068,-2.95,5.79,0.4399738868536106,1.9851562500000002,2.4000000000000004,1.3,5.0,1,691,2015-01-01
692,2016,327,12772.68196109659,-7.2299999999999995,2.19,0.32984403810952784,2.4007638888888887,2.4000000000000004,1.3,4.0,1,692,2015-01-01
693,2016,328,19004.38272655056,-8.861666666666666,-0.33,0.2822828679490784,3.1902951388888887,2.4000000000000004,1.3,1.0,1,693,2015-01-01
694,2016,329,21118.120567588394,-9.67,-0.37,0.27334918567086347,1.7987499999999998,2.4000000000000004,1.3,0.0,1,694,2015-01-01
695,2016,330,22000.70666147491,-11.37,4.33,0.30611294894790897,1.3042534722222223,2.4000000000000004,1.3,0.0,1,695,2015-01-01
696,2016,331,22000.70666147491,-7.39,5.71,0.37339496471790395,2.485902777777778,2.4000000000000004,1.3,0.0,1,696,2015-01-01
697,2016,332,22000.70666147491,-4.74,7.69,0.4417171420405221,1.598263888888889,2.4000000000000004,1.3,0.0,1,697,2015-01-01
698,2016,333,21993.493773026166,-1.51,9.59,0.5301098217839405,1.0032118055555557,2.4000000000000004,1.3,0.0,1,698,2015-01-01
699,2016,334,22000.70666147491,-0.39,12.05,0.6007044042103024,0.829045138888889,2.4000000000000004,1.3,0.0,1,699,2015-01-01
700,2016,335,19235.44834402885,1.59,12.3,0.6487526839490155,1.668107638888889,2.4000000000000004,1.3,3.0,1,700,2015-01-01
701,2016,336,3898.784116182329,4.23,9.86,0.6532229367841921,3.8870312499999997,7.411666666666666,1.3,8.0,1,701,2015-01-01
702,2016,337,6579.8853434736575,5.768333333333333,8.79,0.663797082254395,4.3446875,14.299583333333333,1.3,7.0,1,702,2015-01-01
703,2016,338,20153.28923374344,2.585,12.94,0.686100520058022,1.4584374999999998,10.32,1.3,1.0,1,703,2015-01-01
704,2016,339,18403.504486713868,0.48,14.21,0.6667969004814046,0.8928472222222221,10.32,1.3,2.0,1,704,2015-01-01
705,2016,340,18468.961901750292,2.27,13.8,0.6989636789593897,1.703246527777778,8.973333333333334,1.3,3.0,1,705,2015-01-01
706,2016,341,10268.27785704764,-4.711666666666666,10.19,0.48350437525004686,1.4975868055555557,9.836666666666666,1.3,5.0,1,706,2015-01-01
707,2016,342,22000.70666147491,-6.08,8.93,0.4401321130374273,0.9562326388888889,10.32,1.3,0.0,1,707,2015-01-01
708,2016,343,5886.4494350792265,-2.79,7.49,0.4702835016950699,1.8851562499999999,10.32,1.3,6.0,1,708,2015-01-01
709,2016,344,21780.407125734135,-4.21,5.07,0.40961766311541514,1.9161805555555556,10.32,1.3,1.0,1,709,2015-01-01
710,2016,345,21964.600421174153,-2.61,7.73,0.4773774659049496,0.9357118055555556,10.32,1.3,1.0,1,710,2015-01-01
711,2016,346,19788.891240832472,-1.1666666666666665,8.03,0.5078434060654088,1.4578819444444444,4.3025,1.3,2.0,1,711,2015-01-01
712,2016,347,21994.530156812707,-2.67,8.48,0.4892370876807367,1.889895833333333,3.12,1.3,1.0,1,712,2015-01-01
713,2016,348,8974.932628519447,-0.34,9.62,0.5529104469596238,2.403559027777778,3.12,1.3,4.0,1,713,2015-01-01
714,2016,349,20772.479402678975,0.66,10.65,0.5934551926264521,2.9438194444444448,3.0708333333333333,1.3,1.0,1,714,2015-01-01
715,2016,350,14012.834890069062,-1.93,5.5,0.45165736725014194,2.345763888888889,7.273750000000001,1.3,3.0,1,715,2015-01-01
716,2016,351,17023.68488004019,-2.13,4.54,0.4332175229407881,1.2863194444444443,3.3600000000000003,1.3,3.0,1,716,2015-01-01
717,2016,352,12594.071878121986,-4.736666666666666,6.78,0.4275288706635524,1.0906250000000002,3.3600000000000003,1.3,4.0,1,717,2015-01-01
718,2016,353,17474.945572357345,-6.63,2.68,0.34345140045577727,1.5270486111111112,3.3600000000000003,1.3,2.0,1,718,2015-01-01
719,2016,354,17492.400467774754,-4.15,4.04,0.39543364183388396,3.296423611111111,3.3600000000000003,1.3,4.0,1,719,2015-01-01
720,2016,355,13558.408667096195,-4.32,4.73,0.40298247726715103,1.6318229166666667,3.3600000000000003,1.3,4.0,1,720,2015-01-01
721,2016,356,19583.669872910865,-5.39,5.5,0.3986119825368328,0.8022395833333333,3.3600000000000003,1.3,1.0,1,721,2015-01-01
722,2016,357,9692.750220994494,-3.6308333333333334,6.61,0.4421803910862335,1.0521874999999998,3.3600000000000003,1.3,6.0,1,722,2015-01-01
723,2016,358,21983.83213692458,-4.42,6.45,0.42732326034524026,0.8472222222222222,3.3600000000000003,1.3,0.0,1,723,2015-01-01
724,2016,359,3760.058984367724,-3.26,4.81,0.4199792418273714,2.2846527777777776,6.0475,1.3,6.0,1,724,2015-01-01
725,2016,360,3695.2150787885594,2.46,5.38,0.525650575192478,2.680381944444444,15.877083333333335,1.3,7.0,1,725,2015-01-01
726,2016,361,9844.131820411381,0.18,7.43,0.5214082194544272,1.4597916666666668,3.5999999999999996,1.3,6.0,1,726,2015-01-01
727,2016,362,3739.1078746819967,-0.38,4.565,0.46171211741690826,1.974809027777778,9.700833333333332,1.3,8.0,1,727,2015-01-01
728,2016,363,14986.470967547666,-2.9,6.24,0.44794704763115073,1.7699652777777777,8.424166666666666,1.3,3.0,1,728,2015-01-01
729,2016,364,14439.121554206798,-3.05,8.63,0.4852553023646834,1.9887847222222221,6.48,1.3,3.0,1,729,2015-01-01
730,2016,365,19949.245438055535,1.21,11.83,0.6300532827773128,0.5955902777777777,6.48,1.3,3.0,1,730,2015-01-01
731,2016,366,10763.393806849783,5.12,10.75,0.694218807579173,1.9378819444444444,6.48,1.3,4.0,1,731,2015-01-01
732,2017,1,4761.425667749317,1.6858333333333333,10.98,0.6219735407909153,1.1077083333333333,6.206250000000001,1.3,5.0,1,732,2015-01-01
733,2017,2,21826.547468481363,0.7866666666666666,8.89,0.5606352182674423,1.7395659722222223,5.76,1.3,1.0,1,733,2015-01-01
734,2017,3,22000.70666147491,-2.27,7.45,0.4783985636808638,1.2133506944444443,5.76,1.3,0.0,1,734,2015-01-01
735,2017,4,21441.73447953498,-4.439166666666667,6.71,0.4310505941557982,0.9918229166666666,5.76,1.3,0.0,1,735,2015-01-01
736,2017,5,22000.70666147491,-6.96,7.53,0.4053306861249968,1.1318923611111111,5.76,1.3,0.0,1,736,2015-01-01
737,2017,6,22000.70666147491,-4.03,8.5,0.4664382949649117,0.7364756944444444,5.76,1.3,0.0,1,737,2015-01-01
738,2017,7,22000.70666147491,-3.32,8.83,0.4840491469277941,0.9426562500000001,5.76,1.3,0.0,1,738,2015-01-01
739,2017,8,21981.56168228733,-1.71,9.38,0.522511998165391,0.8893923611111111,5.76,1.3,0.0,1,739,2015-01-01
740,2017,9,19038.535066103344,-1.87,9.14,0.5151922469370643,2.200451388888889,5.643750000000001,1.3,1.0,1,740,2015-01-01
741,2017,10,19210.14364044705,0.8825,10.39,0.592683083924762,0.9853645833333334,4.025,1.3,1.0,1,741,2015-01-01
742,2017,11,18286.886003830437,0.08,10.44,0.5773754561751416,0.5850694444444444,3.5999999999999996,1.3,3.0,1,742,2015-01-01
743,2017,12,21792.198704004528,-3.01,9.57,0.5024222873742116,0.9830208333333333,3.5999999999999996,1.3,1.0,1,743,2015-01-01
744,2017,13,20919.567948133226,-2.78,6.41,0.4526297300851195,0.7493229166666667,3.5999999999999996,1.3,1.0,1,744,2015-01-01
745,2017,14,21302.732657634788,-5.05,5.04,0.39687555346660197,1.888472222222222,3.5999999999999996,1.3,3.0,1,745,2015-01-01
746,2017,15,4636.11538611411,-4.09,4.12,0.39745361854591615,1.3155381944444444,3.5999999999999996,1.3,7.0,1,746,2015-01-01
747,2017,16,18343.927951443966,-1.4483333333333333,7.22,0.48857146057166284,1.2417361111111112,3.5999999999999996,1.3,2.0,1,747,2015-01-01
748,2017,17,14513.43416454168,-2.46,8.9,0.5002918092375734,0.7141666666666667,3.5999999999999996,1.3,4.0,1,748,2015-01-01
749,2017,18,14594.814034542665,-1.43,8.08,0.5040253967869062,0.93859375,3.5999999999999996,1.3,4.0,1,749,2015-01-01
750,2017,19,21811.06109385885,-1.44,8.35,0.508681989853352,1.039704861111111,3.5999999999999996,1.3,0.0,1,750,2015-01-01
751,2017,20,18369.5987740189,-1.15,7.92,0.50616989775956,0.9178298611111111,3.7312499999999997,1.3,3.0,1,751,2015-01-01
752,2017,21,5435.135191558264,0.7,5.11,0.4892370876807367,0.5794444444444444,8.45875,1.3,6.0,1,752,2015-01-01
753,2017,22,9026.60226897379,-3.4699999999999998,5.71,0.4305717942632265,0.9578125000000001,5.79625,1.3,4.0,1,753,2015-01-01
754,2017,23,21886.145423914917,-6.18,3.77,0.3635230440160137,1.7469270833333335,2.88,1.3,1.0,1,754,2015-01-01
755,2017,24,14797.795416419547,-6.83,3.49,0.3512813807840039,1.283402777777778,2.88,1.3,2.0,1,755,2015-01-01
756,2017,25,13206.647857146723,-5.18,4.62,0.3890022016547007,1.8708854166666664,5.4245833333333335,1.3,4.0,1,756,2015-01-01
757,2017,26,6638.844617364052,2.53,8.51,0.5879157425649308,1.9405381944444444,20.103749999999998,1.3,7.0,1,757,2015-01-01
758,2017,27,4942.994444705693,0.78,2.97,0.4545800046632139,1.5187326388888889,14.452916666666665,1.3,7.0,1,758,2015-01-01
759,2017,28,8308.394362191162,-1.6,4.67,0.443625831953569,2.0971180555555557,19.40375,1.3,5.0,1,759,2015-01-01
760,2017,29,15253.582079861659,-6.26,1.37,0.3316878222513268,1.0565798611111112,40.32,1.3,3.0,1,760,2015-01-01
761,2017,30,21349.628082117033,-7.2,1.86,0.3261836732421746,1.0068055555555555,40.32,1.3,1.0,1,761,2015-01-01
762,2017,31,6341.871548500232,-2.35,4.62,0.43103764743480444,2.2332638888888887,39.61416666666666,1.3,6.0,1,762,2015-01-01
763,2017,32,11261.649778750763,-3.195,4.77,0.42035897084733403,1.3134375,6.840833333333333,1.3,5.0,1,763,2015-01-01
764,2017,33,11051.003090070577,-8.25,-1.61,0.27522350337100104,2.521545138888889,8.64,1.3,4.0,1,764,2015-01-01
765,2017,34,21998.63389390183,-8.9,0.89,0.29515797934677684,1.8839062500000001,8.64,1.3,0.0,1,765,2015-01-01
766,2017,35,21988.270056036436,-9.06,2.33,0.3096891796227571,0.7678125,8.64,1.3,0.0,1,766,2015-01-01
767,2017,36,12150.040942868347,-6.63,3.14,0.3493414706074711,1.2169618055555556,8.64,1.3,4.0,1,767,2015-01-01
768,2017,37,18475.390518424832,-2.55,6.39,0.4560475777876542,0.9222569444444445,8.64,1.3,1.0,1,768,2015-01-01
769,2017,38,22000.70666147491,-4.76,7.25,0.4344675346567914,1.2312673611111111,8.64,1.3,0.0,1,769,2015-01-01
770,2017,39,21570.239887076295,-2.68,8.4,0.4876755759712905,1.7303125,8.64,1.3,0.0,1,770,2015-01-01
771,2017,40,4095.467848774239,0.77,6.53,0.5157380723937639,0.9961111111111111,8.640416666666667,1.3,8.0,1,771,2015-01-01
772,2017,41,19757.655967535367,-4.300833333333333,5.71,0.4178457606909176,1.5163888888888888,11.28,1.3,2.0,1,772,2015-01-01
773,2017,42,5332.368734827729,-5.55,3.38,0.36674281697108857,0.7007986111111112,11.28,1.3,7.0,1,773,2015-01-01
774,2017,43,6912.925997790965,-0.67,2.61,0.42593767483964157,1.52765625,9.683333333333332,1.3,7.0,1,774,2015-01-01
775,2017,44,5980.43441233097,-3.0716666666666668,0.26,0.3581903246260113,1.2971527777777778,9.36,1.3,7.0,1,775,2015-01-01
776,2017,45,19802.68316525254,-3.35,2.75,0.3884350202436276,1.0399826388888889,9.36,1.3,1.0,1,776,2015-01-01
777,2017,46,12781.384744556904,-1.73,4.68,0.4417171420405221,3.2960416666666665,9.014583333333333,1.3,4.0,1,777,2015-01-01
778,2017,47,13835.532959970558,-0.0016666666666667052,6.51,0.501504018556995,1.2797743055555555,6.585416666666666,1.3,5.0,1,778,2015-01-01
779,2017,48,6118.133270879814,-5.78,2.05,0.3462573315406501,2.052326388888889,3.5999999999999996,1.3,6.0,1,779,2015-01-01
780,2017,49,18991.15737227951,-9.34,-0.15,0.279112089386643,1.9690625000000002,3.5999999999999996,1.3,2.0,1,780,2015-01-01
781,2017,50,22000.70666147491,-9.12,2.24,0.3079541503426773,1.0692881944444443,3.5999999999999996,1.3,0.0,1,781,2015-01-01
782,2017,51,22000.70666147491,-5.34,4.54,0.38561006868744513,0.9956597222222222,3.5999999999999996,1.3,0.0,1,782,2015-01-01
783,2017,52,21961.4494717575,-4.82,5.94,0.4134951844438598,1.0386631944444444,3.5999999999999996,1.3,0.0,1,783,2015-01-01
784,2017,53,22000.70666147491,-4.28,6.46,0.42964142241840303,0.9807638888888888,3.5999999999999996,1.3,0.0,1,784,2015-01-01
785,2017,54,14020.81215663483,-2.29,6.8,0.46710502536556664,0.7842881944444444,3.5999999999999996,1.3,2.0,1,785,2015-01-01
786,2017,55,22000.70666147491,-3.48,9.13,0.4864641103770806,1.1050347222222223,3.5999999999999996,1.3,0.0,1,786,2015-01-01
787,2017,56,22000.70666147491,-0.72,10.94,0.5713706124967257,1.4629513888888888,3.5999999999999996,1.3,0.0,1,787,2015-01-01
788,2017,57,22000.70666147491,-3.595,12.29,0.541689329489794,1.0727777777777776,3.5999999999999996,1.3,0.0,1,788,2015-01-01
789,2017,58,21386.17809297901,-3.66,10.18,0.5017112400021139,0.9763715277777778,3.5999999999999996,1.3,1.0,1,789,2015-01-01
790,2017,59,20885.909590995005,-0.22,12.9,0.6222777842904043,0.9872743055555555,3.5999999999999996,1.3,0.0,1,790,2015-01-01
791,2017,60,20831.575155971397,0.79,12.86,0.6434239650040806,1.3194791666666665,3.5999999999999996,1.3,2.0,1,791,2015-01-01
792,2017,61,3731.867631845989,4.31,10.75,0.6752907765868653,2.0738715277777775,3.6229166666666663,1.3,7.0,1,792,2015-01-01
793,2017,62,15683.130065204994,4.09,9.49,0.6418770355213512,1.17609375,5.608750000000001,1.3,3.0,1,793,2015-01-01
794,2017,63,9780.902285409427,3.64,10.85,0.6622449042698837,0.7034375,5.074166666666667,1.3,4.0,1,794,2015-01-01
795,2017,64,16935.64223776745,-0.33,8.23,0.5267622728218179,2.4498611111111113,6.0,1.3,4.0,1,795,2015-01-01
796,2017,65,7650.38836433529,-0.8716666666666666,4.75,0.4566739249541163,1.1642361111111112,4.504166666666666,1.3,5.0,1,796,2015-01-01
797,2017,66,17239.66681075038,-1.76,8.26,0.5013560494921371,0.8601736111111111,3.5999999999999996,1.3,1.0,1,797,2015-01-01
798,2017,67,19072.409279148727,-0.99,9.59,0.5398861834714468,0.7004513888888888,3.5999999999999996,1.3,1.0,1,798,2015-01-01
799,2017,68,21178.205113600212,-1.39,11.03,0.5599171935146969,1.225954861111111,3.5999999999999996,1.3,1.0,1,799,2015-01-01
800,2017,69,21988.774570736074,-2.3,12.91,0.5791877252095009,1.4199652777777778,3.5999999999999996,1.3,0.0,1,800,2015-01-01
801,2017,70,5751.47074377013,4.88,12.02,0.7189613589494692,3.6939409722222223,5.90625,1.3,5.0,1,801,2015-01-01
802,2017,71,20771.340268217245,3.9,14.53,0.7571475310050615,1.3153125,8.170833333333333,1.3,1.0,1,802,2015-01-01
803,2017,72,3909.744958069034,4.37,12.15,0.7097441544076452,1.911875,7.122916666666667,1.3,6.0,1,803,2015-01-01
804,2017,73,16808.95901016374,3.54,11.95,0.685281614422998,2.163038194444445,3.80375,1.3,4.0,1,804,2015-01-01
805,2017,74,18754.292975533812,1.93,14.26,0.7018242840582439,0.8218402777777778,4.32,1.3,1.0,1,805,2015-01-01
806,2017,75,6449.0966367755145,5.23,14.12,0.780958281509898,2.496753472222222,8.278333333333332,1.3,6.0,1,806,2015-01-01
807,2017,76,15694.843278618382,4.69,12.52,0.7265585134791882,0.9281770833333334,3.9050000000000002,1.3,1.0,1,807,2015-01-01
808,2017,77,9932.26136296749,4.5,13.15,0.7374628451825166,1.9176909722222222,2.4000000000000004,1.3,6.0,1,808,2015-01-01
809,2017,78,3869.8149577023637,6.65,13.17,0.7933747046338451,1.6873263888888888,6.483333333333333,1.3,8.0,1,809,2015-01-01
810,2017,79,16191.529918731558,4.44,12.81,0.7275439189539374,1.3171875000000002,3.7066666666666666,1.3,3.0,1,810,2015-01-01
811,2017,80,7232.118882833326,2.9625,9.4,0.6154905208622456,1.7316666666666667,6.417083333333334,1.3,5.0,1,811,2015-01-01
812,2017,81,10977.75787370408,2.28,8.97,0.59222024383953,1.7702777777777776,5.580416666666667,1.3,6.0,1,812,2015-01-01
813,2017,82,3679.7529181045293,3.4991666666666665,6.7,0.5709556617089824,1.9623784722222222,18.034166666666668,1.3,8.0,1,813,2015-01-01
814,2017,83,6399.9453528686945,-2.080833333333333,4.98,0.4409107898990027,2.1191319444444443,9.777916666666666,1.3,6.0,1,814,2015-01-01
815,2017,84,10702.696314392657,-2.22,6.88,0.4696127661746029,1.6817013888888888,5.5200000000000005,1.3,4.0,1,815,2015-01-01
816,2017,85,18693.97028122201,-0.81,12.16,0.594279752332533,1.138871527777778,3.8050000000000006,1.3,1.0,1,816,2015-01-01
817,2017,86,20128.86882183676,4.17,15.11,0.7791237257579612,1.1653819444444444,2.5454166666666667,1.3,1.0,1,817,2015-01-01
818,2017,87,4787.2939178134075,6.69,15.83,0.8681233185747671,0.7788888888888889,2.4000000000000004,1.3,5.0,1,818,2015-01-01
819,2017,88,18915.1965320393,5.3675,16.17,0.8402364278199123,1.643298611111111,3.1429166666666664,1.3,1.0,1,819,2015-01-01
820,2017,89,15820.35939280663,4.91,17.14,0.8546831737949011,1.5196006944444445,3.21625,1.3,3.0,1,820,2015-01-01
821,2017,90,7920.861505868941,7.581666666666667,18.24,0.967887155182892,0.9111631944444445,5.19375,1.3,5.0,1,821,2015-01-01
822,2017,91,12705.190434290309,6.94,16.38,0.8914275990688137,0.9701215277777777,13.885416666666666,1.3,5.0,1,822,2015-01-01
823,2017,92,4337.732271545301,3.0991666666666666,13.98,0.7233436147582742,1.573142361111111,8.854166666666666,1.3,6.0,1,823,2015-01-01
824,2017,93,5289.286444571938,-0.7875,5.94,0.47793032140525793,2.1242881944444445,8.253333333333334,1.3,7.0,1,824,2015-01-01
825,2017,94,15866.857844815353,-1.1,8.78,0.5226961615820187,2.54171875,4.800000000000001,1.3,2.0,1,825,2015-01-01
826,2017,95,22000.70666147491,-0.66,15.96,0.6808511242997444,1.321857638888889,4.800000000000001,1.3,0.0,1,826,2015-01-01
827,2017,96,21941.04620778072,3.36,17.01,0.8081247162854136,1.765763888888889,4.800000000000001,1.3,0.0,1,827,2015-01-01
828,2017,97,11088.617981857833,6.63,16.3,0.8799990005894324,1.3059027777777779,6.295,1.3,3.0,1,828,2015-01-01
829,2017,98,14245.702090380204,7.25,19.56,0.999644815647306,1.2583506944444443,7.680000000000001,1.3,4.0,1,829,2015-01-01
830,2017,99,7754.22032618893,10.89,16.46,1.017379782794057,1.6233333333333333,5.5375,1.3,6.0,1,830,2015-01-01
831,2017,100,5618.275442008392,10.88,21.2,1.1849093667153283,1.959392361111111,5.072916666666667,1.3,7.0,1,831,2015-01-01
832,2017,101,5134.643175027076,11.08,20.82,1.178117068374745,1.4467708333333333,4.196666666666667,1.3,6.0,1,832,2015-01-01
833,2017,102,3744.776724195786,9.27,17.95,1.013085211050845,0.8034722222222223,6.777916666666667,1.3,8.0,1,833,2015-01-01
834,2017,103,6881.121142750395,9.1,21.12,1.1163495496985585,2.460208333333333,5.308333333333334,1.3,7.0,1,834,2015-01-01
835,2017,104,3668.8572111522312,14.76,23.45,1.4376887979669983,3.195954861111111,5.50625,1.3,8.0,1,835,2015-01-01
836,2017,105,3666.7844435791512,11.601666666666667,17.06,1.0616128082038434,1.8192361111111113,7.896249999999999,1.3,8.0,1,836,2015-01-01
837,2017,106,16692.673785575793,8.875833333333333,18.54,1.0195606851322672,1.6760243055555555,5.768750000000001,1.3,3.0,1,837,2015-01-01
838,2017,107,21628.028270221446,7.65,20.68,1.050271673932511,0.904201388888889,7.92,1.3,0.0,1,838,2015-01-01
839,2017,108,20621.15416773894,12.14,22.65,1.2914001915827837,1.1093055555555555,7.92,1.3,1.0,1,839,2015-01-01
840,2017,109,18321.011038501292,8.43,20.05,1.0553875967354398,2.7638541666666665,4.23375,1.3,2.0,1,840,2015-01-01
841,2017,110,19321.809276622567,6.96,20.78,1.030359502341478,1.8269444444444443,4.74875,1.3,1.0,1,841,2015-01-01
842,2017,111,21379.156237410785,10.3,21.59,1.1777407210631199,1.277482638888889,6.48,1.3,0.0,1,842,2015-01-01
843,2017,112,21062.870249524884,10.59,26.55,1.3904361470351492,0.9018923611111112,6.48,1.3,0.0,1,843,2015-01-01
844,2017,113,17088.41544659501,13.54,26.06,1.5011673621690091,3.4841666666666664,6.48,1.3,3.0,1,844,2015-01-01
845,2017,114,6437.407669567235,13.674166666666668,24.02,1.4147363786184717,1.5978819444444445,7.615833333333334,1.3,6.0,1,845,2015-01-01
846,2017,115,7093.235587977539,6.447500000000001,21.87,1.0498463307357189,1.8460763888888887,11.88125,1.3,4.0,1,846,2015-01-01
847,2017,116,17897.407185239917,4.98,16.1,0.8275218363256516,2.9246527777777778,5.567916666666666,1.3,3.0,1,847,2015-01-01
848,2017,117,5455.217673844072,5.45,17.67,0.8855505959224266,1.68140625,4.891666666666666,1.3,6.0,1,848,2015-01-01
849,2017,118,11705.521724912138,10.15,20.08,1.1167086439106102,3.0608854166666664,6.088749999999999,1.3,5.0,1,849,2015-01-01
850,2017,119,8249.634784967524,11.51,20.05,1.1653802222762062,3.319826388888889,7.980416666666666,1.3,6.0,1,850,2015-01-01
851,2017,120,14111.153605040337,12.53,21.86,1.2751731891573521,1.1566145833333334,2.9408333333333334,1.3,4.0,1,851,2015-01-01
852,2017,121,5879.435172866059,12.76,24.12,1.3791615845395746,0.9563194444444445,2.64,1.3,5.0,1,852,2015-01-01
853,2017,122,4195.534263117644,12.69,23.76,1.3606907271119504,1.595503472222222,2.64,1.3,7.0,1,853,2015-01-01
854,2017,123,9208.190832360257,13.03,20.5,1.2408886068615639,1.6789062499999998,5.026666666666667,1.3,3.0,1,854,2015-01-01
855,2017,124,5133.285105251381,12.49,19.32,1.1747337337607389,1.8919444444444444,7.470000000000001,1.3,6.0,1,855,2015-01-01
856,2017,125,8431.17266051848,11.425833333333333,20.94,1.1957658115511312,1.6546875,9.704583333333334,1.3,5.0,1,856,2015-01-01
857,2017,126,10009.558434792521,11.39,20.31,1.170610113773222,1.4313541666666667,5.803333333333334,1.3,5.0,1,857,2015-01-01
858,2017,127,18642.73170474724,13.23,22.62,1.3352794236245595,1.3229340277777777,2.88,1.3,3.0,1,858,2015-01-01
859,2017,128,17948.33200864001,14.1,24.5,1.4552577810389853,1.9823090277777777,4.369583333333334,1.3,3.0,1,859,2015-01-01
860,2017,129,19056.74616779948,13.524166666666666,26.72,1.5314070656494854,1.2228819444444445,6.0,1.3,0.0,1,860,2015-01-01
861,2017,130,21752.93925089945,13.06,26.83,1.5147158448628213,1.17609375,6.0,1.3,1.0,1,861,2015-01-01
862,2017,131,19787.296888750912,13.46,28.99,1.6390304720928015,1.0599826388888889,6.0,1.3,1.0,1,862,2015-01-01
863,2017,132,7008.815148173536,13.03,27.17,1.5293168338435716,1.6107118055555556,5.003333333333334,1.3,6.0,1,863,2015-01-01
864,2017,133,17258.88872649031,12.37,25.82,1.4367928483987107,1.6400520833333332,6.120416666666667,1.3,2.0,1,864,2015-01-01
865,2017,134,19737.875230546757,12.59,27.57,1.527425946841789,0.9982986111111111,6.720000000000001,1.3,1.0,1,865,2015-01-01
866,2017,135,20705.33526640587,15.83,27.81,1.6997906116439148,0.9995486111111112,6.720000000000001,1.3,0.0,1,866,2015-01-01
867,2017,136,19546.88892441026,14.24,28.78,1.667893006127946,2.034861111111111,6.720000000000001,1.3,0.0,1,867,2015-01-01
868,2017,137,21743.78087915029,11.880833333333333,26.9,1.4634676146778571,3.1083333333333334,6.720000000000001,1.3,0.0,1,868,2015-01-01
869,2017,138,17685.710538760155,11.62,27.7,1.4881867507384683,1.3506944444444444,6.720000000000001,1.3,1.0,1,869,2015-01-01
870,2017,139,20136.21441612137,15.69,30.29,1.8250302238086942,1.3126909722222222,6.720000000000001,1.3,1.0,1,870,2015-01-01
871,2017,140,10237.828375615785,19.5,31.57,2.125591192000625,2.382083333333333,6.720000000000001,1.3,2.0,1,871,2015-01-01
872,2017,141,13773.512229221038,13.76,28.29,1.6190375722717614,3.0585416666666667,4.7995833333333335,1.3,2.0,1,872,2015-01-01
873,2017,142,22000.70666147491,13.07,25.83,1.4688999012409358,2.035607638888889,4.08,1.3,0.0,1,873,2015-01-01
874,2017,143,11311.969980298396,15.12,28.1,1.6781249255893527,1.1780729166666668,4.08,1.3,2.0,1,874,2015-01-01
875,2017,144,17226.341586534003,17.04416666666667,29.78,1.8721481898720578,2.5402256944444446,4.08,1.3,1.0,1,875,2015-01-01
876,2017,145,22000.70666147491,15.96,28.67,1.7518290905210177,1.990190972222222,4.08,1.3,0.0,1,876,2015-01-01
877,2017,146,22000.70666147491,16.66,29.69,1.8455531292173628,1.2334548611111111,4.08,1.3,0.0,1,877,2015-01-01
878,2017,147,19542.312415846165,18.24,31.18,2.023754253453255,1.0626909722222222,4.08,1.3,0.0,1,878,2015-01-01
879,2017,148,11814.93382416828,17.498333333333335,31.26,1.9841279896415427,2.3386631944444445,4.08,1.3,2.0,1,879,2015-01-01
880,2017,149,21993.493773026166,14.73,29.11,1.7101932047000576,3.433784722222222,4.08,1.3,0.0,1,880,2015-01-01
881,2017,150,21689.868928255164,14.69,31.0,1.8090842541850278,1.584392361111111,4.08,1.3,0.0,1,881,2015-01-01
882,2017,151,22000.70666147491,16.98,32.09,2.0027081232525576,1.6110763888888888,4.08,1.3,0.0,1,882,2015-01-01
883,2017,152,22000.70666147491,15.070833333333333,30.22,1.7873346338842915,3.1102256944444444,4.08,1.3,0.0,1,883,2015-01-01
884,2017,153,19947.204828759688,12.535,27.86,1.5385642487244846,2.9655381944444446,4.08,1.3,0.0,1,884,2015-01-01
885,2017,154,21772.30176465742,12.415000000000001,25.76,1.4361212068253422,3.3338715277777777,4.08,1.3,0.0,1,885,2015-01-01
886,2017,155,22000.70666147491,12.22,29.22,1.5889587213582155,1.2080729166666666,4.08,1.3,0.0,1,886,2015-01-01
887,2017,156,21654.174361536643,15.38,32.0,1.903749106345732,1.6464062499999998,4.08,1.3,0.0,1,887,2015-01-01
888,2017,157,21305.883159084242,17.4,31.33,1.9824463670025898,3.5871527777777774,4.08,1.3,0.0,1,888,2015-01-01
889,2017,158,20409.98867738116,20.22,33.08,2.2703086426956682,3.332795138888889,4.08,1.3,0.0,1,889,2015-01-01
890,2017,159,20657.610009838125,16.38,34.57,2.1180371226316312,1.8691666666666664,4.08,1.3,0.0,1,890,2015-01-01
891,2017,160,22000.70666147491,16.06,33.33,2.0219427723997563,2.5650868055555556,4.08,1.3,0.0,1,891,2015-01-01
892,2017,161,20527.909268969615,17.14,34.24,2.1452146762377002,1.4798090277777778,4.08,1.3,0.0,1,892,2015-01-01
893,2017,162,21359.272112609706,18.1325,35.56,2.2966492522918287,1.2907465277777779,4.08,1.3,0.0,1,893,2015-01-01
894,2017,163,22000.70666147491,17.6,32.99,2.0955151545616495,2.6040104166666667,4.08,1.3,0.0,1,894,2015-01-01
895,2017,164,21994.530156812707,16.54,33.59,2.0670411264651603,2.867326388888889,4.08,1.3,0.0,1,895,2015-01-01
896,2017,165,21784.402151345883,16.61,32.84,2.025567149752339,2.3608680555555552,4.08,1.3,1.0,1,896,2015-01-01
897,2017,166,19636.348069945525,19.8725,35.13,2.386499980297488,3.048871527777778,4.08,1.3,0.0,1,897,2015-01-01
898,2017,167,21106.56492926024,18.273333333333333,33.44,2.1664912072786993,1.8846354166666666,4.08,1.3,0.0,1,898,2015-01-01
899,2017,168,20712.38836625569,16.38,31.04,1.9060410823599954,2.972465277777778,4.08,1.3,0.0,1,899,2015-01-01
900,2017,169,20469.099347820807,16.73,32.04,1.9848207840693537,1.59984375,4.08,1.3,0.0,1,900,2015-01-01
901,2017,170,22000.70666147491,20.68,34.86,2.4242425221277215,1.27828125,4.08,1.3,0.0,1,901,2015-01-01
902,2017,171,22000.70666147491,22.15,35.23,2.5574080473774368,1.5288715277777778,4.08,1.3,0.0,1,902,2015-01-01
903,2017,172,22000.70666147491,18.6025,34.57,2.2618089641089947,2.9021180555555555,4.08,1.3,0.0,1,903,2015-01-01
904,2017,173,22000.70666147491,17.35,32.55,2.0529310583341958,2.9378819444444444,4.08,1.3,0.0,1,904,2015-01-01
905,2017,174,21985.244500790883,14.583333333333332,29.74,1.735562697431321,3.455295138888889,4.08,1.3,0.0,1,905,2015-01-01
906,2017,175,21929.114117041885,14.53,31.68,1.8377641376045313,2.127934027777778,4.08,1.3,0.0,1,906,2015-01-01
907,2017,176,18075.719711348924,17.67,32.6,2.07567120236018,2.155486111111111,4.08,1.3,1.0,1,907,2015-01-01
908,2017,177,17692.69153086709,18.39,31.89,2.076288836739775,1.9338541666666669,8.19125,1.3,1.0,1,908,2015-01-01
909,2017,178,21863.9713757469,18.75,33.62,2.2089446066599465,1.993142361111111,12.0,1.3,0.0,1,909,2015-01-01
910,2017,179,22000.70666147491,22.49,36.18,2.654522912984544,2.0377604166666665,12.0,1.3,0.0,1,910,2015-01-01
911,2017,180,21884.638363147085,19.07,38.13,2.5441060441418983,3.167309027777778,12.0,1.3,0.0,1,911,2015-01-01
912,2017,181,21196.455058167165,17.87833333333333,35.63,2.284256893689388,2.6566666666666667,12.0,1.3,0.0,1,912,2015-01-01
913,2017,182,16937.712482899467,17.83,33.91,2.1682012475058277,2.600763888888889,12.0,1.3,2.0,1,913,2015-01-01
914,2017,183,15752.089783039855,19.45,33.21,2.227922637246471,2.6205555555555557,12.0,1.3,2.0,1,914,2015-01-01
915,2017,184,18018.06220247533,21.52,35.9,2.560372253451487,2.1445833333333333,12.0,1.3,1.0,1,915,2015-01-01
916,2017,185,20736.6029833559,21.79,35.81,2.57374820920798,1.3940104166666667,12.0,1.3,0.0,1,916,2015-01-01
917,2017,186,19307.346847519417,22.24,38.27,2.798588747304695,1.7212326388888888,12.0,1.3,1.0,1,917,2015-01-01
918,2017,187,21011.13446371276,21.31,36.47,2.587184928057682,1.8183680555555553,12.0,1.3,0.0,1,918,2015-01-01
919,2017,188,15425.555294010212,20.01,36.59,2.5001998920525574,2.80484375,12.0,1.3,2.0,1,919,2015-01-01
920,2017,189,13594.203419846011,20.904999999999998,34.76,2.433093968896564,2.4967708333333336,12.0,1.3,3.0,1,920,2015-01-01
921,2017,190,15394.611863935112,20.14,35.71,2.4462457445546293,1.7434722222222223,12.0,1.3,3.0,1,921,2015-01-01
922,2017,191,14477.990597972339,22.103333333333335,36.8,2.6724273048373686,2.196979166666667,12.0,1.3,3.0,1,922,2015-01-01
923,2017,192,18720.900456656513,18.650833333333335,34.56,2.2643615035706093,2.8917187500000003,12.0,1.3,2.0,1,923,2015-01-01
924,2017,193,15747.86067864806,16.438333333333333,31.25,1.921478772921093,2.8755902777777775,8.3525,1.3,2.0,1,924,2015-01-01
925,2017,194,16783.76018580063,16.25,27.6,1.71071479089207,1.8246006944444444,3.8787499999999997,1.3,3.0,1,925,2015-01-01
926,2017,195,18146.29921857024,17.83,29.87,1.9221524444949014,1.4886979166666667,2.64,1.3,2.0,1,926,2015-01-01
927,2017,196,16467.539304022124,20.26,32.65,2.244396878481558,1.2468923611111111,6.60125,1.3,1.0,1,927,2015-01-01
928,2017,197,18133.414727855015,20.2,34.55,2.3689471199762915,1.5389756944444446,10.56,1.3,1.0,1,928,2015-01-01
929,2017,198,19965.86433984438,21.18,35.0,2.4698593788377927,1.36828125,10.56,1.3,1.0,1,929,2015-01-01
930,2017,199,19659.595188798856,21.69,34.67,2.48282298145345,1.4263715277777778,10.56,1.3,0.0,1,930,2015-01-01
931,2017,200,21960.781107712042,21.42,34.7,2.4655512914195894,1.3449305555555555,10.56,1.3,0.0,1,931,2015-01-01
932,2017,201,21893.198909621642,22.58,35.5,2.6097151178710325,1.5173263888888888,10.56,1.3,0.0,1,932,2015-01-01
933,2017,202,21815.384922020596,21.67,37.05,2.6583507591123836,1.5086631944444444,10.56,1.3,0.0,1,933,2015-01-01
934,2017,203,21868.576990861897,22.04,36.79,2.6667889256925537,1.667326388888889,10.56,1.3,0.0,1,934,2015-01-01
935,2017,204,22000.70666147491,21.89,35.49,2.5574080473774377,1.8278124999999998,10.56,1.3,0.0,1,935,2015-01-01
936,2017,205,21931.974492422876,22.417499999999997,37.0,2.7122520768048033,2.0069791666666665,10.56,1.3,0.0,1,936,2015-01-01
937,2017,206,21794.76287312622,20.79,36.21,2.5293966952703903,2.752621527777778,10.56,1.3,0.0,1,937,2015-01-01
938,2017,207,20827.64686228106,20.5125,36.97,2.5650098107144514,1.972986111111111,10.56,1.3,0.0,1,938,2015-01-01
939,2017,208,17708.688537314607,20.49,36.76,2.5477949915341958,1.58078125,10.56,1.3,1.0,1,939,2015-01-01
940,2017,209,21981.14076370176,20.56,37.55,2.6119774968949128,2.146232638888889,10.56,1.3,0.0,1,940,2015-01-01
941,2017,210,21746.02799691017,24.31,38.81,3.014584190801954,1.6897222222222221,10.56,1.3,0.0,1,941,2015-01-01
942,2017,211,15028.3720948607,23.271666666666665,36.21,2.7172581469137795,1.6157291666666667,10.56,1.3,3.0,1,942,2015-01-01
943,2017,212,17611.21470422816,21.48,34.72,2.4712968633746346,1.9586805555555555,10.56,1.3,1.0,1,943,2015-01-01
944,2017,213,22000.70666147491,18.853333333333335,34.18,2.252563194422307,2.1153993055555556,10.56,1.3,0.0,1,944,2015-01-01
945,2017,214,21900.30215372408,18.47,32.61,2.1262217565866393,1.8552604166666669,10.56,1.3,0.0,1,945,2015-01-01
946,2017,215,21469.457994045857,19.16,33.48,2.226609261610815,1.3828472222222221,10.56,1.3,0.0,1,946,2015-01-01
947,2017,216,20982.670817528728,20.68,34.25,2.3814484975105534,1.1614756944444444,10.56,1.3,0.0,1,947,2015-01-01
948,2017,217,21781.898694918513,20.913333333333334,34.95,2.4471960066501697,1.582638888888889,10.56,1.3,0.0,1,948,2015-01-01
949,2017,218,19067.09824452296,19.96,35.03,2.385628369909983,1.9886631944444444,10.56,1.3,0.0,1,949,2015-01-01
950,2017,219,21854.24897663361,20.35,34.37,2.366869122938513,1.1092708333333334,10.56,1.3,0.0,1,950,2015-01-01
951,2017,220,21739.702686518394,20.43,35.48,2.450524455132137,1.1534722222222222,10.56,1.3,0.0,1,951,2015-01-01
952,2017,221,21735.79663649344,20.11,35.57,2.4341580309360475,1.9532812499999999,10.56,1.3,0.0,1,952,2015-01-01
953,2017,222,19720.119114575904,19.91,32.99,2.2437358767362183,2.5359895833333335,10.56,1.3,1.0,1,953,2015-01-01
954,2017,223,19364.01689876099,19.136666666666667,32.36,2.1526406505854476,1.7009201388888888,10.56,1.3,1.0,1,954,2015-01-01
955,2017,224,18916.693853982502,18.72,33.04,2.1694845495759134,1.30859375,10.56,1.3,1.0,1,955,2015-01-01
956,2017,225,17604.726332460585,21.11,34.16,2.4052190230867363,1.792777777777778,7.237083333333334,1.3,1.0,1,956,2015-01-01
957,2017,226,20279.319876065867,22.24,36.26,2.6415440764499265,1.4899652777777779,3.5999999999999996,1.3,1.0,1,957,2015-01-01
958,2017,227,20231.17373497372,20.366666666666667,34.83,2.400074646923746,1.6831423611111112,3.5999999999999996,1.3,0.0,1,958,2015-01-01
959,2017,228,21449.395566275467,19.59,34.82,2.3454892600304644,2.198732638888889,3.5999999999999996,1.3,0.0,1,959,2015-01-01
960,2017,229,14515.027767802601,19.11,33.82,2.2457193909842967,1.9665798611111112,3.5999999999999996,1.3,3.0,1,960,2015-01-01
961,2017,230,20045.154594772208,20.098333333333333,35.77,2.4475524377764275,2.1285243055555556,3.5999999999999996,1.3,1.0,1,961,2015-01-01
962,2017,231,20714.812591411323,19.6,34.34,2.313395449444483,1.6766666666666667,3.5999999999999996,1.3,0.0,1,962,2015-01-01
963,2017,232,21068.616335230185,20.21,33.32,2.285711788277571,1.8134722222222222,3.5999999999999996,1.3,0.0,1,963,2015-01-01
964,2017,233,21685.77227444361,22.74,34.24,2.527929839378328,2.2002777777777776,3.5999999999999996,1.3,0.0,1,964,2015-01-01
965,2017,234,21803.978046185002,22.46,34.7,2.5411582337363128,2.0823784722222225,3.5999999999999996,1.3,0.0,1,965,2015-01-01
966,2017,235,21877.562398750815,22.45,35.74,2.6180188516807275,2.1353819444444446,3.5999999999999996,1.3,0.0,1,966,2015-01-01
967,2017,236,21640.181384901833,21.65,35.69,2.5544468280162813,1.7924652777777779,3.5999999999999996,1.3,0.0,1,967,2015-01-01
968,2017,237,18649.996254264068,19.12,34.75,2.308648399232316,1.7547048611111111,3.5999999999999996,1.3,1.0,1,968,2015-01-01
969,2017,238,21932.35047250264,17.615000000000002,31.54,2.007801695554225,1.3402256944444444,3.5999999999999996,1.3,0.0,1,969,2015-01-01
970,2017,239,21994.530156812707,16.8,30.8,1.9163847982643554,1.8249652777777778,3.5999999999999996,1.3,0.0,1,970,2015-01-01
971,2017,240,21980.039674074724,17.41,30.73,1.9477104084015533,2.69171875,3.5999999999999996,1.3,0.0,1,971,2015-01-01
972,2017,241,22000.70666147491,18.7,32.38,2.1262217565866393,1.8147916666666666,3.5999999999999996,1.3,0.0,1,972,2015-01-01
973,2017,242,22000.70666147491,19.55,35.51,2.390512960649438,1.574826388888889,3.5999999999999996,1.3,0.0,1,973,2015-01-01
974,2017,243,21980.039674074724,20.448333333333334,35.61,2.461130352754354,1.4972222222222222,3.5999999999999996,1.3,0.0,1,974,2015-01-01
975,2017,244,22000.70666147491,20.15,35.04,2.399607451789921,1.2187152777777779,3.5999999999999996,1.3,0.0,1,975,2015-01-01
976,2017,245,22000.70666147491,20.4,33.82,2.3324687761763987,1.6779513888888888,3.5999999999999996,1.3,0.0,1,976,2015-01-01
977,2017,246,21964.9103892584,20.78,34.86,2.431321432054535,2.031909722222222,3.5999999999999996,1.3,1.0,1,977,2015-01-01
978,2017,247,20731.562832729294,19.616666666666667,34.18,2.303684401635542,2.133836805555555,3.5999999999999996,1.3,0.0,1,978,2015-01-01
979,2017,248,21773.054153910856,19.2,34.09,2.269640997065313,1.3736805555555556,3.5999999999999996,1.3,0.0,1,979,2015-01-01
980,2017,249,20523.59931048482,20.76,34.7,2.4185923208614777,1.7184548611111112,3.5999999999999996,1.3,0.0,1,980,2015-01-01
981,2017,250,20969.247146068872,21.04,34.76,2.442685122068108,1.5458506944444443,3.5999999999999996,1.3,0.0,1,981,2015-01-01
982,2017,251,20010.29159826148,16.93,33.17,2.0651959004547553,2.351371527777778,3.5999999999999996,1.3,1.0,1,982,2015-01-01
983,2017,252,21949.775756413437,16.45,31.92,1.9611878683408015,1.415625,3.5999999999999996,1.3,0.0,1,983,2015-01-01
984,2017,253,20454.968471027594,18.47,33.64,2.192049744774626,1.2755208333333334,3.5999999999999996,1.3,0.0,1,984,2015-01-01
985,2017,254,18442.31969327556,19.554166666666667,34.17,2.2987859550980683,1.7329166666666667,3.5999999999999996,1.3,1.0,1,985,2015-01-01
986,2017,255,19201.842864501024,17.9375,31.59,2.030257022205261,1.5716145833333333,3.5999999999999996,1.3,1.0,1,986,2015-01-01
987,2017,256,21474.35905889423,17.45,31.94,2.0219427723997563,1.3308159722222221,3.5999999999999996,1.3,0.0,1,987,2015-01-01
988,2017,257,21642.30303380951,16.94,32.06,1.9985218830730336,1.5975694444444446,3.5999999999999996,1.3,0.0,1,988,2015-01-01
989,2017,258,21979.00329028818,15.91,30.83,1.8674031783604648,1.0628993055555556,3.5999999999999996,1.3,0.0,1,989,2015-01-01
990,2017,259,21932.088079597972,14.185833333333333,32.22,1.8486674814408295,1.8551562499999998,3.5999999999999996,1.3,0.0,1,990,2015-01-01
991,2017,260,20814.083588697147,13.83,29.17,1.6668728184260513,1.8710763888888888,3.5999999999999996,1.3,0.0,1,991,2015-01-01
992,2017,261,21963.165149524393,12.91,28.26,1.5758018462404153,1.036232638888889,3.5999999999999996,1.3,0.0,1,992,2015-01-01
993,2017,262,21977.655632262373,12.89,29.7,1.646078775653909,1.29890625,3.5999999999999996,1.3,0.0,1,993,2015-01-01
994,2017,263,21999.670277688372,13.47,30.92,1.739087603766044,1.4252430555555557,3.5999999999999996,1.3,0.0,1,994,2015-01-01
995,2017,264,21680.091114158804,12.67,30.63,1.6822330222742206,1.6886458333333332,3.5999999999999996,1.3,0.0,1,995,2015-01-01
996,2017,265,21198.52247771161,13.87,30.3,1.7274790838879006,1.6936631944444445,3.5999999999999996,1.3,0.0,1,996,2015-01-01
997,2017,266,20958.774225279183,17.34,31.48,1.9877922936104737,1.9876388888888892,3.5999999999999996,1.3,0.0,1,997,2015-01-01
998,2017,267,21975.806096210697,17.04,30.97,1.940128514691117,2.796475694444444,3.5999999999999996,1.3,0.0,1,998,2015-01-01
999,2017,268,19992.120885334913,14.629166666666666,29.33,1.7164178180434329,1.895486111111111,3.5999999999999996,1.3,1.0,1,999,2015-01-01
1000,2017,269,20008.57564363623,12.69,27.48,1.5278984768381727,1.6805208333333335,3.5999999999999996,1.3,1.0,1,1000,2015-01-01
1001,2017,270,19099.71285117996,13.75,27.72,1.5904265064477212,1.8218055555555555,3.5999999999999996,1.3,2.0,1,1001,2015-01-01
1002,2017,271,21916.07515955347,10.54,25.31,1.3352794236245593,2.815954861111111,3.5999999999999996,1.3,0.0,1,1002,2015-01-01
1003,2017,272,21951.71868321162,10.25,23.05,1.2318574693946722,2.480277777777778,3.5999999999999996,1.3,0.0,1,1003,2015-01-01
1004,2017,273,19736.571534920826,9.79,23.5,1.2314661209039235,3.0214409722222224,3.5999999999999996,1.3,1.0,1,1004,2015-01-01
1005,2017,274,19098.41271503063,15.7,27.36,1.6699350182373494,2.880815972222222,3.5999999999999996,1.3,1.0,1,1005,2015-01-01
1006,2017,275,22000.70666147491,13.3675,26.67,1.5216478162298828,1.9570138888888888,3.5999999999999996,1.3,0.0,1,1006,2015-01-01
1007,2017,276,21447.80307509982,10.79,22.25,1.22171774201914,3.0543055555555556,3.5999999999999996,1.3,0.0,1,1007,2015-01-01
1008,2017,277,9307.45693861658,7.8374999999999995,16.32,0.9164113691498774,2.296857638888889,12.665833333333332,1.3,5.0,1,1008,2015-01-01
1009,2017,278,9187.624032984093,4.705,12.68,0.7308783507392531,2.1592534722222223,10.827916666666667,1.3,5.0,1,1009,2015-01-01
1010,2017,279,21269.32528143797,4.0,18.6,0.8704294036099012,1.8296006944444443,4.32,1.3,1.0,1,1010,2015-01-01
1011,2017,280,17684.738166286104,8.9,21.56,1.124995812209162,2.097899305555556,4.32,1.3,1.0,1,1011,2015-01-01
1012,2017,281,19900.790893275516,12.32,23.15,1.3194013500960469,2.3322569444444445,4.32,1.3,0.0,1,1012,2015-01-01
1013,2017,282,19918.54858072311,12.46,23.58,1.3432810043998868,0.6225173611111111,4.32,1.3,0.0,1,1013,2015-01-01
1014,2017,283,21158.908198188008,11.67,25.17,1.3774341573809317,1.1169791666666666,4.32,1.3,0.0,1,1014,2015-01-01
1015,2017,284,19542.56335366293,13.2,24.93,1.4341079299049009,1.1697916666666666,4.32,1.3,1.0,1,1015,2015-01-01
1016,2017,285,20960.59681167379,10.483333333333334,23.45,1.2568659205146244,1.672638888888889,4.32,1.3,0.0,1,1016,2015-01-01
1017,2017,286,21810.53053092697,8.475833333333334,21.54,1.1090401451489604,2.2695659722222223,4.32,1.3,0.0,1,1017,2015-01-01
1018,2017,287,21869.22508379766,7.13,21.67,1.0663746855114866,1.1811979166666666,4.32,1.3,0.0,1,1018,2015-01-01
1019,2017,288,18021.968823763647,9.4,22.41,1.1747337337607389,1.1693402777777777,4.32,1.3,1.0,1,1019,2015-01-01
1020,2017,289,21649.9433744923,8.29,24.4,1.2081836184778427,1.4623437499999998,4.32,1.3,0.0,1,1020,2015-01-01
1021,2017,290,21941.594330467426,4.116666666666667,17.66,0.8469513105377617,3.3652256944444443,4.32,1.3,0.0,1,1021,2015-01-01
1022,2017,291,21999.670277688372,3.26,18.84,0.8561042305536996,2.125746527777778,4.32,1.3,0.0,1,1022,2015-01-01
1023,2017,292,21671.487034378286,7.09,19.51,0.9928215133867331,3.326111111111111,4.32,1.3,0.0,1,1023,2015-01-01
1024,2017,293,21981.56168228733,5.52,20.91,0.9873278626784413,1.1528125,4.32,1.3,0.0,1,1024,2015-01-01
1025,2017,294,22000.70666147491,4.88,21.13,0.9738695501527904,1.0066145833333335,4.32,1.3,0.0,1,1025,2015-01-01
1026,2017,295,11768.050406730263,6.24,20.14,0.9857171693418484,0.96703125,4.32,1.3,2.0,1,1026,2015-01-01
1027,2017,296,21991.42100545309,7.81,22.0,1.1017135870358632,1.426545138888889,4.32,1.3,0.0,1,1027,2015-01-01
1028,2017,297,15317.987687650442,7.66,21.91,1.093224504820654,2.0889583333333333,4.32,1.3,2.0,1,1028,2015-01-01
1029,2017,298,21912.19244640589,10.73,23.3,1.260721855504018,1.0345833333333332,4.32,1.3,0.0,1,1029,2015-01-01
1030,2017,299,18151.17967664999,10.97,24.94,1.3378017186168616,1.1532291666666667,4.32,1.3,1.0,1,1030,2015-01-01
1031,2017,300,13087.246164043963,14.9275,26.54,1.5903041457752467,1.194201388888889,4.32,1.3,4.0,1,1031,2015-01-01
1032,2017,301,15956.19391529678,13.23,26.23,1.4946647326029148,2.1746180555555554,4.32,1.3,3.0,1,1032,2015-01-01
1033,2017,302,19162.04838048227,14.555,25.07,1.5023311457455935,1.5373784722222221,4.32,1.3,0.0,1,1033,2015-01-01
1034,2017,303,10117.222337289251,14.25,24.83,1.4771387548255257,2.5122916666666666,4.4525,1.3,3.0,1,1034,2015-01-01
1035,2017,304,21812.75253332353,12.172500000000001,22.56,1.289056488615641,1.1428298611111112,2.88,1.3,0.0,1,1035,2015-01-01
1036,2017,305,12925.884520691274,10.59,20.06,1.1318823533635662,1.1470138888888888,2.88,1.3,3.0,1,1036,2015-01-01
1037,2017,306,10937.921981024076,11.79,18.93,1.1344288004696044,1.3170659722222222,4.832916666666667,1.3,6.0,1,1037,2015-01-01
1038,2017,307,11870.469380151131,11.76,17.58,1.0851430185146802,1.569201388888889,3.50625,1.3,5.0,1,1038,2015-01-01
1039,2017,308,6344.270074346001,9.46,17.5,1.0045437674734874,2.2869618055555554,6.47375,1.3,6.0,1,1039,2015-01-01
1040,2017,309,19519.163248173616,7.9,18.67,0.991850100578495,0.8024479166666666,9.84,1.3,0.0,1,1040,2015-01-01
1041,2017,310,10055.922824124338,10.44,20.48,1.1417320594660088,1.1747569444444443,9.84,1.3,3.0,1,1041,2015-01-01
1042,2017,311,21834.99041027093,10.86,20.92,1.1736078494994269,0.5419097222222222,9.84,1.3,0.0,1,1042,2015-01-01
1043,2017,312,5157.243804782872,11.5,20.83,1.1944000383390285,1.5953472222222222,9.84,1.3,7.0,1,1043,2015-01-01
1044,2017,313,6086.178771941671,9.45,19.82,1.0826938582910068,1.2305555555555554,9.84,1.3,5.0,1,1044,2015-01-01
1045,2017,314,15567.804873380695,8.65,18.32,1.0048711121176312,0.8410069444444445,5.685416666666667,1.3,2.0,1,1045,2015-01-01
1046,2017,315,9255.963351239112,6.53,17.88,0.9240634605708478,1.2148611111111112,3.8400000000000003,1.3,5.0,1,1046,2015-01-01
1047,2017,316,13567.590538570505,3.245,14.58,0.7418396585797058,2.653125,3.7999999999999994,1.3,3.0,1,1047,2015-01-01
1048,2017,317,21461.36206323504,2.56,17.48,0.7992460536506965,1.73375,3.8400000000000003,1.3,0.0,1,1048,2015-01-01
1049,2017,318,21530.97727464915,2.66,16.96,0.7880700620855694,0.910920138888889,3.8400000000000003,1.3,0.0,1,1049,2015-01-01
1050,2017,319,21999.670277688372,3.3175,16.64,0.7970398357875905,0.6006944444444444,3.8400000000000003,1.3,0.0,1,1050,2015-01-01
1051,2017,320,21804.46367061107,2.58,15.8,0.7558719681741591,0.8309895833333333,3.8400000000000003,1.3,0.0,1,1051,2015-01-01
1052,2017,321,21993.493773026166,3.19,14.77,0.7452316570946915,1.2111284722222222,3.8400000000000003,1.3,0.0,1,1052,2015-01-01
1053,2017,322,21658.916919577394,2.94,15.13,0.7480055891367439,1.5661979166666666,3.8400000000000003,1.3,0.0,1,1053,2015-01-01
1054,2017,323,3758.916771311236,3.84,14.05,0.7434711435869893,1.8713194444444445,3.8400000000000003,1.3,7.0,1,1054,2015-01-01
1055,2017,324,14464.933037056591,4.85,14.62,0.7841120740777101,1.3037847222222223,8.315416666666668,1.3,5.0,1,1055,2015-01-01
1056,2017,325,7324.796056499988,8.449166666666667,15.95,0.9237340045298899,3.3594965277777775,6.170833333333333,1.3,6.0,1,1056,2015-01-01
1057,2017,326,13430.996385045471,6.74,14.07,0.8200977726533998,2.1076041666666665,5.138333333333333,1.3,4.0,1,1057,2015-01-01
1058,2017,327,19601.284322561525,2.69,9.71,0.6162887538946604,1.3864062499999998,12.75375,1.3,4.0,1,1058,2015-01-01
1059,2017,328,6742.248318993806,-1.3291666666666668,6.85,0.4842356405492523,1.6510243055555556,8.472916666666668,1.3,5.0,1,1059,2015-01-01
1060,2017,329,19802.605775354932,-3.1950000000000003,6.75,0.4514145650364299,2.4588194444444444,6.0,1.3,2.0,1,1060,2015-01-01
1061,2017,330,7565.917081509492,-3.24,6.29,0.44330721187546457,1.8213194444444443,6.0,1.3,3.0,1,1061,2015-01-01
1062,2017,331,22000.70666147491,-2.18,9.43,0.5148286465513405,0.6534375,6.0,1.3,0.0,1,1062,2015-01-01
1063,2017,332,21919.93275733773,-1.12,10.71,0.5589393757815818,0.9606597222222223,6.0,1.3,0.0,1,1063,2015-01-01
1064,2017,333,15483.39297328625,-0.51,11.35,0.5838418825631384,1.2339930555555556,6.0,1.3,2.0,1,1064,2015-01-01
1065,2017,334,21995.524742542213,-0.83,12.28,0.5963455711133926,0.7969097222222222,6.0,1.3,0.0,1,1065,2015-01-01
1066,2017,335,21416.754591034587,-1.1324999999999998,11.22,0.5687360511341941,1.97765625,6.0,1.3,1.0,1,1066,2015-01-01
1067,2017,336,21848.141195321787,-2.37,9.58,0.5141021250401145,0.9077083333333333,6.0,1.3,1.0,1,1067,2015-01-01
1068,2017,337,21406.265636112723,-2.4,9.43,0.5108439620991541,0.9070312500000001,6.0,1.3,0.0,1,1068,2015-01-01
1069,2017,338,19525.205159403104,-2.67,9.08,0.49976043721650415,0.9930034722222223,6.0,1.3,0.0,1,1069,2015-01-01
1070,2017,339,14764.5351129518,-2.18,10.31,0.5310430208948698,1.4876041666666666,6.0,1.3,4.0,1,1070,2015-01-01
1071,2017,340,4698.640475496369,1.9,10.56,0.6175678242271376,4.0370486111111115,6.0,1.3,8.0,1,1071,2015-01-01
1072,2017,341,4230.7104615963835,-1.2933333333333334,7.38,0.4940649653230513,2.1707812499999997,13.091249999999999,1.3,6.0,1,1072,2015-01-01
1073,2017,342,21985.202702733848,-6.34,3.07,0.35218993030309265,1.6494618055555557,19.68,1.3,0.0,1,1073,2015-01-01
1074,2017,343,22000.70666147491,-6.49,6.97,0.404008334610315,0.9586111111111111,19.68,1.3,0.0,1,1074,2015-01-01
1075,2017,344,22000.70666147491,-5.575833333333334,7.12,0.4198906820246049,0.5766493055555555,19.68,1.3,0.0,1,1075,2015-01-01
1076,2017,345,21939.741653966972,-5.84,8.88,0.44314797766230896,1.4852256944444444,19.68,1.3,1.0,1,1076,2015-01-01
1077,2017,346,20085.35242516327,-4.38,9.16,0.4716275110841286,1.2803125,19.68,1.3,1.0,1,1077,2015-01-01
1078,2017,347,21970.863662399202,-4.65,10.06,0.48233065923067003,1.3512847222222222,19.68,1.3,0.0,1,1078,2015-01-01
1079,2017,348,21715.728860694413,-3.32,8.56,0.4794215893787233,0.6907465277777778,19.68,1.3,0.0,1,1079,2015-01-01
1080,2017,349,11937.77242796205,-2.62,8.82,0.4960547603058548,0.5390798611111111,19.68,1.3,3.0,1,1080,2015-01-01
1081,2017,350,22000.70666147491,-3.39,10.5,0.5122897779698393,0.6389930555555555,19.68,1.3,1.0,1,1081,2015-01-01
1082,2017,351,11702.920265635461,-0.45,10.56,0.5691826730355384,0.7013541666666667,19.68,1.3,3.0,1,1082,2015-01-01
1083,2017,352,21913.27062824946,-1.66,10.35,0.5415942948033909,0.6122916666666667,19.68,1.3,0.0,1,1083,2015-01-01
1084,2017,353,21639.72582621789,0.06,12.24,0.6141621568809771,0.6879340277777778,19.68,1.3,1.0,1,1084,2015-01-01
1085,2017,354,11578.259977940235,4.1,15.13,0.7778156503791974,1.0731944444444443,19.68,1.3,3.0,1,1085,2015-01-01
1086,2017,355,3988.3209028955694,6.37,9.81,0.7015855073216803,0.8160763888888889,12.565000000000001,1.3,7.0,1,1086,2015-01-01
1087,2017,356,6865.272855927079,6.74,13.94,0.8165441536935877,1.0647916666666668,4.724166666666667,1.3,6.0,1,1087,2015-01-01
1088,2017,357,4248.285459741964,8.19,14.31,0.8675476368371213,2.1272569444444445,8.095416666666665,1.3,8.0,1,1088,2015-01-01
1089,2017,358,3994.0524458862837,7.36,16.8,0.9164868587943291,2.107222222222222,8.399999999999999,1.3,8.0,1,1089,2015-01-01
1090,2017,359,4356.935012704282,4.075833333333333,11.51,0.6875259062924164,1.4301388888888888,9.224166666666667,1.3,7.0,1,1090,2015-01-01
1091,2017,360,20378.721526316433,0.58,12.32,0.6270193657269315,1.6340104166666667,6.0,1.3,1.0,1,1091,2015-01-01
1092,2017,361,21070.928059785736,0.34,9.16,0.5571830981038773,2.5491319444444445,6.0,1.3,1.0,1,1092,2015-01-01
1093,2017,362,14620.966283596126,-0.4,9.92,0.5575729608953012,1.2458854166666666,6.0,1.3,2.0,1,1093,2015-01-01
1094,2017,363,16853.106778674206,0.81,12.64,0.6390128562160792,0.5138020833333333,6.0,1.3,4.0,1,1094,2015-01-01
1095,2017,364,18196.827469282696,4.16,14.32,0.7584249870490776,0.8533854166666667,6.0,1.3,2.0,1,1095,2015-01-01
1096,2017,365,19315.550406661725,3.35,14.91,0.7528183273547671,0.9736805555555557,6.0,1.3,3.0,1,1096,2015-01-01
1097,2018,1,9021.96674639842,3.8,14.15,0.7449799308228355,3.4547048611111113,5.519583333333333,1.3,5.0,1,1097,2015-01-01
1098,2018,2,17104.849704365268,2.1733333333333333,8.46,0.5796583905696208,1.5756076388888889,4.64625,1.3,4.0,1,1098,2015-01-01
1099,2018,3,16896.157308961083,-0.6408333333333334,8.35,0.5232336320442207,2.4246527777777778,2.64,1.3,1.0,1,1099,2015-01-01
1100,2018,4,10456.823572001029,-0.91,10.28,0.5546548444367438,1.0293055555555555,2.64,1.3,2.0,1,1100,2015-01-01
1101,2018,5,19633.104378121796,0.33,9.02,0.5542667816742709,0.7540277777777777,2.64,1.3,3.0,1,1101,2015-01-01
1102,2018,6,9174.845075670302,-1.25,4.68,0.44939569282421904,0.78703125,9.00875,1.3,5.0,1,1102,2015-01-01
1103,2018,7,18019.326758095984,-3.4891666666666667,7.42,0.457532981094332,1.7095833333333335,6.24,1.3,2.0,1,1103,2015-01-01
1104,2018,8,21954.93878507257,-4.49,8.37,0.4567011746667645,0.9369444444444444,6.24,1.3,0.0,1,1104,2015-01-01
1105,2018,9,21604.494757031618,-3.31,7.78,0.46643829496491174,1.07578125,6.24,1.3,1.0,1,1105,2015-01-01
1106,2018,10,21650.368235906662,-2.34,8.75,0.49976043721650415,1.0960243055555554,6.24,1.3,0.0,1,1106,2015-01-01
1107,2018,11,16497.393446866023,-1.46,8.78,0.5161022394602888,1.251753472222222,6.185,1.3,3.0,1,1107,2015-01-01
1108,2018,12,14227.186328152438,0.76,10.61,0.5946924107365565,0.7815625,3.3600000000000003,1.3,4.0,1,1108,2015-01-01
1109,2018,13,22000.70666147491,1.08,12.17,0.6346284089500881,0.9306249999999999,3.3600000000000003,1.3,1.0,1,1109,2015-01-01
1110,2018,14,21998.63389390183,-1.2,12.38,0.590782333670202,2.6483159722222225,3.3600000000000003,1.3,1.0,1,1110,2015-01-01
1111,2018,15,20409.477416902064,-1.65,8.63,0.509942156868801,2.1523958333333333,2.4816666666666674,1.3,2.0,1,1111,2015-01-01
1112,2018,16,20505.043688114252,-2.92,5.5,0.43587760626371824,1.2561111111111112,2.4000000000000004,1.3,2.0,1,1112,2015-01-01
1113,2018,17,17740.551929350117,-1.69,5.39,0.45376649006716147,1.3093402777777776,2.4000000000000004,1.3,3.0,1,1113,2015-01-01
1114,2018,18,16698.239310302175,-1.28,7.88,0.5031342240103783,2.411128472222222,2.4000000000000004,1.3,1.0,1,1114,2015-01-01
1115,2018,19,21639.989954371493,-1.99,11.59,0.5591348187699687,3.604739583333333,2.4000000000000004,1.3,2.0,1,1115,2015-01-01
1116,2018,20,12124.802208369067,-2.0025,5.28,0.44694347257979194,1.8793402777777777,9.342916666666666,1.3,5.0,1,1116,2015-01-01
1117,2018,21,21994.488358755676,-3.23,9.48,0.49693485741556187,1.3305555555555555,9.36,1.3,0.0,1,1117,2015-01-01
1118,2018,22,4783.290220164006,-0.91,9.21,0.5342267478286885,2.1185243055555554,9.36,1.3,5.0,1,1118,2015-01-01
1119,2018,23,21711.13032336655,0.94,11.66,0.6205614223896199,1.5807465277777777,8.639999999999999,1.3,2.0,1,1119,2015-01-01
1120,2018,24,19623.787352495892,2.135,11.16,0.6356125921623549,0.9623611111111112,3.5999999999999996,1.3,1.0,1,1120,2015-01-01
1121,2018,25,21820.904163424806,0.92,12.35,0.6350656578462065,2.1582118055555553,3.5862499999999997,1.3,2.0,1,1121,2015-01-01
1122,2018,26,10568.057517937834,0.7025,9.03,0.5617301337305687,2.1553993055555556,5.635416666666667,1.3,5.0,1,1122,2015-01-01
1123,2018,27,4223.63944757892,-3.6133333333333333,2.23,0.37747412781823614,2.0625,8.894166666666667,1.3,7.0,1,1123,2015-01-01
1124,2018,28,3668.8572111522312,-13.116666666666667,-2.67,0.2191523975237573,2.839600694444444,11.76,1.3,8.0,1,1124,2015-01-01
1125,2018,29,21427.876819319263,-14.24,-4.99,0.19146116426363385,1.3563541666666667,11.76,1.3,3.0,1,1125,2015-01-01
1126,2018,30,4795.719350165527,-13.959999999999999,-2.37,0.21455952811989965,0.8853298611111111,11.76,1.3,5.0,1,1126,2015-01-01
1127,2018,31,21999.670277688372,-14.49,0.88,0.238439890178452,1.0405902777777778,11.76,1.3,0.0,1,1127,2015-01-01
1128,2018,32,21999.670277688372,-7.89,3.48,0.3376494055248843,0.8607291666666667,11.76,1.3,0.0,1,1128,2015-01-01
1129,2018,33,22000.70666147491,-8.25,3.45,0.3327984675605971,1.0228472222222222,11.76,1.3,0.0,1,1129,2015-01-01
1130,2018,34,21554.832165269407,-6.13,4.07,0.36822695948510487,0.9956597222222222,11.76,1.3,1.0,1,1130,2015-01-01
1131,2018,35,20353.505975357075,-4.28,5.81,0.419675676927677,0.8496006944444444,11.76,1.3,1.0,1,1131,2015-01-01
1132,2018,36,15820.629969315381,-1.69,7.51,0.489410861138808,0.8823090277777778,11.76,1.3,3.0,1,1132,2015-01-01
1133,2018,37,20856.495962047753,1.24,11.53,0.6242136898593534,0.9875694444444445,11.76,1.3,1.0,1,1133,2015-01-01
1134,2018,38,21514.061400008988,-1.4166666666666665,10.56,0.5502707987337326,1.3461805555555555,11.76,1.3,1.0,1,1134,2015-01-01
1135,2018,39,18296.099302231814,-5.1674999999999995,7.11,0.4259761096489137,1.3044270833333333,11.76,1.3,2.0,1,1135,2015-01-01
1136,2018,40,12728.320549056602,-5.44,7.3,0.42470937793982116,1.0351909722222221,11.76,1.3,2.0,1,1136,2015-01-01
1137,2018,41,21851.653705512148,-2.9483333333333337,9.32,0.4990821868098464,1.0370833333333334,11.76,1.3,1.0,1,1137,2015-01-01
1138,2018,42,16056.823474452773,-3.15,9.02,0.49028054599950244,1.235798611111111,11.76,1.3,4.0,1,1138,2015-01-01
1139,2018,43,3696.8251297190327,6.06,7.66,0.6449741774965171,1.5295486111111112,9.64375,1.3,8.0,1,1139,2015-01-01
1140,2018,44,3674.0391300849287,6.62,9.75,0.7061345146909433,1.7925868055555556,21.2175,1.3,7.0,1,1140,2015-01-01
1141,2018,45,18580.639887589932,0.9,8.94,0.5638435661188248,2.157760416666667,10.896666666666668,1.3,3.0,1,1141,2015-01-01
1142,2018,46,4527.438543491902,1.4,10.11,0.5975880982037918,1.4644791666666666,4.32,1.3,8.0,1,1142,2015-01-01
1143,2018,47,3666.7844435791512,4.13,9.03,0.6326640692081356,2.215017361111111,11.166666666666666,1.3,8.0,1,1143,2015-01-01
1144,2018,48,3847.7818510967068,4.78,6.7,0.5969665497272197,1.6523090277777779,14.727083333333333,1.3,7.0,1,1144,2015-01-01
1145,2018,49,6383.451973781279,3.6,7.78,0.5948988346341834,3.118211805555555,16.08,1.3,5.0,1,1145,2015-01-01
1146,2018,50,4572.368528425244,0.8558333333333334,7.25,0.5305917938550235,1.2701215277777778,10.435416666666667,1.3,5.0,1,1146,2015-01-01
1147,2018,51,20909.86834883902,-0.03,10.88,0.5840449829642494,1.5766145833333334,4.800000000000001,1.3,2.0,1,1147,2015-01-01
1148,2018,52,9269.065139910615,1.94,10.57,0.618635502414673,1.8668749999999998,4.800000000000001,1.3,6.0,1,1148,2015-01-01
1149,2018,53,4640.891825110223,5.24,9.66,0.671606128584187,1.5276215277777778,9.29625,1.3,7.0,1,1149,2015-01-01
1150,2018,54,11448.33469848053,3.8,11.14,0.6725256269490502,0.7934548611111112,6.235416666666667,1.3,6.0,1,1150,2015-01-01
1151,2018,55,4785.639019058156,5.07,7.28,0.615224645713356,2.7616493055555558,7.9541666666666675,1.3,7.0,1,1151,2015-01-01
1152,2018,56,16902.118748303226,2.845833333333333,10.0,0.6258489867377333,1.2834722222222221,4.948333333333334,1.3,3.0,1,1152,2015-01-01
1153,2018,57,5684.323421194159,2.58,9.17,0.6025810548695477,1.2142881944444444,3.02125,1.3,5.0,1,1153,2015-01-01
1154,2018,58,9849.265750258479,5.001666666666667,9.6,0.6647830494429953,1.8202777777777779,8.017083333333334,1.3,5.0,1,1154,2015-01-01
1155,2018,59,19247.26229155387,2.901666666666667,12.47,0.6825193028291889,1.3949131944444444,14.879999999999999,1.3,1.0,1,1155,2015-01-01
1156,2018,60,17720.790398274177,2.83,12.63,0.6845803803462518,0.8538020833333333,14.879999999999999,1.3,2.0,1,1156,2015-01-01
1157,2018,61,11630.321746034193,3.53,13.94,0.7329847000775086,1.5134548611111112,14.879999999999999,1.3,3.0,1,1157,2015-01-01
1158,2018,62,18016.976787999018,4.03,13.72,0.7399610907503368,1.4175173611111112,14.879999999999999,1.3,2.0,1,1158,2015-01-01
1159,2018,63,11777.240020433786,5.61,16.15,0.846481850380409,1.5559722222222223,14.879999999999999,1.3,2.0,1,1159,2015-01-01
1160,2018,64,7348.477573697868,7.9,17.38,0.9508605994202874,1.2759027777777776,8.634583333333332,1.3,3.0,1,1160,2015-01-01
1161,2018,65,4049.840767445406,8.46,15.03,0.8964499636469027,1.53703125,7.454583333333334,1.3,6.0,1,1161,2015-01-01
1162,2018,66,12957.23262869159,7.35,16.23,0.8991189123284715,1.1874826388888888,4.876250000000001,1.3,3.0,1,1162,2015-01-01
1163,2018,67,10414.000109570507,8.13,18.67,0.9993189656839658,1.0980555555555556,3.12,1.3,4.0,1,1163,2015-01-01
1164,2018,68,7684.907684754439,8.94,21.12,1.1106177960962984,2.6305555555555555,6.479166666666667,1.3,4.0,1,1164,2015-01-01
1165,2018,69,17248.570530465917,6.940833333333333,15.83,0.8753718834432548,2.2851215277777777,2.661666666666667,1.3,3.0,1,1165,2015-01-01
1166,2018,70,8286.729371866697,5.35,16.38,0.8456373984009445,0.8399305555555556,2.64,1.3,5.0,1,1166,2015-01-01
1167,2018,71,9024.614034034947,1.3816666666666668,14.84,0.7025808823766415,2.089357638888889,5.763750000000001,1.3,3.0,1,1167,2015-01-01
1168,2018,72,20235.827812395506,0.62,14.46,0.6757526068143007,1.5859722222222221,9.120000000000001,1.3,0.0,1,1168,2015-01-01
1169,2018,73,9767.307140729015,4.88,16.7,0.8414262347836627,0.6635243055555555,9.120000000000001,1.3,3.0,1,1169,2015-01-01
1170,2018,74,14684.841298974552,7.17,17.46,0.9307763166647314,1.0483680555555557,9.120000000000001,1.3,4.0,1,1170,2015-01-01
1171,2018,75,4125.1162454267405,7.340833333333333,16.42,0.9045026327231296,1.4001736111111112,10.857083333333334,1.3,8.0,1,1171,2015-01-01
1172,2018,76,13650.440774333023,1.2691666666666666,11.67,0.6278668406115729,2.0577430555555556,4.179166666666667,1.3,4.0,1,1172,2015-01-01
1173,2018,77,21310.675565645968,0.9383333333333334,13.81,0.6681297455640959,2.6801041666666667,2.64,1.3,0.0,1,1173,2015-01-01
1174,2018,78,5240.564326282057,0.93,18.09,0.7723428016873207,1.0257118055555554,2.64,1.3,4.0,1,1174,2015-01-01
1175,2018,79,21893.11882724245,6.32,20.4,0.9967155201503767,0.7582638888888888,2.64,1.3,0.0,1,1175,2015-01-01
1176,2018,80,6896.474528376209,5.775,21.7,1.0215242357758314,2.1084895833333333,2.64,1.3,4.0,1,1176,2015-01-01
1177,2018,81,18171.540373592405,4.63,21.32,0.9719601408844307,1.8814756944444444,2.64,1.3,3.0,1,1177,2015-01-01
1178,2018,82,19913.817672986544,9.73,21.77,1.1631451169043203,1.6563541666666666,2.64,1.3,0.0,1,1178,2015-01-01
1179,2018,83,6881.350270458982,9.56,22.28,1.175860564543304,3.9207465277777778,2.64,1.3,5.0,1,1179,2015-01-01
1180,2018,84,7592.796797495681,14.854166666666668,24.71,1.4995006472984758,2.543715277777778,2.64,1.3,6.0,1,1180,2015-01-01
1181,2018,85,16789.792456960466,11.38,24.31,1.3285736460827213,2.1051041666666666,2.64,1.3,1.0,1,1181,2015-01-01
1182,2018,86,21653.296886670836,9.76,23.65,1.236169499118652,0.9816493055555555,2.64,1.3,0.0,1,1182,2015-01-01
1183,2018,87,4386.610282493569,12.88,24.05,1.3813235344915036,1.1967013888888889,2.64,1.3,6.0,1,1183,2015-01-01
1184,2018,88,6531.781640885548,14.39,27.27,1.5997500298682383,3.3494444444444444,2.64,1.3,7.0,1,1184,2015-01-01
1185,2018,89,4085.650478518145,10.271666666666667,20.99,1.1543038433944437,2.787326388888889,5.214583333333334,1.3,7.0,1,1185,2015-01-01
1186,2018,90,21919.997463178224,2.9158333333333335,17.15,0.7999379926305235,3.448246527777778,2.88,1.3,0.0,1,1186,2015-01-01
1187,2018,91,20891.846653773013,2.21,18.06,0.8054250999667609,1.8500694444444445,2.88,1.3,0.0,1,1187,2015-01-01
1188,2018,92,20442.447830427413,5.52,19.97,0.9574301895825564,0.893576388888889,2.88,1.3,1.0,1,1188,2015-01-01
1189,2018,93,9593.63753268292,8.11,21.75,1.1034894037347864,1.08828125,2.88,1.3,4.0,1,1189,2015-01-01
1190,2018,94,3980.8532085947377,6.466666666666667,20.49,1.0044346733905951,2.1242881944444445,2.88,1.3,7.0,1,1190,2015-01-01
1191,2018,95,19836.02402306175,6.07,19.27,0.9527335740980889,2.563159722222222,6.287916666666666,1.3,2.0,1,1191,2015-01-01
1192,2018,96,9910.271939398646,6.22,19.7,0.9710066692529623,1.6489409722222221,3.5620833333333337,1.3,6.0,1,1192,2015-01-01
1193,2018,97,4184.837891226547,6.296666666666667,12.7,0.7717368031729245,1.657326388888889,8.338333333333333,1.3,8.0,1,1193,2015-01-01
1194,2018,98,17510.896267451553,4.85,19.82,0.9320014261385093,1.3825,3.231666666666667,1.3,2.0,1,1194,2015-01-01
1195,2018,99,17566.726545349473,6.16,20.75,1.0029084476196362,1.3759722222222222,3.0345833333333334,1.3,2.0,1,1195,2015-01-01
1196,2018,100,8428.4631575679,7.55,19.79,1.01704886488635,3.1725694444444446,3.12,1.3,4.0,1,1196,2015-01-01
1197,2018,101,14107.005419179064,10.8,21.5,1.1932576518017963,3.1488715277777777,3.12,1.3,4.0,1,1197,2015-01-01
1198,2018,102,3810.5093862345093,10.91,21.05,1.1803773664027328,1.1309375,3.12,1.3,8.0,1,1198,2015-01-01
1199,2018,103,9392.666142594593,9.35,19.71,1.0753754416643537,1.8130208333333333,5.342499999999999,1.3,5.0,1,1199,2015-01-01
1200,2018,104,14657.649545579172,5.805,17.12,0.8798533198547482,2.601736111111111,6.048333333333334,1.3,4.0,1,1200,2015-01-01
1201,2018,105,13458.647005914396,2.0283333333333333,14.54,0.7109107150779651,2.6631597222222223,7.5687500000000005,1.3,5.0,1,1201,2015-01-01
1202,2018,106,6402.082530294348,-3.9775,6.14,0.4293703988040397,2.426510416666667,9.820416666666667,1.3,6.0,1,1202,2015-01-01
1203,2018,107,21817.986044945697,-4.57,10.94,0.49905271610074986,1.2263194444444445,3.12,1.3,0.0,1,1203,2015-01-01
1204,2018,108,18416.75957987531,-1.27,15.48,0.6559180909205489,1.2817013888888888,3.12,1.3,1.0,1,1204,2015-01-01
1205,2018,109,21927.854501733946,1.67,18.99,0.8159986463682601,1.665295138888889,3.12,1.3,0.0,1,1205,2015-01-01
1206,2018,110,10968.233548314267,8.81,21.21,1.1091888961468088,2.245329861111111,3.12,1.3,4.0,1,1206,2015-01-01
1207,2018,111,11457.391286365199,10.734166666666667,21.42,1.1877180132117118,2.9039062500000004,5.377083333333333,1.3,5.0,1,1207,2015-01-01
1208,2018,112,7127.246323774323,10.72,18.66,1.0865447190915807,2.179861111111111,6.7775,1.3,5.0,1,1208,2015-01-01
1209,2018,113,10957.117000843797,4.24,15.04,0.7791237257579612,2.394340277777778,10.885833333333332,1.3,4.0,1,1209,2015-01-01
1210,2018,114,21977.655632262373,4.34,20.76,0.9452610587068282,1.36421875,5.76,1.3,0.0,1,1210,2015-01-01
1211,2018,115,19953.707072821297,7.79,20.89,1.0622428262174466,2.086423611111111,5.76,1.3,1.0,1,1211,2015-01-01
1212,2018,116,12949.163685172047,11.55,22.58,1.2647216534214647,2.320052083333333,5.76,1.3,4.0,1,1212,2015-01-01
1213,2018,117,7735.408249627731,14.01,22.0,1.342014813212981,3.4101215277777777,3.7504166666666663,1.3,7.0,1,1213,2015-01-01
1214,2018,118,8344.990398911865,11.739166666666666,23.86,1.324779855595114,2.141284722222222,3.680416666666667,1.3,7.0,1,1214,2015-01-01
1215,2018,119,8043.660750189807,8.351666666666667,19.65,1.0391493524574151,1.9860069444444446,13.34125,1.3,6.0,1,1215,2015-01-01
1216,2018,120,8877.75031572044,7.87,17.86,0.9649870607970216,2.370329861111111,8.257916666666667,1.3,6.0,1,1216,2015-01-01
1217,2018,121,16451.639413528475,7.6,17.83,0.9555491097593054,1.1616145833333333,10.397916666666667,1.3,4.0,1,1217,2015-01-01
1218,2018,122,7681.666529054967,8.14,21.12,1.08234437432293,1.3898437499999998,4.9591666666666665,1.3,6.0,1,1218,2015-01-01
1219,2018,123,5577.549962473853,11.13,22.77,1.2555386850465569,1.565920138888889,3.9312500000000004,1.3,6.0,1,1219,2015-01-01
1220,2018,124,5744.478687475774,13.32,21.39,1.2881404019072569,1.5814409722222222,7.479166666666667,1.3,7.0,1,1220,2015-01-01
1221,2018,125,8582.340764587356,10.945833333333333,21.3,1.1911974343916474,1.3614930555555556,15.533333333333331,1.3,4.0,1,1221,2015-01-01
1222,2018,126,11442.505898288291,10.9,22.81,1.2479968589543076,1.5272569444444446,11.763749999999998,1.3,2.0,1,1222,2015-01-01
1223,2018,127,8292.042981643244,12.79,25.28,1.4314274019934243,1.1019965277777777,6.0,1.3,6.0,1,1223,2015-01-01
1224,2018,128,3737.5638357470402,14.264999999999999,22.46,1.3724783478850557,2.256145833333333,5.86875,1.3,8.0,1,1224,2015-01-01
1225,2018,129,3678.71653431799,11.99,19.32,1.1560920516946143,3.0179513888888887,23.48125,1.3,8.0,1,1225,2015-01-01
1226,2018,130,9398.068763158613,10.053333333333333,17.78,1.0334872215304085,1.1283680555555555,10.835416666666667,1.3,4.0,1,1226,2015-01-01
1227,2018,131,8714.494036365297,10.01,18.76,1.065340401252077,1.2383333333333333,7.3495833333333325,1.3,4.0,1,1227,2015-01-01
1228,2018,132,6775.750683736173,10.29,16.88,1.0114376936102751,1.2709722222222224,14.967083333333335,1.3,7.0,1,1228,2015-01-01
1229,2018,133,12325.557427252652,9.46,21.13,1.1297036744167641,1.4922048611111112,14.96875,1.3,4.0,1,1229,2015-01-01
1230,2018,134,8953.92771491315,10.56,19.79,1.1210256809492039,2.2422916666666666,5.5200000000000005,1.3,6.0,1,1230,2015-01-01
1231,2018,135,12908.689170554471,10.423333333333334,21.62,1.1835229737532855,2.4526041666666667,4.404166666666667,1.3,4.0,1,1231,2015-01-01
1232,2018,136,16082.297623260263,8.045,18.89,1.003725815261448,2.0130381944444444,3.2345833333333336,1.3,2.0,1,1232,2015-01-01
1233,2018,137,18109.16456203887,7.81,22.66,1.1253573437593132,1.4485069444444445,3.3600000000000003,1.3,1.0,1,1233,2015-01-01
1234,2018,138,17781.693139672287,8.39,22.93,1.156462328846059,1.0010590277777778,3.3600000000000003,1.3,1.0,1,1234,2015-01-01
1235,2018,139,20630.5436189205,10.67,24.53,1.30822025270777,0.7319618055555556,3.3600000000000003,1.3,0.0,1,1235,2015-01-01
1236,2018,140,18132.396990398327,12.2,27.35,1.4988421600294435,0.9802604166666666,3.3600000000000003,1.3,1.0,1,1236,2015-01-01
1237,2018,141,9943.56776445501,14.328333333333333,26.59,1.5636241914628881,1.4383854166666667,3.3600000000000003,1.3,4.0,1,1237,2015-01-01
1238,2018,142,7110.5267868063,13.745833333333334,25.35,1.4778653990359312,1.6470659722222223,3.3600000000000003,1.3,5.0,1,1238,2015-01-01
1239,2018,143,6658.803374853789,13.67,24.54,1.4376887979669983,1.0714756944444443,12.372916666666667,1.3,7.0,1,1239,2015-01-01
1240,2018,144,16824.28778043763,14.4,25.55,1.51753229079567,2.7243055555555555,21.84,1.3,3.0,1,1240,2015-01-01
1241,2018,145,11687.405340683474,15.72,27.95,1.7013474680672636,1.6037847222222221,21.84,1.3,3.0,1,1241,2015-01-01
1242,2018,146,17725.396185644553,15.64,28.08,1.7039449968936113,1.516875,21.84,1.3,1.0,1,1242,2015-01-01
1243,2018,147,18944.398051742974,12.16,27.64,1.510499746483775,3.034340277777778,21.84,1.3,1.0,1,1243,2015-01-01
1244,2018,148,18154.066992109998,12.5,27.78,1.5331047491275323,1.2909548611111112,21.84,1.3,1.0,1,1244,2015-01-01
1245,2018,149,9171.949640675088,15.3975,30.95,1.845413787796024,1.8736284722222223,13.891666666666666,1.3,3.0,1,1245,2015-01-01
1246,2018,150,13544.50260874529,15.38,27.5,1.660763133639861,1.23875,7.155833333333334,1.3,3.0,1,1246,2015-01-01
1247,2018,151,12537.246381377177,18.15,30.7,1.9895770613502444,2.2109027777777777,10.614166666666668,1.3,3.0,1,1247,2015-01-01
1248,2018,152,7176.892186869334,18.114166666666666,29.14,1.8965546075230326,2.333298611111111,12.788333333333334,1.3,4.0,1,1248,2015-01-01
1249,2018,153,8395.694264936967,15.87,28.14,1.719079088036593,1.7877430555555556,9.519166666666669,1.3,5.0,1,1249,2015-01-01
1250,2018,154,14075.705998443604,14.78,24.41,1.4821934824626593,1.2828993055555555,7.531666666666666,1.3,3.0,1,1250,2015-01-01
1251,2018,155,15882.826730283587,15.79,29.15,1.7684074532942167,1.1394965277777778,4.08,1.3,1.0,1,1251,2015-01-01
1252,2018,156,6974.366416979493,18.54,31.22,2.0443835065294262,3.1562847222222223,8.59625,1.3,3.0,1,1252,2015-01-01
1253,2018,157,20212.101226749026,18.235833333333336,32.73,2.1190324979280604,0.9957118055555555,3.3600000000000003,1.3,0.0,1,1253,2015-01-01
1254,2018,158,21991.42100545309,16.699166666666667,32.74,2.024912329441185,2.5653472222222224,3.3600000000000003,1.3,0.0,1,1254,2015-01-01
1255,2018,159,21691.13168401188,16.29,31.77,1.943041574710614,2.547170138888889,3.3600000000000003,1.3,0.0,1,1255,2015-01-01
1256,2018,160,18226.852554840585,13.86,29.72,1.6966806318352514,2.2391493055555554,3.245416666666667,1.3,1.0,1,1256,2015-01-01
1257,2018,161,20177.257369031257,13.82,29.49,1.682747151597535,1.5092534722222224,3.12,1.3,1.0,1,1257,2015-01-01
1258,2018,162,14310.638485946565,16.31,31.27,1.9152330829324349,1.4700520833333333,2.9508333333333336,1.3,2.0,1,1258,2015-01-01
1259,2018,163,12706.10052612514,14.36,29.59,1.7159383000605974,2.1551562499999997,6.300416666666667,1.3,2.0,1,1259,2015-01-01
1260,2018,164,17930.8692338675,13.91,28.87,1.6556866854160346,2.637170138888889,8.4375,1.3,1.0,1,1260,2015-01-01
1261,2018,165,15295.999838431693,14.35,30.45,1.7609035633904764,1.2683680555555554,6.720000000000001,1.3,1.0,1,1261,2015-01-01
1262,2018,166,15756.881529015352,19.0,30.51,2.029197191814025,1.4896180555555556,6.8445833333333335,1.3,1.0,1,1262,2015-01-01
1263,2018,167,16522.342137195188,19.34,32.62,2.1823540248449715,1.4944270833333333,6.959999999999999,1.3,1.0,1,1263,2015-01-01
1264,2018,168,21691.86073638795,18.1325,31.87,2.059208831737752,2.659548611111111,6.959999999999999,1.3,0.0,1,1264,2015-01-01
1265,2018,169,22000.70666147491,18.09,33.59,2.1643553101084465,2.2667708333333336,6.959999999999999,1.3,0.0,1,1265,2015-01-01
1266,2018,170,21538.46880960237,16.7225,32.54,2.0142597451247384,2.3790277777777775,6.959999999999999,1.3,0.0,1,1266,2015-01-01
1267,2018,171,21977.655632262373,16.72,32.86,2.033439410399587,1.9535069444444444,6.959999999999999,1.3,0.0,1,1267,2015-01-01
1268,2018,172,21285.685212461223,16.83,32.25,2.0033067814733436,2.2063888888888887,6.959999999999999,1.3,0.0,1,1268,2015-01-01
1269,2018,173,21963.165149524393,16.88,33.56,2.0861928030368033,1.666111111111111,6.959999999999999,1.3,0.0,1,1269,2015-01-01
1270,2018,174,21548.980597626592,18.27,34.02,2.2037341435634765,1.7842361111111111,6.959999999999999,1.3,0.0,1,1270,2015-01-01
1271,2018,175,21992.457389239626,18.56,35.58,2.3270053292602784,1.5535069444444443,6.959999999999999,1.3,0.0,1,1271,2015-01-01
1272,2018,176,21427.563969027586,19.655833333333334,36.63,2.477474340613369,1.518576388888889,6.959999999999999,1.3,0.0,1,1272,2015-01-01
1273,2018,177,21939.36567388721,19.61,35.51,2.394706681754091,2.922274305555556,6.959999999999999,1.3,0.0,1,1273,2015-01-01
1274,2018,178,21738.666302731854,20.031666666666666,36.03,2.4613691458666502,1.6557465277777779,6.959999999999999,1.3,0.0,1,1274,2015-01-01
1275,2018,179,21142.306545636682,19.98,34.84,2.373801959192227,1.8933854166666666,6.959999999999999,1.3,0.0,1,1275,2015-01-01
1276,2018,180,22000.70666147491,22.73,35.39,2.612732002324802,2.9737847222222222,6.959999999999999,1.3,0.0,1,1276,2015-01-01
1277,2018,181,21956.988644862187,24.8,38.73,3.049797935923863,2.4608333333333334,6.959999999999999,1.3,0.0,1,1277,2015-01-01
1278,2018,182,21080.529241434346,22.965,39.98,2.999661834462181,1.3346701388888889,6.959999999999999,1.3,0.0,1,1278,2015-01-01
1279,2018,183,22000.70666147491,22.0,37.18,2.6937928347546882,1.3615104166666667,6.959999999999999,1.3,0.0,1,1279,2015-01-01
1280,2018,184,22000.70666147491,21.1925,36.07,2.548717955363867,1.4097916666666666,6.959999999999999,1.3,0.0,1,1280,2015-01-01
1281,2018,185,22000.70666147491,20.63,35.37,2.456954736596921,1.1702430555555556,6.959999999999999,1.3,0.0,1,1281,2015-01-01
1282,2018,186,22000.70666147491,20.85,35.21,2.4612497467894996,2.0477430555555554,6.959999999999999,1.3,0.0,1,1282,2015-01-01
1283,2018,187,21829.697111742993,21.29,37.57,2.669094283398952,2.5552430555555556,6.959999999999999,1.3,0.0,1,1283,2015-01-01
1284,2018,188,20395.54953196465,23.175833333333333,38.71,2.9107083058363465,1.7456944444444444,6.959999999999999,1.3,0.0,1,1284,2015-01-01
1285,2018,189,20353.27053461419,21.829166666666666,38.64,2.7953193538026895,2.1903645833333334,6.959999999999999,1.3,0.0,1,1285,2015-01-01
1286,2018,190,21942.983786550267,21.81,39.07,2.8283653258975563,2.0073090277777776,6.959999999999999,1.3,0.0,1,1286,2015-01-01
1287,2018,191,21324.433845605385,21.99,39.08,2.8437627495476234,1.597517361111111,6.959999999999999,1.3,0.0,1,1287,2015-01-01
1288,2018,192,21927.03205861138,24.968333333333334,37.89,2.992295506756306,1.8435243055555557,6.959999999999999,1.3,0.0,1,1288,2015-01-01
1289,2018,193,22000.70666147491,23.6975,36.87,2.8031982238886797,2.6689583333333333,6.959999999999999,1.3,0.0,1,1289,2015-01-01
1290,2018,194,22000.70666147491,23.5,37.46,2.8348395952359278,2.3663541666666665,6.959999999999999,1.3,0.0,1,1290,2015-01-01
1291,2018,195,22000.70666147491,24.16,37.72,2.910224815627139,2.9544270833333335,6.959999999999999,1.3,0.0,1,1291,2015-01-01
1292,2018,196,21657.140009341238,24.48,37.82,2.945215044357993,3.5023437499999996,6.959999999999999,1.3,0.0,1,1292,2015-01-01
1293,2018,197,21526.03484083766,21.348333333333336,38.12,2.7162172636759356,2.1826736111111114,6.959999999999999,1.3,0.0,1,1293,2015-01-01
1294,2018,198,21254.704883243987,20.831666666666667,37.45,2.624956179335448,2.418611111111111,6.959999999999999,1.3,1.0,1,1294,2015-01-01
1295,2018,199,21784.59401097013,20.81,37.55,2.6308971080024666,3.2801041666666664,6.959999999999999,1.3,1.0,1,1295,2015-01-01
1296,2018,200,21706.731571128395,27.22,39.66,3.3511603313798135,4.233194444444445,6.959999999999999,1.3,0.0,1,1296,2015-01-01
1297,2018,201,18099.608557349362,27.510833333333334,38.92,3.309310628197206,4.3204513888888885,6.959999999999999,1.3,1.0,1,1297,2015-01-01
1298,2018,202,21849.594051090095,23.690833333333334,39.81,3.0472811411209655,3.8605034722222222,6.959999999999999,1.3,1.0,1,1298,2015-01-01
1299,2018,203,21446.297320487018,21.12,38.18,2.7031059063632834,2.880190972222222,6.959999999999999,1.3,0.0,1,1299,2015-01-01
1300,2018,204,20196.294330010554,20.87,38.15,2.681418824672745,2.4924131944444445,6.959999999999999,1.3,2.0,1,1300,2015-01-01
1301,2018,205,19224.49707114837,20.91,37.04,2.599931164493043,1.9424305555555554,6.959999999999999,1.3,1.0,1,1301,2015-01-01
1302,2018,206,20111.794775928505,23.4,38.02,2.8723172447219243,1.6019270833333334,6.959999999999999,1.3,1.0,1,1302,2015-01-01
1303,2018,207,19811.582921683086,25.2925,40.5,3.2506166286794054,1.4135069444444446,6.959999999999999,1.3,1.0,1,1303,2015-01-01
1304,2018,208,17148.42126876135,24.73,38.39,3.014584190801954,1.72484375,6.959999999999999,1.3,1.0,1,1304,2015-01-01
1305,2018,209,17941.0680049545,24.23,37.54,2.9011206304498374,1.3691493055555555,6.959999999999999,1.3,1.0,1,1305,2015-01-01
1306,2018,210,20269.34135499174,24.64,37.52,2.933511235272452,1.8490104166666665,6.959999999999999,1.3,0.0,1,1306,2015-01-01
1307,2018,211,21725.09861660531,24.469166666666666,38.03,2.9619350219967227,1.5942708333333333,6.959999999999999,1.3,0.0,1,1307,2015-01-01
1308,2018,212,21595.10119191243,24.25,37.72,2.917692153115724,2.6027083333333336,6.959999999999999,1.3,0.0,1,1308,2015-01-01
1309,2018,213,21434.014365031737,24.573333333333334,38.19,2.9842389399135003,2.5755729166666668,6.959999999999999,1.3,0.0,1,1309,2015-01-01
1310,2018,214,18028.581218563657,23.24,36.77,2.7587833480789974,2.9506770833333333,6.959999999999999,1.3,1.0,1,1310,2015-01-01
1311,2018,215,17496.749778283436,25.32,36.39,2.896165152405521,3.5974999999999997,6.959999999999999,1.3,2.0,1,1311,2015-01-01
1312,2018,216,19366.263262499655,24.11,36.38,2.7969869965522416,3.779930555555555,6.959999999999999,1.3,1.0,1,1312,2015-01-01
1313,2018,217,20443.348257347854,22.09,37.9,2.7572014255557695,1.7005555555555556,6.959999999999999,1.3,0.0,1,1313,2015-01-01
1314,2018,218,17483.83469929719,21.55,36.85,2.633935282711884,1.9902256944444443,6.959999999999999,1.3,1.0,1,1314,2015-01-01
1315,2018,219,18187.376042369393,21.52,36.92,2.636976509155459,2.125225694444444,6.959999999999999,1.3,1.0,1,1315,2015-01-01
1316,2018,220,18516.510810433938,23.78,37.34,2.8478267934832755,3.3252083333333333,5.963333333333333,1.3,1.0,1,1316,2015-01-01
1317,2018,221,21818.229472895695,25.32,37.9,3.0231401741254214,4.4891145833333335,5.04,1.3,1.0,1,1317,2015-01-01
1318,2018,222,21320.38433787949,19.463333333333335,38.25,2.582201266008117,2.726840277777778,5.04,1.3,0.0,1,1318,2015-01-01
1319,2018,223,21958.510653074794,18.125,34.99,2.257984855267508,2.19328125,5.04,1.3,0.0,1,1319,2015-01-01
1320,2018,224,21397.9534923307,17.99,35.51,2.2836975336953014,3.0820833333333333,5.04,1.3,0.0,1,1320,2015-01-01
1321,2018,225,21679.159026689933,19.300833333333333,36.83,2.4663286562736166,2.7752430555555554,5.04,1.3,0.0,1,1321,2015-01-01
1322,2018,226,21988.3536521505,16.88,34.8,2.164355310108446,2.4676736111111115,5.04,1.3,0.0,1,1322,2015-01-01
1323,2018,227,22000.70666147491,16.34,35.27,2.159875899189982,2.2861458333333333,5.04,1.3,0.0,1,1323,2015-01-01
1324,2018,228,21999.670277688372,16.31,35.22,2.154766468639845,2.3338368055555554,5.04,1.3,0.0,1,1324,2015-01-01
1325,2018,229,21867.900762649228,20.11,37.11,2.545581064944433,2.163836805555556,5.04,1.3,0.0,1,1325,2015-01-01
1326,2018,230,21446.502563159676,20.27,38.21,2.6400207899055776,2.3075,5.04,1.3,0.0,1,1326,2015-01-01
1327,2018,231,21584.297140457693,18.3275,34.9,2.2654720858800097,2.895746527777778,5.04,1.3,0.0,1,1327,2015-01-01
1328,2018,232,21979.48891471425,15.5775,31.63,1.893892486762538,2.8158854166666667,5.04,1.3,0.0,1,1328,2015-01-01
1329,2018,233,21999.670277688372,15.56,32.84,1.962951781866396,1.7066145833333333,5.04,1.3,0.0,1,1329,2015-01-01
1330,2018,234,21980.039674074724,18.25,34.7,2.2470425824140503,2.467795138888889,5.04,1.3,0.0,1,1330,2015-01-01
1331,2018,235,21651.521347317073,17.154166666666665,34.85,2.1852049857580638,2.3488368055555555,5.04,1.3,0.0,1,1331,2015-01-01
1332,2018,236,21994.530156812707,16.25,33.35,2.0346528925534697,2.0727604166666667,5.04,1.3,0.0,1,1332,2015-01-01
1333,2018,237,21999.670277688372,16.98,33.48,2.0874336902624027,1.5657465277777778,5.04,1.3,0.0,1,1333,2015-01-01
1334,2018,238,21607.91297505065,17.92,34.47,2.210248898602447,1.7828993055555555,5.04,1.3,0.0,1,1334,2015-01-01
1335,2018,239,21838.038369524937,21.56,34.43,2.4562395362714806,3.6711805555555554,5.04,1.3,0.0,1,1335,2015-01-01
1336,2018,240,21999.670277688372,18.66,34.89,2.287055484312903,1.7168402777777778,5.04,1.3,0.0,1,1336,2015-01-01
1337,2018,241,22000.70666147491,17.65,35.62,2.2683062189328727,1.7723958333333334,5.04,1.3,0.0,1,1337,2015-01-01
1338,2018,242,22000.70666147491,18.82,36.21,2.388418499295542,1.5681944444444444,5.04,1.3,0.0,1,1338,2015-01-01
1339,2018,243,22000.70666147491,19.48,35.45,2.3814484975105543,1.3565625,5.04,1.3,0.0,1,1339,2015-01-01
1340,2018,244,21181.87428189445,17.135833333333334,33.05,2.0704791248455634,1.9413020833333334,5.04,1.3,0.0,1,1340,2015-01-01
1341,2018,245,21834.26530072366,15.94,30.72,1.8629028017254838,1.711076388888889,5.04,1.3,0.0,1,1341,2015-01-01
1342,2018,246,21964.687157737,16.54,30.74,1.8980296852224037,2.143246527777778,5.04,1.3,0.0,1,1342,2015-01-01
1343,2018,247,21797.518952189537,17.055833333333332,31.52,1.9733181299585985,2.769392361111111,5.04,1.3,0.0,1,1343,2015-01-01
1344,2018,248,21575.643159999632,16.69,31.82,1.9694313114492437,1.9082118055555557,5.04,1.3,0.0,1,1344,2015-01-01
1345,2018,249,21629.46002813633,19.48,31.65,2.1293770261072367,3.0556076388888886,5.04,1.3,0.0,1,1345,2015-01-01
1346,2018,250,22000.70666147491,19.14,33.16,2.2043848651724973,3.390295138888889,5.04,1.3,0.0,1,1346,2015-01-01
1347,2018,251,22000.70666147491,20.12,33.08,2.2636398794464,1.155763888888889,5.04,1.3,0.0,1,1347,2015-01-01
1348,2018,252,16522.441194482773,17.73,32.11,2.0492640135168685,1.1325694444444445,5.04,1.3,1.0,1,1348,2015-01-01
1349,2018,253,21980.039674074724,17.27,34.13,2.1464861122836894,1.8294097222222223,5.04,1.3,0.0,1,1349,2015-01-01
1350,2018,254,22000.70666147491,21.05,34.46,2.422122351369047,1.2799479166666667,5.04,1.3,0.0,1,1350,2015-01-01
1351,2018,255,20517.69233519558,16.715833333333332,34.04,2.105863784924064,2.8348958333333334,5.04,1.3,1.0,1,1351,2015-01-01
1352,2018,256,22000.70666147491,14.97,31.97,1.8786956580269751,2.1148090277777776,5.04,1.3,0.0,1,1352,2015-01-01
1353,2018,257,22000.70666147491,14.84,31.46,1.8427680450167163,1.623923611111111,5.04,1.3,0.0,1,1353,2015-01-01
1354,2018,258,21492.60462158475,17.25,32.41,2.0382971290353895,1.8855034722222221,5.04,1.3,0.0,1,1354,2015-01-01
1355,2018,259,21716.068270210584,18.91,34.34,2.266972124725712,0.9993576388888888,5.04,1.3,0.0,1,1355,2015-01-01
1356,2018,260,21954.91587728911,16.42666666666667,32.86,2.0157140463631036,2.049809027777778,5.04,1.3,0.0,1,1356,2015-01-01
1357,2018,261,11121.323104246647,15.03,30.94,1.8244783270512392,2.2058506944444445,6.139583333333333,1.3,3.0,1,1357,2015-01-01
1358,2018,262,10921.179744776839,15.769166666666667,27.18,1.6642822948343732,1.882326388888889,7.559583333333332,1.3,4.0,1,1358,2015-01-01
1359,2018,263,17215.626847017633,14.58,27.04,1.597783222718391,1.6935243055555556,4.7125,1.3,2.0,1,1359,2015-01-01
1360,2018,264,17936.199141364094,13.82,26.85,1.5516885531951232,1.8335763888888887,3.421666666666667,1.3,1.0,1,1360,2015-01-01
1361,2018,265,14019.738950311683,15.59,27.58,1.6755618182986898,1.2074826388888888,3.12,1.3,2.0,1,1361,2015-01-01
1362,2018,266,20423.34463776022,15.234166666666667,29.35,1.749389541983433,2.078107638888889,3.12,1.3,0.0,1,1362,2015-01-01
1363,2018,267,14817.763534291864,11.695,27.13,1.4654789265344503,2.576597222222222,3.12,1.3,1.0,1,1363,2015-01-01
1364,2018,268,22000.70666147491,11.05,27.35,1.4462247269195916,1.408576388888889,3.12,1.3,0.0,1,1364,2015-01-01
1365,2018,269,19820.187606010255,13.07,29.46,1.6430548377569856,1.4972569444444446,3.12,1.3,1.0,1,1365,2015-01-01
1366,2018,270,16854.04078745697,14.12,28.16,1.6305072834702,1.4127430555555556,3.12,1.3,1.0,1,1366,2015-01-01
1367,2018,271,21604.204612089867,13.48,27.58,1.5704690016279987,2.2453125,3.12,1.3,0.0,1,1367,2015-01-01
1368,2018,272,21845.97636752095,15.71,27.04,1.65416639720838,3.3514930555555558,3.12,1.3,0.0,1,1368,2015-01-01
1369,2018,273,21977.655632262373,14.553333333333333,29.4,1.7161126566957434,1.2790277777777779,3.12,1.3,0.0,1,1369,2015-01-01
1370,2018,274,21774.029420272876,13.51,28.76,1.6300071278621582,1.2500868055555554,3.12,1.3,1.0,1,1370,2015-01-01
1371,2018,275,15833.533069418892,14.45,29.5,1.7159383000605974,1.2353819444444445,3.12,1.3,3.0,1,1371,2015-01-01
1372,2018,276,14024.123579487983,15.44,31.14,1.858411894237604,1.9459374999999999,3.12,1.3,3.0,1,1372,2015-01-01
1373,2018,277,18325.77205141923,15.21,28.67,1.7122803832754914,0.9295833333333334,3.12,1.3,1.0,1,1373,2015-01-01
1374,2018,278,13072.220242788757,14.57,27.23,1.6066505290047177,2.30984375,3.110833333333334,1.3,3.0,1,1374,2015-01-01
1375,2018,279,11867.487400045742,9.9125,18.76,1.0619850519455216,2.25734375,4.039166666666667,1.3,6.0,1,1375,2015-01-01
1376,2018,280,6930.160996539989,9.84,17.88,1.0296903583896326,1.0450520833333334,5.095416666666667,1.3,6.0,1,1376,2015-01-01
1377,2018,281,5296.433722326232,10.68,20.32,1.1446648837780604,2.1869791666666667,4.390416666666667,1.3,6.0,1,1377,2015-01-01
1378,2018,282,12661.31492431264,10.34,24.19,1.2808322091786726,1.0793923611111111,5.5200000000000005,1.3,4.0,1,1378,2015-01-01
1379,2018,283,6554.412016141585,11.68,25.38,1.3869584912218216,1.3552951388888888,5.28625,1.3,5.0,1,1379,2015-01-01
1380,2018,284,8596.87011157415,11.72,24.96,1.370543370328175,1.2206944444444445,5.876666666666668,1.3,4.0,1,1380,2015-01-01
1381,2018,285,14002.135736605294,12.512500000000001,24.37,1.3792696116611447,1.8894618055555554,6.720000000000001,1.3,4.0,1,1381,2015-01-01
1382,2018,286,8771.091675444546,11.96,19.25,1.1523949919335283,1.28359375,5.597916666666666,1.3,5.0,1,1382,2015-01-01
1383,2018,287,7040.132829347788,10.64,19.66,1.119225140490225,1.2489756944444443,5.04,1.3,5.0,1,1383,2015-01-01
1384,2018,288,15847.94715380936,10.39,21.78,1.1883183670364077,2.5507118055555558,5.04,1.3,2.0,1,1384,2015-01-01
1385,2018,289,17489.804747215556,9.19,20.67,1.1034894037347864,1.694826388888889,5.04,1.3,1.0,1,1385,2015-01-01
1386,2018,290,18129.237042914814,8.29,20.04,1.050271673932511,1.0465277777777777,5.04,1.3,2.0,1,1386,2015-01-01
1387,2018,291,21764.696642529107,6.9,21.46,1.0512931144710411,1.3177256944444444,5.04,1.3,0.0,1,1387,2015-01-01
1388,2018,292,19092.9321447299,7.46,21.26,1.0636185495016013,1.3184027777777778,5.04,1.3,2.0,1,1388,2015-01-01
1389,2018,293,8591.411215512004,9.02,18.79,1.0327045117863047,1.4738541666666667,10.379583333333333,1.3,5.0,1,1389,2015-01-01
1390,2018,294,17207.0798013902,11.38,22.05,1.2369549235439579,0.944236111111111,13.919999999999998,1.3,2.0,1,1390,2015-01-01
1391,2018,295,15196.758932609888,9.465833333333334,18.19,1.027546094907776,0.8923263888888889,7.501250000000001,1.3,2.0,1,1391,2015-01-01
1392,2018,296,17187.581651895664,9.07,22.81,1.1773644791207751,1.4108159722222222,4.5600000000000005,1.3,1.0,1,1392,2015-01-01
1393,2018,297,20425.605801652422,9.93,22.65,1.2039572577307,1.579201388888889,4.5600000000000005,1.3,0.0,1,1393,2015-01-01
1394,2018,298,16635.051106670322,11.89,23.78,1.327737500483673,1.5124131944444443,4.5600000000000005,1.3,3.0,1,1394,2015-01-01
1395,2018,299,8477.460771959748,14.0125,21.02,1.3013256084412976,3.454149305555555,6.12875,1.3,7.0,1,1395,2015-01-01
1396,2018,300,16403.065372235087,7.011666666666667,19.17,0.9793507824078297,2.381076388888889,5.67625,1.3,3.0,1,1396,2015-01-01
1397,2018,301,10485.398833247868,5.87,12.72,0.7612420662811953,1.8838541666666666,7.71375,1.3,4.0,1,1397,2015-01-01
1398,2018,302,16355.734607790264,4.390833333333333,16.05,0.8100417548525877,1.682517361111111,8.16,1.3,3.0,1,1398,2015-01-01
1399,2018,303,19738.713948759487,2.74,17.1,0.7939068918132914,1.7293229166666668,8.16,1.3,2.0,1,1399,2015-01-01
1400,2018,304,21162.558292529025,3.1,18.19,0.8333368875041479,1.4656944444444444,8.16,1.3,1.0,1,1400,2015-01-01
1401,2018,305,17360.121346521868,4.6,15.89,0.8113747548754603,1.3931597222222223,8.16,1.3,2.0,1,1401,2015-01-01
1402,2018,306,13004.500025963354,4.88,14.84,0.790718471563332,1.0327256944444445,8.16,1.3,5.0,1,1402,2015-01-01
1403,2018,307,3950.2006456698664,4.97,13.27,0.752310443752916,1.4497222222222221,8.16,1.3,7.0,1,1403,2015-01-01
1404,2018,308,4053.491502352829,3.47,15.16,0.7622687384605308,2.2846354166666667,8.16,1.3,8.0,1,1404,2015-01-01
1405,2018,309,10665.972968666923,5.859999999999999,12.83,0.7638110305027026,1.4769444444444444,8.006250000000001,1.3,6.0,1,1405,2015-01-01
1406,2018,310,4540.818744790249,5.1258333333333335,10.96,0.6993405311639564,1.4026909722222223,12.600000000000001,1.3,7.0,1,1406,2015-01-01
1407,2018,311,15591.795904546692,3.99,12.11,0.6996778663094069,1.1423090277777779,7.4399999999999995,1.3,3.0,1,1407,2015-01-01
1408,2018,312,10075.542300747626,5.88,12.69,0.7607291864840189,1.6601388888888888,7.4399999999999995,1.3,6.0,1,1408,2015-01-01
1409,2018,313,16145.909395534312,5.45,13.34,0.7663876175828809,0.6489236111111111,3.8112499999999994,1.3,4.0,1,1409,2015-01-01
1410,2018,314,12560.59362539993,4.9325,14.22,0.7757919505605161,0.72015625,4.68625,1.3,4.0,1,1410,2015-01-01
1411,2018,315,10649.201367047159,3.72,14.12,0.7422158752730647,0.6587152777777778,4.399583333333333,1.3,5.0,1,1411,2015-01-01
1412,2018,316,12521.05288203624,6.27,11.51,0.7407120150101936,0.7034027777777777,3.9995833333333337,1.3,5.0,1,1412,2015-01-01
1413,2018,317,6773.418972265933,5.726666666666667,9.98,0.6903648871334427,1.3402951388888888,6.729166666666667,1.3,6.0,1,1413,2015-01-01
1414,2018,318,4783.348950792317,5.66,8.36,0.6516552720313239,2.4459027777777775,5.877916666666668,1.3,7.0,1,1414,2015-01-01
1415,2018,319,5589.277231638801,5.21,8.77,0.6507609521780406,3.1181770833333333,6.653333333333333,1.3,7.0,1,1415,2015-01-01
1416,2018,320,5170.637157637315,3.734166666666667,7.66,0.5951913765978286,1.6147222222222224,14.531666666666666,1.3,7.0,1,1416,2015-01-01
1417,2018,321,21675.67125857679,3.31,14.28,0.7359674627807089,1.2026041666666667,5.28,1.3,1.0,1,1417,2015-01-01
1418,2018,322,9285.010493397558,3.68,13.91,0.7359674627807089,0.8044618055555556,5.28,1.3,3.0,1,1418,2015-01-01
1419,2018,323,12232.806917842945,2.37,14.02,0.706614864449656,1.0625868055555554,5.28,1.3,4.0,1,1419,2015-01-01
1420,2018,324,4387.620893435686,2.39,12.59,0.673446233642821,1.032829861111111,5.28,1.3,6.0,1,1420,2015-01-01
1421,2018,325,18441.72082167722,3.32,14.83,0.750028695896142,1.0164583333333335,5.28,1.3,1.0,1,1421,2015-01-01
1422,2018,326,4674.911230071311,5.46,10.46,0.6954023592631089,1.0899305555555554,3.649583333333334,1.3,7.0,1,1422,2015-01-01
1423,2018,327,3666.7844435791512,6.13,12.65,0.7661296152963848,1.0704861111111112,8.006666666666668,1.3,8.0,1,1423,2015-01-01
1424,2018,328,3937.8709732228294,5.52,9.0,0.6629259542184467,1.1919270833333333,7.518333333333334,1.3,8.0,1,1424,2015-01-01
1425,2018,329,4494.878506200956,5.99,7.84,0.6474168730554988,2.826909722222222,8.190416666666668,1.3,7.0,1,1425,2015-01-01
1426,2018,330,17717.281768143817,-0.2091666666666666,9.59,0.5548651451294357,2.044166666666667,4.532916666666667,1.3,3.0,1,1426,2015-01-01
1427,2018,331,16474.0163769126,-0.83,10.09,0.5525234607915002,1.0729513888888889,3.5999999999999996,1.3,3.0,1,1427,2015-01-01
1428,2018,332,22000.70666147491,1.72,13.2,0.6720657392968556,0.9021180555555556,3.5999999999999996,1.3,0.0,1,1428,2015-01-01
1429,2018,333,6745.967157626829,4.75,14.98,0.7909837424837272,0.6157118055555555,3.5999999999999996,1.3,6.0,1,1429,2015-01-01
1430,2018,334,15054.866542526785,4.9,13.52,0.7568922670585515,1.9094444444444443,3.5999999999999996,1.3,5.0,1,1430,2015-01-01
1431,2018,335,8928.944071976148,7.55,12.83,0.8083951149733897,2.9566145833333333,6.7875000000000005,1.3,6.0,1,1431,2015-01-01
1432,2018,336,18497.924121851596,5.22,13.9,0.7749446813751666,1.0075694444444445,17.434166666666666,1.3,2.0,1,1432,2015-01-01
1433,2018,337,7511.03350810749,2.84,12.91,0.6913855156918793,0.8583506944444445,19.919999999999998,1.3,3.0,1,1433,2015-01-01
1434,2018,338,14760.636649201533,4.0,13.23,0.7270510693064426,1.1947569444444446,19.919999999999998,1.3,3.0,1,1434,2015-01-01
1435,2018,339,4977.977654782328,5.8,13.64,0.7833225777030386,2.3084375,19.919999999999998,1.3,6.0,1,1435,2015-01-01
1436,2018,340,4403.384011890298,5.98,9.84,0.6930370295424554,2.3275347222222225,15.639166666666666,1.3,8.0,1,1436,2015-01-01
1437,2018,341,15007.243798634827,5.35,8.38,0.6451959047721798,1.1994444444444445,6.226666666666667,1.3,3.0,1,1437,2015-01-01
1438,2018,342,9527.642289972262,3.9808333333333334,8.69,0.622080905880382,0.8730034722222223,5.04,1.3,3.0,1,1438,2015-01-01
1439,2018,343,11153.248464708782,2.08,7.87,0.5660134030785424,0.6681076388888889,3.6041666666666665,1.3,4.0,1,1439,2015-01-01
1440,2018,344,16775.834619110818,0.41,8.68,0.5492437110043857,0.9113368055555555,2.64,1.3,2.0,1,1440,2015-01-01
1441,2018,345,22000.70666147491,0.22,10.98,0.5911928507884825,0.7808506944444444,2.64,1.3,0.0,1,1441,2015-01-01
1442,2018,346,21963.165149524393,1.68,13.62,0.6808511242997444,1.0046006944444443,2.64,1.3,0.0,1,1442,2015-01-01
1443,2018,347,20692.102607919078,3.64,13.32,0.7204262957601678,1.4869965277777777,2.64,1.3,1.0,1,1443,2015-01-01
1444,2018,348,16435.73028967788,2.725833333333333,11.74,0.6616967288785486,0.9438715277777777,2.64,1.3,2.0,1,1444,2015-01-01
1445,2018,349,21912.63182617112,1.81,13.26,0.6755216569491921,0.9603298611111111,2.64,1.3,0.0,1,1445,2015-01-01
1446,2018,350,17603.07947904748,-0.12,11.73,0.5996640478858822,1.1450694444444445,2.64,1.3,3.0,1,1446,2015-01-01
1447,2018,351,3764.1900758441134,2.65,9.89,0.6192768897274288,1.3494965277777777,14.706249999999999,1.3,7.0,1,1447,2015-01-01
1448,2018,352,12824.302081608512,-0.32250000000000006,7.08,0.5059461371566254,1.43234375,10.645000000000001,1.3,5.0,1,1448,2015-01-01
1449,2018,353,21058.85272977943,-1.75,9.59,0.525650575192478,1.31875,10.56,1.3,1.0,1,1449,2015-01-01
1450,2018,354,5085.75733422904,0.34,6.36,0.5049179623950049,2.6288020833333334,13.9925,1.3,4.0,1,1450,2015-01-01
1451,2018,355,14741.004915775859,-2.421666666666667,5.72,0.4472777766813492,1.4373958333333334,3.495416666666667,1.3,4.0,1,1451,2015-01-01
1452,2018,356,18040.276245738347,-3.8,6.08,0.4311930307673163,1.1581423611111112,3.12,1.3,3.0,1,1452,2015-01-01
1453,2018,357,15778.948054635552,-4.09,6.97,0.44060709326914027,0.69703125,3.12,1.3,1.0,1,1453,2015-01-01
1454,2018,358,11524.286505780663,-4.02,6.32,0.43150394592660535,0.9778472222222222,3.129166666666667,1.3,3.0,1,1454,2015-01-01
1455,2018,359,21946.578562335955,-1.23,10.42,0.5511708896732612,1.0364583333333333,3.5999999999999996,1.3,1.0,1,1455,2015-01-01
1456,2018,360,21962.33310698568,-0.95,12.14,0.5909875608099573,1.3966493055555556,3.5999999999999996,1.3,1.0,1,1456,2015-01-01
1457,2018,361,16744.231799986457,5.14,10.46,0.6878582195652043,3.3277430555555556,4.454583333333333,1.3,4.0,1,1457,2015-01-01
1458,2018,362,7369.626523239095,-0.6324999999999998,8.42,0.5246795383269045,2.426753472222222,7.982916666666666,1.3,5.0,1,1458,2015-01-01
1459,2018,363,18137.352943237576,-2.94,6.73,0.45523174359162616,0.6989930555555556,5.04,1.3,1.0,1,1459,2015-01-01
1460,2018,364,13627.849401485844,-3.08,7.14,0.4596526104020552,1.432013888888889,5.04,1.3,3.0,1,1460,2015-01-01
1461,2018,365,21974.769712424157,-2.15,7.68,0.4843934923875418,0.7373784722222223,5.04,1.3,0.0,1,1461,2015-01-01
1462,2019,1,9663.711790681586,-1.8933333333333333,7.03,0.47766091096856855,1.031857638888889,5.04,1.3,3.0,1,1462,2015-01-01
1463,2019,2,8567.7484888432,-1.93,5.87,0.45768312129508326,1.5806423611111111,5.04,1.3,5.0,1,1463,2015-01-01
1464,2019,3,9624.74759105943,-3.5125,4.25,0.40780191992373893,2.1665625,31.247083333333332,1.3,5.0,1,1464,2015-01-01
1465,2019,4,21899.751394363608,-4.68,6.65,0.42639909487884625,1.2147916666666667,44.160000000000004,1.3,0.0,1,1465,2015-01-01
1466,2019,5,5897.944811665982,-2.62,9.79,0.5133765084027045,1.6536111111111111,44.160000000000004,1.3,7.0,1,1466,2015-01-01
1467,2019,6,10684.386194189674,2.87,5.31,0.5319776689910145,2.8726909722222222,8.24,1.3,5.0,1,1467,2015-01-01
1468,2019,7,19357.464406570005,-2.91,7.64,0.4707871083486735,1.8702256944444444,4.06,1.3,1.0,1,1468,2015-01-01
1469,2019,8,16623.087639690435,-3.29,7.85,0.4679396217930063,1.9028472222222221,3.8400000000000003,1.3,2.0,1,1469,2015-01-01
1470,2019,9,14322.372402214796,-0.5383333333333332,7.74,0.513950880318783,2.5668402777777777,3.67625,1.3,4.0,1,1470,2015-01-01
1471,2019,10,21945.853452788684,-8.3425,3.34,0.33030413132201375,1.9097048611111112,3.12,1.3,1.0,1,1471,2015-01-01
1472,2019,11,22000.70666147491,-8.49,4.61,0.34434200553337296,1.1503819444444445,3.12,1.3,1.0,1,1472,2015-01-01
1473,2019,12,15509.732003727373,-5.84,3.65,0.36647354221093237,2.4322916666666665,3.12,1.3,3.0,1,1473,2015-01-01
1474,2019,13,5132.589769024318,-3.45,3.94,0.4041550739690709,3.133576388888889,7.420416666666666,1.3,7.0,1,1474,2015-01-01
1475,2019,14,9827.645263367436,2.1799999999999997,6.06,0.5331011620829847,2.5687499999999996,9.765,1.3,5.0,1,1475,2015-01-01
1476,2019,15,20798.894473738044,0.09,8.57,0.5410243954656956,1.293090277777778,8.64,1.3,0.0,1,1476,2015-01-01
1477,2019,16,17084.232752475426,-0.7,10.8,0.5689841362487791,3.042690972222222,9.715416666666666,1.3,2.0,1,1477,2015-01-01
1478,2019,17,4687.934809318723,-1.1983333333333333,7.51,0.4980222084796835,2.943628472222222,36.46458333333334,1.3,6.0,1,1478,2015-01-01
1479,2019,18,16663.94616310507,-5.72,1.59,0.34117062860081493,1.7962500000000001,60.480000000000004,1.3,4.0,1,1479,2015-01-01
1480,2019,19,9826.662044003382,-7.335,1.96,0.3257589825167974,1.8238368055555556,60.480000000000004,1.3,5.0,1,1480,2015-01-01
1481,2019,20,19547.423559625673,-7.99,3.63,0.33827582558510905,1.281857638888889,60.480000000000004,1.3,2.0,1,1481,2015-01-01
1482,2019,21,22000.70666147491,-7.76,3.13,0.33490534008749506,1.4314756944444444,60.480000000000004,1.3,0.0,1,1482,2015-01-01
1483,2019,22,18464.18761452622,-5.12,5.07,0.3962982318994486,1.2016145833333334,60.480000000000004,1.3,2.0,1,1483,2015-01-01
1484,2019,23,22000.70666147491,-5.75,6.11,0.40225113265549645,1.471076388888889,60.480000000000004,1.3,0.0,1,1484,2015-01-01
1485,2019,24,21296.165348856583,-3.1,6.21,0.44426367910311887,1.7838541666666667,60.480000000000004,1.3,0.0,1,1485,2015-01-01
1486,2019,25,7878.253077314388,-0.83,6.33,0.4838770552534562,1.1766666666666667,28.44916666666667,1.3,3.0,1,1486,2015-01-01
1487,2019,26,21640.6023034874,-2.03,8.98,0.5094017483446139,1.4777777777777779,3.3600000000000003,1.3,0.0,1,1487,2015-01-01
1488,2019,27,6760.202153729192,1.97,11.79,0.6458614895039063,2.5484375000000004,4.125416666666667,1.3,5.0,1,1488,2015-01-01
1489,2019,28,3666.7844435791512,6.27,8.53,0.6693122241239149,3.440677083333333,19.94666666666667,1.3,8.0,1,1489,2015-01-01
1490,2019,29,8259.131724267087,0.8533333333333334,7.97,0.5441335923660838,2.413819444444444,11.273333333333333,1.3,5.0,1,1490,2015-01-01
1491,2019,30,10146.157648722052,0.08,9.61,0.5608965194207507,1.7588194444444443,3.12,1.3,2.0,1,1491,2015-01-01
1492,2019,31,16683.92052416252,1.5,10.37,0.6050912924977011,0.953454861111111,3.12,1.3,3.0,1,1492,2015-01-01
1493,2019,32,21144.77074450932,0.25,8.96,0.5515570402611606,0.88640625,3.12,1.3,2.0,1,1493,2015-01-01
1494,2019,33,8556.825135201118,0.73,8.6,0.5538789583765774,0.8549305555555555,3.929166666666667,1.3,7.0,1,1494,2015-01-01
1495,2019,34,5073.905449833704,-3.56,3.15,0.39113566029236896,2.058420138888889,10.555,1.3,7.0,1,1495,2015-01-01
1496,2019,35,18728.625979459503,-5.327500000000001,5.12,0.394032239866499,2.19890625,6.48,1.3,2.0,1,1496,2015-01-01
1497,2019,36,21990.384621666548,-6.32,5.95,0.39170632719578496,0.960607638888889,6.48,1.3,0.0,1,1497,2015-01-01
1498,2019,37,22000.70666147491,-4.86,8.23,0.4484294703384165,0.5450347222222223,6.48,1.3,0.0,1,1498,2015-01-01
1499,2019,38,7243.1730460195895,-1.91,8.69,0.5063489691197666,0.7171006944444445,6.48,1.3,5.0,1,1499,2015-01-01
1500,2019,39,6603.22918796066,2.93,12.05,0.673446233642821,1.3967013888888888,6.554166666666667,1.3,7.0,1,1500,2015-01-01
1501,2019,40,6165.75340725951,2.64,7.44,0.5685872458501006,1.3461631944444443,12.381666666666668,1.3,6.0,1,1501,2015-01-01
1502,2019,41,18680.326613014782,-1.09,8.52,0.518109217136534,1.030642361111111,2.6508333333333334,1.3,1.0,1,1502,2015-01-01
1503,2019,42,13075.106767951516,-1.65,6.97,0.48078862803329575,1.1492534722222223,3.4691666666666667,1.3,4.0,1,1503,2015-01-01
1504,2019,43,19682.46153521207,-3.75,7.39,0.4527919702040383,2.326302083333333,3.12,1.3,2.0,1,1504,2015-01-01
1505,2019,44,22000.70666147491,-4.04,9.69,0.4864641103770806,1.1204166666666666,3.12,1.3,0.0,1,1505,2015-01-01
1506,2019,45,21973.802481081915,-0.86,10.5,0.559917193514697,1.3095659722222224,4.644166666666667,1.3,1.0,1,1506,2015-01-01
1507,2019,46,10718.394650486489,6.14,9.41,0.686685980013712,3.376215277777778,8.702916666666667,1.3,5.0,1,1507,2015-01-01
1508,2019,47,12505.887776992147,-1.865833333333333,6.97,0.4771083306609082,2.8673958333333336,15.637499999999998,1.3,3.0,1,1508,2015-01-01
1509,2019,48,10618.586593811111,-4.841666666666667,5.29,0.40354397066415437,2.3202604166666667,6.361666666666667,1.3,2.0,1,1509,2015-01-01
1510,2019,49,15067.680894294648,-5.0,6.18,0.41439459106873977,1.1616666666666666,2.4000000000000004,1.3,1.0,1,1510,2015-01-01
1511,2019,50,16335.15608535325,-3.8983333333333334,6.07,0.4295123447067676,2.749513888888889,2.4000000000000004,1.3,2.0,1,1511,2015-01-01
1512,2019,51,21991.42100545309,-4.04,6.95,0.44108252630959527,1.5694097222222223,2.4000000000000004,1.3,1.0,1,1512,2015-01-01
1513,2019,52,7466.638561786084,-2.21,6.41,0.4619598050877122,2.5533506944444446,2.4000000000000004,1.3,3.0,1,1513,2015-01-01
1514,2019,53,18221.25280564868,-0.44999999999999996,7.95,0.5193899674167745,0.8762847222222222,2.4000000000000004,1.3,2.0,1,1514,2015-01-01
1515,2019,54,18773.129820930906,-1.01,9.31,0.5342267478286885,0.4000173611111111,2.4000000000000004,1.3,1.0,1,1515,2015-01-01
1516,2019,55,16870.182477701284,-0.91,11.18,0.5723675794253166,0.7476736111111112,3.4820833333333336,1.3,2.0,1,1516,2015-01-01
1517,2019,56,18943.66564940423,-0.11,9.69,0.5587439930404655,1.8410243055555557,4.314583333333334,1.3,1.0,1,1517,2015-01-01
1518,2019,57,21636.16970804046,0.26,11.78,0.6086632373131288,1.5354166666666667,4.495000000000001,1.3,2.0,1,1518,2015-01-01
1519,2019,58,8646.584949043641,3.76,7.99,0.6025810548695477,2.5713194444444443,10.08125,1.3,5.0,1,1519,2015-01-01
1520,2019,59,10780.975701976204,3.4358333333333335,7.12,0.5780964078690994,1.5235069444444445,7.41,1.3,5.0,1,1520,2015-01-01
1521,2019,60,11151.799455597795,-1.23,6.14,0.47381876106102205,1.7152430555555556,3.0970833333333334,1.3,4.0,1,1521,2015-01-01
1522,2019,61,21003.942624646275,-3.41,9.68,0.49728728198599875,1.8441666666666667,2.4000000000000004,1.3,0.0,1,1522,2015-01-01
1523,2019,62,21445.329660050862,0.29000000000000004,10.94,0.5918090979214812,1.3320138888888888,2.4000000000000004,1.3,1.0,1,1523,2015-01-01
1524,2019,63,13517.340802146791,-0.71,10.81,0.5689841362487791,0.8458854166666667,2.4000000000000004,1.3,3.0,1,1524,2015-01-01
1525,2019,64,20495.302085593,-0.11,12.31,0.6120420288248685,1.5830555555555557,2.4000000000000004,1.3,1.0,1,1525,2015-01-01
1526,2019,65,17110.705458780594,-0.72,13.37,0.6216336590456017,0.9927430555555556,2.4000000000000004,1.3,2.0,1,1526,2015-01-01
1527,2019,66,13782.397608838226,1.32,12.54,0.6480844753571038,0.8978298611111111,2.4000000000000004,1.3,3.0,1,1527,2015-01-01
1528,2019,67,3860.8666241520464,2.0541666666666667,7.25,0.5533783741608836,2.006527777777778,4.815833333333334,1.3,8.0,1,1528,2015-01-01
1529,2019,68,18998.43976703924,-2.12,9.76,0.5219598513753129,2.33390625,3.3925,1.3,4.0,1,1529,2015-01-01
1530,2019,69,14860.690269018734,-2.82,11.16,0.5349783025612164,1.2327430555555554,3.3600000000000003,1.3,3.0,1,1530,2015-01-01
1531,2019,70,5775.464018303971,0.82,12.35,0.632882064334834,0.7964583333333333,3.3600000000000003,1.3,5.0,1,1531,2015-01-01
1532,2019,71,21988.774570736074,0.27,15.79,0.6987257591546219,1.17953125,3.3600000000000003,1.3,0.0,1,1532,2015-01-01
1533,2019,72,13148.330689555642,4.77,15.14,0.7957720198627474,1.0794270833333333,3.3600000000000003,1.3,3.0,1,1533,2015-01-01
1534,2019,73,4152.108654834333,6.97,16.35,0.8914275990688137,1.5565972222222222,4.897083333333334,1.3,7.0,1,1534,2015-01-01
1535,2019,74,6557.689622647353,2.65,10.27,0.6274519928539292,1.4475520833333333,13.699166666666665,1.3,5.0,1,1535,2015-01-01
1536,2019,75,16169.392034926392,2.98,15.05,0.7469958373400863,1.7850347222222223,8.399999999999999,1.3,1.0,1,1536,2015-01-01
1537,2019,76,3696.0119774538935,3.07,9.65,0.6231375326953514,2.019131944444444,11.956666666666667,1.3,7.0,1,1537,2015-01-01
1538,2019,77,17100.817703203473,0.7266666666666666,9.6,0.5734993291501608,3.8056423611111114,3.0979166666666664,1.3,3.0,1,1538,2015-01-01
1539,2019,78,15898.38941453117,0.1,10.72,0.5834358685372902,2.074965277777778,3.8070833333333334,1.3,2.0,1,1539,2015-01-01
1540,2019,79,16494.424720979216,-2.44,6.91,0.46643829496491174,1.3455208333333333,6.5275,1.3,3.0,1,1540,2015-01-01
1541,2019,80,13177.23006497863,-2.4966666666666666,8.25,0.4882533998744991,1.5359375000000002,3.12,1.3,3.0,1,1541,2015-01-01
1542,2019,81,21908.502544624767,-3.03,12.58,0.5581582061415807,1.478315972222222,3.12,1.3,1.0,1,1542,2015-01-01
1543,2019,82,18049.088976032977,4.2,13.82,0.746743586849575,2.2837673611111113,3.204583333333334,1.3,4.0,1,1543,2015-01-01
1544,2019,83,4427.536056048768,7.08,12.31,0.7820083038711856,3.047847222222222,10.775833333333333,1.3,8.0,1,1544,2015-01-01
1545,2019,84,4636.758408135875,5.53,9.43,0.6729857916834567,3.229982638888889,23.24625,1.3,7.0,1,1545,2015-01-01
1546,2019,85,5891.630305183479,3.979166666666667,6.89,0.5844344328299365,0.8327256944444444,14.919166666666667,1.3,6.0,1,1546,2015-01-01
1547,2019,86,9807.358769558887,3.95,11.05,0.6739069529699483,1.3455729166666668,4.977916666666667,1.3,4.0,1,1547,2015-01-01
1548,2019,87,5542.933131590289,4.51,9.71,0.6561431285384526,0.74546875,4.26375,1.3,5.0,1,1548,2015-01-01
1549,2019,88,4397.82908509113,3.43,11.8,0.6792252072988763,1.4762152777777777,4.2325,1.3,6.0,1,1549,2015-01-01
1550,2019,89,13468.044634285196,7.68,13.77,0.8377914805724556,2.1653819444444444,4.055,1.3,5.0,1,1550,2015-01-01
1551,2019,90,3689.835472791688,8.1175,12.19,0.8064365254235171,1.8710763888888888,18.650416666666665,1.3,8.0,1,1551,2015-01-01
1552,2019,91,3791.6183358379008,5.67,11.81,0.7332328567087563,2.1148437500000004,44.85,1.3,7.0,1,1552,2015-01-01
1553,2019,92,14934.422883287822,3.86,11.33,0.6782976476333133,1.5211458333333334,3.560833333333333,1.3,2.0,1,1553,2015-01-01
1554,2019,93,16120.873668447362,3.67,13.81,0.7332328567087563,0.7030034722222223,2.4000000000000004,1.3,3.0,1,1554,2015-01-01
1555,2019,94,14872.538540634376,5.95,14.77,0.8176361302477689,0.8933333333333332,4.892083333333334,1.3,3.0,1,1555,2015-01-01
1556,2019,95,4676.953064794877,5.87,16.38,0.8603798669633019,1.337013888888889,5.557083333333334,1.3,6.0,1,1556,2015-01-01
1557,2019,96,7004.443940594622,9.16,16.57,0.9649870607970216,2.0483333333333333,7.6587499999999995,1.3,6.0,1,1557,2015-01-01
1558,2019,97,4240.105289633594,8.855,14.98,0.9067188776412854,1.1922395833333335,9.179583333333333,1.3,7.0,1,1558,2015-01-01
1559,2019,98,17544.14735986477,7.29,15.98,0.889955145213613,1.6597743055555556,3.4370833333333333,1.3,2.0,1,1559,2015-01-01
1560,2019,99,17868.199974853556,7.92,16.66,0.9292469187289947,1.0269791666666666,3.2045833333333333,1.3,1.0,1,1560,2015-01-01
1561,2019,100,21513.157922765025,8.06,18.55,0.9931455031687313,1.0357465277777778,2.88,1.3,0.0,1,1561,2015-01-01
1562,2019,101,8185.993449255815,9.0,18.06,1.0078214291399976,0.7162326388888889,3.2675,1.3,6.0,1,1562,2015-01-01
1563,2019,102,5268.819189190121,5.9675,15.11,0.8274528249266898,0.8034548611111112,8.616666666666667,1.3,6.0,1,1563,2015-01-01
1564,2019,103,13955.18802903784,3.9,18.01,0.8507152370330802,2.3929166666666664,4.80125,1.3,2.0,1,1564,2015-01-01
1565,2019,104,21901.164187323822,4.06,18.87,0.8799990005894324,2.2290972222222223,2.64,1.3,0.0,1,1565,2015-01-01
1566,2019,105,17191.36597791994,5.97,21.2,1.0114376936102751,1.5641840277777779,2.64,1.3,2.0,1,1566,2015-01-01
1567,2019,106,7053.919696202559,11.23,18.79,1.1091888961468086,1.3297916666666667,2.64,1.3,4.0,1,1567,2015-01-01
1568,2019,107,8365.443550295699,12.33,23.54,1.3361197256461106,3.0016145833333336,6.4854166666666675,1.3,5.0,1,1568,2015-01-01
1569,2019,108,9625.695206268376,10.14,18.85,1.072945630293042,1.8714756944444444,7.675000000000001,1.3,5.0,1,1569,2015-01-01
1570,2019,109,15359.257727546244,8.15,16.55,0.932921187313722,1.7133159722222222,8.540833333333333,1.3,4.0,1,1570,2015-01-01
1571,2019,110,14017.635808694024,2.0408333333333335,15.24,0.7283043048265035,1.6022916666666667,10.710416666666667,1.3,2.0,1,1571,2015-01-01
1572,2019,111,17635.46689420782,1.96,16.31,0.7530723822506549,1.509045138888889,6.536666666666666,1.3,2.0,1,1572,2015-01-01
1573,2019,112,11264.150110173512,0.30750000000000005,10.57,0.5846038302508406,2.03390625,11.134583333333332,1.3,4.0,1,1573,2015-01-01
1574,2019,113,16022.921607603083,-0.9083333333333333,9.14,0.5329449963121715,3.4179340277777777,3.6654166666666663,1.3,2.0,1,1574,2015-01-01
1575,2019,114,18040.474878610894,-1.2308333333333334,11.52,0.572750156546959,2.1786458333333334,3.0216666666666665,1.3,1.0,1,1575,2015-01-01
1576,2019,115,11456.144324704446,-1.3,12.78,0.5969665497272196,1.0139583333333333,2.64,1.3,3.0,1,1576,2015-01-01
1577,2019,116,15960.912068980548,0.0,13.95,0.650090921888041,0.8611458333333333,2.64,1.3,1.0,1,1577,2015-01-01
1578,2019,117,18458.641074542564,2.34,16.24,0.7609855883742702,1.0824305555555556,2.64,1.3,1.0,1,1578,2015-01-01
1579,2019,118,13701.744645051092,7.13,17.78,0.9393818644583625,1.4477777777777776,2.64,1.3,3.0,1,1579,2015-01-01
1580,2019,119,19560.888945661303,7.3,21.1,1.0526563907764923,1.7367881944444443,2.73625,1.3,2.0,1,1580,2015-01-01
1581,2019,120,16185.721037675796,7.461666666666666,18.5,0.9723311573115867,1.9535416666666667,13.13625,1.3,2.0,1,1581,2015-01-01
1582,2019,121,16129.182984915,7.43,22.53,1.1070485687720262,0.8444444444444444,18.48,1.3,3.0,1,1582,2015-01-01
1583,2019,122,18146.473736873126,11.1,23.68,1.2909923232173957,1.0185069444444443,18.48,1.3,3.0,1,1583,2015-01-01
1584,2019,123,5827.540081886193,12.92,23.56,1.3619723283492318,1.5352083333333333,18.48,1.3,6.0,1,1584,2015-01-01
1585,2019,124,5787.50379318211,12.353333333333333,25.26,1.4111688486009473,2.6466666666666665,14.21375,1.3,6.0,1,1585,2015-01-01
1586,2019,125,19335.614181865567,12.32,25.24,1.408819326933903,0.8344270833333334,8.727083333333333,1.3,2.0,1,1586,2015-01-01
1587,2019,126,20294.32523663831,11.46,25.73,1.3926135549300418,0.8041145833333334,6.48,1.3,1.0,1,1587,2015-01-01
1588,2019,127,12780.37825643782,14.41,24.18,1.4548049589626395,1.0572743055555556,6.48,1.3,3.0,1,1588,2015-01-01
1589,2019,128,15657.842082721985,13.324166666666667,23.45,1.3745952229838716,0.8302777777777778,6.48,1.3,1.0,1,1589,2015-01-01
1590,2019,129,8575.850193125316,12.92,25.84,1.4625197210834966,1.021875,5.605833333333333,1.3,6.0,1,1590,2015-01-01
1591,2019,130,7613.635038648792,12.375,23.06,1.3179472448124385,1.7895833333333333,6.6120833333333335,1.3,5.0,1,1591,2015-01-01
1592,2019,131,21971.900046185743,12.35,23.33,1.3281555156763567,1.0764409722222221,4.800000000000001,1.3,0.0,1,1592,2015-01-01
1593,2019,132,19107.576075932313,12.17,25.48,1.4127861329412434,0.9877777777777779,4.800000000000001,1.3,0.0,1,1593,2015-01-01
1594,2019,133,14506.637620913036,12.1975,26.52,1.4605876832843376,2.117447916666667,4.800000000000001,1.3,2.0,1,1594,2015-01-01
1595,2019,134,18603.457861821622,11.96,26.34,1.4417266224974972,1.6755034722222222,4.800000000000001,1.3,1.0,1,1595,2015-01-01
1596,2019,135,15351.505224017765,10.72,25.94,1.3696841469991414,2.2655902777777777,4.800000000000001,1.3,2.0,1,1596,2015-01-01
1597,2019,136,19917.73322087811,10.84,26.85,1.4145522925998868,1.7980381944444446,4.800000000000001,1.3,1.0,1,1597,2015-01-01
1598,2019,137,15039.017755467336,12.05,26.81,1.4670745131477687,2.1943055555555557,5.049166666666667,1.3,2.0,1,1598,2015-01-01
1599,2019,138,19441.42386009032,12.03,28.25,1.5331047491275323,1.7216666666666667,5.28,1.3,1.0,1,1599,2015-01-01
1600,2019,139,10963.249966965874,14.61,27.26,1.6101105235703081,1.4332291666666666,5.28,1.3,5.0,1,1600,2015-01-01
1601,2019,140,6380.026876620522,15.715833333333334,26.9,1.6473822458287537,2.2628819444444446,5.28,1.3,7.0,1,1601,2015-01-01
1602,2019,141,12307.632418927204,11.394166666666667,27.17,1.4536357390437669,2.7813020833333333,5.051666666666667,1.3,4.0,1,1602,2015-01-01
1603,2019,142,18534.315544922374,11.0,22.64,1.2452283116780907,2.1163020833333333,4.32,1.3,2.0,1,1603,2015-01-01
1604,2019,143,12228.803714929596,11.73,26.68,1.4466752118718633,1.2425347222222223,4.32,1.3,3.0,1,1604,2015-01-01
1605,2019,144,15822.516068962641,16.57,29.35,1.8217210281378642,2.1316319444444445,4.9383333333333335,1.3,2.0,1,1605,2015-01-01
1606,2019,145,11469.875202695699,16.7875,31.35,1.947564359332889,1.9172743055555554,5.28,1.3,4.0,1,1606,2015-01-01
1607,2019,146,7012.500433276184,16.74,30.81,1.9135066423777711,1.8763194444444444,3.6895833333333337,1.3,5.0,1,1607,2015-01-01
1608,2019,147,11536.704590433897,13.831666666666667,31.98,1.815759357101374,1.5258159722222222,2.64,1.3,2.0,1,1608,2015-01-01
1609,2019,148,17344.67706160041,13.44,29.09,1.6430548377569856,2.26296875,2.64,1.3,1.0,1,1609,2015-01-01
1610,2019,149,20147.352001037285,12.05,27.69,1.5076947187532852,2.6571354166666667,2.64,1.3,1.0,1,1610,2015-01-01
1611,2019,150,21180.733052273506,11.649166666666668,26.75,1.4461871920468758,2.7139583333333333,2.64,1.3,0.0,1,1611,2015-01-01
1612,2019,151,20851.341239220557,11.141666666666666,24.35,1.3203022142577172,2.763732638888889,2.64,1.3,0.0,1,1612,2015-01-01
1613,2019,152,20832.233849939497,11.033333333333333,25.95,1.3836328830973892,2.0994965277777777,2.64,1.3,0.0,1,1613,2015-01-01
1614,2019,153,21912.45747598432,10.96,28.18,1.4798940066482789,1.1719791666666666,2.64,1.3,0.0,1,1614,2015-01-01
1615,2019,154,21882.198906351674,14.13,29.16,1.6817190301870413,0.9863541666666666,2.64,1.3,0.0,1,1615,2015-01-01
1616,2019,155,21480.761351580073,15.17,31.86,1.8837966866544587,0.9501041666666666,2.64,1.3,1.0,1,1616,2015-01-01
1617,2019,156,19193.693000058614,18.11,33.43,2.1554045707644227,1.324826388888889,2.64,1.3,2.0,1,1617,2015-01-01
1618,2019,157,12493.608517804847,18.99,34.37,2.2743181106992147,1.6345486111111112,2.64,1.3,5.0,1,1618,2015-01-01
1619,2019,158,13803.287665946207,21.08,34.93,2.457670118202767,1.9532812499999999,2.64,1.3,5.0,1,1619,2015-01-01
1620,2019,159,9330.977862450214,17.78,34.12,2.1784862146990593,1.4251215277777778,2.64,1.3,4.0,1,1620,2015-01-01
1621,2019,160,18506.544098202026,15.668333333333333,32.34,1.9400314783499666,2.7992013888888887,2.64,1.3,1.0,1,1621,2015-01-01
1622,2019,161,16051.224992600997,15.61,31.48,1.8872040838096018,1.745625,2.64,1.3,3.0,1,1622,2015-01-01
1623,2019,162,15011.440342523907,17.95,31.89,2.0492640135168685,1.5738541666666666,2.64,1.3,3.0,1,1623,2015-01-01
1624,2019,163,14201.621960713437,19.289166666666667,32.72,2.18552794048345,1.8514409722222223,2.64,1.3,1.0,1,1624,2015-01-01
1625,2019,164,17266.149007473152,16.759166666666665,31.82,1.9735151087557898,1.9016666666666664,2.64,1.3,1.0,1,1625,2015-01-01
1626,2019,165,16008.146427286652,16.32,31.96,1.9559044217823096,1.9042187499999998,2.8545833333333333,1.3,1.0,1,1626,2015-01-01
1627,2019,166,16780.13367228071,15.74,33.28,1.9997171721516467,2.086145833333333,2.88,1.3,1.0,1,1627,2015-01-01
1628,2019,167,18910.89833993058,17.0,33.29,2.0769066313575952,1.4353645833333333,2.88,1.3,1.0,1,1628,2015-01-01
1629,2019,168,20877.62429782523,19.991666666666667,34.59,2.3573077692835067,1.4274305555555555,2.88,1.3,0.0,1,1629,2015-01-01
1630,2019,169,19517.68477326698,19.03333333333333,33.45,2.2163444717763934,1.8339583333333331,2.88,1.3,0.0,1,1630,2015-01-01
1631,2019,170,16316.45283096064,17.705000000000002,32.47,2.0698116609445623,2.0543229166666666,2.88,1.3,2.0,1,1631,2015-01-01
1632,2019,171,21279.34305560354,17.67,33.75,2.147758205121008,2.2511631944444446,2.88,1.3,0.0,1,1632,2015-01-01
1633,2019,172,18962.937420513732,18.1025,35.47,2.288567964818082,2.4935243055555554,2.88,1.3,1.0,1,1633,2015-01-01
1634,2019,173,21789.685250511193,18.0,34.3,2.2043848651724973,1.7241840277777778,2.88,1.3,0.0,1,1634,2015-01-01
1635,2019,174,20805.878618976938,18.57,36.17,2.3682542778418045,1.7819965277777778,2.88,1.3,0.0,1,1635,2015-01-01
1636,2019,175,21685.684231725743,21.13,37.01,2.6142415820574048,3.1914583333333333,2.88,1.3,0.0,1,1636,2015-01-01
1637,2019,176,21308.78788021731,21.68416666666667,38.34,2.75990435398106,2.5519618055555555,2.88,1.3,0.0,1,1637,2015-01-01
1638,2019,177,21228.072741025888,19.741666666666667,36.57,2.479336210888141,1.8602430555555556,2.88,1.3,0.0,1,1638,2015-01-01
1639,2019,178,21416.044098882998,19.7,34.53,2.333152491948802,2.232690972222222,2.88,1.3,0.0,1,1639,2015-01-01
1640,2019,179,21106.803558810698,19.51,35.0,2.3523675374545308,1.6342881944444445,2.88,1.3,0.0,1,1640,2015-01-01
1641,2019,180,19779.719783981403,22.34,35.52,2.5931763678486055,2.0048958333333333,2.88,1.3,0.0,1,1641,2015-01-01
1642,2019,181,21581.242857069126,20.84,36.25,2.5360067173909417,1.9858854166666668,2.88,1.3,0.0,1,1642,2015-01-01
1643,2019,182,21954.782896065426,14.99,31.81,1.8707846850929346,3.9726388888888886,2.88,1.3,0.0,1,1643,2015-01-01
1644,2019,183,21955.754574011473,15.1175,29.76,1.7650540591925294,3.027204861111111,2.88,1.3,0.0,1,1644,2015-01-01
1645,2019,184,21980.039674074724,15.1,33.89,1.9979244722599432,3.4640104166666665,2.88,1.3,0.0,1,1645,2015-01-01
1646,2019,185,22000.70666147491,18.8,37.2,2.456954736596921,2.174340277777778,2.88,1.3,0.0,1,1646,2015-01-01
1647,2019,186,22000.70666147491,18.27,35.95,2.3324687761763987,1.9499131944444446,2.88,1.3,0.0,1,1647,2015-01-01
1648,2019,187,21320.61626739221,18.25,36.72,2.3842343698565367,2.413420138888889,2.88,1.3,0.0,1,1648,2015-01-01
1649,2019,188,20117.140821321656,17.05,34.47,2.1541285311776703,2.7147743055555558,2.88,1.3,0.0,1,1649,2015-01-01
1650,2019,189,21757.904672665936,16.16,35.13,2.1395013341702094,1.9849479166666666,2.88,1.3,0.0,1,1650,2015-01-01
1651,2019,190,18765.075095311015,18.61,34.26,2.241753889084777,3.068315972222222,2.88,1.3,1.0,1,1651,2015-01-01
1652,2019,191,17022.456714064458,17.59,32.23,2.048042935243459,3.173107638888889,5.407916666666666,1.3,2.0,1,1652,2015-01-01
1653,2019,192,16066.365505957216,17.7,34.53,2.1998333280249818,2.074878472222222,5.035833333333333,1.3,2.0,1,1653,2015-01-01
1654,2019,193,21648.46328487191,23.8825,37.6,2.877442400188994,1.4919965277777778,3.5999999999999996,1.3,0.0,1,1654,2015-01-01
1655,2019,194,20978.537381022594,21.3575,36.01,2.5564823456075922,2.1359375,3.5999999999999996,1.3,2.0,1,1655,2015-01-01
1656,2019,195,17565.590085966574,19.37333333333333,37.25,2.5018949461258457,2.264965277777778,3.5999999999999996,1.3,1.0,1,1656,2015-01-01
1657,2019,196,18353.06525482521,19.11,37.37,2.4914982506113117,1.8944097222222223,3.350833333333333,1.3,2.0,1,1657,2015-01-01
1658,2019,197,12761.397756284317,23.31,38.99,2.945215044357993,3.685416666666667,3.12,1.3,3.0,1,1658,2015-01-01
1659,2019,198,18254.598125249577,23.916666666666668,39.82,3.0676830095941514,4.356805555555556,3.12,1.3,3.0,1,1659,2015-01-01
1660,2019,199,21587.594688024063,22.74,39.3,2.923511589146673,2.4978125,3.12,1.3,0.0,1,1660,2015-01-01
1661,2019,200,22000.70666147491,22.1475,39.91,2.9249680232903907,2.4068402777777775,3.12,1.3,0.0,1,1661,2015-01-01
1662,2019,201,20918.26998639284,21.08,39.62,2.8138451990367037,1.7889583333333334,3.12,1.3,1.0,1,1662,2015-01-01
1663,2019,202,18077.145968999623,20.93,37.96,2.671401374403952,1.9075347222222223,3.12,1.3,2.0,1,1663,2015-01-01
1664,2019,203,16193.86898728427,25.751666666666665,36.72,2.959621509194984,1.9139409722222223,3.12,1.3,2.0,1,1664,2015-01-01
1665,2019,204,20914.51809012609,24.09,37.45,2.882164561632812,1.783628472222222,3.12,1.3,0.0,1,1665,2015-01-01
1666,2019,205,20362.204607140215,25.25,36.74,2.9193538209440244,3.4227430555555554,3.12,1.3,1.0,1,1666,2015-01-01
1667,2019,206,21547.736377730635,24.08,38.9,3.0026411607573755,1.955503472222222,3.12,1.3,0.0,1,1667,2015-01-01
1668,2019,207,21447.650326541458,20.26833333333333,37.06,2.5535837012735256,1.8718055555555557,3.12,1.3,0.0,1,1668,2015-01-01
1669,2019,208,20781.807317295843,20.23,37.02,2.5477949915341958,3.010503472222222,3.12,1.3,1.0,1,1669,2015-01-01
1670,2019,209,19711.0501006192,18.1675,35.38,2.2868874846861003,2.237309027777778,3.12,1.3,1.0,1,1670,2015-01-01
1671,2019,210,20676.284762628704,17.56,33.81,2.144579204422225,2.4539583333333335,3.12,1.3,0.0,1,1671,2015-01-01
1672,2019,211,22000.70666147491,18.5,35.76,2.335204686708761,2.1709895833333333,3.12,1.3,0.0,1,1672,2015-01-01
1673,2019,212,22000.70666147491,19.36,37.73,2.5360067173909413,1.0749652777777776,3.12,1.3,0.0,1,1673,2015-01-01
1674,2019,213,19518.97662562087,22.86,38.94,2.9036011317746384,1.567986111111111,3.12,1.3,1.0,1,1674,2015-01-01
1675,2019,214,21070.58113789808,22.07,38.36,2.792186525631044,3.355295138888889,3.12,1.3,1.0,1,1675,2015-01-01
1676,2019,215,21313.120360516292,18.886666666666667,35.78,2.3631788251576618,2.9205208333333332,3.12,1.3,1.0,1,1676,2015-01-01
1677,2019,216,22000.70666147491,17.98,35.66,2.2931106355344966,1.8944965277777779,3.12,1.3,0.0,1,1677,2015-01-01
1678,2019,217,21933.610087810575,20.02,38.31,2.6286204781244598,2.826423611111111,3.12,1.3,0.0,1,1678,2015-01-01
1679,2019,218,21974.922460982518,16.65,32.76,2.0231502692319014,3.2178298611111114,3.12,1.3,0.0,1,1679,2015-01-01
1680,2019,219,21744.86177234873,16.39,35.27,2.1630746529566176,2.516076388888889,3.12,1.3,1.0,1,1680,2015-01-01
1681,2019,220,19538.124085971092,18.75,35.05,2.3039098360258725,2.1947569444444444,3.12,1.3,3.0,1,1681,2015-01-01
1682,2019,221,20254.38553781067,18.55,33.73,2.2030835893536893,1.5246527777777779,3.12,1.3,2.0,1,1682,2015-01-01
1683,2019,222,21834.72758827235,20.75,36.45,2.5441060441418983,2.291458333333333,3.12,1.3,1.0,1,1683,2015-01-01
1684,2019,223,21648.063066489944,18.668333333333333,33.56,2.1997250579868965,2.7973958333333333,3.12,1.3,1.0,1,1684,2015-01-01
1685,2019,224,15282.021912374103,17.94,32.47,2.084332678104654,2.134826388888889,3.12,1.3,2.0,1,1685,2015-01-01
1686,2019,225,18333.352590008355,17.62,31.1,1.9818531500303709,2.159756944444444,3.12,1.3,1.0,1,1686,2015-01-01
1687,2019,226,21653.014670623674,17.11,31.71,1.9877922936104737,1.2826909722222224,3.12,1.3,0.0,1,1687,2015-01-01
1688,2019,227,20825.09381831055,19.51,34.05,2.287727590335791,1.2127430555555554,3.12,1.3,0.0,1,1688,2015-01-01
1689,2019,228,21918.633980646526,19.72,34.67,2.3441157084393445,1.6530729166666667,3.12,1.3,0.0,1,1689,2015-01-01
1690,2019,229,21959.372686674535,21.94,35.63,2.57151466983329,2.4618402777777777,3.12,1.3,0.0,1,1690,2015-01-01
1691,2019,230,21988.774570736074,20.0,35.37,2.412249552673571,2.147482638888889,3.12,1.3,0.0,1,1691,2015-01-01
1692,2019,231,21539.33398365089,19.736666666666668,35.47,2.4007755881282296,1.2038020833333334,3.12,1.3,0.0,1,1692,2015-01-01
1693,2019,232,22000.70666147491,18.48,35.04,2.2850401981910693,1.4833333333333334,3.12,1.3,0.0,1,1693,2015-01-01
1694,2019,233,22000.70666147491,18.04,34.1,2.1939933870514254,1.1212847222222222,3.12,1.3,0.0,1,1694,2015-01-01
1695,2019,234,21815.42986052641,18.18,33.92,2.191402197559492,1.6469965277777776,3.12,1.3,0.0,1,1695,2015-01-01
1696,2019,235,21875.903466485735,20.34,33.67,2.3181509994422664,2.1758506944444442,3.12,1.3,0.0,1,1696,2015-01-01
1697,2019,236,21519.796597057823,21.115,34.27,2.413305673857633,1.6644444444444444,3.12,1.3,0.0,1,1697,2015-01-01
1698,2019,237,18151.226403595472,18.6,34.9,2.2836975336953014,1.8507291666666665,3.12,1.3,1.0,1,1698,2015-01-01
1699,2019,238,19696.095597700667,19.42,34.43,2.30729365856799,1.212517361111111,3.12,1.3,1.0,1,1699,2015-01-01
1700,2019,239,20841.15222387288,18.41,32.84,2.1369663315179266,2.497673611111111,3.12,1.3,0.0,1,1700,2015-01-01
1701,2019,240,18732.010412831514,16.655833333333334,33.92,2.0946331598954524,2.272986111111111,3.12,1.3,1.0,1,1701,2015-01-01
1702,2019,241,18971.777770661258,16.53,32.94,2.0267765339926234,2.003159722222222,3.12,1.3,1.0,1,1702,2015-01-01
1703,2019,242,16762.1495853941,16.98,30.67,1.9192667309105793,1.2049305555555554,3.12,1.3,1.0,1,1703,2015-01-01
1704,2019,243,17103.857454745943,15.973333333333333,31.46,1.9068056092635564,2.0805729166666667,3.12,1.3,1.0,1,1704,2015-01-01
1705,2019,244,21953.568219263296,14.82,29.35,1.7274790838879006,1.7347569444444444,3.12,1.3,0.0,1,1705,2015-01-01
1706,2019,245,21506.206550159837,15.7,30.82,1.8550499176335458,1.2651041666666667,3.12,1.3,0.0,1,1706,2015-01-01
1707,2019,246,21651.983634865766,15.717500000000001,30.18,1.8204814309241986,2.854791666666667,3.12,1.3,0.0,1,1707,2015-01-01
1708,2019,247,21818.403823082495,14.75,29.85,1.750231959473815,1.3577083333333333,3.12,1.3,0.0,1,1708,2015-01-01
1709,2019,248,20975.474399642713,16.24,31.17,1.9054678627348478,1.5605555555555555,3.12,1.3,0.0,1,1709,2015-01-01
1710,2019,249,21651.999888465572,15.3,31.25,1.8567302417614897,1.3940972222222223,3.12,1.3,0.0,1,1710,2015-01-01
1711,2019,250,21650.820046978093,15.43,32.5,1.935475544064117,2.3178819444444443,3.12,1.3,0.0,1,1711,2015-01-01
1712,2019,251,21310.75651513254,13.344166666666668,28.64,1.615767582644764,3.095972222222222,3.12,1.3,0.0,1,1712,2015-01-01
1713,2019,252,21133.534222841,12.35,27.12,1.4951283878068178,2.34046875,3.12,1.3,1.0,1,1713,2015-01-01
1714,2019,253,21998.63389390183,12.5,27.74,1.531209767314328,1.9867534722222224,3.12,1.3,0.0,1,1714,2015-01-01
1715,2019,254,21900.47650391088,11.8275,26.72,1.4528818399357677,1.8403819444444443,3.12,1.3,0.0,1,1715,2015-01-01
1716,2019,255,21474.553176415717,11.19,25.34,1.3641106784357697,2.329340277777778,3.12,1.3,1.0,1,1716,2015-01-01
1717,2019,256,20255.80090271728,10.82,25.27,1.345393647123373,2.4705208333333335,3.12,1.3,1.0,1,1717,2015-01-01
1718,2019,257,21970.20325869242,11.01,26.34,1.3996013256374173,1.5027604166666668,3.12,1.3,0.0,1,1718,2015-01-01
1719,2019,258,21894.432980472353,12.68,28.68,1.58505041485626,2.0397569444444446,3.12,1.3,0.0,1,1719,2015-01-01
1720,2019,259,21999.670277688372,17.05,30.76,1.928514343897497,3.3761284722222222,3.12,1.3,0.0,1,1720,2015-01-01
1721,2019,260,18022.820158432773,18.31,32.13,2.0861928030368033,2.305295138888889,3.12,1.3,2.0,1,1721,2015-01-01
1722,2019,261,19401.587406793325,17.13,33.24,2.081854761079369,1.2135763888888889,3.12,1.3,0.0,1,1722,2015-01-01
1723,2019,262,21952.53183547676,15.1,33.79,1.9919589259328474,1.5199652777777777,3.12,1.3,0.0,1,1723,2015-01-01
1724,2019,263,22000.70666147491,14.44,32.9,1.9014595357189064,1.7259375,3.12,1.3,0.0,1,1724,2015-01-01
1725,2019,264,21894.675979328436,17.34,33.97,2.1407698181871253,0.9392881944444444,3.12,1.3,0.0,1,1725,2015-01-01
1726,2019,265,21648.29466595357,11.79,28.46,1.5316833206623117,2.6544097222222223,3.12,1.3,0.0,1,1726,2015-01-01
1727,2019,266,18789.46211783518,11.3,28.89,1.5288439203098123,1.5033333333333332,3.12,1.3,1.0,1,1727,2015-01-01
1728,2019,267,22000.70666147491,16.16,29.79,1.8233749706084803,1.123125,3.12,1.3,0.0,1,1728,2015-01-01
1729,2019,268,22000.70666147491,14.52,29.73,1.731692509001239,0.8876041666666666,3.12,1.3,0.0,1,1729,2015-01-01
1730,2019,269,18706.348124331806,14.94,32.5,1.9071879730532715,0.9921006944444445,3.12,1.3,0.0,1,1730,2015-01-01
1731,2019,270,21358.543479373828,17.54,34.22,2.1694845495759134,1.1416145833333333,3.12,1.3,0.0,1,1731,2015-01-01
1732,2019,271,21701.354555951202,16.89,32.03,1.9937469562627375,2.2877604166666665,3.12,1.3,0.0,1,1732,2015-01-01
1733,2019,272,17007.89800007056,15.61,28.11,1.7039449968936113,1.8041840277777779,3.12,1.3,1.0,1,1733,2015-01-01
1734,2019,273,21920.220694699627,13.14,27.96,1.5724063895987082,1.895763888888889,3.12,1.3,0.0,1,1734,2015-01-01
1735,2019,274,21979.48891471425,12.5,27.56,1.5227076703567766,0.8701041666666667,3.12,1.3,0.0,1,1735,2015-01-01
1736,2019,275,21174.312736309115,12.352500000000001,28.23,1.5475020618963469,2.4755208333333334,3.7383333333333337,1.3,0.0,1,1736,2015-01-01
1737,2019,276,19877.02543878006,11.3,28.97,1.5326308115396197,1.5698784722222223,4.08,1.3,1.0,1,1737,2015-01-01
1738,2019,277,21304.00948377518,12.078333333333333,27.9,1.5188638702147408,1.830798611111111,4.08,1.3,0.0,1,1738,2015-01-01
1739,2019,278,21702.11229323327,11.69,25.01,1.3714030653788594,1.6496006944444443,4.08,1.3,0.0,1,1739,2015-01-01
1740,2019,279,19334.932464488975,13.77,25.34,1.4785158193783414,2.0095833333333335,4.08,1.3,1.0,1,1740,2015-01-01
1741,2019,280,22000.70666147491,14.08,27.88,1.6145686558320638,1.536736111111111,4.08,1.3,0.0,1,1741,2015-01-01
1742,2019,281,21932.31131111937,15.041666666666668,27.4,1.6386117630992636,0.69,4.08,1.3,0.0,1,1742,2015-01-01
1743,2019,282,16905.465598412717,13.3,28.42,1.6027042082138694,2.0575520833333334,4.08,1.3,1.0,1,1743,2015-01-01
1744,2019,283,20485.13972129739,11.88,26.35,1.4385852362798068,1.4902256944444445,4.08,1.3,1.0,1,1744,2015-01-01
1745,2019,284,21422.94651547249,14.42,26.6,1.5685337007089428,2.14109375,4.08,1.3,0.0,1,1745,2015-01-01
1746,2019,285,10783.94541118619,14.12,27.87,1.6160570953154278,1.5238888888888888,4.08,1.3,4.0,1,1746,2015-01-01
1747,2019,286,15850.164258761568,9.55,21.23,1.1366154654651162,2.5535416666666664,4.08,1.3,3.0,1,1747,2015-01-01
1748,2019,287,20471.33048883924,9.98,22.71,1.2081836184778427,1.0469270833333333,4.08,1.3,1.0,1,1748,2015-01-01
1749,2019,288,21756.452718322456,10.54,23.46,1.259524078715789,1.1155729166666668,4.08,1.3,0.0,1,1749,2015-01-01
1750,2019,289,21620.83477582128,9.83,25.18,1.3004018906134824,1.124861111111111,4.08,1.3,0.0,1,1750,2015-01-01
1751,2019,290,12642.73836468799,9.66,25.11,1.2905845676637575,0.7676736111111111,4.08,1.3,2.0,1,1751,2015-01-01
1752,2019,291,21350.83130371889,10.66,24.58,1.3098714582156132,1.2305555555555554,4.08,1.3,0.0,1,1752,2015-01-01
1753,2019,292,12111.57758696336,10.13,25.24,1.3152504857645828,1.0766666666666667,4.08,1.3,3.0,1,1753,2015-01-01
1754,2019,293,6137.121539806958,10.18,19.84,1.1091888961468086,1.5819444444444446,4.204583333333334,1.3,5.0,1,1754,2015-01-01
1755,2019,294,13542.03009486489,9.08,20.8,1.1042004329174908,1.2983333333333333,12.430416666666666,1.3,4.0,1,1755,2015-01-01
1756,2019,295,5221.827298239972,10.278333333333332,13.22,0.8966967958113424,1.8025868055555554,12.35375,1.3,8.0,1,1756,2015-01-01
1757,2019,296,8633.240276817081,10.123333333333333,16.29,0.9867907084062225,0.6810590277777778,10.245,1.3,6.0,1,1757,2015-01-01
1758,2019,297,6044.542210827246,9.4,18.04,1.020362298296573,0.9285069444444445,10.229166666666666,1.3,6.0,1,1758,2015-01-01
1759,2019,298,8719.102162128442,11.36,15.83,1.0120964182246082,1.3264756944444445,8.067916666666667,1.3,7.0,1,1759,2015-01-01
1760,2019,299,10748.673878924923,9.31,15.03,0.9219364872792847,0.6433506944444445,7.686666666666667,1.3,5.0,1,1760,2015-01-01
1761,2019,300,5932.024482053874,9.24,15.84,0.944640678456432,0.9994965277777779,4.025,1.3,7.0,1,1761,2015-01-01
1762,2019,301,8891.247306752954,9.848333333333333,13.24,0.8846231988060705,2.167309027777778,7.629166666666666,1.3,6.0,1,1762,2015-01-01
1763,2019,302,17194.508400341743,8.8,16.8,0.9608872814081327,0.9924305555555555,2.8762500000000006,1.3,2.0,1,1763,2015-01-01
1764,2019,303,8293.609421382262,6.2683333333333335,15.93,0.858905033994044,1.00140625,3.396666666666667,1.3,4.0,1,1764,2015-01-01
1765,2019,304,19048.293894532566,5.87,18.28,0.9161849329828631,1.559079861111111,3.3925,1.3,1.0,1,1765,2015-01-01
1766,2019,305,19563.108139384996,7.73,16.56,0.9204198543050119,1.7926215277777777,2.88,1.3,1.0,1,1766,2015-01-01
1767,2019,306,20070.531885764456,7.96,16.5,0.9255853645479969,1.7116840277777776,2.88,1.3,1.0,1,1767,2015-01-01
1768,2019,307,19753.079225349917,5.57,15.8,0.8355615747327806,2.0796527777777776,2.88,1.3,1.0,1,1768,2015-01-01
1769,2019,308,18555.097235012065,4.681666666666667,16.23,0.8228863516849712,0.8724826388888889,5.96875,1.3,2.0,1,1769,2015-01-01
1770,2019,309,21721.968960258375,3.88,16.66,0.8127323256248385,1.0791145833333333,6.48,1.3,1.0,1,1770,2015-01-01
1771,2019,310,17745.69293462354,5.321666666666666,16.79,0.8564361090773837,1.5476041666666667,6.48,1.3,2.0,1,1771,2015-01-01
1772,2019,311,21744.81726293683,4.66,16.79,0.8377914805724556,0.6507986111111111,6.48,1.3,0.0,1,1772,2015-01-01
1773,2019,312,21352.38355836052,3.98,16.45,0.8097483019808535,1.0577083333333333,6.48,1.3,0.0,1,1773,2015-01-01
1774,2019,313,21951.058279504843,2.81,18.0,0.8200977726533996,1.0192708333333333,6.48,1.3,0.0,1,1774,2015-01-01
1775,2019,314,21938.041352738775,1.74,17.56,0.7796474973853162,0.9567534722222223,6.48,1.3,0.0,1,1775,2015-01-01
1776,2019,315,22000.70666147491,3.1,17.04,0.8019274549016772,0.6168055555555555,6.48,1.3,0.0,1,1776,2015-01-01
1777,2019,316,21946.954542415715,1.61,17.65,0.778600263623431,0.6592534722222223,6.48,1.3,0.0,1,1777,2015-01-01
1778,2019,317,21987.31726836396,2.53,17.93,0.8105611697584617,0.8783854166666667,6.48,1.3,0.0,1,1778,2015-01-01
1779,2019,318,6799.49311618131,2.59,15.18,0.7404616324587331,1.8297395833333334,6.48,1.3,4.0,1,1779,2015-01-01
1780,2019,319,18684.707535600723,0.9808333333333332,11.97,0.6281194749344454,3.5644270833333334,6.48,1.3,2.0,1,1780,2015-01-01
1781,2019,320,11049.505018938095,-2.06,5.99,0.45751933414251816,2.006527777777778,3.8520833333333337,1.3,4.0,1,1781,2015-01-01
1782,2019,321,11477.28246141684,-3.07,7.26,0.4617946669387947,1.1109722222222222,2.4000000000000004,1.3,5.0,1,1782,2015-01-01
1783,2019,322,8207.181862180283,-0.32,3.09,0.4388677099995331,0.9006423611111111,7.3583333333333325,1.3,6.0,1,1783,2015-01-01
1784,2019,323,13780.250750098076,0.38,5.5,0.49045464658839827,1.5556597222222222,6.918333333333333,1.3,4.0,1,1784,2015-01-01
1785,2019,324,9178.038774886198,-0.2991666666666667,7.72,0.517941706366169,2.0782291666666666,6.046666666666667,1.3,5.0,1,1785,2015-01-01
1786,2019,325,20179.11152791737,-0.76,9.63,0.54502482416248,1.45375,6.24,1.3,1.0,1,1786,2015-01-01
1787,2019,326,18479.538714239836,-1.08,7.9,0.5070658137868785,0.7635243055555556,6.24,1.3,2.0,1,1787,2015-01-01
1788,2019,327,14023.10850134196,-1.9516666666666667,7.25,0.48041804899955665,1.5252777777777777,6.24,1.3,4.0,1,1788,2015-01-01
1789,2019,328,14724.816046274967,-2.95,6.55,0.45214331777741906,0.8141493055555555,6.24,1.3,2.0,1,1789,2015-01-01
1790,2019,329,5275.089769060732,-2.19,6.38,0.4617946669387947,1.1706597222222221,6.24,1.3,5.0,1,1790,2015-01-01
1791,2019,330,21757.172479841094,-0.84,9.52,0.5414042695499213,0.9917708333333333,6.24,1.3,0.0,1,1791,2015-01-01
1792,2019,331,18178.348476520197,0.46,9.91,0.5743661156361414,1.5636979166666667,7.245,1.3,3.0,1,1792,2015-01-01
1793,2019,332,5087.97836144409,3.16,8.99,0.610984385387684,1.1237152777777777,7.610000000000001,1.3,6.0,1,1793,2015-01-01
1794,2019,333,11811.973644269008,5.25,11.87,0.7243456442706799,0.7107465277777778,9.120000000000001,1.3,4.0,1,1794,2015-01-01
1795,2019,334,18223.425501380345,4.1,14.0,0.7487636908435122,0.9280208333333333,9.120000000000001,1.3,1.0,1,1795,2015-01-01
1796,2019,335,8566.906880059249,2.99,13.78,0.7157963195437427,1.2405729166666668,9.120000000000001,1.3,6.0,1,1796,2015-01-01
1797,2019,336,4044.140711396598,5.55,11.92,0.7329847000775086,1.9894618055555557,9.229583333333332,1.3,8.0,1,1797,2015-01-01
1798,2019,337,3667.820827365691,3.5774999999999997,6.11,0.5608475172755802,1.03625,13.665833333333333,1.3,8.0,1,1798,2015-01-01
1799,2019,338,15043.839270650915,-0.21,9.12,0.5457897616430448,0.9559375,3.12,1.3,3.0,1,1799,2015-01-01
1800,2019,339,13289.383968788225,-0.13,9.18,0.5484745051757736,1.1163020833333333,3.12,1.3,5.0,1,1800,2015-01-01
1801,2019,340,8356.706897707092,0.41,8.42,0.5442608324412207,0.77046875,5.452916666666667,1.3,7.0,1,1801,2015-01-01
1802,2019,341,3705.5600263803844,5.09,7.66,0.6237830306535236,2.686892361111111,7.644166666666667,1.3,8.0,1,1802,2015-01-01
1803,2019,342,8427.458699763876,0.81,6.02,0.5072451648351348,2.4007638888888887,14.180416666666666,1.3,6.0,1,1803,2015-01-01
1804,2019,343,11498.202125421609,-2.55,6.43,0.4567011746667645,1.0544097222222222,4.5600000000000005,1.3,3.0,1,1804,2015-01-01
1805,2019,344,19946.484823297324,-2.95,7.59,0.46927771530744666,0.7445138888888888,4.629166666666666,1.3,2.0,1,1805,2015-01-01
1806,2019,345,20296.05631243426,-2.8233333333333333,6.45,0.45257566145746253,1.2292013888888889,5.04,1.3,2.0,1,1806,2015-01-01
1807,2019,346,13859.395122782187,-3.58,6.8,0.4460219382977266,1.0393402777777778,5.04,1.3,4.0,1,1807,2015-01-01
1808,2019,347,8377.593463485331,-0.46,4.48,0.4589952839673276,1.2718229166666668,6.706666666666667,1.3,5.0,1,1808,2015-01-01
1809,2019,348,20598.49579134615,-0.08,8.06,0.5282477628124175,0.7686458333333334,6.959999999999999,1.3,1.0,1,1809,2015-01-01
1810,2019,349,19001.47996024643,0.9641666666666667,8.2,0.5506724647310555,0.75578125,6.959999999999999,1.3,1.0,1,1810,2015-01-01
1811,2019,350,7111.954678412681,-1.3,7.55,0.49693485741556187,0.5192708333333333,6.959999999999999,1.3,5.0,1,1811,2015-01-01
1812,2019,351,4256.15122065272,-1.8525,6.08,0.4624142039484293,1.1112847222222222,3.7220833333333334,1.3,7.0,1,1812,2015-01-01
1813,2019,352,21332.052649387104,-1.96,8.14,0.49570310687786806,0.7813715277777777,2.88,1.3,1.0,1,1813,2015-01-01
1814,2019,353,22000.70666147491,-2.09,9.59,0.5193899674167745,0.4431423611111111,2.88,1.3,0.0,1,1814,2015-01-01
1815,2019,354,22000.70666147491,-0.07,12.18,0.610139430602671,0.5000520833333333,2.88,1.3,0.0,1,1815,2015-01-01
1816,2019,355,22000.70666147491,0.24,11.21,0.5963455711133926,0.5091666666666667,2.88,1.3,1.0,1,1816,2015-01-01
1817,2019,356,16991.960095698265,0.54,9.7,0.5717692153840477,0.9672916666666667,2.88,1.3,3.0,1,1817,2015-01-01
1818,2019,357,19189.290241530238,0.63,12.0,0.6212045686553764,0.8057291666666667,2.88,1.3,1.0,1,1818,2015-01-01
1819,2019,358,22000.70666147491,0.83,11.46,0.6139498532506447,1.30828125,2.88,1.3,0.0,1,1819,2015-01-01
1820,2019,359,22000.70666147491,0.63,13.2,0.6474168730554988,2.004930555555555,2.88,1.3,0.0,1,1820,2015-01-01
1821,2019,360,9754.296947949495,2.65,8.68,0.5938673463399108,1.9841145833333331,7.070833333333334,1.3,4.0,1,1821,2015-01-01
1822,2019,361,12687.730211556742,3.71,11.06,0.6686253995083539,2.161354166666667,7.800000000000001,1.3,4.0,1,1822,2015-01-01
1823,2019,362,11194.46368717303,2.03,8.61,0.5797929283047699,1.2029340277777778,6.457916666666667,1.3,3.0,1,1823,2015-01-01
1824,2019,363,20641.464229105128,-0.5808333333333333,8.93,0.5351506651596546,0.7404340277777778,6.48,1.3,0.0,1,1824,2015-01-01
1825,2019,364,21886.870962556095,-0.63,9.29,0.5410243954656956,0.6041319444444445,6.542916666666667,1.3,1.0,1,1825,2015-01-01
1826,2019,365,14357.9234779491,-2.525833333333333,6.47,0.45775138122502673,0.8142708333333333,4.5129166666666665,1.3,3.0,1,1826,2015-01-01
1827,2020,1,16996.837113253696,-3.18,6.9,0.4540917414616584,0.7491493055555556,3.12,1.3,2.0,1,1827,2015-01-01
1828,2020,2,20394.12605186673,-2.46,7.83,0.4816447737939824,0.6564409722222222,3.12,1.3,1.0,1,1828,2015-01-01
1829,2020,3,14270.874134902022,-0.82,7.12,0.49781633249018,0.6389409722222222,4.617500000000001,1.3,3.0,1,1829,2015-01-01
1830,2020,4,10177.886628131135,0.53,5.48,0.4927229257497577,2.444079861111111,8.91375,1.3,5.0,1,1830,2015-01-01
1831,2020,5,14693.326443107942,-4.75,4.19,0.3890022016547007,1.3296006944444445,11.040000000000001,1.3,2.0,1,1831,2015-01-01
1832,2020,6,19785.25001455744,-5.49,6.65,0.41409459691581785,1.0166145833333333,11.040000000000001,1.3,1.0,1,1832,2015-01-01
1833,2020,7,22000.70666147491,-4.33,5.96,0.42119544299318906,0.8882638888888889,11.040000000000001,1.3,0.0,1,1833,2015-01-01
1834,2020,8,18824.46216339686,-3.14,7.43,0.46344839696526613,2.2637673611111113,9.657083333333334,1.3,3.0,1,1834,2015-01-01
1835,2020,9,17010.095486160022,-4.29,3.97,0.39242069610640384,1.1835243055555555,3.2670833333333333,1.3,4.0,1,1835,2015-01-01
1836,2020,10,6185.944205877591,-4.61,4.6,0.39687555346660197,0.8809027777777777,2.88,1.3,5.0,1,1836,2015-01-01
1837,2020,11,18885.187572209383,-5.2725,4.53,0.38642037527995987,2.124861111111111,2.88,1.3,1.0,1,1837,2015-01-01
1838,2020,12,10184.515722137337,-5.34,4.62,0.3867378614543867,1.4458506944444445,2.88,1.3,4.0,1,1838,2015-01-01
1839,2020,13,4734.906590870063,-3.2,4.91,0.4224147557909358,1.0231597222222222,2.88,1.3,7.0,1,1839,2015-01-01
1840,2020,14,19940.528959336843,-5.66,4.9,0.38617360096842673,1.4560416666666667,2.88,1.3,2.0,1,1840,2015-01-01
1841,2020,15,21999.670277688372,-4.4,4.87,0.4038616423550012,1.20765625,2.88,1.3,2.0,1,1841,2015-01-01
1842,2020,16,15184.16638693212,-3.81,5.07,0.4155964895940496,1.1128298611111112,2.88,1.3,5.0,1,1842,2015-01-01
1843,2020,17,9476.014590412553,0.74,2.88,0.45246754131701933,2.867378472222222,7.847083333333334,1.3,7.0,1,1843,2015-01-01
1844,2020,18,6768.237007479148,-0.46,4.17,0.4539290900330855,2.08703125,7.5287500000000005,1.3,7.0,1,1844,2015-01-01
1845,2020,19,7004.17816824176,-1.6783333333333332,1.47,0.3940202810245402,1.531736111111111,11.040000000000001,1.3,6.0,1,1845,2015-01-01
1846,2020,20,21269.264014651257,-7.17,1.69,0.3244878466498823,1.6165277777777778,11.040000000000001,1.3,1.0,1,1846,2015-01-01
1847,2020,21,18521.59283526922,-8.46,1.53,0.30737772387709134,0.8583506944444445,11.040000000000001,1.3,3.0,1,1847,2015-01-01
1848,2020,22,4150.767520503269,-3.88,2.12,0.372301662973405,2.6240798611111114,11.040000000000001,1.3,7.0,1,1848,2015-01-01
1849,2020,23,12263.275136388405,-2.7675,1.35,0.3770023368527461,1.315763888888889,11.040000000000001,1.3,3.0,1,1849,2015-01-01
1850,2020,24,8877.932047353434,-3.88,4.37,0.4041550739690709,0.6180555555555556,11.040000000000001,1.3,4.0,1,1850,2015-01-01
1851,2020,25,19673.129116344404,-6.0216666666666665,2.85,0.35346973851807767,1.3238194444444444,11.040000000000001,1.3,2.0,1,1851,2015-01-01
1852,2020,26,21959.7447239255,-7.91,3.39,0.33627489486353196,0.9475520833333333,11.040000000000001,1.3,0.0,1,1852,2015-01-01
1853,2020,27,21515.029489539054,-6.8,4.47,0.3645935115783055,0.6351909722222222,11.040000000000001,1.3,0.0,1,1853,2015-01-01
1854,2020,28,19743.02604264775,-7.11,4.32,0.35847620539284836,0.9927256944444444,11.040000000000001,1.3,0.0,1,1854,2015-01-01
1855,2020,29,4152.233465058888,-3.7,5.35,0.4214999792100419,0.6485763888888889,11.040000000000001,1.3,6.0,1,1855,2015-01-01
1856,2020,30,21934.423240075717,-1.17,6.97,0.48906336869314,1.0922916666666667,11.040000000000001,1.3,1.0,1,1856,2015-01-01
1857,2020,31,10761.409104519105,-1.53,8.11,0.5027781444746693,1.6991840277777779,11.040000000000001,1.3,3.0,1,1857,2015-01-01
1858,2020,32,10345.205246672902,-1.8491666666666666,5.8,0.4578606158157136,2.762118055555556,24.30083333333333,1.3,6.0,1,1858,2015-01-01
1859,2020,33,20347.91834142947,-8.08,3.41,0.33440854588907326,2.061701388888889,33.599999999999994,1.3,1.0,1,1859,2015-01-01
1860,2020,34,21995.524742542213,-8.29,4.62,0.34702609828698866,0.8020833333333334,33.599999999999994,1.3,0.0,1,1860,2015-01-01
1861,2020,35,12411.080528426357,-2.58,7.65,0.47652802155849416,1.3793229166666667,28.551666666666662,1.3,5.0,1,1861,2015-01-01
1862,2020,36,15066.928344374144,1.71,8.77,0.5765716092859702,1.739392361111111,3.8400000000000003,1.3,2.0,1,1862,2015-01-01
1863,2020,37,22000.70666147491,0.78,12.17,0.6281014266560663,1.0465277777777777,3.8400000000000003,1.3,0.0,1,1863,2015-01-01
1864,2020,38,18507.04215942473,2.45,13.53,0.6968249657014273,2.7896527777777775,3.8400000000000003,1.3,1.0,1,1864,2015-01-01
1865,2020,39,12562.210743608039,2.5941666666666667,12.96,0.6867835994223318,2.977326388888889,5.1325,1.3,2.0,1,1865,2015-01-01
1866,2020,40,13374.02500539845,-3.163333333333333,7.15,0.4584481462841237,2.8908159722222226,5.215,1.3,3.0,1,1866,2015-01-01
1867,2020,41,5186.8281396931325,-6.453333333333333,1.5,0.33090822551534693,1.3368576388888889,5.28,1.3,6.0,1,1867,2015-01-01
1868,2020,42,7152.517000399954,-15.96,-5.74,0.1735596654131926,2.9014583333333333,5.28,1.3,5.0,1,1868,2015-01-01
1869,2020,43,21358.52821183368,-15.8,-1.35,0.2077897654602122,1.3865625,5.28,1.3,0.0,1,1869,2015-01-01
1870,2020,44,11236.145664280128,-4.08,7.33,0.4465025291552915,1.9721875,4.78875,1.3,5.0,1,1870,2015-01-01
1871,2020,45,14765.391375407471,-7.63,7.28,0.3919919366459448,2.4073611111111113,3.7308333333333334,1.3,3.0,1,1871,2015-01-01
1872,2020,46,9149.803608838738,-8.13,5.61,0.3620556919477611,2.5860590277777775,2.64,1.3,7.0,1,1872,2015-01-01
1873,2020,47,5512.566114767812,-1.93,8.24,0.4979927930237618,2.2181944444444444,2.7845833333333334,1.3,7.0,1,1873,2015-01-01
1874,2020,48,8192.63773402561,-2.22,4.25,0.42732326034524026,1.0842708333333333,6.082916666666667,1.3,6.0,1,1874,2015-01-01
1875,2020,49,21320.973357198396,-3.07,10.7,0.5217759168810076,1.1597569444444444,4.08,1.3,2.0,1,1875,2015-01-01
1876,2020,50,3693.1423112154794,4.05,8.67,0.6231375326953514,2.8949131944444444,5.2875,1.3,7.0,1,1876,2015-01-01
1877,2020,51,4036.0823973607294,1.73,5.71,0.5182920106767971,1.4980555555555555,14.259583333333333,1.3,7.0,1,1877,2015-01-01
1878,2020,52,16512.549428844774,1.11,12.01,0.6317927500680994,1.4321701388888888,2.88,1.3,3.0,1,1878,2015-01-01
1879,2020,53,14957.879243886793,2.72,11.87,0.6645174699512197,1.622048611111111,3.913333333333333,1.3,3.0,1,1879,2015-01-01
1880,2020,54,18939.55665076048,4.7,12.47,0.7255742826868179,1.1279340277777776,6.720000000000001,1.3,2.0,1,1880,2015-01-01
1881,2020,55,3669.89359493877,5.09,13.43,0.759448316609668,2.135,7.970000000000001,1.3,8.0,1,1881,2015-01-01
1882,2020,56,3666.7844435791512,3.2866666666666666,8.44,0.602094020333795,2.584513888888889,39.77583333333334,1.3,8.0,1,1882,2015-01-01
1883,2020,57,6064.803367641654,-3.365,3.26,0.3955056272488876,2.94140625,21.619166666666665,1.3,6.0,1,1883,2015-01-01
1884,2020,58,21936.807281888065,-4.13,9.45,0.48078862803329575,1.0126215277777777,3.8400000000000003,1.3,0.0,1,1884,2015-01-01
1885,2020,59,4838.08186345852,0.69,11.07,0.6027898902223049,1.1467013888888888,3.8400000000000003,1.3,7.0,1,1885,2015-01-01
1886,2020,60,21391.281643291095,2.3,14.75,0.7226286264434647,1.7892187499999999,4.085833333333333,1.3,0.0,1,1886,2015-01-01
1887,2020,61,14006.304572840836,4.770833333333334,14.24,0.7721046809458155,2.4034548611111113,9.32125,1.3,4.0,1,1887,2015-01-01
1888,2020,62,9690.516272998473,0.27,4.82,0.476867639012432,3.056857638888889,13.0325,1.3,6.0,1,1888,2015-01-01
1889,2020,63,14260.072464753062,-2.0033333333333334,6.4,0.46521813836321696,3.464565972222222,6.959999999999999,1.3,4.0,1,1889,2015-01-01
1890,2020,64,21999.670277688372,-2.06,11.73,0.5605046079500631,1.462013888888889,6.959999999999999,1.3,0.0,1,1890,2015-01-01
1891,2020,65,21994.488358755676,-1.57,13.83,0.6133133303282423,0.6836458333333333,6.959999999999999,1.3,0.0,1,1891,2015-01-01
1892,2020,66,8437.033415074227,1.63,15.43,0.7228736951986704,0.7771354166666666,6.959999999999999,1.3,3.0,1,1892,2015-01-01
1893,2020,67,3833.957997155245,3.58,13.33,0.7192053328769334,1.9552083333333334,6.959999999999999,1.3,7.0,1,1893,2015-01-01
1894,2020,68,18868.230371843103,0.16583333333333333,14.47,0.6655613557283399,1.9007638888888887,4.177499999999999,1.3,3.0,1,1894,2015-01-01
1895,2020,69,21896.99531530029,-2.06,14.88,0.6252914841858919,1.4340277777777777,2.64,1.3,0.0,1,1895,2015-01-01
1896,2020,70,20163.518927982503,0.84,14.95,0.6923288131256068,0.6164409722222222,2.64,1.3,0.0,1,1896,2015-01-01
1897,2020,71,18249.716820774913,3.67,16.56,0.8043474756614173,0.6143402777777778,2.64,1.3,3.0,1,1897,2015-01-01
1898,2020,72,11340.689498343581,5.13,19.39,0.9274145546833433,1.1734722222222222,2.64,1.3,4.0,1,1898,2015-01-01
1899,2020,73,4048.097362005154,7.02,18.65,0.9630929506330839,1.4020486111111112,3.37875,1.3,7.0,1,1899,2015-01-01
1900,2020,74,6654.525088017683,7.6,15.63,0.8887787209980659,2.572204861111111,6.317916666666666,1.3,6.0,1,1900,2015-01-01
1901,2020,75,9250.94246520634,6.19,16.39,0.8698523783047094,1.0679166666666666,10.32,1.3,5.0,1,1901,2015-01-01
1902,2020,76,9846.648323416188,7.4,16.66,0.9134715294919032,0.7288541666666667,10.32,1.3,4.0,1,1902,2015-01-01
1903,2020,77,14054.474052649543,6.95,18.38,0.9524211868857816,1.54390625,8.59875,1.3,4.0,1,1903,2015-01-01
1904,2020,78,3731.9596920737454,5.55,15.74,0.8333368875041476,2.677309027777778,7.284583333333334,1.3,7.0,1,1904,2015-01-01
1905,2020,79,12400.470111396415,5.8,13.95,0.7915145191109919,1.0723958333333334,7.259583333333333,1.3,2.0,1,1905,2015-01-01
1906,2020,80,18702.854303708296,5.69,15.8,0.838908393732138,1.0001736111111112,5.76,1.3,2.0,1,1906,2015-01-01
1907,2020,81,6562.63694476152,3.871666666666667,11.63,0.6855544873016647,1.278576388888889,4.455,1.3,7.0,1,1907,2015-01-01
1908,2020,82,3733.5534894044144,2.5733333333333333,8.6,0.5906455504793237,2.6488541666666667,11.164583333333333,1.3,8.0,1,1908,2015-01-01
1909,2020,83,4096.102708023789,2.41,8.76,0.5905771693527418,3.4576215277777775,3.12,1.3,7.0,1,1909,2015-01-01
1910,2020,84,15590.817087515266,3.21,13.3,0.7095030074937719,2.1967881944444443,3.12,1.3,3.0,1,1910,2015-01-01
1911,2020,85,10254.551008102919,3.45,15.01,0.7579137772924271,1.2853125,3.1320833333333336,1.3,6.0,1,1911,2015-01-01
1912,2020,86,7825.727742360634,5.46,12.05,0.7339777702221071,0.6533680555555557,4.100833333333333,1.3,7.0,1,1912,2015-01-01
1913,2020,87,10176.126180752415,4.92,14.52,0.7833225777030386,1.7718402777777778,4.19,1.3,6.0,1,1913,2015-01-01
1914,2020,88,4808.539958132737,6.56,15.1,0.843669889175182,2.66671875,3.9270833333333335,1.3,7.0,1,1914,2015-01-01
1915,2020,89,7012.65243411581,5.44,10.7,0.700631115308346,2.0025694444444446,9.864583333333334,1.3,6.0,1,1915,2015-01-01
1916,2020,90,9618.168434921565,2.99,11.64,0.6654284173895259,0.8264236111111111,6.000416666666667,1.3,3.0,1,1916,2015-01-01
1917,2020,91,17847.292477867435,3.09,14.51,0.7362165077430332,2.2871875,6.0,1.3,2.0,1,1917,2015-01-01
1918,2020,92,6471.98541739988,6.12,14.58,0.8170899815998558,1.9409548611111112,9.14125,1.3,6.0,1,1918,2015-01-01
1919,2020,93,11305.516270931597,7.93,15.95,0.9080658893350946,1.9799305555555557,11.099583333333333,1.3,5.0,1,1919,2015-01-01
1920,2020,94,9823.878010350048,7.47,17.29,0.9347631012480595,0.7889756944444444,7.780833333333334,1.3,4.0,1,1920,2015-01-01
1921,2020,95,11288.319367781512,3.87,14.88,0.7653560667732352,1.0759895833333333,9.663333333333334,1.3,3.0,1,1921,2015-01-01
1922,2020,96,20932.576802252337,3.75,15.23,0.7713042031782075,2.714652777777778,3.12,1.3,0.0,1,1922,2015-01-01
1923,2020,97,10862.052103336338,5.53,19.87,0.9546097872587174,0.9656770833333334,3.54875,1.3,5.0,1,1923,2015-01-01
1924,2020,98,3732.650086841553,2.8558333333333334,9.89,0.6236933429436439,2.062951388888889,14.160833333333334,1.3,8.0,1,1924,2015-01-01
1925,2020,99,5210.1860036215085,1.37,7.86,0.5519434294283072,2.558854166666667,5.4262500000000005,1.3,7.0,1,1925,2015-01-01
1926,2020,100,3724.705005567968,2.15,4.97,0.5124707586116106,3.441684027777778,16.145416666666666,1.3,8.0,1,1926,2015-01-01
1927,2020,101,8237.655881065466,3.84,9.95,0.6465276789581051,2.8135937500000003,11.154166666666667,1.3,6.0,1,1927,2015-01-01
1928,2020,102,10639.63493972962,4.67,12.64,0.7290242323154092,1.4613020833333334,10.385833333333332,1.3,4.0,1,1928,2015-01-01
1929,2020,103,12743.331958375788,4.95,13.91,0.7681957744753298,1.0416493055555556,8.44625,1.3,3.0,1,1929,2015-01-01
1930,2020,104,13477.883469746977,1.1808333333333332,12.89,0.6527933653663418,2.1915277777777775,4.7775,1.3,3.0,1,1930,2015-01-01
1931,2020,105,20710.02286292118,0.16,14.35,0.6626988690679124,1.1835416666666667,6.0,1.3,1.0,1,1931,2015-01-01
1932,2020,106,18662.982015773538,2.74,16.07,0.7669038514399646,1.8976909722222222,4.5633333333333335,1.3,1.0,1,1932,2015-01-01
1933,2020,107,19736.52536206774,5.31,18.31,0.9003073505562474,1.0852256944444445,4.08,1.3,3.0,1,1933,2015-01-01
1934,2020,108,9302.480209285208,6.6675,18.1,0.9349935648800577,1.3642881944444445,5.045833333333333,1.3,6.0,1,1934,2015-01-01
1935,2020,109,10138.033042702682,6.46,18.39,0.9375319599358118,0.7809722222222222,6.48,1.3,4.0,1,1935,2015-01-01
1936,2020,110,18785.053926967343,8.14,18.94,1.0084780865362715,0.8158159722222221,6.279583333333334,1.3,1.0,1,1936,2015-01-01
1937,2020,111,14851.156660076613,9.26,21.57,1.1384405080641526,1.0365798611111112,8.597083333333334,1.3,2.0,1,1937,2015-01-01
1938,2020,112,20145.593549107434,10.77,23.11,1.2547429331725752,0.9766493055555555,8.399999999999999,1.3,2.0,1,1938,2015-01-01
1939,2020,113,11176.664487702603,12.05,23.45,1.3206488438434612,1.454079861111111,8.399999999999999,1.3,2.0,1,1939,2015-01-01
1940,2020,114,6357.838696992712,11.008333333333335,18.53,1.0921087125862876,1.464982638888889,13.814583333333333,1.3,6.0,1,1940,2015-01-01
1941,2020,115,7395.717907704199,10.15,20.47,1.130792553872306,1.7319618055555557,13.514583333333333,1.3,4.0,1,1941,2015-01-01
1942,2020,116,7241.018563633852,11.88,21.68,1.2420708467616226,2.931128472222222,9.663333333333334,1.3,5.0,1,1942,2015-01-01
1943,2020,117,5113.488299925522,8.105,15.6,0.9028373643995334,2.2642361111111113,14.862083333333333,1.3,6.0,1,1943,2015-01-01
1944,2020,118,17901.69862330811,6.95,17.98,0.9399992111749655,1.59859375,3.3883333333333336,1.3,1.0,1,1944,2015-01-01
1945,2020,119,12112.239501995173,7.96,17.46,0.955235912132067,0.9358854166666668,4.392916666666667,1.3,3.0,1,1945,2015-01-01
1946,2020,120,5895.289006954182,7.73,17.48,0.9486795490279156,1.0082638888888888,7.6933333333333325,1.3,5.0,1,1946,2015-01-01
1947,2020,121,10586.801668962646,7.2524999999999995,17.08,0.9217088525088346,1.1803472222222222,10.255416666666667,1.3,5.0,1,1947,2015-01-01
1948,2020,122,14037.244609972517,7.22,20.83,1.0407801338023632,0.8910590277777778,6.370000000000001,1.3,2.0,1,1948,2015-01-01
1949,2020,123,8585.568809384238,9.935833333333333,17.32,1.0142673800869149,1.2086979166666667,11.496666666666666,1.3,5.0,1,1949,2015-01-01
1950,2020,124,10988.468311403185,9.495833333333334,18.06,1.0242121962891715,1.2286979166666667,7.0925,1.3,4.0,1,1950,2015-01-01
1951,2020,125,19459.815039992685,9.42,23.41,1.2135814205605795,1.148767361111111,3.3600000000000003,1.3,0.0,1,1951,2015-01-01
1952,2020,126,5402.547033400402,12.79,23.08,1.3361197256461106,1.879375,3.221666666666667,1.3,6.0,1,1952,2015-01-01
1953,2020,127,8967.060521437637,10.044166666666666,21.8,1.1760171437166465,3.107170138888889,14.443333333333335,1.3,5.0,1,1953,2015-01-01
1954,2020,128,15671.319602151463,9.78,18.14,1.0363989881175772,2.1098958333333333,3.6812500000000004,1.3,2.0,1,1954,2015-01-01
1955,2020,129,21976.842479997234,9.72,23.25,1.2190003407460568,2.090329861111111,2.64,1.3,0.0,1,1955,2015-01-01
1956,2020,130,19197.321661375325,11.37,24.24,1.325231827308176,1.7509201388888889,2.704166666666667,1.3,3.0,1,1956,2015-01-01
1957,2020,131,15590.115105475365,12.35,25.89,1.4390336387859444,3.345763888888889,8.915416666666665,1.3,2.0,1,1957,2015-01-01
1958,2020,132,21384.69393999465,8.450833333333334,21.7,1.113868585547983,2.611284722222222,11.52,1.3,0.0,1,1958,2015-01-01
1959,2020,133,21393.061619294935,6.571666666666666,17.84,0.9241141552738549,3.775694444444445,11.52,1.3,0.0,1,1959,2015-01-01
1960,2020,134,21951.520996147447,6.33,24.38,1.1340647150947818,1.88546875,11.52,1.3,0.0,1,1960,2015-01-01
1961,2020,135,19192.625586994825,9.46,22.89,1.1951621617026487,2.0716145833333335,11.52,1.3,1.0,1,1961,2015-01-01
1962,2020,136,21261.499060687016,9.88,22.86,1.2101089850615792,0.8331770833333333,11.52,1.3,0.0,1,1962,2015-01-01
1963,2020,137,21145.202732438258,11.42,26.6,1.4291969782633864,1.2285416666666666,11.52,1.3,0.0,1,1963,2015-01-01
1964,2020,138,16721.218415563842,12.031666666666666,26.09,1.4337353719456531,2.4512847222222223,11.52,1.3,1.0,1,1964,2015-01-01
1965,2020,139,12942.677115964278,11.74,25.61,1.3996013256374173,1.2543055555555556,10.482916666666666,1.3,3.0,1,1965,2015-01-01
1966,2020,140,10365.706864714444,14.28,25.62,1.5151849348491695,1.2586284722222223,8.422916666666666,1.3,5.0,1,1966,2015-01-01
1967,2020,141,12155.158539200376,12.7325,19.98,1.2090497010163264,1.5172222222222222,6.1745833333333335,1.3,4.0,1,1967,2015-01-01
1968,2020,142,21126.37130975089,12.6,25.63,1.4385852362798066,1.4601562499999998,2.64,1.3,1.0,1,1968,2015-01-01
1969,2020,143,19372.347186244388,15.22,29.3,1.7459791585541717,1.34859375,2.64,1.3,1.0,1,1969,2015-01-01
1970,2020,144,18871.880556309385,16.25,30.75,1.882095002390843,0.8672916666666667,2.64,1.3,2.0,1,1970,2015-01-01
1971,2020,145,15757.886659054617,15.301666666666666,30.77,1.8300960723391322,1.7565972222222221,2.64,1.3,2.0,1,1971,2015-01-01
1972,2020,146,18773.76408469727,13.71,31.6,1.7883737364419992,2.1470659722222223,5.1937500000000005,1.3,1.0,1,1972,2015-01-01
1973,2020,147,14027.783527254971,16.19,33.54,2.042555931388769,1.3660243055555557,9.120000000000001,1.3,2.0,1,1973,2015-01-01
1974,2020,148,12167.61396089685,16.45,32.46,1.9931507906660428,1.1596006944444444,9.120000000000001,1.3,4.0,1,1974,2015-01-01
1975,2020,149,14666.101031653963,19.21,31.95,2.1312721463706774,1.261371527777778,9.120000000000001,1.3,2.0,1,1975,2015-01-01
1976,2020,150,15469.34529038162,18.61,33.09,2.165636628059241,1.8756076388888887,9.120000000000001,1.3,1.0,1,1976,2015-01-01
1977,2020,151,15971.175993987614,19.57,33.47,2.253005353433889,1.3660590277777778,6.492083333333333,1.3,2.0,1,1977,2015-01-01
1978,2020,152,17304.464249447123,17.26083333333333,33.2,2.087485407859216,1.4055208333333333,5.04,1.3,3.0,1,1978,2015-01-01
1979,2020,153,21856.76557057572,16.96,33.24,2.071352245433265,1.2721527777777777,5.04,1.3,0.0,1,1979,2015-01-01
1980,2020,154,8013.588091513646,20.24,33.23,2.281684825589638,2.2073784722222225,5.04,1.3,3.0,1,1980,2015-01-01
1981,2020,155,19697.263550062027,19.270833333333336,34.79,2.3216097692705016,2.369409722222222,5.04,1.3,1.0,1,1981,2015-01-01
1982,2020,156,21080.070137571438,19.21,34.23,2.2796736629617453,1.1850520833333333,5.04,1.3,0.0,1,1982,2015-01-01
1983,2020,157,21477.518870074393,16.368333333333332,33.51,2.0516061881720793,2.815451388888889,5.04,1.3,0.0,1,1983,2015-01-01
1984,2020,158,21432.101308759396,12.555,28.96,1.592630406164782,3.768732638888889,5.04,1.3,0.0,1,1984,2015-01-01
1985,2020,159,21980.525298500786,12.51,27.68,1.5288439203098123,3.0757465277777776,5.04,1.3,0.0,1,1985,2015-01-01
1986,2020,160,20423.255430912883,13.12,29.38,1.6415446899537804,1.529496527777778,5.04,1.3,1.0,1,1986,2015-01-01
1987,2020,161,16177.8934523785,16.22,31.43,1.919266730910579,2.1653125,5.04,1.3,1.0,1,1987,2015-01-01
1988,2020,162,16512.202120987844,17.59,31.84,2.0243583949241137,2.1664409722222224,5.04,1.3,2.0,1,1988,2015-01-01
1989,2020,163,17592.912540822363,18.24,32.7,2.117408674580613,1.287829861111111,5.04,1.3,1.0,1,1989,2015-01-01
1990,2020,164,16667.1991793935,18.7,33.18,2.177198272957349,3.3131423611111113,5.04,1.3,1.0,1,1990,2015-01-01
1991,2020,165,22000.70666147491,18.59,33.8,2.210248898602447,1.323263888888889,5.04,1.3,0.0,1,1991,2015-01-01
1992,2020,166,22000.70666147491,19.506666666666664,33.36,2.2415337624260254,1.8038368055555556,5.04,1.3,0.0,1,1992,2015-01-01
1993,2020,167,19558.631645453497,17.570833333333333,33.4,2.119346911677895,2.713767361111111,5.04,1.3,1.0,1,1993,2015-01-01
1994,2020,168,19772.045750479167,17.3,33.95,2.1369663315179266,2.32828125,5.04,1.3,0.0,1,1994,2015-01-01
1995,2020,169,19100.84623104368,18.14,34.4,2.2200524979007743,1.367326388888889,5.04,1.3,0.0,1,1995,2015-01-01
1996,2020,170,21373.319142264754,19.27,35.26,2.3537452989392897,1.9329166666666664,5.04,1.3,0.0,1,1996,2015-01-01
1997,2020,171,21956.988644862187,20.46,36.37,2.516951998088653,3.0410243055555557,5.04,1.3,0.0,1,1997,2015-01-01
1998,2020,172,21823.77252350819,19.94,36.6,2.4958457705927413,2.2839930555555554,5.04,1.3,0.0,1,1998,2015-01-01
1999,2020,173,18267.953149074317,17.44333333333333,32.35,2.046415817887256,3.058888888888889,5.04,1.3,1.0,1,1999,2015-01-01
2000,2020,174,21246.71923538729,15.71,29.43,1.779175729657782,3.2649305555555554,5.04,1.3,0.0,1,2000,2015-01-01
2001,2020,175,21956.988644862187,15.55,31.76,1.8997439350032537,2.0463541666666667,5.04,1.3,0.0,1,2001,2015-01-01
2002,2020,176,22000.70666147491,16.96,33.77,2.1042487629098146,2.8365277777777775,5.04,1.3,0.0,1,2002,2015-01-01
2003,2020,177,21998.63389390183,18.708333333333332,37.36,2.461846792598866,2.5419270833333334,5.04,1.3,0.0,1,2003,2015-01-01
2004,2020,178,21974.348793838584,16.630000000000003,31.86,1.9682518292666458,3.0562847222222222,5.04,1.3,0.0,1,2004,2015-01-01
2005,2020,179,20459.25211584606,15.733333333333334,30.48,1.8379492557764707,2.2527256944444445,5.04,1.3,0.0,1,2005,2015-01-01
2006,2020,180,21565.877270817382,15.71,31.42,1.889478668950386,3.0301388888888887,5.04,1.3,0.0,1,2006,2015-01-01
2007,2020,181,20550.608585231606,15.61,29.66,1.7862057725326277,2.871753472222222,5.04,1.3,1.0,1,2007,2015-01-01
2008,2020,182,18859.280134808363,16.05,31.52,1.914657451788517,1.4561284722222223,5.04,1.3,1.0,1,2008,2015-01-01
2009,2020,183,16814.83173250196,17.25,32.26,2.0291971918140246,2.5342534722222223,4.3525,1.3,1.0,1,2009,2015-01-01
2010,2020,184,17670.097234277786,15.735833333333332,30.56,1.842536120355654,2.5140451388888887,5.065833333333334,1.3,1.0,1,2010,2015-01-01
2011,2020,185,19827.609253483617,15.45,33.14,1.9741554083109667,2.4789583333333334,6.0,1.3,0.0,1,2011,2015-01-01
2012,2020,186,20318.56223887368,17.96,33.46,2.147758205121008,1.9840277777777777,6.0,1.3,1.0,1,2012,2015-01-01
2013,2020,187,15169.385309326606,19.0,31.04,2.061509756934425,1.8341319444444446,6.0,1.3,3.0,1,2013,2015-01-01
2014,2020,188,17264.92743711931,17.81,30.54,1.9600126943500404,1.700295138888889,6.0,1.3,3.0,1,2014,2015-01-01
2015,2020,189,17441.13740824201,17.9,32.8,2.1023746086748676,1.7067534722222222,6.0,1.3,1.0,1,2015,2015-01-01
2016,2020,190,20355.07445031523,20.95,34.94,2.4490974949509754,1.6734722222222222,6.0,1.3,1.0,1,2016,2015-01-01
2017,2020,191,17634.61642638981,21.2,35.73,2.5242659381179746,1.6922569444444444,6.0,1.3,2.0,1,2017,2015-01-01
2018,2020,192,20638.27849022791,20.1175,34.83,2.382666967681939,1.74453125,6.0,1.3,1.0,1,2018,2015-01-01
2019,2020,193,13430.740053570726,18.655,33.21,2.1762327522024822,2.036128472222222,6.0,1.3,3.0,1,2019,2015-01-01
2020,2020,194,11549.960150435823,17.68,31.72,2.022546442225564,2.4158333333333335,6.8075,1.3,4.0,1,2020,2015-01-01
2021,2020,195,14095.175957887583,19.43,31.62,2.1243305518626903,1.5864583333333335,7.4399999999999995,1.3,3.0,1,2021,2015-01-01
2022,2020,196,16756.292718681863,18.866666666666667,31.57,2.085986051039811,2.00390625,7.4399999999999995,1.3,2.0,1,2022,2015-01-01
2023,2020,197,19148.964234241837,18.33,32.56,2.1142688720517544,2.526145833333333,7.4399999999999995,1.3,1.0,1,2023,2015-01-01
2024,2020,198,19534.055464962497,17.39,31.96,2.01952966421235,2.232621527777778,7.4399999999999995,1.3,1.0,1,2024,2015-01-01
2025,2020,199,21601.11251671007,17.81,33.28,2.1268524842313457,1.0918055555555555,7.4399999999999995,1.3,0.0,1,2025,2015-01-01
2026,2020,200,20673.185405901517,20.06,35.43,2.4207098012438775,1.3211631944444444,7.4399999999999995,1.3,0.0,1,2026,2015-01-01
2027,2020,201,20096.51961517094,23.68,36.98,2.8106273194723173,1.5687152777777778,7.4399999999999995,1.3,2.0,1,2027,2015-01-01
2028,2020,202,21158.060583894316,24.39,37.0,2.8698599897894104,2.23734375,7.4399999999999995,1.3,0.0,1,2028,2015-01-01
2029,2020,203,22000.70666147491,24.07,36.38,2.7937858860480267,2.6356597222222224,7.4399999999999995,1.3,0.0,1,2029,2015-01-01
2030,2020,204,20230.92680220841,21.864166666666666,37.7,2.7237063289630767,2.237534722222222,7.4399999999999995,1.3,2.0,1,2030,2015-01-01
2031,2020,205,18184.659454738434,19.61,34.39,2.31747111427705,2.3000868055555554,9.617083333333333,1.3,2.0,1,2031,2015-01-01
2032,2020,206,15571.307158117896,19.8,34.44,2.3338363822700163,1.5396006944444443,7.154999999999999,1.3,2.0,1,2032,2015-01-01
2033,2020,207,16706.35127970846,22.5,37.15,2.7304291643188945,1.3889409722222221,3.3600000000000003,1.3,2.0,1,2033,2015-01-01
2034,2020,208,18368.81449468331,25.2,37.61,2.988194193351249,1.5296527777777778,3.3600000000000003,1.3,2.0,1,2034,2015-01-01
2035,2020,209,20615.589287110804,22.51,38.43,2.8332198212989415,1.73421875,3.3600000000000003,1.3,0.0,1,2035,2015-01-01
2036,2020,210,19558.34247661768,21.84,38.46,2.7818100733401656,1.9555555555555557,3.3600000000000003,1.3,1.0,1,2036,2015-01-01
2037,2020,211,19090.407254097532,22.81,39.07,2.910224815627139,2.0209375,3.3600000000000003,1.3,1.0,1,2037,2015-01-01
2038,2020,212,18555.596489191248,18.43583333333333,33.96,2.210629443476771,2.8043055555555556,4.512083333333333,1.3,1.0,1,2038,2015-01-01
2039,2020,213,17555.304337246358,18.37,32.35,2.1036238830586043,1.9015972222222222,8.75,1.3,1.0,1,2039,2015-01-01
2040,2020,214,20410.976353559017,18.67,32.88,2.1560428375871825,2.961111111111111,10.8,1.3,0.0,1,2040,2015-01-01
2041,2020,215,21011.427373200102,23.19,35.77,2.67679133349779,1.9179340277777779,10.8,1.3,0.0,1,2041,2015-01-01
2042,2020,216,20455.372586384266,20.03,34.33,2.3420566945767987,2.731701388888889,10.8,1.3,0.0,1,2042,2015-01-01
2043,2020,217,17818.942563645036,16.198333333333334,31.88,1.9441106524497092,2.0209201388888887,6.089583333333334,1.3,1.0,1,2043,2015-01-01
2044,2020,218,19413.315230965432,16.12,32.3,1.9641284929716498,2.503159722222222,2.4000000000000004,1.3,1.0,1,2044,2015-01-01
2045,2020,219,20887.325897690098,16.9175,30.74,1.919699346811264,3.131788194444445,2.4000000000000004,1.3,1.0,1,2045,2015-01-01
2046,2020,220,19320.24211777316,16.82,30.39,1.8940350176627836,2.8788194444444444,2.4000000000000004,1.3,1.0,1,2046,2015-01-01
2047,2020,221,18069.160752853917,16.72,31.97,1.9800744280751728,1.6613541666666665,5.725416666666667,1.3,1.0,1,2047,2015-01-01
2048,2020,222,22000.70666147491,17.75,33.84,2.158597552575843,2.1752604166666667,7.92,1.3,0.0,1,2048,2015-01-01
2049,2020,223,21870.147880409106,19.79,35.58,2.412249552673571,1.6567013888888888,7.92,1.3,0.0,1,2049,2015-01-01
2050,2020,224,21882.78882709541,19.6,37.0,2.5001998920525565,2.679288194444444,7.92,1.3,0.0,1,2050,2015-01-01
2051,2020,225,21993.493773026166,18.15083333333333,35.96,2.3250162220589745,2.0970833333333334,7.92,1.3,0.0,1,2051,2015-01-01
2052,2020,226,21999.670277688372,17.65,35.06,2.231209030004723,1.9342534722222224,7.92,1.3,0.0,1,2052,2015-01-01
2053,2020,227,22000.70666147491,17.11916666666667,34.14,2.1375470382555144,2.314166666666667,7.92,1.3,0.0,1,2053,2015-01-01
2054,2020,228,21881.533154616263,17.01,31.38,1.9623636569741079,3.2246006944444443,7.92,1.3,0.0,1,2054,2015-01-01
2055,2020,229,21744.96174259779,16.35,30.53,1.8753016732670287,2.7600868055555554,7.92,1.3,0.0,1,2055,2015-01-01
2056,2020,230,21685.38004076404,16.3,31.3,1.9163847982643554,2.9975,7.92,1.3,0.0,1,2056,2015-01-01
2057,2020,231,21465.29349394503,15.69,31.45,1.8900476889188418,2.168420138888889,7.92,1.3,0.0,1,2057,2015-01-01
2058,2020,232,22000.70666147491,18.06,34.67,2.2325247693420063,2.1271875,7.92,1.3,0.0,1,2058,2015-01-01
2059,2020,233,21998.63389390183,18.3,35.57,2.308648399232316,1.5102777777777776,7.92,1.3,0.0,1,2059,2015-01-01
2060,2020,234,22000.70666147491,19.66,36.67,2.4806582769581254,2.674201388888889,7.92,1.3,0.0,1,2060,2015-01-01
2061,2020,235,21999.670277688372,19.435833333333335,35.02,2.348639626488814,2.086076388888889,7.92,1.3,0.0,1,2061,2015-01-01
2062,2020,236,20195.04989168113,15.183333333333334,31.03,1.8379492557764707,2.6053993055555558,7.92,1.3,1.0,1,2062,2015-01-01
2063,2020,237,21812.275770660977,12.89,27.94,1.5593694642495302,3.7821527777777777,7.92,1.3,0.0,1,2063,2015-01-01
2064,2020,238,21981.7593693515,11.78,27.05,1.465706774502415,3.0264756944444446,7.92,1.3,0.0,1,2064,2015-01-01
2065,2020,239,21991.42100545309,12.29,28.81,1.572406389598708,1.1041145833333335,7.92,1.3,0.0,1,2065,2015-01-01
2066,2020,240,22000.70666147491,16.11,30.57,1.8640270074943452,2.4263368055555556,7.92,1.3,0.0,1,2066,2015-01-01
2067,2020,241,21860.560241005438,18.18,32.03,2.071968759125214,2.187482638888889,7.92,1.3,0.0,1,2067,2015-01-01
2068,2020,242,21189.672379161413,16.13083333333333,32.58,1.9813095038377608,1.9375173611111112,7.92,1.3,0.0,1,2068,2015-01-01
2069,2020,243,21258.583060809044,15.67,30.59,1.8405426198209478,2.1053125,7.92,1.3,0.0,1,2069,2015-01-01
2070,2020,244,21760.648320423054,14.431666666666667,29.39,1.7092373241206795,1.7725,7.92,1.3,0.0,1,2070,2015-01-01
2071,2020,245,22000.70666147491,13.45,28.39,1.608626872162064,1.3182986111111112,7.92,1.3,0.0,1,2071,2015-01-01
2072,2020,246,21248.944971098736,15.79,31.17,1.8798281769510639,1.68765625,7.92,1.3,0.0,1,2072,2015-01-01
2073,2020,247,20189.855488251495,18.13,32.63,2.1061243735242297,1.5747916666666668,7.92,1.3,1.0,1,2073,2015-01-01
2074,2020,248,16989.464084297928,17.545,30.39,1.935766069219322,1.925954861111111,7.92,1.3,2.0,1,2074,2015-01-01
2075,2020,249,21887.022404959436,17.01,31.23,1.9535602120357294,1.4323784722222221,7.92,1.3,0.0,1,2075,2015-01-01
2076,2020,250,21959.967955446904,16.41,32.81,2.0117044005957414,1.1894791666666666,7.92,1.3,0.0,1,2076,2015-01-01
2077,2020,251,16375.662548621776,19.78,35.26,2.389116475463097,1.0061631944444445,7.92,1.3,1.0,1,2077,2015-01-01
2078,2020,252,19841.067854846675,18.345,33.27,2.1601955889253293,1.4697222222222222,7.92,1.3,0.0,1,2078,2015-01-01
2079,2020,253,20620.883561744675,15.766666666666666,31.52,1.8984105129166564,1.697065972222222,7.92,1.3,0.0,1,2079,2015-01-01
2080,2020,254,19150.71915540974,15.42,30.88,1.8427680450167163,1.5009895833333333,7.92,1.3,1.0,1,2080,2015-01-01
2081,2020,255,21127.53665725122,15.24,29.6,1.7630446892706866,1.575329861111111,7.92,1.3,0.0,1,2081,2015-01-01
2082,2020,256,20748.31557588822,16.29,31.19,1.9094835611446446,0.81578125,7.92,1.3,0.0,1,2082,2015-01-01
2083,2020,257,19539.523837032255,15.88,29.72,1.804160301776288,1.9490104166666664,5.292083333333333,1.3,1.0,1,2083,2015-01-01
2084,2020,258,21791.806899418872,15.73,28.88,1.7507641951398278,0.9562152777777777,3.8400000000000003,1.3,0.0,1,2084,2015-01-01
2085,2020,259,21917.063091099317,14.7975,30.11,1.7666629947118133,1.9611805555555553,3.8400000000000003,1.3,0.0,1,2085,2015-01-01
2086,2020,260,21847.180951085644,14.33,29.05,1.6863499020736132,1.3126909722222222,3.8400000000000003,1.3,0.0,1,2086,2015-01-01
2087,2020,261,20344.340112614434,17.21,28.92,1.8333261814471884,1.102673611111111,3.8400000000000003,1.3,0.0,1,2087,2015-01-01
2088,2020,262,21899.375414283848,15.62,29.39,1.772169858301744,2.176545138888889,3.8400000000000003,1.3,0.0,1,2088,2015-01-01
2089,2020,263,21999.670277688372,15.5,30.99,1.8533709209683948,1.9388020833333333,3.8400000000000003,1.3,0.0,1,2089,2015-01-01
2090,2020,264,21391.26187595641,14.6,29.84,1.741735385104064,1.695451388888889,3.8400000000000003,1.3,0.0,1,2090,2015-01-01
2091,2020,265,21381.229004983863,15.15,29.07,1.730111423934263,1.4395138888888888,3.8400000000000003,1.3,0.0,1,2091,2015-01-01
2092,2020,266,21257.645415685267,14.8,29.36,1.7269530358552954,1.3213368055555557,3.8400000000000003,1.3,0.0,1,2092,2015-01-01
2093,2020,267,21557.977887192614,14.95,28.5,1.6899593892641847,2.6041493055555556,3.8400000000000003,1.3,0.0,1,2093,2015-01-01
2094,2020,268,21896.396103699128,16.8,29.54,1.84499581862917,3.1189756944444444,3.8400000000000003,1.3,0.0,1,2094,2015-01-01
2095,2020,269,21894.76979916885,16.88,29.6,1.8528115502521159,1.7422743055555556,3.8400000000000003,1.3,0.0,1,2095,2015-01-01
2096,2020,270,21893.02455943484,16.16,30.19,1.8455531292173628,0.94984375,3.8400000000000003,1.3,0.0,1,2096,2015-01-01
2097,2020,271,18682.337684707232,15.05,28.47,1.6935756238085111,2.381267361111111,4.836666666666667,1.3,1.0,1,2097,2015-01-01
2098,2020,272,19405.288332063723,11.055833333333334,24.75,1.3334253954397746,2.9039409722222222,5.76,1.3,2.0,1,2098,2015-01-01
2099,2020,273,11372.14695433364,10.67,20.28,1.1428310956933863,1.194079861111111,5.76,1.3,5.0,1,2099,2015-01-01
2100,2020,274,20512.57491258947,10.71,22.37,1.223272924387706,2.5168055555555555,5.76,1.3,1.0,1,2100,2015-01-01
2101,2020,275,21959.967955446904,12.5,25.46,1.426524483963323,1.9080902777777777,5.76,1.3,0.0,1,2101,2015-01-01
2102,2020,276,21862.316386310613,13.49,27.0,1.5430870836575432,1.10953125,5.76,1.3,0.0,1,2102,2015-01-01
2103,2020,277,17200.655272931395,14.86,27.59,1.6390304720928015,1.810954861111111,5.76,1.3,1.0,1,2103,2015-01-01
2104,2020,278,14852.692781139032,14.41,25.55,1.5180021433917297,1.2783854166666666,5.340833333333333,1.3,2.0,1,2104,2015-01-01
2105,2020,279,12429.872005411682,10.31,22.16,1.1997438572086216,1.6718402777777779,4.477083333333334,1.3,3.0,1,2105,2015-01-01
2106,2020,280,9114.640051316981,9.32,19.13,1.05436266688804,1.84109375,8.180833333333332,1.3,4.0,1,2106,2015-01-01
2107,2020,281,14096.170935776478,8.25,17.76,0.9738695501527904,1.4555555555555555,8.805833333333332,1.3,4.0,1,2107,2015-01-01
2108,2020,282,15698.771553435434,8.3875,18.07,0.98821472833963,1.9870659722222221,6.9675,1.3,3.0,1,2108,2015-01-01
2109,2020,283,7766.795763620562,6.3966666666666665,14.21,0.8145455262305433,2.354270833333333,9.135833333333332,1.3,5.0,1,2109,2015-01-01
2110,2020,284,21003.63192152647,5.01,18.99,0.9116665174805216,1.1597395833333333,4.08,1.3,1.0,1,2110,2015-01-01
2111,2020,285,21975.582864689295,6.57,19.92,0.9892637437235897,0.7011979166666666,4.08,1.3,0.0,1,2111,2015-01-01
2112,2020,286,15986.65682274813,7.58,20.69,1.0482314044657608,0.7269270833333333,4.08,1.3,1.0,1,2112,2015-01-01
2113,2020,287,22000.70666147491,7.17,21.01,1.0451775198278803,0.7569965277777777,4.08,1.3,0.0,1,2113,2015-01-01
2114,2020,288,22000.70666147491,6.08,21.86,1.0370719555127914,0.5396354166666666,4.08,1.3,0.0,1,2114,2015-01-01
2115,2020,289,21812.493225059832,5.6,22.8,1.0526563907764923,1.015295138888889,4.08,1.3,0.0,1,2115,2015-01-01
2116,2020,290,21971.790401839437,5.88,21.61,1.0220225642987626,0.8357986111111111,4.08,1.3,0.0,1,2116,2015-01-01
2117,2020,291,22000.70666147491,6.89,22.04,1.0708667689654245,1.1035069444444445,4.08,1.3,0.0,1,2117,2015-01-01
2118,2020,292,22000.70666147491,6.81,21.85,1.0615555500957956,1.5293402777777778,4.08,1.3,0.0,1,2118,2015-01-01
2119,2020,293,22000.70666147491,6.21,22.99,1.080249547515709,0.8721180555555557,4.08,1.3,0.0,1,2119,2015-01-01
2120,2020,294,21976.842479997234,8.03,24.9,1.2174499188448435,1.17984375,4.08,1.3,0.0,1,2120,2015-01-01
2121,2020,295,21948.18861326643,7.11,23.4,1.1268044888036917,1.1366666666666667,4.08,1.3,0.0,1,2121,2015-01-01
2122,2020,296,21632.925741163406,7.05,20.85,1.0357264039008987,0.9085937500000001,4.08,1.3,1.0,1,2122,2015-01-01
2123,2020,297,21853.64933593854,7.11,21.9,1.0736393702419325,1.0682465277777777,4.08,1.3,0.0,1,2123,2015-01-01
2124,2020,298,21992.457389239626,7.24,21.91,1.0785065757747603,1.1653472222222223,4.08,1.3,0.0,1,2124,2015-01-01
2125,2020,299,21999.670277688372,8.09,22.93,1.1453991209499335,1.5357465277777778,4.08,1.3,1.0,1,2125,2015-01-01
2126,2020,300,13665.040199921303,9.85,23.16,1.220552492293441,0.8853645833333332,4.08,1.3,4.0,1,2126,2015-01-01
2127,2020,301,21329.175582392836,8.17,23.55,1.1713589178403332,1.6510763888888889,4.08,1.3,0.0,1,2127,2015-01-01
2128,2020,302,21355.715200971823,6.8,22.08,1.0691370841745471,1.6050173611111112,4.08,1.3,2.0,1,2128,2015-01-01
2129,2020,303,22000.70666147491,8.308333333333334,22.01,1.1198850440218897,1.5027083333333333,4.08,1.3,1.0,1,2129,2015-01-01
2130,2020,304,22000.70666147491,7.79,23.04,1.1384405080641526,1.1102951388888889,4.08,1.3,0.0,1,2130,2015-01-01
2131,2020,305,21737.00787424179,9.5,23.39,1.2159012249537957,1.5102777777777776,4.08,1.3,0.0,1,2131,2015-01-01
2132,2020,306,12710.205220334537,9.25,21.48,1.134792988315332,0.7240277777777778,4.08,1.3,2.0,1,2132,2015-01-01
2133,2020,307,10534.918352388151,8.93,22.62,1.1650074434964035,0.7725,4.08,1.3,3.0,1,2133,2015-01-01
2134,2020,308,21184.585739930244,10.08,22.54,1.2054926148768685,1.7185069444444445,4.08,1.3,1.0,1,2134,2015-01-01
2135,2020,309,19485.066493678572,10.51,21.74,1.1913558019114894,0.845763888888889,4.08,1.3,2.0,1,2135,2015-01-01
2136,2020,310,18908.95013440681,7.8,22.24,1.1099031444893666,1.987326388888889,4.08,1.3,3.0,1,2136,2015-01-01
2137,2020,311,6268.870898781162,9.12,20.91,1.1095459699221286,3.319548611111111,4.08,1.3,7.0,1,2137,2015-01-01
2138,2020,312,4907.157795076148,10.040833333333333,18.98,1.074015310294636,0.9071701388888889,4.827083333333333,1.3,5.0,1,2138,2015-01-01
2139,2020,313,17104.564830153973,3.37,13.25,0.7121595940851759,2.05421875,4.602916666666667,1.3,3.0,1,2139,2015-01-01
2140,2020,314,20738.845834284104,3.44,16.38,0.7933747046338451,1.0380381944444443,4.08,1.3,3.0,1,2140,2015-01-01
2141,2020,315,11956.21613722058,7.6825,13.72,0.8364668439974906,1.25109375,7.820833333333334,1.3,5.0,1,2141,2015-01-01
2142,2020,316,12144.300294170398,5.18,12.72,0.7437224212693883,1.6546527777777778,4.986666666666667,1.3,4.0,1,2142,2015-01-01
2143,2020,317,14152.11565903731,5.288333333333333,11.55,0.7174584619111302,1.4905381944444445,5.1325,1.3,4.0,1,2143,2015-01-01
2144,2020,318,14939.919613418879,1.0958333333333334,11.19,0.6138614124930625,1.7428472222222222,6.952499999999999,1.3,4.0,1,2144,2015-01-01
2145,2020,319,21399.140929790316,0.24,10.87,0.5893475017940256,1.589982638888889,8.399999999999999,1.3,3.0,1,2145,2015-01-01
2146,2020,320,8994.671519092231,3.6,9.9,0.6401131284913333,2.064878472222222,8.399999999999999,1.3,6.0,1,2146,2015-01-01
2147,2020,321,13236.579309280327,4.15,11.41,0.6869202871202302,2.0751215277777777,3.01,1.3,4.0,1,2147,2015-01-01
2148,2020,322,15532.176904562819,4.03,11.19,0.6789932127431377,1.3919270833333333,6.457083333333333,1.3,3.0,1,2148,2015-01-01
2149,2020,323,16648.708453992094,2.9258333333333333,11.48,0.6603374689962586,1.5681770833333333,7.199999999999999,1.3,2.0,1,2149,2015-01-01
2150,2020,324,6582.888089980567,2.39,8.84,0.5918090979214812,1.4742708333333332,7.199999999999999,1.3,6.0,1,2150,2015-01-01
2151,2020,325,4066.7452775663346,4.45,10.13,0.6642899047570692,3.0937847222222223,9.405,1.3,8.0,1,2151,2015-01-01
2152,2020,326,4178.2780146482855,4.420833333333333,5.84,0.5721846874193468,1.916215277777778,21.560833333333335,1.3,8.0,1,2152,2015-01-01
2153,2020,327,14346.107224945943,2.5308333333333337,9.78,0.6143922254813885,1.3585590277777777,3.8400000000000003,1.3,4.0,1,2153,2015-01-01
2154,2020,328,13279.32830337466,1.04,9.4,0.5757687492413793,1.2849131944444445,3.8400000000000003,1.3,3.0,1,2154,2015-01-01
2155,2020,329,21808.437566925295,0.02,9.32,0.5540728401002448,1.423454861111111,3.8400000000000003,1.3,0.0,1,2155,2015-01-01
2156,2020,330,10126.127000520088,0.4,7.94,0.5349783025612164,2.1106944444444444,3.8400000000000003,1.3,5.0,1,2156,2015-01-01
2157,2020,331,5826.910041380006,4.26,7.08,0.5940735177930629,2.398923611111111,7.502083333333333,1.3,7.0,1,2157,2015-01-01
2158,2020,332,9463.903948553654,-0.74,7.71,0.5097619645063193,1.7382291666666667,4.9325,1.3,5.0,1,2158,2015-01-01
2159,2020,333,3672.9609482413566,-0.15,6.18,0.49307271242979406,1.3192881944444443,5.57,1.3,8.0,1,2159,2015-01-01
2160,2020,334,3701.0124629222246,2.99,4.46,0.5184748611202258,1.7814756944444445,15.257083333333334,1.3,8.0,1,2160,2015-01-01
2161,2020,335,17278.123891248244,2.51,8.68,0.5909875608099572,0.6828125,2.88,1.3,2.0,1,2161,2015-01-01
2162,2020,336,17885.098426530283,1.83,9.76,0.5992483502099019,0.74859375,2.88,1.3,1.0,1,2162,2015-01-01
2163,2020,337,16594.5065307346,2.71,9.41,0.6103505727024611,0.44928819444444446,4.1120833333333335,1.3,4.0,1,2163,2015-01-01
2164,2020,338,9063.609523570662,1.5,7.55,0.5484745051757736,1.1836111111111112,3.4925,1.3,5.0,1,2164,2015-01-01
2165,2020,339,12050.957704795894,1.6,7.99,0.5589393757815818,0.5577777777777778,3.4075,1.3,4.0,1,2165,2015-01-01
2166,2020,340,5092.141593794965,2.59,8.1,0.5808028391048602,0.85546875,6.490833333333334,1.3,6.0,1,2166,2015-01-01
2167,2020,341,3667.820827365691,0.3933333333333333,5.83,0.49646530092796975,0.8819444444444444,22.971666666666668,1.3,8.0,1,2167,2015-01-01
2168,2020,342,6744.544928244764,-6.545,1.69,0.3321193493035336,1.2721875,26.160000000000004,1.3,5.0,1,2168,2015-01-01
2169,2020,343,21132.101276689198,-6.62,2.36,0.33953175292782495,0.2750347222222222,26.160000000000004,1.3,0.0,1,2169,2015-01-01
2170,2020,344,10033.844210510486,-6.15,3.42,0.3592689291944601,0.7477777777777779,26.160000000000004,1.3,3.0,1,2170,2015-01-01
2171,2020,345,17464.031268614686,-4.32,4.03,0.3928498702156341,1.5261284722222221,26.160000000000004,1.3,1.0,1,2171,2015-01-01
2172,2020,346,21524.6141035387,-5.22,2.95,0.36539819153697933,1.641579861111111,26.160000000000004,1.3,1.0,1,2172,2015-01-01
2173,2020,347,21783.731977370386,-6.35,5.43,0.3839238329876951,1.105138888888889,26.160000000000004,1.3,0.0,1,2173,2015-01-01
2174,2020,348,21905.70466750441,-5.49,5.62,0.3989020395177027,0.6226041666666666,26.160000000000004,1.3,0.0,1,2174,2015-01-01
2175,2020,349,21991.42100545309,-4.56,6.19,0.42119544299318906,1.24546875,26.160000000000004,1.3,0.0,1,2175,2015-01-01
2176,2020,350,5723.372792641269,-0.2,6.2,0.49254811456354247,1.7911979166666667,26.160000000000004,1.3,6.0,1,2176,2015-01-01
2177,2020,351,6659.499081749868,1.05,4.34,0.48198760879700636,1.986267361111111,12.773333333333333,1.3,7.0,1,2177,2015-01-01
2178,2020,352,16263.41320945562,1.32,6.24,0.5204899759548528,0.5094444444444445,4.155,1.3,2.0,1,2178,2015-01-01
2179,2020,353,16596.844255822096,0.745,6.11,0.5076937874122968,0.5441666666666667,5.376666666666667,1.3,2.0,1,2179,2015-01-01
2180,2020,354,19516.725690399326,-0.16666666666666669,5.28,0.4772641294684563,1.0980555555555556,6.0,1.3,2.0,1,2180,2015-01-01
2181,2020,355,10905.796005323884,-1.92,6.29,0.4647751444252643,0.5026041666666666,6.0,1.3,2.0,1,2181,2015-01-01
2182,2020,356,21253.852140501665,-3.08,5.23,0.4291769030146055,0.37,6.0,1.3,1.0,1,2182,2015-01-01
2183,2020,357,5104.31778998473,-3.01,4.92,0.4254766961121042,0.8483680555555556,6.0,1.3,7.0,1,2183,2015-01-01
2184,2020,358,5134.340113989771,0.27,5.81,0.4939481382783129,2.605173611111111,6.3254166666666665,1.3,7.0,1,2184,2015-01-01
2185,2020,359,11442.604027282616,-4.110833333333333,4.73,0.4060546967569917,1.0925347222222221,6.459583333333333,1.3,4.0,1,2185,2015-01-01
2186,2020,360,15727.762171262011,-9.89,0.79,0.2832635212012773,3.1878645833333334,8.879999999999999,1.3,3.0,1,2186,2015-01-01
2187,2020,361,22000.70666147491,-8.8,2.63,0.31624338240807176,0.8341493055555556,8.879999999999999,1.3,0.0,1,2187,2015-01-01
2188,2020,362,22000.70666147491,-5.13,4.9,0.39370946376079613,0.7681076388888889,8.879999999999999,1.3,0.0,1,2188,2015-01-01
2189,2020,363,21988.3536521505,-4.98,6.44,0.41861472638398234,0.32499999999999996,8.879999999999999,1.3,0.0,1,2189,2015-01-01
2190,2020,364,4302.137119956305,-3.73,6.69,0.44187592195960546,0.3026215277777778,8.879999999999999,1.3,7.0,1,2190,2015-01-01
2191,2020,365,21939.87463519065,-3.75,7.23,0.45020228258499934,0.36807291666666664,8.879999999999999,1.3,0.0,1,2191,2015-01-01
2192,2020,366,22000.70666147491,-3.03,8.58,0.48473805409249116,0.36581597222222223,8.879999999999999,1.3,0.0,1,2192,2015-01-01
2193,2021,1,22000.70666147491,-3.19,7.64,0.4661052450317635,0.37130208333333337,8.879999999999999,1.3,0.0,1,2193,2015-01-01
2194,2021,2,22000.70666147491,-3.3575,8.58,0.4791230075481385,0.4105034722222222,8.879999999999999,1.3,0.0,1,2194,2015-01-01
2195,2021,3,7291.089138122531,-4.09,7.25,0.4450621272911512,1.3213020833333333,8.879999999999999,1.3,5.0,1,2195,2015-01-01
2196,2021,4,17838.775869429042,-5.734166666666667,6.17,0.4033607990408371,1.821840277777778,8.879999999999999,1.3,2.0,1,2196,2015-01-01
2197,2021,5,20917.970285271946,-8.18,4.5,0.34689786568235215,1.371579861111111,8.879999999999999,1.3,1.0,1,2197,2015-01-01
2198,2021,6,21884.043094374716,-8.23,5.78,0.3629888537864895,0.5271006944444445,8.879999999999999,1.3,0.0,1,2198,2015-01-01
2199,2021,7,18357.914196340676,-5.82,6.83,0.4118507528333241,1.3968402777777778,8.879999999999999,1.3,2.0,1,2199,2015-01-01
2200,2021,8,21908.92346321034,-5.14,6.34,0.41469477730723314,1.21453125,8.879999999999999,1.3,0.0,1,2200,2015-01-01
2201,2021,9,22000.70666147491,-4.58,7.36,0.4390255846711764,1.3236458333333332,8.879999999999999,1.3,0.0,1,2201,2015-01-01
2202,2021,10,22000.70666147491,-3.18,8.04,0.4729749110467226,0.9962326388888889,8.879999999999999,1.3,0.0,1,2202,2015-01-01
2203,2021,11,17810.44506506022,-2.37,10.44,0.5299233556703807,0.6469097222222222,8.879999999999999,1.3,1.0,1,2203,2015-01-01
2204,2021,12,21707.8314292815,-1.89,11.92,0.5675960876225054,0.669861111111111,8.879999999999999,1.3,0.0,1,2204,2015-01-01
2205,2021,13,21988.774570736074,-1.03,10.9,0.5644346111822595,1.73875,8.879999999999999,1.3,1.0,1,2205,2015-01-01
2206,2021,14,8999.983702515678,-0.64,11.61,0.5864870503453067,3.4176215277777775,8.879999999999999,1.3,7.0,1,2206,2015-01-01
2207,2021,15,18654.467334405395,0.9608333333333334,10.61,0.5988502116201452,2.43171875,3.6399999999999997,1.3,2.0,1,2207,2015-01-01
2208,2021,16,19670.17286839578,-0.53,11.49,0.5862832014965726,0.916111111111111,3.12,1.3,1.0,1,2208,2015-01-01
2209,2021,17,17290.249735142024,1.42,8.18,0.5591348187699687,1.3064930555555554,3.35,1.3,2.0,1,2209,2015-01-01
2210,2021,18,18252.8793324318,2.3,9.99,0.6139498532506444,1.143923611111111,3.3691666666666666,1.3,1.0,1,2210,2015-01-01
2211,2021,19,21312.758799742584,1.38,9.68,0.588324503423852,1.6244965277777779,3.5999999999999996,1.3,1.0,1,2211,2015-01-01
2212,2021,20,16518.638637849355,0.47,10.83,0.5932492103331002,2.1956597222222225,4.590416666666666,1.3,3.0,1,2212,2015-01-01
2213,2021,21,21056.60129590466,-7.43,1.21,0.3156532316915529,3.264201388888889,12.0,1.3,2.0,1,2213,2015-01-01
2214,2021,22,21811.19093463375,-9.08,0.57,0.2896479516120318,1.4968055555555555,12.0,1.3,0.0,1,2214,2015-01-01
2215,2021,23,18566.105765420787,-7.07,2.18,0.3316878222513268,2.5424131944444444,12.0,1.3,1.0,1,2215,2015-01-01
2216,2021,24,22000.70666147491,-6.97,5.43,0.37531507825575217,0.5334201388888888,12.0,1.3,0.0,1,2216,2015-01-01
2217,2021,25,18301.87356619476,-4.51,8.62,0.4604754375221665,0.6116493055555555,12.0,1.3,1.0,1,2217,2015-01-01
2218,2021,26,10428.678272609242,-3.3958333333333335,7.78,0.46501043854814295,0.5260069444444445,12.0,1.3,3.0,1,2218,2015-01-01
2219,2021,27,20665.98541286298,-3.41,10.25,0.5074245718659565,0.9304861111111111,12.0,1.3,1.0,1,2219,2015-01-01
2220,2021,28,17598.151817920683,1.08,12.27,0.6368173085324711,2.7102951388888887,12.0,1.3,4.0,1,2220,2015-01-01
2221,2021,29,15556.72209090606,4.07,12.59,0.7131277939057851,3.0406423611111113,9.698749999999999,1.3,4.0,1,2221,2015-01-01
2222,2021,30,11405.55114710095,-2.45,7.69,0.4794215893787233,2.2588020833333333,8.53,1.3,3.0,1,2222,2015-01-01
2223,2021,31,11731.629617567143,-3.47,7.46,0.45850283411837095,1.6365625,9.84,1.3,2.0,1,2223,2015-01-01
2224,2021,32,22000.70666147491,-1.93,11.8,0.5644346111822595,1.2838020833333335,9.84,1.3,0.0,1,2224,2015-01-01
2225,2021,33,22000.70666147491,-0.04,12.18,0.6107730500781567,0.6577951388888889,9.84,1.3,0.0,1,2225,2015-01-01
2226,2021,34,18606.74608274258,1.39,13.14,0.6631531078935677,0.989236111111111,9.84,1.3,1.0,1,2226,2015-01-01
2227,2021,35,15132.59087634746,1.82,12.07,0.6487526839490155,1.018923611111111,9.84,1.3,4.0,1,2227,2015-01-01
2228,2021,36,3688.487814765881,6.93,11.04,0.7454834581979132,2.301024305555556,10.650833333333333,1.3,8.0,1,2228,2015-01-01
2229,2021,37,3667.820827365691,5.5,8.29,0.6465276789581051,1.1373958333333334,16.793333333333337,1.3,8.0,1,2229,2015-01-01
2230,2021,38,4190.9588100531155,2.84,7.22,0.5681905995772678,0.7236805555555555,11.985000000000001,1.3,6.0,1,2230,2015-01-01
2231,2021,39,21951.996623507548,2.4,15.14,0.734723349560014,1.0505034722222222,4.5600000000000005,1.3,0.0,1,2231,2015-01-01
2232,2021,40,16374.962173934473,4.79,13.55,0.7548528794124336,0.7280381944444445,4.5600000000000005,1.3,3.0,1,2232,2015-01-01
2233,2021,41,5222.594964987282,3.72,15.66,0.7817456819475348,0.9409375,4.5600000000000005,1.3,8.0,1,2233,2015-01-01
2234,2021,42,20382.349645999187,1.6816666666666666,14.23,0.6952049773826592,0.9526215277777779,4.5600000000000005,1.3,0.0,1,2234,2015-01-01
2235,2021,43,22000.70666147491,1.63,13.18,0.6695413036810541,0.8225694444444445,4.5600000000000005,1.3,0.0,1,2235,2015-01-01
2236,2021,44,17101.21868806509,3.18,15.46,0.7625255967395336,0.6451909722222222,4.5600000000000005,1.3,2.0,1,2236,2015-01-01
2237,2021,45,19703.506139930305,2.408333333333333,15.49,0.743680536467455,0.7194270833333333,4.5600000000000005,1.3,0.0,1,2237,2015-01-01
2238,2021,46,22000.70666147491,2.14,16.64,0.7661296152963848,0.7541666666666667,4.5600000000000005,1.3,0.0,1,2238,2015-01-01
2239,2021,47,15976.904748212914,7.36,17.69,0.9437107784206387,3.2055729166666667,3.607916666666666,1.3,2.0,1,2239,2015-01-01
2240,2021,48,3666.7844435791512,8.57,14.86,0.8946745333332776,3.505451388888889,4.3175,1.3,8.0,1,2240,2015-01-01
2241,2021,49,7918.111723959387,-1.02,9.66,0.5406447565077249,2.426545138888889,18.328333333333333,1.3,5.0,1,2241,2015-01-01
2242,2021,50,16500.922536873935,-1.37,6.73,0.4814734370426583,1.258767361111111,11.040000000000001,1.3,1.0,1,2242,2015-01-01
2243,2021,51,17638.82400921233,-1.83,7.57,0.48802219782696005,0.8485416666666666,8.502500000000001,1.3,1.0,1,2243,2015-01-01
2244,2021,52,12893.681187718255,-0.22,7.92,0.5230646602367977,0.8007638888888889,3.7054166666666664,1.3,3.0,1,2244,2015-01-01
2245,2021,53,18971.85240607936,-1.07,8.68,0.5214082194544272,1.2290798611111111,3.5999999999999996,1.3,1.0,1,2245,2015-01-01
2246,2021,54,22000.70666147491,-2.63,10.48,0.5258357142574231,1.4978298611111112,3.5999999999999996,1.3,0.0,1,2246,2015-01-01
2247,2021,55,21446.323312911445,-4.92,5.8,0.4099147886442798,2.8271875,3.5999999999999996,1.3,1.0,1,2247,2015-01-01
2248,2021,56,4211.204620626386,-4.59,2.94,0.37380568449592905,1.0254513888888888,3.0516666666666667,1.3,8.0,1,2248,2015-01-01
2249,2021,57,10534.372510003815,-2.68,6.6,0.45735559876116605,0.8152777777777778,2.64,1.3,3.0,1,2249,2015-01-01
2250,2021,58,22000.70666147491,-1.97,8.68,0.5050966428207201,1.6769270833333332,2.64,1.3,0.0,1,2250,2015-01-01
2251,2021,59,21976.953430498565,0.09,11.91,0.607821112205927,1.5505034722222222,2.64,1.3,1.0,1,2251,2015-01-01
2252,2021,60,17735.108165558937,2.25,12.3,0.6636076208883127,0.8760416666666667,2.6254166666666667,1.3,2.0,1,2252,2015-01-01
2253,2021,61,19862.380011696772,2.97,13.2,0.701346802096713,1.2546701388888888,2.4000000000000004,1.3,1.0,1,2253,2015-01-01
2254,2021,62,15514.081555675066,3.7,12.3,0.6972997368227322,0.8098090277777777,2.4000000000000004,1.3,1.0,1,2254,2015-01-01
2255,2021,63,19828.80918686444,3.41,14.39,0.7412130036022575,1.029097222222222,3.605416666666667,1.3,2.0,1,2255,2015-01-01
2256,2021,64,10190.488765229908,1.1475000000000002,10.24,0.5950536940003037,2.863263888888889,10.258333333333333,1.3,4.0,1,2256,2015-01-01
2257,2021,65,21999.670277688372,-0.44,12.66,0.6124655377289843,2.4542708333333336,3.12,1.3,0.0,1,2257,2015-01-01
2258,2021,66,13855.17062810789,-0.17,14.44,0.6572693369160678,0.8493576388888889,3.12,1.3,4.0,1,2258,2015-01-01
2259,2021,67,7324.652879196286,1.67,13.83,0.6855154996059858,2.0430729166666666,3.12,1.3,4.0,1,2259,2015-01-01
2260,2021,68,9856.01834085104,4.824166666666667,15.76,0.8139331738318049,2.1404166666666664,3.12,1.3,2.0,1,2260,2015-01-01
2261,2021,69,20977.271266939406,3.23,14.39,0.7367148201366703,1.9208506944444446,3.12,1.3,3.0,1,2261,2015-01-01
2262,2021,70,6357.469225275904,5.44,12.41,0.7424667796526426,3.224392361111111,7.547916666666666,1.3,7.0,1,2262,2015-01-01
2263,2021,71,3666.7844435791512,-3.3674999999999997,10.23,0.5078284424492234,3.287864583333333,31.637916666666666,1.3,8.0,1,2263,2015-01-01
2264,2021,72,21990.384621666548,-4.43,4.11,0.39242069610640384,2.5605555555555553,51.599999999999994,1.3,1.0,1,2264,2015-01-01
2265,2021,73,10443.028909023173,-2.19,8.79,0.5031342240103783,1.887951388888889,51.599999999999994,1.3,5.0,1,2265,2015-01-01
2266,2021,74,9856.543435109352,2.33,10.87,0.6335364468099198,2.8593402777777777,42.93958333333333,1.3,6.0,1,2266,2015-01-01
2267,2021,75,14195.404697424692,5.94,16.04,0.8526971770375315,2.1905034722222223,3.13375,1.3,4.0,1,2267,2015-01-01
2268,2021,76,10528.528237111064,9.64,17.3,1.003889358926859,3.2609375,4.591666666666667,1.3,5.0,1,2268,2015-01-01
2269,2021,77,9550.789694749552,9.38,21.71,1.1479722033937834,2.175329861111111,21.119583333333335,1.3,5.0,1,2269,2015-01-01
2270,2021,78,10064.02055398705,4.7225,15.61,0.807111429308479,2.5036805555555555,34.56,1.3,2.0,1,2270,2015-01-01
2271,2021,79,20575.154744029533,2.28,16.34,0.7620119562944516,2.0272916666666667,34.56,1.3,2.0,1,2271,2015-01-01
2272,2021,80,15672.639881426287,6.01,15.98,0.8529806423224193,1.0999652777777778,34.56,1.3,5.0,1,2272,2015-01-01
2273,2021,81,13993.019238740802,6.61,18.51,0.9458817966765819,1.2834375,34.56,1.3,4.0,1,2273,2015-01-01
2274,2021,82,3682.330200377247,8.56,18.56,1.009792527851706,1.4790798611111111,24.680416666666666,1.3,7.0,1,2274,2015-01-01
2275,2021,83,8307.709075384248,10.77,22.81,1.2428595547525536,3.5866493055555555,7.992083333333334,1.3,6.0,1,2275,2015-01-01
2276,2021,84,16226.766592058768,8.3425,16.43,0.9351472350203447,1.3138541666666665,6.9825,1.3,3.0,1,2276,2015-01-01
2277,2021,85,18642.708917498963,5.66,17.38,0.8832093430213936,1.6207465277777777,2.88,1.3,1.0,1,2277,2015-01-01
2278,2021,86,15922.020091333983,3.9800000000000004,19.47,0.8952659999122278,3.0605729166666666,2.88,1.3,1.0,1,2278,2015-01-01
2279,2021,87,21478.887172495997,-0.3491666666666667,11.36,0.5873200817364808,2.8041145833333334,2.88,1.3,0.0,1,2279,2015-01-01
2280,2021,88,21907.68939235963,-1.41,13.91,0.6184218367556458,1.477795138888889,2.88,1.3,0.0,1,2280,2015-01-01
2281,2021,89,22000.70666147491,1.2,16.01,0.7265585134791882,2.9525868055555557,2.88,1.3,0.0,1,2281,2015-01-01
2282,2021,90,3970.368196501666,6.71,17.19,0.908665125181656,2.825034722222222,3.18,1.3,6.0,1,2282,2015-01-01
2283,2021,91,8654.18515706917,9.94,19.74,1.0971081866838663,3.6127951388888886,2.88,1.3,5.0,1,2283,2015-01-01
2284,2021,92,11049.065254462494,10.65,23.1,1.2495813055879421,2.4959895833333334,2.88,1.3,4.0,1,2284,2015-01-01
2285,2021,93,10134.269773911903,2.2441666666666666,16.37,0.7618622018392847,4.170902777777778,2.88,1.3,2.0,1,2285,2015-01-01
2286,2021,94,20908.458785418676,1.91,16.43,0.7548528794124336,2.0337847222222223,3.8220833333333335,1.3,0.0,1,2286,2015-01-01
2287,2021,95,20777.87526227565,4.57,19.37,0.909864638973364,0.9987847222222221,4.5600000000000005,1.3,0.0,1,2287,2015-01-01
2288,2021,96,20454.88868290951,7.16,21.53,1.062586610623053,2.0967534722222223,4.5600000000000005,1.3,2.0,1,2288,2015-01-01
2289,2021,97,13125.620897072662,9.9,23.69,1.2432540732428754,0.9970659722222222,4.5600000000000005,1.3,3.0,1,2289,2015-01-01
2290,2021,98,19102.745210664016,9.74,24.57,1.271949305005321,0.9088541666666666,4.5600000000000005,1.3,4.0,1,2290,2015-01-01
2291,2021,99,14116.09796212431,11.71,22.75,1.27799995596426,1.11296875,4.5600000000000005,1.3,4.0,1,2291,2015-01-01
2292,2021,100,10146.912892167953,11.44,23.45,1.2954850857078437,1.6335937500000002,4.5600000000000005,1.3,6.0,1,2292,2015-01-01
2293,2021,101,4510.809217604486,11.965833333333332,22.97,1.2973611071722275,1.925451388888889,7.320833333333334,1.3,6.0,1,2293,2015-01-01
2294,2021,102,18516.58839554783,9.89,22.76,1.2066452583612612,1.1585590277777778,9.84,1.3,1.0,1,2294,2015-01-01
2295,2021,103,12118.103137123775,10.51,23.91,1.2763839894196047,1.3614583333333334,9.84,1.3,2.0,1,2295,2015-01-01
2296,2021,104,10136.206529247447,8.9475,22.37,1.1563697498139354,1.4003819444444445,6.317083333333333,1.3,3.0,1,2296,2015-01-01
2297,2021,105,21971.8133096229,7.97,22.84,1.1377101829744112,1.6905034722222223,2.88,1.3,1.0,1,2297,2015-01-01
2298,2021,106,20825.772384591986,7.39,22.46,1.1031340397279954,2.04125,2.88,1.3,0.0,1,2298,2015-01-01
2299,2021,107,14938.56972160328,7.13,23.06,1.1152728744775033,1.2150520833333334,2.88,1.3,2.0,1,2299,2015-01-01
2300,2021,108,12918.982696189996,9.64,24.61,1.269536078712695,1.4869791666666667,2.88,1.3,3.0,1,2300,2015-01-01
2301,2021,109,8362.253712846796,11.13,25.66,1.3752775365473129,2.182829861111111,2.88,1.3,5.0,1,2301,2015-01-01
2302,2021,110,11038.222364917217,11.99,28.49,1.542610448997805,1.1182291666666666,2.88,1.3,4.0,1,2302,2015-01-01
2303,2021,111,17028.68005875831,13.59,28.69,1.6305072834702,1.4625694444444446,2.88,1.3,1.0,1,2303,2015-01-01
2304,2021,112,9888.828617779505,14.78,28.4,1.6760741659648655,1.492326388888889,3.6875,1.3,5.0,1,2304,2015-01-01
2305,2021,113,8411.199975183174,11.379999999999999,26.43,1.4198623684459832,1.4099131944444445,4.32,1.3,7.0,1,2305,2015-01-01
2306,2021,114,4545.911996694883,10.49,25.54,1.3428588245211808,1.4646527777777778,5.84,1.3,6.0,1,2306,2015-01-01
2307,2021,115,12979.467671251257,13.82,27.54,1.58505041485626,1.5094618055555555,4.32,1.3,3.0,1,2307,2015-01-01
2308,2021,116,11922.29643785235,15.32,28.26,1.6966806318352514,1.3034375,4.32,1.3,4.0,1,2308,2015-01-01
2309,2021,117,6085.420769337883,15.02,27.47,1.6410415769485003,1.7538715277777779,4.32,1.3,6.0,1,2309,2015-01-01
2310,2021,118,11006.763127909384,11.49,24.73,1.3509001362769018,1.5168923611111111,4.32,1.3,3.0,1,2310,2015-01-01
2311,2021,119,19993.906199301284,10.94,24.16,1.304100210138189,3.1080208333333332,4.32,1.3,1.0,1,2311,2015-01-01
2312,2021,120,16067.97039515578,11.04,25.94,1.3834884498824567,1.4006944444444445,4.32,1.3,2.0,1,2312,2015-01-01
2313,2021,121,9193.811704075899,11.469166666666666,24.66,1.3470505816009704,2.1400520833333334,9.632916666666667,1.3,3.0,1,2313,2015-01-01
2314,2021,122,8829.882513864479,9.12,22.27,1.159057180869788,1.9147048611111113,7.285,1.3,4.0,1,2314,2015-01-01
2315,2021,123,9149.424698192748,9.66,22.35,1.1822638503439136,1.7923611111111108,15.778749999999999,1.3,6.0,1,2315,2015-01-01
2316,2021,124,19952.488912581848,9.71,24.86,1.2824531063458366,2.0124305555555555,15.728333333333333,1.3,2.0,1,2316,2015-01-01
2317,2021,125,9996.832317198649,11.57,24.76,1.3555748718908098,1.30984375,6.750416666666666,1.3,3.0,1,2317,2015-01-01
2318,2021,126,10524.65450614981,14.12,23.86,1.427414829167162,2.185017361111111,5.2725,1.3,5.0,1,2318,2015-01-01
2319,2021,127,7132.470159828697,12.940833333333334,22.91,1.335314426969603,2.710798611111111,7.2875000000000005,1.3,5.0,1,2319,2015-01-01
2320,2021,128,10539.109129766912,10.13,23.39,1.240494746014485,1.6842708333333334,6.791250000000001,1.3,3.0,1,2320,2015-01-01
2321,2021,129,21172.28381952029,10.3,25.62,1.338222506377086,1.1003819444444445,6.24,1.3,1.0,1,2321,2015-01-01
2322,2021,130,13011.70115119923,13.866666666666667,25.76,1.502408759363593,1.4351041666666666,6.24,1.3,2.0,1,2322,2015-01-01
2323,2021,131,7192.06990517246,13.75,25.26,1.4739299659761345,2.3036111111111115,5.67125,1.3,4.0,1,2323,2015-01-01
2324,2021,132,5831.093160130207,13.22,24.72,1.425634624689384,1.3443402777777778,3.3691666666666666,1.3,5.0,1,2324,2015-01-01
2325,2021,133,11988.157219827028,12.656666666666666,26.07,1.4610042083736205,1.6166145833333332,3.12,1.3,3.0,1,2325,2015-01-01
2326,2021,134,6391.362337658321,12.0,25.24,1.3947939462145549,1.4431770833333333,8.542083333333334,1.3,5.0,1,2326,2015-01-01
2327,2021,135,10227.528649032116,12.27,24.21,1.361972328349232,1.3307638888888889,3.297916666666667,1.3,4.0,1,2327,2015-01-01
2328,2021,136,16880.362559221434,13.13,26.77,1.5151849348491695,1.4230555555555555,3.12,1.3,1.0,1,2328,2015-01-01
2329,2021,137,16237.23259400158,15.31,28.13,1.6894433353819605,1.6010416666666667,3.12,1.3,1.0,1,2329,2015-01-01
2330,2021,138,18320.784712272834,17.12333333333333,32.13,2.013708353060247,1.7753819444444445,3.12,1.3,1.0,1,2330,2015-01-01
2331,2021,139,19809.329205547365,16.41,32.38,1.9860089225867912,1.9503125000000001,3.12,1.3,0.0,1,2331,2015-01-01
2332,2021,140,16230.636737221126,16.65,31.99,1.9771129859777574,1.4594791666666667,3.12,1.3,1.0,1,2332,2015-01-01
2333,2021,141,17364.6645011228,16.83,32.36,2.0099023307419395,2.4150520833333333,3.12,1.3,3.0,1,2333,2015-01-01
2334,2021,142,15543.39404843876,21.55,32.15,2.2971551570706565,3.342083333333333,3.12,1.3,4.0,1,2334,2015-01-01
2335,2021,143,7354.8409881612815,16.969166666666666,29.98,1.8792146552625737,1.5405381944444445,3.992916666666667,1.3,6.0,1,2335,2015-01-01
2336,2021,144,12801.119242262743,16.33,30.82,1.890616858426873,1.8908506944444443,4.509166666666667,1.3,3.0,1,2336,2015-01-01
2337,2021,145,5814.585417544554,13.55,26.51,1.5227076703567766,2.643125,9.466666666666667,1.3,4.0,1,2337,2015-01-01
2338,2021,146,11634.607980750543,11.94,23.38,1.3131793445885251,2.5937847222222223,7.844583333333333,1.3,4.0,1,2338,2015-01-01
2339,2021,147,21115.662145838305,12.0,27.68,1.50489424732326,2.358350694444445,6.959999999999999,1.3,0.0,1,2339,2015-01-01
2340,2021,148,19515.000240524532,16.35,30.91,1.8968876021113608,1.4129340277777778,6.959999999999999,1.3,0.0,1,2340,2015-01-01
2341,2021,149,17905.15504573404,18.82,33.21,2.1868740329578813,1.7221180555555557,6.959999999999999,1.3,1.0,1,2341,2015-01-01
2342,2021,150,22000.70666147491,19.182499999999997,33.45,2.2261169197057686,0.9809895833333333,6.959999999999999,1.3,0.0,1,2342,2015-01-01
2343,2021,151,22000.70666147491,18.38,32.78,2.1312721463706774,2.149079861111111,6.959999999999999,1.3,0.0,1,2343,2015-01-01
2344,2021,152,22000.70666147491,19.08,33.23,2.2050357542170023,2.1486458333333336,6.959999999999999,1.3,0.0,1,2344,2015-01-01
2345,2021,153,22000.70666147491,20.21,34.34,2.3551237631265924,1.5739236111111112,6.959999999999999,1.3,0.0,1,2345,2015-01-01
2346,2021,154,22000.70666147491,20.71,35.93,2.5031063113371728,1.3006944444444444,6.959999999999999,1.3,0.0,1,2346,2015-01-01
2347,2021,155,22000.70666147491,21.389166666666668,35.23,2.501592184560632,2.1243055555555554,6.959999999999999,1.3,0.0,1,2347,2015-01-01
2348,2021,156,21906.876240094487,20.62,34.27,2.378665460156627,1.8540104166666669,6.959999999999999,1.3,0.0,1,2348,2015-01-01
2349,2021,157,22000.70666147491,17.944166666666668,33.62,2.1569473309204548,2.1883854166666667,6.959999999999999,1.3,0.0,1,2349,2015-01-01
2350,2021,158,22000.70666147491,15.28,31.48,1.8685297540461707,3.052065972222222,6.959999999999999,1.3,0.0,1,2350,2015-01-01
2351,2021,159,22000.70666147491,14.86,31.43,1.842211468635346,1.8923090277777779,6.959999999999999,1.3,0.0,1,2351,2015-01-01
2352,2021,160,21769.91772284507,16.76,33.08,2.0492640135168685,1.7816840277777777,6.959999999999999,1.3,0.0,1,2352,2015-01-01
2353,2021,161,22000.70666147491,17.072499999999998,33.29,2.0813904376908767,2.122986111111111,6.959999999999999,1.3,0.0,1,2353,2015-01-01
2354,2021,162,22000.70666147491,16.72,33.33,2.062123715485192,1.810486111111111,6.959999999999999,1.3,0.0,1,2354,2015-01-01
2355,2021,163,22000.70666147491,18.28,34.76,2.253005353433889,1.6389756944444445,6.959999999999999,1.3,0.0,1,2355,2015-01-01
2356,2021,164,22000.70666147491,18.07333333333333,34.34,2.2117714206859227,1.4746527777777778,6.959999999999999,1.3,0.0,1,2356,2015-01-01
2357,2021,165,21992.457389239626,16.46,33.96,2.084952559008011,3.0507118055555558,6.959999999999999,1.3,0.0,1,2357,2015-01-01
2358,2021,166,22000.70666147491,16.27,35.28,2.156042837587182,1.3316319444444444,6.959999999999999,1.3,0.0,1,2358,2015-01-01
2359,2021,167,21958.31296601062,19.31,36.62,2.4519521390463166,2.414878472222222,6.959999999999999,1.3,0.0,1,2359,2015-01-01
2360,2021,168,22000.70666147491,23.47,35.85,2.704660804336007,3.2323263888888887,6.959999999999999,1.3,0.0,1,2360,2015-01-01
2361,2021,169,21796.63574605527,18.821666666666665,36.93,2.4392474766605634,1.9397048611111112,6.959999999999999,1.3,0.0,1,2361,2015-01-01
2362,2021,170,21950.484612360906,18.35,36.21,2.355813258827849,2.966267361111111,6.959999999999999,1.3,0.0,1,2362,2015-01-01
2363,2021,171,21833.027287044155,21.99,35.76,2.5849412454374923,3.442135416666667,6.959999999999999,1.3,0.0,1,2363,2015-01-01
2364,2021,172,21876.704737073775,22.16,36.43,2.6484083317576546,2.1839756944444444,6.959999999999999,1.3,0.0,1,2364,2015-01-01
2365,2021,173,22000.70666147491,22.56,36.75,2.7038832581409107,2.3214236111111113,6.959999999999999,1.3,0.0,1,2365,2015-01-01
2366,2021,174,22000.70666147491,21.4775,36.76,2.6216116549108217,1.5716666666666665,6.959999999999999,1.3,0.0,1,2366,2015-01-01
2367,2021,175,21977.655632262373,20.490833333333335,35.91,2.485772026797141,1.1723263888888888,6.959999999999999,1.3,0.0,1,2367,2015-01-01
2368,2021,176,20477.88792421629,20.43,35.27,2.4355774105140586,2.0101388888888887,6.959999999999999,1.3,0.0,1,2368,2015-01-01
2369,2021,177,21369.673880384446,22.27,34.92,2.5433688126996383,2.554704861111111,6.959999999999999,1.3,0.0,1,2369,2015-01-01
2370,2021,178,15714.565932393692,22.38,34.45,2.516951998088653,2.6292534722222225,6.959999999999999,1.3,2.0,1,2370,2015-01-01
2371,2021,179,17966.305171293792,23.37,35.82,2.694567856702125,3.3387152777777778,6.959999999999999,1.3,2.0,1,2371,2015-01-01
2372,2021,180,11201.372027742555,23.73,35.05,2.662950511655121,2.7449479166666664,6.959999999999999,1.3,3.0,1,2372,2015-01-01
2373,2021,181,12402.61312908907,22.32,35.15,2.5640817149621458,1.5537847222222223,6.959999999999999,1.3,2.0,1,2373,2015-01-01
2374,2021,182,14011.35795110745,21.05,35.0,2.460533458202416,2.4815104166666666,6.959999999999999,1.3,2.0,1,2374,2015-01-01
2375,2021,183,19205.58521977652,20.7,34.43,2.395406257729407,1.7264930555555555,6.959999999999999,1.3,1.0,1,2375,2015-01-01
2376,2021,184,19211.412175831025,21.41,34.5,2.450524455132137,1.5650173611111111,6.959999999999999,1.3,1.0,1,2376,2015-01-01
2377,2021,185,21525.284615927074,21.58,36.48,2.6082078125101793,2.5145659722222224,6.959999999999999,1.3,0.0,1,2377,2015-01-01
2378,2021,186,21525.500335076988,25.02,38.35,3.0360137043548843,1.8154166666666667,6.959999999999999,1.3,0.0,1,2378,2015-01-01
2379,2021,187,22000.70666147491,22.753333333333334,38.24,2.837541007430361,1.855642361111111,6.959999999999999,1.3,0.0,1,2379,2015-01-01
2380,2021,188,22000.70666147491,21.730833333333333,37.71,2.7140715370934125,2.5265104166666665,6.959999999999999,1.3,0.0,1,2380,2015-01-01
2381,2021,189,21656.233466329595,18.741666666666667,36.17,2.380172586956661,3.3044444444444445,6.959999999999999,1.3,0.0,1,2381,2015-01-01
2382,2021,190,20669.128651125862,18.07,34.03,2.191402197559492,2.8070312499999996,6.959999999999999,1.3,1.0,1,2382,2015-01-01
2383,2021,191,20988.591636660654,17.071666666666665,33.37,2.0862961857351836,2.329878472222222,6.959999999999999,1.3,0.0,1,2383,2015-01-01
2384,2021,192,20991.908192418705,16.69,34.01,2.102374608674868,2.051076388888889,6.959999999999999,1.3,0.0,1,2384,2015-01-01
2385,2021,193,21509.366318102995,18.97,36.44,2.4150667704879236,2.3046527777777777,6.959999999999999,1.3,0.0,1,2385,2015-01-01
2386,2021,194,21383.543969033013,19.25,35.02,2.3358891009012486,2.2453993055555554,6.959999999999999,1.3,0.0,1,2386,2015-01-01
2387,2021,195,20790.018283718604,18.56,33.89,2.2141658018803536,2.1849826388888887,6.1525,1.3,0.0,1,2387,2015-01-01
2388,2021,196,16983.426236432417,17.8625,31.52,2.0214901231593823,2.6162673611111114,5.5200000000000005,1.3,2.0,1,2388,2015-01-01
2389,2021,197,15841.85535709022,17.34,31.1,1.9653058193970907,2.157795138888889,5.157916666666667,1.3,2.0,1,2389,2015-01-01
2390,2021,198,17229.63061864216,17.58,32.88,2.087433690262403,1.3351041666666665,4.87125,1.3,2.0,1,2390,2015-01-01
2391,2021,199,19503.54748336048,21.41,34.61,2.4583856811276243,1.5443229166666665,6.0,1.3,1.0,1,2391,2015-01-01
2392,2021,200,18225.331290583097,21.212500000000002,34.52,2.437885439158583,2.1878819444444444,6.0,1.3,1.0,1,2392,2015-01-01
2393,2021,201,21604.581021263548,20.75,34.97,2.4369975105931503,1.632326388888889,6.0,1.3,0.0,1,2393,2015-01-01
2394,2021,202,18999.56402634233,22.38,36.63,2.6806470932868587,1.8108333333333333,6.0,1.3,1.0,1,2394,2015-01-01
2395,2021,203,20537.554615571036,24.0825,37.94,2.9220557852858957,2.1265798611111113,6.0,1.3,0.0,1,2395,2015-01-01
2396,2021,204,22000.70666147491,22.661666666666665,37.94,2.8059403134140317,1.6686284722222222,6.0,1.3,0.0,1,2396,2015-01-01
2397,2021,205,21767.670605085194,21.99,38.47,2.7945858649029476,1.9058159722222223,6.0,1.3,0.0,1,2397,2015-01-01
2398,2021,206,21708.40238507057,21.63,39.45,2.844575154763773,2.227517361111111,6.0,1.3,0.0,1,2398,2015-01-01
2399,2021,207,19259.801349062534,22.24,37.82,2.762741607672236,1.4266493055555556,6.0,1.3,1.0,1,2399,2015-01-01
2400,2021,208,21711.558210184936,22.27,36.69,2.6767913334977886,1.805642361111111,6.0,1.3,0.0,1,2400,2015-01-01
2401,2021,209,20982.295338606895,19.87,35.13,2.3863256360396066,2.2318055555555554,6.0,1.3,1.0,1,2401,2015-01-01
2402,2021,210,17878.109537665503,18.36,31.96,2.0787609769905875,2.1247743055555555,6.0,1.3,2.0,1,2402,2015-01-01
2403,2021,211,14435.590057683768,17.61,32.39,2.059055516379451,2.208003472222222,3.8812499999999996,1.3,2.0,1,2403,2015-01-01
2404,2021,212,14755.390615711533,18.2,32.68,2.113641398843436,2.130989583333333,3.122916666666667,1.3,2.0,1,2404,2015-01-01
2405,2021,213,13749.781758914389,19.27,32.42,2.164995886466038,1.7269270833333334,5.08125,1.3,3.0,1,2405,2015-01-01
2406,2021,214,11045.100841116855,19.05,31.32,2.081854761079369,1.9852430555555556,6.22375,1.3,3.0,1,2406,2015-01-01
2407,2021,215,16607.76429897488,19.41,30.44,2.049874790691507,1.7967534722222223,4.674166666666667,1.3,2.0,1,2407,2015-01-01
2408,2021,216,17439.701945951627,19.69,32.32,2.1855817703149425,1.5063888888888888,4.08,1.3,1.0,1,2408,2015-01-01
2409,2021,217,19409.009083093697,19.93,33.14,2.254996004886851,1.5594097222222223,4.08,1.3,2.0,1,2409,2015-01-01
2410,2021,218,18167.862925522622,21.01,32.51,2.2850401981910693,1.5065451388888889,4.08,1.3,1.0,1,2410,2015-01-01
2411,2021,219,19469.63536293029,21.43,34.11,2.4242425221277215,2.5385243055555557,4.08,1.3,1.0,1,2411,2015-01-01
2412,2021,220,17656.99789701749,23.0,35.82,2.6660208581123106,2.6854513888888887,4.08,1.3,1.0,1,2412,2015-01-01
2413,2021,221,19524.05878430646,24.12,37.14,2.8592329875132774,2.7065972222222223,4.08,1.3,1.0,1,2413,2015-01-01
2414,2021,222,20079.142699900163,24.62,37.06,2.8936901733937597,2.1760069444444445,4.08,1.3,1.0,1,2414,2015-01-01
2415,2021,223,17233.33551372215,22.810833333333335,36.59,2.7109531118643813,1.7616840277777779,4.08,1.3,1.0,1,2415,2015-01-01
2416,2021,224,16573.47501215244,22.69,35.98,2.654522912984544,1.4895486111111111,4.08,1.3,1.0,1,2416,2015-01-01
2417,2021,225,19081.32127575681,20.4075,37.72,2.613298005827212,2.1615104166666668,4.08,1.3,1.0,1,2417,2015-01-01
2418,2021,226,21093.747251081357,19.64,35.72,2.4115456954688246,2.005572916666667,4.08,1.3,0.0,1,2418,2015-01-01
2419,2021,227,18118.199593490688,19.745833333333334,33.26,2.2507400875459314,1.9510763888888887,4.08,1.3,1.0,1,2419,2015-01-01
2420,2021,228,21507.31115352175,19.02,34.11,2.258981905410772,2.447673611111111,4.08,1.3,0.0,1,2420,2015-01-01
2421,2021,229,21720.710884983084,19.43,34.18,2.291090701984164,2.105329861111111,4.08,1.3,0.0,1,2421,2015-01-01
2422,2021,230,18122.673866459478,18.8,32.18,2.119923442512639,1.5008680555555556,4.08,1.3,1.0,1,2422,2015-01-01
2423,2021,231,21850.889314046424,20.34,33.39,2.299179747060456,2.679409722222222,4.08,1.3,0.0,1,2423,2015-01-01
2424,2021,232,20962.072606669655,22.67,35.11,2.587184928057682,2.786597222222222,4.08,1.3,1.0,1,2424,2015-01-01
2425,2021,233,16348.471501298065,19.11,34.08,2.262973942708213,1.7210590277777778,4.08,1.3,1.0,1,2425,2015-01-01
2426,2021,234,16280.255747496058,18.54,33.63,2.1959385310344093,1.584826388888889,4.08,1.3,1.0,1,2426,2015-01-01
2427,2021,235,17490.089199293914,19.84,33.14,2.249028643188267,1.419375,4.08,1.3,1.0,1,2427,2015-01-01
2428,2021,236,19997.204448732307,19.85,33.58,2.2790036186860547,2.1021180555555556,4.08,1.3,0.0,1,2428,2015-01-01
2429,2021,237,21640.706599805075,22.02,34.49,2.49367118594303,2.852309027777778,4.08,1.3,0.0,1,2429,2015-01-01
2430,2021,238,21171.17927196619,20.19,35.79,2.4555245171878504,1.6366493055555555,4.08,1.3,0.0,1,2430,2015-01-01
2431,2021,239,20889.74613416285,18.805833333333332,34.27,2.2553832539018717,1.7342708333333332,4.08,1.3,0.0,1,2431,2015-01-01
2432,2021,240,21827.361951265248,18.3,33.62,2.1797748204021596,1.3009375,4.08,1.3,0.0,1,2432,2015-01-01
2433,2021,241,21924.63570602802,19.47,32.61,2.1901076032281237,1.430625,4.08,1.3,0.0,1,2433,2015-01-01
2434,2021,242,21031.91767234473,19.71,34.01,2.2985047110965726,1.1121180555555557,4.08,1.3,0.0,1,2434,2015-01-01
2435,2021,243,21826.429863796377,19.5,33.94,2.2796736629617453,1.718888888888889,4.08,1.3,0.0,1,2435,2015-01-01
2436,2021,244,21939.36567388721,20.86,35.13,2.4562395362714815,2.7688888888888887,4.08,1.3,0.0,1,2436,2015-01-01
2437,2021,245,21545.492872750452,21.37,34.46,2.444820953723164,1.3503645833333333,4.08,1.3,0.0,1,2437,2015-01-01
2438,2021,246,13994.651541700448,19.754166666666666,36.77,2.4946978675460003,2.125190972222222,4.08,1.3,1.0,1,2438,2015-01-01
2439,2021,247,20697.70372014214,15.6,32.44,1.94187589309776,2.5978125,4.08,1.3,0.0,1,2439,2015-01-01
2440,2021,248,21563.892975056082,15.33,32.83,1.9488791449824678,1.4332986111111112,4.08,1.3,0.0,1,2440,2015-01-01
2441,2021,249,21952.97829851956,17.5,34.78,2.2030835893536893,2.8002604166666667,4.08,1.3,0.0,1,2441,2015-01-01
2442,2021,250,21335.50606708733,17.2425,33.3,2.0925591549235727,2.0967361111111114,4.08,1.3,0.0,1,2442,2015-01-01
2443,2021,251,22000.70666147491,16.42,30.95,1.90317648826716,1.917309027777778,4.08,1.3,0.0,1,2443,2015-01-01
2444,2021,252,21999.670277688372,14.65,30.47,1.7780963317604985,2.0926041666666664,4.08,1.3,0.0,1,2444,2015-01-01
2445,2021,253,21999.670277688372,14.01,30.65,1.7534274941911792,2.1514756944444446,4.08,1.3,0.0,1,2445,2015-01-01
2446,2021,254,22000.70666147491,19.11,31.77,2.113641398843436,2.678958333333333,4.08,1.3,0.0,1,2446,2015-01-01
2447,2021,255,22000.70666147491,19.62,32.63,2.2011329307573364,3.631423611111111,4.08,1.3,0.0,1,2447,2015-01-01
2448,2021,256,22000.70666147491,20.01,33.16,2.261642581254982,3.5953819444444446,4.08,1.3,0.0,1,2448,2015-01-01
2449,2021,257,22000.70666147491,20.93,33.52,2.348238466204023,2.877239583333333,4.08,1.3,0.0,1,2449,2015-01-01
2450,2021,258,22000.70666147491,20.23,33.87,2.3242777880850247,2.886736111111111,4.08,1.3,0.0,1,2450,2015-01-01
2451,2021,259,22000.70666147491,19.26,33.23,2.2167804298473834,3.3403819444444443,4.08,1.3,0.0,1,2451,2015-01-01
2452,2021,260,22000.70666147491,16.09166666666667,32.74,1.9884862039352071,1.4096354166666665,4.08,1.3,0.0,1,2452,2015-01-01
2453,2021,261,21975.582864689295,14.69,30.48,1.7807958992836437,1.6961805555555556,4.08,1.3,0.0,1,2453,2015-01-01
2454,2021,262,21971.479127600167,13.8,30.67,1.7433257432692888,1.6024305555555556,4.08,1.3,0.0,1,2454,2015-01-01
2455,2021,263,22000.70666147491,18.23166666666667,31.32,2.031721391122348,1.8318923611111113,4.08,1.3,0.0,1,2455,2015-01-01
2456,2021,264,21880.03274803209,16.24,31.29,1.9123564365805608,1.5044965277777778,4.08,1.3,0.0,1,2456,2015-01-01
2457,2021,265,21164.718013627877,15.21,31.23,1.85057554070722,2.3800520833333336,4.08,1.3,0.0,1,2457,2015-01-01
2458,2021,266,22000.70666147491,18.57,30.79,2.0201327056607608,2.2699479166666667,4.08,1.3,0.0,1,2458,2015-01-01
2459,2021,267,22000.70666147491,18.15,32.05,2.071352245433265,1.5373958333333333,4.08,1.3,0.0,1,2459,2015-01-01
2460,2021,268,22000.70666147491,15.315,29.58,1.765992449337881,1.245607638888889,4.08,1.3,0.0,1,2460,2015-01-01
2461,2021,269,21921.65245261451,9.69,25.62,1.312765459204378,3.25984375,4.08,1.3,0.0,1,2461,2015-01-01
2462,2021,270,22000.70666147491,8.9,27.1,1.3415929817293153,2.0108159722222223,4.08,1.3,0.0,1,2462,2015-01-01
2463,2021,271,21496.37905234886,13.73,29.53,1.680177877032828,2.4254166666666666,4.08,1.3,0.0,1,2463,2015-01-01
2464,2021,272,21970.20325869242,12.21,28.46,1.5516885531951232,1.8614062500000002,4.08,1.3,0.0,1,2464,2015-01-01
2465,2021,273,20888.010231140353,11.9,27.86,1.508629221431632,1.8618750000000002,4.08,1.3,0.0,1,2465,2015-01-01
2466,2021,274,21814.12530671266,10.784166666666668,26.1,1.379341633856288,2.0258680555555557,4.08,1.3,0.0,1,2466,2015-01-01
2467,2021,275,21991.42100545309,10.43,24.67,1.304100210138189,1.522951388888889,4.08,1.3,0.0,1,2467,2015-01-01
2468,2021,276,21999.670277688372,11.55,25.65,1.3930493944050373,2.255659722222222,4.08,1.3,0.0,1,2468,2015-01-01
2469,2021,277,21067.702062884142,14.2675,26.07,1.5358323778479144,3.5714756944444446,4.08,1.3,0.0,1,2469,2015-01-01
2470,2021,278,21279.94128848169,9.796666666666667,24.52,1.2722176890975248,1.8246354166666667,4.08,1.3,0.0,1,2470,2015-01-01
2471,2021,279,20076.57248833421,8.78,24.69,1.2385270840133131,1.5867361111111111,4.08,1.3,1.0,1,2471,2015-01-01
2472,2021,280,21320.049155387114,6.9275,20.82,1.0306105296717925,2.9033333333333333,4.08,1.3,1.0,1,2472,2015-01-01
2473,2021,281,21805.17031897868,5.700833333333334,20.01,0.9643816426562967,2.4654166666666666,4.08,1.3,0.0,1,2473,2015-01-01
2474,2021,282,21487.683690356876,5.03,19.68,0.9332279514538946,1.8557812500000002,4.08,1.3,0.0,1,2474,2015-01-01
2475,2021,283,21999.670277688372,7.33,20.61,1.0370719555127914,1.6965972222222223,4.08,1.3,0.0,1,2475,2015-01-01
2476,2021,284,16898.611296678177,8.3,21.72,1.1091888961468086,1.6803645833333334,4.08,1.3,1.0,1,2476,2015-01-01
2477,2021,285,13750.3324382157,8.4,22.7,1.1483401999245917,2.14984375,4.08,1.3,2.0,1,2477,2015-01-01
2478,2021,286,21344.865729760797,9.15,24.24,1.2353845116244568,1.0544444444444445,4.08,1.3,1.0,1,2478,2015-01-01
2479,2021,287,21295.114326183986,11.576666666666666,26.26,1.421044751029498,2.138263888888889,4.08,1.3,0.0,1,2479,2015-01-01
2480,2021,288,21994.530156812707,10.94,25.98,1.380890907376189,1.2795833333333333,4.08,1.3,0.0,1,2480,2015-01-01
2481,2021,289,20840.21001776869,11.85,25.88,1.4163203838774054,1.6117881944444443,4.08,1.3,1.0,1,2481,2015-01-01
2482,2021,290,21553.022756753195,13.329166666666667,24.59,1.4247082044258716,2.459027777777778,4.08,1.3,0.0,1,2482,2015-01-01
2483,2021,291,22000.70666147491,12.26,22.89,1.3061588089941187,1.9799305555555557,4.08,1.3,0.0,1,2483,2015-01-01
2484,2021,292,21629.19759199466,11.319166666666666,22.44,1.2499446560165288,1.4971006944444445,4.08,1.3,0.0,1,2484,2015-01-01
2485,2021,293,19136.64063056137,9.373333333333333,19.42,1.066144768478771,2.8055381944444444,4.08,1.3,1.0,1,2485,2015-01-01
2486,2021,294,19724.278223523474,6.3566666666666665,17.99,0.922138870746166,2.372638888888889,4.08,1.3,1.0,1,2486,2015-01-01
2487,2021,295,21917.02480677716,5.37,18.2,0.8988220181839927,2.264670138888889,4.08,1.3,1.0,1,2487,2015-01-01
2488,2021,296,22000.70666147491,7.42,19.59,1.0061814270311138,2.749045138888889,4.08,1.3,0.0,1,2488,2015-01-01
2489,2021,297,20277.641123275378,5.45,18.63,0.9140738972986047,2.0938020833333333,4.08,1.3,0.0,1,2489,2015-01-01
2490,2021,298,22000.70666147491,5.42,21.14,0.9915264817463297,1.2442013888888888,4.08,1.3,0.0,1,2490,2015-01-01
2491,2021,299,14795.200694927187,6.12,17.56,0.9020925951912799,2.097951388888889,4.08,1.3,4.0,1,2491,2015-01-01
2492,2021,300,19363.535010154515,5.17,15.4,0.8135478262878274,2.344513888888889,4.032500000000001,1.3,2.0,1,2492,2015-01-01
2493,2021,301,21651.035667083197,5.1,16.61,0.8450748418321661,1.4399479166666667,2.64,1.3,1.0,1,2493,2015-01-01
2494,2021,302,4896.024400361874,6.7,16.61,0.8911329371994822,2.3175868055555555,2.7295833333333333,1.3,6.0,1,2494,2015-01-01
2495,2021,303,6124.446727643607,9.41,16.91,0.9837873821676564,1.0608333333333333,4.909583333333334,1.3,7.0,1,2495,2015-01-01
2496,2021,304,8266.289363344138,10.76,19.81,1.1289782655847937,0.9851041666666666,3.12,1.3,5.0,1,2496,2015-01-01
2497,2021,305,10235.711699757976,10.2,21.02,1.152764230955658,0.8800520833333333,3.12,1.3,6.0,1,2497,2015-01-01
2498,2021,306,20421.976147315076,10.46,20.95,1.1597995038944986,0.6386805555555556,3.12,1.3,2.0,1,2498,2015-01-01
2499,2021,307,8140.7903871534545,9.12,19.32,1.0540212176981547,1.5610069444444443,3.12,1.3,5.0,1,2499,2015-01-01
2500,2021,308,4587.335132344612,8.893333333333333,15.61,0.926906128141988,1.74953125,10.38375,1.3,7.0,1,2500,2015-01-01
2501,2021,309,3751.2411662198856,5.57,10.65,0.7025410435206266,2.095503472222222,16.029583333333335,1.3,8.0,1,2501,2015-01-01
2502,2021,310,4056.2493166650834,4.57,8.03,0.6205614223896199,1.7587847222222224,10.576666666666666,1.3,8.0,1,2502,2015-01-01
2503,2021,311,11357.539237579691,-0.8583333333333334,10.91,0.5680254023173559,1.4743576388888888,3.6283333333333334,1.3,5.0,1,2503,2015-01-01
2504,2021,312,21587.479695649123,-1.74,12.87,0.5897571399764769,0.7322048611111112,4.08,1.3,0.0,1,2504,2015-01-01
2505,2021,313,22000.70666147491,-0.24,13.66,0.6383534928335012,0.6728645833333333,4.08,1.3,0.0,1,2505,2015-01-01
2506,2021,314,22000.70666147491,2.19,13.37,0.6869202871202301,1.1718402777777779,4.08,1.3,0.0,1,2506,2015-01-01
2507,2021,315,4579.8239937165345,3.78,11.52,0.6808511242997444,0.9770833333333333,7.652083333333334,1.3,7.0,1,2507,2015-01-01
2508,2021,316,9642.276156776908,-0.23749999999999993,6.27,0.4931164511731234,1.1647395833333334,6.789583333333334,1.3,5.0,1,2508,2015-01-01
2509,2021,317,21969.656945935752,-1.38,10.05,0.5412143031092251,1.441875,3.12,1.3,1.0,1,2509,2015-01-01
2510,2021,318,22000.70666147491,-0.39,13.07,0.6222777842904043,0.5607291666666667,3.12,1.3,0.0,1,2510,2015-01-01
2511,2021,319,4121.354479846457,2.06,11.39,0.6390128562160792,1.35046875,3.12,1.3,6.0,1,2511,2015-01-01
2512,2021,320,4548.025224725879,-2.225833333333333,9.79,0.5205664417112829,2.5866145833333336,3.12,1.3,6.0,1,2512,2015-01-01
2513,2021,321,19538.909523133676,-3.02,8.1,0.47669780358097386,1.66796875,3.12,1.3,2.0,1,2513,2015-01-01
2514,2021,322,20234.109981710037,-0.62,9.23,0.5400757386595358,0.8671701388888889,3.12,1.3,2.0,1,2514,2015-01-01
2515,2021,323,10318.002773344573,-0.22,9.42,0.5513639351526991,1.8026388888888887,3.12,1.3,3.0,1,2515,2015-01-01
2516,2021,324,21741.386261815864,0.91,11.56,0.617781229877001,1.6057291666666667,3.1475,1.3,2.0,1,2516,2015-01-01
2517,2021,325,11620.532911758282,3.5583333333333336,10.4,0.6502769804349035,2.0218749999999996,8.178333333333335,1.3,4.0,1,2517,2015-01-01
2518,2021,326,12273.475256867438,3.205,11.33,0.6632667104333746,1.7776909722222223,5.4225,1.3,3.0,1,2518,2015-01-01
2519,2021,327,21834.831884590025,2.29,13.0,0.6806186408406145,0.765625,4.08,1.3,1.0,1,2519,2015-01-01
2520,2021,328,20964.12470183197,2.27,13.65,0.6954023592631089,0.5937152777777778,4.08,1.3,2.0,1,2520,2015-01-01
2521,2021,329,5823.477680913283,3.16,12.95,0.6999160714655562,0.943125,4.08,1.3,7.0,1,2521,2015-01-01
2522,2021,330,19582.71396775052,2.57,12.92,0.685281614422998,1.060434027777778,3.8137500000000006,1.3,2.0,1,2522,2015-01-01
2523,2021,331,21850.475478738423,4.21,14.72,0.770007682659057,0.7550868055555555,4.800000000000001,1.3,0.0,1,2523,2015-01-01
2524,2021,332,19403.18575607509,4.34,14.26,0.7614986202240357,0.9439236111111112,4.800000000000001,1.3,4.0,1,2524,2015-01-01
2525,2021,333,21051.27454838863,4.530833333333333,16.15,0.8165668901214141,0.8314930555555555,4.800000000000001,1.3,0.0,1,2525,2015-01-01
2526,2021,334,8252.129708090531,2.95,15.01,0.7452316570946915,1.375729166666667,4.800000000000001,1.3,5.0,1,2526,2015-01-01
2527,2021,335,5729.279941656426,7.97,17.26,0.9493022575951772,3.4193055555555554,4.800000000000001,1.3,7.0,1,2527,2015-01-01
2528,2021,336,8349.946968203043,2.6716666666666664,14.1,0.7158368192449951,2.5284375000000003,18.26,1.3,5.0,1,2528,2015-01-01
2529,2021,337,21769.2860040443,-1.14,8.62,0.5190237540214663,1.8976041666666665,4.800000000000001,1.3,0.0,1,2529,2015-01-01
2530,2021,338,19783.216518512712,-0.82,10.42,0.5591348187699687,0.7535763888888889,4.800000000000001,1.3,1.0,1,2530,2015-01-01
2531,2021,339,7586.412858025122,0.71,10.66,0.5946924107365565,1.1785069444444443,4.800000000000001,1.3,4.0,1,2531,2015-01-01
2532,2021,340,13986.081599945592,0.57,8.3,0.54502482416248,0.8690625,6.0720833333333335,1.3,4.0,1,2532,2015-01-01
2533,2021,341,19789.721987316407,0.24,10.94,0.590782333670202,0.8121180555555556,6.48,1.3,1.0,1,2533,2015-01-01
2534,2021,342,5375.661784678795,2.48,10.91,0.6376947288674578,2.1218055555555555,6.48,1.3,5.0,1,2534,2015-01-01
2535,2021,343,16255.902017636809,4.77,13.89,0.7630395417133607,2.426579861111111,6.48,1.3,2.0,1,2535,2015-01-01
2536,2021,344,21938.9029572446,1.5525,12.16,0.6448079260894053,0.8067361111111111,2.726666666666667,1.3,0.0,1,2536,2015-01-01
2537,2021,345,22000.70666147491,0.3,12.52,0.6252914841858919,0.45609374999999996,2.64,1.3,0.0,1,2537,2015-01-01
2538,2021,346,22000.70666147491,-0.34,14.03,0.644309398330819,0.7222395833333333,2.64,1.3,0.0,1,2538,2015-01-01
2539,2021,347,21867.767781425548,0.39,12.0,0.6160758026091256,0.7090104166666666,2.64,1.3,0.0,1,2539,2015-01-01
2540,2021,348,10314.922559641875,-0.08,10.24,0.570176273487529,0.8067881944444444,2.64,1.3,4.0,1,2540,2015-01-01
2541,2021,349,6391.770068411766,-0.725,9.05,0.5346963603072087,2.4379166666666667,2.64,1.3,5.0,1,2541,2015-01-01
2542,2021,350,22000.70666147491,-1.01,9.28,0.5336636931653733,1.5739409722222222,2.64,1.3,1.0,1,2542,2015-01-01
2543,2021,351,16238.21650712277,1.05,9.35,0.5749668750032462,2.8398784722222223,3.9945833333333334,1.3,4.0,1,2543,2015-01-01
2544,2021,352,6393.651016980524,2.99,6.09,0.5490513204032136,2.5819965277777777,13.669583333333334,1.3,6.0,1,2544,2015-01-01
2545,2021,353,20675.596551077026,1.55,8.79,0.5737659097644559,1.1558506944444444,15.747916666666665,1.3,1.0,1,2545,2015-01-01
2546,2021,354,4619.128360963703,0.35,10.55,0.5850614195059929,2.728802083333333,15.690000000000001,1.3,6.0,1,2546,2015-01-01
2547,2021,355,20759.02925651005,3.1508333333333334,10.5,0.6434424005938061,1.3460243055555554,21.254583333333333,1.3,1.0,1,2547,2015-01-01
2548,2021,356,16599.413826050783,1.62,9.2,0.5834358685372902,1.09109375,21.84,1.3,1.0,1,2548,2015-01-01
2549,2021,357,12834.021010223929,0.76,8.11,0.5450248241624799,1.2174652777777777,16.967916666666667,1.3,4.0,1,2549,2015-01-01
2550,2021,358,10927.563977815855,1.48,5.31,0.5065280963876235,1.1425520833333334,4.729583333333333,1.3,4.0,1,2550,2015-01-01
2551,2021,359,18864.452145653817,-5.4158333333333335,6.61,0.4146072031392793,1.483142361111111,6.0,1.3,1.0,1,2551,2015-01-01
2552,2021,360,22000.70666147491,-5.79,6.21,0.4031288871748808,1.0607986111111112,6.0,1.3,0.0,1,2552,2015-01-01
2553,2021,361,22000.70666147491,-4.45,7.23,0.4390255846711764,0.8102083333333333,6.0,1.3,0.0,1,2553,2015-01-01
2554,2021,362,21959.251310013326,-3.85,7.14,0.4471440285428936,0.9324131944444445,6.0,1.3,2.0,1,2554,2015-01-01
2555,2021,363,16731.902670753672,-1.68,6.22,0.467605625332093,0.7765798611111111,6.0,1.3,3.0,1,2555,2015-01-01
2556,2021,364,16500.417779813484,-1.51,7.28,0.4885425384066432,0.6551041666666667,6.0,1.3,4.0,1,2556,2015-01-01
2557,2021,365,21651.235617535036,-1.42,7.94,0.5017112400021139,0.6889236111111111,6.0,1.3,0.0,1,2557,2015-01-01
2558,2022,1,6831.158950058645,-1.67,6.99,0.48078862803329575,1.17234375,6.760000000000001,1.3,5.0,1,2558,2015-01-01
2559,2022,2,3837.52547436148,0.2,6.0,0.4960547603058548,1.2792881944444445,4.667916666666667,1.3,6.0,1,2559,2015-01-01
2560,2022,3,7650.876579581039,-3.733333333333333,4.9,0.41419457363047746,1.0752777777777778,4.32,1.3,3.0,1,2560,2015-01-01
2561,2022,4,16993.021009431035,-5.45,6.14,0.40709977292588057,1.0690277777777777,4.32,1.3,3.0,1,2561,2015-01-01
2562,2022,5,17696.52793175311,-6.400833333333333,5.21,0.3801420401448097,2.7661979166666666,3.0533333333333337,1.3,3.0,1,2562,2015-01-01
2563,2022,6,22000.70666147491,-6.54,7.81,0.4157469433432759,0.9542708333333333,2.4000000000000004,1.3,0.0,1,2563,2015-01-01
2564,2022,7,22000.70666147491,-1.71,8.8,0.5119279858820434,1.4037152777777777,2.4000000000000004,1.3,1.0,1,2564,2015-01-01
2565,2022,8,19444.71430893496,-2.41,10.13,0.5234333880887861,0.8675868055555556,2.4000000000000004,1.3,3.0,1,2565,2015-01-01
2566,2022,9,21953.328734142095,-1.0425,9.48,0.5368141260651277,1.1123090277777778,2.4000000000000004,1.3,0.0,1,2566,2015-01-01
2567,2022,10,11474.780177406557,-2.42,8.21,0.4888897041613608,1.5198958333333334,2.4000000000000004,1.3,4.0,1,2567,2015-01-01
2568,2022,11,8613.547676759219,5.24,9.21,0.6613377961911532,1.5087326388888889,2.4000000000000004,1.3,6.0,1,2568,2015-01-01
2569,2022,12,16237.512592515162,3.51,11.14,0.665884303353743,1.0952604166666666,2.4000000000000004,1.3,3.0,1,2569,2015-01-01
2570,2022,13,9533.508122180863,4.35,10.91,0.6799216097747305,1.6983506944444444,2.4733333333333336,1.3,6.0,1,2570,2015-01-01
2571,2022,14,7532.001399053361,3.23,9.32,0.6194908156667477,2.106423611111111,11.286666666666667,1.3,6.0,1,2571,2015-01-01
2572,2022,15,14900.381180443475,-0.37,7.32,0.5094017483446137,1.306545138888889,8.242916666666666,1.3,3.0,1,2572,2015-01-01
2573,2022,16,12057.447508631743,-0.9,4.88,0.45833878789875354,2.592465277777778,4.034583333333334,1.3,4.0,1,2573,2015-01-01
2574,2022,17,8736.652112511432,-3.57,4.86,0.41604799527639696,2.216076388888889,4.439166666666667,1.3,6.0,1,2574,2015-01-01
2575,2022,18,21905.953443483042,-5.745833333333333,-0.11,0.31997390859931385,2.0753993055555555,4.32,1.3,1.0,1,2575,2015-01-01
2576,2022,19,22000.70666147491,-6.01,6.21,0.3999187091008015,1.7327083333333333,4.32,1.3,0.0,1,2576,2015-01-01
2577,2022,20,8857.93566851308,-8.905,3.13,0.32094003358921663,3.486996527777778,4.32,1.3,3.0,1,2577,2015-01-01
2578,2022,21,21907.669998311045,-11.93,-1.49,0.24019289134613883,2.4509895833333335,4.32,1.3,0.0,1,2578,2015-01-01
2579,2022,22,22000.70666147491,-8.19,2.44,0.321239357723113,0.7584548611111112,4.32,1.3,0.0,1,2579,2015-01-01
2580,2022,23,22000.70666147491,-6.96,5.93,0.38238384928437974,1.2119097222222222,4.32,1.3,0.0,1,2580,2015-01-01
2581,2022,24,21942.878159713855,-5.5,7.47,0.42639909487884625,1.26375,4.32,1.3,0.0,1,2581,2015-01-01
2582,2022,25,21977.906218171036,-3.59,7.87,0.4632827889389996,1.254982638888889,4.32,1.3,0.0,1,2582,2015-01-01
2583,2022,26,15058.660267970656,-1.19,8.06,0.5079631290037587,3.1491319444444446,4.32,1.3,3.0,1,2583,2015-01-01
2584,2022,27,7504.945493096183,-2.24,5.72,0.45020228258499934,2.416076388888889,11.369583333333333,1.3,5.0,1,2584,2015-01-01
2585,2022,28,20211.58858370699,-4.1,4.88,0.40843106394864476,1.584513888888889,18.96,1.3,1.0,1,2585,2015-01-01
2586,2022,29,16557.425647604123,-5.135833333333333,4.74,0.39133768734985325,0.6591840277777777,18.96,1.3,3.0,1,2586,2015-01-01
2587,2022,30,21563.16613025987,-7.53,4.92,0.3608590317127196,0.8827951388888889,18.96,1.3,0.0,1,2587,2015-01-01
2588,2022,31,10855.201910963762,-4.85,5.85,0.41170154609677534,1.6622743055555556,18.96,1.3,4.0,1,2588,2015-01-01
2589,2022,32,12837.848356634864,-5.64,3.44,0.36633897043742114,1.0758159722222222,18.96,1.3,4.0,1,2589,2015-01-01
2590,2022,33,22000.70666147491,-5.58,8.12,0.43525040934808423,1.2441145833333334,18.96,1.3,0.0,1,2590,2015-01-01
2591,2022,34,4395.275531855172,-1.37,8.4,0.5108439620991541,2.108732638888889,18.96,1.3,7.0,1,2591,2015-01-01
2592,2022,35,17511.51199259618,3.77,10.37,0.6543447300014305,3.2241493055555552,11.03875,1.3,3.0,1,2592,2015-01-01
2593,2022,36,11263.980045691676,0.03,6.72,0.5058119227022099,2.2405902777777778,8.15125,1.3,4.0,1,2593,2015-01-01
2594,2022,37,11678.739424143312,-3.658333333333333,5.44,0.4235097047688528,1.9300347222222223,7.4399999999999995,1.3,3.0,1,2594,2015-01-01
2595,2022,38,15685.954017794655,-4.61,6.7,0.42824919541970813,1.2028819444444445,7.4399999999999995,1.3,2.0,1,2595,2015-01-01
2596,2022,39,17272.487715210966,-4.94,7.78,0.4399738868536106,0.8020659722222222,7.4399999999999995,1.3,1.0,1,2596,2015-01-01
2597,2022,40,20667.284364057996,-1.29,10.56,0.5527169240057583,1.0425173611111112,7.4399999999999995,1.3,1.0,1,2597,2015-01-01
2598,2022,41,10071.367906969543,0.25,11.7,0.6067698998589703,2.251145833333333,7.711250000000001,1.3,5.0,1,2598,2015-01-01
2599,2022,42,10719.097115067309,-0.2558333333333333,8.64,0.5358092275990817,1.38953125,6.476666666666667,1.3,4.0,1,2599,2015-01-01
2600,2022,43,21125.691820554257,-4.741666666666666,7.39,0.4369509151850872,1.2578645833333333,5.76,1.3,1.0,1,2600,2015-01-01
2601,2022,44,21539.188262562282,-4.88,10.84,0.4918494171672323,1.5627777777777778,5.76,1.3,0.0,1,2601,2015-01-01
2602,2022,45,18086.50465556716,-4.49,8.44,0.45784696023292304,2.233923611111111,5.76,1.3,1.0,1,2602,2015-01-01
2603,2022,46,19979.934624734728,0.38416666666666666,10.74,0.5896376362553081,1.8438888888888887,5.76,1.3,1.0,1,2603,2015-01-01
2604,2022,47,15030.079631345741,-1.34,7.33,0.49237335812689925,1.0544618055555555,5.76,1.3,3.0,1,2604,2015-01-01
2605,2022,48,17094.154572175004,-0.51,8.04,0.5199397150056458,1.2744270833333333,5.76,1.3,3.0,1,2605,2015-01-01
2606,2022,49,10917.148711033182,1.82,8.83,0.579994786523894,1.850798611111111,5.76,1.3,5.0,1,2606,2015-01-01
2607,2022,50,3679.7529181045293,0.99,9.8,0.582827314194228,1.5535069444444445,6.460416666666666,1.3,8.0,1,2607,2015-01-01
2608,2022,51,8730.94783492926,3.15,8.91,0.6090846853121883,2.3953645833333335,14.945,1.3,6.0,1,2608,2015-01-01
2609,2022,52,18739.76204413082,2.14,10.73,0.6263709178062389,2.885,8.16125,1.3,3.0,1,2609,2015-01-01
2610,2022,53,16901.847430054215,2.6,12.39,0.6736765586264866,1.453732638888889,5.935833333333333,1.3,2.0,1,2610,2015-01-01
2611,2022,54,18866.75249267592,4.5,12.7,0.7263123457013798,0.7899999999999999,4.32,1.3,1.0,1,2611,2015-01-01
2612,2022,55,22000.70666147491,5.323333333333333,14.73,0.79960311770167,0.8882291666666666,4.32,1.3,0.0,1,2612,2015-01-01
2613,2022,56,11584.393621965462,4.48,13.51,0.74598728497445,3.225763888888889,4.732083333333334,1.3,3.0,1,2613,2015-01-01
2614,2022,57,14121.916975355254,4.43,12.64,0.7231188370913986,1.5895833333333333,8.287083333333333,1.3,3.0,1,2614,2015-01-01
2615,2022,58,21297.112241488405,1.3075,12.51,0.6471388842577585,1.5836284722222222,4.800000000000001,1.3,0.0,1,2615,2015-01-01
2616,2022,59,9187.017176795724,1.24,11.97,0.6337547067239179,1.2969618055555554,4.800000000000001,1.3,5.0,1,2616,2015-01-01
2617,2022,60,12501.518775556695,3.34,12.98,0.7049348975249627,1.0061631944444445,4.800000000000001,1.3,3.0,1,2617,2015-01-01
2618,2022,61,15414.802323798795,7.11,11.75,0.7681957744753298,1.0867187500000002,3.0033333333333334,1.3,6.0,1,2618,2015-01-01
2619,2022,62,4020.8902166339467,9.07,16.04,0.945571382965811,3.3750347222222223,4.150416666666667,1.3,8.0,1,2619,2015-01-01
2620,2022,63,16586.011823676185,0.6641666666666667,12.86,0.640645524736634,4.521527777777778,13.599583333333335,1.3,2.0,1,2620,2015-01-01
2621,2022,64,9490.311168128686,0.51,12.01,0.6188492331183459,2.3824305555555556,5.3654166666666665,1.3,4.0,1,2621,2015-01-01
2622,2022,65,5771.541604210123,1.36,10.37,0.6021635754484016,1.470607638888889,2.7954166666666667,1.3,5.0,1,2622,2015-01-01
2623,2022,66,5396.098037105662,2.75,5.49,0.5331011620829847,0.7950520833333333,8.066666666666666,1.3,8.0,1,2623,2015-01-01
2624,2022,67,18517.560382052605,3.885,12.5,0.7064947500543848,1.18546875,3.57625,1.3,2.0,1,2624,2015-01-01
2625,2022,68,4160.725232375244,2.33,11.88,0.6559180909205489,2.897986111111111,6.067916666666666,1.3,7.0,1,2625,2015-01-01
2626,2022,69,5366.344192833098,8.64,16.55,0.9480571991467737,3.3465624999999997,7.168333333333333,1.3,6.0,1,2626,2015-01-01
2627,2022,70,10952.477699468103,6.115,15.18,0.8334757777641725,2.008020833333333,7.872083333333332,1.3,4.0,1,2627,2015-01-01
2628,2022,71,3725.854976529603,5.5,12.37,0.7429688122986933,1.0097222222222222,4.5600000000000005,1.3,7.0,1,2628,2015-01-01
2629,2022,72,21195.32799760607,5.74,17.94,0.9020925951912799,1.5527777777777778,4.704583333333334,1.3,0.0,1,2629,2015-01-01
2630,2022,73,14204.93391501505,1.85,14.57,0.7073359283604844,1.5046180555555555,4.158750000000001,1.3,2.0,1,2630,2015-01-01
2631,2022,74,12758.686415388735,1.02,13.24,0.6570439591435353,1.4999479166666667,8.399166666666666,1.3,3.0,1,2631,2015-01-01
2632,2022,75,12993.673893356521,-3.9,8.86,0.4746639401812895,2.4086805555555557,6.0441666666666665,1.3,3.0,1,2632,2015-01-01
2633,2022,76,20086.983052110918,-3.94,5.88,0.42593767483964157,2.3253125000000003,6.48,1.3,2.0,1,2633,2015-01-01
2634,2022,77,7754.942443615455,-1.49,7.7,0.49623066957939205,1.13375,6.48,1.3,6.0,1,2634,2015-01-01
2635,2022,78,12023.894672324142,0.34,10.62,0.5862832014965726,1.92140625,6.48,1.3,4.0,1,2635,2015-01-01
2636,2022,79,7401.992838819192,3.48,13.59,0.7231188370913986,3.116440972222222,5.3741666666666665,1.3,5.0,1,2636,2015-01-01
2637,2022,80,16985.75000345154,4.18,14.54,0.7645832053490544,1.146284722222222,4.677083333333333,1.3,4.0,1,2637,2015-01-01
2638,2022,81,8214.755180812821,0.3141666666666667,10.93,0.5921003002804631,1.5680034722222222,7.1308333333333325,1.3,6.0,1,2638,2015-01-01
2639,2022,82,18231.119985645004,-0.43,10.89,0.5761700559730059,1.5338715277777777,8.16,1.3,2.0,1,2639,2015-01-01
2640,2022,83,8866.154458261011,3.48,13.81,0.7285305003086043,3.603350694444445,7.205,1.3,5.0,1,2640,2015-01-01
2641,2022,84,14305.955840066339,1.89,11.18,0.6307050879303796,2.9332118055555556,5.28,1.3,2.0,1,2641,2015-01-01
2642,2022,85,13202.616254668914,2.08,9.12,0.5911928507884825,1.9179513888888888,8.779166666666667,1.3,2.0,1,2642,2015-01-01
2643,2022,86,12523.996296129175,1.32,11.19,0.618635502414673,1.9348090277777779,6.727916666666666,1.3,2.0,1,2643,2015-01-01
2644,2022,87,21389.269684583804,-0.04,13.32,0.6352843818002811,2.17625,4.08,1.3,0.0,1,2644,2015-01-01
2645,2022,88,21999.670277688372,-0.29,14.1,0.6469721414499215,1.8118923611111113,4.08,1.3,0.0,1,2645,2015-01-01
2646,2022,89,21660.1469485545,5.28,16.81,0.8558198532074072,2.8408506944444443,4.08,1.3,2.0,1,2646,2015-01-01
2647,2022,90,14941.323532815635,6.141666666666667,17.57,0.9030360607187198,1.0858680555555555,11.923333333333334,1.3,3.0,1,2647,2015-01-01
2648,2022,91,22000.70666147491,5.22,19.85,0.944330622421131,1.0114409722222222,13.68,1.3,0.0,1,2648,2015-01-01
2649,2022,92,22000.70666147491,7.63,22.56,1.1152728744775033,1.0884722222222223,13.68,1.3,0.0,1,2649,2015-01-01
2650,2022,93,21900.18856654899,9.44,24.44,1.2547429331725755,0.7925520833333333,13.68,1.3,0.0,1,2650,2015-01-01
2651,2022,94,12996.917417500534,13.1125,24.72,1.4208599469815695,1.1734722222222222,13.68,1.3,2.0,1,2651,2015-01-01
2652,2022,95,19403.301731636337,10.3,23.04,1.233423953109216,1.568559027777778,13.68,1.3,3.0,1,2652,2015-01-01
2653,2022,96,18269.338415767565,11.73,22.64,1.2743665479436812,1.3607291666666665,8.0275,1.3,3.0,1,2653,2015-01-01
2654,2022,97,6281.263420250404,10.45,23.14,1.2432540732428754,3.1314583333333332,3.5999999999999996,1.3,6.0,1,2654,2015-01-01
2655,2022,98,5820.280934578257,11.14,21.08,1.1902159674699668,2.0106597222222224,3.5999999999999996,1.3,6.0,1,2655,2015-01-01
2656,2022,99,4166.927995930133,9.164166666666667,17.9,1.0079582018118913,1.7654340277777778,5.060833333333333,1.3,7.0,1,2656,2015-01-01
2657,2022,100,20173.400758777192,6.83,17.38,0.9179977990708605,2.768559027777778,3.12,1.3,1.0,1,2657,2015-01-01
2658,2022,101,20809.511363077032,6.82,24.04,1.1395367663149292,1.5197916666666667,3.12,1.3,0.0,1,2658,2015-01-01
2659,2022,102,9465.023165625853,11.36,25.66,1.3852225196264505,2.186267361111111,3.12,1.3,3.0,1,2659,2015-01-01
2660,2022,103,17279.785173374996,12.19,27.35,1.4983774977577906,3.079097222222222,3.12,1.3,2.0,1,2660,2015-01-01
2661,2022,104,8420.560728195276,11.95,27.22,1.4812733174100003,2.0092708333333333,3.12,1.3,6.0,1,2661,2015-01-01
2662,2022,105,11525.303817313677,6.69,21.29,1.0384190405814706,1.9048784722222223,6.16125,1.3,3.0,1,2662,2015-01-01
2663,2022,106,11380.283619956026,4.525833333333333,16.95,0.8385126707327932,1.8605208333333334,11.66875,1.3,3.0,1,2663,2015-01-01
2664,2022,107,18071.971878446147,4.273333333333333,15.51,0.7923998428565066,3.556736111111111,3.12,1.3,1.0,1,2664,2015-01-01
2665,2022,108,22000.70666147491,3.97,18.99,0.880873530124619,2.4726909722222223,3.12,1.3,0.0,1,2665,2015-01-01
2666,2022,109,17659.29631766903,5.34,24.74,1.111332851161051,1.7474999999999998,3.12,1.3,3.0,1,2666,2015-01-01
2667,2022,110,13765.658079465085,13.19,27.1,1.5335788148540184,1.2861284722222222,3.12,1.3,5.0,1,2667,2015-01-01
2668,2022,111,10428.942746112194,15.5,26.18,1.6007342267268838,1.4063541666666668,4.6,1.3,5.0,1,2668,2015-01-01
2669,2022,112,20158.3528868588,9.09,24.62,1.2479968589543076,1.7749131944444445,3.12,1.3,0.0,1,2669,2015-01-01
2670,2022,113,20579.644592404547,8.01,25.8,1.2519612794285915,1.1820659722222222,3.12,1.3,1.0,1,2670,2015-01-01
2671,2022,114,4221.319314717489,10.75,26.21,1.3826221276529653,2.469548611111111,3.12,1.3,7.0,1,2671,2015-01-01
2672,2022,115,3704.3259555296722,13.16,22.08,1.3098714582156132,1.7972395833333334,3.6258333333333335,1.3,8.0,1,2672,2015-01-01
2673,2022,116,11563.203362698057,12.23,18.99,1.152764230955658,1.227986111111111,7.027916666666666,1.3,4.0,1,2673,2015-01-01
2674,2022,117,15289.20490044285,12.04,22.47,1.2800224336108503,1.1196701388888888,6.4,1.3,3.0,1,2674,2015-01-01
2675,2022,118,13698.873592486123,13.08,23.79,1.3787295500989105,1.086284722222222,9.600000000000001,1.3,4.0,1,2675,2015-01-01
2676,2022,119,9231.61040488659,11.946666666666667,20.11,1.1840269520772602,0.7777777777777778,9.600000000000001,1.3,6.0,1,2676,2015-01-01
2677,2022,120,15489.112021970208,10.44,22.45,1.2159012249537957,1.9489409722222222,5.055416666666667,1.3,2.0,1,2677,2015-01-01
2678,2022,121,9580.500558996493,9.74,22.05,1.1739830391258532,2.0271875,7.481666666666667,1.3,5.0,1,2678,2015-01-01
2679,2022,122,7606.242892871441,9.146666666666667,17.5,0.994334259778713,2.064965277777778,23.704583333333332,1.3,4.0,1,2679,2015-01-01
2680,2022,123,13338.576268648167,8.44,20.21,1.0612120583326656,1.8735416666666669,28.610416666666666,1.3,4.0,1,2680,2015-01-01
2681,2022,124,17423.970597736632,12.35,23.6,1.3394855649323527,1.7342534722222223,5.5200000000000005,1.3,2.0,1,2681,2015-01-01
2682,2022,125,12092.152921591569,15.64,25.66,1.5821247018837685,3.8292534722222222,6.585,1.3,3.0,1,2682,2015-01-01
2683,2022,126,13122.094620344815,14.2075,26.66,1.56117447842401,2.754878472222222,3.6083333333333325,1.3,3.0,1,2683,2015-01-01
2684,2022,127,11127.576982813556,13.17,23.4,1.3658234736949815,2.6741666666666664,17.515833333333333,1.3,3.0,1,2684,2015-01-01
2685,2022,128,15249.169479436918,9.638333333333332,21.2,1.1387449314646394,2.3584722222222223,10.935833333333333,1.3,2.0,1,2685,2015-01-01
2686,2022,129,16842.858451914875,8.96,20.44,1.087246164668179,2.576458333333333,2.64,1.3,1.0,1,2686,2015-01-01
2687,2022,130,10192.580722828094,11.4575,20.75,1.1897413185817154,1.8492187500000001,5.307083333333334,1.3,3.0,1,2687,2015-01-01
2688,2022,131,17595.563398148104,11.44,24.1,1.3223137751858691,1.6275173611111111,7.199999999999999,1.3,1.0,1,2688,2015-01-01
2689,2022,132,13983.058843563083,8.38,22.93,1.1560920516946143,3.4163541666666664,7.199999999999999,1.3,2.0,1,2689,2015-01-01
2690,2022,133,17135.60185271646,5.765833333333333,18.82,0.9294252346956927,3.367204861111111,3.908333333333333,1.3,1.0,1,2690,2015-01-01
2691,2022,134,22000.70666147491,5.76,23.11,1.0687914414396396,2.0641493055555555,2.4000000000000004,1.3,0.0,1,2691,2015-01-01
2692,2022,135,20304.246318453486,12.43,26.99,1.4928113690336113,1.7009375,2.4000000000000004,1.3,0.0,1,2692,2015-01-01
2693,2022,136,14232.659483399686,12.045,30.54,1.645826595223172,3.503645833333333,2.4000000000000004,1.3,2.0,1,2693,2015-01-01
2694,2022,137,16797.654763663137,11.52,25.21,1.3726934929129693,3.1723090277777777,2.4000000000000004,1.3,2.0,1,2694,2015-01-01
2695,2022,138,21832.01109968621,10.86,26.22,1.3878271907658424,2.5144444444444445,2.4000000000000004,1.3,0.0,1,2695,2015-01-01
2696,2022,139,21994.530156812707,13.48,27.5,1.566600484939834,2.3086458333333333,2.4000000000000004,1.3,0.0,1,2696,2015-01-01
2697,2022,140,16024.917132682169,12.971666666666668,29.03,1.6166362566669843,1.745,2.4000000000000004,1.3,1.0,1,2697,2015-01-01
2698,2022,141,21870.22054658828,7.09,22.16,1.0819949892993526,4.115694444444444,2.4000000000000004,1.3,1.0,1,2698,2015-01-01
2699,2022,142,17850.607464653443,7.06,25.96,1.2209408006293392,2.173298611111111,2.4000000000000004,1.3,1.0,1,2699,2015-01-01
2700,2022,143,8379.267271131168,14.92,28.55,1.6909919101628987,3.9106597222222224,2.4000000000000004,1.3,3.0,1,2700,2015-01-01
2701,2022,144,22000.70666147491,14.71,26.38,1.5719218468408864,3.1380555555555554,2.4000000000000004,1.3,0.0,1,2701,2015-01-01
2702,2022,145,18911.239075621605,11.19,26.74,1.4251898772059337,3.476875,2.4000000000000004,1.3,1.0,1,2702,2015-01-01
2703,2022,146,19485.916417214015,9.164166666666667,23.55,1.209113876913309,3.3377430555555554,2.4000000000000004,1.3,0.0,1,2703,2015-01-01
2704,2022,147,22000.70666147491,8.75,26.74,1.320232897900039,1.8894965277777775,2.4000000000000004,1.3,0.0,1,2704,2015-01-01
2705,2022,148,20944.93308582417,11.01,27.13,1.4345551112546548,1.6822048611111111,2.4000000000000004,1.3,1.0,1,2705,2015-01-01
2706,2022,149,17801.48053371791,15.17,28.11,1.6812051753050457,1.3072048611111111,2.4000000000000004,1.3,1.0,1,2706,2015-01-01
2707,2022,150,17882.14211532483,14.94,28.47,1.6878959996314125,1.2977430555555556,2.4000000000000004,1.3,1.0,1,2707,2015-01-01
2708,2022,151,20006.565243834877,14.49,29.61,1.7237996848556443,1.3115972222222223,2.4000000000000004,1.3,0.0,1,2708,2015-01-01
2709,2022,152,21672.12048842799,15.96,31.07,1.8837966866544587,2.3319791666666667,2.4000000000000004,1.3,0.0,1,2709,2015-01-01
2710,2022,153,16504.85776813089,17.0125,32.67,2.039665184485849,1.830121527777778,2.4000000000000004,1.3,1.0,1,2710,2015-01-01
2711,2022,154,16917.35047468727,16.87,32.79,2.0382971290353895,1.6977604166666667,2.4000000000000004,1.3,1.0,1,2711,2015-01-01
2712,2022,155,14955.083820682357,17.0,32.87,2.051096821290399,1.257204861111111,2.4000000000000004,1.3,2.0,1,2712,2015-01-01
2713,2022,156,4225.445450324632,20.28,32.81,2.2563239570212925,1.3281770833333333,2.4000000000000004,1.3,5.0,1,2713,2015-01-01
2714,2022,157,11296.141301937241,20.568333333333335,32.43,2.2502430997496545,1.8029166666666667,2.7291666666666665,1.3,4.0,1,2714,2015-01-01
2715,2022,158,8512.314122388194,19.93,32.5,2.212859495922084,1.6834895833333334,4.102083333333334,1.3,5.0,1,2715,2015-01-01
2716,2022,159,18230.840583648776,19.75,35.99,2.438418331480634,3.9304687499999997,4.5600000000000005,1.3,1.0,1,2716,2015-01-01
2717,2022,160,22000.70666147491,19.53,34.32,2.30729365856799,2.8496354166666666,4.5600000000000005,1.3,0.0,1,2717,2015-01-01
2718,2022,161,19855.03396829843,16.177500000000002,31.52,1.9220080689538592,3.51046875,4.5600000000000005,1.3,0.0,1,2718,2015-01-01
2719,2022,162,20172.403946594543,15.27,30.64,1.8211700051028106,2.5507465277777777,4.5600000000000005,1.3,1.0,1,2719,2015-01-01
2720,2022,163,21143.267744488392,15.82,30.8,1.8606561653896267,1.6168923611111112,4.5600000000000005,1.3,1.0,1,2720,2015-01-01
2721,2022,164,17818.27747200781,21.27,33.63,2.3793609538472786,2.740486111111111,4.5600000000000005,1.3,1.0,1,2721,2015-01-01
2722,2022,165,22000.70666147491,19.783333333333335,33.19,2.248587164228257,1.4058506944444444,4.5600000000000005,1.3,0.0,1,2722,2015-01-01
2723,2022,166,22000.70666147491,18.137500000000003,33.7,2.174463600000859,2.6941840277777778,4.5600000000000005,1.3,0.0,1,2723,2015-01-01
2724,2022,167,22000.70666147491,16.2925,32.39,1.9796299652358635,3.0801041666666666,4.5600000000000005,1.3,0.0,1,2724,2015-01-01
2725,2022,168,22000.70666147491,16.28,32.99,2.0147109820272613,1.1971875,4.5600000000000005,1.3,0.0,1,2725,2015-01-01
2726,2022,169,21977.655632262373,17.98,34.64,2.2252965606618273,2.436892361111111,4.5600000000000005,1.3,0.0,1,2726,2015-01-01
2727,2022,170,21386.850807456805,18.45,34.87,2.2716444472690283,1.9513888888888888,4.5600000000000005,1.3,0.0,1,2727,2015-01-01
2728,2022,171,21660.08410137148,18.76,33.49,2.2011329307573364,1.7948958333333331,4.5600000000000005,1.3,0.0,1,2728,2015-01-01
2729,2022,172,21931.161340157734,21.71,33.2,2.380056624611218,4.068888888888889,4.5600000000000005,1.3,0.0,1,2729,2015-01-01
2730,2022,173,21988.3536521505,21.675,36.01,2.5800857403527155,3.469427083333333,4.5600000000000005,1.3,0.0,1,2730,2015-01-01
2731,2022,174,22000.70666147491,20.94,32.08,2.2516791032026053,1.8712152777777777,4.5600000000000005,1.3,0.0,1,2731,2015-01-01
2732,2022,175,21755.51965474766,20.52,32.02,2.2200524979007743,1.7429340277777776,4.5600000000000005,1.3,0.0,1,2732,2015-01-01
2733,2022,176,22000.70666147491,22.43,34.38,2.515491425417142,1.401857638888889,4.5600000000000005,1.3,0.0,1,2733,2015-01-01
2734,2022,177,16056.96168235785,21.74416666666667,36.16,2.5964893113037477,2.5002256944444445,4.5600000000000005,1.3,1.0,1,2734,2015-01-01
2735,2022,178,22000.70666147491,21.07,36.3,2.55666746263157,2.058854166666667,4.5600000000000005,1.3,0.0,1,2735,2015-01-01
2736,2022,179,22000.70666147491,21.35,37.86,2.6961184824231323,1.6221180555555557,4.5600000000000005,1.3,0.0,1,2736,2015-01-01
2737,2022,180,21548.87095328029,17.47,37.63,2.39330806349087,2.617951388888889,4.5600000000000005,1.3,0.0,1,2737,2015-01-01
2738,2022,181,22000.70666147491,17.04,36.1,2.2596468185810137,2.476736111111111,4.5600000000000005,1.3,0.0,1,2738,2015-01-01
2739,2022,182,22000.70666147491,18.05,37.92,2.4548096793074343,2.340590277777778,4.5600000000000005,1.3,0.0,1,2739,2015-01-01
2740,2022,183,21993.493773026166,18.33,36.48,2.373107880724396,2.6367881944444442,4.5600000000000005,1.3,0.0,1,2740,2015-01-01
2741,2022,184,21968.59320776195,15.364166666666666,30.06,1.7945741085262548,3.690746527777778,4.5600000000000005,1.3,0.0,1,2741,2015-01-01
2742,2022,185,21606.00212635817,14.106666666666666,28.94,1.6692541049741199,3.140815972222222,4.5600000000000005,1.3,0.0,1,2742,2015-01-01
2743,2022,186,20478.960792092406,14.1,29.28,1.6863499020736132,2.033142361111111,4.5600000000000005,1.3,1.0,1,2743,2015-01-01
2744,2022,187,21958.336302887994,16.68,31.05,1.9238856892353964,1.9461631944444444,4.5600000000000005,1.3,0.0,1,2744,2015-01-01
2745,2022,188,22000.70666147491,17.72,33.62,2.142673773377721,3.1724305555555556,4.5600000000000005,1.3,0.0,1,2745,2015-01-01
2746,2022,189,22000.70666147491,17.643333333333334,35.02,2.2281415988007707,2.1048784722222225,4.5600000000000005,1.3,0.0,1,2746,2015-01-01
2747,2022,190,22000.70666147491,17.41,34.52,2.1804193723292538,2.1492708333333335,4.5600000000000005,1.3,0.0,1,2747,2015-01-01
2748,2022,191,22000.70666147491,18.42,35.98,2.3448023966415836,2.0540625,4.5600000000000005,1.3,0.0,1,2748,2015-01-01
2749,2022,192,22000.70666147491,23.92,37.88,2.9036011317746393,3.069861111111111,4.5600000000000005,1.3,0.0,1,2749,2015-01-01
2750,2022,193,21910.073434171973,22.811666666666667,38.67,2.8773740125330867,2.071822916666667,4.5600000000000005,1.3,0.0,1,2750,2015-01-01
2751,2022,194,21856.47054993626,21.75,36.84,2.6484083317576546,1.735017361111111,4.5600000000000005,1.3,0.0,1,2751,2015-01-01
2752,2022,195,22000.70666147491,21.013333333333332,35.56,2.4982639114232867,1.3081423611111112,4.5600000000000005,1.3,0.0,1,2752,2015-01-01
2753,2022,196,21993.493773026166,20.37,34.26,2.360644652928783,1.7323263888888887,4.5600000000000005,1.3,0.0,1,2753,2015-01-01
2754,2022,197,21968.107583335885,20.63,35.33,2.4540950225916482,1.5823958333333334,4.5600000000000005,1.3,0.0,1,2754,2015-01-01
2755,2022,198,21929.10876901325,21.856666666666666,36.5,2.6306440644479774,1.0714409722222222,4.5600000000000005,1.3,0.0,1,2755,2015-01-01
2756,2022,199,21851.200588285694,21.21,36.58,2.587933198721374,1.5803819444444445,4.5600000000000005,1.3,0.0,1,2756,2015-01-01
2757,2022,200,21709.00473712051,22.511666666666667,36.95,2.7156969521058425,1.2820312500000002,4.5600000000000005,1.3,0.0,1,2757,2015-01-01
2758,2022,201,21983.83213692458,21.37,36.92,2.6255876377651597,1.4303472222222222,4.5600000000000005,1.3,0.0,1,2758,2015-01-01
2759,2022,202,21980.039674074724,22.09,38.26,2.785797041774789,1.7011805555555555,4.5600000000000005,1.3,0.0,1,2759,2015-01-01
2760,2022,203,22000.70666147491,20.339166666666667,37.21,2.5699645933091197,1.838611111111111,4.5600000000000005,1.3,0.0,1,2760,2015-01-01
2761,2022,204,21999.670277688372,18.61,35.65,2.335204686708761,2.50640625,4.5600000000000005,1.3,0.0,1,2761,2015-01-01
2762,2022,205,21848.444509222376,18.646666666666665,33.24,2.177627513115544,2.9103819444444445,4.5600000000000005,1.3,1.0,1,2762,2015-01-01
2763,2022,206,19829.758739063207,17.29,31.92,2.0111035541294653,3.2892708333333336,4.5600000000000005,1.3,1.0,1,2763,2015-01-01
2764,2022,207,21927.145645786477,17.51,34.25,2.1694845495759143,2.4665625,4.5600000000000005,1.3,0.0,1,2764,2015-01-01
2765,2022,208,20132.901352607834,18.87,35.95,2.373801959192227,1.8917881944444446,4.5600000000000005,1.3,1.0,1,2765,2015-01-01
2766,2022,209,16781.00025561669,20.440833333333334,35.31,2.439188243865961,2.290746527777778,4.545416666666667,1.3,1.0,1,2766,2015-01-01
2767,2022,210,20197.576501562493,19.892500000000002,33.15,2.25317118255731,2.3334375,6.726249999999999,1.3,0.0,1,2767,2015-01-01
2768,2022,211,20837.74804192007,18.97,33.91,2.2424143820744478,2.0587152777777775,9.36,1.3,1.0,1,2768,2015-01-01
2769,2022,212,17187.458378830408,20.615,32.47,2.2559919051295845,1.5366145833333333,5.226249999999999,1.3,2.0,1,2769,2015-01-01
2770,2022,213,16964.408659323235,20.58,32.6,2.262308176656675,1.8782638888888887,4.735,1.3,1.0,1,2770,2015-01-01
2771,2022,214,19089.924977017075,21.46,34.83,2.477774559925874,1.1233854166666668,5.76,1.3,1.0,1,2771,2015-01-01
2772,2022,215,18932.120540744065,23.32,35.46,2.662950511655121,1.6963194444444445,5.76,1.3,1.0,1,2772,2015-01-01
2773,2022,216,20815.29088623379,20.66,37.04,2.5812055365883717,2.0424652777777776,5.76,1.3,0.0,1,2773,2015-01-01
2774,2022,217,21922.491149336878,20.76,35.91,2.5052880551886463,2.032013888888889,5.76,1.3,0.0,1,2774,2015-01-01
2775,2022,218,21369.200028636937,22.04,36.51,2.645355638386749,3.0162152777777775,5.76,1.3,0.0,1,2775,2015-01-01
2776,2022,219,20418.03196667407,21.87,36.83,2.656819044876264,1.836892361111111,5.76,1.3,0.0,1,2776,2015-01-01
2777,2022,220,19386.675619500493,20.3875,37.92,2.626914130634008,1.8717361111111113,5.76,1.3,0.0,1,2777,2015-01-01
2778,2022,221,21975.894138928565,18.81583333333333,32.97,2.1711431278298257,2.8949131944444444,5.76,1.3,0.0,1,2778,2015-01-01
2779,2022,222,21891.543920185355,18.18,33.83,2.185581770314942,1.6480208333333333,5.76,1.3,0.0,1,2779,2015-01-01
2780,2022,223,21881.3804060579,21.08,35.49,2.498022005611916,2.6255208333333333,5.76,1.3,0.0,1,2780,2015-01-01
2781,2022,224,21881.57809312207,21.984166666666667,35.98,2.600995812806441,2.27484375,5.76,1.3,0.0,1,2781,2015-01-01
2782,2022,225,21746.523341287575,21.33,35.29,2.5016527343224317,1.6090625,5.76,1.3,0.0,1,2782,2015-01-01
2783,2022,226,21933.124463384513,20.92,36.53,2.5625973695587096,1.9261458333333334,5.76,1.3,0.0,1,2783,2015-01-01
2784,2022,227,21883.012058616812,23.78,37.85,2.8895692933192887,1.7883506944444443,5.76,1.3,0.0,1,2784,2015-01-01
2785,2022,228,21691.30900092154,23.355833333333333,38.33,2.894171275291137,1.3436458333333332,5.76,1.3,0.0,1,2785,2015-01-01
2786,2022,229,21843.304388346707,20.334166666666665,36.22,2.496873231405785,1.7277777777777779,5.76,1.3,0.0,1,2786,2015-01-01
2787,2022,230,22000.70666147491,18.291666666666664,34.06,2.2077495949616788,2.1730034722222222,5.76,1.3,0.0,1,2787,2015-01-01
2788,2022,231,22000.70666147491,17.25,32.96,2.071968759125214,1.482621527777778,5.76,1.3,0.0,1,2788,2015-01-01
2789,2022,232,20641.586613316358,18.0275,32.6,2.0978514094411347,1.8068923611111112,5.76,1.3,0.0,1,2789,2015-01-01
2790,2022,233,20791.769673861254,17.26,31.56,1.9877922936104737,1.3647743055555557,5.76,1.3,0.0,1,2790,2015-01-01
2791,2022,234,21750.358908349488,18.12,32.43,2.0930256498727,1.33375,5.76,1.3,0.0,1,2791,2015-01-01
2792,2022,235,20751.977101322063,16.8275,30.78,1.9168168472907927,1.6392361111111111,5.76,1.3,0.0,1,2792,2015-01-01
2793,2022,236,21941.020663323492,16.729999999999997,30.29,1.8832293094353374,1.2696875,5.76,1.3,0.0,1,2793,2015-01-01
2794,2022,237,21846.704617517003,15.94,30.52,1.8516932508811286,1.3198611111111112,5.76,1.3,0.0,1,2794,2015-01-01
2795,2022,238,22000.70666147491,16.72,30.9,1.9175371178777767,1.5378645833333333,5.76,1.3,0.0,1,2795,2015-01-01
2796,2022,239,21885.172868907757,17.51,31.68,2.0099023307419395,1.0132291666666666,5.76,1.3,0.0,1,2796,2015-01-01
2797,2022,240,22000.70666147491,16.340833333333336,31.86,1.9512672154622404,1.613923611111111,5.76,1.3,0.0,1,2797,2015-01-01
2798,2022,241,22000.70666147491,15.44,31.66,1.8877725059511004,0.9493576388888889,5.76,1.3,0.0,1,2798,2015-01-01
2799,2022,242,21983.83213692458,16.12,32.14,1.9547320103321086,1.485138888888889,5.76,1.3,0.0,1,2799,2015-01-01
2800,2022,243,21893.198909621642,15.45,32.75,1.951218453823054,1.0323090277777778,5.76,1.3,0.0,1,2800,2015-01-01
2801,2022,244,22000.70666147491,17.32,33.35,2.100501909866913,1.00578125,5.76,1.3,0.0,1,2801,2015-01-01
2802,2022,245,22000.70666147491,16.531666666666666,33.25,2.045704308599044,0.8657118055555556,5.76,1.3,0.0,1,2802,2015-01-01
2803,2022,246,21987.31726836396,13.539166666666667,33.52,1.8854523890582109,1.8642534722222222,5.76,1.3,0.0,1,2803,2015-01-01
2804,2022,247,22000.70666147491,12.43,33.67,1.8316643614423136,1.8946701388888887,5.76,1.3,0.0,1,2804,2015-01-01
2805,2022,248,22000.70666147491,16.41,34.88,2.1395013341702094,1.404670138888889,5.76,1.3,0.0,1,2805,2015-01-01
2806,2022,249,22000.70666147491,19.02,33.86,2.2424143820744478,2.176041666666667,5.76,1.3,0.0,1,2806,2015-01-01
2807,2022,250,20242.72110440447,18.28,32.48,2.1061243735242297,2.531996527777778,5.76,1.3,1.0,1,2807,2015-01-01
2808,2022,251,20812.673729288883,18.05,32.74,2.108001441471086,2.085190972222222,5.76,1.3,0.0,1,2808,2015-01-01
2809,2022,252,20987.699775772075,16.33833333333333,32.79,2.0062024971220693,1.488923611111111,5.76,1.3,0.0,1,2809,2015-01-01
2810,2022,253,21973.92787525301,14.7,29.86,1.7481044295676886,2.8744097222222225,5.76,1.3,0.0,1,2810,2015-01-01
2811,2022,254,20181.052841728608,13.83,28.91,1.6536599055974732,1.3681770833333333,5.76,1.3,1.0,1,2811,2015-01-01
2812,2022,255,21726.853147196744,15.43,28.71,1.7259013595152142,2.5523437500000004,5.76,1.3,0.0,1,2812,2015-01-01
2813,2022,256,22000.70666147491,18.64,30.43,2.0027081232525568,2.746111111111111,5.76,1.3,0.0,1,2813,2015-01-01
2814,2022,257,17628.94026509889,19.32,32.26,2.1579586266024386,2.0834895833333333,5.76,1.3,1.0,1,2814,2015-01-01
2815,2022,258,19699.611542600913,14.655,30.75,1.7935318610117532,2.807864583333333,5.76,1.3,1.0,1,2815,2015-01-01
2816,2022,259,22000.70666147491,13.45,30.72,1.7274790838879006,1.9548958333333333,5.76,1.3,0.0,1,2816,2015-01-01
2817,2022,260,21958.510653074794,13.93,31.08,1.772169858301744,1.3112152777777777,5.76,1.3,0.0,1,2817,2015-01-01
2818,2022,261,21930.74042157216,13.5,31.52,1.7727079149212055,1.0397395833333334,5.76,1.3,0.0,1,2818,2015-01-01
2819,2022,262,21843.20009202904,17.18,32.27,2.025567149752339,1.305,5.76,1.3,0.0,1,2819,2015-01-01
2820,2022,263,15514.755577778427,19.52,32.31,2.173981321544481,1.7413541666666665,5.76,1.3,2.0,1,2820,2015-01-01
2821,2022,264,18244.212989851174,19.68,31.56,2.1363329901015735,1.0949652777777779,5.76,1.3,1.0,1,2821,2015-01-01
2822,2022,265,16877.93367049908,18.563333333333333,30.65,2.011303818891364,1.7438368055555555,5.76,1.3,1.0,1,2822,2015-01-01
2823,2022,266,20309.357378519966,18.04,30.22,1.9547320103321084,0.9061631944444445,5.76,1.3,0.0,1,2823,2015-01-01
2824,2022,267,22000.70666147491,19.05,32.37,2.147758205121008,1.3690972222222222,5.76,1.3,0.0,1,2824,2015-01-01
2825,2022,268,21674.079239732066,13.7375,31.44,1.7812011429225894,2.1713715277777776,5.76,1.3,0.0,1,2825,2015-01-01
2826,2022,269,21545.56114813364,13.24,28.51,1.6041830845749219,1.9061111111111113,5.76,1.3,0.0,1,2826,2015-01-01
2827,2022,270,21968.107583335885,14.4,30.05,1.7422653636490875,2.4276215277777777,5.76,1.3,0.0,1,2827,2015-01-01
2828,2022,271,22000.70666147491,17.36,30.86,1.9523890266228023,2.2086111111111113,5.76,1.3,0.0,1,2828,2015-01-01
2829,2022,272,22000.70666147491,15.99,31.81,1.9279352312100453,1.1963194444444445,5.76,1.3,0.0,1,2829,2015-01-01
2830,2022,273,21991.42100545309,14.87,32.48,1.9020317029870188,1.6190798611111112,5.76,1.3,0.0,1,2830,2015-01-01
2831,2022,274,21993.493773026166,12.81,29.34,1.6240157099058536,2.008784722222222,5.76,1.3,0.0,1,2831,2015-01-01
2832,2022,275,21165.1856492052,12.88,26.63,1.496984266734865,2.2381597222222225,5.76,1.3,0.0,1,2832,2015-01-01
2833,2022,276,21871.89312014311,15.89,27.04,1.6633064536189703,2.3598090277777777,5.76,1.3,0.0,1,2833,2015-01-01
2834,2022,277,22000.70666147491,16.04,28.6,1.7523617502995847,0.9303819444444444,5.76,1.3,0.0,1,2834,2015-01-01
2835,2022,278,22000.70666147491,14.01,29.87,1.7122803832754914,1.0127604166666666,5.76,1.3,0.0,1,2835,2015-01-01
2836,2022,279,21987.31726836396,13.56,29.01,1.6450702564713242,1.2672222222222222,5.76,1.3,0.0,1,2836,2015-01-01
2837,2022,280,21547.248215675623,12.91,26.51,1.4928113690336113,1.5459722222222223,5.76,1.3,0.0,1,2837,2015-01-01
2838,2022,281,22000.70666147491,12.03,25.1,1.3900010231584963,1.6857986111111112,5.76,1.3,0.0,1,2838,2015-01-01
2839,2022,282,22000.70666147491,12.63,25.41,1.4300887826054027,2.4703298611111113,5.76,1.3,0.0,1,2839,2015-01-01
2840,2022,283,21702.841345609333,14.266666666666667,26.42,1.5524871017749389,2.16265625,5.76,1.3,0.0,1,2840,2015-01-01
2841,2022,284,21283.114938784973,12.276666666666667,26.92,1.4825003152252898,1.1030208333333333,5.76,1.3,0.0,1,2841,2015-01-01
2842,2022,285,22000.70666147491,11.52,25.04,1.365395098504956,1.4725868055555555,5.76,1.3,0.0,1,2842,2015-01-01
2843,2022,286,10042.765049316147,9.48,24.37,1.2535501336728576,1.500607638888889,5.76,1.3,2.0,1,2843,2015-01-01
2844,2022,287,20547.942370609104,12.2,24.42,1.3679671146287777,1.1581944444444445,5.76,1.3,1.0,1,2844,2015-01-01
2845,2022,288,16466.940687904145,14.62,25.85,1.5421339430638157,1.2973090277777777,5.76,1.3,1.0,1,2845,2015-01-01
2846,2022,289,20809.987623923163,14.59,26.86,1.5894478514406214,1.3815972222222221,5.76,1.3,2.0,1,2846,2015-01-01
2847,2022,290,12731.918590289548,13.16,27.19,1.5364259017646056,1.2999305555555556,5.76,1.3,4.0,1,2847,2015-01-01
2848,2022,291,21731.809197934275,10.9,25.18,1.344970886044328,2.2259895833333334,5.76,1.3,0.0,1,2848,2015-01-01
2849,2022,292,21978.45253092771,9.14,22.18,1.156462328846059,2.476302083333333,5.76,1.3,0.0,1,2849,2015-01-01
2850,2022,293,4622.0457202997995,12.13,22.4,1.2808322091786726,2.8140451388888885,5.76,1.3,7.0,1,2850,2015-01-01
2851,2022,294,17625.85962687794,13.37,24.62,1.4278601840630067,2.3682986111111113,5.76,1.3,4.0,1,2851,2015-01-01
2852,2022,295,13628.650594888071,11.4525,20.25,1.1707036913319153,1.9106770833333333,2.7558333333333334,1.3,3.0,1,2852,2015-01-01
2853,2022,296,14538.962346803472,10.3,21.07,1.1583152743358678,1.270295138888889,2.4000000000000004,1.3,2.0,1,2853,2015-01-01
2854,2022,297,5476.354683249149,11.21,21.04,1.1913558019114894,1.4506076388888889,4.7475,1.3,4.0,1,2854,2015-01-01
2855,2022,298,21993.493773026166,8.43,21.18,1.0946353555035342,2.0095833333333335,3.8400000000000003,1.3,0.0,1,2855,2015-01-01
2856,2022,299,21706.183523122785,8.51,20.7,1.0805984381738725,1.5451388888888888,3.8400000000000003,1.3,0.0,1,2856,2015-01-01
2857,2022,300,16143.579952027403,11.59,20.99,1.2039572577307,1.0242708333333335,3.8400000000000003,1.3,3.0,1,2857,2015-01-01
2858,2022,301,17226.800192668106,11.78,21.97,1.2495813055879421,0.7163888888888889,3.8400000000000003,1.3,3.0,1,2858,2015-01-01
2859,2022,302,6512.757034579797,7.37,19.14,0.9899097773482932,2.055885416666667,3.8400000000000003,1.3,6.0,1,2859,2015-01-01
2860,2022,303,18758.13578153797,6.06,18.86,0.9396904932989237,1.1259201388888889,3.8400000000000003,1.3,3.0,1,2860,2015-01-01
2861,2022,304,10725.295795350768,9.36,18.52,1.0350542026771843,1.0601041666666666,4.485833333333334,1.3,3.0,1,2861,2015-01-01
2862,2022,305,18850.70872416046,8.6375,21.22,1.1034005533232474,2.3472222222222223,5.860416666666667,1.3,1.0,1,2862,2015-01-01
2863,2022,306,21396.6952822226,7.94,16.62,0.9286357777677339,1.6965798611111111,3.12,1.3,0.0,1,2863,2015-01-01
2864,2022,307,21314.756384997905,5.67,16.58,0.8603798669633019,0.9796527777777777,3.12,1.3,0.0,1,2864,2015-01-01
2865,2022,308,21804.111027408682,4.52,16.84,0.8352832036502531,1.09734375,3.12,1.3,0.0,1,2865,2015-01-01
2866,2022,309,21966.957612374248,6.63,16.7,0.8917223465296458,0.85171875,3.12,1.3,0.0,1,2866,2015-01-01
2867,2022,310,21914.792636462065,4.26,15.98,0.8046167628196209,1.9088020833333335,3.12,1.3,0.0,1,2867,2015-01-01
2868,2022,311,19689.407853937362,3.07,14.67,0.7397109315555653,2.4774652777777777,3.12,1.3,2.0,1,2868,2015-01-01
2869,2022,312,4660.947855211493,2.71,11.96,0.666340464337076,2.4036631944444444,3.12,1.3,6.0,1,2869,2015-01-01
2870,2022,313,21871.495538434912,4.25,14.09,0.7548528794124336,2.0803819444444445,3.12,1.3,0.0,1,2870,2015-01-01
2871,2022,314,15055.350488658269,5.41,11.13,0.7102266646626483,1.803142361111111,4.179166666666666,1.3,3.0,1,2871,2015-01-01
2872,2022,315,18318.611400570247,5.12,14.54,0.7891284883056316,1.2328993055555555,3.5999999999999996,1.3,2.0,1,2872,2015-01-01
2873,2022,316,17835.1866342712,2.768333333333333,14.72,0.7334397103704325,1.520138888888889,3.5999999999999996,1.3,3.0,1,2873,2015-01-01
2874,2022,317,21992.457389239626,1.91,14.55,0.7082983543233612,1.41265625,3.5999999999999996,1.3,0.0,1,2874,2015-01-01
2875,2022,318,22000.70666147491,3.16,14.86,0.746743586849575,0.6839583333333334,3.5999999999999996,1.3,0.0,1,2875,2015-01-01
2876,2022,319,21831.85792203394,3.09,15.3,0.7561269293983519,1.1982986111111111,3.5999999999999996,1.3,0.0,1,2876,2015-01-01
2877,2022,320,4239.9747742311165,2.96,13.74,0.7140971520429252,2.506545138888889,6.33125,1.3,5.0,1,2877,2015-01-01
2878,2022,321,4610.923174536838,5.64,11.91,0.7349720240548415,2.252690972222222,4.923333333333333,1.3,5.0,1,2878,2015-01-01
2879,2022,322,21531.60122832753,4.01,13.81,0.7417142903060485,1.0689062500000002,3.8400000000000003,1.3,0.0,1,2879,2015-01-01
2880,2022,323,22000.70666147491,3.67,15.87,0.7859569542673281,0.8124652777777778,3.8400000000000003,1.3,0.0,1,2880,2015-01-01
2881,2022,324,21855.18106410248,3.28,17.3,0.8138198196645575,0.8831597222222222,3.8400000000000003,1.3,0.0,1,2881,2015-01-01
2882,2022,325,22000.70666147491,3.95,16.01,0.7971066121134704,1.3447222222222222,3.8400000000000003,1.3,0.0,1,2882,2015-01-01
2883,2022,326,10450.978647817277,4.41,15.83,0.8046167628196209,1.6559895833333333,3.8400000000000003,1.3,4.0,1,2883,2015-01-01
2884,2022,327,5283.3815958789755,5.09,15.38,0.8108322850664239,0.5590104166666667,3.8400000000000003,1.3,6.0,1,2884,2015-01-01
2885,2022,328,21965.723541523537,3.79,16.18,0.7973737666136645,1.1119791666666667,3.8400000000000003,1.3,0.0,1,2885,2015-01-01
2886,2022,329,15949.495599775011,5.18,15.65,0.8206456882558675,2.8216493055555554,4.14,1.3,4.0,1,2886,2015-01-01
2887,2022,330,16640.748425273727,9.755,15.78,0.9588431322695292,2.990451388888889,4.309166666666666,1.3,2.0,1,2887,2015-01-01
2888,2022,331,15583.727359935872,2.11,13.67,0.69209288261184,1.222986111111111,4.32,1.3,2.0,1,2888,2015-01-01
2889,2022,332,10664.507303519013,1.96,13.52,0.6850477994974088,0.7148090277777778,4.32,1.3,3.0,1,2889,2015-01-01
2890,2022,333,15036.119792250776,1.96,13.94,0.694928725606326,1.0954513888888888,4.32,1.3,4.0,1,2890,2015-01-01
2891,2022,334,9569.906875789693,5.69,14.05,0.7912490916597135,1.3490798611111112,4.32,1.3,6.0,1,2891,2015-01-01
2892,2022,335,6847.445780318379,3.4,10.78,0.6552433858657872,1.6188541666666667,5.64125,1.3,6.0,1,2892,2015-01-01
2893,2022,336,11114.488559009827,3.89,9.66,0.6412150692710504,1.2090277777777778,6.48,1.3,6.0,1,2893,2015-01-01
2894,2022,337,12445.562226426573,2.2824999999999998,11.0,0.635339073156925,1.5005381944444443,7.409583333333334,1.3,5.0,1,2894,2015-01-01
2895,2022,338,6353.16444843047,-1.63,5.19,0.45149548629380354,1.904704861111111,7.279999999999999,1.3,7.0,1,2895,2015-01-01
2896,2022,339,5790.1145155233635,-1.25,2.32,0.4127469974531462,0.8244965277777778,3.8400000000000003,1.3,7.0,1,2896,2015-01-01
2897,2022,340,7614.853639406425,-1.73,4.46,0.4382367127879282,1.3922222222222222,3.8400000000000003,1.3,5.0,1,2897,2015-01-01
2898,2022,341,17714.934509282317,-1.46,6.16,0.4702835016950699,1.394201388888889,3.9937500000000004,1.3,2.0,1,2898,2015-01-01
2899,2022,342,10714.434395574392,-3.68,6.62,0.4415584125297317,0.5937673611111111,4.5600000000000005,1.3,3.0,1,2899,2015-01-01
2900,2022,343,17416.417965266355,-2.97,5.96,0.44235256430419917,0.8211979166666666,4.5600000000000005,1.3,2.0,1,2900,2015-01-01
2901,2022,344,13233.173659897984,-2.43,5.64,0.44586184292529124,0.7635416666666667,4.5600000000000005,1.3,2.0,1,2901,2015-01-01
2902,2022,345,19504.997227507025,-3.27,5.95,0.43744909356528927,0.5807291666666666,4.5600000000000005,1.3,1.0,1,2902,2015-01-01
2903,2022,346,12940.923491663198,-2.87,6.04,0.44522196896700633,1.4414756944444445,4.5600000000000005,1.3,4.0,1,2903,2015-01-01
2904,2022,347,5470.22470640862,4.22,6.4,0.5793893976638536,1.7797569444444445,4.8412500000000005,1.3,6.0,1,2904,2015-01-01
2905,2022,348,15543.067535110687,2.18,8.85,0.5877114560317068,1.4508854166666667,9.136666666666667,1.3,4.0,1,2905,2015-01-01
2906,2022,349,4640.888212330527,1.91,9.89,0.603625869637065,0.6185069444444444,8.64,1.3,7.0,1,2906,2015-01-01
2907,2022,350,12309.210952368972,3.13,10.36,0.6398929406251485,0.4538715277777778,8.64,1.3,3.0,1,2907,2015-01-01
2908,2022,351,17639.398553417373,1.86,11.52,0.6374752740018398,1.3219791666666667,8.64,1.3,2.0,1,2908,2015-01-01
2909,2022,352,21012.99255035214,-0.36,10.45,0.5687856605256644,0.73296875,8.64,1.3,1.0,1,2909,2015-01-01
2910,2022,353,22000.70666147491,-0.18,11.26,0.5887335147822598,0.49211805555555554,8.64,1.3,0.0,1,2910,2015-01-01
2911,2022,354,16003.23797886305,0.52,10.46,0.586690961671176,1.0098958333333334,8.64,1.3,4.0,1,2911,2015-01-01
2912,2022,355,5843.088690918169,-0.8,7.45,0.5040253967869062,1.7969618055555554,8.64,1.3,6.0,1,2912,2015-01-01
2913,2022,356,5244.173959387265,-0.99,7.53,0.5020666525897578,1.5369444444444444,8.64,1.3,5.0,1,2913,2015-01-01
2914,2022,357,10612.612884095757,0.91,7.97,0.5452159698285011,2.343506944444444,8.06,1.3,4.0,1,2914,2015-01-01
2915,2022,358,3961.983930679133,0.81,2.82,0.4526297300851195,2.5335763888888887,2.88,1.3,7.0,1,2915,2015-01-01
2916,2022,359,8009.172601329734,-0.95,3.94,0.44235256430419917,0.5669965277777778,2.88,1.3,5.0,1,2916,2015-01-01
2917,2022,360,11322.709550648584,-3.8033333333333337,6.21,0.4331655081536276,0.7519270833333334,2.88,1.3,4.0,1,2917,2015-01-01
2918,2022,361,7616.131351527483,-4.44,5.36,0.41050961132146985,0.7703993055555556,2.88,1.3,6.0,1,2918,2015-01-01
2919,2022,362,19501.232350048704,-3.5,4.67,0.414244569988191,0.6856423611111111,2.88,1.3,1.0,1,2919,2015-01-01
2920,2022,363,22000.70666147491,-3.74,7.09,0.4481078042346294,0.6190277777777777,2.88,1.3,0.0,1,2920,2015-01-01
2921,2022,364,22000.70666147491,-2.69,6.39,0.45376649006716147,0.5007986111111111,2.88,1.3,0.0,1,2921,2015-01-01
2922,2022,365,22000.70666147491,-2.73,6.81,0.4599815852885868,0.7766319444444445,2.88,1.3,0.0,1,2922,2015-01-01
2923,2023,1,21563.25050439023,-4.3,7.54,0.44634228139888477,0.7744965277777778,2.88,1.3,0.0,1,2923,2015-01-01
2924,2023,2,21969.62959154849,-4.1,7.62,0.45084847486034635,0.4476909722222222,2.88,1.3,0.0,1,2924,2015-01-01
2925,2023,3,22000.70666147491,-3.16,8.01,0.47280630037856436,0.8215972222222222,2.88,1.3,0.0,1,2925,2015-01-01
2926,2023,4,6432.135716375324,-3.01,5.13,0.4287128274699271,2.2127430555555554,3.4591666666666665,1.3,5.0,1,2926,2015-01-01
2927,2023,5,4456.449691581283,1.17,4.34,0.4840491469277941,1.2691840277777777,5.531666666666667,1.3,7.0,1,2927,2015-01-01
2928,2023,6,11966.181716911013,-0.41,4.03,0.45246754131701933,1.0661631944444445,8.16,1.3,4.0,1,2928,2015-01-01
2929,2023,7,15028.208329893434,-0.94,7.61,0.504382255785821,0.9299999999999999,8.16,1.3,3.0,1,2929,2015-01-01
2930,2023,8,11778.598119261234,0.7000000000000001,6.71,0.5177438007047437,0.8663368055555556,5.849166666666666,1.3,4.0,1,2930,2015-01-01
2931,2023,9,10403.680313907878,-3.6283333333333334,5.84,0.4301322303913047,1.3350347222222223,5.599166666666667,1.3,4.0,1,2931,2015-01-01
2932,2023,10,15365.792536573863,-6.41,2.49,0.34383283837328,1.6699131944444445,9.120000000000001,1.3,4.0,1,2932,2015-01-01
2933,2023,11,8087.276221177956,-7.04,1.68,0.32594093283483383,1.2734895833333333,9.120000000000001,1.3,5.0,1,2933,2015-01-01
2934,2023,12,16023.778633177011,-4.644166666666667,1.68,0.3561838644650055,1.9913368055555556,9.120000000000001,1.3,2.0,1,2934,2015-01-01
2935,2023,13,21707.214558880692,-5.67,0.56,0.32898671546728236,2.637916666666667,9.120000000000001,1.3,0.0,1,2935,2015-01-01
2936,2023,14,8686.369159943086,-5.05,2.13,0.35676394472468487,1.9044618055555556,9.120000000000001,1.3,7.0,1,2936,2015-01-01
2937,2023,15,8921.56417906654,-8.336666666666666,-1.3,0.27756487943590175,1.3515972222222221,9.120000000000001,1.3,6.0,1,2937,2015-01-01
2938,2023,16,17562.89576489418,-8.37,1.73,0.3107343485801679,0.43854166666666666,9.120000000000001,1.3,2.0,1,2938,2015-01-01
2939,2023,17,5951.892603030824,-7.68,2.68,0.33033482439688266,0.7536979166666666,9.120000000000001,1.3,3.0,1,2939,2015-01-01
2940,2023,18,21788.713572565142,-6.608333333333333,2.55,0.34207710228865396,0.9391319444444446,9.120000000000001,1.3,0.0,1,2940,2015-01-01
2941,2023,19,21935.459623862258,-8.98,3.16,0.3204018725307497,0.9182812499999999,9.120000000000001,1.3,0.0,1,2941,2015-01-01
2942,2023,20,21819.819327397574,-9.93,3.64,0.3148286594481686,0.5243923611111111,9.120000000000001,1.3,0.0,1,2942,2015-01-01
2943,2023,21,21419.230167809314,-9.0,3.52,0.3244878466498823,0.7041840277777778,9.120000000000001,1.3,0.0,1,2943,2015-01-01
2944,2023,22,20841.393508970395,-7.83,3.4,0.33739912517998205,0.7556597222222222,9.120000000000001,1.3,1.0,1,2944,2015-01-01
2945,2023,23,17601.381053503832,-7.135833333333334,3.44,0.34669491649587186,0.8663194444444444,9.120000000000001,1.3,1.0,1,2945,2015-01-01
2946,2023,24,21389.920269294427,-8.706666666666667,2.82,0.31960606586757045,1.062638888888889,9.120000000000001,1.3,1.0,1,2946,2015-01-01
2947,2023,25,21430.133430370097,-8.8,2.56,0.315417444661507,0.9663194444444445,9.120000000000001,1.3,0.0,1,2947,2015-01-01
2948,2023,26,19890.560422490704,-3.84,2.71,0.3809886076433673,1.2125,9.120000000000001,1.3,1.0,1,2948,2015-01-01
2949,2023,27,15146.343582764406,-5.48,2.63,0.3576850297498583,0.7242534722222222,9.120000000000001,1.3,1.0,1,2949,2015-01-01
2950,2023,28,9472.49572530203,-7.1,2.85,0.3396575724000745,0.5583854166666666,9.120000000000001,1.3,4.0,1,2950,2015-01-01
2951,2023,29,14482.306435941253,-0.11,5.88,0.4885425384066432,1.0411631944444446,8.15375,1.3,5.0,1,2951,2015-01-01
2952,2023,30,9389.729783986377,1.89,6.38,0.5336636931653733,1.8004166666666666,9.03125,1.3,6.0,1,2952,2015-01-01
2953,2023,31,4587.4503342334565,3.033333333333333,4.54,0.5207347012665762,3.670555555555555,15.497916666666665,1.3,7.0,1,2953,2015-01-01
2954,2023,32,18224.902724793235,-0.87,6.85,0.4921986564251094,1.1009895833333332,4.5600000000000005,1.3,1.0,1,2954,2015-01-01
2955,2023,33,15890.288075427641,-0.63,7.07,0.5002918092375734,1.5321527777777777,4.044583333333334,1.3,3.0,1,2955,2015-01-01
2956,2023,34,14318.16361593332,-3.21,4.36,0.41394467183840705,1.5389756944444446,4.800000000000001,1.3,2.0,1,2956,2015-01-01
2957,2023,35,7496.037296257168,-5.72,4.68,0.38224412205178626,1.3138888888888889,4.800000000000001,1.3,6.0,1,2957,2015-01-01
2958,2023,36,15034.544666503936,-1.61,5.14,0.4510101508878057,1.9629166666666669,4.800000000000001,1.3,4.0,1,2958,2015-01-01
2959,2023,37,7707.180377662188,1.02,9.29,0.5731662569512193,3.246892361111111,4.63625,1.3,6.0,1,2959,2015-01-01
2960,2023,38,14330.71008861486,1.0525,7.7,0.54278328608736,2.7169097222222223,7.142916666666668,1.3,3.0,1,2960,2015-01-01
2961,2023,39,10294.228913972367,-2.12,4.89,0.4388677099995331,0.7378645833333333,7.8950000000000005,1.3,5.0,1,2961,2015-01-01
2962,2023,40,6570.790720332349,-7.575833333333334,-0.16,0.2982185702759263,2.154982638888889,8.16,1.3,6.0,1,2962,2015-01-01
2963,2023,41,19864.174846054302,-9.12,1.29,0.29716420860238485,1.3377083333333333,8.16,1.3,1.0,1,2963,2015-01-01
2964,2023,42,9958.955080207028,-9.03,1.56,0.3012129520914767,2.558576388888889,8.16,1.3,5.0,1,2964,2015-01-01
2965,2023,43,3688.0021903398138,-3.3,-0.25,0.3485681652624424,1.9784895833333331,8.16,1.3,8.0,1,2965,2015-01-01
2966,2023,44,17454.32106578343,-6.08,2.72,0.35102217648888856,0.8760416666666667,8.16,1.3,3.0,1,2966,2015-01-01
2967,2023,45,8018.756360014907,-7.43,2.42,0.33021206724723207,1.2346006944444445,8.16,1.3,7.0,1,2967,2015-01-01
2968,2023,46,11183.67782939553,-4.55,3.07,0.37614065417844034,1.1605555555555556,8.16,1.3,4.0,1,2968,2015-01-01
2969,2023,47,14781.73991399924,-5.3933333333333335,3.48,0.37021408063394556,1.7974999999999999,4.9245833333333335,1.3,1.0,1,2969,2015-01-01
2970,2023,48,22000.70666147491,-8.64,4.23,0.3376494055248843,0.9102430555555555,2.64,1.3,0.0,1,2970,2015-01-01
2971,2023,49,22000.70666147491,-5.76,6.94,0.41439459106873977,0.8307638888888889,2.64,1.3,0.0,1,2971,2015-01-01
2972,2023,50,21977.655632262373,-3.47,8.46,0.475171686371872,0.9743923611111112,2.64,1.3,0.0,1,2972,2015-01-01
2973,2023,51,22000.70666147491,-1.56,11.12,0.5583534082363774,0.9852256944444444,2.64,1.3,0.0,1,2973,2015-01-01
2974,2023,52,17089.24721109467,0.3091666666666667,9.79,0.5689675942731162,1.6405902777777779,2.64,1.3,1.0,1,2974,2015-01-01
2975,2023,53,22000.70666147491,-0.35,10.95,0.5789861146441849,1.4821527777777779,2.64,1.3,0.0,1,2975,2015-01-01
2976,2023,54,22000.70666147491,1.32,12.21,0.6407740926001526,0.8398784722222222,2.64,1.3,0.0,1,2976,2015-01-01
2977,2023,55,19210.38558589903,-3.86,9.85,0.49237335812689925,1.8297048611111113,2.64,1.3,1.0,1,2977,2015-01-01
2978,2023,56,21378.92297737932,-3.68,11.11,0.518109217136534,2.0104166666666665,2.64,1.3,1.0,1,2978,2015-01-01
2979,2023,57,21237.53795036424,3.01,11.87,0.6711467946684183,1.0147743055555556,2.64,1.3,1.0,1,2979,2015-01-01
2980,2023,58,22000.70666147491,1.65,14.01,0.6892672322787011,0.7161111111111111,2.64,1.3,0.0,1,2980,2015-01-01
2981,2023,59,21993.493773026166,1.35,13.99,0.6817817574680689,0.7950694444444444,2.64,1.3,0.0,1,2981,2015-01-01
2982,2023,60,21993.451974969135,1.3,13.78,0.6757526068143007,0.9309722222222222,2.64,1.3,0.0,1,2982,2015-01-01
2983,2023,61,20710.030665790153,3.36,15.29,0.7627825311507216,0.7224131944444445,2.64,1.3,2.0,1,2983,2015-01-01
2984,2023,62,15268.432402165769,5.75,16.37,0.8566732343827426,1.0338541666666667,2.64,1.3,3.0,1,2984,2015-01-01
2985,2023,63,15735.06266732266,7.56,14.81,0.8638138752987238,2.259479166666667,3.1100000000000003,1.3,4.0,1,2985,2015-01-01
2986,2023,64,16209.0664971664,6.91,17.6,0.927109469376904,1.1539409722222222,2.64,1.3,1.0,1,2986,2015-01-01
2987,2023,65,18478.031023671378,7.34,21.86,1.080249547515709,2.8983159722222225,2.7283333333333335,1.3,2.0,1,2987,2015-01-01
2988,2023,66,9360.145443353917,5.61,14.43,0.7992460536506965,2.0296354166666664,10.677083333333334,1.3,6.0,1,2988,2015-01-01
2989,2023,67,4596.041074202572,6.02,12.67,0.7638110305027026,2.186475694444445,11.418333333333333,1.3,7.0,1,2989,2015-01-01
2990,2023,68,4205.463882949716,8.87,12.46,0.8344485794436968,3.465642361111111,16.86625,1.3,8.0,1,2990,2015-01-01
2991,2023,69,14930.98663019732,6.02,12.88,0.7692306908127163,0.7449131944444445,11.75125,1.3,4.0,1,2991,2015-01-01
2992,2023,70,22000.70666147491,5.48,14.86,0.8073139972892074,1.4444965277777777,4.800000000000001,1.3,0.0,1,2992,2015-01-01
2993,2023,71,16996.094832347368,6.2,18.21,0.9240634605708478,1.7842708333333333,4.800000000000001,1.3,3.0,1,2993,2015-01-01
2994,2023,72,4080.267577219863,8.22,15.65,0.9077664015991361,2.259965277777778,3.767916666666667,1.3,7.0,1,2994,2015-01-01
2995,2023,73,18523.66610514677,8.47,19.17,1.0270175939950368,0.8328298611111111,3.12,1.3,2.0,1,2995,2015-01-01
2996,2023,74,17587.472929264128,11.49,18.06,1.0925196776848038,2.4927604166666666,3.12,1.3,4.0,1,2996,2015-01-01
2997,2023,75,13322.829069612008,6.9875,14.31,0.8335452305241641,1.5464236111111112,13.2025,1.3,5.0,1,2997,2015-01-01
2998,2023,76,6736.607856815191,5.225833333333334,11.07,0.7043557258765257,1.1656770833333332,4.19375,1.3,4.0,1,2998,2015-01-01
2999,2023,77,19386.435168339453,5.17,17.27,0.8658226038069875,1.2519270833333334,2.4000000000000004,1.3,0.0,1,2999,2015-01-01
3000,2023,78,6033.09686551931,6.73,17.38,0.9149781031651205,1.6224305555555556,2.4000000000000004,1.3,4.0,1,3000,2015-01-01
3001,2023,79,18319.856068433408,9.52,17.07,0.9924976163760977,1.5178819444444445,2.4000000000000004,1.3,2.0,1,3001,2015-01-01
3002,2023,80,5616.407593361358,4.78,13.58,0.7553622726045995,1.604826388888889,6.730416666666667,1.3,7.0,1,3002,2015-01-01
3003,2023,81,3667.820827365691,3.64,6.6,0.5717692153840478,3.163107638888889,5.6925,1.3,8.0,1,3003,2015-01-01
3004,2023,82,16180.10524071259,3.92,13.46,0.7307546138771785,1.9323090277777777,3.5999999999999996,1.3,2.0,1,3004,2015-01-01
3005,2023,83,15597.659522214464,3.84,16.19,0.7989783476279296,1.091388888888889,3.5999999999999996,1.3,4.0,1,3005,2015-01-01
3006,2023,84,15825.887440166533,8.1,18.12,0.9805784390207812,1.647708333333333,5.633333333333333,1.3,2.0,1,3006,2015-01-01
3007,2023,85,3723.492965439605,9.511666666666667,17.29,0.9993732675366583,3.4698090277777776,6.565833333333333,1.3,7.0,1,3007,2015-01-01
3008,2023,86,8474.972791893788,7.89,14.99,0.8785431464558862,1.1157812500000002,10.15375,1.3,6.0,1,3008,2015-01-01
3009,2023,87,16400.825155107297,7.71,18.04,0.9656191571844852,1.8294791666666665,9.8825,1.3,2.0,1,3009,2015-01-01
3010,2023,88,22000.70666147491,7.1,20.12,1.013085211050845,1.1832118055555556,9.120000000000001,1.3,0.0,1,3010,2015-01-01
3011,2023,89,17127.339608577804,7.92,19.95,1.0347182456297177,1.0386111111111112,9.120000000000001,1.3,2.0,1,3011,2015-01-01
3012,2023,90,4668.45678511318,4.8,17.27,0.8552513475479416,2.2317881944444444,8.2925,1.3,5.0,1,3012,2015-01-01
3013,2023,91,9249.278182954047,0.74,6.68,0.5179264804842454,2.699045138888889,6.939166666666667,1.3,3.0,1,3013,2015-01-01
3014,2023,92,14916.41535466458,0.66,12.32,0.628751452602615,3.1299652777777776,2.4000000000000004,1.3,2.0,1,3014,2015-01-01
3015,2023,93,15902.601856795198,2.97,15.35,0.7543437884444673,2.720434027777778,2.4000000000000004,1.3,2.0,1,3015,2015-01-01
3016,2023,94,19096.057728905675,4.79,17.56,0.8632407055634266,1.9520312499999999,2.4000000000000004,1.3,1.0,1,3016,2015-01-01
3017,2023,95,21722.387046953896,7.91,20.43,1.0506120573311488,0.975798611111111,2.4000000000000004,1.3,0.0,1,3017,2015-01-01
3018,2023,96,15490.768178153045,10.65,21.58,1.1905958060516084,1.4613541666666667,4.669583333333334,1.3,1.0,1,3018,2015-01-01
3019,2023,97,20793.12107515567,10.2,22.39,1.2043409362898976,1.9241319444444445,5.5200000000000005,1.3,0.0,1,3019,2015-01-01
3020,2023,98,10093.279600862696,8.16,21.08,1.0816457031964626,2.23171875,5.5200000000000005,1.3,4.0,1,3020,2015-01-01
3021,2023,99,14299.215624596489,11.65,22.27,1.2563348789294049,2.5678819444444443,5.5200000000000005,1.3,4.0,1,3021,2015-01-01
3022,2023,100,8296.162807194782,11.93,22.85,1.2909923232173957,1.9187500000000002,5.5200000000000005,1.3,4.0,1,3022,2015-01-01
3023,2023,101,8311.475622217597,14.04,23.82,1.4220800424017086,3.5696180555555554,5.5200000000000005,1.3,6.0,1,3023,2015-01-01
3024,2023,102,5325.3192721213245,12.81,22.18,1.2995812901515975,3.2774652777777775,14.472083333333334,1.3,7.0,1,3024,2015-01-01
3025,2023,103,9340.487228626838,5.47,15.93,0.836397177306499,2.862517361111111,26.132083333333334,1.3,5.0,1,3025,2015-01-01
3026,2023,104,16707.98262175006,5.204166666666667,13.4,0.7616055401459506,2.159913194444444,3.8499999999999996,1.3,1.0,1,3026,2015-01-01
3027,2023,105,21999.670277688372,4.5,17.36,0.8493020454122343,1.5148437499999998,3.12,1.3,0.0,1,3027,2015-01-01
3028,2023,106,10994.433543519272,5.226666666666667,17.78,0.8822354271549288,1.8724826388888889,4.869583333333334,1.3,4.0,1,3028,2015-01-01
3029,2023,107,19528.266335428616,5.03,18.23,0.8896609109841597,1.7866145833333331,6.24,1.3,2.0,1,3029,2015-01-01
3030,2023,108,20347.093427132157,8.15,19.45,1.0256834960593284,1.5228993055555557,6.24,1.3,0.0,1,3030,2015-01-01
3031,2023,109,21136.399187107618,10.47,21.75,1.1902159674699668,1.0339409722222221,6.24,1.3,0.0,1,3031,2015-01-01
3032,2023,110,19645.163952369476,11.72,23.69,1.3169094574167741,0.9123263888888888,6.24,1.3,1.0,1,3032,2015-01-01
3033,2023,111,7962.657994766023,12.58,22.31,1.2954850857078437,1.3569444444444445,4.880416666666666,1.3,6.0,1,3033,2015-01-01
3034,2023,112,7824.720704868729,12.104166666666668,23.84,1.3392398885128955,1.4642708333333332,6.446666666666667,1.3,5.0,1,3034,2015-01-01
3035,2023,113,8653.483695575078,10.86,24.04,1.2958941967503124,2.3336458333333336,10.8,1.3,4.0,1,3035,2015-01-01
3036,2023,114,9970.073888191813,13.23,25.17,1.4462247269195916,1.5515451388888888,10.8,1.3,5.0,1,3036,2015-01-01
3037,2023,115,3968.125096251677,11.96,21.21,1.2267784277083766,1.401701388888889,6.5075,1.3,7.0,1,3037,2015-01-01
3038,2023,116,14516.228544630223,10.179166666666667,22.22,1.1970375267134494,1.0233159722222223,5.741666666666667,1.3,2.0,1,3038,2015-01-01
3039,2023,117,17164.377862331854,10.16,23.98,1.265122243843894,1.0986979166666666,5.5200000000000005,1.3,1.0,1,3039,2015-01-01
3040,2023,118,17554.931063801894,11.78,24.97,1.3735543682278935,1.4652604166666667,5.5200000000000005,1.3,1.0,1,3040,2015-01-01
3041,2023,119,14921.60209337481,14.16,26.3,1.5416575658261662,2.0221354166666665,4.474166666666667,1.3,3.0,1,3041,2015-01-01
3042,2023,120,8756.764441874135,13.73,25.32,1.475762812215598,2.210746527777778,7.265416666666667,1.3,3.0,1,3042,2015-01-01
3043,2023,121,9904.890944680259,10.713333333333333,20.14,1.1392930734269795,2.0725868055555554,7.944166666666667,1.3,3.0,1,3043,2015-01-01
3044,2023,122,18815.179702365687,8.67,19.87,1.0574400787909977,2.5653645833333334,6.24,1.3,1.0,1,3044,2015-01-01
3045,2023,123,19564.580423631705,7.11,20.98,1.042131443542968,2.6140625,6.24,1.3,0.0,1,3045,2015-01-01
3046,2023,124,16198.925374476583,4.84,16.1,0.8236649803502096,3.5912152777777777,6.300000000000001,1.3,1.0,1,3046,2015-01-01
3047,2023,125,21818.496237723062,5.47,21.26,0.9970406249536043,2.083107638888889,6.24,1.3,0.0,1,3047,2015-01-01
3048,2023,126,21572.174325397064,11.29,25.36,1.369254712161699,1.16234375,6.24,1.3,0.0,1,3048,2015-01-01
3049,2023,127,17892.529294899537,12.7,28.42,1.573375866823095,2.548541666666667,6.24,1.3,1.0,1,3049,2015-01-01
3050,2023,128,10150.30913549457,16.945833333333333,30.44,1.904083202982424,3.305920138888889,4.355833333333333,1.3,2.0,1,3050,2015-01-01
3051,2023,129,4851.858935680856,13.706666666666665,25.41,1.4788219861639014,1.9419618055555554,2.8854166666666665,1.3,5.0,1,3051,2015-01-01
3052,2023,130,11058.045806185477,10.85,21.79,1.2062609366132973,1.1220833333333333,13.810833333333333,1.3,3.0,1,3052,2015-01-01
3053,2023,131,12715.285412510646,11.24,25.72,1.3826221276529653,1.0433159722222223,13.68,1.3,2.0,1,3053,2015-01-01
3054,2023,132,13548.250790939086,14.4,27.45,1.6091212898154936,1.5463194444444444,13.68,1.3,2.0,1,3054,2015-01-01
3055,2023,133,11342.759747819497,16.82,30.06,1.8753016732670285,2.7657291666666666,10.222083333333334,1.3,3.0,1,3055,2015-01-01
3056,2023,134,9625.164021207005,10.09,24.78,1.2946672029058288,3.299826388888889,6.11,1.3,3.0,1,3056,2015-01-01
3057,2023,135,13493.908283927021,6.248333333333333,19.05,0.9514325539348526,3.193090277777778,8.235833333333334,1.3,3.0,1,3057,2015-01-01
3058,2023,136,20720.076137331518,6.01,18.66,0.9320014261385093,3.456076388888889,6.24,1.3,0.0,1,3058,2015-01-01
3059,2023,137,21876.226718573573,6.56,23.05,1.0946353555035342,1.3474305555555555,6.24,1.3,1.0,1,3059,2015-01-01
3060,2023,138,19128.967115131767,14.19,27.38,1.5953276861170849,1.4996527777777777,6.24,1.3,1.0,1,3060,2015-01-01
3061,2023,139,6629.6393090431375,16.46,27.97,1.7412055473602954,0.9028993055555556,6.24,1.3,5.0,1,3061,2015-01-01
3062,2023,140,13957.24271542206,14.887500000000001,29.08,1.716853845046386,2.479253472222222,6.24,1.3,4.0,1,3062,2015-01-01
3063,2023,141,10712.317209038676,14.184166666666666,25.35,1.4981065029482403,1.7381597222222223,5.01125,1.3,4.0,1,3063,2015-01-01
3064,2023,142,8624.21521291157,13.95,25.87,1.5114357693221832,0.9356423611111112,4.11875,1.3,3.0,1,3064,2015-01-01
3065,2023,143,20225.299632833543,15.663333333333334,29.54,1.7825975985335467,1.7398090277777778,6.24,1.3,0.0,1,3065,2015-01-01
3066,2023,144,16278.749889863184,15.64,31.59,1.895175601894692,1.1033680555555554,6.24,1.3,3.0,1,3066,2015-01-01
3067,2023,145,6657.92178457981,17.54,30.95,1.9682518292666447,2.667986111111111,6.24,1.3,6.0,1,3067,2015-01-01
3068,2023,146,9359.247340460892,16.35,26.87,1.6781249255893527,2.380798611111111,7.13625,1.3,7.0,1,3068,2015-01-01
3069,2023,147,16368.377697441421,16.41,29.21,1.8052535010647666,2.7270659722222224,4.647083333333334,1.3,1.0,1,3069,2015-01-01
3070,2023,148,9917.825216632702,16.85,29.77,1.8606561653896267,1.3177777777777777,4.32,1.3,4.0,1,3070,2015-01-01
3071,2023,149,9954.334269240228,18.29,31.42,2.041338339627944,1.8508159722222222,4.32,1.3,4.0,1,3071,2015-01-01
3072,2023,150,8247.500625728648,20.9,31.97,2.241753889084777,1.6838715277777778,4.32,1.3,6.0,1,3072,2015-01-01
3073,2023,151,6634.611160291485,17.441666666666666,27.08,1.7460676664400534,1.6910243055555556,7.143333333333334,1.3,5.0,1,3073,2015-01-01
3074,2023,152,15973.007487887447,16.166666666666668,29.44,1.8045246373022608,1.9633333333333332,6.94875,1.3,1.0,1,3074,2015-01-01
3075,2023,153,19931.905193085815,16.07,30.21,1.841655038997358,2.5947569444444443,6.0,1.3,1.0,1,3075,2015-01-01
3076,2023,154,15219.505595664263,17.63,31.18,1.9871976814574137,2.4296180555555558,6.0,1.3,3.0,1,3076,2015-01-01
3077,2023,155,16498.02803135267,17.54,32.32,2.050485726604432,1.4653993055555556,6.0,1.3,2.0,1,3077,2015-01-01
3078,2023,156,10035.315022656307,19.71,33.67,2.275655970146482,2.4635069444444446,6.0,1.3,5.0,1,3078,2015-01-01
3079,2023,157,8412.716690362911,16.01,31.09,1.8877725059511004,1.8044270833333331,5.183333333333334,1.3,3.0,1,3079,2015-01-01
3080,2023,158,4388.273598474258,16.200833333333335,29.89,1.8311568454610716,2.155520833333333,4.69,1.3,6.0,1,3080,2015-01-01
3081,2023,159,7919.603644683225,13.52,25.72,1.4844960826767637,2.6768923611111113,5.5945833333333335,1.3,5.0,1,3081,2015-01-01
3082,2023,160,18500.486562804723,13.53,26.67,1.5293168338435716,2.0472395833333334,3.3925,1.3,2.0,1,3082,2015-01-01
3083,2023,161,20551.586333414765,15.33,29.75,1.7759392512624397,1.3659027777777777,2.88,1.3,1.0,1,3083,2015-01-01
3084,2023,162,14105.775213858962,18.2175,27.8,1.8271011348577795,1.1464583333333334,2.88,1.3,3.0,1,3084,2015-01-01
3085,2023,163,19790.493863248397,17.94,32.23,2.0695036639674935,1.0482465277777777,2.88,1.3,1.0,1,3085,2015-01-01
3086,2023,164,12447.911253640184,21.27,33.0,2.3358891009012477,1.4341493055555556,2.88,1.3,2.0,1,3086,2015-01-01
3087,2023,165,12705.502359008526,18.12666666666667,34.63,2.234280140065047,1.8367881944444444,2.88,1.3,2.0,1,3087,2015-01-01
3088,2023,166,18638.573893925404,18.12,33.41,2.154766468639845,1.976232638888889,2.88,1.3,1.0,1,3088,2015-01-01
3089,2023,167,20087.70503492676,16.74,31.72,1.9664837614139412,3.1064583333333333,2.88,1.3,1.0,1,3089,2015-01-01
3090,2023,168,21066.029041362108,16.71,32.22,1.9943432773917482,2.7979166666666666,2.88,1.3,0.0,1,3090,2015-01-01
3091,2023,169,22000.70666147491,19.12,33.63,2.2338411846796777,1.9395659722222223,2.88,1.3,0.0,1,3091,2015-01-01
3092,2023,170,22000.70666147491,18.029166666666665,32.75,2.1073234432085965,2.8518576388888888,2.88,1.3,0.0,1,3092,2015-01-01
3093,2023,171,22000.70666147491,17.738333333333333,33.92,2.1629679613460353,1.5181250000000002,2.88,1.3,0.0,1,3093,2015-01-01
3094,2023,172,21988.3536521505,16.107499999999998,31.11,1.8944626665299933,3.3035416666666664,2.88,1.3,0.0,1,3094,2015-01-01
3095,2023,173,22000.70666147491,15.743333333333334,33.51,2.013708353060247,2.0967708333333333,2.88,1.3,0.0,1,3095,2015-01-01
3096,2023,174,21976.619248475836,15.73,31.5,1.895175601894692,3.121753472222222,2.88,1.3,0.0,1,3096,2015-01-01
3097,2023,175,21093.695952652994,15.39,31.9,1.8986009517675535,3.1863541666666664,2.88,1.3,0.0,1,3097,2015-01-01
3098,2023,176,20776.97661487532,15.53,31.15,1.8640270074943452,2.701875,2.88,1.3,0.0,1,3098,2015-01-01
3099,2023,177,22000.70666147491,16.79,33.57,2.081235683294686,1.671388888888889,2.88,1.3,0.0,1,3099,2015-01-01
3100,2023,178,22000.70666147491,21.712500000000002,36.2,2.5971148077594983,2.405017361111111,2.88,1.3,0.0,1,3100,2015-01-01
3101,2023,179,21839.511925496856,17.760833333333334,35.45,2.2643615035706093,2.5377430555555556,2.88,1.3,0.0,1,3101,2015-01-01
3102,2023,180,21998.63389390183,17.71,36.26,2.3154325007648784,1.5866145833333334,2.88,1.3,0.0,1,3102,2015-01-01
3103,2023,181,22000.70666147491,19.51,34.83,2.3406848939130214,2.600815972222222,2.88,1.3,0.0,1,3103,2015-01-01
3104,2023,182,21998.63389390183,17.314166666666665,33.15,2.087692289418362,2.9751909722222223,2.88,1.3,0.0,1,3104,2015-01-01
3105,2023,183,21181.412839962777,17.31,32.99,2.0775245862486558,2.7088888888888887,2.88,1.3,0.0,1,3105,2015-01-01
3106,2023,184,21538.88438015931,19.09,34.72,2.3045862544981546,2.1665104166666667,2.88,1.3,0.0,1,3106,2015-01-01
3107,2023,185,21944.020170336807,20.26,35.27,2.4235356190809885,1.7677604166666667,2.88,1.3,0.0,1,3107,2015-01-01
3108,2023,186,21928.667653999084,18.79416666666667,34.34,2.2592589318465857,2.049513888888889,2.88,1.3,0.0,1,3108,2015-01-01
3109,2023,187,21976.842479997234,18.74,33.75,2.2167804298473834,2.263125,2.88,1.3,0.0,1,3109,2015-01-01
3110,2023,188,21772.35064599202,21.05,34.71,2.4398398734839257,3.011423611111111,2.88,1.3,0.0,1,3110,2015-01-01
3111,2023,189,22000.70666147491,23.33,35.7,2.6821907492960224,4.0656944444444445,2.88,1.3,0.0,1,3111,2015-01-01
3112,2023,190,21908.502544624767,23.73,37.0,2.816260710167066,3.6325000000000003,2.88,1.3,0.0,1,3112,2015-01-01
3113,2023,191,22000.70666147491,23.7,36.68,2.788191606857975,1.5297569444444443,2.88,1.3,0.0,1,3113,2015-01-01
3114,2023,192,22000.70666147491,20.52,37.45,2.601434307642911,2.095972222222222,2.88,1.3,0.0,1,3114,2015-01-01
3115,2023,193,21906.478658386288,18.91,35.44,2.341370706745483,2.8222569444444443,2.88,1.3,0.0,1,3115,2015-01-01
3116,2023,194,21945.542178549415,18.72,36.97,2.4348676306816213,2.3216666666666668,2.88,1.3,0.0,1,3116,2015-01-01
3117,2023,195,20999.516071755967,19.4,37.25,2.503833375471394,2.9163541666666664,2.88,1.3,0.0,1,3117,2015-01-01
3118,2023,196,21123.830072776385,20.519166666666667,38.93,2.714721601540333,2.9615277777777775,2.88,1.3,0.0,1,3118,2015-01-01
3119,2023,197,21563.16078223124,19.37333333333333,36.26,2.4308489454771816,2.8619270833333332,2.88,1.3,0.0,1,3119,2015-01-01
3120,2023,198,20687.09985014352,16.888333333333335,32.06,1.99543693686042,3.3256944444444443,3.4583333333333335,1.3,1.0,1,3120,2015-01-01
3121,2023,199,20595.18333065245,16.82,30.89,1.9227300412923005,2.8598784722222224,6.08125,1.3,1.0,1,3121,2015-01-01
3122,2023,200,18438.446495284974,17.61,32.63,2.0738192603006746,1.9030902777777778,8.584166666666667,1.3,1.0,1,3122,2015-01-01
3123,2023,201,17171.357724626767,20.79,34.67,2.4185923208614777,1.5855208333333333,9.36,1.3,1.0,1,3123,2015-01-01
3124,2023,202,20578.55082885227,21.3,37.26,2.6461185246235135,2.5630034722222224,9.36,1.3,1.0,1,3124,2015-01-01
3125,2023,203,20958.05215713587,21.57,37.45,2.6814188246727455,1.8428993055555556,9.36,1.3,1.0,1,3125,2015-01-01
3126,2023,204,18907.452388860125,21.77,36.81,2.647644871268672,3.473611111111111,9.36,1.3,1.0,1,3126,2015-01-01
3127,2023,205,18336.175816113373,24.363333333333333,37.15,2.879973736843368,4.453038194444444,9.36,1.3,2.0,1,3127,2015-01-01
3128,2023,206,21676.111944497046,19.9825,37.41,2.5583340408184507,3.4685243055555555,9.36,1.3,1.0,1,3128,2015-01-01
3129,2023,207,19525.836357514163,19.520833333333332,33.88,2.2770503027322078,2.828107638888889,9.36,1.3,1.0,1,3129,2015-01-01
3130,2023,208,21902.02184900086,19.19,36.0,2.399607451789921,2.3047395833333333,9.36,1.3,0.0,1,3130,2015-01-01
3131,2023,209,20609.846715140382,21.34,37.83,2.6930180066950187,1.5564236111111112,9.36,1.3,0.0,1,3131,2015-01-01
3132,2023,210,16358.264501292502,23.18,36.32,2.718689927771801,1.5372743055555556,9.36,1.3,2.0,1,3132,2015-01-01
3133,2023,211,20783.386948071373,23.07,35.65,2.6583507591123836,2.7591493055555554,9.36,1.3,1.0,1,3133,2015-01-01
3134,2023,212,20659.706873431584,24.019166666666667,36.43,2.7937192301316944,2.985451388888889,9.36,1.3,1.0,1,3134,2015-01-01
3135,2023,213,21403.51139134316,23.01,37.0,2.7587833480789974,1.9950694444444446,9.36,1.3,0.0,1,3135,2015-01-01
3136,2023,214,19694.807726580635,23.56,38.3,2.908567664764338,2.6986284722222225,9.36,1.3,1.0,1,3136,2015-01-01
3137,2023,215,21523.874030546714,23.32,39.33,2.9746522569403555,2.6860243055555557,9.36,1.3,0.0,1,3137,2015-01-01
3138,2023,216,21494.451520962662,21.081666666666667,38.09,2.693147131242262,3.1312326388888887,9.36,1.3,1.0,1,3138,2015-01-01
3139,2023,217,17330.33732636209,20.73,36.91,2.5767288874559564,3.0611805555555556,9.36,1.3,1.0,1,3139,2015-01-01
3140,2023,218,16312.266746634119,21.73,36.86,2.6484083317576546,2.5865798611111113,5.6499999999999995,1.3,1.0,1,3140,2015-01-01
3141,2023,219,14150.878834628895,22.95,36.64,2.7257281906253543,1.550642361111111,3.5999999999999996,1.3,2.0,1,3141,2015-01-01
3142,2023,220,13136.332396839158,20.009166666666665,34.05,2.3214962957506096,1.5421180555555556,3.5999999999999996,1.3,2.0,1,3142,2015-01-01
3143,2023,221,19616.099034408046,19.98,34.37,2.341370706745483,1.1113368055555555,3.5999999999999996,1.3,0.0,1,3143,2015-01-01
3144,2023,222,21809.555339246046,22.19,35.43,2.5752381730928753,1.585607638888889,3.5999999999999996,1.3,0.0,1,3144,2015-01-01
3145,2023,223,21613.21501480692,21.79,35.9,2.5804589587886113,1.1624479166666666,3.5999999999999996,1.3,0.0,1,3145,2015-01-01
3146,2023,224,21515.40152679003,21.12,36.3,2.560372253451487,1.7515104166666666,3.5999999999999996,1.3,0.0,1,3146,2015-01-01
3147,2023,225,21276.72882948113,20.03,33.92,2.3140742930365796,2.1465625,3.5999999999999996,1.3,0.0,1,3147,2015-01-01
3148,2023,226,22000.70666147491,18.319166666666668,33.57,2.1777884971885206,1.8721875,3.5999999999999996,1.3,0.0,1,3148,2015-01-01
3149,2023,227,22000.70666147491,18.23,33.39,2.1605153199023563,1.8783680555555557,3.5999999999999996,1.3,0.0,1,3149,2015-01-01
3150,2023,228,21959.967955446904,17.95,33.28,2.1356998123126982,1.2118055555555556,3.5999999999999996,1.3,0.0,1,3150,2015-01-01
3151,2023,229,21961.93107867368,18.6,33.87,2.2154727797585156,1.594982638888889,3.5999999999999996,1.3,0.0,1,3151,2015-01-01
3152,2023,230,14664.906767874709,21.375,34.56,2.4523091731442843,1.6647569444444443,3.5999999999999996,1.3,3.0,1,3152,2015-01-01
3153,2023,231,11276.10420166115,21.23,33.36,2.3578828008141306,1.7254340277777778,3.5999999999999996,1.3,4.0,1,3153,2015-01-01
3154,2023,232,14588.041220387156,20.84,32.19,2.252342143268988,1.7572569444444444,3.5999999999999996,1.3,3.0,1,3154,2015-01-01
3155,2023,233,17488.59901381901,20.33,32.95,2.2689735224900023,1.260763888888889,3.5999999999999996,1.3,1.0,1,3155,2015-01-01
3156,2023,234,21403.35982840464,20.87,35.81,2.5060156708497408,1.5888368055555557,3.5999999999999996,1.3,0.0,1,3156,2015-01-01
3157,2023,235,19634.037442031084,21.62,36.28,2.596176612230777,1.8142013888888888,3.5999999999999996,1.3,0.0,1,3157,2015-01-01
3158,2023,236,19837.148011552683,20.88,36.2,2.535271528905848,1.4155729166666666,3.5999999999999996,1.3,0.0,1,3158,2015-01-01
3159,2023,237,21670.66200043604,20.40833333333333,35.69,2.46399720155303,2.6607465277777775,3.5999999999999996,1.3,0.0,1,3159,2015-01-01
3160,2023,238,21785.402791312565,17.513333333333332,31.87,2.021540413154708,3.150121527777778,3.5999999999999996,1.3,0.0,1,3160,2015-01-01
3161,2023,239,20845.716426787752,16.87,30.7,1.914657451788517,1.5837152777777779,3.5999999999999996,1.3,0.0,1,3161,2015-01-01
3162,2023,240,21889.406446771784,19.16,31.92,2.1262217565866393,3.2608506944444446,3.5999999999999996,1.3,0.0,1,3162,2015-01-01
3163,2023,241,17469.705586692293,19.266666666666666,33.71,2.248807894269216,2.0841493055555556,3.5999999999999996,1.3,1.0,1,3163,2015-01-01
3164,2023,242,19223.324749481388,16.971666666666668,30.68,1.9193628604250776,2.882413194444444,3.5999999999999996,1.3,1.0,1,3164,2015-01-01
3165,2023,243,18339.755777928913,16.91,30.95,1.931412184605772,1.7016145833333334,3.4854166666666666,1.3,1.0,1,3165,2015-01-01
3166,2023,244,20795.299281429252,18.44,33.36,2.1720531398461462,1.43625,3.3600000000000003,1.3,0.0,1,3166,2015-01-01
3167,2023,245,21125.306978710985,19.13,34.6,2.299179747060456,1.2803298611111111,3.3600000000000003,1.3,0.0,1,3167,2015-01-01
3168,2023,246,21291.958457832614,21.4,34.76,2.4684226222061185,2.007013888888889,3.3600000000000003,1.3,1.0,1,3168,2015-01-01
3169,2023,247,21676.418772132507,22.52,34.57,2.5360067173909417,2.74703125,3.3600000000000003,1.3,0.0,1,3169,2015-01-01
3170,2023,248,21407.201722218193,21.94,36.54,2.6400207899055776,1.3338368055555554,3.3600000000000003,1.3,0.0,1,3170,2015-01-01
3171,2023,249,21501.307649654314,20.41,36.69,2.536742091402732,1.3750173611111112,3.3600000000000003,1.3,0.0,1,3171,2015-01-01
3172,2023,250,21745.240389102255,19.59,35.22,2.373107880724396,1.432638888888889,3.3600000000000003,1.3,0.0,1,3172,2015-01-01
3173,2023,251,21862.12183969522,19.77,33.93,2.2971551570706565,1.5810069444444443,3.3600000000000003,1.3,0.0,1,3173,2015-01-01
3174,2023,252,22000.70666147491,18.39,33.5,2.1778421608510317,1.32984375,3.3600000000000003,1.3,0.0,1,3174,2015-01-01
3175,2023,253,21952.97829851956,15.945,33.13,2.0030074328550698,2.77484375,3.3600000000000003,1.3,0.0,1,3175,2015-01-01
3176,2023,254,21882.198906351674,14.81,30.29,1.7770175057139797,1.57984375,3.3600000000000003,1.3,0.0,1,3176,2015-01-01
3177,2023,255,21999.670277688372,15.8,31.76,1.91408197161476,1.1460069444444445,3.3600000000000003,1.3,0.0,1,3177,2015-01-01
3178,2023,256,19723.404893663712,17.515,31.82,2.018625396419339,1.563923611111111,3.3600000000000003,1.3,1.0,1,3178,2015-01-01
3179,2023,257,20115.560115395372,14.76,31.35,1.8322181552764705,2.6147743055555552,3.3600000000000003,1.3,1.0,1,3179,2015-01-01
3180,2023,258,21922.672582801246,13.355833333333333,28.43,1.6059510832083645,2.9077083333333333,3.3600000000000003,1.3,0.0,1,3180,2015-01-01
3181,2023,259,21998.63389390183,12.69,29.6,1.6310075731858786,2.1044791666666667,3.3600000000000003,1.3,0.0,1,3181,2015-01-01
3182,2023,260,21631.723949125113,14.58,29.8,1.7385584695548044,1.1816666666666666,3.3600000000000003,1.3,0.0,1,3182,2015-01-01
3183,2023,261,20289.435651353928,14.27,28.19,1.6395330462929076,2.0897916666666667,3.3600000000000003,1.3,1.0,1,3183,2015-01-01
3184,2023,262,21990.384621666548,12.78,26.73,1.496984266734865,2.1684375,3.3600000000000003,1.3,0.0,1,3184,2015-01-01
3185,2023,263,21999.670277688372,12.95,27.85,1.5579267667894967,1.7534375,3.3600000000000003,1.3,0.0,1,3185,2015-01-01
3186,2023,264,21952.97829851956,15.67,29.04,1.7560943306846826,1.557013888888889,3.3600000000000003,1.3,0.0,1,3186,2015-01-01
3187,2023,265,21462.364040800843,14.45,30.13,1.74916791203252,1.201076388888889,3.3600000000000003,1.3,0.0,1,3187,2015-01-01
3188,2023,266,22000.70666147491,15.37,28.93,1.73433045523953,1.4663368055555557,3.3600000000000003,1.3,0.0,1,3188,2015-01-01
3189,2023,267,22000.70666147491,15.97,28.63,1.750231959473815,2.6030555555555552,3.3600000000000003,1.3,0.0,1,3189,2015-01-01
3190,2023,268,15758.587421188764,15.63,28.19,1.7091504490321676,2.0477256944444444,3.3600000000000003,1.3,3.0,1,3190,2015-01-01
3191,2023,269,19369.094827061388,14.26,26.85,1.5728910629161943,2.069565972222222,2.421666666666667,1.3,2.0,1,3191,2015-01-01
3192,2023,270,21953.791450784698,12.94,25.9,1.4661625634008693,1.3037673611111111,2.4000000000000004,1.3,0.0,1,3192,2015-01-01
3193,2023,271,21488.736756837134,12.37,25.99,1.444424014058305,1.3232291666666667,2.4000000000000004,1.3,0.0,1,3193,2015-01-01
3194,2023,272,21956.988644862187,12.57,25.94,1.4511868173957534,1.44265625,2.4000000000000004,1.3,0.0,1,3194,2015-01-01
3195,2023,273,15415.191246630906,13.66,26.41,1.5231789237952638,2.8160416666666666,2.4000000000000004,1.3,2.0,1,3195,2015-01-01
3196,2023,274,19597.44855663208,14.34,26.29,1.5497735015797398,1.7118402777777777,2.4000000000000004,1.3,3.0,1,3196,2015-01-01
3197,2023,275,6320.165890708654,16.3525,23.94,1.5336973513107268,1.4158333333333333,2.4000000000000004,1.3,5.0,1,3197,2015-01-01
3198,2023,276,11204.004108461168,14.92,25.6,1.5445177602854288,1.5818402777777778,2.4000000000000004,1.3,3.0,1,3198,2015-01-01
3199,2023,277,4083.721038157092,13.67,23.53,1.3930493944050373,1.6131944444444444,2.4000000000000004,1.3,4.0,1,3199,2015-01-01
3200,2023,278,18433.171674595123,8.48,21.06,1.092167413584429,3.026059027777778,6.137083333333333,1.3,2.0,1,3200,2015-01-01
3201,2023,279,22000.70666147491,8.18,23.16,1.157203195021106,1.9336111111111112,6.959999999999999,1.3,0.0,1,3201,2015-01-01
3202,2023,280,21262.75340264742,11.0,24.92,1.338222506377086,1.33578125,6.959999999999999,1.3,0.0,1,3202,2015-01-01
3203,2023,281,18945.28310670039,11.46,24.46,1.338222506377086,1.9392881944444444,6.959999999999999,1.3,2.0,1,3203,2015-01-01
3204,2023,282,21974.880662925483,13.57,27.22,1.5574461270150006,1.6439930555555555,6.959999999999999,1.3,1.0,1,3204,2015-01-01
3205,2023,283,8668.77130389505,16.319166666666664,26.75,1.6704032868617047,1.6654861111111112,6.959999999999999,1.3,4.0,1,3205,2015-01-01
3206,2023,284,16195.743319408917,15.07,24.37,1.493737799426725,1.8071006944444445,6.2370833333333335,1.3,3.0,1,3206,2015-01-01
3207,2023,285,12975.088769948443,9.45,18.35,1.032369224003097,2.1677777777777774,8.223333333333334,1.3,5.0,1,3207,2015-01-01
3208,2023,286,20248.96593660643,9.98,18.36,1.0506120573311488,2.492378472222222,5.7,1.3,2.0,1,3208,2015-01-01
3209,2023,287,19869.085500365094,8.78,21.11,1.1045560981415983,1.7983506944444443,3.8400000000000003,1.3,1.0,1,3209,2015-01-01
3210,2023,288,20937.3697743237,8.47,22.9,1.1583152743358676,1.504236111111111,3.8400000000000003,1.3,1.0,1,3210,2015-01-01
3211,2023,289,13744.646793699918,12.27,22.76,1.3012229447622523,3.6621180555555557,4.206250000000001,1.3,3.0,1,3211,2015-01-01
3212,2023,290,21309.295269931637,10.61,21.49,1.185666180773801,1.7820486111111111,3.12,1.3,0.0,1,3212,2015-01-01
3213,2023,291,20507.5848289173,9.58,20.81,1.1224679413910335,2.487517361111111,3.12,1.3,1.0,1,3213,2015-01-01
3214,2023,292,18750.000179266393,12.39,20.75,1.2256089499874798,1.0257465277777778,3.12,1.3,2.0,1,3214,2015-01-01
3215,2023,293,16599.846462653637,11.22,21.51,1.2097236968146488,1.8608159722222222,2.9954166666666664,1.3,2.0,1,3215,2015-01-01
3216,2023,294,20809.59045243559,11.37,22.53,1.2555386850465569,1.8568749999999998,2.88,1.3,0.0,1,3216,2015-01-01
3217,2023,295,21528.314157238423,9.34,23.26,1.2047247219837305,1.5868055555555556,2.88,1.3,0.0,1,3217,2015-01-01
3218,2023,296,19753.12209752353,8.91,22.55,1.161657134906579,2.062048611111111,2.88,1.3,1.0,1,3218,2015-01-01
3219,2023,297,10169.866069039917,11.26,21.98,1.2295110117910293,1.3269270833333333,2.88,1.3,5.0,1,3219,2015-01-01
3220,2023,298,19870.958120543237,11.6,21.45,1.222106375124246,1.3961631944444444,3.498333333333333,1.3,2.0,1,3220,2015-01-01
3221,2023,299,14288.504605565304,11.064166666666667,21.62,1.2079591673170131,0.8322569444444444,3.8400000000000003,1.3,3.0,1,3221,2015-01-01
3222,2023,300,9914.210675693039,10.88,22.26,1.2256089499874798,0.7255555555555556,3.8400000000000003,1.3,2.0,1,3222,2015-01-01
3223,2023,301,14195.439224324518,10.096666666666668,23.15,1.2297715357874488,1.0886284722222221,3.8400000000000003,1.3,3.0,1,3223,2015-01-01
3224,2023,302,20009.26027454495,9.59,24.81,1.2755766774262651,0.8859375,3.8400000000000003,1.3,1.0,1,3224,2015-01-01
3225,2023,303,4672.620029376366,10.2,24.37,1.2824531063458366,1.7493229166666666,3.8400000000000003,1.3,7.0,1,3225,2015-01-01
3226,2023,304,4488.489521882428,10.05,20.42,1.1253573437593132,1.2122569444444444,3.8400000000000003,1.3,7.0,1,3226,2015-01-01
3227,2023,305,9402.276291097738,12.731666666666667,19.26,1.1815718329942293,2.646041666666667,4.791666666666667,1.3,7.0,1,3227,2015-01-01
3228,2023,306,6199.042162301762,9.85,17.62,1.0213581736553572,2.281875,2.88,1.3,5.0,1,3228,2015-01-01
3229,2023,307,14692.914657653804,9.49,18.74,1.0468731573218046,1.1640104166666667,2.88,1.3,4.0,1,3229,2015-01-01
3230,2023,308,8887.860090218328,8.92,14.95,0.9077664015991361,1.01359375,3.870416666666667,1.3,6.0,1,3230,2015-01-01
3231,2023,309,16180.751420217235,8.19,17.47,0.9627775831431492,1.2249305555555556,3.643333333333333,1.3,2.0,1,3231,2015-01-01
3232,2023,310,21782.895488227874,6.21,18.52,0.9338417454875454,0.9589930555555556,3.5999999999999996,1.3,0.0,1,3232,2015-01-01
3233,2023,311,19416.642166773,7.97,20.65,1.0601821679516419,1.4337152777777777,3.5999999999999996,1.3,1.0,1,3233,2015-01-01
3234,2023,312,19978.807727833457,7.24,19.22,0.988295387152221,1.1672569444444445,3.5999999999999996,1.3,1.0,1,3234,2015-01-01
3235,2023,313,22000.70666147491,7.01,18.37,0.9539840227463231,2.165347222222222,3.5999999999999996,1.3,0.0,1,3235,2015-01-01
3236,2023,314,4397.877392432914,8.73,20.06,1.0660298262692165,0.9861631944444444,3.5999999999999996,1.3,6.0,1,3236,2015-01-01
3237,2023,315,11349.0362299235,9.16,19.74,1.0698286637966927,1.523559027777778,3.5999999999999996,1.3,4.0,1,3237,2015-01-01
3238,2023,316,6363.426555622109,9.0,19.25,1.0475520877683144,1.5031944444444445,3.5999999999999996,1.3,6.0,1,3238,2015-01-01
3239,2023,317,5029.801958260317,8.24,19.43,1.0280191664073268,0.8646180555555555,3.5999999999999996,1.3,5.0,1,3239,2015-01-01
3240,2023,318,21630.661940709808,8.2,19.98,1.0451775198278803,1.7925347222222223,3.5999999999999996,1.3,1.0,1,3240,2015-01-01
3241,2023,319,3939.2938937379236,10.5,17.93,1.0536798655154902,1.19828125,5.57375,1.3,6.0,1,3241,2015-01-01
3242,2023,320,17944.140083934108,8.635,17.44,0.9759417919735272,0.8249652777777778,10.08,1.3,2.0,1,3242,2015-01-01
3243,2023,321,17660.8804268611,7.47,17.44,0.9393818644583625,1.9226736111111111,10.08,1.3,2.0,1,3243,2015-01-01
3244,2023,322,19306.28371363599,7.62,16.96,0.9292469187289947,1.0313020833333333,10.08,1.3,1.0,1,3244,2015-01-01
3245,2023,323,21712.466960776434,5.51,18.32,0.9065693180710523,2.649513888888889,10.08,1.3,0.0,1,3245,2015-01-01
3246,2023,324,4056.2773772608916,6.72,14.84,0.8408661412889693,3.5508854166666666,21.015416666666667,1.3,6.0,1,3246,2015-01-01
3247,2023,325,16075.18360222935,-0.39416666666666655,9.48,0.5491635410292957,2.5930555555555554,14.804166666666665,1.3,2.0,1,3247,2015-01-01
3248,2023,326,22000.70666147491,-0.73,11.11,0.5745663072374317,1.3219965277777779,7.4399999999999995,1.3,0.0,1,3248,2015-01-01
3249,2023,327,6382.525590712441,0.16,10.9,0.5883245034238521,1.6189756944444444,7.4399999999999995,1.3,7.0,1,3249,2015-01-01
3250,2023,328,21976.842479997234,1.5775000000000001,13.45,0.6745408951967415,1.0412673611111112,7.4399999999999995,1.3,0.0,1,3250,2015-01-01
3251,2023,329,13114.96351819247,0.64,14.2,0.6702289566573754,1.8046354166666667,7.4399999999999995,1.3,4.0,1,3251,2015-01-01
3252,2023,330,19343.334068793665,6.983333333333333,16.14,0.8856482663416326,2.0708680555555556,7.4399999999999995,1.3,3.0,1,3252,2015-01-01
3253,2023,331,15024.046191447194,6.65,16.1,0.8747678247992278,1.9187152777777778,7.412499999999999,1.3,2.0,1,3253,2015-01-01
3254,2023,332,18112.081459110144,2.69,13.27,0.6963504791649273,0.9855208333333333,3.4458333333333333,1.3,2.0,1,3254,2015-01-01
3255,2023,333,18798.062958122104,2.74,12.86,0.6878582195652042,1.1037673611111112,2.64,1.3,1.0,1,3255,2015-01-01
3256,2023,334,20290.705536129928,3.1,14.45,0.7349720240548415,0.9424131944444445,2.64,1.3,1.0,1,3256,2015-01-01
3257,2023,335,13711.089986316794,3.36,15.83,0.7767705811552308,0.7111805555555555,2.64,1.3,3.0,1,3257,2015-01-01
3258,2023,336,22000.70666147491,3.43,16.22,0.7888637646230869,0.78984375,2.64,1.3,0.0,1,3258,2015-01-01
3259,2023,337,22000.70666147491,4.3,16.85,0.8294562108065462,0.7611458333333334,2.64,1.3,0.0,1,3259,2015-01-01
3260,2023,338,21993.451974969135,4.36,17.1,0.8380705862555998,0.5812326388888889,2.64,1.3,1.0,1,3260,2015-01-01
3261,2023,339,21840.15381221616,3.66,17.35,0.825591428486884,0.6753472222222222,2.64,1.3,0.0,1,3261,2015-01-01
3262,2023,340,7637.970125051544,3.39,14.34,0.7394608467751947,1.6984374999999998,2.64,1.3,4.0,1,3262,2015-01-01
3263,2023,341,16935.951138149965,5.69,13.03,0.7645832053490544,0.9030208333333333,2.9691666666666667,1.3,4.0,1,3263,2015-01-01
3264,2023,342,21595.40754721697,4.4,14.44,0.7676787757257568,0.8305555555555555,3.12,1.3,2.0,1,3264,2015-01-01
3265,2023,343,9693.46762936885,4.2,13.83,0.7469958373400863,2.7077083333333336,3.7441666666666666,1.3,6.0,1,3265,2015-01-01
3266,2023,344,15243.624716912065,5.74,14.99,0.8179093249000802,1.0547743055555554,6.48,1.3,4.0,1,3266,2015-01-01
3267,2023,345,7774.500138252745,4.79,16.06,0.8211939256461508,1.4656944444444444,6.48,1.3,7.0,1,3267,2015-01-01
3268,2023,346,3985.183765621242,5.87,12.35,0.7518028616102386,1.8484375000000002,6.48,1.3,8.0,1,3268,2015-01-01
3269,2023,347,4003.0691295008846,5.87,10.42,0.7042159885916975,2.3242534722222223,5.666666666666667,1.3,8.0,1,3269,2015-01-01
3270,2023,348,12293.94901719011,2.055,7.95,0.5671010800505096,2.4796006944444446,3.5929166666666665,1.3,6.0,1,3270,2015-01-01
3271,2023,349,21998.63389390183,1.57,11.78,0.6368173085324711,1.5410416666666666,3.8400000000000003,1.3,0.0,1,3271,2015-01-01
3272,2023,350,21660.220718592038,1.48,15.19,0.7133700248016639,1.0918576388888888,3.8400000000000003,1.3,0.0,1,3272,2015-01-01
3273,2023,351,21874.811214258494,3.94,15.51,0.7835856654491361,1.3971701388888889,3.8400000000000003,1.3,1.0,1,3273,2015-01-01
3274,2023,352,21470.96374865866,0.22,9.8,0.5673980388944718,1.7403125,3.8400000000000003,1.3,1.0,1,3274,2015-01-01
3275,2023,353,14939.153207743368,0.69,8.96,0.5601129379783227,0.6735416666666666,3.8400000000000003,1.3,3.0,1,3275,2015-01-01
3276,2023,354,18731.017695456936,-1.23,9.55,0.5346024086888512,1.1729166666666666,3.8400000000000003,1.3,1.0,1,3276,2015-01-01
3277,2023,355,21851.929640661758,0.5,9.57,0.5683888922059973,1.0858854166666667,3.8400000000000003,1.3,0.0,1,3277,2015-01-01
3278,2023,356,9341.381557585053,1.11,9.77,0.584654657916605,2.1312152777777778,4.729166666666667,1.3,4.0,1,3278,2015-01-01
3279,2023,357,10288.496255467251,4.49,10.19,0.6665686480052461,3.2477083333333336,4.710833333333333,1.3,4.0,1,3279,2015-01-01
3280,2023,358,10695.987773998004,6.55,10.82,0.7305071954528092,3.262326388888889,12.115416666666668,1.3,5.0,1,3280,2015-01-01
3281,2023,359,18482.32085218177,3.4450000000000003,12.19,0.6886798351518062,2.216527777777778,4.34,1.3,2.0,1,3281,2015-01-01
3282,2023,360,22000.70666147491,2.64,12.25,0.671376427035602,1.472048611111111,3.5999999999999996,1.3,0.0,1,3282,2015-01-01
3283,2023,361,22000.70666147491,2.75,13.68,0.7075764268770679,2.120850694444444,3.5999999999999996,1.3,0.0,1,3283,2015-01-01
3284,2023,362,6560.137227917362,1.1958333333333333,11.22,0.6166260594146727,1.1822916666666667,3.5999999999999996,1.3,5.0,1,3284,2015-01-01
3285,2023,363,21565.93442104939,-0.04416666666666666,12.05,0.6079438581297238,1.1774479166666667,3.5999999999999996,1.3,0.0,1,3285,2015-01-01
3286,2023,364,21959.8583111006,-0.06,11.83,0.602998789358753,0.9949131944444445,3.5999999999999996,1.3,0.0,1,3286,2015-01-01
3287,2023,365,21252.639940030243,1.91,11.77,0.6440879394380771,0.845,3.5999999999999996,1.3,2.0,1,3287,2015-01-01
3288,2024,1,12645.032554776853,2.12,12.85,0.6732159780010951,0.8448784722222222,3.5999999999999996,1.3,4.0,1,3288,2015-01-01
3289,2024,2,12399.378475371854,0.51,11.95,0.6175678242271375,1.5773958333333333,3.5999999999999996,1.3,6.0,1,3289,2015-01-01
3290,2024,3,9685.460248839032,1.0616666666666665,10.04,0.5891768932547355,1.1413194444444443,3.5999999999999996,1.3,3.0,1,3290,2015-01-01
3291,2024,4,21239.870483087776,0.77,10.66,0.5959319017402575,0.8087326388888889,3.5999999999999996,1.3,2.0,1,3291,2015-01-01
3292,2024,5,7660.8102531648765,2.71,10.1,0.6250757942453127,0.9173090277777778,3.5999999999999996,1.3,4.0,1,3292,2015-01-01
3293,2024,6,18184.29514394851,-1.87,6.93,0.4763582929305708,2.571284722222222,17.729583333333334,1.3,3.0,1,3293,2015-01-01
3294,2024,7,22000.70666147491,-3.0,9.74,0.5056330189751297,1.072638888888889,24.0,1.3,0.0,1,3294,2015-01-01
3295,2024,8,5702.727282905205,0.32,11.24,0.5986252799093995,0.901579861111111,24.0,1.3,5.0,1,3295,2015-01-01
3296,2024,9,5414.47192740686,2.08,13.55,0.688562408625077,1.0527951388888888,24.0,1.3,5.0,1,3296,2015-01-01
3297,2024,10,4408.5253642398875,3.89,9.22,0.6315750855389031,1.4109895833333335,15.14875,1.3,7.0,1,3297,2015-01-01
3298,2024,11,4494.124172184676,3.72,7.24,0.5862832014965726,1.7713888888888887,6.952916666666667,1.3,7.0,1,3298,2015-01-01
3299,2024,12,8811.62641785472,3.47,5.94,0.5554316888629772,2.3988020833333334,6.2004166666666665,1.3,5.0,1,3299,2015-01-01
3300,2024,13,9026.24718169684,3.95,8.14,0.6097173394951793,2.72625,4.8325,1.3,6.0,1,3300,2015-01-01
3301,2024,14,10647.966064722523,4.99,9.24,0.656368234152128,1.8501041666666669,9.329583333333334,1.3,5.0,1,3301,2015-01-01
3302,2024,15,18528.160716569706,1.65,10.21,0.60488175460633,1.0031076388888889,5.694999999999999,1.3,1.0,1,3302,2015-01-01
3303,2024,16,21263.688564803524,-0.72,10.03,0.5534913744169944,0.9468576388888889,7.199999999999999,1.3,1.0,1,3303,2015-01-01
3304,2024,17,19962.231517043292,1.25,12.48,0.6451959047721798,0.9582986111111111,7.199999999999999,1.3,3.0,1,3304,2015-01-01
3305,2024,18,15400.618793916878,0.47,11.08,0.5984177167330348,0.605625,7.199999999999999,1.3,4.0,1,3305,2015-01-01
3306,2024,19,20918.280800368208,0.08,10.95,0.5877114560317068,1.434982638888889,7.199999999999999,1.3,1.0,1,3306,2015-01-01
3307,2024,20,8360.667192539438,1.52,11.4,0.6274519928539292,1.5136111111111112,7.199999999999999,1.3,5.0,1,3307,2015-01-01
3308,2024,21,18250.600582806605,1.18,11.84,0.6296190757768009,0.6753819444444444,7.199999999999999,1.3,2.0,1,3308,2015-01-01
3309,2024,22,11947.15493412798,3.37,12.3,0.689502314601889,0.6106770833333334,9.248333333333333,1.3,5.0,1,3309,2015-01-01
3310,2024,23,9458.616424274906,4.4,7.21,0.5996640478858821,1.8581944444444443,9.032916666666667,1.3,6.0,1,3310,2015-01-01
3311,2024,24,6990.204364229308,-1.7841666666666667,6.2,0.46553677053540643,1.8036284722222224,9.8175,1.3,5.0,1,3311,2015-01-01
3312,2024,25,12875.317159281576,-3.72,4.14,0.4031288871748808,0.8428993055555556,11.375833333333334,1.3,3.0,1,3312,2015-01-01
3313,2024,26,9091.48407026425,-0.39,7.31,0.5088618452847152,1.45625,11.667083333333334,1.3,5.0,1,3313,2015-01-01
3314,2024,27,7897.277457857054,2.0,5.54,0.5201230782617128,2.9094444444444445,13.02625,1.3,7.0,1,3314,2015-01-01
3315,2024,28,13644.684767526263,-0.6133333333333333,5.71,0.47698089231218244,1.5638888888888889,5.180833333333333,1.3,2.0,1,3315,2015-01-01
3316,2024,29,16306.261629779749,-3.26,5.81,0.43540713377255424,0.8284375,5.04,1.3,1.0,1,3316,2015-01-01
3317,2024,30,15075.212780826636,-3.2,5.78,0.43587760626371824,0.8591493055555556,5.04,1.3,3.0,1,3317,2015-01-01
3318,2024,31,8206.85499469567,-2.48,3.87,0.41755614708156114,2.2437847222222222,5.44375,1.3,6.0,1,3318,2015-01-01
3319,2024,32,4971.208601622176,-0.53,2.22,0.4221096355019946,2.112621527777778,5.76,1.3,7.0,1,3319,2015-01-01
3320,2024,33,4452.967196815669,-4.4158333333333335,2.27,0.36706842417723456,1.8291840277777776,4.335,1.3,7.0,1,3320,2015-01-01
3321,2024,34,21225.993866281173,-4.79,4.63,0.3947144246079036,2.011458333333333,2.88,1.3,0.0,1,3321,2015-01-01
3322,2024,35,16745.86623135444,-3.46,4.64,0.41439459106873977,1.2487326388888889,2.88,1.3,2.0,1,3322,2015-01-01
3323,2024,36,9338.63186214951,1.33,6.0,0.5162844080676127,1.6523958333333333,4.262083333333334,1.3,5.0,1,3323,2015-01-01
3324,2024,37,16567.77594253193,1.5058333333333334,8.66,0.5702922930994501,2.9283506944444446,3.5833333333333335,1.3,2.0,1,3324,2015-01-01
3325,2024,38,21993.493773026166,0.44,9.46,0.5650262024949908,1.3735069444444443,2.64,1.3,0.0,1,3325,2015-01-01
3326,2024,39,21970.863662399202,0.64,12.25,0.6268031507344798,0.6778993055555556,2.64,1.3,0.0,1,3326,2015-01-01
3327,2024,40,9499.490242954802,1.95,13.11,0.6752907765868653,0.9022916666666667,2.64,1.3,4.0,1,3327,2015-01-01
3328,2024,41,19709.63346100166,1.88,13.67,0.686685980013712,0.5869444444444444,2.64,1.3,3.0,1,3328,2015-01-01
3329,2024,42,21971.900046185743,1.84,15.08,0.7194493796626684,0.6150520833333333,2.64,1.3,0.0,1,3329,2015-01-01
3330,2024,43,21689.632956868838,2.44,15.39,0.7419650454971823,1.0499652777777777,2.64,1.3,0.0,1,3330,2015-01-01
3331,2024,44,12295.477784121626,3.53,16.49,0.7987107204535352,1.1061284722222222,2.64,1.3,4.0,1,3331,2015-01-01
3332,2024,45,11665.020098704486,5.54,16.8,0.8629542460411281,2.458003472222222,2.71375,1.3,4.0,1,3332,2015-01-01
3333,2024,46,6907.876464711131,8.49,15.55,0.9128695103679461,2.8056076388888886,5.360833333333334,1.3,6.0,1,3333,2015-01-01
3334,2024,47,3668.8572111522312,5.59,9.71,0.6808511242997444,1.4954340277777778,18.194583333333334,1.3,8.0,1,3334,2015-01-01
3335,2024,48,11929.078909183378,2.46,9.46,0.6061399417995862,1.72640625,10.03375,1.3,5.0,1,3335,2015-01-01
3336,2024,49,11941.80501546535,-0.2125,8.35,0.5311831256893689,2.7930902777777775,3.12625,1.3,5.0,1,3336,2015-01-01
3337,2024,50,17569.580057032897,-1.08,8.17,0.5119279858820432,1.3168229166666667,3.12,1.3,1.0,1,3337,2015-01-01
3338,2024,51,17510.172264499128,-1.07,7.78,0.5050966428207201,0.6345659722222222,2.7308333333333334,1.3,2.0,1,3338,2015-01-01
3339,2024,52,18971.593733806403,0.19,10.08,0.5723675794253166,0.8943229166666666,2.64,1.3,1.0,1,3339,2015-01-01
3340,2024,53,16231.515251739547,2.75,9.86,0.620775739258245,0.967673611111111,3.9175,1.3,1.0,1,3340,2015-01-01
3341,2024,54,14478.314900734835,2.51,11.22,0.6451959047721798,0.7758333333333334,4.08,1.3,4.0,1,3341,2015-01-01
3342,2024,55,4285.774311301285,0.6074999999999999,9.27,0.5645824577826782,2.1641840277777775,4.08,1.3,8.0,1,3342,2015-01-01
3343,2024,56,3757.352965041597,-3.7108333333333334,1.18,0.3619114638739736,2.508454861111111,4.08,1.3,8.0,1,3343,2015-01-01
3344,2024,57,4394.673683580244,-4.805833333333333,2.14,0.3601184193720737,1.8124826388888888,4.08,1.3,8.0,1,3344,2015-01-01
3345,2024,58,4337.4531157753845,-4.84,1.93,0.3568953996602228,1.1981770833333334,3.067916666666667,1.3,8.0,1,3345,2015-01-01
3346,2024,59,5981.026395868028,-4.79,1.35,0.3499870511936771,1.6578472222222222,2.4000000000000004,1.3,7.0,1,3346,2015-01-01
3347,2024,60,21208.609734370562,-5.67,2.81,0.35755331747513036,2.4225694444444446,2.4000000000000004,1.3,1.0,1,3347,2015-01-01
3348,2024,61,22000.70666147491,-5.67,6.72,0.4124480578824222,1.276736111111111,2.4000000000000004,1.3,0.0,1,3348,2015-01-01
3349,2024,62,19772.14197930583,-4.6,8.23,0.4526297300851195,0.9222916666666667,2.4000000000000004,1.3,1.0,1,3349,2015-01-01
3350,2024,63,11706.84328004443,-1.68,10.5,0.5440699821682798,1.6434027777777778,2.6625,1.3,4.0,1,3350,2015-01-01
3351,2024,64,6398.966703260707,1.82,8.28,0.568984136248779,1.4039930555555555,4.1312500000000005,1.3,6.0,1,3351,2015-01-01
3352,2024,65,13230.933835417625,0.58,7.83,0.5362957678752283,0.9421354166666666,4.122083333333333,1.3,3.0,1,3352,2015-01-01
3353,2024,66,20944.112093755535,-0.55,11.92,0.5946924107365565,0.8567187500000001,4.800000000000001,1.3,0.0,1,3353,2015-01-01
3354,2024,67,10943.030734465885,4.16,11.19,0.6820145906830116,1.513472222222222,6.005,1.3,5.0,1,3354,2015-01-01
3355,2024,68,16242.221151938722,4.77,12.04,0.716768869159071,1.1007812499999998,6.911666666666667,1.3,2.0,1,3355,2015-01-01
3356,2024,69,20971.82463535079,3.3,12.24,0.6864517432729367,1.392170138888889,6.720000000000001,1.3,0.0,1,3356,2015-01-01
3357,2024,70,9263.158889446935,3.94,11.01,0.6727556746720569,1.5524652777777779,5.0275,1.3,5.0,1,3357,2015-01-01
3358,2024,71,9753.198299779942,-1.25,8.72,0.518840732777361,1.1206770833333333,4.702916666666667,1.3,3.0,1,3358,2015-01-01
3359,2024,72,21884.136485121217,-0.7,11.64,0.5858756911649233,2.034392361111111,3.5999999999999996,1.3,0.0,1,3359,2015-01-01
3360,2024,73,21105.26144772388,1.27,14.76,0.6980124274203369,1.7682291666666667,3.5999999999999996,1.3,2.0,1,3360,2015-01-01
3361,2024,74,21718.2178176442,5.65,16.49,0.8572425705315617,2.913420138888889,3.7075,1.3,4.0,1,3361,2015-01-01
3362,2024,75,14995.49737730371,9.16,16.84,0.9735510867920342,3.6313888888888886,9.047916666666667,1.3,5.0,1,3362,2015-01-01
3363,2024,76,14856.857570781398,5.56,11.59,0.7250826074225651,1.2186979166666667,11.28125,1.3,3.0,1,3363,2015-01-01
3364,2024,77,18502.90680476791,4.85,15.79,0.8154534594632344,0.9690798611111112,5.5200000000000005,1.3,1.0,1,3364,2015-01-01
3365,2024,78,3667.820827365691,6.62,15.08,0.8447936869114946,1.4977777777777779,6.878333333333334,1.3,7.0,1,3365,2015-01-01
3366,2024,79,4573.639802956929,7.15,12.32,0.7841120740777101,2.328107638888889,13.853333333333333,1.3,8.0,1,3366,2015-01-01
3367,2024,80,15293.469255747985,4.83,10.7,0.6862175768798378,1.684826388888889,7.027916666666666,1.3,2.0,1,3367,2015-01-01
3368,2024,81,17093.252798992162,3.28,14.56,0.7422158752730647,1.8136805555555557,2.88,1.3,2.0,1,3368,2015-01-01
3369,2024,82,14923.714497279154,5.03,15.99,0.8258669584427788,2.2713194444444444,2.88,1.3,2.0,1,3369,2015-01-01
3370,2024,83,11886.656442226698,5.99,15.32,0.8338925706366243,1.0968749999999998,2.7954166666666667,1.3,4.0,1,3370,2015-01-01
3371,2024,84,8083.5091290594055,7.02,18.07,0.9449508238776839,2.59234375,2.7258333333333336,1.3,5.0,1,3371,2015-01-01
3372,2024,85,7242.8437633998,3.015,12.36,0.6825969800321429,2.1441666666666666,23.879166666666666,1.3,6.0,1,3372,2015-01-01
3373,2024,86,14912.609340650224,2.25,13.45,0.6902079851409647,2.417638888888889,11.28,1.3,1.0,1,3373,2015-01-01
3374,2024,87,13807.608561446272,5.34,13.48,0.7671620830492063,2.05859375,7.310833333333333,1.3,4.0,1,3374,2015-01-01
3375,2024,88,19201.552308304483,1.9533333333333334,14.79,0.7151485985260535,2.558107638888889,5.04,1.3,2.0,1,3375,2015-01-01
3376,2024,89,22000.70666147491,0.54,17.05,0.7359674627807089,1.2128993055555555,5.04,1.3,0.0,1,3376,2015-01-01
3377,2024,90,13826.10645970438,3.17,17.33,0.8116461094165394,1.7646180555555555,5.04,1.3,3.0,1,3377,2015-01-01
3378,2024,91,18963.01705688431,5.160833333333334,16.77,0.8513046765332524,2.490486111111111,5.04,1.3,1.0,1,3378,2015-01-01
3379,2024,92,19114.807500241815,4.42,17.96,0.8641005855532787,2.2625694444444444,5.812916666666667,1.3,1.0,1,3379,2015-01-01
3380,2024,93,12301.364436144602,4.6,17.67,0.8609513672266746,0.9400868055555556,6.24,1.3,2.0,1,3380,2015-01-01
3381,2024,94,21791.192815054026,6.87,18.99,0.9691021889831027,1.1825347222222222,6.24,1.3,1.0,1,3381,2015-01-01
3382,2024,95,20103.05240530074,7.84,22.17,1.108831923139238,1.2280729166666666,6.24,1.3,1.0,1,3382,2015-01-01
3383,2024,96,19722.9535586086,10.07,23.56,1.2448332444402839,1.2444444444444445,6.24,1.3,1.0,1,3383,2015-01-01
3384,2024,97,13930.534473837115,11.38,23.05,1.2767878131965902,1.1008506944444445,6.24,1.3,2.0,1,3384,2015-01-01
3385,2024,98,10929.604083336691,9.478333333333333,22.84,1.1939556630750436,2.163854166666667,6.3291666666666675,1.3,6.0,1,3385,2015-01-01
3386,2024,99,18871.15891360873,7.695,21.03,1.0637906247546152,2.971684027777778,3.995833333333334,1.3,3.0,1,3386,2015-01-01
3387,2024,100,20478.813366421065,7.55,23.29,1.138805824707707,1.8718055555555557,3.3600000000000003,1.3,1.0,1,3387,2015-01-01
3388,2024,101,4691.857640167444,7.86,20.93,1.0660298262692165,2.7922743055555554,11.54375,1.3,7.0,1,3388,2015-01-01
3389,2024,102,13736.03011817548,5.460833333333333,15.82,0.8330823081981039,3.2347569444444444,3.507083333333333,1.3,5.0,1,3389,2015-01-01
3390,2024,103,17960.815243449688,3.67,14.17,0.7422158752730647,3.948836805555556,3.319166666666667,1.3,3.0,1,3390,2015-01-01
3391,2024,104,18960.74954235776,3.41,15.94,0.780958281509898,2.1181770833333333,3.3600000000000003,1.3,1.0,1,3391,2015-01-01
3392,2024,105,20020.297146403223,4.13,18.37,0.8675476368371213,1.5691666666666668,3.3600000000000003,1.3,0.0,1,3392,2015-01-01
3393,2024,106,9732.302039560624,5.86,19.59,0.9561757755053584,1.0909722222222222,3.3600000000000003,1.3,3.0,1,3393,2015-01-01
3394,2024,107,10901.911050279,8.0475,21.11,1.078767864187544,1.1901388888888889,3.3600000000000003,1.3,3.0,1,3394,2015-01-01
3395,2024,108,16178.704141293569,7.78,22.08,1.1034894037347864,1.5057118055555554,5.185,1.3,2.0,1,3395,2015-01-01
3396,2024,109,22000.70666147491,9.31,23.57,1.2155143212910209,1.2791319444444444,6.24,1.3,0.0,1,3396,2015-01-01
3397,2024,110,13404.446024667506,10.4,25.28,1.3281555156763567,2.28734375,6.24,1.3,2.0,1,3397,2015-01-01
3398,2024,111,13663.523270730208,10.71,24.55,1.3106977450687838,2.243420138888889,6.24,1.3,2.0,1,3398,2015-01-01
3399,2024,112,8952.257506664158,12.79,23.44,1.3513245283257245,2.4263194444444443,6.24,1.3,4.0,1,3399,2015-01-01
3400,2024,113,4962.261907149328,11.304166666666667,20.87,1.1884763990778446,2.2240451388888887,6.7091666666666665,1.3,7.0,1,3400,2015-01-01
3401,2024,114,4099.986727326393,8.65,15.44,0.9143752120117391,2.463142361111111,7.090416666666666,1.3,8.0,1,3401,2015-01-01
3402,2024,115,18564.671373449215,7.53,21.43,1.071905757584522,2.0745833333333334,3.5999999999999996,1.3,2.0,1,3402,2015-01-01
3403,2024,116,20891.77498519013,7.09,23.75,1.138805824707707,1.78,3.5999999999999996,1.3,1.0,1,3403,2015-01-01
3404,2024,117,21727.640755004657,8.84,25.64,1.2788086109362806,1.8577777777777778,3.5999999999999996,1.3,0.0,1,3404,2015-01-01
3405,2024,118,21224.834004259363,10.28,25.26,1.3223137751858691,1.385625,3.5999999999999996,1.3,0.0,1,3405,2015-01-01
3406,2024,119,21382.547175723656,11.95,25.7,1.4127861329412434,1.2643055555555556,3.5999999999999996,1.3,0.0,1,3406,2015-01-01
3407,2024,120,18778.92612729674,12.25,27.11,1.4900350922449552,1.3757118055555555,3.5999999999999996,1.3,1.0,1,3407,2015-01-01
3408,2024,121,4240.413093374991,13.99,25.95,1.5170625653740262,2.6752083333333334,3.5999999999999996,1.3,6.0,1,3408,2015-01-01
3409,2024,122,4399.966973188623,16.27,25.72,1.6160570953154272,2.9086979166666667,3.5999999999999996,1.3,7.0,1,3409,2015-01-01
3410,2024,123,3915.1039385433974,12.935,18.22,1.150366029872543,1.409826388888889,5.082916666666666,1.3,8.0,1,3410,2015-01-01
3411,2024,124,4816.180245624793,10.7775,19.03,1.1016248620223927,1.40734375,10.408333333333333,1.3,7.0,1,3411,2015-01-01
3412,2024,125,14411.628476756894,10.34,19.23,1.093224504820654,2.93703125,4.363333333333333,1.3,2.0,1,3412,2015-01-01
3413,2024,126,12631.38041135567,11.18,22.17,1.2338158466044524,1.3208159722222221,3.8400000000000003,1.3,3.0,1,3413,2015-01-01
3414,2024,127,8183.988253362086,11.116666666666665,19.69,1.1375885020670262,2.6006597222222223,6.601666666666667,1.3,7.0,1,3414,2015-01-01
3415,2024,128,13867.30104292878,11.11,18.18,1.0833931231559284,2.8264930555555554,15.009166666666667,1.3,3.0,1,3415,2015-01-01
3416,2024,129,15364.25628082254,8.411666666666667,19.21,1.0264059435581785,1.1541840277777777,5.66375,1.3,2.0,1,3416,2015-01-01
3417,2024,130,16001.315909994464,7.62,18.45,0.9757822514490079,2.5449131944444443,3.1470833333333332,1.3,2.0,1,3417,2015-01-01
3418,2024,131,18005.588961633526,7.81,22.52,1.120305160232411,0.9706944444444444,2.88,1.3,1.0,1,3418,2015-01-01
3419,2024,132,21758.34573187229,12.27,24.47,1.3731238715229146,2.2176388888888887,2.88,1.3,1.0,1,3419,2015-01-01
3420,2024,133,8870.411781752495,16.49,26.92,1.6878959996314125,3.8715798611111114,3.77125,1.3,4.0,1,3420,2015-01-01
3421,2024,134,5907.924739410494,12.7,23.34,1.3432810043998868,2.163315972222222,17.84,1.3,7.0,1,3421,2015-01-01
3422,2024,135,14465.54048345983,12.125833333333333,21.86,1.258958808460326,1.0569618055555554,10.995833333333332,1.3,3.0,1,3422,2015-01-01
3423,2024,136,19994.80750589992,12.06,23.71,1.3319228402572072,1.1553819444444444,7.4399999999999995,1.3,0.0,1,3423,2015-01-01
3424,2024,137,16580.164185110665,12.52,23.28,1.3331806923574347,1.6414236111111111,7.4399999999999995,1.3,1.0,1,3424,2015-01-01
3425,2024,138,16096.097242663138,12.001666666666667,20.64,1.2063249827885467,1.1288368055555555,5.65125,1.3,1.0,1,3425,2015-01-01
3426,2024,139,18672.960590150768,8.900833333333333,21.13,1.1095757306193734,3.018854166666667,3.8400000000000003,1.3,1.0,1,3426,2015-01-01
3427,2024,140,16416.36945389049,8.54,22.73,1.1546119820846275,1.5092881944444445,3.765416666666667,1.3,2.0,1,3427,2015-01-01
3428,2024,141,5718.246951663183,13.28,23.71,1.3839217891164601,1.405607638888889,7.572500000000001,1.3,5.0,1,3428,2015-01-01
3429,2024,142,7687.940569725995,11.1175,23.25,1.2742657492206089,2.1225,11.065416666666666,1.3,5.0,1,3429,2015-01-01
3430,2024,143,7624.983676530822,10.65,22.16,1.2128090146643877,1.9485243055555554,13.193750000000001,1.3,5.0,1,3430,2015-01-01
3431,2024,144,17139.22256969442,10.920833333333334,23.58,1.279651436342959,2.3807118055555554,7.963333333333334,1.3,3.0,1,3431,2015-01-01
3432,2024,145,12935.687041881883,10.9,26.17,1.3873927814919582,1.7738194444444444,4.8066666666666675,1.3,3.0,1,3432,2015-01-01
3433,2024,146,13671.69371107742,13.14,26.95,1.5241218132744707,1.6876736111111112,3.2812500000000004,1.3,2.0,1,3433,2015-01-01
3434,2024,147,14868.28515219866,15.2,28.08,1.6812051753050457,4.194288194444444,4.008750000000001,1.3,2.0,1,3434,2015-01-01
3435,2024,148,21888.518868714815,14.889166666666666,30.25,1.7791307433249006,2.113038194444444,2.64,1.3,0.0,1,3435,2015-01-01
3436,2024,149,18114.43770737522,14.84,30.98,1.8162173417053418,2.2891840277777775,3.716666666666667,1.3,1.0,1,3436,2015-01-01
3437,2024,150,21015.862581069465,15.57,31.77,1.9014595357189064,1.9094444444444443,4.5600000000000005,1.3,0.0,1,3437,2015-01-01
3438,2024,151,18168.42697426475,17.67,32.27,2.0553789326580585,1.5685243055555556,4.5600000000000005,1.3,1.0,1,3438,2015-01-01
3439,2024,152,21585.11072181674,18.19,34.4,2.223328773637859,1.9763194444444447,4.5600000000000005,1.3,0.0,1,3439,2015-01-01
3440,2024,153,19574.29331492465,18.32,35.6,2.3120382826179733,2.411128472222222,4.5600000000000005,1.3,0.0,1,3440,2015-01-01
3441,2024,154,21818.578173269296,14.263333333333334,29.06,1.683432870893894,3.8622916666666662,4.5600000000000005,1.3,0.0,1,3441,2015-01-01
3442,2024,155,21969.62959154849,14.205833333333333,29.83,1.7204329173851063,2.846840277777778,4.5600000000000005,1.3,0.0,1,3442,2015-01-01
3443,2024,156,18712.63494077515,14.1,29.98,1.722749686033549,1.9274826388888888,4.5600000000000005,1.3,1.0,1,3443,2015-01-01
3444,2024,157,15341.183719830728,15.53,29.56,1.7764783070548202,1.4747222222222223,4.5600000000000005,1.3,2.0,1,3444,2015-01-01
3445,2024,158,17903.679316243444,16.84,30.52,1.9026040204920138,1.8492708333333334,4.5600000000000005,1.3,1.0,1,3445,2015-01-01
3446,2024,159,18023.440070237542,17.53,32.03,2.032226559454395,1.3372743055555556,4.5600000000000005,1.3,3.0,1,3446,2015-01-01
3447,2024,160,17960.734318326835,17.96,33.3,2.137599836597356,2.3880208333333335,4.5600000000000005,1.3,2.0,1,3447,2015-01-01
3448,2024,161,18176.20814238956,20.99,34.17,2.397506053486642,2.423298611111111,4.5600000000000005,1.3,2.0,1,3448,2015-01-01
3449,2024,162,5507.036642676285,20.4375,31.45,2.177681173320797,1.7160590277777779,4.5600000000000005,1.3,6.0,1,3449,2015-01-01
3450,2024,163,7376.924916776759,19.40833333333333,32.29,2.1655298263174894,1.1714409722222223,6.842083333333333,1.3,4.0,1,3450,2015-01-01
3451,2024,164,15555.888318496478,18.72,33.83,2.220707416287882,1.835642361111111,6.24,1.3,1.0,1,3451,2015-01-01
3452,2024,165,8351.882156859627,18.72,32.86,2.1579586266024386,2.3604166666666666,5.1433333333333335,1.3,4.0,1,3452,2015-01-01
3453,2024,166,9333.813562986072,16.736666666666665,29.18,1.8215373376234167,1.7857986111111108,4.3691666666666675,1.3,4.0,1,3453,2015-01-01
3454,2024,167,15502.4857046956,16.62,29.79,1.8489000796179067,1.3993055555555556,5.372916666666667,1.3,1.0,1,3454,2015-01-01
3455,2024,168,13562.6652254662,19.42,32.74,2.1952899827902446,2.1431770833333332,5.895416666666666,1.3,3.0,1,3455,2015-01-01
3456,2024,169,18298.49720491393,19.51,32.74,2.2011329307573364,2.183142361111111,6.13375,1.3,1.0,1,3456,2015-01-01
3457,2024,170,19734.96062580253,19.01,33.45,2.214819206811275,2.0531597222222224,6.48,1.3,1.0,1,3457,2015-01-01
3458,2024,171,17986.34349101913,19.31,32.08,2.145850312179626,2.19890625,6.48,1.3,1.0,1,3458,2015-01-01
3459,2024,172,19866.7556420619,18.24,30.81,2.001511274914413,2.035642361111111,6.48,1.3,0.0,1,3459,2015-01-01
3460,2024,173,20732.936418452155,18.34,32.32,2.0998780001945923,2.1041319444444446,6.48,1.3,0.0,1,3460,2015-01-01
3461,2024,174,17337.89203224494,20.0,32.29,2.203734143563476,1.44703125,7.352083333333334,1.3,2.0,1,3461,2015-01-01
3462,2024,175,14196.19481167373,21.05,32.26,2.2709764594179473,1.7214583333333335,9.076666666666666,1.3,2.0,1,3462,2015-01-01
3463,2024,176,8922.200157738012,20.09,32.38,2.2154727797585156,3.4413715277777777,10.52375,1.3,4.0,1,3463,2015-01-01
3464,2024,177,11505.086907575167,19.78333333333333,32.51,2.203951032164778,3.170677083333333,10.086666666666666,1.3,3.0,1,3464,2015-01-01
3465,2024,178,16646.52741571609,18.44,31.6,2.061509756934425,2.005190972222222,5.164166666666667,1.3,2.0,1,3465,2015-01-01
3466,2024,179,20160.672090502554,16.134999999999998,30.55,1.8643081514394957,3.057170138888889,5.716666666666667,1.3,1.0,1,3466,2015-01-01
3467,2024,180,17438.337923744555,16.13,32.78,1.9931507906660428,2.2160243055555555,5.403333333333333,1.3,1.0,1,3467,2015-01-01
3468,2024,181,19561.133607958574,16.85,31.88,1.9824463670025905,2.498454861111111,7.217083333333333,1.3,1.0,1,3468,2015-01-01
3469,2024,182,20481.968874057147,16.29,31.16,1.9077616441880265,2.8934722222222224,9.120000000000001,1.3,0.0,1,3469,2015-01-01
3470,2024,183,16452.41814331667,16.36,32.03,1.9623636569741079,2.1988715277777775,9.120000000000001,1.3,2.0,1,3470,2015-01-01
3471,2024,184,18263.639905354208,17.855833333333337,32.91,2.1064892447933974,2.3443055555555556,9.120000000000001,1.3,2.0,1,3471,2015-01-01
3472,2024,185,19202.878062667725,17.3,32.81,2.065810816136031,2.2221354166666667,7.419583333333334,1.3,1.0,1,3472,2015-01-01
3473,2024,186,21910.38470841124,17.54,36.36,2.310681809353219,2.2811979166666667,6.48,1.3,0.0,1,3473,2015-01-01
3474,2024,187,21996.561126328754,20.37,37.3,2.5789663668414153,2.3085243055555558,6.48,1.3,0.0,1,3474,2015-01-01
3475,2024,188,14628.080731994138,22.17,36.74,2.672940398557567,2.4641493055555554,6.48,1.3,3.0,1,3475,2015-01-01
3476,2024,189,20559.505344965743,21.311666666666667,35.84,2.540544480836852,3.3675347222222225,6.48,1.3,1.0,1,3476,2015-01-01
3477,2024,190,20886.746099010805,20.12,36.12,2.4741740174031333,2.948263888888889,6.48,1.3,1.0,1,3477,2015-01-01
3478,2024,191,17358.65765528782,19.99,36.23,2.4727350761264466,1.9519097222222221,6.48,1.3,1.0,1,3478,2015-01-01
3479,2024,192,17854.89210076573,21.0,36.49,2.565566808466995,1.9566840277777777,6.48,1.3,1.0,1,3479,2015-01-01
3480,2024,193,16269.809378713617,21.34,36.63,2.601434307642911,2.413298611111111,6.48,1.3,2.0,1,3480,2015-01-01
3481,2024,194,21431.518900387142,20.34,35.46,2.442685122068108,2.5206076388888885,6.48,1.3,0.0,1,3481,2015-01-01
3482,2024,195,21760.256086743488,20.294166666666666,35.34,2.4309080019272935,1.6146527777777777,6.48,1.3,0.0,1,3482,2015-01-01
3483,2024,196,21706.929258192566,18.025000000000002,34.14,2.195614236043997,2.1152083333333334,6.48,1.3,0.0,1,3483,2015-01-01
3484,2024,197,22000.70666147491,17.91,34.72,2.2259528268187188,2.0424652777777776,6.48,1.3,0.0,1,3484,2015-01-01
3485,2024,198,22000.70666147491,19.24,35.91,2.396805943557636,1.9284722222222221,6.48,1.3,0.0,1,3485,2015-01-01
3486,2024,199,22000.70666147491,20.65,36.16,2.5154914254171423,1.7303819444444446,6.48,1.3,0.0,1,3486,2015-01-01
3487,2024,200,21999.670277688372,19.736666666666668,36.17,2.4502865781843663,2.0727430555555557,6.48,1.3,0.0,1,3487,2015-01-01
3488,2024,201,19435.27755600305,19.21,34.27,2.2823555565224583,2.265173611111111,6.48,1.3,1.0,1,3488,2015-01-01
3489,2024,202,20747.409461970496,19.36,35.04,2.3448023966415836,2.4997916666666664,6.48,1.3,1.0,1,3489,2015-01-01
3490,2024,203,18734.926586547776,20.5725,35.92,2.4924034399623305,2.2391666666666667,6.48,1.3,1.0,1,3490,2015-01-01
3491,2024,204,19224.896178591593,20.19,34.87,2.390512960649438,2.4165972222222223,6.48,1.3,1.0,1,3491,2015-01-01
3492,2024,205,20650.21262477441,20.93,35.99,2.5235337127183457,2.0093750000000004,6.48,1.3,1.0,1,3492,2015-01-01
3493,2024,206,16537.41414862724,23.02,36.79,2.742999580499749,1.2635416666666666,6.48,1.3,2.0,1,3493,2015-01-01
3494,2024,207,18648.33802533419,20.75,36.5,2.5477949915341958,2.2601562499999996,6.48,1.3,1.0,1,3494,2015-01-01
3495,2024,208,21884.94963738636,20.18,37.44,2.5752381730928744,2.28234375,6.48,1.3,0.0,1,3495,2015-01-01
3496,2024,209,21996.561126328754,20.758333333333333,38.24,2.6797469841797588,2.2100173611111114,6.48,1.3,0.0,1,3496,2015-01-01
3497,2024,210,21967.135905389838,19.5,35.04,2.354434443176294,3.145017361111111,6.48,1.3,0.0,1,3497,2015-01-01
3498,2024,211,20283.901768190313,17.110833333333332,30.33,1.9072357732310494,3.584670138888889,6.107916666666667,1.3,2.0,1,3498,2015-01-01
3499,2024,212,21999.670277688372,16.32,34.42,2.104873804580962,2.6553125,4.800000000000001,1.3,0.0,1,3499,2015-01-01
3500,2024,213,16127.88022764843,21.445833333333333,38.18,2.7285348692569595,2.331770833333333,4.800000000000001,1.3,1.0,1,3500,2015-01-01
3501,2024,214,20773.884770519617,19.533333333333335,35.06,2.3581128476282642,3.146267361111111,4.800000000000001,1.3,1.0,1,3501,2015-01-01
3502,2024,215,21264.658828630167,18.8,34.59,2.276325156932368,2.0697395833333334,4.800000000000001,1.3,0.0,1,3502,2015-01-01
3503,2024,216,21889.27660599688,19.45,35.35,2.372413978989079,2.494357638888889,4.800000000000001,1.3,0.0,1,3503,2015-01-01
3504,2024,217,21991.42100545309,19.4,36.61,2.457670118202767,2.3232291666666667,4.800000000000001,1.3,0.0,1,3504,2015-01-01
3505,2024,218,21901.121960172877,20.2,38.89,2.6868263572948274,1.588125,4.800000000000001,1.3,0.0,1,3505,2015-01-01
3506,2024,219,20347.388149166614,25.27,40.03,3.2059515111585544,2.945798611111111,4.800000000000001,1.3,1.0,1,3506,2015-01-01
3507,2024,220,21394.815656065075,23.54,41.88,3.21678498759048,2.6894270833333334,4.800000000000001,1.3,1.0,1,3507,2015-01-01
3508,2024,221,21131.341760921187,20.361666666666668,37.37,2.5835709396727276,2.805920138888889,4.800000000000001,1.3,0.0,1,3508,2015-01-01
3509,2024,222,21987.31726836396,19.53,36.15,2.4341580309360475,2.1860069444444448,4.800000000000001,1.3,0.0,1,3509,2015-01-01
3510,2024,223,20842.026085958987,20.79,38.27,2.684507682996202,1.504045138888889,4.800000000000001,1.3,1.0,1,3510,2015-01-01
3511,2024,224,17545.277155888176,21.74,37.58,2.7046608043360063,2.0385243055555557,9.534166666666666,1.3,3.0,1,3511,2015-01-01
3512,2024,225,18679.172544371722,20.79,35.73,2.4943958641834647,2.1285590277777775,13.919999999999998,1.3,2.0,1,3512,2015-01-01
3513,2024,226,19800.677090049263,19.42,35.49,2.380056624611218,2.8922743055555555,13.919999999999998,1.3,0.0,1,3513,2015-01-01
3514,2024,227,20893.793952493892,18.74,36.04,2.371026705564662,2.7265104166666667,13.919999999999998,1.3,0.0,1,3514,2015-01-01
3515,2024,228,21991.42100545309,19.05,35.11,2.328370144969594,3.2569270833333333,13.919999999999998,1.3,0.0,1,3515,2015-01-01
3516,2024,229,16339.426612557394,18.33,34.0,2.2063380347574926,2.1170833333333334,13.919999999999998,1.3,1.0,1,3516,2015-01-01
3517,2024,230,20704.638164263673,17.89,31.71,2.0346528925534697,2.9863020833333334,13.919999999999998,1.3,0.0,1,3517,2015-01-01
3518,2024,231,18514.684838176283,17.07,33.54,2.0967608747245254,1.7834375,8.74875,1.3,1.0,1,3518,2015-01-01
3519,2024,232,20895.45547557865,19.38,35.21,2.3578828008141306,1.7961631944444443,6.0,1.3,0.0,1,3519,2015-01-01
3520,2024,233,18678.17351203842,19.94,33.59,2.285711788277571,2.109670138888889,6.0,1.3,1.0,1,3520,2015-01-01
3521,2024,234,21837.548802270077,19.62,33.88,2.2836975336953014,1.623142361111111,6.0,1.3,0.0,1,3521,2015-01-01
3522,2024,235,22000.70666147491,22.17,35.54,2.581952302325189,2.022482638888889,6.0,1.3,0.0,1,3522,2015-01-01
3523,2024,236,20706.630572599206,22.76,37.14,2.7500925311751123,1.7072569444444445,6.0,1.3,0.0,1,3523,2015-01-01
3524,2024,237,21290.967814931893,21.55,36.73,2.6248299035051135,2.67875,6.0,1.3,0.0,1,3524,2015-01-01
3525,2024,238,18258.634037796073,24.37,34.89,2.6999984426118213,3.372361111111111,6.0,1.3,1.0,1,3525,2015-01-01
3526,2024,239,19391.836496499945,22.99,36.42,2.711667475611058,1.6713020833333332,6.0,1.3,0.0,1,3526,2015-01-01
3527,2024,240,21871.58358115278,19.4075,38.02,2.560928374800793,2.4153819444444444,6.0,1.3,0.0,1,3527,2015-01-01
3528,2024,241,15732.776413979622,19.03,34.51,2.2863835503058407,1.8191666666666666,4.255833333333333,1.3,2.0,1,3528,2015-01-01
3529,2024,242,20900.678411678735,19.41,32.07,2.151578427237626,1.7247222222222223,4.010416666666667,1.3,1.0,1,3529,2015-01-01
3530,2024,243,22000.70666147491,18.69,32.63,2.141404305992984,2.3472222222222223,5.28,1.3,0.0,1,3530,2015-01-01
3531,2024,244,22000.70666147491,20.47,33.72,2.330418675777472,2.6588020833333332,5.28,1.3,0.0,1,3531,2015-01-01
3532,2024,245,22000.70666147491,19.82,34.31,2.3263231827421476,2.856197916666667,5.28,1.3,0.0,1,3532,2015-01-01
3533,2024,246,22000.70666147491,21.17,34.59,2.4398398734839257,2.5263541666666667,5.28,1.3,0.0,1,3533,2015-01-01
3534,2024,247,22000.70666147491,20.22833333333333,35.23,2.4184747303622887,1.95796875,5.28,1.3,0.0,1,3534,2015-01-01
3535,2024,248,22000.70666147491,19.24,36.03,2.4052190230867363,2.182934027777778,5.28,1.3,0.0,1,3535,2015-01-01
3536,2024,249,22000.70666147491,17.378333333333334,36.52,2.3105688012117516,1.3058159722222222,5.28,1.3,0.0,1,3536,2015-01-01
3537,2024,250,22000.70666147491,15.528333333333332,32.56,1.9446940020387764,2.420121527777778,5.28,1.3,0.0,1,3537,2015-01-01
3538,2024,251,21977.966906501646,14.94,30.16,1.7770175057139797,1.8371527777777779,5.28,1.3,0.0,1,3538,2015-01-01
3539,2024,252,21983.83213692458,15.61,30.75,1.8461105867449423,1.6094270833333333,5.28,1.3,0.0,1,3539,2015-01-01
3540,2024,253,22000.70666147491,17.6,33.06,2.0998780001945927,1.2175,5.28,1.3,0.0,1,3540,2015-01-01
3541,2024,254,21956.988644862187,19.62,33.66,2.2689735224900023,1.4210937499999998,5.28,1.3,0.0,1,3541,2015-01-01
3542,2024,255,21774.09588572603,19.989166666666666,34.27,2.335147660077252,2.1641493055555556,5.28,1.3,0.0,1,3542,2015-01-01
3543,2024,256,21525.227036601154,19.82,34.57,2.3441157084393445,1.347795138888889,5.28,1.3,0.0,1,3543,2015-01-01
3544,2024,257,16347.775136150012,18.16916666666667,33.02,2.133116033795659,1.7122048611111111,5.28,1.3,2.0,1,3544,2015-01-01
3545,2024,258,16918.76165727763,15.763333333333334,29.42,1.7815163880870024,1.59828125,5.420833333333333,1.3,1.0,1,3545,2015-01-01
3546,2024,259,19286.03206029803,14.76,25.42,1.528371134651097,1.5988715277777776,7.087916666666667,1.3,2.0,1,3546,2015-01-01
3547,2024,260,13385.623600415649,14.64,26.9,1.5938559479613663,2.1436805555555556,8.879999999999999,1.3,3.0,1,3547,2015-01-01
3548,2024,261,21172.306882156383,16.561666666666667,28.77,1.7895490092314377,2.005121527777778,8.879999999999999,1.3,0.0,1,3548,2015-01-01
3549,2024,262,17867.626798913825,13.849166666666665,25.96,1.5109286940083757,2.394756944444444,7.733749999999999,1.3,2.0,1,3549,2015-01-01
3550,2024,263,10260.600836690352,13.24,25.66,1.4688999012409358,1.8336805555555555,3.8400000000000003,1.3,4.0,1,3550,2015-01-01
3551,2024,264,13955.423776500269,13.82,27.65,1.5904265064477212,2.0107118055555557,3.8400000000000003,1.3,2.0,1,3551,2015-01-01
3552,2024,265,21897.32819116799,14.61,27.68,1.6310075731858786,1.6111458333333333,3.8400000000000003,1.3,0.0,1,3552,2015-01-01
3553,2024,266,21601.227509085005,15.72,30.18,1.8206191275746053,2.0468402777777777,3.8400000000000003,1.3,0.0,1,3553,2015-01-01
3554,2024,267,21252.478983872723,18.52,32.3,2.109879967703848,2.049756944444445,3.8400000000000003,1.3,0.0,1,3554,2015-01-01
3555,2024,268,18301.149207239574,17.43166666666667,32.74,2.0696063251859274,1.661875,3.8400000000000003,1.3,1.0,1,3555,2015-01-01
3556,2024,269,21935.22013874105,14.990833333333335,30.57,1.8020211272736129,2.7876041666666667,3.8400000000000003,1.3,0.0,1,3556,2015-01-01
3557,2024,270,17556.430826056043,13.598333333333334,26.21,1.5108896943776504,2.27046875,3.8400000000000003,1.3,1.0,1,3557,2015-01-01
3558,2024,271,12479.640812420148,13.07,25.18,1.439482163562868,1.723611111111111,6.706666666666667,1.3,3.0,1,3558,2015-01-01
3559,2024,272,3935.080512302492,7.3116666666666665,14.35,0.84371668783479,1.902638888888889,22.040000000000003,1.3,6.0,1,3559,2015-01-01
3560,2024,273,13584.548303351545,7.1,19.16,0.9818609120367049,1.0109374999999998,5.76,1.3,3.0,1,3560,2015-01-01
3561,2024,274,13219.56395662245,8.78,17.44,0.9805784390207812,2.431371527777778,10.187916666666666,1.3,3.0,1,3561,2015-01-01
3562,2024,275,20374.373836011935,10.78,23.99,1.2905845676637575,2.2076736111111113,9.84,1.3,1.0,1,3562,2015-01-01
3563,2024,276,21591.836580639578,15.84,26.98,1.6577156353791185,2.924496527777778,9.84,1.3,0.0,1,3563,2015-01-01
3564,2024,277,21746.866693632535,13.14,25.81,1.4711844298379115,1.667847222222222,9.84,1.3,0.0,1,3564,2015-01-01
3565,2024,278,21801.205713521882,11.85,23.79,1.3264841459186172,2.6146180555555554,9.84,1.3,1.0,1,3565,2015-01-01
3566,2024,279,18816.72176325452,9.585,22.53,1.1862340692847377,2.06453125,9.84,1.3,1.0,1,3566,2015-01-01
3567,2024,280,20729.770623252618,9.1,23.28,1.1963061457616246,1.1468229166666668,9.84,1.3,1.0,1,3567,2015-01-01
3568,2024,281,21721.873281760487,10.96,24.54,1.3206488438434612,1.8236805555555557,9.84,1.3,1.0,1,3568,2015-01-01
3569,2024,282,22000.70666147491,12.55,26.73,1.4863404148297892,0.7577604166666666,9.84,1.3,0.0,1,3569,2015-01-01
3570,2024,283,21696.033551240267,12.58,27.05,1.502563997119341,0.9918402777777777,9.84,1.3,0.0,1,3570,2015-01-01
3571,2024,284,22000.70666147491,13.66,27.25,1.5632223690209213,0.7615625,9.84,1.3,0.0,1,3571,2015-01-01
3572,2024,285,15445.2552913948,12.63,27.16,1.5100319251862226,0.9181770833333334,9.84,1.3,1.0,1,3572,2015-01-01
3573,2024,286,18941.203722726448,13.44,26.41,1.5128407546239053,1.6239409722222222,9.84,1.3,1.0,1,3573,2015-01-01
3574,2024,287,20407.21910192699,12.39,26.06,1.4484783794781464,1.3486979166666666,9.84,1.3,0.0,1,3574,2015-01-01
3575,2024,288,20425.2030814295,13.31,25.61,1.4698133400441977,1.1842708333333334,9.84,1.3,0.0,1,3575,2015-01-01
3576,2024,289,21120.614296984055,12.31,25.52,1.4207490746466809,0.8022569444444445,9.84,1.3,0.0,1,3576,2015-01-01
3577,2024,290,21378.929063060594,14.32,25.39,1.5062939138923894,1.4860763888888888,9.84,1.3,0.0,1,3577,2015-01-01
3578,2024,291,20874.601453934545,14.9,26.04,1.5646693524203503,2.2846006944444444,9.84,1.3,0.0,1,3578,2015-01-01
3579,2024,292,16631.98695511476,15.23,26.45,1.6007342267268838,4.099010416666667,9.84,1.3,1.0,1,3579,2015-01-01
3580,2024,293,16592.21995847689,15.306666666666667,25.55,1.560652842364334,2.8053993055555555,9.84,1.3,2.0,1,3580,2015-01-01
3581,2024,294,21934.051202824743,11.09,22.66,1.2495813055879421,0.8324131944444445,9.84,1.3,0.0,1,3581,2015-01-01
3582,2024,295,11171.750699357879,5.15,17.36,0.8678354357611632,1.88546875,9.84,1.3,4.0,1,3582,2015-01-01
3583,2024,296,21899.155696497324,4.06,15.71,0.7920456089182492,2.501666666666667,9.84,1.3,0.0,1,3583,2015-01-01
3584,2024,297,15351.893678384458,3.025,12.91,0.6957577709695371,1.747204861111111,10.265,1.3,3.0,1,3584,2015-01-01
3585,2024,298,14108.90567347618,2.75,14.49,0.7272974573933036,1.9570486111111112,11.895000000000001,1.3,4.0,1,3585,2015-01-01
3586,2024,299,21966.0995216033,3.19,15.03,0.7518028616102386,2.4883159722222223,15.600000000000001,1.3,0.0,1,3586,2015-01-01
3587,2024,300,7290.903231732058,3.72,16.47,0.8032711192854359,1.8747916666666664,15.600000000000001,1.3,3.0,1,3587,2015-01-01
3588,2024,301,21670.595414447704,3.79,15.58,0.7814831375924736,2.051996527777778,15.600000000000001,1.3,0.0,1,3588,2015-01-01
3589,2024,302,21961.93107867368,3.16,15.98,0.7754659814275782,1.3796875000000002,15.600000000000001,1.3,0.0,1,3589,2015-01-01
3590,2024,303,22000.70666147491,4.74,17.09,0.8484551211290277,1.53859375,15.600000000000001,1.3,0.0,1,3590,2015-01-01
3591,2024,304,5571.414228530601,5.81,17.65,0.8955618619919379,2.1193229166666665,15.600000000000001,1.3,5.0,1,3591,2015-01-01
3592,2024,305,19101.55288686031,7.05,17.25,0.9207230054808849,1.9009027777777778,15.600000000000001,1.3,1.0,1,3592,2015-01-01
3593,2024,306,13070.55377341984,8.09,20.06,1.0441612943108274,0.9644965277777777,15.600000000000001,1.3,5.0,1,3593,2015-01-01
3594,2024,307,18578.830717527013,10.29,19.38,1.0967546254323728,0.8790972222222222,15.600000000000001,1.3,2.0,1,3594,2015-01-01
3595,2024,308,5890.064519721181,10.35,15.65,0.9735510867920342,1.64453125,9.187916666666668,1.3,6.0,1,3595,2015-01-01
3596,2024,309,13335.663602364308,10.05,16.49,0.9908795221023079,1.25046875,9.344583333333334,1.3,3.0,1,3596,2015-01-01
3597,2024,310,20055.525891818354,7.121666666666667,16.79,0.9090148398037294,1.4689409722222222,2.64,1.3,0.0,1,3597,2015-01-01
3598,2024,311,21515.492709956674,5.15,16.1,0.8322264976122267,1.9208680555555557,2.64,1.3,0.0,1,3598,2015-01-01
3599,2024,312,5865.900639995966,5.12,15.96,0.8275218363256516,1.2971354166666667,2.64,1.3,5.0,1,3599,2015-01-01
3600,2024,313,15469.444910793529,5.49,14.91,0.8089361510029549,1.1384548611111112,3.038333333333333,1.3,3.0,1,3600,2015-01-01
3601,2024,314,14484.693808843,4.971666666666667,15.83,0.8198695694194922,0.8832118055555555,3.5999999999999996,1.3,3.0,1,3601,2015-01-01
3602,2024,315,21516.953526063662,4.28,16.63,0.8228405701561676,0.7046701388888889,3.7312499999999997,1.3,1.0,1,3602,2015-01-01
3603,2024,316,3940.5956803889962,8.57,14.95,0.8973388388718846,1.0374652777777778,7.610833333333334,1.3,6.0,1,3603,2015-01-01
3604,2024,317,4406.075211387203,6.586666666666667,15.67,0.860570329998853,1.4467534722222224,7.583333333333333,1.3,7.0,1,3604,2015-01-01
3605,2024,318,10405.398945280696,5.74,12.52,0.752818327354767,1.550625,6.68375,1.3,6.0,1,3605,2015-01-01
3606,2024,319,7978.204255451502,4.381666666666667,9.33,0.6447894560411368,1.5465972222222222,8.139166666666666,1.3,6.0,1,3606,2015-01-01
3607,2024,320,12664.887200287056,2.66,12.03,0.6667969004814046,1.2286631944444446,10.32,1.3,2.0,1,3607,2015-01-01
3608,2024,321,21930.74042157216,4.5,14.61,0.7746841469508212,0.6678472222222223,10.32,1.3,0.0,1,3608,2015-01-01
3609,2024,322,15763.125161443751,4.78,15.28,0.7997817023206393,0.8112673611111112,10.32,1.3,1.0,1,3609,2015-01-01
3610,2024,323,6717.89967287564,5.89,15.61,0.8391878264347203,1.711875,8.492083333333333,1.3,5.0,1,3610,2015-01-01
3611,2024,324,11572.215792308063,8.46,13.03,0.838908393732138,1.1921354166666667,7.850416666666667,1.3,5.0,1,3611,2015-01-01
3612,2024,325,19310.485816214146,7.980833333333334,15.06,0.883233703015508,0.7940277777777778,4.996666666666666,1.3,1.0,1,3612,2015-01-01
3613,2024,326,20583.99704966449,5.306666666666667,13.64,0.770439643011052,0.6108159722222222,5.04,1.3,0.0,1,3613,2015-01-01
3614,2024,327,22000.70666147491,2.799166666666667,14.7,0.7337086968960619,0.9839930555555555,5.04,1.3,0.0,1,3614,2015-01-01
3615,2024,328,13928.086024789276,1.84,14.49,0.7051746773481339,1.23953125,5.04,1.3,1.0,1,3615,2015-01-01
3616,2024,329,13032.431710052224,4.09,14.25,0.7548528794124336,0.8082118055555556,5.04,1.3,1.0,1,3616,2015-01-01
3617,2024,330,17792.343846051313,5.86,16.15,0.8535478213472639,2.6705381944444446,4.69375,1.3,3.0,1,3617,2015-01-01
3618,2024,331,15127.048664503376,9.53,16.05,0.9602579053278314,3.7444618055555554,3.0095833333333335,1.3,5.0,1,3618,2015-01-01
3619,2024,332,12945.81660336563,4.242500000000001,15.77,0.7985100518050617,3.454392361111111,7.421250000000001,1.3,5.0,1,3619,2015-01-01
3620,2024,333,22000.70666147491,0.72,9.2,0.5654209003889129,1.8726562499999997,5.28,1.3,0.0,1,3620,2015-01-01
3621,2024,334,21982.795753138038,-0.18,10.21,0.5675960876225054,1.8648958333333334,5.28,1.3,0.0,1,3621,2015-01-01
3622,2024,335,18163.4011462266,-0.86,9.33,0.5374273009676468,0.8405034722222222,5.28,1.3,1.0,1,3622,2015-01-01
3623,2024,336,19852.971282169878,-1.27,8.71,0.5182920106767971,0.8710069444444444,5.28,1.3,1.0,1,3623,2015-01-01
3624,2024,337,20712.817599592756,-1.65,7.68,0.49307271242979406,1.5073958333333333,5.28,1.3,0.0,1,3624,2015-01-01
3625,2024,338,21161.000952675775,-0.69,7.7,0.5104830712632384,2.1336631944444444,5.28,1.3,0.0,1,3625,2015-01-01
3626,2024,339,22000.70666147491,-1.68,9.28,0.521224456491647,1.051875,5.28,1.3,0.0,1,3626,2015-01-01
3627,2024,340,20572.18514447659,-1.01,10.77,0.5622701132151333,0.6187499999999999,5.28,1.3,1.0,1,3627,2015-01-01
3628,2024,341,22000.70666147491,-0.45,10.95,0.5769734093100658,0.5143923611111112,5.28,1.3,0.0,1,3628,2015-01-01
3629,2024,342,20660.032310574737,-0.42,11.52,0.589142776771629,1.097326388888889,5.28,1.3,2.0,1,3629,2015-01-01
3630,2024,343,3840.482226085118,1.35,8.77,0.5693812709020394,2.2997743055555557,5.294583333333334,1.3,8.0,1,3630,2015-01-01
3631,2024,344,17416.38736600743,1.5775000000000001,7.11,0.5415467829754723,1.1950520833333333,5.461666666666667,1.3,3.0,1,3631,2015-01-01
3632,2024,345,17551.462664595718,-1.54,10.66,0.5498212396044286,1.4693402777777778,4.5600000000000005,1.3,2.0,1,3632,2015-01-01
3633,2024,346,17421.111859713325,-0.75,7.98,0.5144652726260278,2.0970833333333334,4.5600000000000005,1.3,1.0,1,3633,2015-01-01
3634,2024,347,5357.251071063098,-0.06,8.53,0.5374273009676468,2.03078125,4.59875,1.3,7.0,1,3634,2015-01-01
3635,2024,348,11901.804641134187,4.14,9.33,0.6394527650440767,2.24734375,6.057083333333334,1.3,5.0,1,3635,2015-01-01
3636,2024,349,15724.23830778955,-8.405833333333334,4.31,0.3416025191015927,2.5033159722222225,6.240833333333334,1.3,3.0,1,3636,2015-01-01
3637,2024,350,22000.70666147491,-8.78,1.32,0.3013261114463855,1.9489583333333331,6.48,1.3,0.0,1,3637,2015-01-01
3638,2024,351,7330.554131590499,-6.02,3.22,0.35834423534507104,1.9149826388888889,6.48,1.3,6.0,1,3638,2015-01-01
3639,2024,352,17157.106063004278,-2.305,6.51,0.46204239371827904,0.8403472222222222,6.48,1.3,3.0,1,3639,2015-01-01
3640,2024,353,21719.215397333635,-3.17,8.24,0.47652802155849416,1.5211805555555555,6.48,1.3,0.0,1,3640,2015-01-01
3641,2024,354,21999.670277688372,0.0,11.54,0.5982102169908923,1.5303472222222223,6.48,1.3,0.0,1,3641,2015-01-01
3642,2024,355,12717.74673304135,-0.54,8.13,0.5210407506755421,2.3555729166666666,6.48,1.3,5.0,1,3642,2015-01-01
3643,2024,356,14398.394840324983,-1.65,6.13,0.46660489872693195,0.8652777777777777,6.48,1.3,4.0,1,3643,2015-01-01
3644,2024,357,22000.70666147491,-1.47,8.41,0.509221724515322,0.6073090277777777,6.48,1.3,0.0,1,3644,2015-01-01
3645,2024,358,7311.994087525978,-1.15,10.93,0.5626631130109668,1.1296006944444443,6.48,1.3,5.0,1,3645,2015-01-01
3646,2024,359,13361.365541724672,-0.06,9.8,0.5618773554928945,1.096423611111111,6.48,1.3,4.0,1,3646,2015-01-01
3647,2024,360,22000.70666147491,-0.4,12.31,0.6059300839041217,0.9441666666666667,6.48,1.3,0.0,1,3647,2015-01-01
3648,2024,361,22000.70666147491,0.59,11.29,0.6053008943564444,1.7252604166666667,6.48,1.3,0.0,1,3648,2015-01-01
3649,2024,362,4996.173014539061,1.82,10.25,0.6092955057318107,2.2588020833333333,8.14375,1.3,7.0,1,3649,2015-01-01
3650,2024,363,6014.261139287865,0.5,5.73,0.49658265331948787,1.9661631944444444,8.090416666666666,1.3,5.0,1,3650,2015-01-01
3651,2024,364,17838.240411926166,-0.22666666666666668,6.25,0.4929560925228241,0.755,4.08,1.3,1.0,1,3651,2015-01-01
3652,2024,365,17241.609163668112,-1.34,8.09,0.5058119227022099,0.35034722222222225,4.08,1.3,2.0,1,3652,2015-01-01
3653,2024,366,14664.80969449935,-1.39,6.37,0.47500238438157616,0.612204861111111,4.862916666666667,1.3,4.0,1,3653,2015-01-01
3654,2025,1,18584.710842204,-4.370833333333334,6.15,0.42347146669212743,1.3671527777777779,5.28,1.3,3.0,1,3654,2015-01-01
3655,2025,2,21818.961236626623,-4.778333333333333,6.88,0.4284294440966441,1.1160590277777778,5.28,1.3,0.0,1,3655,2015-01-01
3656,2025,3,20515.382354808524,-4.8,6.94,0.4290221618667124,0.5033680555555555,5.28,1.3,1.0,1,3656,2015-01-01
3657,2025,4,22000.70666147491,-3.56,9.18,0.48594572467424785,1.0743923611111112,5.28,1.3,0.0,1,3657,2015-01-01
3658,2025,5,21996.561126328754,-1.77,10.5,0.5423549842572656,1.2888194444444445,5.28,1.3,1.0,1,3658,2015-01-01
3659,2025,6,7531.298819915829,0.9575,6.46,0.5178808052081395,0.8816840277777778,5.0062500000000005,1.3,6.0,1,3659,2015-01-01
3660,2025,7,7341.563643226942,0.05,8.28,0.5347903264907645,0.8275694444444445,4.5600000000000005,1.3,6.0,1,3660,2015-01-01
3661,2025,8,9500.08163613047,-0.25333333333333335,8.85,0.5398230114513003,0.6003298611111112,4.5600000000000005,1.3,5.0,1,3661,2015-01-01
3662,2025,9,21941.97031054719,-0.99,9.71,0.5421647235965631,0.3445833333333333,4.5600000000000005,1.3,0.0,1,3662,2015-01-01
3663,2025,10,21999.670277688372,-0.84,10.94,0.568984136248779,0.7558333333333334,4.5600000000000005,1.3,0.0,1,3663,2015-01-01
3664,2025,11,21970.863662399202,-1.56,10.82,0.5525234607915002,1.8919965277777777,4.582916666666667,1.3,1.0,1,3664,2015-01-01
3665,2025,12,14215.2181777054,0.02416666666666667,10.11,0.5696627224676141,1.0933333333333333,6.04875,1.3,5.0,1,3665,2015-01-01
3666,2025,13,18067.497292342967,-1.6783333333333332,8.96,0.5154044517908869,1.4736458333333333,3.5999999999999996,1.3,1.0,1,3666,2015-01-01
3667,2025,14,21558.03337685678,-2.42,8.82,0.49958342394094757,0.7442708333333333,3.5999999999999996,1.3,1.0,1,3667,2015-01-01
3668,2025,15,12497.964366425296,-1.53,10.17,0.5406447565077249,0.5036631944444445,3.5999999999999996,1.3,5.0,1,3668,2015-01-01
3669,2025,16,16732.690009810736,-0.61,11.14,0.5775765722136404,1.3682118055555557,3.5999999999999996,1.3,1.0,1,3669,2015-01-01
3670,2025,17,17875.172867445108,-1.7658333333333334,8.89,0.5125461838628339,1.727638888888889,3.5999999999999996,1.3,1.0,1,3670,2015-01-01
3671,2025,18,17965.535608142436,-1.87,6.69,0.4723007867851242,1.8267881944444444,3.58,1.3,3.0,1,3671,2015-01-01
3672,2025,19,12814.165104958915,-0.1,6.14,0.49324768795306834,1.4735069444444444,3.5999999999999996,1.3,5.0,1,3672,2015-01-01
3673,2025,20,6825.5181099085175,-4.01,3.15,0.38476613388073977,0.9873090277777778,3.5854166666666663,1.3,6.0,1,3673,2015-01-01
3674,2025,21,21958.510653074794,-5.47,6.05,0.40547785000058945,1.5996354166666666,3.3600000000000003,1.3,0.0,1,3674,2015-01-01
3675,2025,22,22000.70666147491,-5.95,7.48,0.419675676927677,1.6052777777777778,3.3600000000000003,1.3,0.0,1,3675,2015-01-01
3676,2025,23,4010.9761846936626,-1.97,6.71,0.4709550830263134,2.953940972222222,3.3600000000000003,1.3,7.0,1,3676,2015-01-01
3677,2025,24,4352.760264513386,-1.68,8.42,0.5056330189751297,1.442638888888889,3.6437500000000003,1.3,7.0,1,3677,2015-01-01
3678,2025,25,14194.73484679359,1.4566666666666666,9.63,0.588869907591004,0.598576388888889,3.047916666666667,1.3,3.0,1,3678,2015-01-01
3679,2025,26,17218.13407254787,0.99,9.14,0.5695799298643832,0.63671875,2.4000000000000004,1.3,3.0,1,3679,2015-01-01
3680,2025,27,3667.820827365691,-0.22,4.41,0.4617946669387947,1.5247743055555556,5.954583333333334,1.3,8.0,1,3680,2015-01-01
3681,2025,28,17475.559992527636,-2.6791666666666667,7.3,0.46895682299311925,1.8306250000000002,2.64,1.3,3.0,1,3681,2015-01-01
3682,2025,29,21279.823924867072,-3.75,7.28,0.4510101508878057,0.7650694444444445,2.64,1.3,0.0,1,3682,2015-01-01
3683,2025,30,21981.14076370176,-3.5,9.83,0.49834587972811856,1.2254166666666668,2.64,1.3,0.0,1,3683,2015-01-01
3684,2025,31,21993.493773026166,-2.49,9.92,0.518109217136534,0.9371875000000001,2.64,1.3,0.0,1,3684,2015-01-01
3685,2025,32,14012.97905593713,-1.82,9.37,0.5203064985730392,0.8735243055555555,2.64,1.3,4.0,1,3685,2015-01-01
3686,2025,33,21959.307551740127,-3.1,10.39,0.5155560739042637,1.2267881944444445,2.64,1.3,0.0,1,3686,2015-01-01
3687,2025,34,21811.784798206278,-2.76,10.76,0.5286197122870644,1.1073090277777777,2.64,1.3,0.0,1,3687,2015-01-01
3688,2025,35,21657.88271900699,-3.11,10.99,0.5263914766867851,0.7237152777777778,2.64,1.3,2.0,1,3688,2015-01-01
3689,2025,36,5716.919280552062,-0.56,9.99,0.5558204707803498,1.5689930555555556,4.5216666666666665,1.3,6.0,1,3689,2015-01-01
3690,2025,37,5098.007053751635,0.42,9.88,0.5729664955065328,2.9322395833333332,7.669583333333334,1.3,7.0,1,3690,2015-01-01
3691,2025,38,11237.362516849378,-5.57,2.67,0.35702689745552235,2.7259895833333334,8.158750000000001,1.3,5.0,1,3691,2015-01-01
3692,2025,39,14021.98826046353,-6.2,2.82,0.3507631414775449,1.7472395833333332,2.64,1.3,4.0,1,3692,2015-01-01
3693,2025,40,11173.948212059497,-9.116666666666667,1.61,0.3007983565200599,2.1026909722222222,2.64,1.3,5.0,1,3693,2015-01-01
3694,2025,41,15685.624029624814,-9.82,1.2,0.28844805164373866,1.0038888888888888,2.64,1.3,1.0,1,3694,2015-01-01
3695,2025,42,17453.381414155163,-7.12,4.57,0.361656415658017,0.7419965277777778,2.64,1.3,1.0,1,3695,2015-01-01
3696,2025,43,21627.149510690982,-7.2,5.55,0.37380568449592905,1.4703819444444446,2.64,1.3,2.0,1,3696,2015-01-01
3697,2025,44,13204.628658838694,-2.08,5.13,0.44330721187546457,1.4114236111111111,14.084166666666667,1.3,4.0,1,3697,2015-01-01
3698,2025,45,11141.404661665701,-2.0908333333333333,6.54,0.466091372509868,1.9329340277777776,23.90416666666667,1.3,3.0,1,3698,2015-01-01
3699,2025,46,21981.56168228733,-5.48,7.13,0.4214999792100419,0.6634722222222222,38.160000000000004,1.3,0.0,1,3699,2015-01-01
3700,2025,47,10739.084647444408,-3.63,10.26,0.5036687606410197,1.5214409722222222,38.160000000000004,1.3,4.0,1,3700,2015-01-01
3701,2025,48,11764.775836796518,-3.28,5.35,0.4279403535920721,1.5275347222222222,6.586250000000001,1.3,4.0,1,3701,2015-01-01
3702,2025,49,21590.369987410046,-4.18,10.54,0.4988759241000235,1.394392361111111,2.88,1.3,0.0,1,3702,2015-01-01
3703,2025,50,10189.577531670742,-0.22,10.53,0.5731662569512193,0.9456597222222223,2.88,1.3,5.0,1,3703,2015-01-01
3704,2025,51,5182.957305349301,0.26,11.39,0.6004962057778098,2.6349131944444446,2.88,1.3,8.0,1,3704,2015-01-01
3705,2025,52,9254.980495985323,1.0925,8.64,0.5617301337305687,2.182777777777778,10.839166666666666,1.3,5.0,1,3705,2015-01-01
3706,2025,53,7060.994430595454,-0.2,6.01,0.4892370876807367,1.5341666666666667,13.202083333333333,1.3,6.0,1,3706,2015-01-01
3707,2025,54,13110.374073076617,-2.65,4.71,0.42778600649953497,1.1439409722222222,13.292083333333332,1.3,3.0,1,3707,2015-01-01
3708,2025,55,8589.913275349449,-8.780000000000001,0.49,0.2920610305056039,2.8494965277777777,6.720000000000001,1.3,5.0,1,3708,2015-01-01
3709,2025,56,21999.670277688372,-10.04,-0.56,0.26759014088354327,3.0615972222222223,6.720000000000001,1.3,1.0,1,3709,2015-01-01
3710,2025,57,15133.785882242648,-6.06,4.2,0.37093901867735596,1.283298611111111,6.720000000000001,1.3,3.0,1,3710,2015-01-01
3711,2025,58,17426.420187696764,-5.93,5.18,0.3863145977890807,2.3890104166666664,6.720000000000001,1.3,1.0,1,3711,2015-01-01
3712,2025,59,21246.42968331165,-5.69,5.06,0.3880101142428476,1.0918576388888888,6.720000000000001,1.3,1.0,1,3712,2015-01-01
3713,2025,60,12696.652331375812,-3.82,5.83,0.42701500871036285,2.164791666666667,6.720000000000001,1.3,3.0,1,3713,2015-01-01
3714,2025,61,21877.448811575716,-5.33,2.6,0.3592689291944601,2.9017534722222225,6.720000000000001,1.3,0.0,1,3714,2015-01-01
3715,2025,62,7819.622786404615,-5.21,6.33,0.4134951844438598,2.333263888888889,6.720000000000001,1.3,5.0,1,3715,2015-01-01
3716,2025,63,3745.5898764609246,1.01,11.15,0.6111957851340845,2.148246527777778,6.720000000000001,1.3,8.0,1,3716,2015-01-01
3717,2025,64,4210.513796764666,2.86,11.53,0.6599791857471065,1.5945833333333335,5.737500000000001,1.3,8.0,1,3717,2015-01-01
3718,2025,65,19759.360476914073,2.984166666666667,13.86,0.717600509348264,0.8812500000000001,2.4000000000000004,1.3,1.0,1,3718,2015-01-01
3719,2025,66,7449.100869795424,1.76,15.95,0.7389609003820278,1.838090277777778,2.4000000000000004,1.3,5.0,1,3719,2015-01-01
3720,2025,67,4151.103051918027,5.64,10.94,0.7111925513981265,1.6917534722222223,8.745416666666666,1.3,8.0,1,3720,2015-01-01
3721,2025,68,6306.709782703368,5.06,11.55,0.7119177249783306,0.6798611111111111,6.69875,1.3,7.0,1,3721,2015-01-01
3722,2025,69,10488.489554094025,6.059166666666667,13.19,0.7783168508026669,0.8044270833333333,8.765833333333333,1.3,5.0,1,3722,2015-01-01
3723,2025,70,13774.089520312666,3.2333333333333334,14.12,0.7300949952193735,0.8445659722222222,2.564583333333333,1.3,3.0,1,3723,2015-01-01
3724,2025,71,17599.519131887668,2.09,16.42,0.7591923704155954,0.9143923611111112,4.20875,1.3,1.0,1,3724,2015-01-01
3725,2025,72,22000.70666147491,3.33,19.26,0.8701408489290928,0.9040798611111112,6.24,1.3,0.0,1,3725,2015-01-01
3726,2025,73,22000.70666147491,4.69,19.57,0.9195109266887308,1.1501388888888888,6.24,1.3,0.0,1,3726,2015-01-01
3727,2025,74,10796.994286715579,5.14,20.24,0.953984022746323,0.8271527777777777,6.24,1.3,3.0,1,3727,2015-01-01
3728,2025,75,16126.558530602957,5.26,21.03,0.9828237327752621,0.9746701388888889,6.24,1.3,2.0,1,3728,2015-01-01
3729,2025,76,21995.524742542213,6.23,21.61,1.0337109484667293,0.8976215277777777,6.24,1.3,0.0,1,3729,2015-01-01
3730,2025,77,14626.224532951614,10.34,22.77,1.2244404491114191,1.139670138888889,6.24,1.3,2.0,1,3730,2015-01-01
3731,2025,78,18111.141323682048,10.62,22.28,1.2162882365150267,1.8822395833333334,4.635833333333334,1.3,2.0,1,3731,2015-01-01
3732,2025,79,4630.293931794328,11.64,20.12,1.1728577855036009,3.178246527777778,10.350000000000001,1.3,6.0,1,3732,2015-01-01
3733,2025,80,4259.320891192689,11.01,13.63,0.9310824613741783,2.99046875,16.033333333333335,1.3,7.0,1,3733,2015-01-01
3734,2025,81,12143.034166591984,5.596666666666667,15.26,0.8213767429791745,3.6441145833333337,7.377916666666668,1.3,4.0,1,3734,2015-01-01
3735,2025,82,21153.178486617697,3.129166666666667,13.39,0.7097240560765387,2.1124131944444446,6.557500000000001,1.3,1.0,1,3735,2015-01-01
3736,2025,83,14252.326910327838,1.85,11.6,0.6390128562160792,3.1725868055555555,3.86125,1.3,2.0,1,3736,2015-01-01
3737,2025,84,17188.099605451527,0.7616666666666667,10.54,0.5932835363384747,3.329652777777778,2.88,1.3,1.0,1,3737,2015-01-01
3738,2025,85,22000.70666147491,-0.36,13.05,0.622492623349205,2.658402777777778,2.88,1.3,0.0,1,3738,2015-01-01
3739,2025,86,18514.298472180897,1.56,16.98,0.7599604367209438,1.5730034722222221,2.88,1.3,2.0,1,3739,2015-01-01
3740,2025,87,10762.140252859395,8.6,18.38,1.0051985503726881,1.494861111111111,2.88,1.3,5.0,1,3740,2015-01-01
3741,2025,88,21041.90127874285,8.83,21.12,1.1066921998636585,0.9582291666666668,2.88,1.3,0.0,1,3741,2015-01-01
3742,2025,89,18739.19771358603,9.74,23.46,1.2279488829669931,2.5765104166666664,2.88,1.3,1.0,1,3742,2015-01-01
3743,2025,90,8910.46560628406,12.54,19.08,1.1676190912756759,2.214236111111111,4.002083333333334,1.3,4.0,1,3743,2015-01-01
3744,2025,91,13676.348157731258,11.19,22.62,1.2519612794285915,1.0536805555555555,6.158333333333334,1.3,3.0,1,3744,2015-01-01
3745,2025,92,4818.030779272769,13.651666666666667,23.4,1.3865966735490889,2.3108680555555554,5.5200000000000005,1.3,6.0,1,3745,2015-01-01
3746,2025,93,7814.423674298486,13.45,24.91,1.444424014058305,1.7169444444444446,5.5200000000000005,1.3,6.0,1,3746,2015-01-01
3747,2025,94,3709.1781390434435,11.309166666666666,18.47,1.1006197496997325,1.9869791666666667,5.5129166666666665,1.3,8.0,1,3747,2015-01-01
3748,2025,95,4685.6323890034455,10.37,14.61,0.9415441368530484,3.679027777777778,15.237499999999999,1.3,7.0,1,3748,2015-01-01
3749,2025,96,9299.977360021567,11.05,21.48,1.2020404710659147,1.2990625,4.1970833333333335,1.3,5.0,1,3749,2015-01-01
3750,2025,97,4111.423090448003,11.12,23.07,1.267126863403406,1.2327604166666668,6.959999999999999,1.3,6.0,1,3750,2015-01-01
3751,2025,98,19501.686469471624,11.68,23.18,1.2942584310932561,1.2345833333333334,6.959999999999999,1.3,1.0,1,3751,2015-01-01
3752,2025,99,14337.625468044256,11.96,24.8,1.3739849830553605,1.8205208333333331,6.959999999999999,1.3,3.0,1,3752,2015-01-01
3753,2025,100,9977.503995981097,15.023333333333333,23.28,1.4418763618898456,3.651111111111111,5.6433333333333335,1.3,3.0,1,3753,2015-01-01
3754,2025,101,16946.50044059459,12.48,22.5,1.2991711599868014,1.4153125,6.577083333333333,1.3,2.0,1,3754,2015-01-01
3755,2025,102,15076.135591735703,8.580833333333334,17.83,0.9867101573934874,1.9519618055555554,12.245416666666667,1.3,2.0,1,3755,2015-01-01
3756,2025,103,16018.08751459995,6.57,21.23,1.032369224003097,1.832222222222222,10.89375,1.3,1.0,1,3756,2015-01-01
3757,2025,104,10903.41549542705,10.01,23.54,1.2416766572092819,2.8887847222222223,4.327500000000001,1.3,3.0,1,3757,2015-01-01
3758,2025,105,14106.844467484838,8.110833333333332,25.4,1.2401338031126963,3.601475694444444,6.285833333333334,1.3,3.0,1,3758,2015-01-01
3759,2025,106,15429.797462013546,4.15,14.2,0.7551075382209186,3.33328125,4.071250000000001,1.3,1.0,1,3759,2015-01-01
3760,2025,107,13529.27175599323,2.405,12.9,0.6809673922463867,3.6847569444444446,4.5600000000000005,1.3,2.0,1,3760,2015-01-01
3761,2025,108,21006.279356713134,2.38,15.59,0.7454834581979132,2.189409722222222,4.5600000000000005,1.3,0.0,1,3761,2015-01-01
3762,2025,109,18074.232104525116,2.78,17.7,0.8111034800987569,1.4949652777777778,4.5600000000000005,1.3,1.0,1,3762,2015-01-01
3763,2025,110,21768.233342294236,8.23,20.49,1.0636185495016013,2.6045486111111114,4.5600000000000005,1.3,1.0,1,3763,2015-01-01
3764,2025,111,20617.27851534439,9.01,23.02,1.1830191834363555,2.390642361111111,4.5600000000000005,1.3,2.0,1,3764,2015-01-01
3765,2025,112,11739.406826494589,10.72,24.9,1.3256491517837403,1.5451736111111112,4.5600000000000005,1.3,3.0,1,3765,2015-01-01
3766,2025,113,15843.574309480202,13.54,26.92,1.5416575658261662,1.1606944444444443,4.5600000000000005,1.3,2.0,1,3766,2015-01-01
3767,2025,114,7575.763013263053,15.763333333333334,26.02,1.6058276792272994,2.062708333333333,3.5633333333333335,1.3,6.0,1,3767,2015-01-01
3768,2025,115,4803.42661031487,14.42,28.46,1.660763133639861,1.5272569444444446,2.64,1.3,7.0,1,3768,2015-01-01
3769,2025,116,4977.903853300697,15.45,26.71,1.624514258590893,1.738923611111111,2.64,1.3,6.0,1,3769,2015-01-01
3770,2025,117,6836.987845497936,16.67,26.58,1.6796644335807305,0.9388541666666667,3.079166666666667,1.3,7.0,1,3770,2015-01-01
3771,2025,118,7896.146049736978,10.726666666666667,26.63,1.3998931474022,2.4776041666666666,3.734583333333333,1.3,6.0,1,3771,2015-01-01
3772,2025,119,4997.758453881232,8.11,19.75,1.0343823842609363,2.668611111111111,7.334583333333334,1.3,7.0,1,3772,2015-01-01
3773,2025,120,11856.320499065017,7.5,23.99,1.1627729648731522,1.157204861111111,15.337083333333332,1.3,4.0,1,3773,2015-01-01
3774,2025,121,15229.854155001616,14.3,28.1,1.6365196198586929,1.3115625,19.68,1.3,2.0,1,3774,2015-01-01
3775,2025,122,11991.95839246112,14.94,28.62,1.6956450770712712,1.6407118055555554,19.68,1.3,3.0,1,3775,2015-01-01
3776,2025,123,6376.448393327752,16.38,29.29,1.807989029804147,1.7859548611111111,13.232083333333334,1.3,6.0,1,3776,2015-01-01
3777,2025,124,4227.620629604248,16.47,26.67,1.6740255961818562,2.0760763888888887,4.08,1.3,7.0,1,3777,2015-01-01
3778,2025,125,6445.067995093757,17.37,27.54,1.7667971304629388,2.43484375,3.7308333333333334,1.3,6.0,1,3778,2015-01-01
3779,2025,126,18769.173353882597,11.774999999999999,23.22,1.2997863977455504,3.4261979166666667,3.5999999999999996,1.3,0.0,1,3779,2015-01-01
3780,2025,127,15859.198671393624,9.610833333333334,21.98,1.1665302817493062,3.7339409722222223,3.5999999999999996,1.3,1.0,1,3780,2015-01-01
3781,2025,128,21834.99041027093,9.55,25.37,1.296712758250773,1.7598784722222223,3.5999999999999996,1.3,0.0,1,3781,2015-01-01
3782,2025,129,16684.082312297935,12.67,28.26,1.5641868945756707,1.2866493055555557,3.5999999999999996,1.3,2.0,1,3782,2015-01-01
3783,2025,130,14384.620793506674,13.67,29.18,1.659238773189777,1.7728645833333332,3.5999999999999996,1.3,2.0,1,3783,2015-01-01
3784,2025,131,20333.927769317615,15.91,29.7,1.8047068291522748,1.3129166666666667,3.5999999999999996,1.3,1.0,1,3784,2015-01-01
3785,2025,132,6709.638914773884,18.15,30.17,1.9582510852261283,1.369045138888889,3.5999999999999996,1.3,4.0,1,3785,2015-01-01
3786,2025,133,11068.7890820577,20.02,29.84,2.050485726604432,2.4611284722222226,4.472083333333334,1.3,3.0,1,3786,2015-01-01
3787,2025,134,14669.433651405361,16.34583333333333,27.92,1.7325274792294898,1.9744444444444444,16.223750000000003,1.3,3.0,1,3787,2015-01-01
3788,2025,135,9617.585654733748,14.985833333333332,24.66,1.5033015680367365,1.8825347222222222,16.875416666666666,1.3,4.0,1,3788,2015-01-01
3789,2025,136,21992.457389239626,11.1725,24.93,1.3459222620523326,3.191006944444444,11.52,1.3,0.0,1,3789,2015-01-01
3790,2025,137,22000.70666147491,10.7,27.87,1.4538996845673255,2.136736111111111,11.52,1.3,0.0,1,3790,2015-01-01
3791,2025,138,22000.70666147491,13.02,31.01,1.7201271326112455,1.5394270833333332,11.52,1.3,0.0,1,3791,2015-01-01
3792,2025,139,17779.711017429672,18.46,33.92,2.2095966687683464,2.0215798611111113,11.52,1.3,1.0,1,3792,2015-01-01
3793,2025,140,21839.294042004083,19.89,33.25,2.2596468185810137,1.5147222222222223,11.52,1.3,0.0,1,3793,2015-01-01
3794,2025,141,17724.84589378306,18.19,34.76,2.2470425824140503,2.7991319444444445,11.52,1.3,1.0,1,3794,2015-01-01
3795,2025,142,21204.981362193164,14.23,31.76,1.8255822663001546,3.538454861111111,11.52,1.3,0.0,1,3795,2015-01-01
3796,2025,143,21527.904573317934,13.62,31.76,1.7921732020151153,2.020295138888889,11.52,1.3,0.0,1,3796,2015-01-01
3797,2025,144,11006.059583537035,15.48,29.91,1.7927165577386055,2.2481423611111113,6.487916666666667,1.3,4.0,1,3797,2015-01-01
3798,2025,145,14070.183900897995,12.806666666666667,27.22,1.521137746196236,2.862951388888889,9.395833333333334,1.3,4.0,1,3798,2015-01-01
3799,2025,146,20116.938754885763,12.05,27.38,1.493274521396712,2.876267361111111,12.24,1.3,1.0,1,3799,2015-01-01
3800,2025,147,17367.55209593885,12.77,28.37,1.5743458665241628,1.3682118055555557,12.24,1.3,3.0,1,3800,2015-01-01
3801,2025,148,15488.729795054063,16.3,29.93,1.8388750908157139,1.4312847222222222,8.45875,1.3,2.0,1,3801,2015-01-01
3802,2025,149,16611.68251040865,19.905833333333334,31.97,2.176930035306003,2.5366145833333333,3.1979166666666665,1.3,1.0,1,3802,2015-01-01
3803,2025,150,20980.697818027445,16.9525,31.1,1.9426043725826434,1.851753472222222,2.64,1.3,0.0,1,3803,2015-01-01
3804,2025,151,22000.70666147491,15.74,32.82,1.9723827148687796,1.5408506944444444,2.64,1.3,0.0,1,3804,2015-01-01
3805,2025,152,22000.70666147491,16.76,35.27,2.1868740329578813,3.0388368055555555,2.64,1.3,0.0,1,3805,2015-01-01
3806,2025,153,22000.70666147491,21.05,35.02,2.461966216888718,4.320607638888889,2.64,1.3,0.0,1,3806,2015-01-01
3807,2025,154,21951.71868321162,14.84,34.01,1.9895770613502444,3.0828645833333335,2.64,1.3,0.0,1,3807,2015-01-01
3808,2025,155,20471.267120854136,10.936666666666666,24.5,1.3180164560910301,4.243715277777778,2.64,1.3,0.0,1,3808,2015-01-01
3809,2025,156,19091.47869016165,10.93,23.6,1.2808322091786726,3.8775347222222223,2.64,1.3,1.0,1,3809,2015-01-01
3810,2025,157,21323.608594700218,11.02,26.41,1.4031067026906594,2.3599131944444443,2.64,1.3,0.0,1,3810,2015-01-01
3811,2025,158,12379.256562944902,11.9925,25.47,1.4045329550905792,2.1571006944444444,6.802499999999999,1.3,3.0,1,3811,2015-01-01
3812,2025,159,20927.62705562955,11.44,25.49,1.3813235344915036,2.7025868055555557,6.959999999999999,1.3,0.0,1,3812,2015-01-01
3813,2025,160,15972.170613665923,12.4,26.93,1.4886486480183068,1.1897743055555554,6.9399999999999995,1.3,2.0,1,3813,2015-01-01
3814,2025,161,13132.696148957912,14.35,27.02,1.5855384931828915,1.5196180555555554,5.364166666666666,1.3,2.0,1,3814,2015-01-01
3815,2025,162,15899.459445685294,14.21,28.83,1.6689137393162343,1.4163541666666668,4.5600000000000005,1.3,2.0,1,3815,2015-01-01
3816,2025,163,15010.137804724975,16.23,31.18,1.9054678627348478,1.4705208333333333,4.5600000000000005,1.3,1.0,1,3816,2015-01-01
3817,2025,164,17997.23146043024,19.09,33.13,2.1991837774497127,1.941597222222222,6.480416666666667,1.3,1.0,1,3817,2015-01-01
3818,2025,165,21780.272390388232,19.09,34.05,2.2596468185810137,2.6768750000000003,7.199999999999999,1.3,0.0,1,3818,2015-01-01
3819,2025,166,22000.70666147491,22.61,36.79,2.7108881778222416,1.9586805555555555,7.199999999999999,1.3,0.0,1,3819,2015-01-01
3820,2025,167,20570.692824144346,19.280833333333334,37.46,2.5104459634703002,3.1927083333333335,7.199999999999999,1.3,0.0,1,3820,2015-01-01
3821,2025,168,22000.70666147491,16.994166666666665,33.8,2.108262260666054,2.5363194444444446,7.199999999999999,1.3,0.0,1,3821,2015-01-01
3822,2025,169,21991.42100545309,12.558333333333334,29.96,1.6424674138660573,3.7677777777777783,7.199999999999999,1.3,0.0,1,3822,2015-01-01
3823,2025,170,21999.670277688372,12.12,31.04,1.6750496074667143,2.759809027777778,7.199999999999999,1.3,0.0,1,3823,2015-01-01
3824,2025,171,21905.44227459975,12.93,32.23,1.780255699661705,2.368402777777778,7.199999999999999,1.3,0.0,1,3824,2015-01-01
3825,2025,172,21784.50062022363,19.941666666666666,35.93,2.4477900836342896,2.8111805555555556,7.199999999999999,1.3,0.0,1,3825,2015-01-01
3826,2025,173,21998.63389390183,15.638333333333334,34.45,2.064478700552169,2.354809027777778,7.199999999999999,1.3,0.0,1,3826,2015-01-01
3827,2025,174,21993.493773026166,14.658333333333333,34.39,2.0014115657192595,1.8972569444444443,7.199999999999999,1.3,0.0,1,3827,2015-01-01
3828,2025,175,21988.3536521505,13.76,32.7,1.8516932508811286,3.4930729166666667,7.199999999999999,1.3,0.0,1,3828,2015-01-01
3829,2025,176,21999.670277688372,15.2,30.79,1.8255822663001542,2.862482638888889,7.199999999999999,1.3,0.0,1,3829,2015-01-01
3830,2025,177,21999.670277688372,16.13,32.95,2.0033067814733436,1.7276041666666666,7.199999999999999,1.3,0.0,1,3830,2015-01-01
3831,2025,178,21679.57994527551,18.929166666666667,35.1,2.319454598296088,1.9791493055555556,7.199999999999999,1.3,0.0,1,3831,2015-01-01
3832,2025,179,21954.604603049836,18.39,34.73,2.2583171627064447,2.445069444444444,7.199999999999999,1.3,0.0,1,3832,2015-01-01
3833,2025,180,21926.397199361832,20.12,35.79,2.450524455132137,2.7522743055555554,7.199999999999999,1.3,0.0,1,3833,2015-01-01
3834,2025,181,22000.70666147491,20.345,37.51,2.5928015494981245,1.932829861111111,7.199999999999999,1.3,0.0,1,3834,2015-01-01
3835,2025,182,22000.70666147491,18.55,37.4,2.453380547001915,2.3734374999999996,7.199999999999999,1.3,0.0,1,3835,2015-01-01
3836,2025,183,21993.493773026166,17.88,35.61,2.2830264592120146,2.8514583333333334,7.199999999999999,1.3,0.0,1,3836,2015-01-01
3837,2025,184,21990.384621666548,17.296666666666667,34.98,2.2028667751439928,2.9693055555555556,7.199999999999999,1.3,0.0,1,3837,2015-01-01
3838,2025,185,21956.24019843754,16.9,32.81,2.041338339627944,3.1445833333333333,7.199999999999999,1.3,0.0,1,3838,2015-01-01
3839,2025,186,21999.670277688372,16.3,35.38,2.1643553101084465,2.5078993055555556,7.199999999999999,1.3,0.0,1,3839,2015-01-01
3840,2025,187,21954.588349450034,18.17,31.19,2.0201327056607608,3.8614409722222223,7.199999999999999,1.3,1.0,1,3840,2015-01-01
3841,2025,188,19998.425217261916,18.05,29.75,1.9279352312100453,3.4522395833333333,7.199999999999999,1.3,2.0,1,3841,2015-01-01
3842,2025,189,21399.060807047477,17.6,30.38,1.9383825082917578,2.8430555555555554,7.199999999999999,1.3,1.0,1,3842,2015-01-01
3843,2025,190,18595.35905784233,18.03,31.4,2.0243583949241137,2.4636631944444445,7.199999999999999,1.3,3.0,1,3843,2015-01-01
3844,2025,191,16738.665619359264,18.73,32.49,2.1350667981157017,2.2605902777777778,5.5879166666666675,1.3,2.0,1,3844,2015-01-01
3845,2025,192,18611.297806217193,18.42,34.54,2.247704432818183,1.659548611111111,5.5200000000000005,1.3,1.0,1,3845,2015-01-01
3846,2025,193,16657.9654439812,20.72,34.93,2.432030311836565,1.7814062499999999,5.5200000000000005,1.3,2.0,1,3846,2015-01-01
3847,2025,194,17106.48697027453,21.63,32.22,2.3072936585679895,1.6347916666666666,5.5200000000000005,1.3,3.0,1,3847,2015-01-01
3848,2025,195,17198.219959559116,20.145,31.51,2.1627545918848754,1.4840972222222222,5.5200000000000005,1.3,2.0,1,3848,2015-01-01
3849,2025,196,21187.163078010773,19.84,33.99,2.3059396104225174,1.2188020833333333,5.5200000000000005,1.3,0.0,1,3849,2015-01-01
3850,2025,197,17776.498731008498,22.6,35.51,2.6119774968949128,1.930642361111111,5.5200000000000005,1.3,3.0,1,3850,2015-01-01
3851,2025,198,16979.72590653283,24.513333333333332,37.19,2.8956149981299686,1.389861111111111,5.5200000000000005,1.3,2.0,1,3851,2015-01-01
3852,2025,199,19791.92533696827,21.994166666666665,37.95,2.7535791611248466,2.319565972222222,5.5200000000000005,1.3,1.0,1,3852,2015-01-01
3853,2025,200,20970.803430013304,21.46,39.05,2.7985887473046938,3.252447916666666,5.5200000000000005,1.3,0.0,1,3853,2015-01-01
3854,2025,201,19312.50385064898,24.5,38.18,2.977187300470289,3.9571875000000003,5.5200000000000005,1.3,0.0,1,3854,2015-01-01
3855,2025,202,21858.307775216927,26.673333333333332,39.35,3.271736305954139,1.8084722222222223,5.5200000000000005,1.3,0.0,1,3855,2015-01-01
3856,2025,203,22000.70666147491,23.056666666666665,39.37,2.9558391479295008,1.8077777777777777,5.5200000000000005,1.3,0.0,1,3856,2015-01-01
3857,2025,204,22000.70666147491,21.81,37.59,2.7108881778222416,1.8563541666666667,5.5200000000000005,1.3,0.0,1,3857,2015-01-01
3858,2025,205,21455.65162517813,21.48,36.49,2.601434307642911,1.2977430555555556,5.5200000000000005,1.3,0.0,1,3858,2015-01-01
3859,2025,206,20471.44304001297,22.69,36.66,2.7069946098340707,1.482534722222222,5.5200000000000005,1.3,0.0,1,3859,2015-01-01
3860,2025,207,19499.16806387266,20.63,36.33,2.526463723864865,1.8366493055555557,5.5200000000000005,1.3,0.0,1,3860,2015-01-01
3861,2025,208,16999.34397717838,20.43,35.08,2.4221223513690466,1.3711805555555554,5.236250000000001,1.3,1.0,1,3861,2015-01-01
3862,2025,209,17400.507322095582,23.77,37.28,2.8421385441778404,1.2435937499999998,4.800000000000001,1.3,1.0,1,3862,2015-01-01
3863,2025,210,14965.531252935005,26.32,36.92,3.0248539000640737,1.6322743055555557,4.800000000000001,1.3,2.0,1,3863,2015-01-01
3864,2025,211,14045.38854594709,23.43,37.4,2.8243254383342857,2.2762152777777778,4.800000000000001,1.3,2.0,1,3864,2015-01-01
3865,2025,212,18303.165573657556,23.38,37.05,2.792186525631044,1.2541840277777778,4.800000000000001,1.3,1.0,1,3865,2015-01-01
3866,2025,213,21999.670277688372,23.0,36.63,2.7288613902922436,2.682864583333333,4.800000000000001,1.3,0.0,1,3866,2015-01-01
3867,2025,214,21968.107583335885,25.28,37.88,3.0180040562480053,2.9489930555555555,4.800000000000001,1.3,0.0,1,3867,2015-01-01
3868,2025,215,22000.70666147491,25.29,38.82,3.100222558804256,1.782673611111111,4.800000000000001,1.3,0.0,1,3868,2015-01-01
3869,2025,216,21049.155536154714,24.33,39.28,3.0567104155757745,1.2781770833333335,4.800000000000001,1.3,0.0,1,3869,2015-01-01
3870,2025,217,19484.349130380408,24.59,38.34,2.9983857668025924,1.4213715277777779,4.800000000000001,1.3,0.0,1,3870,2015-01-01
3871,2025,218,19824.834513680456,23.75,37.7,2.874776328231807,1.3173090277777777,4.800000000000001,1.3,0.0,1,3871,2015-01-01
3872,2025,219,19833.446377456658,24.14,37.54,2.8936901733937597,1.1508159722222222,4.800000000000001,1.3,1.0,1,3872,2015-01-01
3873,2025,220,18732.38851401712,24.63,37.18,2.904428375062735,1.3608854166666666,4.800000000000001,1.3,1.0,1,3873,2015-01-01
3874,2025,221,21516.47362295233,23.87,37.93,2.9036011317746384,1.43171875,4.800000000000001,1.3,1.0,1,3874,2015-01-01
3875,2025,222,17037.533919562775,22.94,36.65,2.7257281906253543,2.1463020833333335,4.800000000000001,1.3,2.0,1,3875,2015-01-01
3876,2025,223,19367.917911933117,21.950000000000003,34.95,2.52206981645785,2.009704861111111,4.800000000000001,1.3,0.0,1,3876,2015-01-01
3877,2025,224,19320.164178246454,21.17,35.25,2.4871573236986166,2.1160416666666664,4.800000000000001,1.3,1.0,1,3877,2015-01-01
3878,2025,225,18779.39694917693,19.935833333333335,34.62,2.355525947591285,2.140434027777778,4.800000000000001,1.3,1.0,1,3878,2015-01-01
3879,2025,226,19311.4336102708,19.76,32.58,2.2069894263260093,1.7422222222222221,6.5441666666666665,1.3,1.0,1,3879,2015-01-01
3880,2025,227,19636.355818153213,20.17,33.23,2.276994515142327,2.386545138888889,8.16,1.3,1.0,1,3880,2015-01-01
3881,2025,228,18682.424574976172,19.83,34.26,2.323596338040433,2.310486111111111,6.275833333333334,1.3,1.0,1,3881,2015-01-01
3882,2025,229,21490.220579772405,18.4,33.11,2.153490758342125,1.9557118055555556,4.800000000000001,1.3,0.0,1,3882,2015-01-01
3883,2025,230,21999.670277688372,18.96,35.71,2.3634093218838195,2.125763888888889,4.800000000000001,1.3,0.0,1,3883,2015-01-01
3884,2025,231,22000.70666147491,24.08,39.2,3.0282838839979207,1.9726041666666667,4.800000000000001,1.3,0.0,1,3884,2015-01-01
3885,2025,232,22000.70666147491,25.01,37.74,2.9831097033361798,3.26984375,4.800000000000001,1.3,0.0,1,3885,2015-01-01
3886,2025,233,22000.70666147491,21.686666666666667,37.89,2.7246844861982975,3.0336805555555557,4.800000000000001,1.3,0.0,1,3886,2015-01-01
3887,2025,234,22000.70666147491,18.1,35.65,2.300530337075799,2.1673263888888887,4.800000000000001,1.3,0.0,1,3887,2015-01-01
3888,2025,235,22000.70666147491,18.17,34.79,2.247704432818183,1.5460243055555556,4.800000000000001,1.3,0.0,1,3888,2015-01-01
3889,2025,236,22000.70666147491,21.1,36.53,2.5759834364448104,1.7699131944444444,4.800000000000001,1.3,0.0,1,3889,2015-01-01
3890,2025,237,21981.56168228733,20.28,37.04,2.5529673375631545,1.3943402777777778,4.800000000000001,1.3,0.0,1,3890,2015-01-01
3891,2025,238,22000.70666147491,20.24,35.99,2.4734544556798084,2.1475,4.800000000000001,1.3,0.0,1,3891,2015-01-01
3892,2025,239,21998.63389390183,19.855,34.8,2.362372240773944,1.360607638888889,4.800000000000001,1.3,0.0,1,3892,2015-01-01
3893,2025,240,22000.70666147491,19.13,34.97,2.3242777880850247,1.3135069444444445,4.800000000000001,1.3,0.0,1,3893,2015-01-01
3894,2025,241,21858.527063909536,19.12,33.24,2.208292712240952,1.8384548611111111,4.800000000000001,1.3,0.0,1,3894,2015-01-01
3895,2025,242,22000.70666147491,19.35,33.49,2.2397734270413077,1.2835590277777778,4.800000000000001,1.3,0.0,1,3895,2015-01-01
3896,2025,243,22000.70666147491,20.66,34.51,2.3982063414763157,1.5927256944444443,4.800000000000001,1.3,0.0,1,3896,2015-01-01
3897,2025,244,21977.655632262373,17.705000000000002,34.55,2.2014579359630435,2.2275520833333333,4.800000000000001,1.3,0.0,1,3897,2015-01-01
3898,2025,245,22000.70666147491,17.21,32.29,2.0285917911047426,1.3798784722222224,4.800000000000001,1.3,0.0,1,3898,2015-01-01
3899,2025,246,22000.70666147491,17.02,32.81,2.0486533950457666,1.5811805555555556,4.800000000000001,1.3,0.0,1,3899,2015-01-01
3900,2025,247,20173.698606731046,20.83,34.88,2.436287370471765,2.298402777777778,4.800000000000001,1.3,0.0,1,3900,2015-01-01
3901,2025,248,21902.32603996256,19.69,34.43,2.325641210398493,1.4003819444444445,4.800000000000001,1.3,0.0,1,3901,2015-01-01
3902,2025,249,21999.670277688372,18.62,34.59,2.26430598690805,1.355329861111111,4.800000000000001,1.3,0.0,1,3902,2015-01-01
3903,2025,250,22000.70666147491,19.17,34.9,2.322233959988637,1.4689409722222222,4.800000000000001,1.3,0.0,1,3903,2015-01-01
3904,2025,251,21733.357179698018,18.22,34.37,2.2233287736378586,1.7790798611111112,4.800000000000001,1.3,0.0,1,3904,2015-01-01
3905,2025,252,21871.718769956315,18.32,34.68,2.250353533218586,1.8566319444444446,4.800000000000001,1.3,0.0,1,3905,2015-01-01
3906,2025,253,21490.735098618385,20.701666666666668,35.35,2.4606528270302275,1.7430208333333335,4.800000000000001,1.3,0.0,1,3906,2015-01-01
3907,2025,254,21424.264686212282,17.380000000000003,32.6,2.0578293518028725,1.8853472222222223,4.800000000000001,1.3,0.0,1,3907,2015-01-01
3908,2025,255,21922.38150499057,15.539166666666667,28.58,1.7248064581975076,3.210625,4.800000000000001,1.3,0.0,1,3908,2015-01-01
3909,2025,256,21999.670277688372,14.29,29.44,1.704464918157543,1.6982986111111111,4.800000000000001,1.3,0.0,1,3909,2015-01-01
3910,2025,257,20510.975767230168,14.485833333333332,28.54,1.6681906636155839,2.0746875,4.800000000000001,1.3,0.0,1,3910,2015-01-01
3911,2025,258,21998.63389390183,13.37,27.45,1.5588884353771713,1.743125,4.800000000000001,1.3,0.0,1,3911,2015-01-01
3912,2025,259,22000.70666147491,14.73,29.03,1.7060255135080546,1.9252256944444446,4.800000000000001,1.3,0.0,1,3912,2015-01-01
3913,2025,260,21626.236313495683,15.153333333333332,29.57,1.756806085023684,1.4908680555555556,4.800000000000001,1.3,0.0,1,3913,2015-01-01
3914,2025,261,21864.059418464767,14.54,29.22,1.7060255135080542,2.4625694444444446,4.800000000000001,1.3,0.0,1,3914,2015-01-01
3915,2025,262,22000.70666147491,18.934166666666666,32.11,2.1239629879483877,3.986024305555555,4.800000000000001,1.3,0.0,1,3915,2015-01-01
3916,2025,263,21999.670277688372,12.553333333333333,26.54,1.477750644958186,3.2246354166666666,4.800000000000001,1.3,0.0,1,3916,2015-01-01
3917,2025,264,21846.634134553962,11.52,26.15,1.41366897142996,1.9822395833333333,4.800000000000001,1.3,0.0,1,3917,2015-01-01
3918,2025,265,21224.77561993635,10.135833333333332,23.12,1.2301298352485208,2.674756944444445,11.849166666666665,1.3,1.0,1,3918,2015-01-01
3919,2025,266,19636.59553280815,9.7,23.14,1.2139677851139399,1.8825868055555555,14.695416666666667,1.3,1.0,1,3919,2015-01-01
3920,2025,267,20036.154504872604,9.081666666666667,22.89,1.1808173098638768,2.0186458333333333,5.04,1.3,1.0,1,3920,2015-01-01
3921,2025,268,22000.70666147491,8.57,25.46,1.260721855504018,1.6615624999999998,5.04,1.3,0.0,1,3921,2015-01-01
3922,2025,269,17935.97763985747,9.85,26.48,1.3555748718908098,2.3817013888888887,5.04,1.3,1.0,1,3922,2015-01-01
3923,2025,270,19203.59751562764,14.47,26.75,1.5782310948586011,1.9496527777777777,5.04,1.3,1.0,1,3923,2015-01-01
3924,2025,271,21955.203814651,12.37,27.0,1.4904974912122397,0.95640625,5.04,1.3,0.0,1,3924,2015-01-01
3925,2025,272,21999.670277688372,14.05,28.93,1.6658531759642061,1.0516666666666667,5.04,1.3,0.0,1,3925,2015-01-01
3926,2025,273,22000.70666147491,15.008333333333333,29.04,1.7210883303568774,1.34171875,5.04,1.3,0.0,1,3926,2015-01-01
3927,2025,274,21887.508029385506,10.093333333333334,26.12,1.3506172730651487,2.4471006944444444,5.04,1.3,1.0,1,3927,2015-01-01
3928,2025,275,21985.244500790883,10.02,25.05,1.3028664149711713,1.8924305555555554,5.04,1.3,0.0,1,3928,2015-01-01
3929,2025,276,21987.31726836396,10.92,26.14,1.3869584912218216,1.892152777777778,5.04,1.3,0.0,1,3929,2015-01-01
3930,2025,277,21948.411844787828,12.9,28.52,1.5879808558860253,1.6180902777777777,5.04,1.3,0.0,1,3930,2015-01-01
3931,2025,278,21999.670277688372,12.61,26.56,1.4812733174100003,2.078940972222222,5.04,1.3,0.0,1,3931,2015-01-01
3932,2025,279,22000.70666147491,13.03,27.25,1.5331047491275323,2.115277777777778,5.04,1.3,0.0,1,3932,2015-01-01
3933,2025,280,22000.70666147491,13.4,28.46,1.609615840274856,1.260486111111111,5.04,1.3,0.0,1,3933,2015-01-01
3934,2025,281,22000.70666147491,13.64,29.26,1.6617800535935265,0.9850694444444444,5.04,1.3,0.0,1,3934,2015-01-01
3935,2025,282,22000.70666147491,13.98,28.74,1.6526473288792398,0.9188368055555556,5.04,1.3,0.0,1,3935,2015-01-01
3936,2025,283,22000.70666147491,13.84,27.11,1.5651519403494405,1.4875868055555557,5.04,1.3,0.0,1,3936,2015-01-01
3937,2025,284,22000.70666147491,12.08,24.63,1.3718330898683837,0.7744270833333333,5.04,1.3,0.0,1,3937,2015-01-01
3938,2025,285,22000.70666147491,13.18,26.55,1.5072276572744512,0.8963715277777778,5.04,1.3,0.0,1,3938,2015-01-01
3939,2025,286,17339.924513454665,12.5,28.16,1.5512095964367183,2.2128993055555557,5.04,1.3,1.0,1,3939,2015-01-01
3940,2025,287,22000.70666147491,13.97,25.86,1.5119039709211468,1.11359375,5.04,1.3,0.0,1,3940,2015-01-01
3941,2025,288,22000.70666147491,12.17,26.54,1.4602469672958214,1.8445486111111111,5.04,1.3,0.0,1,3941,2015-01-01
3942,2025,289,22000.70666147491,13.54,25.98,1.497448551139407,0.7640104166666667,5.04,1.3,0.0,1,3942,2015-01-01
3943,2025,290,7013.153539615822,11.601666666666667,25.13,1.3727652144814146,1.1094618055555554,5.04,1.3,3.0,1,3943,2015-01-01
3944,2025,291,16740.791079136277,9.52,24.35,1.2543452229238508,1.1108159722222224,5.04,1.3,1.0,1,3944,2015-01-01
3945,2025,292,20089.58211338924,10.79,22.86,1.2456234887430657,1.7363541666666666,5.04,1.3,0.0,1,3945,2015-01-01
3946,2025,293,16690.91937905843,12.16,23.34,1.3206488438434612,1.9577083333333336,5.04,1.3,1.0,1,3946,2015-01-01
3947,2025,294,16872.06079140131,12.05,22.45,1.2796177139886984,0.860625,5.04,1.3,1.0,1,3947,2015-01-01
3948,2025,295,20421.699433002643,12.1675,23.48,1.3267973874107704,1.045121527777778,5.04,1.3,1.0,1,3948,2015-01-01
3949,2025,296,18502.686505908197,10.38,22.73,1.2244404491114191,1.0253645833333334,5.04,1.3,1.0,1,3949,2015-01-01
3950,2025,297,21760.820503393654,11.15,23.37,1.2804272653320652,0.5910937500000001,5.04,1.3,2.0,1,3950,2015-01-01
3951,2025,298,18864.101471690363,11.38,23.49,1.2946672029058284,1.5659895833333333,5.04,1.3,1.0,1,3951,2015-01-01
3952,2025,299,16915.065957886232,11.75,23.81,1.3231469297739917,1.30328125,5.04,1.3,1.0,1,3952,2015-01-01
3953,2025,300,21810.973051140983,10.06,23.06,1.2248298409078786,1.4824479166666666,5.04,1.3,0.0,1,3953,2015-01-01
3954,2025,301,22000.70666147491,11.16,23.83,1.299581290151597,1.00375,5.04,1.3,0.0,1,3954,2015-01-01
3955,2025,302,22000.70666147491,11.32,24.21,1.3218973701612973,0.9970312499999999,5.04,1.3,1.0,1,3955,2015-01-01
3956,2025,303,21367.345243601445,7.5125,23.16,1.1327003071526427,1.6928819444444445,5.04,1.3,1.0,1,3956,2015-01-01
3957,2025,304,21979.48891471425,6.08,21.37,1.0206941620326504,1.7011979166666666,5.04,1.3,1.0,1,3957,2015-01-01
3958,2025,305,22000.70666147491,8.8125,21.28,1.1117799655434317,1.8984375,5.04,1.3,0.0,1,3958,2015-01-01
3959,2025,306,21999.670277688372,6.9675,21.53,1.0559858760152059,1.0240277777777778,5.04,1.3,0.0,1,3959,2015-01-01
3960,2025,307,21698.569110137054,6.4,18.9,0.9514845647754389,2.0708854166666666,5.04,1.3,1.0,1,3960,2015-01-01
3961,2025,308,21825.80035257546,6.32,17.7,0.9122678397547807,2.3064583333333335,5.04,1.3,0.0,1,3961,2015-01-01
3962,2025,309,18884.376593206653,5.22,17.74,0.880873530124619,1.8063888888888888,5.04,1.3,1.0,1,3962,2015-01-01
3963,2025,310,22000.70666147491,4.58,19.32,0.908665125181656,0.9418402777777778,5.04,1.3,0.0,1,3963,2015-01-01
3964,2025,311,22000.70666147491,5.08,19.12,0.9176954361144944,0.6748784722222223,5.04,1.3,0.0,1,3964,2015-01-01
3965,2025,312,21993.493773026166,5.86,20.9,0.9980164978478294,1.0559895833333333,5.04,1.3,1.0,1,3965,2015-01-01
3966,2025,313,21557.770909271014,6.62,20.95,1.024683920760775,0.8528819444444444,5.04,1.3,0.0,1,3966,2015-01-01
3967,2025,314,21857.446170711093,5.79,20.25,0.974825488995691,1.2541666666666667,5.04,1.3,0.0,1,3967,2015-01-01
3968,2025,315,22000.70666147491,5.36,18.8,0.9164868587943291,1.6230555555555555,5.04,1.3,0.0,1,3968,2015-01-01
3969,2025,316,13783.614408704783,6.51,18.55,0.9440206557498441,1.4171527777777777,5.04,1.3,4.0,1,3969,2015-01-01
3970,2025,317,16139.675970978848,6.11,19.22,0.9524211868857816,1.1089930555555556,5.04,1.3,3.0,1,3970,2015-01-01
3971,2025,318,16993.871229766442,7.52,18.84,0.9850735380902479,2.316736111111111,5.04,1.3,5.0,1,3971,2015-01-01
3972,2025,319,4017.649414569392,9.07,16.3,0.9536712755702954,2.654357638888889,6.005416666666667,1.3,7.0,1,3972,2015-01-01
3973,2025,320,17696.79430810649,8.98,17.3,0.982502700486387,1.8600347222222224,4.800000000000001,1.3,2.0,1,3973,2015-01-01
3974,2025,321,13948.588808430835,3.065,16.59,0.7889961167008641,1.5767881944444444,3.4287500000000004,1.3,2.0,1,3974,2015-01-01
3975,2025,322,22000.70666147491,2.3,17.34,0.7885991190386709,1.0469791666666668,2.64,1.3,0.0,1,3975,2015-01-01
3976,2025,323,19643.64901851488,2.07,17.58,0.7888637646230869,0.8842881944444445,2.64,1.3,0.0,1,3976,2015-01-01
3977,2025,324,22000.70666147491,2.43,17.31,0.7912490916597132,0.7334548611111111,2.64,1.3,0.0,1,3977,2015-01-01
3978,2025,325,21906.395736899798,2.26,17.17,0.7830595676429533,0.6050173611111112,2.64,1.3,0.0,1,3978,2015-01-01
3979,2025,326,22000.70666147491,3.28,19.24,0.8681233185747671,0.6016319444444445,2.64,1.3,0.0,1,3979,2015-01-01
3980,2025,327,22000.70666147491,3.77,19.16,0.8799990005894324,0.7968402777777778,2.64,1.3,0.0,1,3980,2015-01-01
3981,2025,328,22000.70666147491,2.56,18.09,0.8157260128732469,1.5928125,2.64,1.3,0.0,1,3981,2015-01-01
3982,2025,329,22000.70666147491,3.26,17.98,0.8319491034317215,0.7652256944444444,2.64,1.3,1.0,1,3982,2015-01-01
3983,2025,330,5441.881783867986,3.78,15.35,0.7752052928609332,0.4014409722222222,2.64,1.3,5.0,1,3983,2015-01-01
3984,2025,331,20813.279375493697,3.06,15.26,0.7543437884444673,0.9871354166666667,4.855,1.3,1.0,1,3984,2015-01-01
3985,2025,332,21548.599816530215,2.48,15.17,0.7374628451825166,0.9802256944444445,5.5200000000000005,1.3,0.0,1,3985,2015-01-01
3986,2025,333,12492.40718917791,2.4,13.67,0.6989636789593897,0.8671527777777778,5.5200000000000005,1.3,2.0,1,3986,2015-01-01
3987,2025,334,22000.70666147491,2.2,14.57,0.7157963195437427,0.9696527777777777,5.5200000000000005,1.3,0.0,1,3987,2015-01-01
3988,2025,335,16328.148314210039,3.36,13.42,0.7160393480036025,1.6028125,3.7850000000000006,1.3,2.0,1,3988,2015-01-01
3989,2025,336,8776.279565450139,5.864166666666667,13.93,0.792687760505535,0.8340798611111111,2.64,1.3,4.0,1,3989,2015-01-01
3990,2025,337,21280.156985884965,2.0391666666666666,12.47,0.6626799483979373,1.8307291666666667,2.64,1.3,1.0,1,3990,2015-01-01
3991,2025,338,21159.72083123397,0.45,11.85,0.6141621568809769,1.0939930555555555,2.64,1.3,2.0,1,3991,2015-01-01
3992,2025,339,15095.690789107697,0.86,11.71,0.6199188628997395,1.9690277777777778,2.64,1.3,3.0,1,3992,2015-01-01
3993,2025,340,20337.04269779978,2.94,12.75,0.689972691014903,0.9836631944444445,2.64,1.3,0.0,1,3993,2015-01-01
3994,2025,341,9280.725442977027,4.26,15.12,0.7817456819475348,1.9012847222222224,2.9720833333333334,1.3,4.0,1,3994,2015-01-01
3995,2025,342,3696.0119774538935,6.983333333333333,11.19,0.7506196747602601,2.371753472222222,8.631250000000001,1.3,7.0,1,3995,2015-01-01
3996,2025,343,5275.722065171079,5.87,12.39,0.7528183273547671,2.2234895833333335,6.78125,1.3,7.0,1,3996,2015-01-01
3997,2025,344,7497.416124661363,4.36,10.17,0.6631531078935677,2.6649131944444444,12.327916666666667,1.3,5.0,1,3997,2015-01-01
3998,2025,345,4753.389816958837,3.64,9.79,0.6385732140028189,0.55078125,8.655416666666666,1.3,7.0,1,3998,2015-01-01
3999,2025,346,6912.268650932307,1.6558333333333333,8.79,0.5758857715742266,1.3102256944444446,6.720000000000001,1.3,5.0,1,3999,2015-01-01
4000,2025,347,13761.154356513447,1.52,8.77,0.572766795448095,1.022482638888889,5.395833333333334,1.3,3.0,1,4000,2015-01-01
4001,2025,348,16802.751812139482,-0.55,8.44,0.526576845959196,1.55328125,3.3600000000000003,1.3,1.0,1,4001,2015-01-01
4002,2025,349,6858.221317600272,-0.64,7.25,0.5033123472287311,1.9215972222222222,3.3600000000000003,1.3,5.0,1,4002,2015-01-01
4003,2025,350,11683.571503636338,1.51,8.71,0.5713706124967257,1.3494444444444444,3.3600000000000003,1.3,5.0,1,4003,2015-01-01
4004,2025,351,9863.571624765867,-0.48,18.21,0.7394608467751947,1.9748784722222221,3.3600000000000003,1.3,6.0,1,4004,2015-01-01
4005,2025,352,10726.302768002935,-1.07,5.84,0.4714593246389456,1.0110243055555557,3.3600000000000003,1.3,5.0,1,4005,2015-01-01
4006,2025,353,3691.5969661255,-2.7199999999999998,6.21,0.4503637539065172,2.025920138888889,3.3600000000000003,1.3,7.0,1,4006,2015-01-01
4007,2025,354,21913.03114312825,-3.7,7.93,0.46245553250292826,1.2428645833333334,3.3600000000000003,1.3,0.0,1,4007,2015-01-01
4008,2025,355,21971.900046185743,-3.35,8.75,0.48215910707774623,0.8470138888888888,3.3600000000000003,1.3,0.0,1,4008,2015-01-01
4009,2025,356,17184.80799328946,-1.8,7.82,0.49289779170026654,0.8223958333333333,3.3600000000000003,1.3,3.0,1,4009,2015-01-01
4010,2025,357,4512.31227858917,-0.9,8.36,0.5186577684820144,1.5963715277777777,3.3600000000000003,1.3,6.0,1,4010,2015-01-01
4011,2025,358,16745.27586345555,-0.2,5.16,0.4746639401812895,0.7078819444444444,5.160416666666666,1.3,3.0,1,4011,2015-01-01
4012,2025,359,20230.384903577276,-1.64,9.01,0.5170136500109642,0.9454513888888889,6.0,1.3,2.0,1,4012,2015-01-01
4013,2025,360,11247.116037982258,-0.28,5.97,0.48715605069131046,2.1436284722222223,6.0,1.3,4.0,1,4013,2015-01-01
4014,2025,361,13580.737725251656,1.15,6.23,0.5171961024511306,2.55171875,5.32875,1.3,4.0,1,4014,2015-01-01
4015,2025,362,9651.747499233528,1.8666666666666667,7.03,0.5455346773365614,3.941145833333333,7.199999999999999,1.3,6.0,1,4015,2015-01-01
4016,2025,363,20483.505002970804,-0.39,7.8,0.5177438007047437,2.392326388888889,4.06125,1.3,2.0,1,4016,2015-01-01
4017,2025,364,20013.073004819104,-8.75,2.14,0.3110834319145894,2.6548784722222223,11.994583333333333,1.3,1.0,1,4017,2015-01-01
4018,2025,365,16007.933591574843,-9.12,3.93,0.3280093346358305,2.3231227436823105,12.0,1.3,3.0,1,4018,2015-01-01
