fattening_day,yr,doy,rad,mint,maxt,vpr,wind,rain,aha,okta,is_observed,source_day,season_start_date
1,2015,1,16292.04596642069,1.39,11.07,0.6175678242271376,0.6036805555555556,2.64,1.3,1.0,1,1,2015-01-01
2,2015,2,19479.35331843253,3.6,11.75,0.6820145906830116,0.7432986111111111,2.64,1.3,1.0,1,2,2015-01-01
3,2015,3,17865.333402175667,3.25,10.11,0.6370365638516057,0.7726909722222222,2.64,1.3,2.0,1,3,2015-01-01
4,2015,4,11024.103903293397,0.1574999999999999,8.77,0.5461247194441231,0.9574826388888888,2.962916666666666,1.3,4.0,1,4,2015-01-01
5,2015,5,21644.54967923847,-0.59,8.62,0.5291780697313748,1.1125694444444445,3.84,1.3,0.0,1,5,2015-01-01
6,2015,6,21318.630255255262,0.19,12.99,0.6331001256325715,2.454461805555556,3.84,1.3,1.0,1,6,2015-01-01
7,2015,7,15952.024854325293,5.6575,12.94,0.761434474608906,3.875538194444444,3.4058333333333333,1.3,2.0,1,7,2015-01-01
8,2015,8,11614.121641237043,-5.04,5.63,0.4056250611098692,1.7399131944444444,11.243333333333332,1.3,3.0,1,8,2015-01-01
9,2015,9,12568.836549505577,-8.34,2.24,0.3170712351359722,1.3357638888888888,10.08,1.3,4.0,1,9,2015-01-01
10,2015,10,9391.608520143343,-5.4,2.38,0.3554517500098806,0.8936284722222223,10.08,1.3,5.0,1,10,2015-01-01
11,2015,11,6862.093451916046,-5.553333333333334,2.55,0.3556701520856344,0.8549131944444445,10.08,1.3,4.0,1,11,2015-01-01
12,2015,12,22000.70666147491,-7.73,6.45,0.378904187554298,1.253298611111111,10.08,1.3,0.0,1,12,2015-01-01
13,2015,13,22000.70666147491,-3.17,10.88,0.5232489955055005,0.4343923611111111,10.08,1.3,0.0,1,13,2015-01-01
14,2015,14,21107.07567682264,-0.59,10.56,0.5664087089579074,1.2476215277777778,10.08,1.3,3.0,1,14,2015-01-01
15,2015,15,20674.67026852355,1.32,9.01,0.573565964064009,2.708784722222222,9.3425,1.3,4.0,1,15,2015-01-01
16,2015,16,19305.126468756163,1.8,9.83,0.6000799996975077,1.4120833333333334,5.574999999999999,1.3,2.0,1,16,2015-01-01
17,2015,17,15455.277388755629,-0.425,8.78,0.5352603759542941,1.0037326388888888,4.324999999999999,1.3,4.0,1,17,2015-01-01
18,2015,18,19094.78419953724,-3.7291666666666665,5.99,0.4308952561804913,1.61296875,3.249166666666667,1.3,2.0,1,18,2015-01-01
19,2015,19,21552.93246321847,-4.63,5.72,0.413046128528579,1.7977951388888889,3.3600000000000003,1.3,1.0,1,19,2015-01-01
20,2015,20,14367.377919166163,-4.37,6.47,0.4284036901817853,0.5011979166666667,3.3600000000000003,1.3,2.0,1,20,2015-01-01
21,2015,21,18807.03628388347,-3.55,9.92,0.4990527161007499,1.0675,3.3600000000000003,1.3,1.0,1,21,2015-01-01
22,2015,22,7251.406146672817,0.06,8.95,0.5477062496291808,1.1996701388888888,3.3600000000000003,1.3,5.0,1,22,2015-01-01
23,2015,23,20386.87722265503,-2.63,7.28,0.4694452143451774,1.9975347222222224,3.3600000000000003,1.3,1.0,1,23,2015-01-01
24,2015,24,16408.441916115524,-3.16,5.45,0.4313484635933993,1.1292708333333334,3.3600000000000003,1.3,2.0,1,24,2015-01-01
25,2015,25,11528.045644152862,-2.93,7.83,0.4736498847871605,0.6724652777777779,3.3600000000000003,1.3,2.0,1,25,2015-01-01
26,2015,26,7876.902396757908,-0.51,9.33,0.5440699821682798,1.5565798611111112,3.3600000000000003,1.3,4.0,1,26,2015-01-01
27,2015,27,17403.411277448675,0.66,10.66,0.5936612379565486,1.0599131944444444,3.3600000000000003,1.3,4.0,1,27,2015-01-01
28,2015,28,3924.561662491067,0.54,9.92,0.5761700559730059,1.9,6.108333333333333,1.3,7.0,1,28,2015-01-01
29,2015,29,3979.75116173506,3.42,11.17,0.6645174699512197,1.9984548611111117,4.32,1.3,7.0,1,29,2015-01-01
30,2015,30,13242.28134234109,5.39,9.94,0.6815489942402565,2.1109201388888885,6.418333333333333,1.3,4.0,1,30,2015-01-01
31,2015,31,21661.63125639149,0.96,10.49,0.5963455711133926,2.21546875,28.85375,1.3,2.0,1,31,2015-01-01
32,2015,32,21786.91467197029,1.44,11.09,0.6190630288836136,1.0483680555555557,29.040000000000003,1.3,1.0,1,32,2015-01-01
33,2015,33,19505.53547104587,1.96,12.49,0.6613377961911532,1.2240451388888889,29.040000000000003,1.3,3.0,1,33,2015-01-01
34,2015,34,21372.20842885785,4.05,14.27,0.7543437884444673,1.3354861111111112,29.040000000000003,1.3,3.0,1,34,2015-01-01
35,2015,35,10927.43401661814,6.7575,15.2,0.852059682819204,2.200920138888889,29.040000000000003,1.3,5.0,1,35,2015-01-01
36,2015,36,19338.39278547252,-1.6,10.46,0.5448337376064113,2.271440972222222,7.721250000000001,1.3,2.0,1,36,2015-01-01
37,2015,37,22000.70666147491,-1.32,11.07,0.5620737041028031,1.4782118055555555,2.4000000000000004,1.3,0.0,1,37,2015-01-01
38,2015,38,8633.83149413076,-1.0,11.58,0.5785830791155798,1.863454861111111,2.4000000000000004,1.3,6.0,1,38,2015-01-01
39,2015,39,5309.25255442458,6.2,12.78,0.7713042031782075,3.189253472222222,4.187916666666667,1.3,7.0,1,39,2015-01-01
40,2015,40,8960.27502536108,7.08,12.46,0.7859569542673281,3.1455208333333333,5.870833333333334,1.3,6.0,1,40,2015-01-01
41,2015,41,6986.586455589725,6.81,11.34,0.750028695896142,3.2867708333333336,12.339166666666666,1.3,7.0,1,41,2015-01-01
42,2015,42,7299.492254410756,7.47,10.77,0.752310443752916,2.7130034722222223,12.6225,1.3,7.0,1,42,2015-01-01
43,2015,43,7631.8485590216,2.7175,11.09,0.6469165689241436,2.261961805555556,14.504583333333333,1.3,5.0,1,43,2015-01-01
44,2015,44,20540.295243414563,2.07,10.97,0.6300532827773128,0.9731423611111112,16.799999999999997,1.3,0.0,1,44,2015-01-01
45,2015,45,17807.207244247915,-0.3475,10.46,0.5692323167753089,1.222170138888889,16.799999999999997,1.3,2.0,1,45,2015-01-01
46,2015,46,17145.324204941495,-0.79,8.95,0.5316036357509248,1.327621527777778,16.799999999999997,1.3,2.0,1,46,2015-01-01
47,2015,47,3805.809074217988,1.61,6.64,0.5332886142939034,0.9835416666666666,13.88583333333333,1.3,7.0,1,47,2015-01-01
48,2015,48,13147.44652880581,1.92,9.73,0.6004962057778098,1.2763368055555555,7.84375,1.3,4.0,1,48,2015-01-01
49,2015,49,14616.030212443662,1.4475,10.7,0.6109315455200022,1.4978298611111112,4.347916666666666,1.3,4.0,1,49,2015-01-01
50,2015,50,9404.811493623129,0.95,7.15,0.530482927673452,1.513142361111111,8.301666666666668,1.3,6.0,1,50,2015-01-01
51,2015,51,10659.016674622302,1.2441666666666666,6.97,0.5326171795500185,2.476736111111111,8.0,1.3,6.0,1,51,2015-01-01
52,2015,52,12806.692636509895,-7.8325,2.17,0.3222889400477366,1.480815972222222,10.895,1.3,4.0,1,52,2015-01-01
53,2015,53,8600.974364231199,-8.209166666666667,0.85,0.3024692413901447,2.91015625,2.88,1.3,5.0,1,53,2015-01-01
54,2015,54,19394.262857871086,-8.35,2.54,0.3205213947628482,2.77953125,2.88,1.3,2.0,1,54,2015-01-01
55,2015,55,21997.59751011529,-6.51,5.44,0.3818252112626945,1.783263888888889,2.88,1.3,0.0,1,55,2015-01-01
56,2015,56,8863.718096060285,-5.6,5.3,0.3927067660858445,0.8753472222222222,2.88,1.3,5.0,1,56,2015-01-01
57,2015,57,18986.67836704137,-3.825,6.08,0.4308046652068463,1.8381076388888888,2.88,1.3,1.0,1,57,2015-01-01
58,2015,58,21896.31471516492,-4.84,8.41,0.4516573672501419,1.4773437500000002,2.88,1.3,0.0,1,58,2015-01-01
59,2015,59,22000.70666147491,-1.51,11.03,0.5575729608953012,1.1996875,2.88,1.3,0.0,1,59,2015-01-01
60,2015,60,20525.369718772872,3.01,14.0,0.7216490824250477,1.3119618055555555,2.88,1.3,0.0,1,60,2015-01-01
61,2015,61,13389.194981676965,1.54,11.45,0.6289682595856247,0.8863368055555556,2.88,1.3,2.0,1,61,2015-01-01
62,2015,62,13611.222322395395,1.4,10.37,0.602998789358753,1.814392361111111,3.330833333333333,1.3,3.0,1,62,2015-01-01
63,2015,63,12111.964797172956,2.4075,9.05,0.5965007623666945,1.410642361111111,2.4000000000000004,1.3,3.0,1,63,2015-01-01
64,2015,64,12129.135856561135,-1.4358333333333333,9.3,0.5260980930813068,1.9800173611111112,3.998333333333333,1.3,4.0,1,64,2015-01-01
65,2015,65,21752.110308445863,-2.62,7.41,0.4717957505070064,2.77640625,3.3600000000000003,1.3,0.0,1,65,2015-01-01
66,2015,66,19722.630363106466,-2.26,12.9,0.5797929283047699,1.0739236111111112,3.3600000000000003,1.3,1.0,1,66,2015-01-01
67,2015,67,7027.364872630097,3.07,15.08,0.750028695896142,0.7561111111111111,3.3600000000000003,1.3,7.0,1,67,2015-01-01
68,2015,68,16768.306855436018,0.73,12.32,0.6302704851908877,2.481423611111111,3.230833333333333,1.3,3.0,1,68,2015-01-01
69,2015,69,16938.55562909899,-3.6033333333333335,7.52,0.4573010318029994,2.2061631944444446,2.88,1.3,2.0,1,69,2015-01-01
70,2015,70,22000.70666147491,-4.5,11.83,0.5162844080676127,1.398767361111111,2.88,1.3,0.0,1,70,2015-01-01
71,2015,71,19710.04007258946,0.79,13.05,0.6476393398195057,1.74546875,2.88,1.3,2.0,1,71,2015-01-01
72,2015,72,3834.8129474774178,4.38,10.52,0.671606128584187,1.4749131944444445,2.88,1.3,7.0,1,72,2015-01-01
73,2015,73,19990.959625449912,3.06,16.64,0.790188164410532,0.8102430555555555,2.88,1.3,1.0,1,73,2015-01-01
74,2015,74,12440.091931084338,4.97,16.42,0.8361185615405324,1.1728993055555557,5.47625,1.3,5.0,1,74,2015-01-01
75,2015,75,13572.48215885536,6.36,14.52,0.8220168854363613,0.9857291666666668,6.219166666666667,1.3,3.0,1,75,2015-01-01
76,2015,76,11018.785590951671,6.0,14.31,0.8065039934756427,2.078402777777778,10.8925,1.3,4.0,1,76,2015-01-01
77,2015,77,18777.575036263363,4.886666666666667,14.46,0.7808708356431103,1.5250868055555555,12.544583333333334,1.3,3.0,1,77,2015-01-01
78,2015,78,14485.897669165048,4.46,14.38,0.7676787757257568,1.8092708333333327,3.8341666666666665,1.3,4.0,1,78,2015-01-01
79,2015,79,8013.379483434142,7.98,11.56,0.7859569542673281,4.473645833333333,8.57125,1.3,5.0,1,79,2015-01-01
80,2015,80,15983.62698246314,8.05,15.73,0.9050749137410654,2.0703645833333333,5.38125,1.3,4.0,1,80,2015-01-01
81,2015,81,8065.971166478712,2.786666666666666,13.7,0.7089406117877947,3.4928993055555555,16.868333333333332,1.3,5.0,1,81,2015-01-01
82,2015,82,14056.007939922174,1.64,7.65,0.5531040296689078,1.7621180555555556,3.8833333333333337,1.3,3.0,1,82,2015-01-01
83,2015,83,3831.9001770269474,1.5,11.32,0.6252914841858919,1.2350694444444443,2.4000000000000004,1.3,8.0,1,83,2015-01-01
84,2015,84,9439.267419478596,4.46,11.49,0.6961133425704069,1.4150347222222222,4.993333333333333,1.3,7.0,1,84,2015-01-01
85,2015,85,4331.19565167288,2.3858333333333333,9.95,0.6149234428936368,1.5967708333333333,7.485833333333334,1.3,7.0,1,85,2015-01-01
86,2015,86,19681.683465085684,1.9,13.95,0.6937458836541361,1.5317708333333333,2.88,1.3,1.0,1,86,2015-01-01
87,2015,87,16500.00339487638,3.58,16.49,0.8000496450074712,0.8634201388888889,2.88,1.3,3.0,1,87,2015-01-01
88,2015,88,4280.297198003205,7.14,18.08,0.948990858464783,0.9290104166666668,3.21125,1.3,6.0,1,88,2015-01-01
89,2015,89,5162.026782549244,8.315,14.81,0.8856971051001753,2.4235243055555555,18.2675,1.3,7.0,1,89,2015-01-01
90,2015,90,15934.519067424571,6.07,13.76,0.7936407589971772,2.681440972222222,10.759166666666664,1.3,1.0,1,90,2015-01-01
91,2015,91,8869.858388915613,5.01,14.47,0.7843753949993675,0.95328125,18.48,1.3,3.0,1,91,2015-01-01
92,2015,92,21628.18993635113,6.09,16.27,0.8635272486423664,1.1737673611111112,18.48,1.3,0.0,1,92,2015-01-01
93,2015,93,3996.14189615308,6.48,18.0,0.9261947422256398,1.6507118055555554,18.48,1.3,6.0,1,93,2015-01-01
94,2015,94,19433.87588704748,8.69,17.77,0.988295387152221,0.9244444444444444,18.48,1.3,2.0,1,94,2015-01-01
95,2015,95,20387.96680127398,8.26,19.75,1.0394303616078835,1.9295833333333332,18.48,1.3,1.0,1,95,2015-01-01
96,2015,96,21950.049250105563,7.58,19.33,1.0029084476196362,2.2168923611111118,18.48,1.3,1.0,1,96,2015-01-01
97,2015,97,10435.243624019648,10.83,21.86,1.2081836184778427,2.518524305555556,18.48,1.3,4.0,1,97,2015-01-01
98,2015,98,17771.43259540648,10.415,20.82,1.1533182839370284,1.2857465277777778,18.48,1.3,1.0,1,98,2015-01-01
99,2015,99,18605.612181701104,8.82,24.23,1.222106375124246,2.0356770833333333,18.48,1.3,1.0,1,99,2015-01-01
100,2015,100,13506.39343961684,13.51,23.7,1.393485353243293,3.200503472222222,11.375833333333334,1.3,3.0,1,100,2015-01-01
101,2015,101,7875.320627705559,15.5,19.4,1.2958941967503124,3.878854166666667,8.375416666666666,1.3,7.0,1,101,2015-01-01
102,2015,102,8786.548675089318,13.758333333333333,17.63,1.158995339420398,4.527065972222222,8.004583333333333,1.3,6.0,1,102,2015-01-01
103,2015,103,14686.467862517044,5.41,15.12,0.8124606518261327,2.846232638888889,5.258333333333334,1.3,2.0,1,103,2015-01-01
104,2015,104,14731.891555743068,4.53,13.14,0.7379618997368121,1.7317361111111111,4.5600000000000005,1.3,2.0,1,104,2015-01-01
105,2015,105,22000.70666147491,5.08,15.73,0.8200977726533998,1.510503472222222,4.5600000000000005,1.3,0.0,1,105,2015-01-01
106,2015,106,10137.599234777614,9.87,18.11,1.0384190405814706,2.9096354166666667,4.361666666666667,1.3,3.0,1,106,2015-01-01
107,2015,107,16505.780662496712,8.66,19.88,1.0574400787909977,2.6620833333333334,4.887499999999999,1.3,2.0,1,107,2015-01-01
108,2015,108,17943.66211666606,7.61,17.25,0.9378400550225544,2.147621527777778,5.04,1.3,1.0,1,108,2015-01-01
109,2015,109,21861.53191895148,8.15,20.92,1.0757229512614008,2.0521006944444444,5.04,1.3,0.0,1,109,2015-01-01
110,2015,110,22000.70666147491,10.15,21.21,1.1579444771909315,1.971649305555556,5.04,1.3,0.0,1,110,2015-01-01
111,2015,111,20990.548269475963,11.3,24.43,1.330247320383398,1.6849131944444444,5.04,1.3,0.0,1,111,2015-01-01
112,2015,112,11823.710079146378,14.63,26.1,1.5545650097754844,3.6334375,5.04,1.3,2.0,1,112,2015-01-01
113,2015,113,13336.05596951851,14.53,23.45,1.427414829167162,2.6830902777777776,4.2925,1.3,2.0,1,113,2015-01-01
114,2015,114,13562.519083391197,8.4225,22.97,1.1591499484669658,4.33609375,14.441666666666666,1.3,2.0,1,114,2015-01-01
115,2015,115,18608.272879288623,3.4033333333333333,14.12,0.7343090565859625,4.220260416666666,19.92,1.3,1.0,1,115,2015-01-01
116,2015,116,22000.70666147491,3.39,19.46,0.8776706501065007,2.599479166666667,19.92,1.3,0.0,1,116,2015-01-01
117,2015,117,22000.70666147491,10.01,21.82,1.175484849071729,3.5033159722222225,19.92,1.3,0.0,1,117,2015-01-01
118,2015,118,10622.977864633838,10.1975,22.35,1.2027110420051073,1.981336805555556,11.572916666666664,1.3,3.0,1,118,2015-01-01
119,2015,119,21717.15747816052,10.18,24.8,1.2991711599868014,2.181857638888889,3.84,1.3,0.0,1,119,2015-01-01
120,2015,120,13959.999320263303,14.63,27.76,1.636017852951866,1.4526041666666665,3.84,1.3,2.0,1,120,2015-01-01
121,2015,121,8372.686728666746,16.24,30.64,1.8753016732670285,1.639409722222222,3.84,1.3,4.0,1,121,2015-01-01
122,2015,122,10155.24504969894,16.38,29.12,1.7987029704306996,1.6697569444444444,3.84,1.3,4.0,1,122,2015-01-01
123,2015,123,22000.70666147491,14.37,28.42,1.6561937193790888,3.091614583333333,3.84,1.3,0.0,1,123,2015-01-01
124,2015,124,20663.216531943835,14.5,27.53,1.6180435466352407,1.4856423611111111,3.84,1.3,2.0,1,124,2015-01-01
125,2015,125,5758.635945423673,15.2,25.4,1.5483385692306475,1.2709895833333331,7.1625000000000005,1.3,5.0,1,125,2015-01-01
126,2015,126,11002.341784219516,14.224166666666669,23.78,1.4284913116040885,1.6545486111111112,6.847083333333333,1.3,4.0,1,126,2015-01-01
127,2015,127,9658.092401763528,10.190833333333334,19.9,1.111720341180562,1.6371527777777777,6.047916666666667,1.3,5.0,1,127,2015-01-01
128,2015,128,17693.035197816986,9.8,25.18,1.2991711599868014,1.3133506944444444,5.28,1.3,3.0,1,128,2015-01-01
129,2015,129,14410.613195399445,14.16,25.62,1.509564230597708,1.50171875,5.28,1.3,4.0,1,129,2015-01-01
130,2015,130,11428.907434720642,12.895,22.67,1.3233552902195522,1.324253472222222,4.669583333333334,1.3,5.0,1,130,2015-01-01
131,2015,131,15210.908468784766,12.37,24.28,1.369254712161699,1.5080034722222222,4.345416666666667,1.3,2.0,1,131,2015-01-01
132,2015,132,19175.266224517905,17.05,28.71,1.8129221022495456,1.881493055555556,8.16,1.3,1.0,1,132,2015-01-01
133,2015,133,12667.535058589156,17.7725,29.92,1.9217193462580808,0.9807118055555556,8.16,1.3,2.0,1,133,2015-01-01
134,2015,134,3958.8007826215976,17.74,29.04,1.869656922869186,1.7795833333333333,5.890000000000001,1.3,7.0,1,134,2015-01-01
135,2015,135,17490.704211037246,13.23,25.88,1.4785158193783414,3.8624479166666665,2.4000000000000004,1.3,3.0,1,135,2015-01-01
136,2015,136,21278.44538430913,10.565833333333332,23.62,1.2669597055815884,3.25234375,2.4000000000000004,1.3,0.0,1,136,2015-01-01
137,2015,137,20985.326419950896,10.18,26.57,1.3735543682278937,1.3080381944444446,2.4000000000000004,1.3,0.0,1,137,2015-01-01
138,2015,138,17432.821283226127,13.41,28.21,1.5977832227183912,1.6608159722222222,2.4000000000000004,1.3,1.0,1,138,2015-01-01
139,2015,139,18098.46806354188,14.66,29.99,1.752894551512402,1.7786631944444444,2.4000000000000004,1.3,2.0,1,139,2015-01-01
140,2015,140,15940.569378845394,16.714166666666664,30.64,1.9022701503542367,2.2501041666666666,2.4000000000000004,1.3,2.0,1,140,2015-01-01
141,2015,141,14085.871770461266,14.2,27.8,1.6165535082268423,2.6774305555555555,3.158333333333333,1.3,2.0,1,141,2015-01-01
142,2015,142,13541.61008216041,14.62,29.77,1.739087603766044,1.9306597222222224,3.3600000000000003,1.3,3.0,1,142,2015-01-01
143,2015,143,13050.506964060907,16.089166666666664,30.17,1.8404962817533808,2.230364583333333,7.532083333333334,1.3,2.0,1,143,2015-01-01
144,2015,144,18160.79057128896,15.34,30.42,1.8129221022495456,2.613645833333333,8.910833333333334,1.3,1.0,1,144,2015-01-01
145,2015,145,17840.686029196324,16.92,29.28,1.837208880738795,1.5699479166666666,4.5600000000000005,1.3,1.0,1,145,2015-01-01
146,2015,146,19997.704162415328,17.67,28.75,1.8494584194684476,2.221649305555556,4.5600000000000005,1.3,0.0,1,146,2015-01-01
147,2015,147,12511.874029551109,16.86,27.08,1.7154153229904847,1.9988888888888887,3.9970833333333338,1.3,2.0,1,147,2015-01-01
148,2015,148,14091.680563023729,16.99,29.74,1.866840112861808,2.1376041666666667,3.3600000000000003,1.3,1.0,1,148,2015-01-01
149,2015,149,5464.753239307796,18.8,29.03,1.9296730246259683,2.4117534722222222,3.3600000000000003,1.3,5.0,1,149,2015-01-01
150,2015,150,8223.524840612432,18.75,30.61,2.0201327056607608,1.952829861111111,2.861666666666667,1.3,5.0,1,150,2015-01-01
151,2015,151,8376.470252898318,19.11,33.33,2.213512564929405,1.6302430555555556,2.4000000000000004,1.3,6.0,1,151,2015-01-01
152,2015,152,10559.885570872786,19.1,32.17,2.138233505375469,1.8760243055555557,3.4691666666666667,1.3,4.0,1,152,2015-01-01
153,2015,153,9657.571710906166,19.73,35.74,2.419297968399253,2.3905381944444444,2.944583333333333,1.3,4.0,1,153,2015-01-01
154,2015,154,9703.724572211502,22.01,35.38,2.558148818792852,2.51828125,3.110833333333334,1.3,4.0,1,154,2015-01-01
155,2015,155,15065.015392302572,21.45,35.71,2.5411582337363128,2.558958333333333,2.64,1.3,3.0,1,155,2015-01-01
156,2015,156,9015.875340255758,22.87,35.08,2.599931164493043,2.7436631944444443,2.64,1.3,5.0,1,156,2015-01-01
157,2015,157,16431.88428192669,23.83,35.28,2.688373107701448,2.352864583333333,2.64,1.3,2.0,1,157,2015-01-01
158,2015,158,17540.804208862464,17.34,35.88,2.2649722651299777,2.475138888888889,2.64,1.3,1.0,1,158,2015-01-01
159,2015,159,20234.34236102914,15.69,30.12,1.8156677722801975,2.478333333333333,2.64,1.3,2.0,1,159,2015-01-01
160,2015,160,15072.959474542897,16.23,32.2,1.9647170792523985,3.2862673611111117,2.64,1.3,2.0,1,160,2015-01-01
161,2015,161,16799.110957969864,20.9725,33.28,2.334691490687883,1.2414756944444445,2.64,1.3,1.0,1,161,2015-01-01
162,2015,162,15335.614153487008,20.84,33.31,2.32768764999029,1.779496527777778,2.64,1.3,2.0,1,162,2015-01-01
163,2015,163,20816.879381389917,18.67,35.51,2.329735657825758,1.9715798611111108,2.64,1.3,0.0,1,163,2015-01-01
164,2015,164,21986.280884577423,15.345,33.88,2.012004882537044,3.204895833333333,2.64,1.3,0.0,1,164,2015-01-01
165,2015,165,21953.37053219913,15.2,33.07,1.9553181393960797,1.9289756944444445,2.64,1.3,0.0,1,165,2015-01-01
166,2015,166,21637.955868770387,17.15,34.51,2.163074652956617,2.535329861111111,2.64,1.3,0.0,1,166,2015-01-01
167,2015,167,18483.622225960986,18.45,32.85,2.1401354942580797,1.7606597222222222,2.64,1.3,1.0,1,167,2015-01-01
168,2015,168,20859.375768411857,17.91583333333333,32.92,2.110872000356285,2.669166666666667,2.64,1.3,0.0,1,168,2015-01-01
169,2015,169,14057.7129611834,17.49,31.48,1.9967301179150008,2.621579861111111,2.64,1.3,2.0,1,169,2015-01-01
170,2015,170,21753.266429816143,17.8,32.26,2.0627378334705,1.9583854166666663,2.64,1.3,0.0,1,170,2015-01-01
171,2015,171,21371.098545068035,19.51,34.87,2.3434291953861743,1.0436458333333334,2.64,1.3,0.0,1,171,2015-01-01
172,2015,172,20199.78355651428,21.05,37.54,2.6484083317576546,2.158888888888889,2.64,1.3,1.0,1,172,2015-01-01
173,2015,173,21609.85276140005,19.52833333333333,36.84,2.483424579984334,2.0813368055555554,2.64,1.3,0.0,1,173,2015-01-01
174,2015,174,21994.530156812707,19.28,36.15,2.416476453327246,1.7965277777777775,2.64,1.3,0.0,1,174,2015-01-01
175,2015,175,22000.70666147491,20.85,34.79,2.431321432054535,3.134409722222222,2.64,1.3,0.0,1,175,2015-01-01
176,2015,176,19008.191791922603,22.47,35.35,2.590179140640145,3.686267361111111,2.64,1.3,2.0,1,176,2015-01-01
177,2015,177,16811.73918812079,20.863333333333333,33.91,2.3705644380994952,2.1713194444444444,2.64,1.3,2.0,1,177,2015-01-01
178,2015,178,20817.04719792824,18.43,32.45,2.1136413988434364,2.899704861111111,2.64,1.3,1.0,1,178,2015-01-01
179,2015,179,21956.17549259705,18.38,33.92,2.2043848651724973,1.4467708333333331,2.64,1.3,0.0,1,179,2015-01-01
180,2015,180,22000.70666147491,19.72,38.05,2.5864368456489784,1.9571875,2.64,1.3,0.0,1,180,2015-01-01
181,2015,181,21994.530156812707,22.81,39.61,2.9552791555012843,2.784618055555556,2.64,1.3,0.0,1,181,2015-01-01
182,2015,182,16688.734999851666,23.05,39.43,2.9603224078041803,2.414791666666667,2.64,1.3,1.0,1,182,2015-01-01
183,2015,183,21549.62831465917,22.2,36.58,2.662950511655121,1.9848958333333333,2.64,1.3,0.0,1,183,2015-01-01
184,2015,184,20011.67765852755,24.96,36.3,2.8592329875132774,2.7947569444444444,2.64,1.3,1.0,1,184,2015-01-01
185,2015,185,18655.560411537183,19.619166666666665,36.81,2.4878200945080926,2.720034722222222,2.64,1.3,2.0,1,185,2015-01-01
186,2015,186,17861.288428561755,19.01,36.76,2.440550915000093,1.4101041666666667,2.64,1.3,2.0,1,186,2015-01-01
187,2015,187,17528.14595082835,22.65,36.7,2.7069946098340725,1.9469270833333332,2.64,1.3,1.0,1,187,2015-01-01
188,2015,188,16602.62960929213,23.98,37.59,2.8846309708621005,1.71265625,2.64,1.3,2.0,1,188,2015-01-01
189,2015,189,21351.936336174716,22.17,36.19,2.6308971080024666,3.0521875,2.64,1.3,0.0,1,189,2015-01-01
190,2015,190,19306.14332170273,24.15,36.0,2.7698789206408434,2.5706597222222225,2.64,1.3,1.0,1,190,2015-01-01
191,2015,191,18368.29227097901,25.9575,36.47,2.9559091534659303,2.0578993055555554,2.64,1.3,1.0,1,191,2015-01-01
192,2015,192,17802.08534348154,25.68,38.3,3.0888579677137256,1.523298611111111,2.64,1.3,1.0,1,192,2015-01-01
193,2015,193,21150.197710681427,22.854166666666664,38.05,2.830319738368283,2.3966319444444446,2.64,1.3,2.0,1,193,2015-01-01
194,2015,194,21864.9210229706,22.49,36.88,2.708551453001512,2.784409722222222,2.64,1.3,0.0,1,194,2015-01-01
195,2015,195,21521.266757212965,22.07,36.42,2.640782337630118,1.7576215277777778,2.64,1.3,0.0,1,195,2015-01-01
196,2015,196,18448.16212387941,24.02,37.01,2.840515145278218,1.9153645833333333,2.64,1.3,1.0,1,196,2015-01-01
197,2015,197,16512.559071497933,22.43,36.36,2.663717809770753,1.7455381944444444,2.64,1.3,2.0,1,197,2015-01-01
198,2015,198,15940.070939873298,20.81,36.62,2.5611137719402306,2.457795138888889,2.64,1.3,2.0,1,198,2015-01-01
199,2015,199,14514.699279045484,19.341666666666665,33.55,2.243185171522232,2.4209895833333333,2.782083333333333,1.3,3.0,1,199,2015-01-01
200,2015,200,10058.843797710677,17.02416666666667,29.95,1.8806307383050935,2.3397222222222225,7.441666666666666,1.3,5.0,1,200,2015-01-01
201,2015,201,19822.011628014632,16.442500000000003,28.88,1.7890516961605676,2.698993055555556,8.600000000000001,1.3,2.0,1,201,2015-01-01
202,2015,202,20688.99173126425,16.42,29.71,1.8333261814471884,1.9688368055555556,9.12,1.3,1.0,1,202,2015-01-01
203,2015,203,20523.258380843447,18.2525,31.88,2.067194960170056,1.5855902777777775,9.12,1.3,2.0,1,203,2015-01-01
204,2015,204,10965.428275013724,17.8,30.96,1.9842269473578005,2.433333333333333,9.12,1.3,4.0,1,204,2015-01-01
205,2015,205,19424.24335864333,18.72,31.49,2.0719687591252134,1.8334375,9.12,1.3,0.0,1,205,2015-01-01
206,2015,206,19010.835212104084,18.996666666666663,32.67,2.163501465269498,1.5855902777777775,9.12,1.3,0.0,1,206,2015-01-01
207,2015,207,21657.90865219448,18.97,33.83,2.237135182443449,1.889079861111111,9.12,1.3,0.0,1,207,2015-01-01
208,2015,208,21028.72955961076,19.16,34.54,2.2971551570706565,1.3606770833333333,9.12,1.3,0.0,1,208,2015-01-01
209,2015,209,21357.243297482783,21.865,35.74,2.574120629839225,1.845,9.12,1.3,0.0,1,209,2015-01-01
210,2015,210,18849.9323231458,21.25,35.57,2.5162216195190816,2.089670138888889,9.12,1.3,1.0,1,210,2015-01-01
211,2015,211,20544.23520583897,21.04,34.16,2.4003082741899977,1.5664756944444445,9.12,1.3,0.0,1,211,2015-01-01
212,2015,212,20415.4193264384,21.04,34.39,2.416476453327246,1.36890625,9.12,1.3,0.0,1,212,2015-01-01
213,2015,213,20959.80878472569,22.1525,35.8,2.600119016051356,1.6142013888888889,9.12,1.3,0.0,1,213,2015-01-01
214,2015,214,19707.787873269204,21.32,36.37,2.5804589587886118,1.9416840277777776,9.12,1.3,0.0,1,214,2015-01-01
215,2015,215,20304.8247913336,20.71,34.58,2.406623699945719,1.942274305555556,9.12,1.3,0.0,1,215,2015-01-01
216,2015,216,21150.68306782719,20.22,33.53,2.300530337075799,1.4659027777777778,9.12,1.3,0.0,1,216,2015-01-01
217,2015,217,19348.071589169547,19.82,33.93,2.300530337075799,1.0464930555555556,9.12,1.3,0.0,1,217,2015-01-01
218,2015,218,17775.627528233057,20.68,36.05,2.509656508741738,1.51109375,9.12,1.3,1.0,1,218,2015-01-01
219,2015,219,17103.02584760362,20.71333333333333,35.61,2.480177454677827,2.042222222222222,9.12,1.3,2.0,1,219,2015-01-01
220,2015,220,16440.44573727509,19.59583333333333,35.99,2.4274847918863056,2.392378472222222,9.12,1.3,1.0,1,220,2015-01-01
221,2015,221,19058.899757765197,17.615833333333335,32.44,2.06248193159866,2.45734375,9.12,1.3,0.0,1,221,2015-01-01
222,2015,222,19247.97751476053,17.21,32.13,2.0189267797721366,1.9189409722222224,9.12,1.3,0.0,1,222,2015-01-01
223,2015,223,21550.537022013665,22.41,33.07,2.420003795180633,2.944045138888889,9.12,1.3,0.0,1,223,2015-01-01
224,2015,224,20885.04815026137,22.73,35.16,2.5954262681358067,1.2485763888888888,9.12,1.3,0.0,1,224,2015-01-01
225,2015,225,22000.70666147491,20.34,35.18,2.422828895507528,1.2968923611111112,9.12,1.3,0.0,1,225,2015-01-01
226,2015,226,21968.107583335885,22.63,35.8,2.636215916303839,1.6837847222222222,9.12,1.3,0.0,1,226,2015-01-01
227,2015,227,19860.796857120265,23.5,36.13,2.728861390292244,1.7894965277777777,9.12,1.3,0.0,1,227,2015-01-01
228,2015,228,22000.70666147491,23.24,36.52,2.739065930556231,2.5140451388888887,9.12,1.3,0.0,1,228,2015-01-01
229,2015,229,21947.812633186662,24.43,38.53,3.000938373936983,1.9122916666666667,9.12,1.3,0.0,1,229,2015-01-01
230,2015,230,21237.280830807107,22.41,37.36,2.739852267860833,1.7653472222222222,9.12,1.3,0.0,1,230,2015-01-01
231,2015,231,22000.70666147491,22.36,37.55,2.7508816204358406,2.062760416666667,9.12,1.3,0.0,1,231,2015-01-01
232,2015,232,22000.70666147491,22.66,38.42,2.844575154763773,1.8814236111111111,9.12,1.3,0.0,1,232,2015-01-01
233,2015,233,21580.749510757672,20.62,36.47,2.5360067173909417,2.013888888888889,9.12,1.3,0.0,1,233,2015-01-01
234,2015,234,19795.54803851696,18.489166666666662,34.15,2.226554552269656,2.234027777777777,9.12,1.3,0.0,1,234,2015-01-01
235,2015,235,21270.241040625933,18.14,33.22,2.1439438966975177,1.645486111111111,9.12,1.3,0.0,1,235,2015-01-01
236,2015,236,19972.55754509816,19.5275,33.41,2.2462155081929485,1.4433159722222222,9.12,1.3,0.0,1,236,2015-01-01
237,2015,237,19681.403268106795,16.365833333333335,29.35,1.810499776252609,3.323420138888889,9.12,1.3,0.0,1,237,2015-01-01
238,2015,238,19924.953874449257,16.13,30.03,1.834989317447596,1.5360590277777777,8.297083333333333,1.3,1.0,1,238,2015-01-01
239,2015,239,21497.099187153603,15.55,29.64,1.7818767279274963,2.5875000000000004,7.92,1.3,0.0,1,239,2015-01-01
240,2015,240,20556.87912669715,14.89,29.71,1.750231959473815,1.5268402777777776,17.140416666666667,1.3,0.0,1,240,2015-01-01
241,2015,241,19610.8707843405,15.98,30.13,1.8322181552764705,1.4195833333333332,15.278333333333332,1.3,1.0,1,241,2015-01-01
242,2015,242,18691.76679098098,17.77,30.77,1.9712016908232195,2.101267361111111,9.495833333333334,1.3,1.0,1,242,2015-01-01
243,2015,243,12566.841812942632,19.22083333333333,31.17,2.083145022171687,1.5843229166666668,8.16,1.3,3.0,1,243,2015-01-01
244,2015,244,14834.957629771716,16.28,26.65,1.6633064536189703,2.2340625,6.255833333333333,1.3,3.0,1,244,2015-01-01
245,2015,245,20529.86662241049,15.12,28.59,1.7034252141708095,2.3163194444444444,4.800000000000001,1.3,1.0,1,245,2015-01-01
246,2015,246,20551.2736882931,16.44,28.1,1.7470415118259874,1.643454861111111,4.800000000000001,1.3,1.0,1,246,2015-01-01
247,2015,247,21992.457389239626,17.86,30.58,1.9653058193970907,1.992916666666667,4.800000000000001,1.3,0.0,1,247,2015-01-01
248,2015,248,21608.94935883719,19.01,32.97,2.183644624161156,1.4397048611111112,4.800000000000001,1.3,0.0,1,248,2015-01-01
249,2015,249,10021.546630210496,20.77916666666667,32.39,2.261587122673299,1.6405555555555555,4.800000000000001,1.3,4.0,1,249,2015-01-01
250,2015,250,10283.454345227983,19.94,29.8,2.043164964734383,1.5059375,4.577083333333333,1.3,4.0,1,250,2015-01-01
251,2015,251,15497.346229989142,18.3625,28.89,1.896459475582268,0.8519097222222222,4.745833333333334,1.3,2.0,1,251,2015-01-01
252,2015,252,13648.849764065457,17.3275,30.18,1.9110631762330303,1.8149131944444443,4.952500000000001,1.3,2.0,1,252,2015-01-01
253,2015,253,18361.76113238512,17.31,30.35,1.91984357101862,1.8995138888888887,4.5600000000000005,1.3,1.0,1,253,2015-01-01
254,2015,254,20739.5854343894,17.0,30.46,1.9083354658926208,1.4446006944444445,4.5600000000000005,1.3,1.0,1,254,2015-01-01
255,2015,255,19127.17935660279,18.02,30.42,1.9653058193970907,1.8325694444444445,4.5600000000000005,1.3,0.0,1,255,2015-01-01
256,2015,256,19512.358208396425,17.88,30.45,1.9588381347309365,1.7705034722222222,4.5600000000000005,1.3,1.0,1,256,2015-01-01
257,2015,257,17173.314932905432,20.69,31.75,2.213512564929405,1.2141666666666666,4.5600000000000005,1.3,1.0,1,257,2015-01-01
258,2015,258,14593.917439057508,19.43,31.3,2.1042487629098146,1.1888194444444444,4.5600000000000005,1.3,1.0,1,258,2015-01-01
259,2015,259,10378.4218239792,16.98,29.1,1.830557212113687,1.57265625,8.547916666666667,1.3,3.0,1,259,2015-01-01
260,2015,260,12031.450503009595,14.12,25.38,1.496520108228225,1.89265625,4.484166666666667,1.3,4.0,1,260,2015-01-01
261,2015,261,15903.113275556054,12.96,24.95,1.424300746405729,2.1385590277777777,4.52125,1.3,3.0,1,261,2015-01-01
262,2015,262,16688.3229304588,13.57,23.98,1.4083791728995512,1.307482638888889,2.64,1.3,3.0,1,262,2015-01-01
263,2015,263,20372.515652286314,13.33,25.48,1.4647955685128038,1.5469618055555554,2.64,1.3,2.0,1,263,2015-01-01
264,2015,264,22000.70666147491,12.91,27.75,1.5512095964367183,1.8253472222222225,2.64,1.3,0.0,1,264,2015-01-01
265,2015,265,22000.70666147491,13.38,29.57,1.664324734057869,1.43640625,2.64,1.3,0.0,1,265,2015-01-01
266,2015,266,21701.69018902786,16.76,31.17,1.9354755440641167,0.911371527777778,2.64,1.3,0.0,1,266,2015-01-01
267,2015,267,18611.360262742903,16.56,30.17,1.866840112861808,1.4040451388888888,2.64,1.3,1.0,1,267,2015-01-01
268,2015,268,19624.8679585136,15.01,29.08,1.723274615595125,1.4775868055555557,2.64,1.3,2.0,1,268,2015-01-01
269,2015,269,14347.595916386184,14.21,27.86,1.6200321315487538,2.5647569444444445,2.64,1.3,3.0,1,269,2015-01-01
270,2015,270,17596.593037625727,15.504166666666666,26.8,1.631716546575209,2.097916666666667,2.64,1.3,2.0,1,270,2015-01-01
271,2015,271,14831.080592084782,13.31,26.39,1.5058272319311494,1.62046875,2.64,1.3,3.0,1,271,2015-01-01
272,2015,272,18633.05140937636,14.94,26.23,1.5758018462404153,2.303420138888889,2.64,1.3,2.0,1,272,2015-01-01
273,2015,273,11977.68299734561,16.57,26.66,1.6786379578899144,2.2499479166666667,2.64,1.3,5.0,1,273,2015-01-01
274,2015,274,8344.72877469468,15.96,24.79,1.5555248640224442,1.31296875,4.233333333333333,1.3,4.0,1,274,2015-01-01
275,2015,275,21966.057723546262,14.91,28.87,1.7070666036860334,1.8446006944444444,6.48,1.3,0.0,1,275,2015-01-01
276,2015,276,14051.770697234251,17.49,29.18,1.8634648306157848,1.4213368055555555,6.48,1.3,3.0,1,276,2015-01-01
277,2015,277,13629.979837475936,16.691666666666666,29.27,1.8240185243878573,1.607048611111111,6.48,1.3,2.0,1,277,2015-01-01
278,2015,278,19825.45633880397,15.32,26.43,1.604183084574922,2.847378472222222,6.48,1.3,0.0,1,278,2015-01-01
279,2015,279,13034.902011640232,15.29,28.22,1.6930586053667167,1.4139756944444446,6.48,1.3,2.0,1,279,2015-01-01
280,2015,280,9837.610579694736,18.2,26.25,1.7422653636490877,3.096996527777778,4.4558333333333335,1.3,4.0,1,280,2015-01-01
281,2015,281,15088.389320995162,17.824166666666667,26.34,1.727172205529716,2.111996527777778,3.12,1.3,2.0,1,281,2015-01-01
282,2015,282,14820.792224495764,13.913333333333334,19.89,1.251696641961061,0.88890625,13.79125,1.3,3.0,1,282,2015-01-01
283,2015,283,17664.658643642782,11.218333333333332,22.91,1.2646548991533637,1.3716666666666668,11.04,1.3,1.0,1,283,2015-01-01
284,2015,284,21971.771511565865,10.19,22.17,1.1955433831618931,1.3775694444444444,11.04,1.3,1.0,1,284,2015-01-01
285,2015,285,16818.026634364764,10.59,24.36,1.297941449438229,2.0541840277777776,11.04,1.3,1.0,1,285,2015-01-01
286,2015,286,17294.307798689777,12.411666666666669,25.4,1.4199362421307258,1.0816145833333333,11.04,1.3,3.0,1,286,2015-01-01
287,2015,287,8328.233076524155,11.98,24.01,1.341171266323167,1.4272916666666666,11.04,1.3,4.0,1,287,2015-01-01
288,2015,288,19232.335634226805,11.3925,22.08,1.2386254021376624,1.9206944444444445,11.04,1.3,1.0,1,288,2015-01-01
289,2015,289,16923.853581512372,10.77,22.39,1.226388493220333,1.4263715277777778,11.04,1.3,2.0,1,289,2015-01-01
290,2015,290,6384.739341126301,5.01,13.72,0.7648407495116272,2.4207986111111115,12.725833333333334,1.3,5.0,1,290,2015-01-01
291,2015,291,21675.735162037272,4.61,16.82,0.8372335142973018,1.4539062500000002,7.680000000000001,1.3,0.0,1,291,2015-01-01
292,2015,292,21641.48945245046,6.38,19.91,0.982823732775262,1.2719618055555555,7.680000000000001,1.3,0.0,1,292,2015-01-01
293,2015,293,11726.202488547264,8.84,21.96,1.1373451744791392,0.8926388888888889,7.680000000000001,1.3,3.0,1,293,2015-01-01
294,2015,294,19512.25696343644,10.695833333333333,21.12,1.1749527655956205,1.6899131944444443,7.680000000000001,1.3,2.0,1,294,2015-01-01
295,2015,295,3666.7844435791512,10.66,18.39,1.0750280305364484,1.6116319444444445,7.680000000000001,1.3,8.0,1,295,2015-01-01
296,2015,296,20108.902905241823,9.82,19.95,1.10029473852419,1.3440972222222225,5.4375,1.3,1.0,1,296,2015-01-01
297,2015,297,19733.063820256644,10.35,20.83,1.1512878968292952,1.8162847222222225,3.3600000000000003,1.3,2.0,1,297,2015-01-01
298,2015,298,21486.641758981525,11.08,23.05,1.2647216534214651,1.5861284722222222,3.3600000000000003,1.3,1.0,1,298,2015-01-01
299,2015,299,13451.992658058203,12.24,23.84,1.344970886044328,1.7844097222222222,3.6779166666666665,1.3,3.0,1,299,2015-01-01
300,2015,300,4737.482141545091,13.54,21.57,1.304511702480614,2.496180555555556,10.063333333333333,1.3,6.0,1,300,2015-01-01
301,2015,301,3723.406228876762,12.97,18.71,1.1698617292828069,2.350538194444445,9.905416666666667,1.3,8.0,1,301,2015-01-01
302,2015,302,3827.38391078484,11.000833333333333,15.03,0.9745333092178384,0.6523611111111111,14.349583333333335,1.3,8.0,1,302,2015-01-01
303,2015,303,4528.314883311525,10.82,13.5,0.9213295709178893,0.9249652777777776,20.14,1.3,7.0,1,303,2015-01-01
304,2015,304,16529.102592220886,5.14,15.58,0.8176361302477689,2.2906423611111117,3.3912500000000003,1.3,3.0,1,304,2015-01-01
305,2015,305,4715.455577507466,3.1075,9.54,0.6215800084691174,2.0317881944444443,5.824166666666667,1.3,7.0,1,305,2015-01-01
306,2015,306,5025.92656569706,1.79,4.97,0.5059908822920313,0.4858159722222221,7.379166666666666,1.3,7.0,1,306,2015-01-01
307,2015,307,13238.12882410872,0.72,8.4,0.5498212396044286,0.9324652777777778,2.88,1.3,3.0,1,307,2015-01-01
308,2015,308,22000.70666147491,0.9,12.97,0.6483071441655651,0.7996354166666667,2.88,1.3,0.0,1,308,2015-01-01
309,2015,309,5145.235955774877,3.48,13.63,0.7241001364105472,1.5211805555555555,2.88,1.3,6.0,1,309,2015-01-01
310,2015,310,10836.669949104817,8.94,16.61,0.9593145198147428,0.6952777777777778,4.445416666666667,1.3,4.0,1,310,2015-01-01
311,2015,311,4984.8570708460165,8.02,12.11,0.8016589593043119,0.7171180555555555,5.479166666666667,1.3,7.0,1,311,2015-01-01
312,2015,312,11451.570417026129,7.66,13.14,0.8198239354722411,1.7568055555555555,3.504166666666667,1.3,4.0,1,312,2015-01-01
313,2015,313,9879.110436111956,7.32,11.46,0.7661296152963848,2.380208333333333,8.812916666666666,1.3,6.0,1,313,2015-01-01
314,2015,314,9557.052407579597,6.33,10.94,0.7280370625713961,2.364236111111111,10.824166666666668,1.3,6.0,1,314,2015-01-01
315,2015,315,18102.762273928693,3.4208333333333334,10.47,0.6487712539579416,1.877777777777777,4.067083333333333,1.3,2.0,1,315,2015-01-01
316,2015,316,21983.59265180337,2.97,14.13,0.7238547017812138,2.303767361111112,4.08,1.3,0.0,1,316,2015-01-01
317,2015,317,21993.493773026166,3.56,15.28,0.7676787757257568,1.8840798611111111,4.08,1.3,0.0,1,317,2015-01-01
318,2015,318,20815.388393535,0.12,10.9,0.5875072320740767,2.158802083333333,3.017916666666667,1.3,0.0,1,318,2015-01-01
319,2015,319,21227.27682738604,0.53,11.64,0.611407249334178,2.4741493055555552,2.4000000000000004,1.3,1.0,1,319,2015-01-01
320,2015,320,16414.057304328646,3.33,14.31,0.7372134292813612,1.8896006944444448,2.4000000000000004,1.3,4.0,1,320,2015-01-01
321,2015,321,3668.8572111522312,8.01,13.0,0.8255914284868839,2.269704861111111,5.487083333333334,1.3,8.0,1,321,2015-01-01
322,2015,322,7731.386251141734,3.404166666666667,9.66,0.6305783015335611,1.66125,7.585416666666666,1.3,7.0,1,322,2015-01-01
323,2015,323,8863.278971663045,2.36,11.63,0.6509844307349686,0.6757986111111111,9.855833333333331,1.3,5.0,1,323,2015-01-01
324,2015,324,15653.567222112575,1.72,9.66,0.5948988346341834,1.3319791666666667,3.3600000000000003,1.3,3.0,1,324,2015-01-01
325,2015,325,21999.67027768837,0.18,11.3,0.5969665497272197,1.1529166666666668,3.3600000000000003,1.3,0.0,1,325,2015-01-01
326,2015,326,22000.70666147491,0.85,13.44,0.6577202967297516,0.5118576388888889,3.3600000000000003,1.3,0.0,1,326,2015-01-01
327,2015,327,22000.70666147491,1.77,14.77,0.7102266646626483,0.5930208333333333,3.3600000000000003,1.3,0.0,1,327,2015-01-01
328,2015,328,22000.70666147491,1.96,14.72,0.7136123281108147,0.6107291666666668,3.3600000000000003,1.3,0.0,1,328,2015-01-01
329,2015,329,21994.530156812707,2.17,13.07,0.679457271644087,0.7391493055555556,3.3600000000000003,1.3,0.0,1,329,2015-01-01
330,2015,330,9261.618667683792,2.27,12.53,0.6693122241239149,0.52046875,3.3600000000000003,1.3,4.0,1,330,2015-01-01
331,2015,331,18379.488594894057,4.11,13.68,0.7409624720517258,0.7232118055555555,3.3600000000000003,1.3,1.0,1,331,2015-01-01
332,2015,332,22000.70666147491,3.95,14.1,0.7475005632334357,1.2129166666666666,3.3600000000000003,1.3,0.0,1,332,2015-01-01
333,2015,333,21988.774570736077,3.16,12.68,0.6935095280649731,2.101232638888889,3.3600000000000003,1.3,0.0,1,333,2015-01-01
334,2015,334,21974.348793838584,5.28,12.14,0.7317450251240786,1.05015625,3.3600000000000003,1.3,0.0,1,334,2015-01-01
335,2015,335,4018.7856237060832,5.33,11.46,0.7162824490804166,3.073732638888889,6.617083333333333,1.3,7.0,1,335,2015-01-01
336,2015,336,4816.958519338277,4.74,10.25,0.6736765586264866,3.047326388888889,5.562916666666667,1.3,7.0,1,336,2015-01-01
337,2015,337,14344.19030052592,4.97,11.28,0.7032584472467543,2.564184027777778,5.697916666666667,1.3,6.0,1,337,2015-01-01
338,2015,338,21879.194051309725,-3.89,6.14,0.4307270291963035,2.9161111111111118,36.24,1.3,1.0,1,338,2015-01-01
339,2015,339,20059.589662527123,-4.69,4.67,0.3967311534027103,1.2224305555555557,36.24,1.3,0.0,1,339,2015-01-01
340,2015,340,7036.510637876593,-2.25,2.32,0.3980324279611549,1.3171527777777776,15.062083333333334,1.3,6.0,1,340,2015-01-01
341,2015,341,7946.948143320213,-5.120833333333334,1.51,0.3477856666955913,2.785989583333333,3.3600000000000003,1.3,6.0,1,341,2015-01-01
342,2015,342,21824.243509048203,-5.43,5.39,0.3964424926319932,1.4760069444444444,3.3600000000000003,1.3,0.0,1,342,2015-01-01
343,2015,343,20522.125499144902,-4.634166666666667,5.16,0.4046812770078007,1.3709201388888888,3.3600000000000003,1.3,1.0,1,343,2015-01-01
344,2015,344,17012.574206000605,-5.17,3.38,0.3718924054904508,1.6079340277777776,3.3600000000000003,1.3,2.0,1,344,2015-01-01
345,2015,345,17264.445847486477,-3.65,2.54,0.3812672951952839,1.4540277777777777,3.3600000000000003,1.3,1.0,1,345,2015-01-01
346,2015,346,21936.10377396923,-4.618333333333333,4.51,0.3954576356848894,0.5958159722222223,3.3600000000000003,1.3,0.0,1,346,2015-01-01
347,2015,347,22000.70666147491,-5.89,5.05,0.3850472638024042,0.6762673611111112,3.3600000000000003,1.3,0.0,1,347,2015-01-01
348,2015,348,3762.9864998294433,-1.82,3.11,0.4160479952763969,1.5898958333333333,3.3600000000000003,1.3,6.0,1,348,2015-01-01
349,2015,349,7632.2868621655425,-3.966666666666667,2.37,0.3745368398406292,1.8490451388888889,3.3600000000000003,1.3,5.0,1,349,2015-01-01
350,2015,350,20509.811104191747,-5.69,4.72,0.3832231617402345,0.5748090277777778,3.3600000000000003,1.3,1.0,1,350,2015-01-01
351,2015,351,7393.895594404333,-5.98,3.52,0.3628554148005,0.6433506944444445,3.3600000000000003,1.3,5.0,1,351,2015-01-01
352,2015,352,6194.610351173592,-2.47,2.08,0.3914209017786125,0.4069965277777778,3.3600000000000003,1.3,7.0,1,352,2015-01-01
353,2015,353,21950.021895718302,-4.329166666666667,4.11,0.3938648452816384,0.8180034722222222,3.3600000000000003,1.3,1.0,1,353,2015-01-01
354,2015,354,14797.063017732047,-5.3,3.21,0.3678216673162492,1.0907465277777777,3.3600000000000003,1.3,2.0,1,354,2015-01-01
355,2015,355,19617.62235622469,-6.65,3.7,0.3563698369563041,1.4668229166666666,3.3600000000000003,1.3,1.0,1,355,2015-01-01
356,2015,356,21543.710679213036,-7.69,4.96,0.3592689291944601,0.6238020833333333,3.3600000000000003,1.3,0.0,1,356,2015-01-01
357,2015,357,20259.82060099345,-3.68,5.86,0.429641422418403,1.1274479166666669,3.3600000000000003,1.3,3.0,1,357,2015-01-01
358,2015,358,17851.836638059805,-3.585833333333333,5.55,0.4263093397359484,0.36421875,3.3600000000000003,1.3,3.0,1,358,2015-01-01
359,2015,359,21957.47426928825,-4.39,5.26,0.4097662020733109,0.6803645833333333,3.3600000000000003,1.3,0.0,1,359,2015-01-01
360,2015,360,21933.93761564965,-5.12,6.5,0.4174051147717293,1.0000694444444445,3.3600000000000003,1.3,0.0,1,360,2015-01-01
361,2015,361,21951.23305878555,-4.23,4.91,0.4069520887620009,0.5380208333333333,3.3600000000000003,1.3,0.0,1,361,2015-01-01
362,2015,362,22000.70666147491,-4.1,8.09,0.4585028341183709,0.5363020833333334,3.3600000000000003,1.3,0.0,1,362,2015-01-01
363,2015,363,20231.12096742316,-3.4,7.28,0.4567011746667646,1.434322916666667,3.3600000000000003,1.3,2.0,1,363,2015-01-01
364,2015,364,4093.373359037536,1.35,3.72,0.4765280215584941,3.4369270833333334,9.370416666666666,1.3,7.0,1,364,2015-01-01
365,2015,365,15838.731170263049,1.0,8.13,0.5500138681224627,2.217743055555556,6.0,1.3,4.0,1,365,2015-01-01
366,2016,1,8931.45413750395,2.97,8.61,0.5990405966312218,3.525416666666666,6.800416666666667,1.3,5.0,1,366,2015-01-01
367,2016,2,14353.208704860066,-3.6025,5.32,0.4225292261423873,2.5703645833333333,14.366666666666667,1.3,3.0,1,367,2015-01-01
368,2016,3,20074.12372180808,-5.42,1.32,0.3415498236302275,1.5157118055555554,16.32,1.3,1.0,1,368,2015-01-01
369,2016,4,6303.619383243016,-6.23,2.33,0.3440873385898302,1.33203125,16.32,1.3,5.0,1,369,2015-01-01
370,2016,5,11931.997012218322,0.7,5.88,0.5027781444746694,1.1519965277777775,16.32,1.3,6.0,1,370,2015-01-01
371,2016,6,9523.40180152242,-1.06,6.88,0.489410861138808,1.270607638888889,16.32,1.3,4.0,1,371,2015-01-01
372,2016,7,16666.06557929128,-1.5,10.41,0.5457897616430448,1.3841319444444444,16.32,1.3,3.0,1,372,2015-01-01
373,2016,8,4042.421071927632,3.87,9.54,0.6381338382660183,2.957048611111111,12.21875,1.3,7.0,1,373,2015-01-01
374,2016,9,7258.5323149272945,3.25,7.68,0.5856720296492238,2.252482638888889,17.68583333333333,1.3,7.0,1,374,2015-01-01
375,2016,10,19823.506613035603,-4.086666666666667,6.36,0.4310894363805256,2.5644270833333334,6.377916666666668,1.3,2.0,1,375,2015-01-01
376,2016,11,19073.883703040075,-4.11,5.59,0.4189176129478068,1.7308854166666667,3.3600000000000003,1.3,3.0,1,376,2015-01-01
377,2016,12,7642.182625405974,0.17,7.74,0.5269477572899949,1.1286979166666666,3.3600000000000003,1.3,5.0,1,377,2015-01-01
378,2016,13,21829.87362627264,-0.73,9.31,0.5395072491437245,1.159548611111111,3.3600000000000003,1.3,0.0,1,378,2015-01-01
379,2016,14,22000.70666147491,2.89,11.28,0.6550186200553089,1.2377430555555555,3.3600000000000003,1.3,0.0,1,379,2015-01-01
380,2016,15,18610.67323405009,0.1608333333333331,11.46,0.5998893235623428,0.9663368055555556,3.3600000000000003,1.3,2.0,1,380,2015-01-01
381,2016,16,20131.78337969273,-2.03,8.87,0.5074245718659565,1.1556770833333332,3.3600000000000003,1.3,2.0,1,381,2015-01-01
382,2016,17,22000.70666147491,-1.27,8.77,0.5193899674167745,1.982951388888889,3.3600000000000003,1.3,1.0,1,382,2015-01-01
383,2016,18,22000.70666147491,0.74,9.64,0.5745663072374317,2.978333333333333,3.3600000000000003,1.3,0.0,1,383,2015-01-01
384,2016,19,15243.27780051484,4.4,9.69,0.6532229367841921,3.4944791666666664,3.3600000000000003,1.3,2.0,1,384,2015-01-01
385,2016,20,15104.757264401287,5.75,11.91,0.7377123353280413,1.5362847222222222,3.3600000000000003,1.3,3.0,1,385,2015-01-01
386,2016,21,19865.707376598257,3.72,12.34,0.6987257591546219,1.52546875,3.3600000000000003,1.3,2.0,1,386,2015-01-01
387,2016,22,18878.500713614703,3.73,11.79,0.6859834808163519,1.5750347222222223,3.38875,1.3,2.0,1,387,2015-01-01
388,2016,23,4590.57153104237,5.93,8.2,0.6541202357174982,2.1930208333333336,10.092916666666666,1.3,8.0,1,388,2015-01-01
389,2016,24,10173.488325330722,5.2775,11.37,0.7128251070889268,2.726961805555556,7.38875,1.3,5.0,1,389,2015-01-01
390,2016,25,14403.231420752054,0.1141666666666667,5.83,0.4915730912408068,0.9086631944444444,7.631666666666667,1.3,3.0,1,390,2015-01-01
391,2016,26,11599.454894993509,-3.135,2.17,0.3832931779351739,1.377048611111111,5.04,1.3,4.0,1,391,2015-01-01
392,2016,27,15785.233476433194,-9.2,0.32,0.2856294203285369,1.4296006944444444,5.04,1.3,3.0,1,392,2015-01-01
393,2016,28,18423.21058500177,-10.84,-0.32,0.2619389504480415,1.3648090277777778,5.04,1.3,2.0,1,393,2015-01-01
394,2016,29,19228.048015023083,-10.48,2.11,0.2911814937962959,1.2423784722222222,5.04,1.3,1.0,1,394,2015-01-01
395,2016,30,17416.49285789867,-9.3,4.62,0.3342844493286068,1.040260416666667,5.04,1.3,3.0,1,395,2015-01-01
396,2016,31,5404.175004108349,-2.3,6.64,0.4642772215713026,1.5285069444444443,5.04,1.3,6.0,1,396,2015-01-01
397,2016,32,19578.10868294089,-1.53,5.93,0.4652735388153225,1.50953125,5.04,1.3,2.0,1,397,2015-01-01
398,2016,33,4200.436546869134,-0.51,7.64,0.5126517956720767,1.0650173611111111,5.04,1.3,8.0,1,398,2015-01-01
399,2016,34,19061.49992084057,-4.8625,7.07,0.4300676221014419,1.5713541666666666,3.31875,1.3,3.0,1,399,2015-01-01
400,2016,35,22000.70666147491,-5.64,8.57,0.4413997334134805,0.9647916666666668,2.88,1.3,0.0,1,400,2015-01-01
401,2016,36,21399.28031417356,0.0,11.76,0.6027898902223049,1.3718576388888888,2.88,1.3,1.0,1,401,2015-01-01
402,2016,37,16346.503810017535,3.65,14.82,0.7581693442681166,1.4925,3.5179166666666664,1.3,4.0,1,402,2015-01-01
403,2016,38,15010.9283712606,4.570833333333333,12.36,0.719713845920643,2.168767361111111,6.718333333333333,1.3,5.0,1,403,2015-01-01
404,2016,39,6303.40166352244,-7.79,4.5,0.3519301327638949,3.0233506944444444,14.34375,1.3,5.0,1,404,2015-01-01
405,2016,40,21294.162319144885,-10.42,-0.56,0.2637437496124853,2.5403125,14.4,1.3,1.0,1,405,2015-01-01
406,2016,41,14970.009581160257,-10.52,2.08,0.2904138256044949,1.400121527777778,14.4,1.3,3.0,1,406,2015-01-01
407,2016,42,14328.73711494784,-8.426666666666666,2.76,0.3222388911589188,0.8572222222222222,14.4,1.3,3.0,1,407,2015-01-01
408,2016,43,21998.63389390183,-8.87,6.95,0.3701235515634605,0.9720486111111112,14.4,1.3,0.0,1,408,2015-01-01
409,2016,44,22000.70666147491,-7.0,8.38,0.4174051147717293,0.7750520833333333,14.4,1.3,0.0,1,409,2015-01-01
410,2016,45,11724.236350904355,-2.24,8.85,0.5033123472287311,1.2336805555555557,14.4,1.3,4.0,1,410,2015-01-01
411,2016,46,21873.458661661687,-0.74,10.8,0.5681905995772678,1.1082291666666668,14.4,1.3,0.0,1,411,2015-01-01
412,2016,47,21572.99456093977,-1.25,12.34,0.5889381144398547,1.3664236111111112,14.4,1.3,0.0,1,412,2015-01-01
413,2016,48,21959.99530983417,-0.19,10.93,0.581814300388439,2.0677777777777777,14.4,1.3,1.0,1,413,2015-01-01
414,2016,49,19369.52622212422,0.13,11.98,0.610139430602671,1.257083333333333,14.4,1.3,1.0,1,414,2015-01-01
415,2016,50,12469.747477032222,3.56,12.77,0.7051746773481338,1.3449305555555555,14.4,1.3,4.0,1,415,2015-01-01
416,2016,51,6896.33259275905,5.59,11.27,0.7179861914506595,2.173645833333333,10.569166666666668,1.3,6.0,1,416,2015-01-01
417,2016,52,19396.489964464927,5.01,14.81,0.7933747046338451,2.0111284722222225,3.3600000000000003,1.3,3.0,1,417,2015-01-01
418,2016,53,4681.189273842237,10.18,16.95,1.010121373006009,4.40734375,3.3600000000000003,1.3,6.0,1,418,2015-01-01
419,2016,54,19576.831559666043,9.64,20.54,1.114914185128007,3.563836805555556,4.183333333333334,1.3,3.0,1,419,2015-01-01
420,2016,55,11954.090595023592,3.2008333333333336,10.47,0.6438849943570571,1.29390625,6.65125,1.3,4.0,1,420,2015-01-01
421,2016,56,21903.833100730382,3.07,14.0,0.7231188370913986,1.104270833333333,3.6,1.3,0.0,1,421,2015-01-01
422,2016,57,13007.432354780727,5.15,16.35,0.8391878264347203,0.9274305555555556,3.6,1.3,3.0,1,422,2015-01-01
423,2016,58,13827.72556750228,7.0,16.58,0.8991189123284715,2.3229166666666665,3.6,1.3,5.0,1,423,2015-01-01
424,2016,59,7225.086172123673,6.16,12.33,0.7586807056545086,1.6758680555555554,9.202916666666669,1.3,7.0,1,424,2015-01-01
425,2016,60,4230.987898117298,5.1425,10.22,0.6823057306485016,3.0291493055555554,3.9879166666666666,1.3,7.0,1,425,2015-01-01
426,2016,61,20931.836011951546,2.7216666666666667,13.12,0.693548915739667,2.190399305555556,3.12,1.3,1.0,1,426,2015-01-01
427,2016,62,21998.63389390183,2.14,14.54,0.7136123281108147,1.5693402777777778,3.12,1.3,0.0,1,427,2015-01-01
428,2016,63,9634.96963662366,5.52,14.15,0.7893932901059739,2.4417534722222225,3.12,1.3,4.0,1,428,2015-01-01
429,2016,64,6756.488028833754,5.82,15.38,0.8308403392701353,0.972152777777778,3.12,1.3,4.0,1,429,2015-01-01
430,2016,65,19717.71661420098,8.12,18.42,0.990879522102308,1.0468923611111112,3.12,1.3,2.0,1,430,2015-01-01
431,2016,66,11490.891257453106,7.876666666666667,19.12,1.005744488883896,2.092777777777778,3.12,1.3,4.0,1,431,2015-01-01
432,2016,67,22000.70666147491,2.45,14.16,0.7119177249783306,2.4485069444444445,3.12,1.3,0.0,1,432,2015-01-01
433,2016,68,22000.70666147491,2.11,14.64,0.7153104804007471,0.8780381944444444,3.12,1.3,0.0,1,433,2015-01-01
434,2016,69,17951.45552453203,4.16,16.47,0.8151809861181528,1.0361284722222222,3.12,1.3,1.0,1,434,2015-01-01
435,2016,70,21952.97829851956,5.18,17.52,0.8733195781163312,0.96625,3.12,1.3,0.0,1,435,2015-01-01
436,2016,71,5466.230494277152,7.27,15.39,0.8721624980490716,1.3318229166666666,3.12,1.3,6.0,1,436,2015-01-01
437,2016,72,20485.225114770685,5.21,17.37,0.8698523783047094,2.394375,3.12,1.3,1.0,1,437,2015-01-01
438,2016,73,21709.84737667167,5.34,15.57,0.8228405701561676,2.270364583333333,5.095,1.3,1.0,1,438,2015-01-01
439,2016,74,13286.037559531407,5.14,15.69,0.8206456882558675,3.44265625,6.306666666666667,1.3,4.0,1,439,2015-01-01
440,2016,75,14957.630916909531,5.26,15.69,0.8239399450589037,3.3402604166666667,6.577916666666667,1.3,4.0,1,440,2015-01-01
441,2016,76,10331.34024334832,4.866666666666667,11.35,0.7024613717739167,1.6588368055555556,6.965833333333333,1.3,5.0,1,441,2015-01-01
442,2016,77,7365.782632249856,-2.02,5.9,0.4567011746667646,1.2478645833333333,10.1,1.3,5.0,1,442,2015-01-01
443,2016,78,11994.247762513556,-3.36,8.82,0.483189228586644,2.5628125,8.64,1.3,2.0,1,443,2015-01-01
444,2016,79,21433.43514034526,-1.18,12.37,0.5909875608099572,2.367118055555556,8.64,1.3,0.0,1,444,2015-01-01
445,2016,80,8429.959245644839,0.59,14.09,0.6665686480052461,2.3899826388888887,7.204166666666668,1.3,5.0,1,445,2015-01-01
446,2016,81,8016.684982856005,7.86,13.64,0.8391878264347203,1.5673784722222222,10.048333333333334,1.3,6.0,1,446,2015-01-01
447,2016,82,9409.20315812042,2.6825,11.53,0.6559743439513821,0.9630902777777778,8.9625,1.3,5.0,1,447,2015-01-01
448,2016,83,19750.57709656794,2.08,11.13,0.6337547067239179,2.5370138888888887,5.76,1.3,1.0,1,448,2015-01-01
449,2016,84,10963.659139188165,2.68,16.02,0.7640683458638837,1.4179513888888888,5.76,1.3,3.0,1,449,2015-01-01
450,2016,85,7225.442837957742,7.49,18.14,0.9618320245791896,1.3536805555555556,5.0495833333333335,1.3,7.0,1,450,2015-01-01
451,2016,86,3666.7844435791512,8.48,14.09,0.8695639917158784,2.0770138888888887,12.375833333333333,1.3,8.0,1,451,2015-01-01
452,2016,87,3788.6726605380018,8.11,11.12,0.7778156503791971,2.207152777777777,23.77458333333333,1.3,8.0,1,452,2015-01-01
453,2016,88,7561.978662546862,8.191666666666666,14.26,0.8661577906450357,1.872048611111111,19.314166666666665,1.3,5.0,1,453,2015-01-01
454,2016,89,12302.691225072822,4.899166666666667,15.55,0.8102675514517144,2.5736458333333334,12.322916666666666,1.3,3.0,1,454,2015-01-01
455,2016,90,15868.392296127073,2.869166666666666,12.63,0.6854960064901875,2.53484375,8.874583333333334,1.3,1.0,1,455,2015-01-01
456,2016,91,4587.2381073280485,1.95,12.37,0.6583972473857599,1.3317361111111112,11.140416666666669,1.3,6.0,1,456,2015-01-01
457,2016,92,4174.839865522379,-1.6208333333333331,6.09,0.4664244136896464,2.1463715277777777,6.862916666666667,1.3,7.0,1,457,2015-01-01
458,2016,93,19945.393051396142,-2.84,10.62,0.5245409480508876,1.393767361111111,2.88,1.3,0.0,1,458,2015-01-01
459,2016,94,11564.812635936243,1.07,14.23,0.6808511242997444,1.1718229166666667,2.88,1.3,4.0,1,459,2015-01-01
460,2016,95,14966.363272144165,4.571666666666667,14.07,0.7625684138539206,2.265746527777777,3.334583333333333,1.3,2.0,1,460,2015-01-01
461,2016,96,17926.38292540314,4.03,17.37,0.8363971773064992,1.01125,3.12,1.3,2.0,1,461,2015-01-01
462,2016,97,18187.270251760783,6.441666666666666,17.53,0.9108152402121784,0.7272743055555555,3.12,1.3,2.0,1,462,2015-01-01
463,2016,98,14223.35588835846,6.37,18.72,0.944950823877684,1.6676562499999998,3.12,1.3,2.0,1,463,2015-01-01
464,2016,99,11303.02003100016,5.27,17.82,0.8846719878992823,1.6505555555555556,5.264166666666667,1.3,3.0,1,464,2015-01-01
465,2016,100,18446.59459424862,5.53,16.29,0.8481729780261024,0.6045138888888889,5.6570833333333335,1.3,1.0,1,465,2015-01-01
466,2016,101,5406.930853637936,7.69,16.88,0.9289413041120148,1.0650520833333337,5.370416666666667,1.3,6.0,1,466,2015-01-01
467,2016,102,4518.63538254763,8.88,18.49,1.0180419020709972,1.3477430555555554,10.164583333333333,1.3,7.0,1,467,2015-01-01
468,2016,103,9218.690296820538,10.32,14.69,0.9424721620861298,2.2618229166666666,10.097083333333334,1.3,7.0,1,468,2015-01-01
469,2016,104,4309.600090538701,8.740833333333333,13.64,0.8641244818486727,1.5147222222222223,21.627916666666668,1.3,8.0,1,469,2015-01-01
470,2016,105,12864.383688816237,8.6,18.12,0.9967155201503768,1.5710937500000002,12.63125,1.3,6.0,1,470,2015-01-01
471,2016,106,8819.002820768254,6.86,14.31,0.8300096187689129,1.333420138888889,7.608333333333332,1.3,6.0,1,471,2015-01-01
472,2016,107,13731.623677632097,7.19,17.18,0.9228475201828846,3.168107638888889,4.054583333333333,1.3,3.0,1,472,2015-01-01
473,2016,108,10588.633082135177,4.67,15.21,0.7949722080004493,3.3125520833333333,7.053333333333334,1.3,3.0,1,473,2015-01-01
474,2016,109,14443.68385732265,5.61,14.5,0.801122205230045,1.0503472222222223,4.3812500000000005,1.3,3.0,1,474,2015-01-01
475,2016,110,12151.534790515909,4.48,15.65,0.8016589593043122,1.0453472222222222,7.876666666666667,1.3,2.0,1,475,2015-01-01
476,2016,111,19297.036011887223,4.35,18.81,0.8867232657468405,1.1640104166666667,6.31625,1.3,0.0,1,476,2015-01-01
477,2016,112,22000.70666147491,7.23,21.22,1.05436266688804,0.8650868055555556,4.32,1.3,0.0,1,477,2015-01-01
478,2016,113,16193.017012604518,6.641666666666667,22.97,1.0946941755841375,1.6152083333333334,4.32,1.3,2.0,1,478,2015-01-01
479,2016,114,20122.862404873573,6.45,21.09,1.0236852003306156,1.3652777777777778,4.32,1.3,2.0,1,479,2015-01-01
480,2016,115,14434.61819160181,12.91,22.52,1.317739630068801,1.560954861111111,4.32,1.3,2.0,1,480,2015-01-01
481,2016,116,10928.611631540109,12.65,22.22,1.2946672029058284,1.0974131944444443,5.824166666666667,1.3,4.0,1,481,2015-01-01
482,2016,117,11075.617648325751,13.55,25.12,1.4584309892947271,1.2065972222222223,9.224166666666669,1.3,4.0,1,482,2015-01-01
483,2016,118,16970.282049757403,14.73,27.75,1.640538598690263,0.9080729166666666,11.04,1.3,3.0,1,483,2015-01-01
484,2016,119,5975.118419297093,14.77,27.25,1.6175467338565068,1.2794097222222225,6.282500000000001,1.3,5.0,1,484,2015-01-01
485,2016,120,5151.041050369662,14.67,24.52,1.4821934824626593,1.8172222222222223,4.945833333333334,1.3,7.0,1,485,2015-01-01
486,2016,121,15455.88151011568,13.88,21.7,1.3239805439264176,2.3614756944444446,6.735833333333334,1.3,4.0,1,486,2015-01-01
487,2016,122,18644.852118529747,12.779166666666669,23.89,1.370077899149883,2.5567881944444446,8.64,1.3,1.0,1,487,2015-01-01
488,2016,123,5556.0763350789975,10.0,22.42,1.1978329503940477,2.6338194444444443,5.7775,1.3,5.0,1,488,2015-01-01
489,2016,124,7195.384953034598,9.71,21.85,1.1653802222762062,1.3165798611111112,4.32,1.3,5.0,1,489,2015-01-01
490,2016,125,10253.125034278582,13.4,24.75,1.435002414593186,1.0372569444444446,4.32,1.3,5.0,1,490,2015-01-01
491,2016,126,6691.501549832008,13.7375,25.04,1.4633159155996545,2.0402430555555555,4.32,1.3,4.0,1,491,2015-01-01
492,2016,127,4583.803710390311,13.03,21.42,1.2775957964426237,1.5967881944444444,8.610416666666667,1.3,7.0,1,492,2015-01-01
493,2016,128,8223.560849866375,13.75,25.16,1.4693565585557005,2.135520833333333,9.942916666666669,1.3,5.0,1,493,2015-01-01
494,2016,129,13104.748819415468,13.051666666666666,23.36,1.359054661749801,1.0923784722222225,3.2729166666666663,1.3,5.0,1,494,2015-01-01
495,2016,130,3922.9705018341647,9.056666666666668,23.0,1.1840269520772602,2.3638194444444443,3.6,1.3,6.0,1,495,2015-01-01
496,2016,131,9994.440842561437,9.03,23.93,1.2186125731803528,1.8516145833333333,3.4929166666666664,1.3,3.0,1,496,2015-01-01
497,2016,132,6036.38681460883,11.8,22.05,1.2535501336728576,1.0747916666666668,7.484583333333333,1.3,4.0,1,497,2015-01-01
498,2016,133,9561.392383591628,11.54,19.65,1.1516568248950692,1.1235069444444443,14.585833333333332,1.3,5.0,1,498,2015-01-01
499,2016,134,20235.92717971236,11.28,25.27,1.36496684091665,1.7358680555555557,18.96,1.3,1.0,1,499,2015-01-01
500,2016,135,17236.43025480765,14.24,27.19,1.5884697228499929,1.8827256944444448,18.96,1.3,2.0,1,500,2015-01-01
501,2016,136,18035.46458332224,16.46,28.36,1.761973842318813,1.67296875,18.96,1.3,1.0,1,501,2015-01-01
502,2016,137,11937.197246295722,16.38,32.05,1.9647170792523967,3.17578125,18.96,1.3,2.0,1,502,2015-01-01
503,2016,138,13414.514947755331,16.78,29.7,1.852811550252116,2.6449652777777777,12.37125,1.3,2.0,1,503,2015-01-01
504,2016,139,6244.770504846787,17.48,30.49,1.9378008108921196,1.6509548611111111,4.114583333333333,1.3,6.0,1,504,2015-01-01
505,2016,140,5619.278653921471,16.42,29.36,1.814019934972247,2.3329340277777777,4.667083333333333,1.3,5.0,1,505,2015-01-01
506,2016,141,12918.120164425074,12.009166666666667,27.83,1.5123332671319507,2.3920833333333333,2.88,1.3,3.0,1,506,2015-01-01
507,2016,142,17423.3698420152,10.523333333333332,24.79,1.3129034083065176,2.9200694444444446,2.88,1.3,2.0,1,507,2015-01-01
508,2016,143,18341.154315242904,10.5,27.5,1.428305660525592,1.512361111111111,2.88,1.3,2.0,1,508,2015-01-01
509,2016,144,19392.74600612208,17.69,28.58,1.8410987560701055,1.4738368055555555,2.88,1.3,1.0,1,509,2015-01-01
510,2016,145,9276.751487571812,17.5,29.94,1.9071879730532717,1.66,2.88,1.3,3.0,1,510,2015-01-01
511,2016,146,20164.57333585964,14.06,25.84,1.5151849348491695,2.977534722222222,2.88,1.3,1.0,1,511,2015-01-01
512,2016,147,19951.745518454187,14.02,28.35,1.6350147224345484,1.239270833333333,2.88,1.3,0.0,1,512,2015-01-01
513,2016,148,21571.18682294513,18.95,30.78,2.042555931388769,1.5903993055555556,2.88,1.3,0.0,1,513,2015-01-01
514,2016,149,19242.11669477774,19.34,32.62,2.1823540248449715,2.393125,2.88,1.3,1.0,1,514,2015-01-01
515,2016,150,20094.37793898492,17.765833333333333,34.17,2.1807954376562395,2.47375,2.88,1.3,0.0,1,515,2015-01-01
516,2016,151,16164.25392457511,16.32,29.15,1.7970685840417455,2.516024305555556,2.88,1.3,1.0,1,516,2015-01-01
517,2016,152,17530.202346883518,13.3475,27.1,1.5410622752135363,2.988072916666667,2.88,1.3,1.0,1,517,2015-01-01
518,2016,153,12391.0346809881,12.04,25.58,1.4114627797467636,3.1689756944444443,2.88,1.3,2.0,1,518,2015-01-01
519,2016,154,8937.496003135624,11.61,25.53,1.3904361470351492,2.743454861111111,6.9175,1.3,3.0,1,519,2015-01-01
520,2016,155,20367.926033444543,11.91,28.26,1.5278984768381727,1.6355555555555557,10.08,1.3,0.0,1,520,2015-01-01
521,2016,156,16406.693420631716,16.51,31.39,1.9337331919109444,1.2045138888888889,10.08,1.3,1.0,1,521,2015-01-01
522,2016,157,18101.39510183371,19.56,32.69,2.2011329307573364,3.007708333333333,10.08,1.3,1.0,1,522,2015-01-01
523,2016,158,10974.996914333233,20.02,32.17,2.197236128453091,1.31125,10.08,1.3,2.0,1,523,2015-01-01
524,2016,159,20846.338888014383,20.2525,34.28,2.353917568527479,1.8002256944444446,10.08,1.3,0.0,1,524,2015-01-01
525,2016,160,22000.70666147491,17.843333333333334,31.58,2.0239556164696704,2.674027777777778,10.08,1.3,0.0,1,525,2015-01-01
526,2016,161,15283.190607076132,17.26,33.53,2.108001441471086,2.102847222222222,10.08,1.3,2.0,1,526,2015-01-01
527,2016,162,6734.239276981382,20.47,32.82,2.2696409970653115,2.3896354166666667,6.32625,1.3,4.0,1,527,2015-01-01
528,2016,163,15441.449043127144,15.8225,34.23,2.0622772300331684,2.5478645833333333,3.6,1.3,1.0,1,528,2015-01-01
529,2016,164,20894.72897970482,14.645,29.24,1.712541436977346,3.678368055555555,3.6,1.3,1.0,1,529,2015-01-01
530,2016,165,20172.177024995268,12.775833333333331,24.72,1.4059970957478591,3.852447916666667,3.6,1.3,1.0,1,530,2015-01-01
531,2016,166,22000.70666147491,12.75,29.13,1.610605339732012,1.6578472222222222,3.6,1.3,0.0,1,531,2015-01-01
532,2016,167,22000.70666147491,13.91,31.3,1.7829581293180796,1.6039930555555555,3.6,1.3,0.0,1,532,2015-01-01
533,2016,168,8234.10364213599,19.12666666666667,32.39,2.1539159219424078,3.336736111111111,3.6,1.3,3.0,1,533,2015-01-01
534,2016,169,16352.205888496012,16.314999999999998,32.39,1.9809636149044385,2.851319444444444,3.6,1.3,1.0,1,534,2015-01-01
535,2016,170,15364.138745986716,15.82,33.02,1.9889819835227485,2.8236631944444444,3.6,1.3,2.0,1,535,2015-01-01
536,2016,171,19516.56688041104,16.43,33.44,2.051096821290399,2.6900347222222223,3.6,1.3,1.0,1,536,2015-01-01
537,2016,172,17385.62783510553,17.79,33.5,2.1395013341702085,2.2965104166666666,3.6,1.3,1.0,1,537,2015-01-01
538,2016,173,9652.145985905436,18.01,32.28,2.076906631357596,2.59359375,3.6,1.3,4.0,1,538,2015-01-01
539,2016,174,9592.264808833284,19.31,31.92,2.1356998123126982,2.3060069444444444,7.133333333333334,1.3,5.0,1,539,2015-01-01
540,2016,175,11494.78889253521,19.79,31.64,2.1483944979256675,1.914826388888889,8.272916666666667,1.3,5.0,1,540,2015-01-01
541,2016,176,19402.5655966412,19.91,32.29,2.197885177699964,1.6518229166666667,4.056666666666668,1.3,2.0,1,541,2015-01-01
542,2016,177,17596.15746585648,19.17,33.5,2.228579578162972,2.3146875,4.800000000000001,1.3,3.0,1,542,2015-01-01
543,2016,178,15857.792004365963,18.41,32.63,2.1237004762397937,2.0928472222222223,4.655416666666667,1.3,2.0,1,543,2015-01-01
544,2016,179,17041.476159416197,18.74,33.34,2.190107603228124,1.4118923611111112,4.5600000000000005,1.3,1.0,1,544,2015-01-01
545,2016,180,21127.649651560216,20.26,34.1,2.3420566945767987,2.9735069444444444,4.5600000000000005,1.3,0.0,1,545,2015-01-01
546,2016,181,15721.073382458384,24.26,37.01,2.860049233043939,2.202170138888889,4.5600000000000005,1.3,1.0,1,546,2015-01-01
547,2016,182,21141.70436731266,23.92,37.23,2.850267642446863,1.222986111111111,4.5600000000000005,1.3,0.0,1,547,2015-01-01
548,2016,183,19199.32624630756,22.4225,38.44,2.826950794194624,1.953854166666667,4.5600000000000005,1.3,1.0,1,548,2015-01-01
549,2016,184,20551.430049631155,19.356666666666666,36.77,2.4660296445459284,2.7867708333333336,4.5600000000000005,1.3,1.0,1,549,2015-01-01
550,2016,185,21892.739706713917,17.954166666666666,33.75,2.165903652499061,3.344565972222222,4.5600000000000005,1.3,0.0,1,550,2015-01-01
551,2016,186,21703.771225498345,17.1625,32.52,2.039665184485849,3.2425694444444444,4.5600000000000005,1.3,0.0,1,551,2015-01-01
552,2016,187,17580.931431411405,16.39,33.83,2.072585432810449,2.0094097222222222,4.5600000000000005,1.3,2.0,1,552,2015-01-01
553,2016,188,15710.756545892116,18.64666666666667,32.66,2.1405583586706687,2.510017361111111,4.5600000000000005,1.3,2.0,1,553,2015-01-01
554,2016,189,16827.05634215167,18.39,31.36,2.043774156436372,2.293159722222222,4.247083333333333,1.3,1.0,1,554,2015-01-01
555,2016,190,20917.068972370835,18.6,34.39,2.249691003227558,1.4233506944444445,3.3600000000000003,1.3,0.0,1,555,2015-01-01
556,2016,191,16011.995416658736,19.1,33.49,2.223328773637859,2.166440972222222,10.349583333333332,1.3,2.0,1,556,2015-01-01
557,2016,192,21364.203467124105,18.55,34.91,2.2810142663765647,2.923767361111111,18.0,1.3,0.0,1,557,2015-01-01
558,2016,193,19803.293807946528,18.29583333333333,36.44,2.367965645703787,3.2585243055555555,18.0,1.3,1.0,1,558,2015-01-01
559,2016,194,18807.385621138077,17.104166666666668,33.05,2.068528603833153,3.3504861111111115,18.0,1.3,1.0,1,559,2015-01-01
560,2016,195,21386.99573508496,16.32,31.25,1.914657451788517,2.934618055555555,18.0,1.3,1.0,1,560,2015-01-01
561,2016,196,21528.7767190284,16.92,33.9,2.1098799677038484,3.257274305555556,18.0,1.3,1.0,1,561,2015-01-01
562,2016,197,21537.32812949816,23.68,35.99,2.7319977215784466,4.127916666666667,18.0,1.3,0.0,1,562,2015-01-01
563,2016,198,21827.11711811541,21.72833333333333,38.32,2.761817572334579,2.3046527777777777,18.0,1.3,1.0,1,563,2015-01-01
564,2016,199,18313.100274357355,21.31,35.55,2.519144240994577,1.43875,18.0,1.3,2.0,1,564,2015-01-01
565,2016,200,19749.372742536976,21.85,35.36,2.544843461543701,2.646649305555556,18.0,1.3,1.0,1,565,2015-01-01
566,2016,201,20250.11104444116,25.6425,38.41,3.095191441531386,2.955555555555556,18.0,1.3,1.0,1,566,2015-01-01
567,2016,202,21926.17396784043,22.374166666666667,37.94,2.782939210368341,2.9682465277777776,18.0,1.3,0.0,1,567,2015-01-01
568,2016,203,19774.899809062244,22.08,40.17,2.941030462985018,1.3893055555555556,18.0,1.3,0.0,1,568,2015-01-01
569,2016,204,20476.3953600527,24.48,40.16,3.146931815137008,2.102361111111111,18.0,1.3,0.0,1,569,2015-01-01
570,2016,205,20627.75729342816,19.953333333333333,38.54,2.641036229335259,3.1008854166666664,18.0,1.3,0.0,1,570,2015-01-01
571,2016,206,20531.5024373782,19.4,38.92,2.627861982456533,3.0721180555555554,18.0,1.3,0.0,1,571,2015-01-01
572,2016,207,21023.28189036169,19.606666666666666,37.11,2.5086851687782947,2.1525520833333336,18.0,1.3,0.0,1,572,2015-01-01
573,2016,208,21153.856120030214,18.94833333333333,34.58,2.285599844657087,3.291614583333333,18.0,1.3,0.0,1,573,2015-01-01
574,2016,209,21398.96119121123,18.47,33.29,2.1694845495759134,2.9555208333333334,18.0,1.3,0.0,1,574,2015-01-01
575,2016,210,17911.865803406003,18.29,33.32,2.159875899189982,2.1267881944444444,18.0,1.3,1.0,1,575,2015-01-01
576,2016,211,19348.860896438408,17.076666666666668,31.1,1.9498535594712283,2.7044965277777777,9.180416666666666,1.3,1.0,1,576,2015-01-01
577,2016,212,18078.5077720902,17.01,32.31,2.017721481778516,1.0165104166666667,3.3600000000000003,1.3,1.0,1,577,2015-01-01
578,2016,213,19814.920787425544,20.82,35.09,2.450524455132137,2.462708333333333,5.673333333333333,1.3,0.0,1,578,2015-01-01
579,2016,214,19444.89893408025,20.19,35.52,2.436287370471766,1.4770138888888888,6.272499999999999,1.3,0.0,1,579,2015-01-01
580,2016,215,17239.21186929627,20.22,33.51,2.299179747060456,1.930277777777777,6.905833333333333,1.3,1.0,1,580,2015-01-01
581,2016,216,18885.62432971084,19.8,33.07,2.241753889084777,1.4496701388888888,8.16,1.3,1.0,1,581,2015-01-01
582,2016,217,20209.0256260394,19.69,33.49,2.2623081766566755,1.5337500000000002,8.16,1.3,0.0,1,582,2015-01-01
583,2016,218,21443.071991132623,21.05,33.97,2.3877207006944223,1.5393576388888888,8.16,1.3,0.0,1,583,2015-01-01
584,2016,219,21716.73575719493,21.1,34.54,2.431321432054535,1.3094097222222223,8.16,1.3,0.0,1,584,2015-01-01
585,2016,220,21904.31784809534,21.85,35.96,2.589430304972824,1.6350868055555554,8.16,1.3,0.0,1,585,2015-01-01
586,2016,221,21983.83213692458,22.12,36.6,2.658350759112384,1.4260416666666669,8.16,1.3,0.0,1,586,2015-01-01
587,2016,222,21207.95969667196,21.33083333333333,35.53,2.519205160345048,1.6233854166666668,8.16,1.3,0.0,1,587,2015-01-01
588,2016,223,21540.214049336377,20.94,35.36,2.4784952154830613,1.6818229166666667,8.16,1.3,0.0,1,588,2015-01-01
589,2016,224,21977.655632262373,22.55,35.81,2.6308971080024666,2.076336805555556,8.16,1.3,0.0,1,589,2015-01-01
590,2016,225,21889.406446771784,23.28,36.82,2.7659117700220124,2.010173611111111,8.16,1.3,0.0,1,590,2015-01-01
591,2016,226,21394.24771023587,21.668333333333333,37.26,2.674351848137509,1.75984375,8.16,1.3,0.0,1,591,2015-01-01
592,2016,227,21023.91195854835,21.55,35.56,2.537477650980537,1.4801736111111112,8.16,1.3,1.0,1,592,2015-01-01
593,2016,228,16067.550943880344,21.38,33.22,2.358572999896011,1.612048611111111,8.16,1.3,2.0,1,593,2015-01-01
594,2016,229,21682.4403206565,21.616666666666667,32.19,2.3043607624558016,1.8386631944444445,8.16,1.3,0.0,1,594,2015-01-01
595,2016,230,21677.286153760884,20.82,32.63,2.280343878846259,2.309322916666667,8.16,1.3,0.0,1,595,2015-01-01
596,2016,231,21878.70842688365,19.965,33.42,2.2759905421137243,1.196041666666667,8.16,1.3,0.0,1,596,2015-01-01
597,2016,232,21913.335334089952,17.955,32.73,2.101438077402028,1.3408159722222222,8.16,1.3,0.0,1,597,2015-01-01
598,2016,233,21795.00409349636,17.3,32.42,2.0419470563648487,1.644670138888889,8.16,1.3,0.0,1,598,2015-01-01
599,2016,234,20576.066486741776,17.77,31.57,2.0189267797721366,1.5337847222222225,8.16,1.3,0.0,1,599,2015-01-01
600,2016,235,21060.253851722984,17.9,31.85,2.043774156436372,1.1666145833333337,8.16,1.3,0.0,1,600,2015-01-01
601,2016,236,21164.662938647627,17.749166666666667,32.47,2.072534037224971,1.2890625,8.16,1.3,0.0,1,601,2015-01-01
602,2016,237,20839.12752530066,17.07,32.84,2.053542788460005,2.044982638888889,8.16,1.3,0.0,1,602,2015-01-01
603,2016,238,21420.285572358334,16.96,32.39,2.01952966421235,1.551510416666667,8.16,1.3,0.0,1,603,2015-01-01
604,2016,239,18316.30753796705,18.1,35.93,2.3195112909883613,1.4594270833333334,8.16,1.3,1.0,1,604,2015-01-01
605,2016,240,19785.41380466632,19.4,36.63,2.4591014254101062,2.1513020833333334,8.16,1.3,0.0,1,605,2015-01-01
606,2016,241,18106.73863319077,20.12,34.43,2.355123763126592,1.3203993055555554,8.16,1.3,1.0,1,606,2015-01-01
607,2016,242,18171.711600501403,21.38,35.75,2.538949326991488,1.108385416666667,8.16,1.3,1.0,1,607,2015-01-01
608,2016,243,18897.873811814312,21.91,35.33,2.5470568299002743,1.6820833333333334,8.16,1.3,1.0,1,608,2015-01-01
609,2016,244,19355.950677320903,22.16,34.63,2.5140315904596275,2.044965277777778,8.16,1.3,1.0,1,609,2015-01-01
610,2016,245,14728.89308473112,22.648333333333333,34.43,2.535149015526223,1.7603993055555556,8.16,1.3,2.0,1,610,2015-01-01
611,2016,246,18914.45391120837,17.13,31.9,2.000315050485665,2.4571875,8.16,1.3,1.0,1,611,2015-01-01
612,2016,247,17513.336936735242,16.73,32.53,2.014109352412987,0.9231770833333334,8.16,1.3,1.0,1,612,2015-01-01
613,2016,248,16730.52585206181,18.94,34.01,2.2470425824140503,2.9299479166666664,8.16,1.3,1.0,1,613,2015-01-01
614,2016,249,22000.70666147491,17.9425,34.51,2.2143291373635425,1.9099479166666664,8.16,1.3,0.0,1,614,2015-01-01
615,2016,250,21999.67027768837,16.53,33.68,2.071968759125214,1.577048611111111,8.16,1.3,0.0,1,615,2015-01-01
616,2016,251,19804.408963613336,14.800833333333332,29.68,1.743900350863425,3.0763194444444446,6.82875,1.3,1.0,1,616,2015-01-01
617,2016,252,18698.646489769137,14.084166666666668,28.25,1.6332187910439946,2.566267361111111,6.30625,1.3,1.0,1,617,2015-01-01
618,2016,253,20679.36221912245,13.66,29.81,1.6909919101628987,1.8516145833333333,5.28,1.3,0.0,1,618,2015-01-01
619,2016,254,19496.06544877859,16.540833333333335,31.65,1.9506821459520167,1.878142361111111,5.28,1.3,1.0,1,619,2015-01-01
620,2016,255,18624.225969190345,15.21,30.73,1.822823510858257,1.5072916666666667,5.28,1.3,1.0,1,620,2015-01-01
621,2016,256,18574.27679218772,14.81,30.79,1.804160301776288,1.8603819444444445,5.952916666666667,1.3,1.0,1,621,2015-01-01
622,2016,257,20911.322301248445,13.86,28.73,1.646078775653909,2.6116666666666664,6.48,1.3,0.0,1,622,2015-01-01
623,2016,258,22000.70666147491,17.43,32.01,2.024962693678974,1.3283506944444443,6.48,1.3,0.0,1,623,2015-01-01
624,2016,259,22000.70666147491,16.93,34.08,2.1218112267296605,2.513263888888889,6.48,1.3,0.0,1,624,2015-01-01
625,2016,260,14650.782318024496,16.18,31.62,1.9279352312100453,1.4411284722222222,5.155833333333334,1.3,2.0,1,625,2015-01-01
626,2016,261,14204.670247399454,17.279166666666665,30.78,1.9429929924573883,2.5936631944444444,3.492916666666667,1.3,1.0,1,626,2015-01-01
627,2016,262,21678.564734023494,13.093333333333334,27.47,1.5465863405794529,2.930503472222222,4.32,1.3,0.0,1,627,2015-01-01
628,2016,263,21634.163405920528,12.01,29.39,1.587003516471166,1.1674131944444444,4.32,1.3,0.0,1,628,2015-01-01
629,2016,264,21742.147491342446,13.31,30.99,1.73433045523953,1.2098958333333334,4.32,1.3,0.0,1,629,2015-01-01
630,2016,265,22000.70666147491,15.94,31.24,1.8923252645199211,2.5953819444444446,4.32,1.3,0.0,1,630,2015-01-01
631,2016,266,22000.70666147491,16.02,31.08,1.8877725059511,1.0970833333333332,4.32,1.3,0.0,1,631,2015-01-01
632,2016,267,22000.70666147491,16.93,30.86,1.927356270262402,0.9817881944444444,4.32,1.3,0.0,1,632,2015-01-01
633,2016,268,22000.70666147491,13.611666666666668,29.37,1.6659381253502288,1.6479861111111112,4.32,1.3,0.0,1,633,2015-01-01
634,2016,269,21909.348324624694,11.8,26.74,1.4525426969417723,2.249184027777778,4.32,1.3,0.0,1,634,2015-01-01
635,2016,270,21992.457389239626,11.47,27.03,1.4507351036545433,0.9301736111111112,4.32,1.3,0.0,1,635,2015-01-01
636,2016,271,22000.70666147491,13.61,28.69,1.6315079970395876,1.2759722222222225,4.32,1.3,0.0,1,636,2015-01-01
637,2016,272,22000.70666147491,14.49,28.37,1.6597467574500389,1.4942534722222225,4.32,1.3,0.0,1,637,2015-01-01
638,2016,273,21618.81262483174,8.853333333333333,22.4,1.15399577679083,3.399774305555556,4.32,1.3,0.0,1,638,2015-01-01
639,2016,274,20136.55215773306,8.31,22.27,1.1293409189365622,1.675138888888889,4.210416666666667,1.3,1.0,1,639,2015-01-01
640,2016,275,14789.065428046542,8.548333333333334,20.96,1.0910525676556286,2.339774305555556,5.644166666666667,1.3,3.0,1,640,2015-01-01
641,2016,276,13570.199882692712,7.64,21.03,1.0618991393828758,1.4109548611111111,4.5600000000000005,1.3,2.0,1,641,2015-01-01
642,2016,277,21250.88293310811,9.01,22.9,1.178493521080705,1.0767708333333337,4.5600000000000005,1.3,0.0,1,642,2015-01-01
643,2016,278,21959.7447239255,9.09,24.95,1.261121336080616,0.8183159722222223,4.5600000000000005,1.3,0.0,1,643,2015-01-01
644,2016,279,22000.70666147491,11.13,25.9,1.3856563341577344,0.7611631944444445,4.5600000000000005,1.3,0.0,1,644,2015-01-01
645,2016,280,21863.132679024533,11.7,26.55,1.439482163562868,1.1813541666666667,4.5600000000000005,1.3,0.0,1,645,2015-01-01
646,2016,281,21999.67027768837,11.53,27.53,1.4762213351396944,1.1555034722222224,4.5600000000000005,1.3,0.0,1,646,2015-01-01
647,2016,282,13158.20431525588,10.65,27.76,1.4466752118718635,1.611215277777778,4.5600000000000005,1.3,3.0,1,647,2015-01-01
648,2016,283,21972.47371332968,11.784166666666668,27.74,1.49764204013887,0.7550520833333334,4.5600000000000005,1.3,1.0,1,648,2015-01-01
649,2016,284,19928.5071075459,11.14,26.94,1.4318738520019485,1.120017361111111,4.5600000000000005,1.3,0.0,1,649,2015-01-01
650,2016,285,21429.149296754127,10.57,26.07,1.368825395172426,1.3342013888888888,4.5600000000000005,1.3,2.0,1,650,2015-01-01
651,2016,286,21894.987682661616,10.693333333333332,25.52,1.3506172730651482,1.022326388888889,4.5600000000000005,1.3,1.0,1,651,2015-01-01
652,2016,287,19777.139833590827,8.99,25.26,1.269536078712695,1.894861111111111,4.5600000000000005,1.3,1.0,1,652,2015-01-01
653,2016,288,22000.70666147491,9.81,24.47,1.2707421901323412,2.4252083333333334,4.5600000000000005,1.3,0.0,1,653,2015-01-01
654,2016,289,18562.645708724795,10.879166666666666,23.42,1.2715132866143946,1.6198263888888889,4.5600000000000005,1.3,1.0,1,654,2015-01-01
655,2016,290,21960.95940072764,9.07,22.15,1.152764230955658,1.5005208333333333,4.5600000000000005,1.3,1.0,1,655,2015-01-01
656,2016,291,21961.380319313204,8.165,23.25,1.1599851497506273,1.3988715277777777,4.5600000000000005,1.3,0.0,1,656,2015-01-01
657,2016,292,7898.86798539657,7.35,16.9,0.9192081260484466,1.9546354166666668,4.4725,1.3,5.0,1,657,2015-01-01
658,2016,293,18319.750413804148,5.66,18.94,0.9298584128679352,1.2597222222222222,3.12,1.3,1.0,1,658,2015-01-01
659,2016,294,13479.013608646555,6.5,20.49,1.0055260822614338,1.2486631944444444,3.12,1.3,2.0,1,659,2015-01-01
660,2016,295,17126.426001939773,5.8966666666666665,19.38,0.950756640131368,1.8964756944444447,3.12,1.3,3.0,1,660,2015-01-01
661,2016,296,17264.340078368237,5.82,18.11,0.9095646302095256,1.765954861111111,3.12,1.3,2.0,1,661,2015-01-01
662,2016,297,21835.389298134152,5.56,18.63,0.9173931606302124,0.9713368055555556,3.12,1.3,0.0,1,662,2015-01-01
663,2016,298,19924.011910449604,5.7,18.42,0.9152796796483992,1.1709895833333333,3.2883333333333336,1.3,2.0,1,663,2015-01-01
664,2016,299,15959.879433362288,7.5,13.47,0.824490116563459,1.2239409722222223,5.812083333333333,1.3,5.0,1,664,2015-01-01
665,2016,300,16198.132041822091,8.41,17.92,0.984108782881968,3.957986111111111,8.785833333333334,1.3,4.0,1,665,2015-01-01
666,2016,301,21051.539151490226,11.29,20.62,1.1784935210807048,1.4064236111111112,8.16,1.3,1.0,1,666,2015-01-01
667,2016,302,12181.802509792476,10.27,18.89,1.0788549726622243,0.8865104166666666,8.16,1.3,4.0,1,667,2015-01-01
668,2016,303,15199.01281882028,11.29,19.88,1.1509190723662035,0.7471354166666667,3.9700000000000006,1.3,4.0,1,668,2015-01-01
669,2016,304,19064.662477805417,10.54,20.79,1.156832709946629,0.9664236111111112,2.4000000000000004,1.3,1.0,1,669,2015-01-01
670,2016,305,17119.38023354277,10.42,20.4,1.1380752941612355,1.5819444444444446,4.491666666666666,1.3,2.0,1,670,2015-01-01
671,2016,306,20894.183385727505,12.62,23.9,1.3636827734884949,3.1032118055555555,6.771249999999999,1.3,1.0,1,671,2015-01-01
672,2016,307,12216.439477065293,1.5675,19.75,0.8341010357655434,2.099079861111111,7.760416666666667,1.3,4.0,1,672,2015-01-01
673,2016,308,21986.701803163,0.18,14.08,0.6570439591435353,2.149982638888889,6.24,1.3,1.0,1,673,2015-01-01
674,2016,309,19265.49469958317,3.32,15.35,0.7632966284467207,1.83921875,6.24,1.3,0.0,1,674,2015-01-01
675,2016,310,20390.800239568704,4.69,18.02,0.8736090587966053,0.8794791666666666,6.24,1.3,1.0,1,675,2015-01-01
676,2016,311,12620.127216834991,7.014166666666667,15.4,0.8650808099662065,1.2853993055555557,7.69875,1.3,4.0,1,676,2015-01-01
677,2016,312,12323.225110457872,3.49,13.25,0.7150676696805512,0.9701215277777776,5.057083333333334,1.3,3.0,1,677,2015-01-01
678,2016,313,22000.70666147491,0.6916666666666667,15.91,0.7117162226210525,1.5097569444444443,2.88,1.3,0.0,1,678,2015-01-01
679,2016,314,22000.70666147491,0.68,16.24,0.7194493796626682,0.5265972222222222,2.88,1.3,0.0,1,679,2015-01-01
680,2016,315,21724.627728963584,2.21,17.99,0.8035400895806961,0.8533854166666667,2.88,1.3,1.0,1,680,2015-01-01
681,2016,316,16934.057954525455,6.11,20.63,0.9973658228224762,1.104982638888889,2.88,1.3,2.0,1,681,2015-01-01
682,2016,317,21451.160580424526,5.76,20.81,0.991850100578495,0.58078125,2.88,1.3,2.0,1,682,2015-01-01
683,2016,318,10288.822708043206,5.6,18.65,0.9192081260484466,1.3802430555555556,2.88,1.3,5.0,1,683,2015-01-01
684,2016,319,19913.954234177163,6.85,20.86,1.0293559294225485,0.9117013888888889,2.88,1.3,4.0,1,684,2015-01-01
685,2016,320,4639.157614099653,7.37,20.27,1.0270175939950368,0.9772395833333332,2.88,1.3,7.0,1,685,2015-01-01
686,2016,321,4411.882624030932,9.67,18.57,1.0472125742753673,2.1452430555555555,2.88,1.3,7.0,1,686,2015-01-01
687,2016,322,5440.159672531613,10.08,18.03,1.0428076754584004,3.7001388888888886,2.88,1.3,6.0,1,687,2015-01-01
688,2016,323,17097.433839504884,1.8283333333333331,18.2,0.7989337376238176,1.9269444444444448,2.88,1.3,1.0,1,688,2015-01-01
689,2016,324,21398.15155268097,-0.34,10.94,0.5789861146441849,2.585208333333333,2.88,1.3,1.0,1,689,2015-01-01
690,2016,325,5378.594803714424,-0.2208333333333333,7.79,0.5206582137026943,2.246909722222222,2.540833333333333,1.3,7.0,1,690,2015-01-01
691,2016,326,13884.698569312068,-2.95,5.79,0.4399738868536106,1.98515625,2.4000000000000004,1.3,5.0,1,691,2015-01-01
692,2016,327,12772.68196109659,-7.229999999999999,2.19,0.3298440381095278,2.4007638888888887,2.4000000000000004,1.3,4.0,1,692,2015-01-01
693,2016,328,19004.38272655056,-8.861666666666666,-0.33,0.2822828679490784,3.1902951388888887,2.4000000000000004,1.3,1.0,1,693,2015-01-01
694,2016,329,21118.120567588398,-9.67,-0.37,0.2733491856708634,1.7987499999999998,2.4000000000000004,1.3,0.0,1,694,2015-01-01
695,2016,330,22000.70666147491,-11.37,4.33,0.3061129489479089,1.3042534722222223,2.4000000000000004,1.3,0.0,1,695,2015-01-01
696,2016,331,22000.70666147491,-7.39,5.71,0.3733949647179039,2.485902777777778,2.4000000000000004,1.3,0.0,1,696,2015-01-01
697,2016,332,22000.70666147491,-4.74,7.69,0.4417171420405221,1.598263888888889,2.4000000000000004,1.3,0.0,1,697,2015-01-01
698,2016,333,21993.493773026166,-1.51,9.59,0.5301098217839405,1.0032118055555557,2.4000000000000004,1.3,0.0,1,698,2015-01-01
699,2016,334,22000.70666147491,-0.39,12.05,0.6007044042103024,0.829045138888889,2.4000000000000004,1.3,0.0,1,699,2015-01-01
700,2016,335,19235.44834402885,1.59,12.3,0.6487526839490155,1.668107638888889,2.4000000000000004,1.3,3.0,1,700,2015-01-01
701,2016,336,3898.784116182329,4.23,9.86,0.6532229367841921,3.88703125,7.411666666666666,1.3,8.0,1,701,2015-01-01
702,2016,337,6579.8853434736575,5.768333333333333,8.79,0.663797082254395,4.3446875,14.299583333333333,1.3,7.0,1,702,2015-01-01
703,2016,338,20153.28923374344,2.585,12.94,0.686100520058022,1.4584374999999998,10.32,1.3,1.0,1,703,2015-01-01
704,2016,339,18403.504486713868,0.48,14.21,0.6667969004814046,0.8928472222222221,10.32,1.3,2.0,1,704,2015-01-01
705,2016,340,18468.96190175029,2.27,13.8,0.6989636789593897,1.703246527777778,8.973333333333334,1.3,3.0,1,705,2015-01-01
706,2016,341,10268.27785704764,-4.711666666666666,10.19,0.4835043752500468,1.4975868055555557,9.836666666666666,1.3,5.0,1,706,2015-01-01
707,2016,342,22000.70666147491,-6.08,8.93,0.4401321130374273,0.9562326388888888,10.32,1.3,0.0,1,707,2015-01-01
708,2016,343,5886.4494350792265,-2.79,7.49,0.4702835016950699,1.88515625,10.32,1.3,6.0,1,708,2015-01-01
709,2016,344,21780.40712573413,-4.21,5.07,0.4096176631154151,1.916180555555556,10.32,1.3,1.0,1,709,2015-01-01
710,2016,345,21964.600421174157,-2.61,7.73,0.4773774659049496,0.9357118055555556,10.32,1.3,1.0,1,710,2015-01-01
711,2016,346,19788.891240832472,-1.1666666666666663,8.03,0.5078434060654088,1.4578819444444444,4.3025,1.3,2.0,1,711,2015-01-01
712,2016,347,21994.530156812707,-2.67,8.48,0.4892370876807367,1.889895833333333,3.12,1.3,1.0,1,712,2015-01-01
713,2016,348,8974.932628519447,-0.34,9.62,0.5529104469596238,2.403559027777778,3.12,1.3,4.0,1,713,2015-01-01
714,2016,349,20772.47940267897,0.66,10.65,0.5934551926264521,2.9438194444444448,3.0708333333333333,1.3,1.0,1,714,2015-01-01
715,2016,350,14012.834890069062,-1.93,5.5,0.4516573672501419,2.345763888888889,7.273750000000001,1.3,3.0,1,715,2015-01-01
716,2016,351,17023.68488004019,-2.13,4.54,0.4332175229407881,1.2863194444444443,3.3600000000000003,1.3,3.0,1,716,2015-01-01
717,2016,352,12594.071878121986,-4.736666666666666,6.78,0.4275288706635524,1.0906250000000002,3.3600000000000003,1.3,4.0,1,717,2015-01-01
718,2016,353,17474.945572357345,-6.63,2.68,0.3434514004557772,1.5270486111111112,3.3600000000000003,1.3,2.0,1,718,2015-01-01
719,2016,354,17492.400467774754,-4.15,4.04,0.3954336418338839,3.296423611111111,3.3600000000000003,1.3,4.0,1,719,2015-01-01
720,2016,355,13558.408667096195,-4.32,4.73,0.402982477267151,1.631822916666667,3.3600000000000003,1.3,4.0,1,720,2015-01-01
721,2016,356,19583.669872910865,-5.39,5.5,0.3986119825368328,0.8022395833333333,3.3600000000000003,1.3,1.0,1,721,2015-01-01
722,2016,357,9692.750220994494,-3.630833333333333,6.61,0.4421803910862335,1.0521874999999998,3.3600000000000003,1.3,6.0,1,722,2015-01-01
723,2016,358,21983.83213692458,-4.42,6.45,0.4273232603452402,0.8472222222222222,3.3600000000000003,1.3,0.0,1,723,2015-01-01
724,2016,359,3760.058984367724,-3.26,4.81,0.4199792418273714,2.2846527777777776,6.0475,1.3,6.0,1,724,2015-01-01
725,2016,360,3695.21507878856,2.46,5.38,0.525650575192478,2.680381944444444,15.877083333333337,1.3,7.0,1,725,2015-01-01
726,2016,361,9844.13182041138,0.18,7.43,0.5214082194544272,1.4597916666666668,3.6,1.3,6.0,1,726,2015-01-01
727,2016,362,3739.1078746819967,-0.38,4.565,0.4617121174169082,1.974809027777778,9.700833333333332,1.3,8.0,1,727,2015-01-01
728,2016,363,14986.470967547666,-2.9,6.24,0.4479470476311507,1.7699652777777777,8.424166666666666,1.3,3.0,1,728,2015-01-01
729,2016,364,14439.121554206798,-3.05,8.63,0.4852553023646834,1.988784722222222,6.48,1.3,3.0,1,729,2015-01-01
730,2016,365,19949.245438055532,1.21,11.83,0.6300532827773128,0.5955902777777777,6.48,1.3,3.0,1,730,2015-01-01
731,2016,366,10763.393806849785,5.12,10.75,0.694218807579173,1.9378819444444444,6.48,1.3,4.0,1,731,2015-01-01
732,2017,1,4761.425667749317,1.6858333333333333,10.98,0.6219735407909153,1.1077083333333333,6.206250000000001,1.3,5.0,1,732,2015-01-01
733,2017,2,21826.547468481363,0.7866666666666666,8.89,0.5606352182674423,1.7395659722222223,5.76,1.3,1.0,1,733,2015-01-01
734,2017,3,22000.70666147491,-2.27,7.45,0.4783985636808638,1.2133506944444443,5.76,1.3,0.0,1,734,2015-01-01
735,2017,4,21441.73447953498,-4.439166666666667,6.71,0.4310505941557982,0.9918229166666666,5.76,1.3,0.0,1,735,2015-01-01
736,2017,5,22000.70666147491,-6.96,7.53,0.4053306861249968,1.1318923611111111,5.76,1.3,0.0,1,736,2015-01-01
737,2017,6,22000.70666147491,-4.03,8.5,0.4664382949649117,0.7364756944444444,5.76,1.3,0.0,1,737,2015-01-01
738,2017,7,22000.70666147491,-3.32,8.83,0.4840491469277941,0.94265625,5.76,1.3,0.0,1,738,2015-01-01
739,2017,8,21981.56168228733,-1.71,9.38,0.522511998165391,0.8893923611111111,5.76,1.3,0.0,1,739,2015-01-01
740,2017,9,19038.535066103344,-1.87,9.14,0.5151922469370643,2.200451388888889,5.643750000000001,1.3,1.0,1,740,2015-01-01
741,2017,10,19210.14364044705,0.8825,10.39,0.592683083924762,0.9853645833333334,4.025,1.3,1.0,1,741,2015-01-01
742,2017,11,18286.88600383044,0.08,10.44,0.5773754561751416,0.5850694444444444,3.6,1.3,3.0,1,742,2015-01-01
743,2017,12,21792.198704004528,-3.01,9.57,0.5024222873742116,0.9830208333333332,3.6,1.3,1.0,1,743,2015-01-01
744,2017,13,20919.567948133223,-2.78,6.41,0.4526297300851195,0.7493229166666667,3.6,1.3,1.0,1,744,2015-01-01
745,2017,14,21302.732657634788,-5.05,5.04,0.3968755534666019,1.888472222222222,3.6,1.3,3.0,1,745,2015-01-01
746,2017,15,4636.11538611411,-4.09,4.12,0.3974536185459161,1.3155381944444444,3.6,1.3,7.0,1,746,2015-01-01
747,2017,16,18343.92795144397,-1.4483333333333333,7.22,0.4885714605716628,1.2417361111111112,3.6,1.3,2.0,1,747,2015-01-01
748,2017,17,14513.43416454168,-2.46,8.9,0.5002918092375734,0.7141666666666667,3.6,1.3,4.0,1,748,2015-01-01
749,2017,18,14594.814034542664,-1.43,8.08,0.5040253967869062,0.93859375,3.6,1.3,4.0,1,749,2015-01-01
750,2017,19,21811.06109385885,-1.44,8.35,0.508681989853352,1.039704861111111,3.6,1.3,0.0,1,750,2015-01-01
751,2017,20,18369.5987740189,-1.15,7.92,0.50616989775956,0.9178298611111112,3.73125,1.3,3.0,1,751,2015-01-01
752,2017,21,5435.135191558264,0.7,5.11,0.4892370876807367,0.5794444444444444,8.45875,1.3,6.0,1,752,2015-01-01
753,2017,22,9026.60226897379,-3.47,5.71,0.4305717942632265,0.9578125,5.79625,1.3,4.0,1,753,2015-01-01
754,2017,23,21886.14542391492,-6.18,3.77,0.3635230440160137,1.7469270833333337,2.88,1.3,1.0,1,754,2015-01-01
755,2017,24,14797.795416419547,-6.83,3.49,0.3512813807840039,1.283402777777778,2.88,1.3,2.0,1,755,2015-01-01
756,2017,25,13206.647857146723,-5.18,4.62,0.3890022016547007,1.8708854166666664,5.4245833333333335,1.3,4.0,1,756,2015-01-01
757,2017,26,6638.844617364052,2.53,8.51,0.5879157425649308,1.9405381944444444,20.10375,1.3,7.0,1,757,2015-01-01
758,2017,27,4942.994444705693,0.78,2.97,0.4545800046632139,1.5187326388888889,14.452916666666663,1.3,7.0,1,758,2015-01-01
759,2017,28,8308.394362191162,-1.6,4.67,0.443625831953569,2.097118055555556,19.40375,1.3,5.0,1,759,2015-01-01
760,2017,29,15253.58207986166,-6.26,1.37,0.3316878222513268,1.0565798611111112,40.32,1.3,3.0,1,760,2015-01-01
761,2017,30,21349.628082117037,-7.2,1.86,0.3261836732421746,1.0068055555555555,40.32,1.3,1.0,1,761,2015-01-01
762,2017,31,6341.871548500232,-2.35,4.62,0.4310376474348044,2.2332638888888887,39.61416666666666,1.3,6.0,1,762,2015-01-01
763,2017,32,11261.649778750763,-3.195,4.77,0.420358970847334,1.3134375,6.840833333333333,1.3,5.0,1,763,2015-01-01
764,2017,33,11051.003090070575,-8.25,-1.61,0.275223503371001,2.521545138888889,8.64,1.3,4.0,1,764,2015-01-01
765,2017,34,21998.63389390183,-8.9,0.89,0.2951579793467768,1.88390625,8.64,1.3,0.0,1,765,2015-01-01
766,2017,35,21988.27005603644,-9.06,2.33,0.3096891796227571,0.7678125,8.64,1.3,0.0,1,766,2015-01-01
767,2017,36,12150.040942868349,-6.63,3.14,0.3493414706074711,1.2169618055555556,8.64,1.3,4.0,1,767,2015-01-01
768,2017,37,18475.390518424832,-2.55,6.39,0.4560475777876542,0.9222569444444444,8.64,1.3,1.0,1,768,2015-01-01
769,2017,38,22000.70666147491,-4.76,7.25,0.4344675346567914,1.2312673611111111,8.64,1.3,0.0,1,769,2015-01-01
770,2017,39,21570.23988707629,-2.68,8.4,0.4876755759712905,1.7303125,8.64,1.3,0.0,1,770,2015-01-01
771,2017,40,4095.467848774239,0.77,6.53,0.5157380723937639,0.9961111111111112,8.640416666666667,1.3,8.0,1,771,2015-01-01
772,2017,41,19757.655967535367,-4.300833333333333,5.71,0.4178457606909176,1.5163888888888888,11.28,1.3,2.0,1,772,2015-01-01
773,2017,42,5332.368734827729,-5.55,3.38,0.3667428169710885,0.7007986111111112,11.28,1.3,7.0,1,773,2015-01-01
774,2017,43,6912.925997790965,-0.67,2.61,0.4259376748396415,1.52765625,9.683333333333332,1.3,7.0,1,774,2015-01-01
775,2017,44,5980.43441233097,-3.0716666666666668,0.26,0.3581903246260113,1.2971527777777778,9.36,1.3,7.0,1,775,2015-01-01
776,2017,45,19802.68316525254,-3.35,2.75,0.3884350202436276,1.0399826388888889,9.36,1.3,1.0,1,776,2015-01-01
777,2017,46,12781.384744556904,-1.73,4.68,0.4417171420405221,3.2960416666666665,9.014583333333333,1.3,4.0,1,777,2015-01-01
778,2017,47,13835.532959970558,-0.0016666666666667,6.51,0.501504018556995,1.2797743055555555,6.585416666666666,1.3,5.0,1,778,2015-01-01
779,2017,48,6118.133270879814,-5.78,2.05,0.3462573315406501,2.052326388888889,3.6,1.3,6.0,1,779,2015-01-01
780,2017,49,18991.15737227951,-9.34,-0.15,0.279112089386643,1.9690625,3.6,1.3,2.0,1,780,2015-01-01
781,2017,50,22000.70666147491,-9.12,2.24,0.3079541503426773,1.0692881944444443,3.6,1.3,0.0,1,781,2015-01-01
782,2017,51,22000.70666147491,-5.34,4.54,0.3856100686874451,0.9956597222222222,3.6,1.3,0.0,1,782,2015-01-01
783,2017,52,21961.4494717575,-4.82,5.94,0.4134951844438598,1.0386631944444444,3.6,1.3,0.0,1,783,2015-01-01
784,2017,53,22000.70666147491,-4.28,6.46,0.429641422418403,0.9807638888888888,3.6,1.3,0.0,1,784,2015-01-01
785,2017,54,14020.81215663483,-2.29,6.8,0.4671050253655666,0.7842881944444444,3.6,1.3,2.0,1,785,2015-01-01
786,2017,55,22000.70666147491,-3.48,9.13,0.4864641103770806,1.1050347222222223,3.6,1.3,0.0,1,786,2015-01-01
787,2017,56,22000.70666147491,-0.72,10.94,0.5713706124967257,1.4629513888888888,3.6,1.3,0.0,1,787,2015-01-01
788,2017,57,22000.70666147491,-3.595,12.29,0.541689329489794,1.0727777777777776,3.6,1.3,0.0,1,788,2015-01-01
789,2017,58,21386.17809297901,-3.66,10.18,0.5017112400021139,0.9763715277777778,3.6,1.3,1.0,1,789,2015-01-01
790,2017,59,20885.909590995005,-0.22,12.9,0.6222777842904043,0.9872743055555556,3.6,1.3,0.0,1,790,2015-01-01
791,2017,60,20831.5751559714,0.79,12.86,0.6434239650040806,1.3194791666666663,3.6,1.3,2.0,1,791,2015-01-01
792,2017,61,3731.867631845989,4.31,10.75,0.6752907765868653,2.073871527777777,3.6229166666666655,1.3,7.0,1,792,2015-01-01
793,2017,62,15683.130065204994,4.09,9.49,0.6418770355213512,1.17609375,5.608750000000001,1.3,3.0,1,793,2015-01-01
794,2017,63,9780.902285409427,3.64,10.85,0.6622449042698837,0.7034375,5.074166666666667,1.3,4.0,1,794,2015-01-01
795,2017,64,16935.64223776745,-0.33,8.23,0.5267622728218179,2.4498611111111117,6.0,1.3,4.0,1,795,2015-01-01
796,2017,65,7650.38836433529,-0.8716666666666666,4.75,0.4566739249541163,1.1642361111111112,4.504166666666666,1.3,5.0,1,796,2015-01-01
797,2017,66,17239.66681075038,-1.76,8.26,0.5013560494921371,0.8601736111111111,3.6,1.3,1.0,1,797,2015-01-01
798,2017,67,19072.409279148727,-0.99,9.59,0.5398861834714468,0.7004513888888888,3.6,1.3,1.0,1,798,2015-01-01
799,2017,68,21178.20511360021,-1.39,11.03,0.5599171935146969,1.225954861111111,3.6,1.3,1.0,1,799,2015-01-01
800,2017,69,21988.774570736077,-2.3,12.91,0.5791877252095009,1.4199652777777778,3.6,1.3,0.0,1,800,2015-01-01
801,2017,70,5751.47074377013,4.88,12.02,0.7189613589494692,3.6939409722222223,5.90625,1.3,5.0,1,801,2015-01-01
802,2017,71,20771.340268217245,3.9,14.53,0.7571475310050615,1.3153125,8.170833333333333,1.3,1.0,1,802,2015-01-01
803,2017,72,3909.744958069034,4.37,12.15,0.7097441544076452,1.911875,7.122916666666667,1.3,6.0,1,803,2015-01-01
804,2017,73,16808.95901016374,3.54,11.95,0.685281614422998,2.163038194444445,3.80375,1.3,4.0,1,804,2015-01-01
805,2017,74,18754.29297553381,1.93,14.26,0.7018242840582439,0.8218402777777778,4.32,1.3,1.0,1,805,2015-01-01
806,2017,75,6449.0966367755145,5.23,14.12,0.780958281509898,2.496753472222222,8.278333333333332,1.3,6.0,1,806,2015-01-01
807,2017,76,15694.843278618382,4.69,12.52,0.7265585134791882,0.9281770833333334,3.905,1.3,1.0,1,807,2015-01-01
808,2017,77,9932.26136296749,4.5,13.15,0.7374628451825166,1.9176909722222224,2.4000000000000004,1.3,6.0,1,808,2015-01-01
809,2017,78,3869.814957702364,6.65,13.17,0.7933747046338451,1.6873263888888888,6.483333333333333,1.3,8.0,1,809,2015-01-01
810,2017,79,16191.529918731558,4.44,12.81,0.7275439189539374,1.3171875000000002,3.7066666666666666,1.3,3.0,1,810,2015-01-01
811,2017,80,7232.118882833326,2.9625,9.4,0.6154905208622456,1.731666666666667,6.417083333333334,1.3,5.0,1,811,2015-01-01
812,2017,81,10977.75787370408,2.28,8.97,0.59222024383953,1.7702777777777776,5.580416666666667,1.3,6.0,1,812,2015-01-01
813,2017,82,3679.752918104529,3.4991666666666665,6.7,0.5709556617089824,1.9623784722222224,18.034166666666668,1.3,8.0,1,813,2015-01-01
814,2017,83,6399.945352868695,-2.080833333333333,4.98,0.4409107898990027,2.1191319444444443,9.777916666666666,1.3,6.0,1,814,2015-01-01
815,2017,84,10702.696314392657,-2.22,6.88,0.4696127661746029,1.6817013888888888,5.5200000000000005,1.3,4.0,1,815,2015-01-01
816,2017,85,18693.97028122201,-0.81,12.16,0.594279752332533,1.138871527777778,3.8050000000000006,1.3,1.0,1,816,2015-01-01
817,2017,86,20128.86882183676,4.17,15.11,0.7791237257579612,1.1653819444444444,2.5454166666666667,1.3,1.0,1,817,2015-01-01
818,2017,87,4787.293917813408,6.69,15.83,0.8681233185747671,0.7788888888888889,2.4000000000000004,1.3,5.0,1,818,2015-01-01
819,2017,88,18915.1965320393,5.3675,16.17,0.8402364278199123,1.643298611111111,3.1429166666666664,1.3,1.0,1,819,2015-01-01
820,2017,89,15820.35939280663,4.91,17.14,0.8546831737949011,1.5196006944444445,3.21625,1.3,3.0,1,820,2015-01-01
821,2017,90,7920.861505868941,7.581666666666667,18.24,0.967887155182892,0.9111631944444444,5.19375,1.3,5.0,1,821,2015-01-01
822,2017,91,12705.190434290307,6.94,16.38,0.8914275990688137,0.9701215277777776,13.885416666666666,1.3,5.0,1,822,2015-01-01
823,2017,92,4337.732271545301,3.099166666666666,13.98,0.7233436147582742,1.573142361111111,8.854166666666666,1.3,6.0,1,823,2015-01-01
824,2017,93,5289.286444571938,-0.7875,5.94,0.4779303214052579,2.1242881944444445,8.253333333333334,1.3,7.0,1,824,2015-01-01
825,2017,94,15866.857844815351,-1.1,8.78,0.5226961615820187,2.54171875,4.800000000000001,1.3,2.0,1,825,2015-01-01
826,2017,95,22000.70666147491,-0.66,15.96,0.6808511242997444,1.321857638888889,4.800000000000001,1.3,0.0,1,826,2015-01-01
827,2017,96,21941.04620778072,3.36,17.01,0.8081247162854136,1.765763888888889,4.800000000000001,1.3,0.0,1,827,2015-01-01
828,2017,97,11088.617981857831,6.63,16.3,0.8799990005894324,1.305902777777778,6.295,1.3,3.0,1,828,2015-01-01
829,2017,98,14245.702090380204,7.25,19.56,0.999644815647306,1.2583506944444445,7.680000000000001,1.3,4.0,1,829,2015-01-01
830,2017,99,7754.22032618893,10.89,16.46,1.017379782794057,1.6233333333333333,5.5375,1.3,6.0,1,830,2015-01-01
831,2017,100,5618.275442008392,10.88,21.2,1.1849093667153283,1.959392361111111,5.072916666666667,1.3,7.0,1,831,2015-01-01
832,2017,101,5134.643175027076,11.08,20.82,1.178117068374745,1.4467708333333331,4.196666666666667,1.3,6.0,1,832,2015-01-01
833,2017,102,3744.776724195786,9.27,17.95,1.013085211050845,0.8034722222222223,6.777916666666667,1.3,8.0,1,833,2015-01-01
834,2017,103,6881.121142750395,9.1,21.12,1.1163495496985585,2.460208333333333,5.308333333333334,1.3,7.0,1,834,2015-01-01
835,2017,104,3668.8572111522312,14.76,23.45,1.4376887979669983,3.195954861111111,5.50625,1.3,8.0,1,835,2015-01-01
836,2017,105,3666.7844435791512,11.601666666666668,17.06,1.0616128082038434,1.8192361111111115,7.896249999999999,1.3,8.0,1,836,2015-01-01
837,2017,106,16692.673785575793,8.875833333333333,18.54,1.0195606851322672,1.6760243055555557,5.768750000000001,1.3,3.0,1,837,2015-01-01
838,2017,107,21628.028270221446,7.65,20.68,1.050271673932511,0.904201388888889,7.92,1.3,0.0,1,838,2015-01-01
839,2017,108,20621.15416773894,12.14,22.65,1.2914001915827835,1.1093055555555555,7.92,1.3,1.0,1,839,2015-01-01
840,2017,109,18321.01103850129,8.43,20.05,1.0553875967354398,2.7638541666666665,4.23375,1.3,2.0,1,840,2015-01-01
841,2017,110,19321.809276622567,6.96,20.78,1.030359502341478,1.8269444444444445,4.74875,1.3,1.0,1,841,2015-01-01
842,2017,111,21379.156237410785,10.3,21.59,1.17774072106312,1.277482638888889,6.48,1.3,0.0,1,842,2015-01-01
843,2017,112,21062.870249524884,10.59,26.55,1.3904361470351492,0.9018923611111112,6.48,1.3,0.0,1,843,2015-01-01
844,2017,113,17088.41544659501,13.54,26.06,1.5011673621690091,3.4841666666666664,6.48,1.3,3.0,1,844,2015-01-01
845,2017,114,6437.407669567235,13.674166666666668,24.02,1.4147363786184717,1.5978819444444443,7.615833333333334,1.3,6.0,1,845,2015-01-01
846,2017,115,7093.235587977539,6.447500000000001,21.87,1.0498463307357189,1.8460763888888887,11.88125,1.3,4.0,1,846,2015-01-01
847,2017,116,17897.407185239917,4.98,16.1,0.8275218363256516,2.9246527777777778,5.567916666666666,1.3,3.0,1,847,2015-01-01
848,2017,117,5455.217673844072,5.45,17.67,0.8855505959224266,1.68140625,4.891666666666666,1.3,6.0,1,848,2015-01-01
849,2017,118,11705.521724912138,10.15,20.08,1.1167086439106102,3.0608854166666664,6.088749999999999,1.3,5.0,1,849,2015-01-01
850,2017,119,8249.634784967524,11.51,20.05,1.1653802222762062,3.319826388888889,7.980416666666666,1.3,6.0,1,850,2015-01-01
851,2017,120,14111.153605040336,12.53,21.86,1.275173189157352,1.1566145833333334,2.9408333333333334,1.3,4.0,1,851,2015-01-01
852,2017,121,5879.435172866059,12.76,24.12,1.3791615845395746,0.9563194444444444,2.64,1.3,5.0,1,852,2015-01-01
853,2017,122,4195.534263117644,12.69,23.76,1.3606907271119504,1.595503472222222,2.64,1.3,7.0,1,853,2015-01-01
854,2017,123,9208.190832360257,13.03,20.5,1.240888606861564,1.6789062499999998,5.026666666666667,1.3,3.0,1,854,2015-01-01
855,2017,124,5133.285105251381,12.49,19.32,1.1747337337607389,1.8919444444444444,7.470000000000001,1.3,6.0,1,855,2015-01-01
856,2017,125,8431.17266051848,11.425833333333332,20.94,1.1957658115511312,1.6546875,9.704583333333334,1.3,5.0,1,856,2015-01-01
857,2017,126,10009.55843479252,11.39,20.31,1.170610113773222,1.4313541666666667,5.803333333333334,1.3,5.0,1,857,2015-01-01
858,2017,127,18642.73170474724,13.23,22.62,1.3352794236245595,1.3229340277777777,2.88,1.3,3.0,1,858,2015-01-01
859,2017,128,17948.33200864001,14.1,24.5,1.4552577810389853,1.9823090277777775,4.369583333333334,1.3,3.0,1,859,2015-01-01
860,2017,129,19056.74616779948,13.524166666666666,26.72,1.5314070656494854,1.2228819444444443,6.0,1.3,0.0,1,860,2015-01-01
861,2017,130,21752.93925089945,13.06,26.83,1.5147158448628213,1.17609375,6.0,1.3,1.0,1,861,2015-01-01
862,2017,131,19787.296888750912,13.46,28.99,1.6390304720928015,1.0599826388888889,6.0,1.3,1.0,1,862,2015-01-01
863,2017,132,7008.815148173536,13.03,27.17,1.5293168338435716,1.6107118055555556,5.003333333333334,1.3,6.0,1,863,2015-01-01
864,2017,133,17258.88872649031,12.37,25.82,1.436792848398711,1.6400520833333332,6.120416666666667,1.3,2.0,1,864,2015-01-01
865,2017,134,19737.87523054676,12.59,27.57,1.527425946841789,0.9982986111111112,6.720000000000001,1.3,1.0,1,865,2015-01-01
866,2017,135,20705.33526640587,15.83,27.81,1.6997906116439148,0.9995486111111112,6.720000000000001,1.3,0.0,1,866,2015-01-01
867,2017,136,19546.88892441026,14.24,28.78,1.667893006127946,2.034861111111111,6.720000000000001,1.3,0.0,1,867,2015-01-01
868,2017,137,21743.78087915029,11.880833333333332,26.9,1.4634676146778571,3.1083333333333334,6.720000000000001,1.3,0.0,1,868,2015-01-01
869,2017,138,17685.710538760155,11.62,27.7,1.4881867507384683,1.3506944444444444,6.720000000000001,1.3,1.0,1,869,2015-01-01
870,2017,139,20136.21441612137,15.69,30.29,1.8250302238086944,1.3126909722222222,6.720000000000001,1.3,1.0,1,870,2015-01-01
871,2017,140,10237.828375615783,19.5,31.57,2.125591192000625,2.382083333333333,6.720000000000001,1.3,2.0,1,871,2015-01-01
872,2017,141,13773.512229221038,13.76,28.29,1.6190375722717614,3.0585416666666667,4.7995833333333335,1.3,2.0,1,872,2015-01-01
873,2017,142,22000.70666147491,13.07,25.83,1.4688999012409358,2.035607638888889,4.08,1.3,0.0,1,873,2015-01-01
874,2017,143,11311.969980298396,15.12,28.1,1.678124925589353,1.1780729166666668,4.08,1.3,2.0,1,874,2015-01-01
875,2017,144,17226.341586534003,17.04416666666667,29.78,1.8721481898720576,2.540225694444445,4.08,1.3,1.0,1,875,2015-01-01
876,2017,145,22000.70666147491,15.96,28.67,1.7518290905210177,1.990190972222222,4.08,1.3,0.0,1,876,2015-01-01
877,2017,146,22000.70666147491,16.66,29.69,1.8455531292173628,1.2334548611111111,4.08,1.3,0.0,1,877,2015-01-01
878,2017,147,19542.312415846165,18.24,31.18,2.023754253453255,1.0626909722222222,4.08,1.3,0.0,1,878,2015-01-01
879,2017,148,11814.93382416828,17.498333333333335,31.26,1.984127989641543,2.3386631944444445,4.08,1.3,2.0,1,879,2015-01-01
880,2017,149,21993.493773026166,14.73,29.11,1.7101932047000576,3.433784722222222,4.08,1.3,0.0,1,880,2015-01-01
881,2017,150,21689.868928255164,14.69,31.0,1.809084254185028,1.584392361111111,4.08,1.3,0.0,1,881,2015-01-01
882,2017,151,22000.70666147491,16.98,32.09,2.0027081232525576,1.6110763888888888,4.08,1.3,0.0,1,882,2015-01-01
883,2017,152,22000.70666147491,15.070833333333333,30.22,1.7873346338842917,3.1102256944444444,4.08,1.3,0.0,1,883,2015-01-01
884,2017,153,19947.204828759688,12.535,27.86,1.5385642487244846,2.965538194444445,4.08,1.3,0.0,1,884,2015-01-01
885,2017,154,21772.30176465742,12.415,25.76,1.4361212068253422,3.3338715277777777,4.08,1.3,0.0,1,885,2015-01-01
886,2017,155,22000.70666147491,12.22,29.22,1.5889587213582157,1.2080729166666666,4.08,1.3,0.0,1,886,2015-01-01
887,2017,156,21654.174361536643,15.38,32.0,1.903749106345732,1.6464062499999998,4.08,1.3,0.0,1,887,2015-01-01
888,2017,157,21305.88315908424,17.4,31.33,1.9824463670025896,3.5871527777777774,4.08,1.3,0.0,1,888,2015-01-01
889,2017,158,20409.98867738116,20.22,33.08,2.270308642695668,3.332795138888889,4.08,1.3,0.0,1,889,2015-01-01
890,2017,159,20657.610009838125,16.38,34.57,2.1180371226316312,1.8691666666666664,4.08,1.3,0.0,1,890,2015-01-01
891,2017,160,22000.70666147491,16.06,33.33,2.0219427723997563,2.565086805555556,4.08,1.3,0.0,1,891,2015-01-01
892,2017,161,20527.90926896961,17.14,34.24,2.1452146762377,1.4798090277777778,4.08,1.3,0.0,1,892,2015-01-01
893,2017,162,21359.272112609706,18.1325,35.56,2.2966492522918287,1.290746527777778,4.08,1.3,0.0,1,893,2015-01-01
894,2017,163,22000.70666147491,17.6,32.99,2.095515154561649,2.6040104166666667,4.08,1.3,0.0,1,894,2015-01-01
895,2017,164,21994.530156812707,16.54,33.59,2.0670411264651603,2.867326388888889,4.08,1.3,0.0,1,895,2015-01-01
896,2017,165,21784.402151345883,16.61,32.84,2.025567149752339,2.3608680555555552,4.08,1.3,1.0,1,896,2015-01-01
897,2017,166,19636.348069945525,19.8725,35.13,2.386499980297488,3.048871527777778,4.08,1.3,0.0,1,897,2015-01-01
898,2017,167,21106.56492926024,18.273333333333333,33.44,2.1664912072786997,1.8846354166666663,4.08,1.3,0.0,1,898,2015-01-01
899,2017,168,20712.38836625569,16.38,31.04,1.9060410823599956,2.972465277777778,4.08,1.3,0.0,1,899,2015-01-01
900,2017,169,20469.099347820807,16.73,32.04,1.9848207840693537,1.59984375,4.08,1.3,0.0,1,900,2015-01-01
901,2017,170,22000.70666147491,20.68,34.86,2.424242522127721,1.27828125,4.08,1.3,0.0,1,901,2015-01-01
902,2017,171,22000.70666147491,22.15,35.23,2.5574080473774368,1.5288715277777778,4.08,1.3,0.0,1,902,2015-01-01
903,2017,172,22000.70666147491,18.6025,34.57,2.2618089641089947,2.9021180555555555,4.08,1.3,0.0,1,903,2015-01-01
904,2017,173,22000.70666147491,17.35,32.55,2.052931058334196,2.9378819444444444,4.08,1.3,0.0,1,904,2015-01-01
905,2017,174,21985.244500790883,14.583333333333332,29.74,1.735562697431321,3.455295138888889,4.08,1.3,0.0,1,905,2015-01-01
906,2017,175,21929.114117041885,14.53,31.68,1.8377641376045315,2.127934027777778,4.08,1.3,0.0,1,906,2015-01-01
907,2017,176,18075.719711348924,17.67,32.6,2.07567120236018,2.155486111111111,4.08,1.3,1.0,1,907,2015-01-01
908,2017,177,17692.69153086709,18.39,31.89,2.076288836739775,1.9338541666666669,8.19125,1.3,1.0,1,908,2015-01-01
909,2017,178,21863.9713757469,18.75,33.62,2.2089446066599465,1.993142361111111,12.0,1.3,0.0,1,909,2015-01-01
910,2017,179,22000.70666147491,22.49,36.18,2.654522912984544,2.0377604166666665,12.0,1.3,0.0,1,910,2015-01-01
911,2017,180,21884.638363147085,19.07,38.13,2.5441060441418983,3.167309027777778,12.0,1.3,0.0,1,911,2015-01-01
912,2017,181,21196.455058167165,17.87833333333333,35.63,2.284256893689388,2.6566666666666667,12.0,1.3,0.0,1,912,2015-01-01
913,2017,182,16937.712482899467,17.83,33.91,2.168201247505828,2.600763888888889,12.0,1.3,2.0,1,913,2015-01-01
914,2017,183,15752.089783039855,19.45,33.21,2.227922637246471,2.620555555555556,12.0,1.3,2.0,1,914,2015-01-01
915,2017,184,18018.06220247533,21.52,35.9,2.560372253451487,2.1445833333333333,12.0,1.3,1.0,1,915,2015-01-01
916,2017,185,20736.6029833559,21.79,35.81,2.57374820920798,1.3940104166666667,12.0,1.3,0.0,1,916,2015-01-01
917,2017,186,19307.346847519417,22.24,38.27,2.798588747304695,1.7212326388888888,12.0,1.3,1.0,1,917,2015-01-01
918,2017,187,21011.13446371276,21.31,36.47,2.587184928057682,1.8183680555555557,12.0,1.3,0.0,1,918,2015-01-01
919,2017,188,15425.555294010212,20.01,36.59,2.500199892052557,2.80484375,12.0,1.3,2.0,1,919,2015-01-01
920,2017,189,13594.203419846011,20.905,34.76,2.433093968896564,2.4967708333333336,12.0,1.3,3.0,1,920,2015-01-01
921,2017,190,15394.611863935112,20.14,35.71,2.4462457445546293,1.7434722222222223,12.0,1.3,3.0,1,921,2015-01-01
922,2017,191,14477.99059797234,22.10333333333333,36.8,2.672427304837369,2.196979166666667,12.0,1.3,3.0,1,922,2015-01-01
923,2017,192,18720.900456656516,18.65083333333333,34.56,2.2643615035706093,2.8917187500000003,12.0,1.3,2.0,1,923,2015-01-01
924,2017,193,15747.86067864806,16.438333333333333,31.25,1.921478772921093,2.875590277777777,8.3525,1.3,2.0,1,924,2015-01-01
925,2017,194,16783.76018580063,16.25,27.6,1.71071479089207,1.8246006944444444,3.87875,1.3,3.0,1,925,2015-01-01
926,2017,195,18146.29921857024,17.83,29.87,1.9221524444949012,1.4886979166666667,2.64,1.3,2.0,1,926,2015-01-01
927,2017,196,16467.539304022124,20.26,32.65,2.244396878481558,1.2468923611111111,6.60125,1.3,1.0,1,927,2015-01-01
928,2017,197,18133.41472785501,20.2,34.55,2.3689471199762915,1.5389756944444446,10.56,1.3,1.0,1,928,2015-01-01
929,2017,198,19965.86433984438,21.18,35.0,2.4698593788377927,1.36828125,10.56,1.3,1.0,1,929,2015-01-01
930,2017,199,19659.595188798856,21.69,34.67,2.48282298145345,1.4263715277777778,10.56,1.3,0.0,1,930,2015-01-01
931,2017,200,21960.78110771204,21.42,34.7,2.4655512914195894,1.3449305555555555,10.56,1.3,0.0,1,931,2015-01-01
932,2017,201,21893.19890962164,22.58,35.5,2.6097151178710325,1.5173263888888888,10.56,1.3,0.0,1,932,2015-01-01
933,2017,202,21815.3849220206,21.67,37.05,2.658350759112384,1.5086631944444444,10.56,1.3,0.0,1,933,2015-01-01
934,2017,203,21868.576990861897,22.04,36.79,2.6667889256925537,1.667326388888889,10.56,1.3,0.0,1,934,2015-01-01
935,2017,204,22000.70666147491,21.89,35.49,2.5574080473774377,1.8278125,10.56,1.3,0.0,1,935,2015-01-01
936,2017,205,21931.97449242288,22.4175,37.0,2.7122520768048037,2.0069791666666665,10.56,1.3,0.0,1,936,2015-01-01
937,2017,206,21794.76287312622,20.79,36.21,2.5293966952703903,2.752621527777778,10.56,1.3,0.0,1,937,2015-01-01
938,2017,207,20827.64686228106,20.5125,36.97,2.5650098107144514,1.972986111111111,10.56,1.3,0.0,1,938,2015-01-01
939,2017,208,17708.688537314607,20.49,36.76,2.547794991534196,1.58078125,10.56,1.3,1.0,1,939,2015-01-01
940,2017,209,21981.14076370176,20.56,37.55,2.6119774968949128,2.146232638888889,10.56,1.3,0.0,1,940,2015-01-01
941,2017,210,21746.02799691017,24.31,38.81,3.014584190801954,1.689722222222222,10.56,1.3,0.0,1,941,2015-01-01
942,2017,211,15028.3720948607,23.271666666666665,36.21,2.7172581469137795,1.6157291666666669,10.56,1.3,3.0,1,942,2015-01-01
943,2017,212,17611.21470422816,21.48,34.72,2.4712968633746346,1.9586805555555555,10.56,1.3,1.0,1,943,2015-01-01
944,2017,213,22000.70666147491,18.85333333333333,34.18,2.252563194422307,2.115399305555556,10.56,1.3,0.0,1,944,2015-01-01
945,2017,214,21900.30215372408,18.47,32.61,2.1262217565866397,1.8552604166666669,10.56,1.3,0.0,1,945,2015-01-01
946,2017,215,21469.457994045857,19.16,33.48,2.226609261610815,1.382847222222222,10.56,1.3,0.0,1,946,2015-01-01
947,2017,216,20982.670817528728,20.68,34.25,2.381448497510553,1.1614756944444444,10.56,1.3,0.0,1,947,2015-01-01
948,2017,217,21781.898694918516,20.91333333333333,34.95,2.4471960066501697,1.582638888888889,10.56,1.3,0.0,1,948,2015-01-01
949,2017,218,19067.09824452296,19.96,35.03,2.385628369909983,1.9886631944444444,10.56,1.3,0.0,1,949,2015-01-01
950,2017,219,21854.24897663361,20.35,34.37,2.366869122938513,1.1092708333333334,10.56,1.3,0.0,1,950,2015-01-01
951,2017,220,21739.702686518394,20.43,35.48,2.450524455132137,1.1534722222222222,10.56,1.3,0.0,1,951,2015-01-01
952,2017,221,21735.79663649344,20.11,35.57,2.4341580309360475,1.95328125,10.56,1.3,0.0,1,952,2015-01-01
953,2017,222,19720.119114575904,19.91,32.99,2.2437358767362183,2.535989583333333,10.56,1.3,1.0,1,953,2015-01-01
954,2017,223,19364.01689876099,19.136666666666667,32.36,2.152640650585448,1.7009201388888888,10.56,1.3,1.0,1,954,2015-01-01
955,2017,224,18916.693853982502,18.72,33.04,2.1694845495759134,1.30859375,10.56,1.3,1.0,1,955,2015-01-01
956,2017,225,17604.726332460585,21.11,34.16,2.4052190230867363,1.792777777777778,7.237083333333334,1.3,1.0,1,956,2015-01-01
957,2017,226,20279.319876065867,22.24,36.26,2.6415440764499265,1.489965277777778,3.6,1.3,1.0,1,957,2015-01-01
958,2017,227,20231.17373497372,20.366666666666667,34.83,2.400074646923746,1.6831423611111112,3.6,1.3,0.0,1,958,2015-01-01
959,2017,228,21449.395566275467,19.59,34.82,2.3454892600304644,2.198732638888889,3.6,1.3,0.0,1,959,2015-01-01
960,2017,229,14515.0277678026,19.11,33.82,2.2457193909842967,1.9665798611111112,3.6,1.3,3.0,1,960,2015-01-01
961,2017,230,20045.154594772208,20.098333333333333,35.77,2.4475524377764275,2.128524305555556,3.6,1.3,1.0,1,961,2015-01-01
962,2017,231,20714.812591411323,19.6,34.34,2.313395449444483,1.6766666666666667,3.6,1.3,0.0,1,962,2015-01-01
963,2017,232,21068.616335230185,20.21,33.32,2.285711788277571,1.8134722222222224,3.6,1.3,0.0,1,963,2015-01-01
964,2017,233,21685.77227444361,22.74,34.24,2.527929839378328,2.2002777777777776,3.6,1.3,0.0,1,964,2015-01-01
965,2017,234,21803.978046185,22.46,34.7,2.5411582337363128,2.0823784722222225,3.6,1.3,0.0,1,965,2015-01-01
966,2017,235,21877.56239875081,22.45,35.74,2.6180188516807275,2.1353819444444446,3.6,1.3,0.0,1,966,2015-01-01
967,2017,236,21640.181384901836,21.65,35.69,2.5544468280162813,1.792465277777778,3.6,1.3,0.0,1,967,2015-01-01
968,2017,237,18649.996254264068,19.12,34.75,2.308648399232316,1.7547048611111111,3.6,1.3,1.0,1,968,2015-01-01
969,2017,238,21932.35047250264,17.615000000000002,31.54,2.007801695554225,1.3402256944444444,3.6,1.3,0.0,1,969,2015-01-01
970,2017,239,21994.530156812707,16.8,30.8,1.9163847982643556,1.8249652777777776,3.6,1.3,0.0,1,970,2015-01-01
971,2017,240,21980.039674074724,17.41,30.73,1.9477104084015533,2.69171875,3.6,1.3,0.0,1,971,2015-01-01
972,2017,241,22000.70666147491,18.7,32.38,2.1262217565866397,1.8147916666666664,3.6,1.3,0.0,1,972,2015-01-01
973,2017,242,22000.70666147491,19.55,35.51,2.390512960649438,1.574826388888889,3.6,1.3,0.0,1,973,2015-01-01
974,2017,243,21980.039674074724,20.44833333333333,35.61,2.461130352754354,1.4972222222222222,3.6,1.3,0.0,1,974,2015-01-01
975,2017,244,22000.70666147491,20.15,35.04,2.399607451789921,1.218715277777778,3.6,1.3,0.0,1,975,2015-01-01
976,2017,245,22000.70666147491,20.4,33.82,2.3324687761763987,1.6779513888888888,3.6,1.3,0.0,1,976,2015-01-01
977,2017,246,21964.9103892584,20.78,34.86,2.431321432054535,2.031909722222222,3.6,1.3,1.0,1,977,2015-01-01
978,2017,247,20731.56283272929,19.616666666666667,34.18,2.303684401635542,2.133836805555555,3.6,1.3,0.0,1,978,2015-01-01
979,2017,248,21773.054153910856,19.2,34.09,2.269640997065313,1.3736805555555556,3.6,1.3,0.0,1,979,2015-01-01
980,2017,249,20523.59931048482,20.76,34.7,2.4185923208614777,1.7184548611111112,3.6,1.3,0.0,1,980,2015-01-01
981,2017,250,20969.247146068872,21.04,34.76,2.442685122068108,1.5458506944444443,3.6,1.3,0.0,1,981,2015-01-01
982,2017,251,20010.29159826148,16.93,33.17,2.0651959004547558,2.351371527777778,3.6,1.3,1.0,1,982,2015-01-01
983,2017,252,21949.77575641344,16.45,31.92,1.9611878683408013,1.415625,3.6,1.3,0.0,1,983,2015-01-01
984,2017,253,20454.968471027594,18.47,33.64,2.192049744774626,1.2755208333333334,3.6,1.3,0.0,1,984,2015-01-01
985,2017,254,18442.31969327556,19.554166666666667,34.17,2.2987859550980683,1.7329166666666669,3.6,1.3,1.0,1,985,2015-01-01
986,2017,255,19201.842864501024,17.9375,31.59,2.030257022205261,1.5716145833333333,3.6,1.3,1.0,1,986,2015-01-01
987,2017,256,21474.35905889423,17.45,31.94,2.0219427723997563,1.330815972222222,3.6,1.3,0.0,1,987,2015-01-01
988,2017,257,21642.30303380951,16.94,32.06,1.9985218830730336,1.5975694444444446,3.6,1.3,0.0,1,988,2015-01-01
989,2017,258,21979.00329028818,15.91,30.83,1.8674031783604648,1.0628993055555556,3.6,1.3,0.0,1,989,2015-01-01
990,2017,259,21932.08807959797,14.185833333333331,32.22,1.8486674814408293,1.85515625,3.6,1.3,0.0,1,990,2015-01-01
991,2017,260,20814.083588697147,13.83,29.17,1.6668728184260513,1.8710763888888888,3.6,1.3,0.0,1,991,2015-01-01
992,2017,261,21963.165149524397,12.91,28.26,1.5758018462404153,1.036232638888889,3.6,1.3,0.0,1,992,2015-01-01
993,2017,262,21977.655632262373,12.89,29.7,1.646078775653909,1.29890625,3.6,1.3,0.0,1,993,2015-01-01
994,2017,263,21999.67027768837,13.47,30.92,1.739087603766044,1.4252430555555555,3.6,1.3,0.0,1,994,2015-01-01
995,2017,264,21680.091114158804,12.67,30.63,1.6822330222742206,1.6886458333333332,3.6,1.3,0.0,1,995,2015-01-01
996,2017,265,21198.52247771161,13.87,30.3,1.7274790838879006,1.6936631944444445,3.6,1.3,0.0,1,996,2015-01-01
997,2017,266,20958.774225279183,17.34,31.48,1.9877922936104735,1.9876388888888887,3.6,1.3,0.0,1,997,2015-01-01
998,2017,267,21975.806096210697,17.04,30.97,1.940128514691117,2.796475694444444,3.6,1.3,0.0,1,998,2015-01-01
999,2017,268,19992.120885334916,14.629166666666666,29.33,1.7164178180434329,1.895486111111111,3.6,1.3,1.0,1,999,2015-01-01
1000,2017,269,20008.57564363623,12.69,27.48,1.5278984768381727,1.6805208333333337,3.6,1.3,1.0,1,1000,2015-01-01
